-0.00431920627683421,0.00330755498559172,0.932981312274933,0.0185466911643744,0.0271222125738859,-1.70987040201296,-0.0647880941525131,0.0496133247838759,-0.0219746269487708,-0.116844154335558,-0.170869939215481,10.7721835326816,2.60160255432129,0.251255691051483,0.909461438655853,0.0164899441659603,-0.0281276798126913,-0.0691078652368002,0.0262612562913173,0.0198535814217719,0.0349912762279951,0.000439674414384519,-0.000226704023216787,-0.0004352006172137,0,0,0,0,10934.5,7.0355421
-0.00647880941525131,0.00496133247838759,0.932981312274933,0.0185466911643744,0.0271222125738859,-1.70987040201296,-0.0647880941525131,0.0496133247838759,-0.0219746269487708,-0.0817909080348909,-0.119608957450837,7.54052847287715,2.59266591072083,0.249505802989006,0.910313129425049,0.00315248161609495,-0.0277650987696446,-0.0783383581670992,-0.127666337150015,-0.0249984008926341,0.0121670109885585,-0.190535179284583,0.00517972918640384,-0.131864184719106,0,0,0,0,10934.57,7.1023557
-0.00863841255366841,0.00661510997118345,0.932981312274933,0.0185466911643744,0.0271222125738859,-1.70987040201296,-0.0647880941525131,0.0496133247838759,-0.0219746269487708,-0.0572536356244236,-0.0837262702155858,5.27836993101401,2.5847761631012,0.246287614107132,0.912565171718597,-0.00172352940963466,-0.0173557986063222,-0.0705252297707829,-0.131495793657611,-0.0536364813633973,0.0375340382249904,-0.0812668504270528,0.173488336051586,0.13021880660243,0,0,0,0,10934.63,7.169838
-0.0115101826583303,0.00639443179702795,0.932981312274933,0.0185466911643744,0.0271222125738859,-1.70987040201296,-0.086153103139858,-0.00662034522466484,-0.032854127314447,-0.0400775449370965,-0.0586083891509101,3.6948589517098,2.57559561729431,0.242836326360703,0.914322316646576,0.00357721902313192,-0.0100335532850199,-0.0686263061051709,-0.131150654384613,-0.0493041106634828,0.0251020703997974,0.0757249776112659,0.104603504590468,0.027127480937427,0,0,0,0,10934.7,7.2365587
-0.0143819527629923,0.00617375362287246,0.932981312274933,0.0185466911643744,0.0271222125738859,-1.70987040201296,-0.086153103139858,-0.00662034522466484,-0.032854127314447,-0.0280542814559676,-0.041025872405637,2.58640126619686,2.56779646873474,0.240257382392883,0.91604870557785,0.00108901420937135,-0.000700426649266444,-0.061418661528353,-0.129985809327275,-0.0429823994640184,0.0287731488548178,-0.0414700802296949,0.155552110597212,0.120127409614651,0,0,0,0,10934.76,7.3032406
-0.0172604974796341,0.00594660664011434,0.940706431865692,0.0144755970686674,0.0239397995173931,-1.7091272513019,-0.0863563414992553,-0.00681440948274362,-0.102098096332625,0.0170018498421852,-7.63931755106764e-05,1.80379252993827,2.55773186683655,0.237650737166405,0.917339146137238,-0.0198450220986117,-0.0111440031646206,-0.0660303616257188,-0.143780027117646,-0.0372377889498488,0.0184348651341796,-0.299057661543858,-0.149193950219966,-0.0658814299626421,0,0,0,0,10934.83,7.3699202
-0.0205465914167701,0.00547768813986972,0.946601033210754,0.0144755970686674,0.0239397995173931,-1.7091272513019,-0.098582818114079,-0.0140675550073384,-0.0844419146270009,0.0119012948895296,-5.34752228574735e-05,1.26265477095679,2.54660487174988,0.23596203327179,0.916297793388367,0.00292023153892172,-0.0136799524400513,-0.0751826106768606,-0.158957072667374,-0.0241243413517456,-0.014876467841074,0.325217909108972,-0.0362278467920171,-0.130746415016856,0,0,0,0,10934.9,7.4366529
-0.0238326853539061,0.00500876963962511,0.946601033210754,0.0144755970686674,0.0239397995173931,-1.7091272513019,-0.098582818114079,-0.0140675550073384,-0.0313905025214406,0.00833090642267073,-3.74326560002314e-05,0.883858339669751,2.53852796554565,0.233419522643089,0.917715609073639,0.00990035495449217,-0.0175665268787817,-0.0791058242629848,-0.134615103400789,-0.0423751771440793,0.0236302614206878,0.116335390256968,-0.0647762406440936,-0.065386893100643,0,0,0,0,10934.96,7.5033346
-0.027118779291042,0.0045398511393805,0.946601033210754,0.0144755970686674,0.0239397995173931,-1.7091272513019,-0.098582818114079,-0.0140675550073384,-0.0313905025214406,0.00583163449586951,-2.6202859200162e-05,0.618700837768826,2.52805066108704,0.231936484575272,0.917519807815552,0.0110193261015046,-0.0284163844884974,-0.0856129314264655,-0.149675777980882,-0.0211862581117693,-0.00279716082982818,0.0159853021002441,-0.154997965853725,-0.0929586737643959,0,0,0,0,10935.03,7.5700155
-0.0290147524049655,0.00489164604196455,0.946861624717712,0.0144755970686674,0.0239397995173931,-1.7091272513019,-0.0568791934177034,0.0105538470775217,-0.0305480762100998,0.00408214414710866,-1.83420014401134e-05,0.433090586438178,2.51849508285522,0.227720856666565,0.918796956539154,0.00840824740906474,-0.0197117526523803,-0.0743880722229748,-0.136508260455018,-0.060223255838917,0.0182449817658229,-0.0373011241778675,0.124351883373619,0.160355131479106,0,0,0,0,10935.1,7.636772
-0.0309107255188889,0.00524344094454861,0.946861624717712,0.0144755970686674,0.0239397995173931,-1.7091272513019,-0.0568791934177034,0.0105538470775217,-0.0282027526474777,0.00285750090297606,-1.28394010080794e-05,0.303163410506725,2.50871658325195,0.225092619657516,0.919096529483795,0.00560625807518901,-0.0223923483434193,-0.0767988800355598,-0.139692851475888,-0.0375462429865627,0.00427961349489084,-0.040028419055534,-0.03829422415786,-0.0344401116085013,0,0,0,0,10935.17,7.7034522
-0.032810132364111,0.00558054297844038,0.946861624717712,0.0134527655318379,0.0127848358824849,-1.70911962190737,-0.0569822053566612,0.0101130610167531,-0.0281799884963215,0.0112057344635485,0.100385685133468,0.212145722803926,2.50035214424133,0.222056746482849,0.91986072063446,0.00627352689308741,-0.0215360311341455,-0.0748688845228059,-0.139407316844852,-0.0505978862448855,0.0127365191778628,0.0111211469650678,0.0142719534880177,0.0321665918795052,0,0,0,0,10935.23,7.7702009
-0.0337451815250296,0.00623533018641436,0.960712254047394,0.0114800445735455,0.0138694988563657,-1.7087188402759,-0.0280514748275582,0.0196436162392194,-0.15801356542099,0.0255985027491163,0.0605080128285008,0.144894971279521,2.49042129516602,0.220359593629837,0.918543100357056,0.0084488671602043,-0.0221943370930945,-0.0748470245665704,-0.141869272501437,-0.0242450407567863,-0.0188231468196575,0.031076289529563,-0.00940437084192307,0.000312285089072245,0,0,0,0,10935.3,7.8369217
-0.0346802306859482,0.00689011739438834,0.960712254047394,0.0114800445735455,0.0138694988563657,-1.7087188402759,-0.0280514748275582,0.0196436162392194,-0.0333579014538576,0.0179189519243814,0.0423556089799506,0.101426479895664,2.48156237602234,0.218557894229889,0.918338358402252,0.0133323912680904,-0.0206415686711915,-0.0746188085549418,-0.147648652395866,-0.0300283233327236,-0.00341236591342008,0.0813920684654585,0.0258794736986034,0.00380360019384166,0,0,0,0,10935.36,7.9036053
-0.0356152798468668,0.00754490460236232,0.960712254047394,0.0114800445735455,0.0138694988563657,-1.7087188402759,-0.0280514748275582,0.0196436162392194,-0.0333579014538576,0.012543266347067,0.0296489262859654,0.0709985359269651,2.4716854095459,0.215385243296623,0.917056024074554,0.0116648108219676,-0.0190476829354413,-0.0753975157543063,-0.141099521092593,-0.0453235847611268,-0.0183190618243298,-0.0238225778018532,0.0227697962250971,-0.0111243885623963,0,0,0,0,10935.43,7.9702586
-0.0359848758770408,0.00818488808871697,0.965492844581604,0.013628326356411,0.0158532243221998,-1.70848137537111,-0.0110878809052199,0.0191995045906397,-0.0650732499554445,-0.0105542496028428,0.0029007192076685,0.0475617910058092,2.46187806129456,0.213207483291626,0.914841115474701,0.0173486688249586,-0.0179294330624056,-0.076969214041283,-0.140104975019765,-0.0311108572143758,-0.0316415514266103,0.0811979714716374,0.0159749981862912,-0.0224528326711883,0,0,0,0,10935.5,8.0370827
-0.0363544719072148,0.00882487157507163,0.965492844581604,0.013628326356411,0.0158532243221998,-1.70848137537111,-0.0110878809052199,0.0191995045906397,-0.0220479351475526,-0.00738797472198998,0.00203050344536795,0.0332932537040664,2.45132803916931,0.210968792438507,0.912872791290283,0.00634772785973645,-0.0184245369446591,-0.0751969436537196,-0.150714601789829,-0.0319812979018315,-0.0281189169203701,-0.157156299503826,-0.00707291260365053,0.0253181483938672,0,0,0,0,10935.57,8.1038096
-0.0367240679373888,0.00946485506142629,0.965492844581604,0.013628326356411,0.0158532243221998,-1.70848137537111,-0.0110878809052199,0.0191995045906397,-0.0220479351475526,-0.00517158230539299,0.00142135241175756,0.0233052775928465,2.44255352020264,0.209378153085709,0.91106641292572,0.000476338887173708,-0.015929979104523,-0.0705909438861847,-0.146241982774721,-0.0265106558793957,-0.0301063060753926,-0.0978564828739097,0.0415759640013599,0.0767666627905726,0,0,0,0,10935.63,8.1705488
-0.0370936639675628,0.0101048385477809,0.965492844581604,0.013628326356411,0.0158532243221998,-1.70848137537111,-0.0110878809052199,0.0191995045906397,-0.0220479351475526,-0.00362010761377509,0.000994946688230295,0.0163136943149925,2.43226361274719,0.208331719040871,0.908834099769592,0.00415686698342574,-0.00912001177746808,-0.0689574262420563,-0.14699867793553,-0.0149490577834615,-0.0318901879448173,0.0525789728038191,0.0972852475297609,0.0233359663447897,0,0,0,0,10935.7,8.237266
-0.0374632599977367,0.0107448220341356,0.965492844581604,0.013628326356411,0.0158532243221998,-1.70848137537111,-0.0110878809052199,0.0191995045906397,-0.0220479351475526,-0.00253407532964256,0.000696462681761207,0.0114195860204948,2.42397952079773,0.20573316514492,0.908261477947235,0.0059284686896763,-0.0146419576241704,-0.0746059719237177,-0.138068199158887,-0.0433092315995396,-0.00954369703936731,0.0295266951044266,-0.0920324307791532,-0.0941424280284907,0,0,0,0,10935.76,8.3039648
-0.0356581249036842,0.0112115493580941,0.955431342124939,0.012227913364768,0.0125536434352398,-1.70786291757693,0.0541540528215771,0.0140018197187556,0.0735501234949615,0.0108298641940368,0.0301837518598731,0.00242759006664126,2.41368865966797,0.202573388814926,0.906472682952881,0.0134252066983322,-0.0127484321493526,-0.0746905421709505,-0.147012301854336,-0.0451396618572477,-0.0255542142051669,0.107096257266958,0.0270503639260806,-0.00120814638904477,0,0,0,0,10935.83,8.3706893
-0.0345257386139164,0.010533292328716,0.969448328018188,0.012227913364768,0.0125536434352398,-1.70786291757693,0.0339715886930335,-0.0203477108813428,-0.147776741213726,0.00758090493582574,0.0211286263019112,0.00169931304664889,2.40350699424744,0.200666666030884,0.904170393943787,0.0117709952473639,-0.0177918987575263,-0.0758017996095122,-0.145452363151065,-0.0272388969150041,-0.0328898429871973,-0.0236315921567883,-0.0720495229742086,-0.0158751062652328,0,0,0,0,10935.9,8.437389
-0.0333933523241486,0.00985503529933794,0.969448328018188,0.012227913364768,0.0125536434352398,-1.70786291757693,0.0339715886930335,-0.0203477108813428,-0.0216238681744802,0.00530663345507802,0.0147900384113378,0.00118951913265422,2.39451694488525,0.199204087257385,0.902064263820648,0.00428261374211846,-0.0234565674337318,-0.0772852916123919,-0.149834156033106,-0.0243763128911102,-0.0351021687182076,-0.124806358418033,-0.0944111446013655,-0.0247248667141227,0,0,0,0,10935.96,8.5041052
-0.0322609660343808,0.00917677826995985,0.969448328018188,0.012227913364768,0.0125536434352398,-1.70786291757693,0.0339715886930335,-0.0203477108813428,-0.0216238681744802,0.00371464341855461,0.0103530268879365,0.000832663392857954,2.38401317596436,0.198343887925148,0.899550378322601,0.0107459173565589,-0.0238451137618326,-0.0787307057315223,-0.150053841727744,-0.0122885618891546,-0.0359126499722475,0.0923329087781039,-0.00555066183003361,-0.0206487731305196,0,0,0,0,10936.03,8.5707925
-0.032698498860544,0.00747213259722656,0.969448328018188,0.012227913364768,0.0125536434352398,-1.70786291757693,-0.0131259847848958,-0.0511393701819985,-0.0117868486673552,0.00260025039298823,0.00724711882155553,0.000582864375000568,2.37342238426208,0.195691227912903,0.898170173168182,0.00703745299036571,-0.0227774218846876,-0.0802097030350239,-0.151297024318779,-0.0378951430322315,-0.0197172164917812,-0.0529780623744082,0.0152527411021344,-0.0211285329072539,0,0,0,0,10936.1,8.6374828
-0.0331360316867072,0.00576748692449328,0.969448328018188,0.012227913364768,0.0125536434352398,-1.70786291757693,-0.0131259847848958,-0.0511393701819985,-0.0117868486673552,0.00182017527509176,0.00507298317508887,0.000408005062500397,2.36257147789001,0.194597706198692,0.897853672504425,0.00972671214416164,-0.023922478316707,-0.0863281419522001,-0.155012948173078,-0.0156217387745008,-0.00452143805369486,0.0384179879115302,-0.0163579490289165,-0.0874062702457365,0,0,0,0,10936.17,8.7042309
-0.0335693058288428,0.00406433023180785,0.95638233423233,0.0158102083951235,0.0165914501994848,-1.70667058626284,-0.012998224264067,-0.0510947007805628,0.105643925395361,-0.0309665325806349,-0.0327891726556431,-0.010445378283032,2.35427236557007,0.1924017816782,0.899259507656097,0.019880608984857,-0.022752136292061,-0.0857724223856484,-0.138318538666946,-0.0365987420085199,0.0234305858614049,0.169231614013025,0.0195057004109329,0.00926199277593898,0,0,0,0,10936.23,8.7709658
-0.0342198576515308,0.00346281358489521,0.932355761528015,0.0158102083951235,0.0165914501994848,-1.70667058626284,-0.0195165546806417,-0.0180454994073792,0.198734561777703,-0.0216765728064444,-0.0229524208589502,-0.00731176479812236,2.34243869781494,0.192048639059067,0.899074494838715,0.00831108072888286,-0.0168412750774894,-0.0750818327418137,-0.169052396498124,-0.00504489455893267,-0.0026430402482682,-0.165278975081737,0.0844408744920365,0.152722709194305,0,0,0,0,10936.3,8.8377328
-0.0348704094742189,0.00286129693798257,0.932355761528015,0.0158102083951235,0.0165914501994848,-1.70667058626284,-0.0195165546806417,-0.0180454994073792,-0.0175045925611336,-0.0151736009645111,-0.0160666946012651,-0.00511823535868565,2.33302640914917,0.190810263156891,0.900691330432892,0.00495307575545677,-0.0193627456178506,-0.073830946207055,-0.15687147776419,-0.0206395983697736,0.0269472599031828,-0.0559667495575766,-0.0420245090063779,0.0208481089128225,0,0,0,0,10936.36,8.9044691
-0.035518651149106,0.00225843523170903,0.932355761528015,0.0185093879699707,0.0155848590657115,-1.70630556741823,-0.0194472502466151,-0.0180858511882062,-0.0175219729706478,-0.0349141368487828,-0.00218736601692563,-0.00686793435252039,2.32221102714539,0.188605979084969,0.903133749961853,0.00716178772814717,-0.0177584095545092,-0.0754621403561355,-0.154505457197559,-0.0314897724561638,0.0348917075567334,0.0315530281814225,0.022919086619259,-0.0233027735583896,0,0,0,0,10936.43,8.9711786
-0.0359913555837076,0.000930889868078492,0.942323207855225,0.0185093879699707,0.0155848590657115,-1.70630556741823,-0.0141811330380468,-0.0398263609089162,-0.129463604124844,-0.0244398957941479,-0.00153115621184794,-0.00480755404676427,2.31148600578308,0.186251819133759,0.905400395393372,0.0136544464643271,-0.0147886225705436,-0.0763363473998785,-0.153214590890704,-0.0336308564459973,0.0323806490218283,0.0927522676600988,0.0424255283425419,-0.0124886720535235,0,0,0,0,10936.5,9.0378477
-0.0364640600183092,-0.000396655495552047,0.942323207855225,0.0185093879699707,0.0155848590657115,-1.70630556741823,-0.0141811330380468,-0.0398263609089162,-0.0397565871799588,-0.0171079270559035,-0.00107180934829356,-0.00336528783273499,2.30062794685364,0.184419870376587,0.906508326530457,0.0134696967690002,-0.0153472612242527,-0.076653291953069,-0.155115127564121,-0.0261706965311321,0.0158275876727081,-0.00263928136182343,-0.00798055219587775,-0.00452777933131238,0,0,0,0,10936.57,9.1045366
-0.0369366265187969,-0.00172168614281186,0.942323207855225,0.0188302639871836,0.0168204121291637,-1.70688921609987,-0.0141769950146312,-0.0397509194177945,-0.0397942885862707,-0.0148634330940483,-0.0118702441148757,0.00289713665185113,2.29105496406555,0.182304665446281,0.90787547826767,0.00586541819395397,-0.0211675890097789,-0.0766286329457303,-0.159549713131283,-0.0352534155043218,0.0227858622863882,-0.126737976248004,-0.0970054630899858,0.00041098345563549,0,0,0,0,10936.63,9.1712164
-0.0374091930192846,-0.00304671679007168,0.942323207855225,0.0188302639871836,0.0168204121291637,-1.70688921609987,-0.0141769950146312,-0.0397509194177945,-0.0397942885862707,-0.0104044031658338,-0.00830917088041298,0.00202799565629579,2.28027200698853,0.17959600687027,0.908585250377655,0.00540603226238028,-0.0233169511680311,-0.0799422487900471,-0.15404224395816,-0.0386951225146131,0.0101396015712615,-0.0065626561653657,-0.0307051736894452,-0.047337369204722,0,0,0,0,10936.7,9.2379475
-0.0378817595197723,-0.0043717474373315,0.942323207855225,0.0188302639871836,0.0168204121291637,-1.70688921609987,-0.0141769950146312,-0.0397509194177945,-0.0397942885862707,-0.00728308221608366,-0.00581641961628909,0.00141959695940705,2.26928853988647,0.176882967352867,0.909773886203766,0.00618555212145014,-0.022818353628458,-0.0803694088146614,-0.156906672887092,-0.0387577073916276,0.016980511801654,0.0111359979867587,0.00712282199393136,-0.00610228606594404,0,0,0,0,10936.77,9.3046236
-0.0388587728361049,-0.00559916402488657,0.947053849697113,0.0208392105996609,0.0152424182742834,-1.70797640482058,-0.0293103994899794,-0.0368224976266521,-0.0676976470231861,-0.0231786770635543,0.0101304509625206,0.0107784163579131,2.25957226753235,0.17507541179657,0.910172283649445,0.0109085993499151,-0.0178200666357793,-0.0791954343111783,-0.161937872570141,-0.0301259259385441,0.00663995742803488,0.0787174538084171,0.0833047832120189,0.0195662417248851,0,0,0,0,10936.83,9.3713214
-0.0409584930995079,-0.00657885572486592,0.944997251033783,0.0208392105996609,0.0152424182742834,-1.70797640482058,-0.062991607902089,-0.0293907509993807,-0.00193433794042517,-0.016225073944488,0.00709131567376445,0.00754489145053914,2.24832057952881,0.172688856720924,0.910580158233643,0.00148715419147729,-0.0225331343122655,-0.0813294745009161,-0.16073840005124,-0.0340936439379338,0.00582677977428134,-0.134592073692528,-0.0673295382357969,-0.0304862884249528,0,0,0,0,10936.9,9.4380612
-0.0430582133629109,-0.00755854742484528,0.944997251033783,0.0208392105996609,0.0152424182742834,-1.70797640482058,-0.062991607902089,-0.0293907509993807,-0.0204437259103959,-0.0113575517611416,0.00496392097163511,0.0052814240153774,2.23724484443665,0.170362919569016,0.911572992801666,0.000416589840437761,-0.0229638666366648,-0.0839454615187482,-0.158224787031559,-0.0332276735988364,0.0141833509718258,-0.0152937764434854,-0.00615331892001542,-0.0373712431120423,0,0,0,0,10936.97,9.5047856
-0.0451579336263138,-0.00853823912482464,0.944997251033783,0.0208392105996609,0.0152424182742834,-1.70797640482058,-0.062991607902089,-0.0293907509993807,-0.0204437259103959,-0.00795028623279912,0.00347474468014458,0.00369699681076418,2.227947473526,0.168522834777832,0.912435591220856,0.0141461464397285,-0.0181395495686556,-0.0760411862039997,-0.154956181840693,-0.0306680798523884,0.0143766403195104,0.228825943316517,0.080405284465064,0.1317379219096,0,0,0,0,10937.03,9.5714719
-0.0474182374996123,-0.00973933791053875,0.944997251033783,0.0208392105996609,0.0152424182742834,-1.70797640482058,-0.0678091161989544,-0.0360329635714234,-0.0284418888212813,-0.00556520036295938,0.00243232127610121,0.00258789776753493,2.21695733070374,0.166909724473953,0.913642406463623,0.00169747547977153,-0.00516054773151249,-0.0697712879799462,-0.157002040318733,-0.0230444329126499,0.0172402177538907,-0.177838156571553,0.185414311959959,0.0895699746297082,0,0,0,0,10937.1,9.6382065
-0.0496785413729108,-0.0109404366962529,0.944997251033783,0.0208392105996609,0.0152424182742834,-1.70797640482058,-0.0678091161989544,-0.0360329635714234,-0.0284418888212813,-0.00389564025407157,0.00170262489327084,0.00181152843727445,2.20753359794617,0.164650782942772,0.914928317070007,-0.00143004374288457,-0.00458677945917035,-0.0737277798664888,-0.157062212627473,-0.0376490255200085,0.0214318434399199,-0.0521253203780442,0.00956280453911687,-0.0659415314429375,0,0,0,0,10937.16,9.7048985
-0.0519416527067667,-0.0121404142549395,0.951716184616089,0.01880769059062,0.0155879464000463,-1.70813256898989,-0.0678933400156785,-0.0359993267605988,-0.0888346029699447,0.0155567319035174,-0.00191791570657687,0.00267354742989582,2.19612050056458,0.162118583917618,0.915801346302032,0.0111400253600334,0.00687323000881938,-0.0687041553097699,-0.163044248309132,-0.0361742717880663,0.0124718461718397,0.179572415756718,0.163714420971962,0.0717660650962836,0,0,0,0,10937.23,9.7716243
-0.0542047640406227,-0.0133403918136261,0.943735301494598,0.01880769059062,0.0155879464000463,-1.70813256898989,-0.0678933400156785,-0.0359993267605988,0.0434637473642228,0.0108897123324622,-0.00134254099460381,0.00187148320092708,2.18455958366394,0.160576343536377,0.917445838451385,0.00605913845563169,0.00268745481178999,-0.0682977953452438,-0.165155955719749,-0.0220320054458169,0.0234927449902447,-0.0725840986327257,-0.0597967885276861,0.00580514235024525,0,0,0,0,10937.3,9.8384431
-0.0564678753744786,-0.0145403693723127,0.943735301494598,0.01880769059062,0.0155879464000463,-1.70813256898989,-0.0678933400156785,-0.0359993267605988,-0.0283642007291916,0.00762279863272352,-0.000939778696222664,0.00131003824064895,2.17365860939026,0.158400520682335,0.91832435131073,0.00361133657917223,-0.000343893891216019,-0.0744394290534364,-0.155728203910385,-0.0310831836293014,0.0125501837049734,-0.0349685982352805,-0.0433049814716945,-0.0877376244031163,0,0,0,0,10937.37,9.9051843
-0.058738431929526,-0.015738587068566,0.943735301494598,0.0153684774413705,0.013038158416748,-1.71017533937563,-0.0681166966514202,-0.0359465308875976,-0.0281336726375628,0.0362888773861525,0.0222902467623289,0.019301960240134,2.16447997093201,0.157014176249504,0.92016077041626,0.00753427072227734,0.00432243440051385,-0.0726667852995926,-0.152977307638831,-0.0231057405473763,0.0306069850924229,0.0653822357189735,0.0777721381961579,0.0295440625643143,0,0,0,0,10937.43,9.9718788
-0.0611090231106119,-0.0173621780740132,0.9361572265625,0.0153684774413705,0.013038158416748,-1.71017533937563,-0.0711177354325764,-0.0487077301634156,0.0519137612071048,0.0254022141703067,0.0156031727336302,0.0135113721680938,2.15337181091309,0.155260190367699,0.921607434749603,0.00721839627623169,0.00392391469280476,-0.0725044474122854,-0.158688000270958,-0.025056941168753,0.0206666333335646,-0.00451249208638533,-0.00569313868158211,0.00231911267582716,0,-0.000376417149565459,0,0,10937.5,10.0385933
-0.0634796142916977,-0.0189857690794604,0.9361572265625,0.0153684774413705,0.013038158416748,-1.71017533937563,-0.0711177354325764,-0.0487077301634156,-0.0162889131817807,0.0177815499192147,0.0109222209135411,0.00945796051766564,2.1426305770874,0.154335469007492,0.923642992973328,0.000582448291557027,0.00114933149638973,-0.0720967793936149,-0.153446197510404,-0.0132103051458636,0.0290794031961833,-0.0947992569243178,-0.0396369028060937,0.00582382883817415,0,0.055298013921089,0,0,10937.57,10.1054591
-0.0658501489866,-0.020607188662244,0.9361572265625,0.0172486416995525,0.0134059367701411,-1.71103293100466,-0.0711160408470663,-0.04864258748351,-0.0163876236746996,-0.00447439338018815,0.00433554945894109,0.0143388970236208,2.13323974609375,0.15308690071106,0.925064563751221,0.010027542071514,0.0077321446453892,-0.0706770954337123,-0.156513849890789,-0.020809471606754,0.0236928462977006,0.157418229662514,0.10971355248093,0.0236613993311934,0,0.109419927524225,0,0,10937.63,10.1721385
-0.0682206836815022,-0.0222286082450277,0.9361572265625,0.0172486416995525,0.0134059367701411,-1.71103293100466,-0.0711160408470663,-0.04864258748351,-0.0163876236746996,-0.0031320753661317,0.00303488462125877,0.0100372279165346,2.12238788604736,0.152421221137047,0.925009250640869,0.00654631427203421,-0.0140843203018888,-0.077095598718789,-0.155026572091883,-0.00950970820022177,-0.000790187290739892,-0.0497318257070614,-0.31166378496241,-0.091692904072906,0,0.160704728597255,0,0,10937.7,10.238691
-0.0705912183764044,-0.0238500278278114,0.9361572265625,0.0172486416995525,0.0134059367701411,-1.71103293100466,-0.0711160408470663,-0.04864258748351,-0.0163876236746996,-0.00219245275629219,0.00212441923488114,0.00702605954157421,2.11178064346313,0.152285844087601,0.927149534225464,0.0071353176452045,-0.0151092521200113,-0.0785879990036792,-0.176787376405309,-0.00225628415745425,0.0356713930768816,0.00981672288625483,-0.0170821969688524,-0.0248733380817133,0,0.208225045729512,0,0,10937.76,10.3055352
-0.0733006716935335,-0.0249092796373928,0.944338142871857,0.0180398300290108,0.00996910128742456,-1.71185070673098,-0.0812835995138735,-0.0317775542874433,-0.0894637180358802,-0.00865541189452867,0.0324186128088658,0.0122782232159672,2.1014256477356,0.154295057058334,0.92997020483017,-0.00573469619758259,-0.0102488738898012,-0.0790455507221958,-0.14792851039403,0.0287030424391714,0.0402952943531077,-0.183857340612008,0.0694339747175752,-0.0065364531216932,0,0.250562629384526,0,0,10937.83,10.3722088
-0.0758818842126478,-0.0260416922221627,0.944338142871857,0.0180398300290108,0.00996910128742456,-1.71185070673098,-0.07743637557343,-0.0339723775430959,-0.0204363288191814,-0.00605878832617007,0.0226930289662061,0.00859475625117703,2.09263944625854,0.154011189937592,0.933397650718689,-0.00528537713793435,-0.0123657129532277,-0.0718953266074137,-0.12551716395839,-0.00405524458205683,0.0489635126933363,0.00641884370928722,-0.0302405580490753,0.102146058783026,0,0.28699534458047,0,0,10937.9,10.4389383
-0.0784630967317622,-0.0271741048069325,0.944338142871857,0.0180398300290108,0.00996910128742456,-1.71185070673098,-0.07743637557343,-0.0339723775430959,-0.0204363288191814,-0.00424115182831905,0.0158851202763443,0.00601632937582392,2.08208107948303,0.157136425375938,0.937236189842224,-0.0145793659726079,-0.00952061750546904,-0.0695230376467741,-0.15083381107938,0.044646220547998,0.0548362731935874,-0.132771269067317,0.0406442206824353,0.0338898422949925,0,0.316841888305937,0,0,10937.97,10.5056739
-0.0810443092508765,-0.0283065173917024,0.9309002161026,0.0180398300290108,0.00996910128742456,-1.71185070673098,-0.07743637557343,-0.0339723775430959,0.100505012104128,-0.00296880627982333,0.011119584193441,0.00421143056307674,2.07316184043884,0.159972846508026,0.940786600112915,-0.0153700256125503,-0.0110652506239635,-0.0721230945288265,-0.148653984066579,0.0472736855337632,0.0591735045102237,-0.0131776606654198,-0.0257438853076794,-0.0433342813665935,0,0.339699919541671,0,0,10938.03,10.5723832
-0.0826937614021828,-0.0308152602618442,0.9309002161026,0.0180398300290108,0.00996910128742456,-1.71185070673098,-0.0494835645391908,-0.0752622861042538,-0.031603021359865,-0.00207816439587633,0.00778370893540869,0.00294800139415372,2.06340169906616,0.16630232334137,0.945024967193604,-0.0170840382557259,-0.00750023302540122,-0.0699796239156664,-0.139430591038875,0.0904210976195689,0.0605481011529443,-0.0244858949026098,0.0509288228368161,0.0306210087595573,0,0.355451606079835,0,0,10938.1,10.6390643
-0.0843432135534892,-0.033324003131986,0.9309002161026,0.0180398300290108,0.00996910128742456,-1.71185070673098,-0.0494835645391908,-0.0752622861042538,-0.031603021359865,-0.00145471507711343,0.00544859625478608,0.0020636009759076,2.0526647567749,0.172209277749062,0.948513269424438,-0.0178738450713853,-0.00844840525796585,-0.0690555188909712,-0.153384889875777,0.0843850629673788,0.0498328890121352,-0.0112829545094663,-0.0135453176081225,0.0132015003528432,0,0.364247793939686,0,0,10938.17,10.705776
-0.0860334937511787,-0.0358213759476015,0.945212960243225,-0.00856056250631809,0.0128976907581091,-1.71301991144289,-0.0507084059306844,-0.0749211844684641,-0.159858539666327,0.23838523226398,-0.0225432878578105,0.0119673630903619,2.042316198349,0.181652665138245,0.951728880405426,-0.0310609016987463,-0.00797550326095053,-0.0686183455009236,-0.147836548942091,0.134905534131747,0.0459372997285845,-0.188386523248797,0.00675574281453264,0.00624533414356198,0,0.3664673959564,0,0,10938.24,10.7724486
-0.0857507575554406,-0.0420884446351433,0.945212960243225,-0.00856056250631809,0.0128976907581091,-1.71301991144289,0.00848208587214181,-0.188012060626257,-0.0328921148234659,0.166869662584786,-0.0157803015004674,0.00837715416325332,2.03370690345764,0.191126644611359,0.953150629997253,-0.0418025516259873,-0.00610956177557188,-0.0626350923096847,-0.143488248186158,0.157899657881787,0.0236958265299393,-0.179027498783443,0.031099024755632,0.0997208865184729,0,0.362641757340061,0,0,10938.3,10.840021
-0.0854680213597026,-0.0483555133226852,0.963332891464233,-0.00856056250631809,0.0128976907581091,-1.71301991144289,0.00848208587214181,-0.188012060626257,-0.195971495812541,0.11680876380935,-0.0110462110503271,0.00586400791427732,2.02498149871826,0.202369913458824,0.956731021404266,-0.0434838380362446,-0.0176565672824453,-0.0703754739963766,-0.124648639134517,0.160618126393032,0.0511484486718261,-0.0240183772894895,-0.164957221527449,-0.110576881238916,0,0.35364563656216,0,0,10938.37,10.9069356
-0.0852032854417323,-0.0546213500723569,0.963332891464233,-0.0226358827203512,0.0115610538050532,-1.71252566972841,0.00794207753910954,-0.187975102490149,-0.0330612469938541,0.208444016592843,0.00429738484227373,-0.000343369890303726,2.0166027545929,0.215031892061234,0.957436621189117,-0.0363681582979713,-0.00985575059959963,-0.0684078399845206,-0.139645735423956,0.211032976708614,0.0117599964142844,0.118594662305562,0.130013611381865,0.0327939001978786,0,0.340482532433724,0,0,10938.43,10.973642
-0.082175718819213,-0.062152397114976,0.963332891464233,-0.0226358827203512,0.0115610538050532,-1.71252566972841,0.0908269986755783,-0.225931411278574,-0.0221943690598764,0.14591081161499,0.00300816938959161,-0.000240358923212608,2.00719523429871,0.231212928891182,0.957701921463013,-0.0369331480947482,-0.0129279849809052,-0.0693260809428152,-0.134393147060408,0.231157669000224,0.00379000391280524,-0.00807128281113247,-0.0438890625902623,-0.0131177279756924,0,0.324187749818025,0,0,10938.5,11.0403626
-0.0791481521966937,-0.0696834441575952,0.975560784339905,-0.0226358827203512,0.0115610538050532,-1.71252566972841,0.0908269986755783,-0.225931411278574,-0.132245404940919,0.102137568130493,0.00210571857271413,-0.000168251246248826,1.9982613325119,0.24869067966938,0.958387672901154,-0.0370283024787192,-0.0056441831252686,-0.0685469345472405,-0.127627168383448,0.249682153975299,0.00979644911633886,-0.00135934834244931,0.104054312223813,0.0111306627939703,0,0.305873208696336,0,0,10938.57,11.1070909
-0.0761106058830892,-0.0772082191612504,0.975560784339905,-0.0273393131792545,0.0111100962385535,-1.71058565775026,0.0911263894081352,-0.225743250109656,-0.0225286735135234,0.113827171821475,0.00553262109939728,-0.0175778836757189,1.98958766460419,0.268517464399338,0.96078634262085,-0.0327851589953327,-0.012897318280293,-0.0701260730801804,-0.123909541539299,0.283239781857714,0.0342667102815145,0.0606163354772025,-0.103616216500779,-0.0225591218992347,0,0.286655452798849,0,0,10938.64,11.1738094
-0.0730730595694847,-0.0847329941649056,0.975560784339905,-0.0273393131792545,0.0111100962385535,-1.71058565775026,0.0911263894081352,-0.225743250109656,-0.0225286735135234,0.0796790202750326,0.0038728347695781,-0.0123045185730032,1.9821183681488,0.287192612886429,0.961352169513702,-0.0288299627682208,-0.0119920219684355,-0.073330407502374,-0.124488274253671,0.311252474778057,0.00943044821400721,0.0659199371170928,0.0150882718639624,-0.0534055737020612,0,0.267590357187072,0,0,10938.7,11.2405379
-0.0700355132558802,-0.0922577691685608,0.978090822696686,-0.0273393131792545,0.0111100962385535,-1.71058565775026,0.0911263894081352,-0.225743250109656,-0.0452990187245525,0.0557753141925228,0.00271098433870467,-0.00861316300110226,1.97405862808228,0.308358311653137,0.962748467922211,-0.03860968081666,-0.017834367238767,-0.0753703818245325,-0.115139143808026,0.302367125239948,0.0199471201216301,-0.139710257835426,-0.0834620752907966,-0.0291424903166701,0,0.249654641702955,0,0,10938.77,11.3072324
-0.064473993270321,-0.101300110788516,0.978090822696686,-0.0247102882713079,0.0116504989564419,-1.70850044885744,0.166845599566774,-0.271270248598647,-0.0208921514052992,0.0153814957632467,-0.00296593542390193,-0.024796094136172,1.96584236621857,0.332662403583527,0.96319842338562,-0.0287521875083662,-0.0100578019464564,-0.0696015253496724,-0.117375169482038,0.347201313292721,0.00642793519158992,0.140821332976211,0.111093789890612,0.0824122353554859,0,0.233658264395417,0,0,10938.84,11.37396
-0.0589218429861164,-0.111123844636642,0.978090822696686,-0.0247102882713079,0.0116504989564419,-1.70850044885744,0.16656450852614,-0.294712015443799,-0.0306011140388426,0.0107670470342727,-0.00207615479673135,-0.0173572658953204,1.95812499523163,0.354512006044388,0.964251935482025,-0.0299625629683274,-0.00837223607544885,-0.072491575007467,-0.1286228497834,0.364160041017445,0.0175585349402329,-0.0201729243328576,0.0280927645170316,-0.0481674942969858,0,0.220275227666133,0,0,10938.9,11.4406561
-0.0533696927019117,-0.120947578484769,0.991360008716583,-0.0247102882713079,0.0116504989564419,-1.70850044885744,0.16656450852614,-0.294712015443799,-0.15002378821792,0.00753693292399087,-0.00145330835771195,-0.0121500861267243,1.9510589838028,0.37932363152504,0.966037094593048,-0.0294474449578684,-0.0197946154171463,-0.0769979121615593,-0.10094302041232,0.354451792582214,0.0255022730147196,0.00735882872087375,-0.163176847739214,-0.0643762450587286,0,0.209965434343217,0,0,10938.97,11.507336
-0.0478175424177071,-0.130771312332896,0.991360008716583,-0.0247102882713079,0.0116504989564419,-1.70850044885744,0.16656450852614,-0.294712015443799,-0.0306011140388426,0.00527585304679361,-0.00101731585039836,-0.00850506028870699,1.94405341148376,0.402487576007843,0.965017974376678,-0.0318292887500272,-0.0197461398346057,-0.0745835605745096,-0.116759538647964,0.386065741371629,-0.0169853369391231,-0.0396973965351147,0.000807926375659523,0.0402391931166173,0,0.20298446731756,0,0,10939.03,11.574027
-0.0422653921335024,-0.140595046181022,0.991360008716583,-0.0247102882713079,0.0116504989564419,-1.70850044885744,0.16656450852614,-0.294712015443799,-0.0306011140388426,0.00369309713275553,-0.000712121095278854,-0.00595354220209489,1.93572199344635,0.430081605911255,0.963058531284332,-0.0233778367169277,-0.00952549254260903,-0.0791752565504277,-0.119020257677846,0.394200427193237,-0.0279920441764905,0.120735029044781,0.146009247029131,-0.0655956567991036,0,0.199384706557777,0,0,10939.1,11.6407571
-0.0351639402966613,-0.150886392019834,0.999102890491486,-0.0247102882713079,0.0116504989564419,-1.70850044885744,0.213043555105233,-0.308740375164357,-0.0864624183184714,0.00258516799292887,-0.000498484766695198,-0.00416747954146642,1.92855286598206,0.457819014787674,0.961834847927094,-0.0228027340608004,-0.0151531881921296,-0.0737516265263765,-0.102416106633203,0.396248698236206,-0.0174811908177694,0.0082157522304239,-0.0803956521363431,0.0774804289153399,0,0.199020327446427,0,0,10939.17,11.7074588
-0.0280525873589653,-0.161178615162413,0.999102890491486,-0.00939919520169497,0.014137183316052,-1.708464447652,0.21334058813088,-0.308766694277361,-0.014540570095691,-0.135990220031467,-0.0227290985731774,-0.00324124652802552,1.92070984840393,0.487192571163177,0.960946500301361,-0.0198847672308467,-0.017721522659868,-0.0695295182506499,-0.112043108259394,0.41962223393751,-0.0126906803676588,0.0416852404280832,-0.0366904923964152,0.0603158325106309,0,0.201552182116203,0,0,10939.24,11.7741371
-0.0209119467780979,-0.169859407490334,0.999102890491486,-0.00939919520169497,0.014137183316052,-1.708464447652,0.214219217426024,-0.260423769837627,-0.00236593851032999,-0.0951931540220266,-0.0159103690012242,-0.00226887256961786,1.91344821453094,0.512294054031372,0.95893383026123,-0.0259005256362167,-0.0148682483489076,-0.0728077222275963,-0.121027231213789,0.418358047794111,-0.0335445006681114,-0.100262640087312,0.0475545718483027,-0.0546367329479142,0,0.206486194556498,0,0,10939.3,11.8408394
-0.0137713061972304,-0.178540199818255,0.992539525032043,-0.00939919520169497,0.014137183316052,-1.708464447652,0.214219217426024,-0.260423769837627,0.0567043506246493,-0.0666352078154186,-0.0111372583008569,-0.0015882107987325,1.90547823905945,0.542754888534546,0.957846403121948,-0.0215101462236355,-0.0136425634273497,-0.0750380182648772,-0.113856792450425,0.435154778618578,-0.0155346734183821,0.0627197058942789,0.0175097845937564,-0.0318613719612881,0,0.213199632907206,0,0,10939.37,11.9075663
-0.00662383268734729,-0.187214873874102,0.992539525032043,-0.0110312821343541,0.0167124755680561,-1.70768338838686,0.214424205296492,-0.260240221675413,-0.00306117151605375,-0.0319558630768607,-0.0309737110786372,-0.00814128094534322,1.89778482913971,0.573909163475037,0.958328723907471,-0.0266939308173729,-0.0148632752494366,-0.0649745064027305,-0.109905855996725,0.445061070580289,0.0068902969360638,-0.0740540656251286,-0.0174387403155987,0.143764455174121,0,0.220972347168365,0,0,10939.44,11.9742899
0.00210654518603008,-0.198319621737666,0.992539525032043,-0.0110312821343541,0.0167124755680561,-1.70768338838686,0.261911336201321,-0.333142435906927,-0.0130816790106817,-0.0223691041538025,-0.021681597755046,-0.00569889666174026,1.89108765125275,0.600953698158264,0.957739949226379,-0.0211102844917446,-0.0145065034472189,-0.0721799860998644,-0.111619631450329,0.450742244724285,-0.00981291135160511,0.0930607720945958,0.00594619670367908,-0.120091328286584,0,0.229028825265329,0,0,10939.5,12.0409762
0.0108369230594075,-0.20942436960123,0.988654375076294,-0.0110312821343541,0.0167124755680561,-1.70768338838686,0.261911336201321,-0.333142435906927,0.021884670591064,-0.0156583729076617,-0.0151771184285322,-0.00398922766321818,1.88316094875336,0.632621169090271,0.957264006137848,-0.0243557239079171,-0.0118152756965994,-0.0666572426823366,-0.113238607134609,0.452392441887693,-0.00679918697904961,-0.0463634202312291,0.0384461107232954,0.0788963345364391,0,0.236591664260003,0,0,10939.57,12.1076752
0.019557261319479,-0.220534842617816,0.988654375076294,-0.0157229993492365,0.0156663972884417,-1.70838648477663,0.261610147802147,-0.333314190497564,-0.0138673723516545,0.0312645938985781,-0.00120927838344251,0.00353540814368185,1.87576413154602,0.664938986301422,0.957539856433868,-0.0236601838450293,-0.0153270795562835,-0.0676485629323316,-0.105668817248103,0.461683103018364,0.00394071851459507,0.00993628661272428,-0.0501686265671247,-0.0141617178571293,0,0.242903016576543,0,0,10939.64,12.1743839
0.0282775995795506,-0.231645315634401,0.988654375076294,-0.0157229993492365,0.0156663972884417,-1.70838648477663,0.261610147802147,-0.333314190497564,-0.0138673723516545,0.0218852157290047,-0.000846494868409756,0.00247478570057729,1.86913812160492,0.693690299987793,0.957130432128906,-0.0322476761078057,-0.0143696019583049,-0.0697459030025259,-0.110433499015941,0.479188561429054,-0.00682373841588702,-0.143124871043149,0.0159579599659617,-0.0349556678358095,0,0.247265365151129,0,0,10939.7,12.2410721
0.0331150434014226,-0.243925877304886,0.989078044891357,-0.0157229993492365,0.0156663972884417,-1.70838648477663,0.145123314656159,-0.368416850114558,-0.0180573479228598,0.0153196510103033,-0.000592546407886829,0.0017323499904041,1.8594001531601,0.733447432518005,0.957580506801605,-0.023337732544122,-0.0162811737182926,-0.0621467595862207,-0.121724605560413,0.496964156628107,0.0056259334087423,0.111374294546148,-0.0238946469998683,0.0949892927039023,0,0.249079133248417,0,0,10939.78,12.3077788
0.0379509643884514,-0.256205542995398,0.989078044891357,-0.0163206532597542,0.0176393799483776,-1.70850235620608,0.145077629610864,-0.368389970715359,-0.0148020740709436,0.0161026409018715,-0.0181716264249443,0.00225548785827311,1.85367405414581,0.762975454330444,0.957148790359497,-0.0108395063490303,-0.0128277031543979,-0.0659865486426265,-0.0954349835721806,0.49213369687816,-0.00719527403519698,0.208303769919962,0.0575578427320678,-0.0639964842739745,0,0.247856562448128,0,0,10939.84,12.3745211
0.0474106577469207,-0.269275738011934,0.989078044891357,-0.0163206532597542,0.0176393799483776,-1.70850235620608,0.28379080075408,-0.392105850496057,-0.0113359990078276,0.0112718486313101,-0.012720138497461,0.00157884150079118,1.847412109375,0.793763399124146,0.956348836421967,-0.0340732880139576,-0.0204450201611961,-0.0694739289371229,-0.104365746181102,0.513132413232709,-0.0133325656256218,-0.387229694418742,-0.126955283447716,-0.0581230049087658,0,0.243249094578181,0,0,10939.9,12.4412284
0.05687035110539,-0.282345933028469,0.982196867465973,-0.0163206532597542,0.0176393799483776,-1.70850235620608,0.28379080075408,-0.392105850496057,0.0505945978206331,0.00789029404191705,-0.00890409694822273,0.00110518905055382,1.83931529521942,0.833221554756165,0.956304013729095,-0.0414031631624577,-0.0362586512149988,-0.0633072636554128,-0.115668773651604,0.563687937602616,-0.00064032418387543,-0.104712502121865,-0.225909015055263,0.0880952183105096,0,0.235047517290949,0,0,10939.97,12.5079647
0.0663300444638594,-0.295416128045004,0.982196867465973,-0.0163206532597542,0.0176393799483776,-1.70850235620608,0.28379080075408,-0.392105850496057,-0.0113359990078276,0.00552320582934194,-0.00623286786375591,0.000773632335387676,1.83291137218475,0.863158285617828,0.955987811088562,-0.0218397250022871,-0.0191654247526804,-0.060303970360926,-0.10673205057547,0.498945514350173,-0.00527004400877575,0.326057302662393,0.284887107699088,0.050054888240354,0,0.223193350375004,0,0,10940.03,12.5747048
0.0757897378223287,-0.308486323061539,0.982196867465973,-0.0163206532597542,0.0176393799483776,-1.70850235620608,0.28379080075408,-0.392105850496057,-0.0113359990078276,0.00386624408053936,-0.00436300750462914,0.000541542634771373,1.82443225383759,0.901212155818939,0.955905199050903,-0.0262052178180114,-0.0271602669925228,-0.0596188598985197,-0.121130262102903,0.543626717160987,-0.00118017196655764,-0.0623641830820348,-0.114212031998223,0.00978729232013084,0,0.207771001946297,0,0,10940.1,12.6414345
0.08869655868391,-0.318948336533271,0.975237131118774,-0.0168186947703362,0.0188761614263058,-1.71494585672487,0.38720462584744,-0.313860404151959,0.0490592227934543,0.00718874445161528,-0.0141851385545939,0.0583705845135294,1.81599473953247,0.939808368682861,0.955592691898346,-0.0132839066056818,-0.0188462154041827,-0.0564479988688749,-0.120535918644998,0.551374469486894,-0.00446438789369532,0.184590160176904,0.118772165548209,0.0452980147093997,0,0.188013838054535,0,0,10940.17,12.711343
0.101603379545491,-0.329410350005003,0.975237131118774,-0.0168186947703362,0.0188761614263058,-1.71494585672487,0.38720462584744,-0.313860404151959,-0.0135784043313321,0.0050321211161307,-0.0099295969882157,0.0408594091594706,1.80654549598694,0.979339122772217,0.954530417919159,-0.0155542691075496,-0.0130193402789221,-0.0586287170478731,-0.134989193508164,0.564725058421712,-0.0151753425598775,-0.0324337500268174,0.0832410732183558,-0.03115311684296,0,0.166028171184595,0,0,10940.24,12.7781367
0.114150411890819,-0.339764527850386,0.975237131118774,-0.0168186947703362,0.0188761614263058,-1.71494585672487,0.376410970359818,-0.310625335361478,-0.0361281945923757,0.00352248478129149,-0.00695071789175099,0.0286015864116294,1.79875373840332,1.01868033409119,0.953677892684937,-0.0231816836014863,-0.0329478098006909,-0.0595858868584991,-0.129862626390801,0.65568685530185,-0.0142087539033967,-0.12712357489617,-0.332141158688897,-0.0159528301767528,0,0.141456814719685,0,0,10940.3,12.8448262
0.126660247258208,-0.350168547118495,0.994587063789368,-0.0133310975506902,0.0210574772208929,-1.71907908121218,0.375295061021689,-0.312120578043274,-0.209646005205368,-0.0289226356299098,-0.0244973446755099,0.0572201308738828,1.78691530227661,1.05705428123474,0.951079785823822,-0.00726322361317684,-0.0182350299636385,-0.0555286104266228,-0.147980451583997,0.47967433929487,-0.0324763357639608,0.198980749854049,0.183909747963322,0.0507159553985008,0,0.114733780542797,0,0,10940.38,12.9115068
0.139170082625598,-0.360572566386604,0.994587063789368,-0.0133310975506902,0.0210574772208929,-1.71907908121218,0.375295061021689,-0.312120578043274,-0.0354966111700282,-0.0202458449409368,-0.0171481412728569,0.0400540916117179,1.77774333953857,1.09249484539032,0.949502229690552,-0.0079408449070051,-0.02455992943124,-0.0556316464669079,-0.152866045635249,0.590676069264658,-0.0262926022213942,-0.0112936882305669,-0.105414991127587,-0.00171726733809996,0,0.0863429774381207,0,0,10940.44,12.9781998
0.151088948112095,-0.366943889184217,0.994587063789368,-0.0133310975506902,0.0210574772208929,-1.71907908121218,0.357565964594924,-0.191139683928385,-0.0117841696607389,-0.0141720914586558,-0.0120036988909999,0.0280378641282026,1.76570808887482,1.13143932819366,0.947947263717651,0.00369923808299163,-0.00993288729987124,-0.0460079927655028,-0.171932152340105,0.556349754335809,-0.0222137996129551,0.166286899857788,0.208957744734708,0.137480767163501,0,0.0567732049025052,0,0,10940.51,13.0449202
0.162973893821972,-0.373381709682739,0.980126917362213,-0.00939889810979366,0.0230443552136421,-1.72464186349978,0.35654837129631,-0.193134614955654,0.119218657793122,-0.0453102589891276,-0.0262844911584428,0.0696915454781207,1.75349426269531,1.17083430290222,0.945586323738098,-0.0333780371200063,-0.038578223429165,-0.0507839484634819,-0.203563769660135,0.656582911814859,-0.0393489996595544,-0.617954586721878,-0.477422268825616,-0.0795992616336604,0,0.0265314490188931,0,0,10940.57,13.1115978
0.174858839531849,-0.37981953018126,0.980126917362213,-0.00939889810979366,0.0230443552136421,-1.72464186349978,0.35654837129631,-0.193134614955654,-0.0109226600512684,-0.0317171812923894,-0.01839914381091,0.0487840818346845,1.7418874502182,1.20489931106567,0.944312572479248,-0.0233106418830845,-0.0348512903391183,-0.0547723237654043,-0.165811606816572,0.486642973765625,-0.0181964465550771,0.143819931956624,0.0532419012866029,-0.0569767900277,0,-0.00399495786611754,0,0,10940.64,13.1783356
0.186743785241726,-0.386257350679782,0.980126917362213,-0.00939889810979366,0.0230443552136421,-1.72464186349978,0.35654837129631,-0.193134614955654,-0.0109226600512684,-0.0222020269046725,-0.012879400667637,0.0341488572842791,1.7296724319458,1.24471008777618,0.943359315395355,-0.00702948867766588,-0.0423139526956575,-0.0269863614284831,-0.174500261030475,0.568725381566304,-0.0136179583410288,0.232587902929475,-0.106609462233947,0.39694231909021,0,-0.0343766011247277,0,0,10940.71,13.2450168
0.19440372640694,-0.398004006593553,0.972223222255707,-0.00517189502716064,0.0196475647389889,-1.72641140619387,0.229798234956414,-0.352399677413132,0.0546952520850655,-0.053584446576968,0.0215555338045333,0.0398300843458216,1.71471810340881,1.27801132202148,0.941936373710632,-0.00180094608747757,-0.0134099984533977,-0.0481363917544656,-0.249238808951904,0.555020570759716,-0.023715694745583,0.0871423765038782,0.481732570708419,-0.352500505436035,0,-0.0643400935513293,0,0,10940.77,13.3117161
0.202063667572154,-0.409750662507324,0.972223222255707,-0.00517189502716064,0.0196475647389889,-1.72641140619387,0.229798234956414,-0.352399677413132,-0.0164380038734917,-0.0375091126038776,0.0150888736631733,0.0278810590420751,1.69966959953308,1.31726276874542,0.942144870758057,0.00497322747175502,-0.0178099404612434,-0.0482323900469952,-0.214978626797071,0.560734953201446,0.00297852924893119,0.0967739079894392,-0.0628563143980561,-0.00137140417899956,0,-0.0936423832531085,0,0,10940.84,13.3784143
0.208883265298967,-0.422285795926181,0.972223222255707,-0.00517189502716064,0.0196475647389889,-1.72641140619387,0.204587931804391,-0.376054002565707,-0.0252378480514081,-0.0262563788227143,0.0105622115642213,0.0195167413294526,1.68459594249725,1.35476720333099,0.945858657360077,-0.0188625328197953,-0.0234244063932828,-0.0541164573980664,-0.215337957655576,0.53577763693896,0.0530540943147958,-0.340510861309278,-0.080206656172326,-0.0840581050156518,0,-0.122125072478097,0,0,10940.91,13.4451206
0.21570286302578,-0.434820929345038,0.960786521434784,-0.00517189502716064,0.0196475647389889,-1.72641140619387,0.204587931804391,-0.376054002565707,0.0776924593368976,-0.0183794651759,0.00739354809495492,0.0136617189306168,1.67079615592957,1.38612866401672,0.946993112564087,0.0192931386444768,-0.00782258579123854,-0.0375633804266381,-0.229996442796752,0.52269101143327,0.0189075867336607,0.635927857743266,0.260030343369612,0.275884616192812,0,-0.149683288919831,0,0,10940.97,13.5118169
0.222522460752593,-0.447356062763895,0.960786521434784,-0.00517189502716064,0.0196475647389889,-1.72641140619387,0.204587931804391,-0.376054002565707,-0.0252378480514081,-0.01286562562313,0.00517548366646845,0.00956320325143176,1.65362918376923,1.42213451862335,0.948908507823944,0.0281244251505465,0.0106737200050326,-0.0458725029373664,-0.245242459428066,0.514369351512036,0.0273627894259338,0.126161235798243,0.264232939940963,-0.118701750150669,0,-0.176284374149437,0,0,10941.04,13.5785306
0.229342058479406,-0.459891196182752,0.960786521434784,-0.00517189502716064,0.0196475647389889,-1.72641140619387,0.204587931804391,-0.376054002565707,-0.0252378480514081,-0.009005937936191,0.00362283856652791,0.00669424227600223,1.63755488395691,1.45675492286682,0.950301110744476,0.0374581592948587,0.00981887077599459,-0.0430413750127469,-0.229632854462625,0.494577203480188,0.0198943274362574,0.133339059205015,-0.0122121318434511,0.0404446846375888,0,-0.201911279922951,0,0,10941.11,13.6452346
0.230629877265805,-0.474857220832638,0.974345624446869,0.0184113457798958,0.00287465122528374,-1.72721439996828,0.0386345635919716,-0.44898073949657,-0.14948028010174,-0.218553323818842,0.153492208619916,0.0119129135629281,1.6216596364975,1.48985886573792,0.952326714992523,0.0349069445237416,0.0169236348955729,-0.0479182566805566,-0.227074963706824,0.47291346958902,0.0289372035436471,-0.0364459253018245,0.101496630280112,-0.0696697381118571,0,-0.226594611040119,0,0,10941.18,13.7119751
0.231917696052204,-0.489823245482523,0.974345624446869,0.0184113457798958,0.00287465122528374,-1.72721439996828,0.0386345635919716,-0.44898073949657,-0.0274483529929748,-0.152987326673189,0.107444546033941,0.00833903949404969,1.60840427875519,1.515420794487,0.953597962856293,0.0359009743920526,0.00737483801853671,-0.0531824268801133,-0.220922629040368,0.426032145821691,0.0211874643963387,0.0165671644719903,-0.159146614618621,-0.0877361699933557,0,-0.250319977811047,0,0,10941.24,13.7786765
0.233205514838603,-0.504789270132409,0.974345624446869,0.0184113457798958,0.00287465122528374,-1.72721439996828,0.0386345635919716,-0.44898073949657,-0.0274483529929748,-0.107091128671232,0.0752111822237587,0.00583732764583478,1.59339904785156,1.5439977645874,0.953940153121948,0.0270114948538001,-0.00743454236830232,-0.0543228249179809,-0.214360441481255,0.408242430007452,0.00488843236652772,-0.126992564832707,-0.211562576955723,-0.0162914005410341,0,-0.273091747385773,0,0,10941.31,13.8453633
0.234593781217149,-0.519758062453243,0.984869599342346,0.0310557670891285,-0.00374768069013953,-1.72145706812014,0.0416479913563684,-0.449063769625032,-0.119176595198816,-0.188763581852957,0.112248814795441,-0.0477298572812165,1.58072984218597,1.56625914573669,0.955791831016541,0.0311561303584785,-0.00694981768681954,-0.0546954333097397,-0.211153427755197,0.371023019146768,0.0308612982425311,0.0690772584097987,0.00807874469120341,-0.00621013986251011,0,-0.294887944503712,0,0,10941.37,13.9120954
0.235982047595694,-0.534726854774078,0.984869599342346,0.0310557670891285,-0.00374768069013953,-1.72145706812014,0.0416479913563684,-0.449063769625032,-0.0244608211395199,-0.13213450729707,0.0785741703568084,-0.0334109000968515,1.56399405002594,1.58993673324585,0.955177903175354,0.0244478592368617,-0.00350362884512619,-0.055650064963169,-0.239082745144339,0.338251250132196,-0.00877039773127251,-0.0958324445949237,0.0492312691672524,-0.0136375950490465,0,-0.315597048904651,0,0,10941.44,13.9788158
0.236392530725833,-0.541990499027321,0.984869599342346,0.0310557670891285,-0.00374768069013953,-1.72145706812014,0.0123144939041553,-0.217909327597313,-0.0236538857159875,-0.0924941551079489,0.0550019192497659,-0.0233876300677961,1.55100238323212,1.6127507686615,0.958260238170624,0.0251045250834966,-0.0241658349217094,-0.0523745043912603,-0.185595239912532,0.32591479165349,0.0440333570754656,0.00938094066625119,-0.295174372523845,0.0467937224560326,0,-0.335042259892242,0,0,10941.51,14.0454352
0.236811434748843,-0.549243019360865,0.985503137111664,0.0376648642122746,0.00700956722721457,-1.72158819833864,0.0125671206902869,-0.217575610006296,-0.0307545341548498,-0.124227782683879,-0.0583138877813509,-0.0151911690809045,1.53342962265015,1.62890315055847,0.959104835987091,0.0178990681915792,-0.021880368633245,-0.0615238576451388,-0.251039436886333,0.230748312814854,0.01206568309244,-0.102935098456391,0.0326495184067703,-0.130705046484522,0,-0.353063284559485,0,0,10941.58,14.1121451
0.237230338771852,-0.556495539694408,0.985503137111664,0.0376648642122746,0.00700956722721457,-1.72158819833864,0.0125671206902869,-0.217575610006296,-0.0250526942309912,-0.0869594478787152,-0.0408197214469456,-0.0106338183566332,1.5200366973877,1.6421560049057,0.959425389766693,0.0204573883357077,-0.0052364450419467,-0.0598385539900154,-0.223215421042748,0.220880905789025,0.00534256299341286,0.0426386690691705,0.277398726523993,0.0280883942522958,0,-0.369361044705015,0,0,10941.64,14.1788905
0.237649242794862,-0.563748060027951,0.985503137111664,0.0376648642122746,0.00700956722721457,-1.72158819833864,0.0125671206902869,-0.217575610006296,-0.0250526942309912,-0.0608716135151006,-0.0285738050128619,-0.00744367284964321,1.5043637752533,1.65538859367371,0.959092617034912,0.0281623618641521,-0.00438291255947641,-0.0616244977560179,-0.22389888762939,0.18903698239595,-0.00475389616819632,0.110071050403946,0.0121933211778808,-0.0255134823709074,0,-0.38358398834467,0,0,10941.71,14.24561
0.23678968578382,-0.570151289270323,0.984933078289032,0.0376678369939327,0.00532162562012672,-1.71580297151674,-0.025786710331258,-0.192096877271165,-0.00818821743085375,-0.042636884495494,-0.00481018904521269,-0.057277612391845,1.49099361896515,1.66246664524078,0.960436165332794,0.0382624020636319,0.000735809729487058,-0.0608464848861118,-0.222835938137674,0.117967526118962,0.0223924716315581,0.168334003326092,0.0853120381501154,0.0129668811652115,0,-0.395355673127388,0,0,10941.77,14.3123038
0.235930128772778,-0.576554518512695,0.984933078289032,0.0376678369939327,0.00532162562012672,-1.71580297151674,-0.025786710331258,-0.192096877271165,-0.0133187468345403,-0.0298458191468458,-0.00336713233164888,-0.0400943286742915,1.47546696662903,1.67105042934418,0.959309220314026,0.0348603572567529,0.00518901037771692,-0.0583970402625219,-0.221809319088359,0.122625487191846,-0.0160992145538999,-0.0486006400984732,0.063617152117834,0.0349920660514294,0,-0.404276573622607,0,0,10941.84,14.37898
0.235070571761736,-0.582957747755067,0.984933078289032,0.0376678369939327,0.00532162562012672,-1.71580297151674,-0.025786710331258,-0.192096877271165,-0.0133187468345403,-0.020892073402792,-0.00235699263215422,-0.028066030072004,1.46023035049438,1.67551672458649,0.958987414836884,0.0499334818045134,0.00924553768405659,-0.0628389108363055,-0.217665944781527,0.0638042177475449,-0.00459722110205246,0.215330350683188,0.0579503900908077,-0.0634552939114582,0,-0.409947144374901,0,0,10941.91,14.4457016
0.233016498141642,-0.585428619046198,0.984865665435791,0.0376678369939327,0.00532162562012672,-1.71580297151674,-0.0616222086028202,-0.0741261387339345,-0.000272185416805504,-0.0146244513819544,-0.00164989484250795,-0.0196462210504028,1.44515013694763,1.67817759513855,0.957189440727234,0.0512639509179959,0.00401974719315558,-0.0631912991968111,-0.215431622097366,0.0380124364582007,-0.0256853444236733,0.019006701621258,-0.0746541498703249,-0.00503411943581412,0,-0.411976630838486,0,0,10941.98,14.5124566
0.230962424521548,-0.587899490337329,0.984865665435791,0.0376678369939327,0.00532162562012672,-1.71580297151674,-0.0616222086028202,-0.0741261387339345,-0.000878901095974205,-0.0102371159673681,-0.00115492638975557,-0.013752354735282,1.43202984333038,1.67795360088348,0.954529583454132,0.0422112237937121,0.000820475708131793,-0.0612132413907524,-0.218671560282702,-0.00373323758435048,-0.0443309545507291,-0.150878785401438,-0.0533211914158992,0.0329676301002582,0,-0.410029329606036,0,0,10942.04,14.579167
0.228908350901454,-0.590370361628461,0.984865665435791,0.0376678369939327,0.00532162562012672,-1.71580297151674,-0.0616222086028202,-0.0741261387339345,-0.000878901095974205,-0.00716598117715767,-0.000808448472828896,-0.00962664831469738,1.41726446151733,1.67501020431519,0.951856195926666,0.0394164934620449,0.0173866950896536,-0.0554843268972196,-0.210934025901582,-0.0420485224044368,-0.0381912503925277,-0.0399247190239828,0.236660276879866,0.0818416356222372,0,-0.40384326351728,0,0,10942.11,14.6459293
0.224481429090118,-0.590139908788232,0.980899095535278,0.0467646196484566,0.00192113150842488,-1.71204287210573,-0.132807654340083,0.00691358520685603,0.0455387303437287,-0.086887230714725,0.0300385330743364,-0.0405795485193849,1.40327167510986,1.67044031620026,0.948424100875854,0.0436022716761812,0.00324220962034413,-0.0594318998693751,-0.233213106793158,-0.0761648019161332,-0.0572015841806817,0.0697629702361972,-0.235741424490492,-0.0657928828698168,0,-0.393277523073601,0,0,10942.17,14.7126025
0.220054507278782,-0.589909455948004,0.980899095535278,0.0467646196484566,0.00192113150842488,-1.71204287210573,-0.132807654340083,0.00691358520685603,0.00983960123911446,-0.0608210615003075,0.0210269731520355,-0.0284056839635694,1.38853526115417,1.66237151622772,0.944848656654358,0.0305351220491235,-7.26332020095586e-05,-0.0492292592725585,-0.210520199367854,-0.115268571036682,-0.0510777745930207,-0.1866735661016,-0.0473548974623924,0.145752008526557,0,-0.378269735363188,0,0,10942.24,14.7793571
0.215627585467446,-0.589679003107775,0.980899095535278,0.0467646196484566,0.00192113150842488,-1.71204287210573,-0.132807654340083,0.00691358520685603,0.00983960123911446,-0.0425747430502153,0.0147188812064248,-0.0198839787744986,1.37425363063812,1.65299451351166,0.942430913448334,0.0396273786357159,-0.00247940943189835,-0.054892435922702,-0.204023293087309,-0.133957181658621,-0.0345391886576317,0.129889379809003,-0.0343825175699829,-0.0809025235738146,0,-0.358940884408959,0,0,10942.31,14.8460828
0.20817541101719,-0.587543508692982,0.966384172439575,0.0492069348692894,0.00441136630252004,-1.7147424856769,-0.223565233507673,0.0640648324437928,0.143694364547913,-0.0517831571226461,-0.012108896302359,0.0103777369983539,1.35996353626251,1.64191436767578,0.939710199832916,0.0446630612742544,0.00670735555469293,-0.0593849719967817,-0.238168239588307,-0.184669097260577,-0.0453452269226349,0.0839280439738099,0.153112749773179,-0.0748756012330263,0,-0.335535377027365,0,0,10942.37,14.9128046
0.200723236566934,-0.585408014278189,0.966384172439575,0.0492069348692894,0.00441136630252004,-1.7147424856769,-0.223565233507673,0.0640648324437928,0.013060056686585,-0.0362482099858523,-0.00847622741165133,0.00726441589884775,1.34689557552338,1.62816917896271,0.939132392406464,0.0459366521117683,0.000897640775352111,-0.0615004763817956,-0.186685153417001,-0.196359838759013,-0.00825439180650056,0.0181941548217025,-0.0829959254194997,-0.0302214912146099,0,-0.308443118906705,0,0,10942.44,14.9795422
0.193271062116678,-0.583272519863396,0.966384172439575,0.0492069348692894,0.00441136630252004,-1.7147424856769,-0.223565233507673,0.0640648324437928,0.013060056686585,-0.0253737469900966,-0.00593335918815593,0.00508509112919343,1.33210122585297,1.61222505569458,0.937768340110779,0.032080906458646,-0.0128241810192917,-0.0589310949085544,-0.21134785243531,-0.227773189545625,-0.0194864613670069,-0.197939223616857,-0.196026025638584,0.0367054496178833,0,-0.278191641694742,0,0,10942.51,15.0463207
0.185161291212485,-0.579516532731731,0.965659439563751,0.0400445088744164,0.0129590723663568,-1.71520764032473,-0.243293127125787,0.112679613949935,-0.000211900665459823,0.0647002110607898,-0.0810827060062405,0.00774595562087973,1.31825041770935,1.59740602970123,0.93592369556427,0.037697605651311,4.69139458906162e-06,-0.0622721758012798,-0.230846802395555,-0.246983766557883,-0.0307440757754075,0.0936116532118784,0.213814540233162,-0.0556846815458965,0,-0.245507184226628,0,0,10942.57,15.1130251
0.177051520308293,-0.575760545600067,0.965659439563751,0.0400445088744164,0.0129590723663568,-1.71520764032473,-0.243293127125787,0.112679613949935,-0.0067344965478756,0.0452901477425529,-0.0567578942043683,0.00542216893461581,1.30372583866119,1.578773021698,0.935150027275085,0.0265894661286301,0.00385228435471175,-0.0628872423572439,-0.207493986403102,-0.266185828618748,-0.0110524041312541,-0.15868770746753,0.054965613716267,-0.00878666508523695,0,-0.21111090798992,0,0,10942.64,15.1797806
0.1689417494041,-0.572004558468402,0.965659439563751,0.0400445088744164,0.0129590723663568,-1.71520764032473,-0.243293127125787,0.112679613949935,-0.0067344965478756,0.031703103419787,-0.0397305259430578,0.00379551825423107,1.28601944446564,1.55883002281189,0.93315589427948,0.0420173139378284,0.013221168341495,-0.0657612813130031,-0.252948488502431,-0.284899984081044,-0.0284876142223134,0.220397825840879,0.133841199808268,-0.041057699367093,0,-0.175870097473813,0,0,10942.71,15.2465726
0.160181900481837,-0.567701479530651,0.956353843212128,0.0400445088744164,0.0129590723663568,-1.71520764032473,-0.262795467667874,0.129092368132556,0.0671071647372003,0.0221921723938509,-0.0278113681601405,0.00265686277796175,1.27124333381653,1.53900849819183,0.933507442474365,0.033075511832977,0.00691517397332453,-0.0638219923913263,-0.211087294988147,-0.283164637430551,0.00502211706981022,-0.127740030069836,-0.0900856338313819,0.0277041274526411,0,-0.140770474764716,0,0,10942.78,15.313256
0.151422051559575,-0.563398400592899,0.956353843212128,0.0400445088744164,0.0129590723663568,-1.71520764032473,-0.262795467667874,0.129092368132556,-0.0166432024274115,0.0155345206756956,-0.0194679577120983,0.00185980394457322,1.26156771183014,1.52235794067383,0.936213135719299,0.0271494675938295,-0.00663817835158751,-0.0597456140260576,-0.161260366441188,-0.277509291969112,0.0450948874159508,-0.0987674039866292,-0.225889205417118,0.0679396394217219,0,-0.10664002981452,0,0,10942.84,15.3799994
0.14264347474951,-0.55911674838309,0.956353843212128,0.0270882472395897,0.00518577033653855,-1.71337730089297,-0.263357304301946,0.128449566294264,-0.0146035983583868,0.127480519186427,0.0563321478698958,-0.015171192124663,1.24644219875336,1.50062477588654,0.936131119728088,0.0244970478988107,-0.00268904632186306,-0.0556616085501662,-0.216078758240644,-0.310473782676898,-0.00117165701730398,-0.0378917099289975,0.056416171853441,0.0583429353701189,0,-0.0743733276216075,0,0,10942.91,15.4467912
0.13435025473287,-0.553810430358134,0.957789063453674,0.0270882472395897,0.00518577033653855,-1.71337730089297,-0.248796600499183,0.15918954074869,-0.0327015322312874,0.0892363634304988,0.0394325035089271,-0.0106198344872641,1.23193550109863,1.48011660575867,0.937607526779175,0.0190527621788783,-0.00237449328805078,-0.0619536836169998,-0.241778294247454,-0.341802835467379,0.0246067841849826,-0.0907380953329776,0.00524255056358248,-0.104867917781449,0,-0.0448563561784752,0,0,10942.97,15.5134716
0.126057034716231,-0.548504112333177,0.957789063453674,0.0270882472395897,0.00518577033653855,-1.71337730089297,-0.248796600499183,0.15918954074869,-0.0197845500573677,0.0624654544013492,0.027602752456249,-0.00743388414108487,1.21842062473297,1.46166431903839,0.937777936458588,0.012464876760297,-0.00478170120585443,-0.0632343360058287,-0.19306966236238,-0.263604095998187,0.00243442399155889,-0.0941126488348211,-0.0343886845393016,-0.0182950341257291,0,-0.0187231708208681,0,0,10943.04,15.5801757
0.117763814699592,-0.543197794308221,0.957789063453674,0.0270882472395897,0.00518577033653855,-1.71337730089297,-0.248796600499183,0.15918954074869,-0.0197845500573677,0.0437258180809444,0.0193219267193743,-0.00520371889875941,1.20327079296112,1.4404468536377,0.939341902732849,0.0163456761954573,-0.00177740470748657,-0.0618324299434632,-0.216426168170194,-0.303106648582629,0.0223423753466854,0.0554399919310913,0.0429185214054337,0.0200272294624482,0,0.00346016683404594,0,0,10943.11,15.6468697
0.110088843327903,-0.539331732921338,0.958907783031464,0.0136633906513453,0.00483268918469548,-1.71083122888674,-0.230249141150645,0.115981841606486,-0.0398305812748695,0.151431781950861,0.0167030790701496,-0.0265572512851619,1.18798899650574,1.41985726356506,0.94108259677887,0.0133047978945776,-0.0044754562356523,-0.0583688276577718,-0.218311377934955,-0.294137001038821,0.0248670578003964,-0.0434411185841755,-0.0385435932596707,0.0494800326529402,0,0.0213329186961053,0,0,10943.18,15.7136081
0.102413871956215,-0.535465671534455,0.958907783031464,0.0136633906513453,0.00483268918469548,-1.71083122888674,-0.230249141150645,0.115981841606486,-0.0297621050747658,0.106002247365603,0.0116921553491047,-0.0185900758996133,1.17729914188385,1.40548884868622,0.94612455368042,0.0095764415432904,-0.00874260254155288,-0.0527603625678192,-0.178164243699632,-0.23947358131612,0.0840326150265515,-0.0621392725219814,-0.0711191050989468,0.0934744181666697,0,0.0347077185285102,0,0,10943.24,15.7803833
0.0947389005845271,-0.531599610147573,0.958907783031464,0.0136633906513453,0.00483268918469548,-1.71083122888674,-0.230249141150645,0.115981841606486,-0.0297621050747658,0.0742015731559219,0.00818450874437332,-0.0130130531297293,1.15722787380219,1.38363111019135,0.944371581077576,0.0253990430347103,0.0135926667657591,-0.0633669896387072,-0.286732401167836,-0.312253407070913,-0.0250424657550218,0.226037164164081,0.31907527582007,-0.151523243870458,0,0.0436033975209585,0,0,10943.31,15.8471111
0.0869484181369033,-0.526991450405282,0.955454170703888,0.0108836060389876,0.00748885981738567,-1.71520620981325,-0.233714473428713,0.138244792268732,0.00128134641170074,0.0769591627203639,-0.0181763795731504,0.0302656911478125,1.14516460895538,1.36757934093475,0.947286546230316,0.0163906188428272,0.0125891140786948,-0.0597889297713047,-0.201054414108974,-0.267529487604024,0.0485827525446142,-0.150140403194774,-0.0167258781173741,0.0596343311220728,0,0.048280485897456,0,0,10943.37,15.9138315
0.0791579356892795,-0.52238329066299,0.955454170703888,0.0108836060389876,0.00748885981738567,-1.71520620981325,-0.233714473428713,0.138244792268732,-0.0298011645364804,0.0538714139042547,-0.0127234657012053,0.0211859838034688,1.13390254974365,1.35177743434906,0.95372462272644,0.0179607846677386,-0.00206342927756239,-0.0506137670100613,-0.160886560168254,-0.225741522653701,0.0919725213735862,0.0224309403559712,-0.209322047947402,0.131073753732594,0,0.0491972622081325,0,0,10943.44,15.9805956
0.0713674532416557,-0.517775130920699,0.955454170703888,0.0108836060389876,0.00748885981738567,-1.71520620981325,-0.233714473428713,0.138244792268732,-0.0298011645364804,0.0377099897329783,-0.0089064259908437,0.0148301886624281,1.11927056312561,1.3341099023819,0.956553161144257,0.00910977989155687,-0.00409735684488332,-0.0471917984770033,-0.209028380258612,-0.252393313817665,0.040407691683256,-0.126442925374551,-0.0290561081047054,0.0488852647581747,0,0.0470024875618943,0,0,10943.51,16.0472886
0.0649725536815523,-0.514063985188105,0.967537999153137,0.0158711373806,0.00307397753931582,-1.72010928789248,-0.191846986803102,0.111334371977833,-0.150262309174502,-0.0184907892614263,0.0334994423090381,0.0545088347767124,1.10351753234863,1.31488215923309,0.958229243755341,0.0141524212294155,0.00256639450009999,-0.0495640879010796,-0.225043296814901,-0.274682044984052,0.0239440373012993,0.0720377333982802,0.0951964477858716,-0.0338898489155164,0,0.0425085610523396,0,0,10943.58,16.1139969
0.0585776541214489,-0.510352839455511,0.967537999153137,0.0158711373806,0.00307397753931582,-1.72010928789248,-0.191846986803102,0.111334371977833,-0.0415078531312585,-0.0129435524829984,0.0234496096163267,0.0381561843436987,1.09018468856812,1.30025279521942,0.960574984550476,0.0131615979312957,-0.00320205207984291,-0.0389955150565214,-0.222214063010513,-0.243822733563268,0.0390956799192568,-0.0165137216354712,-0.0961407763331978,0.176142880744132,0,0.0366523924220611,0,0,10943.64,16.1807307
0.0521827545613455,-0.506641693722916,0.967537999153137,0.0158711373806,0.00307397753931582,-1.72010928789248,-0.191846986803102,0.111334371977833,-0.0415078531312585,-0.00906048673809886,0.0164147267314287,0.0267093290405891,1.07582545280457,1.28363263607025,0.962806403636932,0.0181088344540822,-0.00220879861639505,-0.0393101614653451,-0.205131939474805,-0.237430844982959,0.0318774155201085,0.0706748074668367,0.0141893351918026,-0.0044949486973833,0,0.0304614996433319,0,0,10943.71,16.247456
0.0457878550012421,-0.502930547990322,0.967537999153137,0.0158711373806,0.00307397753931582,-1.72010928789248,-0.191846986803102,0.111334371977833,-0.0415078531312585,-0.0063423407166692,0.0114903087120001,0.0186965303284123,1.06312024593353,1.26971256732941,0.963834345340729,0.000347335966613068,-0.00403622326503466,-0.0461550219027135,-0.211753447852343,-0.232001145682715,0.0171323617300852,-0.296024974793665,-0.0304570774775854,-0.114081007290442,0,0.0250001021289357,0,0,10943.77,16.3141452
0.0404146255432192,-0.499726323043097,0.96836394071579,0.0107351746410131,-0.000405987724661827,-1.72471696535219,-0.161196883740687,0.0961267484167339,-0.0255562265076872,0.041784026154613,0.0393629034741989,0.0545566683673398,1.05006349086761,1.25486648082733,0.96733832359314,0.0117393391540156,-0.000217445911596882,-0.0427277784466397,-0.186525072371032,-0.212086950030527,0.0500568321775065,0.162742902677856,0.054553962192195,0.048960620801257,0,0.0213116239149585,0,0,10943.84,16.3808426
0.0350413960851963,-0.496522098095873,0.96836394071579,0.0107351746410131,-0.000405987724661827,-1.72471696535219,-0.161196883740687,0.0961267484167339,-0.0181227524438139,0.0292488183082291,0.0275540324319392,0.0381896678571379,1.03744304180145,1.24086201190948,0.971356153488159,0.0188765718582095,0.00719996429425777,-0.0412200334830196,-0.180292129517351,-0.200063841684356,0.0573975699290891,0.101960467203193,0.105963002941221,0.0215392137660915,0,0.0203793427301125,0,0,10943.91,16.4475318
0.0312647555538622,-0.495954427079258,0.965876579284668,0.0107351746410131,-0.000405987724661827,-1.72471696535219,-0.113299215940023,0.017030130498429,-0.00247831822166021,0.0204741728157604,0.0192878227023574,0.0267327674999965,1.02511715888977,1.22768402099609,0.975331008434296,0.0153552438792848,0.00198591031773242,-0.0399619198354949,-0.176084041596191,-0.188257013049227,0.0567836420879,-0.0503046854134185,-0.0744864853792433,0.0179730521075707,0,0.0230731416211798,0,0,10943.98,16.5142539
0.0274881150225281,-0.495386756062644,0.965876579284668,0.0107351746410131,-0.000405987724661827,-1.72471696535219,-0.113299215940023,0.017030130498429,-0.0248645711017567,0.0143319209710323,0.0135014758916502,0.0187129372499976,1.01366698741913,1.21570384502411,0.97967255115509,0.0178736495954867,-0.00259384098183493,-0.0455795195598598,-0.190836191173203,-0.199669599528723,0.0723590453449985,0.0419734286024485,-0.0763291883244563,-0.0936266620707048,0,0.0301047523944883,0,0,10944.04,16.5809797
0.023711474491194,-0.49481908504603,0.965876579284668,0.0107351746410131,-0.000405987724661827,-1.72471696535219,-0.113299215940023,0.017030130498429,-0.0248645711017567,0.0100323446797226,0.00945103312415515,0.0130990560749983,1.00146472454071,1.20393967628479,0.983569145202637,0.027095127140565,0.00215562219283395,-0.0387663227635569,-0.174318041120981,-0.168059553419539,0.0556656292508941,0.131735393501666,0.0678494739241232,0.097331382804731,0,0.041994458383942,0,0,10944.11,16.6477433
0.0220371246755423,-0.495571907118049,0.980076789855957,0.0160149317234755,0.00182585569564253,-1.73019940057863,-0.050230494469551,-0.0225846621605622,-0.154795691279969,-0.040495172466355,-0.0134708675958306,0.0585112562904627,0.990339159965515,1.19147777557373,0.986643373966217,0.0270547976630287,-0.0025759996572147,-0.0429603518981871,-0.158936636789165,-0.178027153015877,0.0439175537656158,-0.000576135393377576,-0.0675945978581189,-0.0599147019235369,0,0.0590081106481581,0,0,10944.18,16.714452
0.0203627748598906,-0.496324729190067,0.980076789855957,0.0160149317234755,0.00182585569564253,-1.73019940057863,-0.050230494469551,-0.0225846621605622,-0.0269937961383673,-0.0283466207264485,-0.00942960731708144,0.0409578794033239,0.97983855009079,1.18117356300354,0.989746391773224,0.0372954445470657,0.000778111508044089,-0.0412846910625615,-0.175010164580241,-0.171736876171298,0.0517169634505529,0.170677448068732,0.0559018527547877,0.0279276805939967,0,0.0811737706601996,0,0,10944.24,16.7811171
0.0186884250442389,-0.497077551262086,0.980076789855957,0.0160149317234755,0.00182585569564253,-1.73019940057863,-0.050230494469551,-0.0225846621605622,-0.0269937961383673,-0.0198426345085139,-0.006600725121957,0.0286705155823267,0.968936800956726,1.17021286487579,0.992654621601105,0.0312132443497011,-0.000433599063073002,-0.0423546111642747,-0.155739273344415,-0.156581401825602,0.0415461403984707,-0.0868885742484274,-0.0173101510160304,-0.0152845728816804,0,0.108296060236061,0,0,10944.31,16.8478142
0.0182447594670221,-0.498562002640303,0.99107038974762,0.0186305698007345,0.00719379913061857,-1.72807652155031,-0.0133099673165061,-0.044533541346497,-0.124210485875332,-0.0374305868512913,-0.0529319985001543,0.00096344965274588,0.95772647857666,1.15938675403595,0.997512638568878,0.012142315032312,0.0174707559223106,-0.0423541653465241,-0.160147462568875,-0.154658726280106,0.0694002423952485,-0.272441847385326,0.255776499785612,6.36882500890088e-06,0,0.139907252613403,0,0,10944.38,16.9145379
0.0178010938898052,-0.500046454018519,0.99107038974762,0.0186305698007345,0.00719379913061857,-1.72807652155031,-0.0133099673165061,-0.044533541346497,-0.0252680868503687,-0.0262014107959039,-0.037052398950108,0.000674414756922116,0.947810053825378,1.14918196201324,0.999336361885071,0.0134650419638687,0.0113217293697806,-0.0403826636216137,-0.165273745856099,-0.170079867046528,0.0303953886034685,0.0220454488594653,-0.102483775876371,0.0328583620821181,0,0.17527788035878,0,0,10944.44,16.9812446
0.0173574283125883,-0.501530905396736,0.99107038974762,0.0186305698007345,0.00719379913061857,-1.72807652155031,-0.0133099673165061,-0.044533541346497,-0.0252680868503687,-0.0183409875571328,-0.0259366792650756,0.000472090329845481,0.935998737812042,1.13806056976318,0.999509453773499,0.0100980083009184,-0.0019952441287059,-0.0431007434168558,-0.168733085905504,-0.15887703214439,0.00247274126326363,-0.0481004808994894,-0.190242478550598,-0.0388297113607627,0,0.213531535547705,0,0,10944.51,17.0480147
0.0169137627353715,-0.503015356774953,0.99107038974762,0.0186305698007345,0.00719379913061857,-1.72807652155031,-0.0133099673165061,-0.044533541346497,-0.0252680868503687,-0.0128386912899929,-0.0181556754855529,0.000330463230891837,0.925497174263,1.12848854064941,1.00065982341766,0.00787868494488466,-0.00414306277784347,-0.0440884246780308,-0.150022336415506,-0.136743273054419,0.0164338520595689,-0.0317046193720428,-0.0306831235592357,-0.0141097323025593,0,0.253526280049065,0,0,10944.58,17.1147681
0.0154902716414543,-0.50207079494297,1.00325453281403,0.0132396016269922,0.00479741767048836,-1.72592813173403,-0.0427047328175159,0.0283368549594901,-0.131351474823595,0.0395316296606856,0.0088584603012849,-0.0191041840849333,0.915346920490265,1.11888837814331,1.00374639034271,0.0144135670437289,-0.0076224764220161,-0.043172421219525,-0.169170896213696,-0.160002708436417,0.0514427820845838,0.108914701648328,-0.0579902274033693,0.0152667243085603,0,0.293999276360215,0,0,10944.64,17.1814522
0.0140667805475371,-0.501126233110987,1.00325453281403,0.0132396016269922,0.00479741767048836,-1.72592813173403,-0.0427047328175159,0.0283368549594901,-0.0216941872259391,0.0276721407624799,0.00620092221089943,-0.0133729288594533,0.904855608940125,1.11117827892303,1.0046021938324,0.00577628950312964,-0.00197467488622797,-0.0411005041720528,-0.149875879284448,-0.110144274572965,0.0122257641380911,-0.123389679148724,0.0806828790809264,0.029598814963242,0,0.333707453880643,0,0,10944.71,17.2481745
0.0126432894536199,-0.500181671279004,1.00325453281403,0.0132396016269922,0.00479741767048836,-1.72592813173403,-0.0427047328175159,0.0283368549594901,-0.0216941872259391,0.0193704985337359,0.0043406455476296,-0.00936105020161733,0.89511513710022,1.10552656650543,1.00645542144775,-0.0101066901113105,-0.00541908154532602,-0.0457468857714289,-0.162341197333124,-0.0941952069608419,0.0308871269228696,-0.264716326909584,-0.0574067776521214,-0.0774396933235917,0,0.371283234025747,0,0,10944.77,17.3148761
0.0132818202945334,-0.49905411762435,0.9922736287117,-0.00547262886539102,0.0118846641853452,-1.72691375414004,0.0191559252274077,0.0338266096395999,0.0960353170997977,0.181969423405064,-0.0607467667503706,0.0023178665129206,0.883928298950195,1.09906458854675,1.00815069675446,-0.0110761278520665,-0.00673045005563393,-0.0239040734510711,-0.159811973572442,-0.0923139708386581,0.0242182186672673,-0.0138491105822862,-0.0187338358616195,0.312040176006408,0,0.405431693912432,0,0,10944.84,17.381563
0.013920351135447,-0.497926563969697,0.9922736287117,-0.00547262886539102,0.0118846641853452,-1.72691375414004,0.0191559252274077,0.0338266096395999,-0.00279281982113126,0.127378596383545,-0.0425227367252594,0.00162250655904442,0.872164845466614,1.09727954864502,1.00993812084198,-0.0193850683678464,-0.00599336922387816,-0.0427711222447146,-0.168049335480435,-0.0255005700248689,0.0255346298218835,-0.118699150225921,0.0105297261679834,-0.269529268481742,0,0.434973599630372,0,0,10944.91,17.4483118
0.0145588819763606,-0.496799010315044,0.9922736287117,-0.00547262886539102,0.0118846641853452,-1.72691375414004,0.0191559252274077,0.0338266096395999,-0.00279281982113126,0.0891650174684815,-0.0297659157076816,0.0011357545913311,0.861336052417755,1.09581005573273,1.01153886318207,-0.0288005281181262,-0.0109001294408717,-0.0475682687380758,-0.154697043555767,-0.0209927558899799,0.0228677477156364,-0.134506567861698,-0.0700965745287703,-0.0685306641911585,0,0.458792357246716,0,0,10944.98,17.5150418
0.0163249805932233,-0.495590867930359,1.00667405128479,-0.00547262886539102,0.0118846641853452,-1.72691375414004,0.0529829585058792,0.0362442715405454,-0.152218351863642,0.0624155122279371,-0.0208361409953771,0.000795028213931767,0.852551281452179,1.0972398519516,1.01256430149078,-0.0336645237001632,-0.00284730791347378,-0.0481546149555159,-0.146412849423074,0.023829936980681,0.017090638478224,-0.081066593032182,0.134213692120369,-0.00977243695712161,0,0.476008558657088,0,0,10945.04,17.5817899
0.0180910792100859,-0.494382725545674,1.00667405128479,-0.00547262886539102,0.0118846641853452,-1.72691375414004,0.0529829585058792,0.0362442715405454,-0.022614548705836,0.0436908585595559,-0.014585298696764,0.000556519749752237,0.840155303478241,1.10047149658203,1.01179993152618,-0.0392126080485665,-0.0115620909107483,-0.0488270718720621,-0.177085399628422,0.0461663518635081,-0.010919570922897,-0.0792583478346616,-0.124496899961582,-0.00960652737927239,0,0.485941364857845,0,0,10945.11,17.6485113
0.0198571778269486,-0.493174583160989,1.00667405128479,-0.00547262886539102,0.0118846641853452,-1.72691375414004,0.0529829585058792,0.0362442715405454,-0.022614548705836,0.0305836009916892,-0.0102097090877348,0.000389563824826566,0.828659117221832,1.10671198368073,1.01042449474335,-0.0421307768752427,-0.0118500898533551,-0.0528215348121832,-0.164231232235093,0.0891498156959971,-0.0196490968977519,-0.0416881260955471,-0.00411427060868532,-0.0570637562876814,0,0.488177164613279,0,0,10945.18,17.715251
0.0215170673559287,-0.496017096564728,1.024298787117,-0.0402714610099792,0.00980118662118912,-1.72658521333803,0.0497966858694045,-0.0852754021121779,-0.171542840023894,0.334598009995477,0.0116045017159902,-0.00268417254063898,0.819190084934235,1.11439919471741,1.00916254520416,-0.0465113056463663,-0.0120441972345145,-0.0538994326348119,-0.157817204794634,0.12812018394579,-0.0210324923199214,-0.0730088128526798,-0.00323512301935056,-0.0179649637106298,0,0.482548083998935,0,0,10945.24,17.782045
0.0231769568849089,-0.498859609968468,1.024298787117,-0.0402714610099792,0.00980118662118912,-1.72658521333803,0.0497966858694045,-0.0852754021121779,-0.012920217533965,0.234218606996834,0.0081231512011931,-0.00187892077844729,0.808250367641449,1.1256058216095,1.00722897052765,-0.0386815502242494,-0.00763159709329028,-0.0523572790320287,-0.156281675611873,0.160094669887663,-0.0276224953788816,0.111853648887849,0.0630371448748935,0.0220307657541362,0,0.469174773316289,0,0,10945.31,17.8487935
0.024836846413889,-0.501702123372207,1.024298787117,-0.0402714610099792,0.00980118662118912,-1.72658521333803,0.0497966858694045,-0.0852754021121779,-0.012920217533965,0.163953024897783,0.00568620584083517,-0.0013152445449131,0.796834409236908,1.14029693603516,1.00655627250671,-0.0273643773998797,0.00156180953280781,-0.0471183301909748,-0.163085120061312,0.209873063219121,-0.00960997172743393,0.161673897487466,0.131334380369963,0.0748421262991374,0,0.44844155220896,0,0,10945.38,17.9155173
0.026497524483606,-0.504543830534747,1.01078176498413,-0.0414901115000248,0.00943232048302889,-1.72604614893068,0.0498203420915102,-0.0852512148762017,0.108699499200559,0.125734971838858,0.00730013933202668,-0.00577225084757687,0.786206364631653,1.15672147274017,1.00580143928528,-0.0348101673703781,-0.00319566618762829,-0.0482166681391305,-0.177134076755756,0.273742278419275,-0.0125805536906992,-0.12409649950936,-0.0792912620079414,-0.0183056324694176,0,0.420964068957101,0,0,10945.44,17.9822421
0.028158202553323,-0.507385537697287,1.01078176498413,-0.0414901115000248,0.00943232048302889,-1.72604614893068,0.0498203420915102,-0.0852512148762017,-0.0129536999953024,0.0880144802872009,0.00511009753241868,-0.00404057559330381,0.77646404504776,1.1743403673172,1.00491106510162,-0.0346815027824858,-0.0032334284996457,-0.0509804481303758,-0.13917599405619,0.251698493958566,-0.0127196311951212,0.00183806554132717,-0.000539461600251,-0.0394825713036682,0,0.387584459580673,0,0,10945.51,18.0489523
0.02981888062304,-0.510227244859827,1.01078176498413,-0.0414901115000248,0.00943232048302889,-1.72604614893068,0.0498203420915102,-0.0852512148762017,-0.0129536999953024,0.0616101362010406,0.00357706827269307,-0.00282840291531266,0.765785038471222,1.19624149799347,1.00338840484619,-0.0240857610257146,0.00435928243331591,-0.0448839573210546,-0.177983442943812,0.365018844607591,-0.0253776709240842,0.176595695947685,0.126545182217101,0.101608180156216,0,0.349322550593563,0,0,10945.57,18.1156368
0.0337830868959711,-0.517912711231701,1.01968789100647,-0.0471933074295521,0.00919175613671541,-1.72344047227968,0.118926188187933,-0.230563991156222,-0.0890341457739897,0.094455858706474,0.00466902690770644,-0.0254309718997277,0.755439102649689,1.22123408317566,1.00133013725281,-0.0134220684566811,0.00214034998382087,-0.0469675291564464,-0.129324197769283,0.312407314777658,-0.0257283449173208,0.13329615711304,-0.0277366556187131,-0.0260446479424211,0,0.307293390696872,0,0,10945.65,18.1823405
0.0377472931689022,-0.525598177603575,1.01968789100647,-0.0471933074295521,0.00919175613671541,-1.72344047227968,0.118926188187933,-0.230563991156222,-0.00887901157293986,0.0661191010945318,0.00326831883539451,-0.0178016803298094,0.746120810508728,1.24430704116821,0.998841643333435,-0.0210654772375868,-0.00697845089969874,-0.0506258880319056,-0.155304869012622,0.384549299867501,-0.041474898655304,-0.127390146345649,-0.15198001472201,-0.0609726479229895,0,0.262706596914795,0,0,10945.71,18.2490771
0.0417114994418333,-0.533283643975449,1.01968789100647,-0.0471933074295521,0.00919175613671541,-1.72344047227968,0.118926188187933,-0.230563991156222,-0.00887901157293986,0.0462833707661722,0.00228782318477615,-0.0124611762308665,0.735281527042389,1.27301228046417,0.996774911880493,-0.0126732819468199,-0.00458915111352426,-0.0526657004232347,-0.154846906662631,0.41007484708684,-0.0295247350421498,0.119888504154312,0.0341328540883488,-0.0291401770191086,0,0.216803881043001,0,0,10945.78,18.3158585
0.048292992233007,-0.54441606439695,1.01505160331726,-0.0471933074295521,0.00919175613671541,-1.72344047227968,0.197444783735211,-0.333972612645011,0.0459405602372379,0.0323983595363206,0.00160147622934331,-0.00872282336160658,0.725964665412903,1.2979724407196,0.994971096515656,-0.0158603015100253,-0.00575327490285023,-0.0533455159756177,-0.15528102715942,0.4160026709274,-0.030063589414216,-0.0531169927205404,-0.0194020631555976,-0.0113302592064799,0,0.170895935768667,0,0,10945.84,18.3825681
0.054887877755698,-0.555538572528177,1.01505160331726,-0.0341797098517418,0.0108715742826462,-1.721816841756,0.197846565680732,-0.333675243936823,0.00610071405299408,-0.0944435265248682,-0.0139973299528366,-0.0207186510662594,0.715653300285339,1.32974398136139,0.993652105331421,-0.00935314250670487,-0.00585891210204314,-0.0504178038383974,-0.147305216108662,0.453879152027382,-0.01884273120343,0.0929594143335353,-0.00150910284561914,0.0418244591033212,0,0.126132496564386,0,0,10945.91,18.4492134
0.0614827632783891,-0.566661080659404,1.01505160331726,-0.0341797098517418,0.0108715742826462,-1.721816841756,0.197846565680732,-0.333675243936823,0.00610071405299408,-0.0661104685674077,-0.00979813096698561,-0.0145030557463816,0.704541862010956,1.36317873001099,0.992656826972961,0.014481085501693,-0.00134630825751501,-0.0419264487787753,-0.158734832491853,0.477639266424803,-0.0142182622637659,0.340488971549957,0.0644657692078127,0.12130507228082,0,0.0834643259111254,0,0,10945.98,18.5159257
0.0682607634993014,-0.578942442080384,1.00426423549652,-0.0159182380884886,0.0121925976127386,-1.72097617784609,0.203340006627368,-0.368440842629401,0.108674179631672,-0.210630573866464,-0.0187479016477218,-0.0177181142116761,0.693430006504059,1.39484632015228,0.990997850894928,0.0246569738750767,0.0130320832802457,-0.0481969230959336,-0.158740792952206,0.452394144865788,-0.0236996582571034,0.145369833902309,0.205405593392098,-0.0895782045288765,0,0.0438450439864089,0,0,10946.05,18.5825983
0.0750387637202136,-0.591223803501364,1.00426423549652,-0.0159182380884886,0.0121925976127386,-1.72097617784609,0.203340006627368,-0.368440842629401,0.0115878692450141,-0.147441401706525,-0.0131235311534053,-0.0124026799481733,0.685990929603577,1.42250299453735,0.989850163459778,0.0143504653284782,-0.000149508234761667,-0.0520272799662837,-0.123984615009089,0.460944573088426,-0.0191281239193315,-0.171775142444766,-0.219693191918654,-0.063839281173045,0,0.00786964427616649,0,0,10946.11,18.6494268
0.0818167639411259,-0.603505164922344,0.990806221961975,-0.0159182380884886,0.0121925976127386,-1.72097617784609,0.203340006627368,-0.368440842629401,0.132709991055927,-0.103208981194568,-0.00918647180738368,-0.00868187596372128,0.674747347831726,1.45499491691589,0.989723324775696,0.0218275722721227,0.00282889787222669,-0.0490019794502582,-0.16062259674139,0.464170319695359,-0.00181198120117941,0.106815813481079,0.0425486586714391,0.043218578800545,0,-0.0240409979406526,0,0,10946.18,18.7166539
0.0872136465581709,-0.616758017734852,0.990806221961975,0.00170062994584441,0.00681540369987488,-1.7188609282123,0.161906478511351,-0.397585584375212,0.00570973395503233,-0.230816099145194,0.041964214950605,-0.0251145598787065,0.66487193107605,1.48209512233734,0.990721046924591,0.0278711720517939,0.00692293693705035,-0.0499270957653998,-0.164590279262668,0.451670090361297,0.0166287024817289,0.100726662995375,0.0682339844143069,-0.0154186052524914,0,-0.051180510236054,0,0,10946.24,18.7833701
0.092610529175216,-0.630010870547359,0.990806221961975,0.00170062994584441,0.00681540369987488,-1.7188609282123,0.161906478511351,-0.397585584375212,0.00570973395503233,-0.161571269401636,0.0293749504654235,-0.0175801919150945,0.655015766620636,1.51379096508026,0.992280900478363,0.0284800892914694,0.00749773124532333,-0.0543511750563477,-0.14080234936364,0.452797753472167,0.0222836221968351,0.00869881770968496,0.00821134726107665,-0.0632011327280903,0,-0.0736885818446746,0,0,10946.31,18.8499228
0.098007411792261,-0.643263723359866,0.990806221961975,0.00170062994584441,0.00681540369987488,-1.7188609282123,0.161906478511351,-0.397585584375212,0.00570973395503233,-0.113099888581145,0.0205624653257965,-0.0123061343405662,0.644927561283112,1.54304718971252,0.99403703212738,0.0126907115634073,0.00612038384559158,-0.0563528663122293,-0.144117219104346,0.417946066166065,0.0250875949854143,-0.225562538967392,-0.0196763914243098,-0.0285955893691119,0,-0.091842372633946,0,0,10946.38,18.9167842
0.104366533885919,-0.659724239513283,0.980637192726135,0.0142485126852989,0.00897647812962532,-1.71825200716128,0.190773662809737,-0.493815484602503,0.0932839213497006,-0.192100866661892,-0.00505594413969647,-0.0140945834976248,0.634475708007812,1.57291150093079,0.994440257549286,0.0227580497159875,-0.00118354279302657,-0.0458418832552235,-0.14931218964775,0.426633017405513,0.00576036317010277,0.143819116466029,-0.10434180912355,0.150156900814992,0,-0.105810412274527,0,0,10946.45,18.9834634
0.110725655979577,-0.676184755666699,0.980637192726135,0.0142485126852989,0.00897647812962532,-1.71825200716128,0.190773662809737,-0.493815484602503,0.00176265822714205,-0.134470606663325,-0.00353916089778753,-0.00986620844833738,0.62505841255188,1.59672248363495,0.997181594371796,-0.00128812737588357,-0.00664872677673292,-0.0608966717883117,-0.156954924266876,0.396849711739412,0.0456889470422173,-0.400769618201252,-0.0910863997292124,-0.250913142220267,0,-0.11611466873635,0,0,10946.51,19.0501262
0.117084778073235,-0.692645271820116,0.990668475627899,0.0142485126852989,0.00897647812962532,-1.71825200716128,0.190773662809737,-0.493815484602503,-0.0885188878887332,-0.0941294246643272,-0.00247741262845127,-0.00690634591383617,0.614734053611755,1.62323188781738,1.0004495382309,0.0257690354891011,-0.00271603898281205,-0.0587196242066952,-0.147490842002392,0.378705774036347,0.0466849122730561,0.386530898072817,0.0561812541991032,0.0311006797375089,0,-0.123379946872495,0,0,10946.58,19.1171445
0.119770930440093,-0.702652822727485,0.990668475627899,0.0252284072339535,0.00947642885148525,-1.71751052538027,0.0805845710057457,-0.300226527221074,-0.00520379055278238,-0.16470964820292,-0.00623374533665528,-0.0115077781687381,0.604683578014374,1.64518642425537,1.00345146656036,0.0195477718256424,-0.00946679159028178,-0.0620695682344369,-0.167507926624448,0.365908940636244,0.0500321388248876,-0.103687727725192,-0.112512543458784,-0.0558324004628367,0,-0.128206781260202,0,0,10946.64,19.1838349
0.122457082806951,-0.712660373634854,0.990668475627899,0.0252284072339535,0.00947642885148525,-1.71751052538027,0.0805845710057457,-0.300226527221074,-0.00520379055278238,-0.115296753742044,-0.00436362173565869,-0.00805544471811664,0.594255268573761,1.67122960090637,1.006476521492,0.00162483739701354,-0.0127728204647582,-0.0608140787298936,-0.14897584914836,0.372045380720464,0.0432150704510656,-0.256041920403396,-0.0472289839200611,0.0179355643502276,0,-0.131356846393699,0,0,10946.71,19.2505586
0.125143235173809,-0.722667924542224,0.980162858963013,0.0252284072339535,0.00947642885148525,-1.71751052538027,0.0805845710057457,-0.300226527221074,0.0893467594311959,-0.0807077276194308,-0.00305453521496108,-0.00563881130268165,0.582951128482819,1.69309675693512,1.01022136211395,0.0209859048801867,-0.00430189635063946,-0.0514989202299278,-0.161487715585563,0.312387943269121,0.0534977231709116,0.276586678332195,0.121013201630771,0.133073692857207,0,-0.133549375172763,0,0,10946.78,19.3172517
0.126827501462068,-0.72791206531752,0.980162858963013,0.0252284072339535,0.00947642885148525,-1.71751052538027,0.0505279886477597,-0.157324223258886,-0.000212548150082531,-0.0564954093336016,-0.00213817465047276,-0.00394716791187715,0.572631478309631,1.71652948856354,1.01349747180939,0.0188967123502588,-0.00177020863255763,-0.0555043521694754,-0.147423573903288,0.334753308978791,0.0468015670778313,-0.0298456075705228,0.0361669674013193,-0.0572204562794894,0,-0.135474285236716,0,0,10946.85,19.3839272
0.128506580412776,-0.73315787654837,0.980162858963013,0.0259588062763214,0.00882460828870535,-1.71849376360048,0.0503723685212365,-0.157374336925505,-0.000107592978879743,-0.0461203779148325,0.0043696628096882,0.00608612644361959,0.562187194824219,1.73456585407257,1.01345705986023,0.0125615089529663,0.00565201451168652,-0.0549466609690174,-0.174071391425021,0.300606091819772,-0.000673532485967631,-0.105586723289103,0.123703719071786,0.00929485334104632,0,-0.137754826691005,0,0,10946.91,19.4506393
0.130185659363484,-0.73840368777922,1.00749373435974,0.0259588062763214,0.00882460828870535,-1.71849376360048,0.0503723685212365,-0.157374336925505,-0.246085471549436,-0.0322842645403828,0.00305876396678174,0.00426028851053371,0.551673650741577,1.75503623485565,1.01404809951782,0.0130376411309895,0.00650817395802186,-0.0589578477398484,-0.150193486895504,0.292434011188088,0.00844342367993187,0.00680188825750236,0.0122308492334128,-0.0573026681549671,0,-0.140913972452296,0,0,10946.98,19.5173018
0.131266360116648,-0.745056461075125,1.00749373435974,0.026681762188673,0.00686021381989121,-1.71850139299502,0.0324210225949308,-0.199583198877137,-0.0137120048923025,-0.0291055883894324,0.0198206849960744,0.00305086650815485,0.542546570301056,1.77044773101807,1.01574397087097,0.00886249763249197,0.00486336794185197,-0.0560294939746956,-0.1521180073387,0.256858269367969,0.0282645225518733,-0.0695857249734403,-0.0274134336022331,0.0488058960848152,0,-0.145364949967553,0,0,10947.04,19.5839977
0.132347060869812,-0.751709234371029,1.00749373435974,0.026681762188673,0.00686021381989121,-1.71850139299502,0.0324210225949308,-0.199583198877137,-0.0137120048923025,-0.0203739118726027,0.0138744794972521,0.00213560655570839,0.531872451305389,1.78848838806152,1.01815795898438,0.0252679160150789,0.0144252465832064,-0.0527885727104604,-0.152487414224441,0.257723672050458,0.0344855444773337,0.234363119752216,0.136598266305631,0.0462988752035515,0,-0.151391729180833,0,0,10947.11,19.6507536
0.133427761622977,-0.758362007666934,1.00260663032532,0.026681762188673,0.00686021381989121,-1.71850139299502,0.0324210225949308,-0.199583198877137,0.0302719314175119,-0.0142617383108219,0.00971213564807647,0.00149492458899588,0.520976185798645,1.80639410018921,1.02191197872162,0.0553683104583479,0.0137571129254213,-0.0507923618144611,-0.155660935811281,0.255795887539429,0.053628853389418,0.430005634905631,-0.00954476653982703,0.0285172985143941,0,-0.159135789590903,0,0,10947.18,19.7175259
0.133033382651422,-0.761401623844967,1.00260663032532,0.026681762188673,0.00686021381989121,-1.71850139299502,-0.0118313691466351,-0.0911884853410123,0.00638997903879725,-0.00998321681757531,0.00679849495365353,0.00104644721229711,0.512868642807007,1.82082116603851,1.02200031280518,0.0546781646237276,0.0140031759089035,-0.048144606825789,-0.13512571652845,0.240451097490444,0.00147223472596465,-0.0115024305771031,0.0041010497247389,0.0441292498115775,0,-0.168588182766393,0,0,10947.24,19.784201
0.132643280869189,-0.764442181283745,1.00260663032532,0.0279662050306797,0.00816178135573864,-1.71693951288332,-0.0117030534670029,-0.0912167231633311,0.00630774886967959,-0.0185482373503629,-0.00695516135506936,-0.013324407956641,0.501950204372406,1.83494806289673,1.02337503433228,0.0540412341558215,0.0166907109679963,-0.0528177717886903,-0.155977691923518,0.201812812261058,0.0196388789586475,-0.00909900668441034,0.0383933579871992,-0.066759499470297,0,-0.179645170106679,0,0,10947.31,19.8509027
0.132253179086955,-0.767482738722523,0.99789297580719,0.0279662050306797,0.00816178135573864,-1.71693951288332,-0.0117030534670029,-0.0912167231633311,0.0487306395328266,-0.012983766145254,-0.00486861294854855,-0.00932708556964873,0.491562217473984,1.84849321842194,1.02401149272919,0.0352491085298039,0.00805887975310883,-0.0592507847995536,-0.148399812831364,0.193502221784455,0.00909226281282469,-0.268458937508678,-0.123311874495701,-0.0919001858674697,0,-0.192075223011313,0,0,10947.38,19.9176083
0.131979597411188,-0.770862421631776,0.99789297580719,0.0298966020345688,0.0082925483584404,-1.71731836000551,-0.00820745027303179,-0.101390487277581,0.00945842246819631,-0.0264622093366796,-0.00458493208829982,-0.00311933579902267,0.482553213834763,1.85914051532745,1.02372717857361,0.0235566298660347,0.00423361284856616,-0.0662903859592008,-0.150150060654961,0.177454948426799,-0.00473856925968378,-0.194874644397806,-0.0637544484095858,-0.117326685995116,0,-0.205567612223475,0,0,10947.44,19.9843539
0.13170601573542,-0.774242104541028,0.99789297580719,0.0298966020345688,0.0082925483584404,-1.71731836000551,-0.00820745027303179,-0.101390487277581,0.00945842246819631,-0.0185235465356757,-0.00320945246180987,-0.00218353505931587,0.471364438533783,1.8721319437027,1.0251704454422,0.0529325527404923,0.017573694610242,-0.0506898884480037,-0.159839647157516,0.185591833932831,0.0206180981228187,0.419656041065424,0.190572596596162,0.222864250160886,0,-0.219716643046198,0,0,10947.51,20.0510326
0.131432434059652,-0.777621787450281,1.01299405097961,0.0298966020345688,0.0082925483584404,-1.71731836000551,-0.00820745027303179,-0.101390487277581,-0.126451254083623,-0.012966482574973,-0.00224661672326691,-0.00152847454152111,0.460241556167603,1.88265180587769,1.02512514591217,0.0515219798784324,0.0127345960816148,-0.0565193488121384,-0.158898319517524,0.150283745357593,-0.00064713614327836,-0.0201510408866531,-0.0691299789806762,-0.0832780052022715,0,-0.234120674441832,0,0,10947.58,20.117743
0.131444041464529,-0.779853542015143,1.01299405097961,0.0336523577570915,0.00989934895187616,-1.71919304529299,0.000348222146312575,-0.0669526369458709,-0.00276632882326925,-0.0428783393051857,-0.0160338370472087,0.0158022354082155,0.449772000312805,1.89197015762329,1.02466726303101,0.0434708554292561,0.0127633570791357,-0.0569167991058147,-0.149565083640584,0.13311931065206,-0.00654118401666364,-0.11501606356014,0.000410871393157103,-0.00567786133825586,0,-0.248335701835764,0,0,10947.65,20.1844355
0.131455648869406,-0.782085296580006,1.01299405097961,0.0336523577570915,0.00989934895187616,-1.71919304529299,0.000348222146312575,-0.0669526369458709,-0.00276632882326925,-0.03001483751363,-0.0112236859330461,0.0110615647857508,0.440378338098526,1.89885854721069,1.0239075422287,0.0528871062006746,0.0116141402043313,-0.0546173201627697,-0.156561036901236,0.114806493120866,-0.0126620133715091,0.156937512853549,-0.0191536145796549,0.0383246490499131,0,-0.261952756044384,0,0,10947.71,20.25116
0.13189618351032,-0.783384896520344,1.01299405097961,0.0336523577570915,0.00989934895187616,-1.71919304529299,0.0132160392274183,-0.0389879982101355,0.0163436288401374,-0.021010386259541,-0.00785658015313227,0.00774309535002559,0.429169625043869,1.90575778484344,1.02290868759155,0.0498621705448787,0.0138736921614973,-0.0580969640472999,-0.160124472210051,0.098560537611145,-0.0142693519592878,-0.04321336651155,0.0322793136739346,-0.0497091983506373,0,-0.274576664487325,0,0,10947.78,20.3178532
0.132336718151234,-0.784684496460682,1.01299405097961,0.0336523577570915,0.00989934895187616,-1.71919304529299,0.0132160392274183,-0.0389879982101355,0.0163436288401374,-0.0147072703816787,-0.00549960610719259,0.00542016674501792,0.419089078903198,1.91026616096497,1.02246737480164,0.0376166619191718,0.00758920102674057,-0.052638358357089,-0.168009102345939,0.0751396020259878,-0.00735521316534564,-0.20409181043018,-0.104741518913501,0.0909767615042859,0,-0.285886437178496,0,0,10947.84,20.3845381
0.132766960661644,-0.785984797089477,1.00389897823334,0.0433809943497181,0.0111251063644886,-1.72112232843508,0.0129072753122841,-0.0390090188638787,0.0982953364065564,-0.0978528186008142,-0.0148815409885468,0.0211576650003211,0.408663630485535,1.91373431682587,1.02375733852386,0.0666540101760511,0.0138109211553765,-0.0527263362740518,-0.148934977395813,0.0495450837273614,0.0184280531747767,0.414819260814286,0.0888817161237402,-0.00125682738518739,0,-0.295628944203437,0,0,10947.91,20.4512367
0.12982498482277,-0.788106474029127,1.01261961460114,0.0433809943497181,0.0111251063644886,-1.72112232843508,-0.0882592751662164,-0.0636503081894782,-0.0773454346406573,-0.06849697302057,-0.0104170786919827,0.0148103655002248,0.399864017963409,1.91589415073395,1.02408075332642,0.0617608930958367,0.000241472070965178,-0.056724624037176,-0.125708750316598,0.0308547701155719,0.00462021146503735,-0.0699016725747822,-0.193849272635254,-0.0571183966162978,0,-0.30362571735343,0,0,10947.98,20.5179658
0.126881826972636,-0.790226727772004,1.01261961460114,0.0493317507207394,0.00869543291628361,-1.72149140039553,-0.0882947355040154,-0.0636076122863087,0.000945993445154964,-0.10150468845359,0.014575105949457,0.0136889034942003,0.385173141956329,1.91515100002289,1.02123641967773,0.0547943398029475,0.0102905169801998,-0.0503318428017177,-0.20986965723942,-0.0106164387291907,-0.0406333378374222,-0.0995221898962444,0.143557784414504,0.0913254462188399,0,-0.309766897064312,0,0,10948.05,20.5846292
0.123938669122502,-0.792346981514881,1.01261961460114,0.0493317507207394,0.00869543291628361,-1.72149140039553,-0.0882947355040154,-0.0636076122863087,0.000945993445154964,-0.0710532819175133,0.0102025741646199,0.00958223244594023,0.375453412532806,1.91296076774597,1.02119731903076,0.0638795682563703,0.0128223758205237,-0.0599774804455582,-0.161995490393424,-0.0365038712822516,-0.000651677449549803,0.151420474224999,0.0421976473390888,-0.160760627398707,0,-0.314038417398436,0,0,10948.11,20.651321
0.120824889102268,-0.791076187067327,1.01168048381805,0.0493317507207394,0.00869543291628361,-1.72149140039553,-0.0934134006070135,0.0381238334266231,0.0112020335542954,-0.0497372973422593,0.00714180191523395,0.00670756271215816,0.363881677389145,1.90993070602417,1.02160131931305,0.0830392662098524,0.0165232792257272,-0.0500094290060429,-0.165310502052994,-0.0432865960259194,0.00577143260413253,0.273709970765167,0.0528700486459849,0.142400734850811,0,-0.316480009112794,0,0,10948.18,20.7180543
0.117711109082035,-0.789805392619772,1.01168048381805,0.0493317507207394,0.00869543291628361,-1.72149140039553,-0.0934134006070135,0.0381238334266231,0.00274985650656586,-0.0348161081395815,0.00499926134066377,0.00469529389851071,0.352027982473373,1.90345776081085,1.01995766162872,0.0747797363573486,0.0163037284098919,-0.05169096845859,-0.16933849879744,-0.0924706459049255,-0.0234808240619001,-0.117993283607687,-0.00313644022623133,-0.0240219921793453,0,-0.317182647926967,0,0,10948.25,20.7847266
0.114597465649789,-0.788533078241048,1.01168048381805,0.0531651750206947,0.00928522553294897,-1.72194534937014,-0.0934093029673563,0.0381694313617314,0.00249643786822121,-0.0588720943973054,-0.00180865061152364,0.00737224650044187,0.342026829719543,1.89574527740479,1.01786172389984,0.0458141146888119,-0.00211746544434035,-0.0594323952301822,-0.166685879231914,-0.128541390102206,-0.0349322954816605,-0.482760361146377,-0.307019897573144,-0.129023779527632,0,-0.31627676189167,0,0,10948.31,20.8514475
0.109876601433798,-0.785744050872129,1.0061537027359,0.0531651750206947,0.00928522553294897,-1.72194534937014,-0.141625926479737,0.0836708210675856,0.0593675350103488,-0.0412104660781138,-0.00126605542806654,0.00516057255030931,0.330828279256821,1.88770222663879,1.01752209663391,0.0582010711167082,0.0189755434914461,-0.0582406363546706,-0.159979292321119,-0.114900725225938,-0.00485181808461089,0.176956520394657,0.301328699076086,0.0170251267926521,0,-0.313906293321588,0,0,10948.38,20.9181488
0.105153733907336,-0.78295635025805,1.0061537027359,0.055242408066988,0.00822265073657036,-1.7215157190906,-0.141686025793855,0.0836310184223514,0.00935891994783553,-0.047542423671319,0.00867693436776093,-0.000254271730652624,0.32008096575737,1.87594962120056,1.01656222343445,0.0702434233860169,0.0130004326647952,-0.0517855308630592,-0.179121891659032,-0.195876757305536,-0.0159978866578506,0.200705871156848,-0.099585180445028,0.107585091527769,0,-0.310210929858424,0,0,10948.44,20.984843
0.100430866380875,-0.780168649643972,1.0061537027359,0.055242408066988,0.00822265073657036,-1.7215157190906,-0.141686025793855,0.0836310184223514,0.00935891994783553,-0.0332796965699233,0.00607385405743265,-0.000177990211456837,0.308645725250244,1.86395478248596,1.01516115665436,0.0588478228624112,0.00551275318908227,-0.0594225136091562,-0.163360578673906,-0.171354838780707,-0.0200152397156594,-0.162794293195044,-0.106966849653486,-0.109099753516125,0,-0.305304767099727,0,0,10948.51,21.0515491
0.0944197222946103,-0.776415333978896,1.0047847032547,0.055242408066988,0.00822265073657036,-1.7215157190906,-0.180334322587929,0.112599469952287,0.0185816511377342,-0.0232957875989463,0.00425169784020286,-0.000124593148019786,0.297309130430222,1.84925758838654,1.01494443416595,0.0740002590328371,0.0190387564890267,-0.0515004208379769,-0.161951354572425,-0.209959915706963,-0.00309603554863173,0.216463373864127,0.193228618571438,0.113172753874461,0,-0.299262879636036,0,0,10948.58,21.1182547
0.0884089389553595,-0.772660172250395,1.0047847032547,0.0567762739956379,0.00592761253938079,-1.72169143358339,-0.180323500177523,0.112654851855023,0.00591570929043737,-0.0301118446771115,0.0236315322628481,0.00149421523156681,0.284968316555023,1.83244621753693,1.01365792751312,0.0668523163048383,0.00938133521408149,-0.0556741742393363,-0.176297341074995,-0.240162440709704,-0.0183786664691054,-0.102113467543265,-0.137963161071219,-0.0596250485910966,0,-0.292101768238624,0,0,10948.65,21.1849941
0.0823981556161087,-0.768905010521894,1.0047847032547,0.0567762739956379,0.00592761253938079,-1.72169143358339,-0.180323500177523,0.112654851855023,0.00591570929043737,-0.0210782912739781,0.0165420725839937,0.00104595066209677,0.275300472974777,1.81673908233643,1.01138508319855,0.0604799898481972,0.00809396533208625,-0.0533389619414097,-0.161130726333916,-0.261785586669294,-0.0378807385754264,-0.1062054409417,-0.0214561646994522,0.0389202049645929,0,-0.283781145576783,0,0,10948.71,21.2517404
0.0749177123761542,-0.763883468667977,1.0047847032547,0.0567762739956379,0.00592761253938079,-1.72169143358339,-0.224413297198638,0.150646255617517,-0.000283072635241084,-0.0147548038917846,0.0115794508087956,0.000732165463467739,0.262119621038437,1.79727065563202,1.0100222826004,0.0529700296653418,0.00600059470874027,-0.0494260697475285,-0.188297884805645,-0.278120381492681,-0.0194685799735742,-0.107285145469808,-0.0299052946193527,0.0558984599128208,0,-0.274197998169766,0,0,10948.78,21.31846
0.0674372691361996,-0.75886192681406,1.0047847032547,0.0567762739956379,0.00592761253938079,-1.72169143358339,-0.224413297198638,0.150646255617517,-0.000283072635241084,-0.0103283627242492,0.00810561556615691,0.000512515824427417,0.250767558813095,1.77476263046265,1.0091118812561,0.0625671949260203,0.024706476828613,-0.0435971747915737,-0.162172317505557,-0.321543216706659,-0.0130057334900443,0.137102360867405,0.267226887427864,0.0832699279425583,0,-0.263173771117703,0,0,10948.85,21.3852087
0.0599613087341551,-0.753833774043639,1.00970530509949,0.0527747198939323,0.0082697831094265,-1.72260672250857,-0.224278812061335,0.150844583112629,-0.0436947443725184,0.0287841330083755,-0.0154056042341016,0.00859636140363728,0.242211550474167,1.75496160984039,1.00786733627319,0.0516626340370809,0.0069081130356965,-0.061420709425472,-0.142600138983348,-0.330017010373692,-0.020742416382012,-0.181742681483866,-0.296639396551126,-0.297058910567493,0,-0.250501167549775,0,0,10948.91,21.4518927
0.0529438903028672,-0.747228663603977,1.0032240152359,0.0527747198939323,0.0082697831094265,-1.72260672250857,-0.210522552938637,0.198153313189857,0.0595325843855114,0.0201488931058628,-0.0107839229638711,0.0060174529825461,0.229962348937988,1.72709631919861,1.00598418712616,0.054513003791145,-0.0128286293553356,-0.0326662268897775,-0.153115019202372,-0.348316133022625,-0.0235393643379426,0.035629621925834,-0.246709279888125,0.359431031696508,0,-0.235170321395627,0,0,10948.99,21.5217067
0.0459264718715793,-0.740623553164315,1.0032240152359,0.0527747198939323,0.0082697831094265,-1.72260672250857,-0.210522552938637,0.198153313189857,0.00120097561323356,0.014104225174104,-0.00754874607470976,0.00421221708778227,0.218821331858635,1.7055891752243,1.00535011291504,0.0515094514622137,0.00694953369075794,-0.0537177956169166,-0.185683617985169,-0.358452399563912,-0.0105679035184461,-0.0500592054810961,0.32963605076103,-0.350859478777993,0,-0.21823255479486,0,0,10949.05,21.5884978
0.0389082306673812,-0.734019273826644,1.0032240152359,0.0521831065416336,0.00645654462277889,-1.72247940698733,-0.210547236125941,0.198128380130121,0.00109135514250951,0.0151974777925614,0.0110350241275316,0.00180271227028548,0.208066254854202,1.67984521389008,1.00473856925964,0.0651961349695512,0.0135075353434122,-0.04496201303979,-0.15364395720682,-0.367770876204794,-0.00873633793425786,0.195524050105634,0.0936857378954505,0.125082608245186,0,-0.19880657952235,0,0,10949.12,21.6552336
0.0309750025300408,-0.723949726195314,1.0032240152359,0.0521831065416336,0.00645654462277889,-1.72247940698733,-0.237996844120214,0.302086428939911,0.00568518155210492,0.010638234454793,0.00772451688927214,0.00126189858919983,0.197635591030121,1.65400946140289,1.00374007225037,0.0495985808276367,0.0101305776008185,-0.0543052232199191,-0.173844397069499,-0.430595874790032,-0.0166416168214303,-0.259959235700782,-0.0562826290437064,-0.15572016967014,0,-0.176650488683471,0,0,10949.18,21.721909
0.0230417743927003,-0.713880178563983,1.0032240152359,0.0521831065416336,0.00645654462277889,-1.72247940698733,-0.237996844120214,0.302086428939911,0.00568518155210492,0.0074467641183551,0.0054071618224905,0.000883329012439884,0.18763692677021,1.62711620330811,1.000896692276,0.0282895608773596,-0.011085462652551,-0.063656334393467,-0.142838060856459,-0.384189401355706,-0.0406197139196722,-0.30441457071951,-0.30308628933511,-0.133587302479812,0,-0.151539686867096,0,0,10949.25,21.7886205
0.015108052774573,-0.703814614875134,0.995199978351593,0.0426615290343761,0.00894803646951914,-1.72221094766726,-0.238011648543819,0.301966910665466,0.0802315672138576,0.0909069324481657,-0.0186384133449189,-0.00179780357190732,0.175262570381165,1.59680187702179,1.00198805332184,0.0280639015966863,0.00384000231460253,-0.0624278629874505,-0.176776519844245,-0.433061804092028,0.0155908720834563,-0.00322370400963118,0.213220928103079,0.0175495915145946,0,-0.12337318421198,0,0,10949.32,21.8553304
0.00663204132498654,-0.69609319077786,0.978892683982849,0.0426615290343761,0.00894803646951914,-1.72221094766726,-0.254280343487593,0.231642722918229,0.151002412807969,0.063634852713716,-0.0130468893414432,-0.00125846250033512,0.166061162948608,1.57202005386353,1.00183987617493,0.0345810221611862,0.00353911826870416,-0.057763155473773,-0.153356790539255,-0.413030385962054,-0.00246961911513978,0.108618676072628,-0.00501473409819663,0.077745125226262,0,-0.0921284434699602,0,0,10949.38,21.9220666
-0.00184397012459991,-0.688371766680586,0.978892683982849,0.0426615290343761,0.00894803646951914,-1.72221094766726,-0.254280343487593,0.231642722918229,0.00423676348927365,0.0445443968996012,-0.00913282253901025,-0.000880923750234585,0.155027881264687,1.54207766056061,1.00377643108368,0.0166883380285641,-0.00769920033585249,-0.0650254709014084,-0.157618309770967,-0.427748475757742,0.0276650701251499,-0.255609773324237,-0.160547408637191,-0.103747363252366,0,-0.0579461562404462,0,0,10949.45,21.9887714
-0.0103230662299395,-0.680655156624229,0.978892683982849,0.0374055467545986,0.00871757324784994,-1.72170454660525,-0.254372883160187,0.231498301690716,0.00525931488462939,0.0784849183477186,-0.0043188067822844,-0.00517425618326968,0.143839672207832,1.51039803028107,1.00483822822571,0.0350559485029992,0.00544187540107262,-0.053432869324209,-0.159831557955725,-0.452566146852468,0.0151685306004746,0.262394435350163,0.187729653385425,0.16560859396068,0,-0.0210802489528449,0,0,10949.52,22.0554422
-0.019653406386757,-0.674329918694951,0.980760395526886,0.0374055467545986,0.00871757324784994,-1.72170454660525,-0.279910204704524,0.189757137878336,-0.0155939938426415,0.054939442843403,-0.00302316474759908,-0.00362197932828877,0.131373390555382,1.48033881187439,1.00595080852509,0.051056640136239,0.0258957044949692,-0.0509660772890511,-0.178089737892891,-0.42941740581146,0.0158940042768867,0.228581309047234,0.292197558485452,0.035239886216687,0,0.0181287782090939,0,0,10949.59,22.122166
-0.0289837465435744,-0.668004680765673,0.980760395526886,0.0374055467545986,0.00871757324784994,-1.72170454660525,-0.279910204704524,0.189757137878336,0.00121541005369034,0.0384576099903821,-0.00211621532331936,-0.00253538552980214,0.123191557824612,1.45436453819275,1.0082995891571,0.0402037539214956,0.01852626123072,-0.0534896657653959,-0.136363878847326,-0.432904561364352,0.0391463438673164,-0.180881436913926,-0.122824054405196,-0.0420598079394359,0,0.0591211080220716,0,0,10949.65,22.1888873
-0.0383094085020124,-0.66167389606158,0.980760395526886,0.0288137961179018,0.00822792947292328,-1.72238070169558,-0.27976985875314,0.189923541122783,0.0030013165986866,0.104246082723539,0.00292544324801641,0.00431062594212678,0.112871766090393,1.42361807823181,1.00829076766968,0.0302654090950519,0.0174387029989938,-0.0526252644353141,-0.147425596203736,-0.439235142300933,-0.000126021248954207,-0.141976354664071,-0.0155365461675826,0.0123485904297916,0,0.101218439186962,0,0,10949.72,22.2555784
-0.0476350704604505,-0.655343111357487,0.980760395526886,0.0288137961179018,0.00822792947292328,-1.72238070169558,-0.27976985875314,0.189923541122783,0.0030013165986866,0.0729722579064772,0.00204781027361149,0.00301743815948875,0.102825298905373,1.39725255966187,1.01083254814148,0.0428041360598733,0.0229297229881634,-0.0445913604200035,-0.167441119746686,-0.439425309489513,0.0423630078624379,0.208978782742462,0.0915169998174962,0.133898400252254,0,0.14365688176257,0,0,10949.78,22.3222549
-0.0569607324188885,-0.649012326653395,0.980760395526886,0.0288137961179018,0.00822792947292328,-1.72238070169558,-0.27976985875314,0.189923541122783,0.0030013165986866,0.051080580534534,0.00143346719152804,0.00211220671164212,0.0934728980064392,1.36834037303925,1.01396226882935,0.0336156220617678,0.0262701820904124,-0.0443813796729995,-0.133605727128176,-0.413031237467712,0.0447102955411318,-0.131264485687767,0.0477208443180415,0.00299972495721156,0,0.185620744873202,0,0,10949.85,22.3889895
-0.0662226179146991,-0.643348136325183,0.975377380847931,0.015577694401145,0.00659065879881382,-1.71973377863039,-0.277856564874319,0.169925709846347,0.048695875034123,0.154881321824985,0.0157388631010548,-0.0223437628885204,0.0837075710296631,1.33867967128754,1.01706600189209,0.00348895448267764,0.0249487692648989,-0.0377312676602656,-0.139504671097382,-0.423724310740462,0.0443390437536721,-0.430380965417363,-0.0188773260788433,0.0950016001823078,0,0.226145910593696,0,0,10949.92,22.4557135
-0.0747292369394876,-0.635511566511496,0.974250793457031,0.015577694401145,0.00659065879881382,-1.71973377863039,-0.255198570743656,0.235097094410607,-0.00104530740748085,0.10841692527749,0.0110172041707383,-0.0156406340219643,0.0740050598978996,1.31085658073425,1.02083587646484,-0.017305698398956,0.00441400967775007,-0.0546061118775932,-0.138607301882911,-0.39747272219142,0.0538553510395654,-0.297066469738858,-0.29335370838906,-0.241069203105682,0,0.264305419561487,0,0,10949.99,22.5224529
-0.0832358559642761,-0.627674996697809,0.974250793457031,0.015577694401145,0.00659065879881382,-1.71973377863039,-0.255198570743656,0.235097094410607,-0.0111845939255778,0.0758918476942427,0.00771204291951683,-0.010948443815375,0.0672658458352089,1.28975963592529,1.02447891235352,-0.0420676216918775,-0.00506004800163461,-0.0458676416498816,-0.112320234375727,-0.351615746808324,0.0607172648098726,-0.412698721539684,-0.157900961319631,0.145641170458681,0,0.299152231873318,0,0,10950.05,22.5891669
-0.0917454786437535,-0.619830855668936,0.974250793457031,-0.00403949851170182,0.00771275721490383,-1.72055799165835,-0.255288680384321,0.235324230866198,-0.00708511187079476,0.229679029601591,-0.00470045570114832,-0.000245993419175593,0.0572231709957123,1.26653826236725,1.02582728862762,-0.0300605243311147,-0.00419860377582347,-0.0562427043051314,-0.143466783421977,-0.331733907973443,0.0192625182016356,0.171529962297325,0.0123063460830675,-0.1482151807899,0,0.329830798629634,0,0,10950.12,22.655868
-0.100255101323231,-0.611986714640063,0.974250793457031,-0.00403949851170182,0.00771275721490383,-1.72055799165835,-0.255288680384321,0.235324230866198,-0.00708511187079476,0.160775320721114,-0.00329031899080383,-0.000172195393422915,0.0487677752971649,1.24579238891602,1.03009486198425,-0.0270803412164986,-0.00708280298192583,-0.0611973273335899,-0.120791367122607,-0.296369620733131,0.0609653336663737,0.0425740444946932,-0.0412028458016337,-0.0707803289782725,0,0.355583957818799,0,0,10950.19,22.7225727
-0.108764724002708,-0.60414257361119,0.974250793457031,-0.00403949851170182,0.00771275721490383,-1.72055799165835,-0.255288680384321,0.235324230866198,-0.00708511187079476,0.11254272450478,-0.00230322329356268,-0.000120536775396041,0.0407097563147545,1.22790765762329,1.03319358825684,-0.0304376229018844,0.00303460759355235,-0.061118329840844,-0.134300316374647,-0.298078854881274,0.0516454378768219,-0.0559546947569049,0.168623509592734,0.00131662487910992,0,0.375798321335429,0,0,10950.25,22.789344
-0.115463014284209,-0.599697324965468,0.969613969326019,-0.0189270991832018,0.00743005704134703,-1.72021419206728,-0.200948708445013,0.13335745937166,0.0478754438036092,0.212768313196845,0.000932045256517368,-0.00317857206235731,0.0321782305836678,1.2109956741333,1.03656554222107,-0.0348140491016693,0.00827377227946239,-0.0593022035960644,-0.121878939016031,-0.241599764143722,0.0481707709178203,-0.0625203742829023,0.0748452097990261,0.0259446606398159,0,0.389974557853829,0,0,10950.32,22.8560511
-0.120202756136405,-0.600323616709262,0.969613969326019,-0.0189270991832018,0.00743005704134703,-1.72021419206728,-0.142192255565887,-0.0187887523138149,-0.0127563798984454,0.148937819237792,0.000652431679562157,-0.00222500044365011,0.0254353638738394,1.19819128513336,1.0410737991333,-0.0507833809145116,-0.00904643251665892,-0.0623865007460959,-0.11238111182802,-0.213406483327658,0.0751376152022173,-0.266155530208228,-0.288670079929054,-0.0514049524994028,0,0.397874176844527,0,0,10950.38,22.9227892
-0.124942497988601,-0.600949908453055,0.969613969326019,-0.0189270991832018,0.00743005704134703,-1.72021419206728,-0.142192255565887,-0.0187887523138149,-0.0127563798984454,0.104256473466454,0.00045670217569351,-0.00155750031055508,0.0178356729447842,1.18505930900574,1.04432809352875,-0.0350369989358244,-0.00642976667429304,-0.0552116223651553,-0.108567013272669,-0.187599658966844,0.0464899199351473,0.224948313982181,0.0373809406053823,0.102498262585293,0,0.39944177160995,0,0,10950.45,22.9894741
-0.129689815490648,-0.601572127557291,0.993335127830505,-0.0318569839000702,0.00873442832380533,-1.72078472772707,-0.142419525061419,-0.018666573127072,-0.225034803698,0.189348493878334,-0.0114196500191393,0.0040445707207218,0.0102663114666939,1.17434680461884,1.04319143295288,-0.0345802603312943,0.00212898027890165,-0.0609682703561712,-0.108133735401739,-0.153035776956377,-0.0162380082267346,0.00652483720759926,0.122267813617575,-0.0822378284434262,0,0.394853330380606,0,0,10950.52,23.0562223
-0.127720493647924,-0.603822352263617,0.993335127830505,-0.0318569839000702,0.00873442832380533,-1.72078472772707,0.0590796552817235,-0.0675067411897769,0.0115004866895156,0.132543945714834,-0.0079937550133975,0.00283119950450526,0.00239325407892466,1.16586494445801,1.04440307617188,-0.0358234356539459,0.00734743185791769,-0.0541791694603595,-0.112472248397171,-0.12116943086947,0.0173091888428454,-0.0177596474665245,0.0745493082719677,0.096987155654855,0,0.384514624848659,0,0,10950.59,23.1229026
-0.1257511718052,-0.606072576969943,0.993335127830505,-0.0318569839000702,0.00873442832380533,-1.72078472772707,0.0590796552817235,-0.0675067411897769,0.0115004866895156,0.0927807620003835,-0.00559562850937825,0.00198183965315368,-0.00302427681162953,1.16114521026611,1.04546105861664,-0.048272509116101,-0.00556999989090017,-0.0545147417752433,-0.090292181510003,-0.0786622365322433,0.0176330407462027,-0.207484557704346,-0.215290529148792,-0.00559287191477757,0,0.369032873469555,0,0,10950.65,23.1895707
-0.123780961839974,-0.608322636503117,1.00281262397766,-0.0330259725451469,0.00865773763507605,-1.72068363824953,0.059106298956793,-0.0675017859952174,-0.0738499312702665,0.0754674312059592,-0.0032267237580012,0.000477482459356013,-0.0107741598039865,1.15694689750671,1.04555916786194,-0.0479589607688008,-0.00769036570592417,-0.0550758342227981,-0.110712614176989,-0.0599758965630981,0.00140156064715287,0.00447926210430639,-0.0302909402147545,-0.00801560639367241,0,0.349186153535281,0,0,10950.72,23.2562803
-0.121810751874747,-0.610572696036291,1.00281262397766,-0.0330259725451469,0.00865773763507605,-1.72068363824953,0.059106298956793,-0.0675017859952174,0.0114475340541354,0.0528272018441714,-0.00225870663060084,0.000334237721549209,-0.0179280526936054,1.15523815155029,1.04453599452972,-0.0480842284669396,0.000105299725917472,-0.0568733497808237,-0.119231548157712,-0.02847909927306,-0.017052888869867,-0.00208779496893388,0.129927757194525,-0.0299585926331061,0,0.325941255553582,0,0,10950.78,23.3229703
-0.119840541909521,-0.612822755569465,1.00281262397766,-0.0330259725451469,0.00865773763507605,-1.72068363824953,0.059106298956793,-0.0675017859952174,0.0114475340541354,0.03697904129092,-0.00158109464142059,0.000233966405084447,-0.0244650039821863,1.15552425384521,1.04441809654236,-0.0457985385999041,-0.00423234321528487,-0.054392824922428,-0.0933850184086868,0.00408717564175806,-0.00168425696237447,0.0326527123863573,-0.0619663277317197,0.0354360694057994,0,0.300352237359028,0,0,10950.85,23.3896832
-0.115471849173691,-0.615951817928846,1.01600742340088,-0.0347370691597462,0.0107951732352376,-1.71953183809389,0.131060782074888,-0.0938718707814313,-0.115524983046381,0.0412851984350371,-0.0203436866504484,-0.0102024249171977,-0.0304269585758448,1.15761601924896,1.04396533966064,-0.0192849256018388,-0.0084926372175636,-0.0432874507978228,-0.0851707799097605,0.0298823629108037,-0.00646795545308214,0.378765899973935,-0.0608613428899492,0.158648201780735,0,0.273569022396695,0,0,10950.92,23.4563943
-0.110891069760504,-0.620487902357675,1.01600742340088,-0.0347370691597462,0.0107951732352376,-1.71953183809389,0.137423382395607,-0.136082532864884,0.0151211028853105,0.0288996389045259,-0.0142405806553139,-0.00714169744203841,-0.0393922850489616,1.1613302230835,1.04186594486237,-0.00427782973114348,0.00498283025071373,-0.0548670556887912,-0.128076092473631,0.0530600547792733,-0.0299913542612505,0.214387083867968,0.192506678119048,-0.165422927014522,0,0.24675384746343,0,0,10950.99,23.5231084
-0.106310290347318,-0.625023986786505,1.01600742340088,-0.0347370691597462,0.0107951732352376,-1.71953183809389,0.137423382395607,-0.136082532864884,0.0151211028853105,0.0202297472331682,-0.00996840645871971,-0.00499918820942688,-0.0459217429161072,1.16531050205231,1.03924572467804,-0.00730540459930224,0.00612514127605491,-0.0482136305368069,-0.108824297783384,0.0663379828120692,-0.043670336404483,-0.050459581134878,0.019038517088604,0.110890419197318,0,0.22100092772096,0,0,10951.05,23.589935
-0.101734327727886,-0.629560200894146,1.02131378650665,-0.0290287733078003,0.010917354375124,-1.71961456934084,0.137278878582952,-0.136086423229243,-0.0320226014662522,-0.0372138396042952,-0.00807751478008121,-0.00275485052406464,-0.0535913705825806,1.17409694194794,1.03977799415588,0.0235586221090847,0.0112310486765476,-0.0337277788323879,-0.109566109521504,0.125520569938092,0.00760384968352073,0.440914667264503,0.0729415342930557,0.206940738635417,0,0.197440336910223,0,0,10951.12,23.6566855
-0.0971583651084541,-0.634096415001788,1.02131378650665,-0.0290287733078003,0.010917354375124,-1.71961456934084,0.137278878582952,-0.136086423229243,0.0157346664857131,-0.0260496877230066,-0.00565426034605685,-0.00192839536684525,-0.0601617991924286,1.1827791929245,1.03581368923187,0.0181176459484766,0.00894489627178663,-0.0367446988399565,-0.093863265855362,0.124032156808551,-0.0566329274861102,-0.0777282308661529,-0.0326593200681494,-0.0430988572511598,0,0.176985732152801,0,0,10951.19,23.7233725
-0.0925824024890224,-0.638632629109429,1.02131378650665,-0.0290287733078003,0.010917354375124,-1.71961456934084,0.137278878582952,-0.136086423229243,0.0157346664857131,-0.0182347814061046,-0.00395798224223979,-0.00134987675679167,-0.0677769407629967,1.19131863117218,1.03321027755737,0.0343768178020179,0.017422126087756,-0.0385390379649298,-0.126919026177212,0.142323970795886,-0.0433901945753602,0.270986197561323,0.141287163600689,-0.0299056520831411,0,0.160349101578063,0,0,10951.25,23.7901315
-0.0914322267875692,-0.641801312125606,1.01649379730225,-0.0227229073643684,0.0110149784013629,-1.7201409975635,0.0345052710435964,-0.0950604904852997,0.0727511058673364,-0.0695171404751599,-0.00364920380571812,0.00379294027415208,-0.0752622485160828,1.20139241218567,1.03030467033386,0.0252107538863109,0.0120878203868451,-0.0384528798168567,-0.106932967901674,0.143911157336152,-0.0415086746217546,-0.13094377022493,-0.0762043671561864,0.00123083068676317,0,0.148096105074542,0,0,10951.32,23.8569136
-0.0896873770261037,-0.645943648164294,1.01649379730225,-0.0227229073643684,0.0110149784013629,-1.7201409975635,0.0523454928439658,-0.124270081160641,0.0145565416483567,-0.048661998332612,-0.00255444266400268,0.00265505819190646,-0.0811293348670006,1.21102964878082,1.02777194976807,-0.0018490265830219,-0.00612910881908349,-0.0464773388323889,-0.0977847725131625,0.160620609915724,-0.0422120094290102,-0.450996341145703,-0.30361548675885,-0.133740983589285,0,0.140546414672916,0,0,10951.38,23.9236598
-0.0879425272646382,-0.650085984202982,1.01649379730225,-0.0227229073643684,0.0110149784013629,-1.7201409975635,0.0523454928439658,-0.124270081160641,0.0145565416483567,-0.0340633988328284,-0.00178810986480188,0.00185854073433452,-0.0888264328241348,1.22413969039917,1.02462708950043,0.00228281058620127,-0.0022968688041975,-0.0375124489621072,-0.109958542245232,0.18728630883431,-0.0449265752521748,0.0590262452748621,0.0547462859271705,0.128069855290271,0,0.137751848715611,0,0,10951.45,23.9903528
-0.0862000452226982,-0.654226768507417,1.02254557609558,-0.0166228376328945,0.010808196850121,-1.71963078180422,0.0522744612581989,-0.124223529133074,-0.0395931306676541,-0.0787450067662452,0.000609357055815558,-0.00329096331946193,-0.0956794619560242,1.23816585540771,1.02137160301208,-0.00702403561523006,-0.00672893125100215,-0.048985650013722,-0.0979004161702548,0.200373785837189,-0.0465069498336546,-0.132954945735286,-0.0633151778117582,-0.163902872166606,0,0.139508172105906,0,0,10951.52,24.0570234
-0.0844575631807582,-0.658367552811853,1.02254557609558,-0.0166228376328945,0.010808196850121,-1.71963078180422,0.0522744612581989,-0.124223529133074,0.0148728784723606,-0.0551215047363716,0.000426549939070891,-0.00230367432362335,-0.103932350873947,1.25198543071747,1.01971936225891,-0.00276147828133897,-0.0056150593750181,-0.0514644046874363,-0.117898413113676,0.19742250442587,-0.0236034393311528,0.0608936761986974,0.0159124553712668,-0.0354107810532083,0,0.145367750232713,0,0,10951.59,24.1236511
-0.0827150811388182,-0.662508337116289,1.02254557609558,-0.0166228376328945,0.010808196850121,-1.71963078180422,0.0522744612581989,-0.124223529133074,0.0148728784723606,-0.0385850533154601,0.000298584957349623,-0.00161257202653635,-0.110512249171734,1.26598072052002,1.01718950271606,-0.000132363159679624,-0.00128380830941509,-0.0440279883580532,-0.109664971630709,0.233254830044501,-0.0421643257144692,0.0438185853613611,0.072187517760663,0.123940272157437,0,0.15472032595029,0,0,10951.65,24.1906296
-0.0813069066980879,-0.667372550531229,1.00888288021088,-0.0125518897548318,0.00983999855816364,-1.71784311929812,0.0422452332219111,-0.145926402448208,0.140524385433105,-0.0636480682233866,0.00892279409776114,-0.0172177629735071,-0.118657797574997,1.28196454048157,1.01406383514404,0.00341602397653734,-0.0026660178829881,-0.0462367855356858,-0.116364977189957,0.228340285165919,-0.0446523938862069,0.0506912448033102,-0.0197458510511251,-0.0315542453948822,0,0.166617775512251,0,0,10951.72,24.257347
-0.0798987322573575,-0.672236763946169,1.00888288021088,-0.0125518897548318,0.00983999855816364,-1.71784311929812,0.0422452332219111,-0.145926402448208,0.0175601224707636,-0.0445536477563706,0.0062459558684328,-0.012052434081455,-0.125092297792435,1.29646933078766,1.01115393638611,-0.00152618319499736,-0.00514119505147663,-0.0483484691053204,-0.107241670288288,0.241746505096245,-0.0484983126311842,-0.0823701195237803,-0.0412529528072417,-0.0351947261598091,0,0.180064341202737,0,0,10951.78,24.324063
-0.0784905578166271,-0.67710097736111,1.00888288021088,-0.0125518897548318,0.00983999855816364,-1.71784311929812,0.0422452332219111,-0.145926402448208,0.0175601224707636,-0.0311875534294594,0.00437216910790296,-0.00843670385701847,-0.132578432559967,1.31357181072235,1.00598001480103,-0.0120325857732059,-0.00271065329173548,-0.0550263474961587,-0.106944782393764,0.244321141925193,-0.0739131655014931,-0.150091465403603,0.0347220251393036,-0.095398262726658,0,0.193927466966412,0,0,10951.85,24.3907989
-0.0755726606940531,-0.683756932377749,1.01281952857971,-0.0147675359621644,0.00918787717819214,-1.715145174657,0.0875369136772228,-0.199678650499165,-0.00748983239087794,-0.0018904715346281,0.00892961079527561,-0.0301871944699325,-0.140263304114342,1.33204519748688,1.00135934352875,-0.0126391241108969,-0.00038328399411609,-0.0559151254003813,-0.109783879348666,0.263905525208617,-0.0660095896042435,-0.00866483339562204,0.0332481328232724,-0.0126968272032331,0,0.206998998717959,0,0,10951.92,24.4574939
-0.07365656566263,-0.689195804714761,1.01281952857971,-0.0147675359621644,0.00918787717819214,-1.715145174657,0.0574828509426926,-0.163166170110374,0.0250122112835018,-0.00132333007423967,0.00625072755669293,-0.0211310361289527,-0.14760260283947,1.35169422626495,0.997971653938293,-0.0127311758806969,-0.000982493775424541,-0.0545040044545219,-0.104847124645124,0.280700411116541,-0.048395565578117,-0.00131502528286175,-0.00856013973301347,0.0201588706552188,0,0.218088067269548,0,0,10951.99,24.5241804
-0.0717404706312069,-0.694634677051774,1.01281952857971,-0.0147675359621644,0.00918787717819214,-1.715145174657,0.0574828509426926,-0.163166170110374,0.0250122112835018,-0.000926331051967769,0.00437550928968505,-0.0147917252902669,-0.154181629419327,1.36840450763702,0.993699848651886,-0.0201180610660757,-0.00518114407663953,-0.063852301186725,-0.109650442995221,0.278504689528426,-0.0711967547719038,-0.123114753086961,-0.0699775050187224,-0.155804945533318,0,0.226051659967358,0,0,10952.05,24.5908762
-0.0698139529802497,-0.700065955943268,1.00415861606598,-0.0150517057627439,0.00557001400738955,-1.71340591112246,0.0577955295287171,-0.162938366744832,0.103332254894184,0.00190909646883849,0.0356236250400029,-0.0260075795140999,-0.161987289786339,1.39002883434296,0.987787425518036,-0.0412132972973838,-0.0078744958765573,-0.0695076700829132,-0.111509433814921,0.308918952943179,-0.0844631876267811,-0.301360517591368,-0.0384764542846995,-0.0807909842315969,0,0.229848314794819,0,0,10952.12,24.6576139
-0.0678874353292924,-0.705497234834762,1.00415861606598,-0.0150517057627439,0.00557001400738955,-1.71340591112246,0.0577955295287171,-0.162938366744832,0.025384042270588,0.00133636752818695,0.024936537528002,-0.0182053056598699,-0.169542789459229,1.41222786903381,0.984470784664154,-0.0421261246643216,0.000638872838249271,-0.0526720460945894,-0.107935709613159,0.31712906701356,-0.0473805836270804,-0.0130403909563083,0.121619553069171,0.240508914119911,0,0.228584246538177,0,0,10952.19,24.7243435
-0.0659609176783352,-0.710928513726257,1.00415861606598,-0.0150517057627439,0.00557001400738955,-1.71340591112246,0.0577955295287171,-0.162938366744832,0.025384042270588,0.000935457269730862,0.0174555762696014,-0.012743713961909,-0.176367729902267,1.43168044090271,0.981923282146454,-0.03902082667258,0.0111568162115699,-0.0519096112508039,-0.113749007384948,0.324209531151027,-0.0424583752953637,0.051754966529466,0.175299056223498,0.012707247396533,0,0.221570767407689,0,0,10952.25,24.7910576
-0.0630489714524548,-0.717408648668957,0.992611646652222,-0.0183259174227715,0.00462269643321633,-1.71193248430361,0.0873583867764108,-0.194404048281016,0.130212222301446,0.0301227250290591,0.0207447615562799,-0.0221814411429652,-0.182464599609375,1.45729565620422,0.978915870189667,-0.0361318394033203,-0.00316916911788204,-0.056945735053341,-0.087098138673327,0.365931647166002,-0.0429630279542802,0.041271246703881,-0.204656933278735,-0.0719446257508288,0,0.208357365644395,0,0,10952.32,24.8577237
-0.059180715770898,-0.722933838043729,0.992611646652222,-0.0183259174227715,0.00462269643321633,-1.71193248430361,0.116047670446706,-0.165755681243139,0.0330233221373656,0.0210859075203414,0.0145213330893959,-0.0155270088000756,-0.188365489244461,1.48301720619202,0.976912140846252,-0.0356405172122498,-0.00633382518089906,-0.0616415790692294,-0.0842984233587228,0.367450714112856,-0.0286247049060377,0.00701888844389439,-0.0452093723290025,-0.067083485941541,0,0.188718285406876,0,0,10952.39,24.9244231
-0.0553124600893411,-0.7284590274185,0.992611646652222,-0.0183259174227715,0.00462269643321633,-1.71193248430361,0.116047670446706,-0.165755681243139,0.0330233221373656,0.014760135264239,0.0101649331625771,-0.0108689061600529,-0.194012388586998,1.5074200630188,0.976200222969055,-0.0322744061037089,-0.00648787491354729,-0.0616850691939583,-0.0941149890402278,0.406714280437493,-0.0118652979530288,0.0561018518077889,-0.0025674955440811,-0.000724835412132529,0,0.162677050315077,0,0,10952.45,24.9911938
-0.0514289977724249,-0.733994649878738,0.96958339214325,-0.0264837592840195,0.0124033642932773,-1.71119052568545,0.116503869507485,-0.166068673807128,0.238681430342278,0.0837526714361994,-0.0629105575267444,-0.0142858618755136,-0.201196730136871,1.53546977043152,0.975405156612396,-0.0215917674709337,-0.0053721799823065,-0.0654918711366485,-0.102633450712903,0.400710105897662,-0.0113580908094606,0.152609123325995,0.0159384990177918,-0.0543828848958012,0,0.130583609247265,0,0,10952.52,25.057924
-0.0475455354555088,-0.739530272338975,0.96958339214325,-0.0264837592840195,0.0124033642932773,-1.71119052568545,0.116503869507485,-0.166068673807128,0.0314271397615288,0.0586268700053396,-0.0440373902687211,-0.0100001033128595,-0.207934334874153,1.56120669841766,0.97446870803833,-0.0104198374628102,-0.00590011941514004,-0.0805654132876049,-0.112293412288983,0.428948799772725,-0.0156074762345685,0.186198833470307,-0.00879899054730037,-0.251225702518073,0,0.0929820503745145,0,0,10952.58,25.1246557
-0.0436620731385926,-0.745065894799213,0.96958339214325,-0.0264837592840195,0.0124033642932773,-1.71119052568545,0.116503869507485,-0.166068673807128,0.0314271397615288,0.0410388090037377,-0.0308261731881047,-0.00700007231900167,-0.214855402708054,1.59034645557404,0.974240303039551,-0.0298123440933722,-0.00965238366503605,-0.0628439818363892,-0.0988723976275604,0.41628224509276,-0.00326292855400352,-0.277035809009181,-0.0536037749987372,0.253163306446992,0,0.0506794511683825,0,0,10952.65,25.1913527
-0.0419678723835455,-0.754350177480483,0.960110664367676,-0.0155681557953358,0.0103585915639997,-1.71146399179568,0.0508260226514151,-0.278528480438117,0.103043866040596,-0.0695132650955369,-0.00317536666817482,-0.00243885563123574,-0.22204065322876,1.62158536911011,0.9733567237854,-0.00931573131063832,0.00222590432573192,-0.0677842284983689,-0.102646436010515,0.446270193374309,-0.0126225607736295,0.292808754040273,0.169689828440248,-0.070574952314289,0,0.0046499514512065,0,0,10952.72,25.2580222
-0.0402736716284983,-0.763634460161754,0.960110664367676,-0.0155681557953358,0.0103585915639997,-1.71146399179568,0.0508260226514151,-0.278528480438117,0.0177893160604328,-0.0486592855668758,-0.00222275666772237,-0.00170719894186502,-0.227898180484772,1.65260517597198,0.97742760181427,0.00772837369164354,-0.000321217216749764,-0.0586798906703104,-0.0836789607983444,0.443140098017148,0.0581554004111539,0.243487214312997,-0.0363874506060869,0.130061968969424,0,-0.0440178143880207,0,0,10952.79,25.3247121
-0.0385794708734511,-0.772918742843025,0.960110664367676,-0.0155681557953358,0.0103585915639997,-1.71146399179568,0.0508260226514151,-0.278528480438117,0.0177893160604328,-0.0340614998968131,-0.00155592966740566,-0.00119503925930551,-0.233895659446716,1.67849266529083,0.976151466369629,0.0134034149501596,0.000588957305425739,-0.0609116287564443,-0.0999579826999248,0.43145815531779,-0.0212689240775324,0.09458402097607,0.0151695753697205,-0.0371956347692142,0,-0.0940932643018338,0,0,10952.85,25.3914097
-0.0352302541478062,-0.784468593499584,0.960368275642395,-0.0025163299869746,0.00716503011062741,-1.71225458780398,0.100476501769346,-0.346495519696778,0.0100870647227874,-0.14130948220302,0.0276529023131662,0.00627883659319317,-0.240509286522865,1.70857834815979,0.976637423038483,0.0113045701958031,-0.00352574911374274,-0.0652697440059291,-0.0944803868025212,0.429795469558323,0.00694223812651115,-0.0299834964909311,-0.0587815202740798,-0.0622587892786132,0,-0.144287462957599,0,0,10952.92,25.4580941
-0.0318810374221614,-0.796018444156143,0.960368275642395,-0.0025163299869746,0.00716503011062741,-1.71225458780398,0.100476501769346,-0.346495519696778,0.0124055661952606,-0.0989166375421138,0.0193570316192163,0.00439518561523522,-0.24726802110672,1.73982644081116,0.977035999298096,0.0214104447678333,0.000276258715601336,-0.066361702071924,-0.0965533511983254,0.446401323592816,0.0056939465659242,0.144369636743888,0.054314397562284,-0.0155994009428493,0,-0.193345504125823,0,0,10952.99,25.5247868
-0.0285318206965165,-0.807568294812702,0.960368275642395,-0.0025163299869746,0.00716503011062741,-1.71225458780398,0.100476501769346,-0.346495519696778,0.0124055661952606,-0.0692416462794797,0.0135499221334514,0.00307662993066465,-0.252389281988144,1.76476609706879,0.975816607475281,0.0254491404682006,0.00228177327825192,-0.0557454589823226,-0.0853543480218694,0.415660937618084,-0.0203231970464721,0.0673115950046519,0.0334252427101134,0.176937384822829,0,-0.240062642846812,0,0,10953.05,25.5915081
-0.0262895873802864,-0.816278645112144,0.962661504745483,0.0167253352701664,0.00639235926792026,-1.71085554758181,0.0672669994869016,-0.261310508983241,-0.0182078802993524,-0.221644139709905,0.0164389830777804,-0.0104377210480465,-0.258588820695877,1.79422032833099,0.975272238254547,0.0318107569071392,-0.00166595725308777,-0.0547004679629211,-0.0885648386822704,0.420774732318993,-0.00777670315337008,0.0908802348423587,-0.0563961504479443,0.0149284431343694,0,-0.283308062594975,0,0,10953.12,25.6582437
-0.0240473540640564,-0.824988995411585,0.962661504745483,0.0167253352701664,0.00639235926792026,-1.71085554758181,0.0672669994869016,-0.261310508983241,0.00243118162844298,-0.155150897796933,0.0115072881544463,-0.00730640473363252,-0.263937205076218,1.82110035419464,0.973293542861938,0.0440160257428859,-0.020201679443459,-0.0548848151770827,-0.0764054911480402,0.384000369482275,-0.0282670770373838,0.174360983368534,-0.264796031292118,-0.00263353163089074,0,-0.322090116016647,0,0,10953.19,25.724969
-0.0218051207478263,-0.833699345711026,0.962661504745483,0.0167253352701664,0.00639235926792026,-1.71085554758181,0.0672669994869016,-0.261310508983241,0.00243118162844298,-0.108605628457853,0.0080551017081124,-0.00511448331354277,-0.271707952022552,1.84143936634064,0.974037826061249,0.0614777265989148,0.00170319941707843,-0.0596882976489859,-0.12951244910668,0.338983535769479,0.0124047199886103,0.291028347602952,0.365081314345389,-0.0800580411990678,0,-0.355620751849137,0,0,10953.25,25.7917001
-0.0193555632738231,-0.841445855225125,0.979634821414948,0.0167253352701664,0.00639235926792026,-1.71085554758181,0.0734867242200972,-0.232395285422964,-0.159044559012932,-0.0760239399204973,0.00563857119567868,-0.00358013831947994,-0.278080999851227,1.86535823345184,0.970879733562469,0.0557896251113821,0.00497144050313291,-0.0646468229156537,-0.0910435404100116,0.341698101590079,-0.0451156071256061,-0.081258592679376,0.046689158372401,-0.0708360752384046,0,-0.383278659647322,0,0,10953.32,25.8583691
-0.0169060057998199,-0.849192364739224,0.979634821414948,0.0167253352701664,0.00639235926792026,-1.71085554758181,0.0734867242200972,-0.232395285422964,-0.00628470898775496,-0.0532167579443481,0.00394699983697508,-0.00250609682363596,-0.284529477357864,1.88637030124664,0.969166874885559,0.0604861395465204,0.00581420366153392,-0.0628681384024076,-0.0921211072380626,0.300172397069817,-0.0244694096702503,0.0670930633593972,0.0120394736914931,0.0254097787607638,0,-0.40472685454876,0,0,10953.39,25.9250548
-0.0144564483258166,-0.856938874253323,0.979634821414948,0.0167253352701664,0.00639235926792026,-1.71085554758181,0.0734867242200972,-0.232395285422964,-0.00628470898775496,-0.0372517305610437,0.00276289988588255,-0.00175426777654517,-0.288331896066666,1.90358889102936,0.968008041381836,0.0620148454559177,-0.0125787840656983,-0.0549961617382055,-0.0633736451453045,0.286976496372317,-0.0193138917282975,0.0254784318227317,-0.306549795447179,0.13119961106717,0,-0.41981258190289,0,0,10953.45,25.9917824
-0.00991618379477236,-0.86398411471011,0.976110398769379,0.0527830868959427,0.00849590357393026,-1.71134525934328,0.136207935931328,-0.211357213703613,0.0363485213895431,-0.350595976024717,-0.0169978688339723,0.00317941840968987,-0.297233253717422,1.9206645488739,0.962674260139465,0.075340255551247,-0.0239373910322136,-0.074108099830104,-0.127162252154198,0.243937969208778,-0.0761968748913255,0.190363001362639,-0.162265813808036,-0.273027687028256,0,-0.428584067619853,0,0,10953.52,26.0584877
-0.00537591926372809,-0.871029355166897,0.976110398769379,0.0527830868959427,0.00849590357393026,-1.71134525934328,0.136207935931328,-0.211357213703613,0.00462871757942345,-0.245417183217302,-0.0118985081837806,0.00222559288678291,-0.305180698633194,1.93311858177185,0.960904598236084,0.0639785374917585,0.00314861717323362,-0.0580591194875156,-0.113534927368636,0.177914755685729,-0.0252808843341244,-0.162310257993368,0.38694297436514,0.229271147752215,0,-0.431316340388268,0,0,10953.59,26.1252161
-0.000835654732683816,-0.878074595623684,0.976110398769379,0.0527830868959427,0.00849590357393026,-1.71134525934328,0.136207935931328,-0.211357213703613,0.00462871757942345,-0.171792028252111,-0.00832895572864642,0.00155791502074803,-0.310780197381973,1.94252860546112,0.958363354206085,0.0675195608809143,0.00159142099813708,-0.0555083136519196,-0.0933249791471138,0.156833728155832,-0.0423540671670058,0.0590170564864318,-0.0259532695851626,0.0425134305936288,0,-0.428458759984786,0,0,10953.65,26.1918961
0.00298227848888779,-0.881046329715286,0.969124495983124,0.0651605427265167,0.00788619741797447,-1.71014458337893,0.114537996647148,-0.0891520227480467,0.0738061282995604,-0.231651522251644,-0.000342913606450367,-0.0097155431646756,-0.317628443241119,1.95028960704803,0.955243945121765,0.0731896987208354,-0.00231998995427758,-0.0751575056087176,-0.0978320837024942,0.11087145124209,-0.0445629869190434,0.0810019691420663,-0.0558772993204417,-0.280702742241139,0,-0.420610843821395,0,0,10953.72,26.2585929
0.00680021171045941,-0.884018063806887,0.969124495983124,0.0651605427265167,0.00788619741797447,-1.71014458337893,0.114537996647148,-0.0891520227480467,0.0109330032232664,-0.162156065576151,-0.000240039524515257,-0.00680088021527292,-0.319810211658478,1.95604753494263,0.953036785125732,0.0597444208614763,-0.0569449571057974,-0.0478995044791023,-0.0363628069551796,0.0959654649077767,-0.0367859999330756,-0.224087964317759,-0.910416119172125,0.454300018817004,0,-0.408478196418403,0,0,10953.78,26.3253207
0.010618144932031,-0.886989797898489,0.969124495983124,0.0651605427265167,0.00788619741797447,-1.71014458337893,0.114537996647148,-0.0891520227480467,0.0109330032232664,-0.113509245903306,-0.00016802766716068,-0.00476061615069104,-0.33094334602356,1.95914268493652,0.95138555765152,0.0869383232196954,-0.0130091138658096,-0.0762244878907044,-0.159044776644687,0.0442164284844193,-0.0235889639174216,0.388484319404744,0.627654903431006,-0.404642620167426,0,-0.392864451414921,0,0,10953.85,26.3919965
0.011619526150876,-0.885607267435291,0.948530673980713,0.0651605427265167,0.00788619741797447,-1.71014458337893,0.0300414365653504,0.0414759138959443,0.195110646118069,-0.079456472132314,-0.000117619367012476,-0.00333243130548373,-0.335643798112869,1.95800864696503,0.94950544834137,0.0512779900893474,-0.0403929150835155,-0.0490937344218636,-0.0671493155618462,-0.0162005424500185,-0.026858704430828,-0.50943333043566,-0.391197160254568,0.387582192413622,0,-0.374574566182191,0,0,10953.92,26.4586974
0.0126188065500853,-0.884225466537381,0.948530673980713,0.0686797425150871,0.0104256523773074,-1.7098928133594,0.0299784119762771,0.0414540269372906,0.00990568165314603,-0.0872923285897534,-0.0229374281909052,-0.00459863208961986,-0.349089235067368,1.95493304729462,0.948221445083618,0.0672624637652219,0.00524767271948064,-0.060938788445417,-0.192077670779346,-0.0439371381488992,-0.01834290368224,0.228349623942013,0.652008397188371,-0.169215057480037,0,-0.354439056865927,0,0,10953.99,26.5253679
0.0136180869492945,-0.882843665639471,0.948530673980713,0.0686797425150871,0.0104256523773074,-1.7098928133594,0.0299784119762771,0.0414540269372906,0.00990568165314603,-0.0611046300128274,-0.0160561997336337,-0.0032190424627339,-0.353356629610062,1.9509242773056,0.944532990455627,0.0655186612861611,-0.0357127718758978,-0.0769271538200055,-0.0711232423766824,-0.0668128331487695,-0.0614742437985035,-0.0290633746503786,-0.682674076574739,-0.266472756237325,0,-0.333202828153726,0,0,10954.05,26.5921005
0.0128090494465612,-0.880377351171809,0.944867074489594,0.0597691349685192,0.00611296761780977,-1.70890218416323,-0.024271125082,0.0739894340298768,0.0269382043675251,0.0374222269101321,0.0275748230219352,-0.0111689924894167,-0.358272522687912,1.94354856014252,0.947379112243652,0.0672732818917856,-0.0119865632003847,-0.0547234215412469,-0.0702270439695826,-0.105367388044523,0.0406588826862391,0.0250660086518831,0.338945838223025,0.317196175412155,0,-0.311592924499968,0,0,10954.12,26.6588073
0.0120000119438278,-0.877911036704146,0.944867074489594,0.0597691349685192,0.00611296761780977,-1.70890218416323,-0.024271125082,0.0739894340298768,-0.00603419105254938,0.0261955588370925,0.0193023761153547,-0.00781829474259166,-0.37096494436264,1.93375337123871,0.944031953811646,0.0629258286540046,-0.00118240123382103,-0.0643143801799075,-0.181320309639731,-0.13993127005499,-0.0478165490288679,-0.0621064748257021,0.154345170951551,-0.137013694838578,0,-0.290197179125541,0,0,10954.19,26.7255258
0.0111909744410945,-0.875444722236484,0.944867074489594,0.0597691349685192,0.00611296761780977,-1.70890218416323,-0.024271125082,0.0739894340298768,-0.00603419105254938,0.0183368911859647,0.0135116632807483,-0.00547280631981416,-0.378414750099182,1.92415416240692,0.943257749080658,0.0664988072659961,-0.00213630344613532,-0.0643338579052065,-0.124163428943416,-0.159986813864477,-0.0129034121832353,0.059549643533697,-0.0158983702053732,-0.000324628754985252,0,-0.26950412144127,0,0,10954.25,26.7922303
0.00985128255310829,-0.872717417659567,0.950552940368652,0.0621266812086105,0.0113714206963778,-1.70878655115236,-0.0401907566395864,0.0818191373074804,-0.0776012755030928,-0.00838209233064661,-0.0378679134105881,-0.00487166152164824,-0.388272106647491,1.90996313095093,0.94067919254303,0.0655794578828706,0.0107936115513886,-0.0647572190688508,-0.140819379262147,-0.202729020800752,-0.0368365219662699,-0.0131335626161324,0.184713071393966,-0.00604801662351619,0,-0.249856646355331,0,0,10954.32,26.8589423
0.00851159066512207,-0.869990113082651,0.950552940368652,0.0621266812086105,0.0113714206963778,-1.70878655115236,-0.0401907566395864,0.0818191373074804,-0.0264284825915632,-0.00586746463145263,-0.0265075393874116,-0.00341016306515376,-0.391053408384323,1.89595997333527,0.937605142593384,0.0439414490798938,-0.0434131362785504,-0.052354483926849,-0.0397328819549033,-0.200045108795998,-0.0439149992808397,-0.309114411472382,-0.77438211185949,0.177181930600764,0,-0.231466585346431,0,0,10954.39,26.9256774
0.00717189877713586,-0.867262808505735,0.950552940368652,0.0621266812086105,0.0113714206963778,-1.70878655115236,-0.0401907566395864,0.0818191373074804,-0.0264284825915632,-0.00410722524201684,-0.0185552775711881,-0.00238711414560763,-0.402855187654495,1.87896978855133,0.935448288917542,0.0522093261861051,-0.00384943017180702,-0.0558759384463142,-0.168596846713064,-0.242716925479496,-0.0308121953685029,0.118112530086154,0.565195801512568,-0.0503064931341205,0,-0.214438791959767,0,0,10954.46,26.9923634
0.00431644708417318,-0.864184331007473,0.952156782150269,0.0545016303658485,0.00923644658178091,-1.70830613771547,-0.0856635507888804,0.0923543249478743,-0.0298801070746057,0.0657503999154462,0.00622607273153989,-0.00599470083393218,-0.409539371728897,1.86449599266052,0.932527720928192,0.0455726865056672,-0.0169825492606268,-0.058223143699027,-0.111403067907643,-0.241229931515516,-0.0486761331562359,-0.11061066134157,-0.218885318148855,-0.0391200875455439,0,-0.198725397615701,0,0,10954.52,27.0590539
0.0014609953912105,-0.86110585350921,0.952156782150269,0.0545016303658485,0.00923644658178091,-1.70830613771547,-0.0856635507888804,0.0923543249478743,-0.0154455310400598,0.0460252799408123,0.00435825091207792,-0.00419629058375253,-0.41867658495903,1.84660446643829,0.930053532123566,0.0649530317291039,-0.00783955355741177,-0.0587871019257365,-0.130531617573872,-0.255593231747191,-0.0353455543519536,0.276862074621676,0.130614224332187,-0.00805654609588441,0,-0.184182556057292,0,0,10954.59,27.1257965
-0.00139445630175218,-0.858027376010948,0.952156782150269,0.0545016303658485,0.00923644658178091,-1.70830613771547,-0.0856635507888804,0.0923543249478743,-0.0154455310400598,0.0322176959585686,0.00305077563845455,-0.00293740340862677,-0.427453815937042,1.8279504776001,0.926584601402283,0.0164274547154867,-0.0256513218105579,-0.058739249396759,-0.14628718296811,-0.310899813972569,-0.0578155120218734,-0.808759616900486,-0.296862804221622,0.000797542149631914,0,-0.170612455176213,0,0,10954.65,27.1925214
-0.00442757369235039,-0.854553729611087,0.947231531143188,0.0439472384750843,0.00727326422929764,-1.70880562463869,-0.0909935217179462,0.104209391995837,0.0375301554721692,0.117541914187876,0.0198041841192676,0.00243919992292122,-0.437567293643951,1.80923104286194,0.923869609832764,0.0622922602841342,-0.0109145966632726,-0.0628112466522715,-0.144478252956446,-0.267420496260529,-0.0387855938504333,0.65521150812626,0.210524644962093,-0.0581713893647064,0,-0.157744037585969,0,0,10954.72,27.259238
-0.0074606910829486,-0.851080083211225,0.947231531143188,0.0439472384750843,0.00727326422929764,-1.70880562463869,-0.0909935217179462,0.104209391995837,-0.00679710359155147,0.0822793399315133,0.0138629288834873,0.00170743994604486,-0.445919752120972,1.78769969940186,0.921950221061707,0.0444175078712632,-0.0323894337540007,-0.0505624564953028,-0.119320835383399,-0.307590620851615,-0.0274198395859319,-0.255353605892583,-0.306783387003705,0.174982716524306,0,-0.145271280944537,0,0,10954.79,27.3259945
-0.0104938084735468,-0.847606436811364,0.947231531143188,0.0439472384750843,0.00727326422929764,-1.70880562463869,-0.0909935217179462,0.104209391995837,-0.00679710359155147,0.0575955379520593,0.00970405021844114,0.0011952079622314,-0.457572042942047,1.76363146305084,0.919198453426361,0.0342701350856352,-0.000932433347728942,-0.0548909468982826,-0.166461297444627,-0.343831947873046,-0.0393109662193843,-0.144962468366718,0.449385720091465,-0.0618355771856834,0,-0.132904043048584,0,0,10954.86,27.3927416
-0.0153389834433817,-0.842246731968078,0.92572408914566,0.0439472384750843,0.00727326422929764,-1.70880562463869,-0.145355249095046,0.160791145298597,0.188062431080086,0.0403168765664415,0.0067928351529088,0.00083664557356198,-0.466749131679535,1.74367272853851,0.91780287027359,0.0349348221975475,-0.00584993594132029,-0.0582032603929933,-0.152951478959428,-0.332645575208309,-0.0232597192130474,0.0110781185319655,-0.0819583765605515,-0.055205224912314,0,-0.12037936783405,0,0,10954.92,27.4594012
-0.0201809552953235,-0.836883995908208,0.92572408914566,0.044140737503767,0.00811254419386387,-1.70938665071596,-0.145259155558255,0.160882081796088,-0.00544522340618464,0.0264803223383647,-0.00279853507405992,0.00581488659692796,-0.476748108863831,1.72090148925781,0.915995121002197,0.0328885916979575,0.00377353163085094,-0.0683594770643021,-0.142842531204818,-0.325303418297077,-0.0258249895914334,-0.0292318642799783,0.137478108174446,-0.145088809590729,0,-0.10734193271873,0,0,10954.99,27.5265896
-0.0250229271472653,-0.831521259848338,0.92572408914566,0.044140737503767,0.00811254419386387,-1.70938665071596,-0.145259155558255,0.160882081796088,-0.00544522340618464,0.0185362256368553,-0.00195897455184194,0.00407042061784957,-0.486034452915192,1.6968480348587,0.91437441110611,0.0349148377015955,0.0060262436852549,-0.0584320886128157,-0.132662057877138,-0.343620777131556,-0.0231529985156341,0.0289463714806633,0.0321816007773332,0.141819835021825,0,-0.0938077477618333,0,0,10955.06,27.5933091
-0.034707476060841,-0.824639798238223,0.930721998214722,0.0391847677528858,0.00858406629413366,-1.71055537859072,-0.29053646740727,0.206443848303466,-0.0536811382433468,0.0575790857037295,-0.00561498108871751,0.0133678453052974,-0.494868814945221,1.67589378356934,0.911719501018524,0.0232885822476014,-0.00223030851655176,-0.0564063786983421,-0.147239367163941,-0.349237521481838,-0.0442485014587916,-0.193770924229005,-0.137609203360441,0.0337618319071561,0,-0.0795915184416685,0,0,10955.12,27.6599816
-0.0443920249744166,-0.817758336628107,0.930721998214722,0.0391847677528858,0.00858406629413366,-1.71055537859072,-0.29053646740727,0.206443848303466,-0.00869995662179531,0.0403053599926106,-0.00393048676210226,0.0093574917137082,-0.504939675331116,1.65165412425995,0.90926456451416,0.0164276245944378,-0.00124902098856161,-0.0607150186004132,-0.143869434084809,-0.3462808472784,-0.0350705214910603,-0.0980136807598873,0.0140183932570605,-0.0615519986012726,0,-0.0646231091346127,0,0,10955.19,27.7267807
-0.0540765738879923,-0.810876875017992,0.930721998214722,0.0391847677528858,0.00858406629413366,-1.71055537859072,-0.29053646740727,0.206443848303466,-0.00869995662179531,0.0282137519948274,-0.00275134073347158,0.00655024419959574,-0.514836072921753,1.62635636329651,0.908180475234985,0.0149313349593704,-0.00387388557365211,-0.062763548475777,-0.141377108438262,-0.361396585193502,-0.0154869897025616,-0.0213755662153374,-0.0374980655014488,-0.0292647125053181,0,-0.0489935777297133,0,0,10955.26,27.793483
-0.0635617396273165,-0.802542900914225,0.912634134292603,0.0342257097363472,0.0058539966121316,-1.70800596872439,-0.284554972179726,0.250019223112998,0.165665233235557,0.0643811485452268,0.0226446886245885,-0.0183595178572801,-0.523518681526184,1.6044647693634,0.907651126384735,0.0229402466076398,0.0078194632450571,-0.061483055319463,-0.144710143408414,-0.364859898888188,-0.00882248083757896,0.133481860805623,0.194889146980141,0.021341552605414,0,-0.0328456171081525,0,0,10955.32,27.859958
-0.0730469053666407,-0.794208926810459,0.912634134292603,0.0342257097363472,0.0058539966121316,-1.70800596872439,-0.284554972179726,0.250019223112998,0.00287445793648512,0.0450668039816587,0.015851282037212,-0.012851662500096,-0.532439470291138,1.57921147346497,0.909687042236328,0.0275488580777205,-0.000220312441440952,-0.0598960833340445,-0.127439839499867,-0.360761369979179,0.0290845121657355,0.0658373067157119,-0.114853938379021,0.0226710283632153,0,-0.0160457878839375,0,0,10955.39,27.9273956
-0.0825320711059649,-0.785874952706692,0.912634134292603,0.0342257097363472,0.0058539966121316,-1.70800596872439,-0.284554972179726,0.250019223112998,0.00287445793648512,0.0315467627871611,0.0110958974260484,-0.00899616375006723,-0.542153298854828,1.55800950527191,0.906840860843658,0.0102225560107199,0.00580297521143315,-0.0536602544493917,-0.161897142724636,-0.35336613654319,-0.0474363565434592,-0.288771701110373,0.10038812754571,0.103930481408612,0,0.000778091685394608,0,0,10955.45,27.9940797
-0.0889748876366875,-0.778069448891949,0.921798050403595,0.0228291638195515,0.00436204159632325,-1.70742780367006,-0.193284495921677,0.234165114442299,-0.10529924032201,0.124651647202174,0.021194723340509,-0.0115008001139387,-0.552055597305298,1.53335809707642,0.906002402305603,0.00975347212814881,0.00572580095226322,-0.0599609952090011,-0.141461406435873,-0.35216297422283,-0.0119779791151272,-0.00670119832247215,-0.00110248941671791,-0.0900105822805086,0,0.0175932560830235,0,0,10955.52,28.0607701
-0.09541770416741,-0.770263945077206,0.921798050403595,0.0228291638195515,0.00436204159632325,-1.70742780367006,-0.193284495921677,0.234165114442299,-0.0228239953230783,0.0872561530415221,0.0148363063383563,-0.00805056007975706,-0.561746597290039,1.5097062587738,0.905068814754486,0.00985989763496499,0.00651821953568726,-0.0545132609063742,-0.13844285692545,-0.337883404324438,-0.0133369650160118,0.00152036438309463,0.0113202654775333,0.0778247757521367,0,0.0341879780589238,0,0,10955.59,28.1274973
-0.101860520698133,-0.762458441262462,0.921798050403595,0.0228291638195515,0.00436204159632325,-1.70742780367006,-0.193284495921677,0.234165114442299,-0.0228239953230783,0.0610793071290654,0.0103854144368494,-0.00563539205582994,-0.571456491947174,1.48647212982178,0.904480338096619,-0.00972419440816032,-0.00619767125649638,-0.0547494740318153,-0.138712780816791,-0.331916127887471,-0.00840680939814112,-0.279772743474382,-0.181655582746236,-0.00337447322060099,0,0.0503513913588796,0,0,10955.66,28.1942109
-0.109513557599102,-0.755402110321762,0.926842927932739,0.0189357362687588,0.00227152928709984,-1.70805269876589,-0.229591107029081,0.211689928221013,-0.0719014998918035,0.07779636294748,0.0260844008888053,0.0016792814233458,-0.57911491394043,1.46686792373657,0.903228342533112,-0.0021354157087117,0.00238204398559835,-0.0515646225743395,-0.127640366555344,-0.326736768089525,-0.0208665927252951,0.126479644991884,0.142995254036126,0.0530808576250472,0,0.0659591598074047,0,0,10955.72,28.2610581
-0.117166594500071,-0.748345779381061,0.926842927932739,0.0189357362687588,0.00227152928709984,-1.70805269876589,-0.229591107029081,0.211689928221013,-0.0264976021295049,0.054457454063236,0.0182590806221637,0.00117549699634206,-0.588696122169495,1.44416868686676,0.903456389904022,-0.0164190292914049,-0.00874131619671677,-0.058804965660886,-0.136874403269369,-0.324274812418808,0.00325781958436667,-0.204051622605448,-0.158905145458176,-0.103433472662692,0,0.0808535046306587,0,0,10955.79,28.3278054
-0.124819631401041,-0.741289448440361,0.926842927932739,0.0189357362687588,0.00227152928709984,-1.70805269876589,-0.229591107029081,0.211689928221013,-0.0264976021295049,0.0381202178442652,0.0127813564355146,0.000822847897439442,-0.596986770629883,1.42626392841339,0.903531432151794,-0.00802134772647899,-0.00460559693149942,-0.0635799231408361,-0.138177474340976,-0.298412640892019,0.00125070412954756,0.139961359416619,0.0689286544208742,-0.0795826246665107,0,0.0950172961060082,0,0,10955.85,28.3945256
-0.131715186337011,-0.735047887979734,0.926842927932739,0.0189357362687588,0.00227152928709984,-1.70805269876589,-0.206866648079104,0.187246813818806,-0.00468745662606581,0.0266841524909857,0.00894694950486021,0.000575993528207609,-0.605799198150635,1.40576100349426,0.903426945209503,-0.00504587483711046,0.00848489579192815,-0.0551267709525942,-0.125891821725551,-0.292898927417338,-0.00149267060416706,0.0425067555625843,0.187007038906886,0.120759316975385,0,0.108485370807749,0,0,10955.92,28.4611965
-0.138601919776533,-0.728794669306971,0.904478013515472,0.0115946056321263,0.00348609732463956,-1.70970398584475,-0.206602003185674,0.187596560182889,0.197915230346413,0.0847490824733819,-0.00466824768445534,0.0152647791794621,-0.614813685417175,1.38624024391174,0.905873894691467,-0.00488317434828054,0.00479095808953671,-0.0510190141301764,-0.128778389522543,-0.278867994037153,0.0349564211710612,0.00232429269757995,-0.0527705386058114,0.0586822403204982,0,0.121382170415381,0,0,10955.99,28.5278745
-0.145488653216056,-0.722541450634208,0.904478013515472,0.0115946056321263,0.00348609732463956,-1.70970398584475,-0.206602003185674,0.187596560182889,-0.00336899940898833,0.0593243577313673,-0.00326777337911874,0.0106853454256235,-0.623084425926208,1.36779820919037,0.907789349555969,-0.0132308346971873,0.00223179704698892,-0.0537083515008214,-0.118153435843823,-0.263457638877874,0.0273636409215702,-0.119252290699163,-0.0365594434651204,-0.0384191052950886,0,0.133892541318876,0,0,10956.06,28.5945806
-0.152219913358224,-0.715846697194386,0.91262811422348,0.00761006539687514,0.00103279063478112,-1.71000105539431,-0.201937804265031,0.200842603194652,-0.10991417694663,0.0773879125292178,0.0197923188433428,0.0101533677439814,-0.630763530731201,1.3529417514801,0.909149467945099,-0.000515655627612792,0.0103214557026331,-0.0599264742833777,-0.127985080080418,-0.24760762849903,0.0226686398183325,0.211919651154949,0.134827644257794,-0.103635379707008,0,0.146243647984544,0,0,10956.12,28.6612534
-0.158951173500391,-0.709151943754565,0.91262811422348,0.00761006539687514,0.00103279063478112,-1.71000105539431,-0.201937804265031,0.200842603194652,-0.0365632705745601,0.0541715387704525,0.01385462319034,0.00710735742078695,-0.637944161891937,1.33665156364441,0.911439776420593,-0.0119754553520504,0.00510056053405589,-0.0455460349872798,-0.102580445153799,-0.232716969082301,0.0327186925071987,-0.163711424635503,-0.0745842166942707,0.205434847087967,0,0.158720523359943,0,0,10956.19,28.7279223
-0.165682433642559,-0.702457190314743,0.91262811422348,0.00761006539687514,0.00103279063478112,-1.71000105539431,-0.201937804265031,0.200842603194652,-0.0365632705745601,0.0379200771393167,0.00969823623323798,0.00497515019455087,-0.646295487880707,1.32180142402649,0.913645565509796,-0.0113038998625821,0.00119160711813587,-0.0544087993653861,-0.119304656982918,-0.212144851685452,0.0315112727030293,0.00959364984958582,-0.0558421916562325,-0.126610919687761,0,0.171630181621382,0,0,10956.26,28.7946264
-0.17051891203217,-0.700049715324553,0.90097850561142,0.00761006539687514,0.00103279063478112,-1.71000105539431,-0.145094351688319,0.0722242497057072,0.0753875705494171,0.0265440539975217,0.00678876536326659,0.00348260513618561,-0.652111053466797,1.30943715572357,0.916641294956207,-0.0140894473959854,0.00545230169094187,-0.0424487726250861,-0.0969260931023242,-0.206071138383707,0.049928824107276,-0.046425792223782,0.0710115762140362,0.199333779006692,0,0.185265112362969,0,0,10956.32,28.8613473
-0.175361980410725,-0.697628262447384,0.90097850561142,-0.00101037451531738,0.00300510018132627,-1.71200687090029,-0.145292051356673,0.0726435863150567,-0.0284592679927869,0.0961647970079979,-0.0129986501646197,0.0204901631491629,-0.660378396511078,1.29696154594421,0.918836414813995,-0.0122597470232614,-0.00202731434082719,-0.0552892765593103,-0.118104900633077,-0.178222996848711,0.0313588551113888,0.0261385767533089,-0.106851657597145,-0.183435770489679,0,0.199879926901654,0,0,10956.39,28.9280353
-0.180205048789281,-0.695206809570216,0.90097850561142,-0.00101037451531738,0.00300510018132627,-1.71200687090029,-0.145292051356673,0.0726435863150567,-0.0284592679927869,0.0673153579055985,-0.00909905511523381,0.0143431142044141,-0.666042625904083,1.28649246692657,0.920458555221558,-0.02614523841897,-0.00193503949481015,-0.054178276459907,-0.0944038232146956,-0.174484650290177,0.0270356734587808,-0.231424856590092,0.00153791410025054,0.0185166683229839,0,0.215694555349133,0,0,10956.45,28.9947439
-0.183757626784224,-0.691736389036078,0.919448614120483,-0.00525367446243763,0.00352226104587317,-1.71114784875979,-0.106577339848297,0.104112616024122,-0.202386261745433,0.0853104500580012,-0.0110237863615857,0.00230898067856347,-0.671988844871521,1.27559959888458,0.924014031887054,-0.0130930710040711,-0.00750853339804428,-0.0577047174153204,-0.0849459852494638,-0.155612400600535,0.050792523793023,0.186459534499331,-0.0796213414751043,-0.0503777279346865,0,0.232833541487488,0,0,10956.52,29.0614589
-0.187310204779168,-0.688265968501941,0.919448614120483,-0.00525367446243763,0.00352226104587317,-1.71114784875979,-0.106577339848297,0.104112616024122,-0.0361552851638592,0.0597173150406009,-0.00771665045311,0.00161628647499443,-0.678701221942902,1.26760351657867,0.9247185587883,-0.0303138134326475,-0.00538352042335752,-0.0498696377110702,-0.0958911010201218,-0.114229747227735,0.0100646700178292,-0.246010606123543,0.030357328209937,0.111929710061183,0,0.251321840402005,0,0,10956.59,29.1281812
-0.190862782774111,-0.684795547967803,0.919448614120483,-0.00525367446243763,0.00352226104587317,-1.71114784875979,-0.106577339848297,0.104112616024122,-0.0361552851638592,0.0418021205284206,-0.005401655317177,0.0011314005324961,-0.684927105903625,1.2599116563797,0.927026987075806,-0.03272536559689,-0.00532465339687586,-0.0486486288446172,-0.0889411994392823,-0.109883717128666,0.03297754696451,-0.0344507452036075,0.000840957521170123,0.0174429838065431,0,0.271060335591773,0,0,10956.66,29.1948973
-0.18886860059897,-0.683701346433983,0.922047019004822,-0.0137290945276618,0.00377539009787142,-1.71226650873293,0.0598254652542349,0.0328260460146172,-0.0551844698663947,0.105540264956912,-0.00605932019000822,0.0108599201310481,-0.690952122211456,1.25470578670502,0.927435636520386,-0.0308732116115492,-0.00565680924019021,-0.0495116568720378,-0.100416938464699,-0.0867644945787801,0.00681082407639245,0.0308692330892754,-0.00553593072195296,-0.0143838004571324,0,0.291811292780089,0,0,10956.72,29.2615708
-0.186874418423829,-0.682607144900162,0.922047019004822,-0.0137290945276618,0.00377539009787142,-1.71226650873293,0.0598254652542349,0.0328260460146172,-0.0317988259073492,0.0738781854698384,-0.00424152413300575,0.00760194409173364,-0.69713693857193,1.25025761127472,0.928681075572968,-0.0366669419037213,-0.00477038906833385,-0.0427126081169038,-0.088354519433409,-0.0635453632885822,0.0177919864650657,-0.0827675756006508,0.0126631453119573,0.0971292679283662,0,0.313232370270563,0,0,10956.79,29.3282589
-0.184880236248687,-0.681512943366342,0.922047019004822,-0.0137290945276618,0.00377539009787142,-1.71226650873293,0.0598254652542349,0.0328260460146172,-0.0317988259073492,0.0517147298288868,-0.00296906689310403,0.00532136086421355,-0.703016757965088,1.24784517288208,0.929291546344757,-0.0322409933091637,-0.00203387315273066,-0.0336715856198027,-0.0839974199026058,-0.0344634056092741,0.00872101102560127,0.0632278370653705,0.0390930845087796,0.129157464244839,0,0.334838398084606,0,0,10956.86,29.394974
-0.182888608376218,-0.681313121178811,0.922047019004822,-0.0137290945276618,0.00377539009787142,-1.71226650873293,0.0597488361740962,0.00599466562591554,-0.0161153144656522,0.0362003108802208,-0.00207834682517282,0.00372495260494948,-0.708546161651611,1.24668717384338,0.930676400661469,-0.0476171581536077,-0.00902900893774199,-0.0391902406558736,-0.0921567281095062,-0.0192999839784353,0.0230809052787197,-0.256269414076242,-0.116585596417845,-0.0919775839352961,0,0.356002955167349,0,0,10956.92,29.461658
-0.180899619818026,-0.681117158375017,0.926686823368073,-0.0192114785313606,0.00968572683632374,-1.71681362787356,0.0596696567457487,0.00587888411382823,-0.0580373722573647,0.074681673649444,-0.0546478734236918,0.0435315390890896,-0.715292990207672,1.24710583686829,0.931780695915222,-0.0346857187930362,0.00540924169359917,-0.0421163153802568,-0.0963832650869835,0.00598090035577263,0.0157756464822608,0.184734848008933,0.206260723305731,-0.0418010674913635,0,0.376028779381871,0,0,10956.99,29.5283365
-0.178910631259834,-0.680921195571223,0.926686823368073,-0.0192114785313606,0.00968572683632374,-1.71681362787356,0.0596696567457487,0.00587888411382823,-0.0162791329881081,0.0522771715546108,-0.0382535113965843,0.0304720773623628,-0.721064925193787,1.2493109703064,0.932726085186005,-0.0502424981665106,-0.00560353263719437,-0.0491291881961237,-0.0961989164331419,0.0367522239677036,0.0157564878460306,-0.259279656218914,-0.183546238842553,-0.11688121359523,0,0.394152741773066,0,0,10957.05,29.5950642
-0.177209599110462,-0.683100904942816,0.922104299068451,-0.029420668259263,0.00925409886986017,-1.71737701097597,0.0510309644811746,-0.0653912811478091,0.0286455804849986,0.128476727639349,-0.0228928062794369,0.0264009020754069,-0.727633118629456,1.25405585765839,0.934176802635193,-0.0547894118100383,0.000718773196829324,-0.0511570935863662,-0.0938313347956608,0.0677841050287068,0.0207245349884895,-0.0649559091935229,0.0903186547721426,-0.0289700770035848,0,0.409528454259915,0,0,10957.12,29.6617306
-0.175508566961089,-0.68528061431441,0.922104299068451,-0.029420668259263,0.00925409886986017,-1.71737701097597,0.0510309644811746,-0.0653912811478091,-0.0125971382115956,0.0899337093475445,-0.0160249643956058,0.0184806314527848,-0.734034478664398,1.26029407978058,0.935373306274414,-0.0417618812956236,0.0134869114422435,-0.0484841674063446,-0.0914480004995606,0.0891174588888331,0.0170929091318024,0.186107578778126,0.182401974935247,0.0381846597147532,0,0.421360287773047,0,0,10957.19,29.7284332
-0.173807534811717,-0.687460323686003,0.922104299068451,-0.029420668259263,0.00925409886986017,-1.71737701097597,0.0510309644811746,-0.0653912811478091,-0.0125971382115956,0.0629535965432811,-0.0112174750769241,0.0129364420169494,-0.740166485309601,1.26883494853973,0.935833811759949,-0.0469006408792876,-0.002305583418974,-0.0405556611210195,-0.0876000949318304,0.122012410845583,0.00657864979337975,-0.073410851195505,-0.225607069446903,0.113264375505114,0,0.428858959967887,0,0,10957.26,29.7951691
-0.173535306807178,-0.691402350766827,0.922104299068451,-0.029420668259263,0.00925409886986017,-1.71737701097597,0.00816684013617186,-0.118260812424701,-0.0229406911268271,0.0440675175802968,-0.00785223255384685,0.00905550941186455,-0.74493134021759,1.27803087234497,0.936542570590973,-0.0631303726811789,-0.00471699739693531,-0.0387457081389716,-0.0794142484671658,0.153265396755248,0.0118126471838364,-0.270495530033819,-0.040190232966363,0.0301658830343889,0,0.431311579832003,0,0,10957.32,29.8618995
-0.173280616668364,-0.695343052048948,0.922104299068451,-0.0385689251124859,0.00958829838782549,-1.71940833726992,0.00764070416440309,-0.118221038463629,-0.0231291904485878,0.113181573985213,-0.00850435844938065,0.024620793233813,-0.752202570438385,1.29068994522095,0.936993837356567,-0.0447592002776429,0.0124622917259643,-0.0393296727327094,-0.103874717440356,0.180843898228988,0.00644666807994798,0.262445320051606,0.245418416042443,-0.00834235133914663,0,0.428134613086188,0,0,10957.39,29.9285786
-0.173025926529551,-0.699283753331069,0.922104299068451,-0.0385689251124859,0.00958829838782549,-1.71940833726992,0.00764070416440309,-0.118221038463629,-0.0231291904485878,0.0792271017896494,-0.00595305091456645,0.0172345552636691,-0.758002102375031,1.30703091621399,0.938242316246033,-0.0541427616265843,0.00512412997077445,-0.0363889440132071,-0.0828504562359845,0.233442442752647,0.0178354127062583,-0.134050876410522,-0.104830882214709,0.0420104102776878,0,0.418892196067609,0,0,10957.46,29.9952791
-0.171365801946718,-0.705245277342877,0.936040282249451,-0.0459991879761219,0.00845822505652905,-1.71822220483889,0.0498037374849932,-0.178845720354237,-0.142714848007568,0.122331337025479,0.00600352434147148,0.00138899680529591,-0.763236701488495,1.3228166103363,0.939870953559875,-0.0419113843380389,0.0148690518810875,-0.0376995956862693,-0.0872433185584798,0.263094902040808,0.0271439552309433,0.203856288144153,0.162415365173262,-0.0218441945512228,0,0.403339126931445,0,0,10957.52,30.0619479
-0.169705677363885,-0.711206801354685,0.936040282249451,-0.0459991879761219,0.00845822505652905,-1.71822220483889,0.0498037374849932,-0.178845720354237,-0.0172909993785703,0.0856319359178351,0.00420246703903003,0.000972297763707134,-0.769591093063354,1.34249472618103,0.940898537635803,-0.0513565535604299,0.0128946922141619,-0.0402937646892446,-0.090777022498372,0.28111594064012,0.0146797725133144,-0.134930988891861,-0.0282051380990535,-0.037059557185515,0,0.381408127919232,0,0,10957.59,30.1286565
-0.168045552781052,-0.717168325366493,0.936040282249451,-0.0459991879761219,0.00845822505652905,-1.71822220483889,0.0498037374849932,-0.178845720354237,-0.0172909993785703,0.0599423551424846,0.00294172692732102,0.000680608434594994,-0.775277972221375,1.36547315120697,0.94342303276062,-0.0300837051676455,0.0128746261901249,-0.0397954947174541,-0.0812411308291952,0.32826321465765,0.0360642160689627,0.303897834183898,-0.000286657486243638,0.00711814245417996,0,0.353277182819396,0,0,10957.66,30.1953626
-0.165572763697322,-0.727478258414198,0.952975630760193,-0.0503381155431271,0.00554280588403344,-1.71709019342531,0.0741836725118744,-0.309297991431149,-0.187144279092265,0.0810099967027856,0.0282979814015852,-0.00971167681795147,-0.780695259571075,1.38797175884247,0.943549931049347,-0.0316958742793447,0.00522206063883531,-0.0390974222047728,-0.0902881224957819,0.37497679392815,0.00211497147879806,-0.0268694851952146,-0.127542759189243,0.0116345418781203,0,0.319334100558124,0,0,10957.72,30.2620764
-0.163099974613593,-0.737788191461903,0.952975630760193,-0.0503381155431271,0.00554280588403344,-1.71709019342531,0.0741836725118744,-0.309297991431149,-0.034726142495585,0.0567069976919499,0.0198085869811096,-0.00679817377256603,-0.785969734191895,1.41422307491302,0.944736242294312,-0.0199570292922381,0.015567612025558,-0.0442086795305818,-0.075349637438628,0.375018800999766,0.0169473034991244,0.167697785526434,0.147793591235669,-0.073017961795678,0,0.280203114470584,0,0,10957.79,30.3287726
-0.160627185529864,-0.748098124509608,0.952975630760193,-0.0503381155431271,0.00554280588403344,-1.71709019342531,0.0741836725118744,-0.309297991431149,-0.034726142495585,0.0396948983843649,0.0138660108867767,-0.00475872164079622,-0.791973888874054,1.44433116912842,0.943085670471191,-0.0108579377800676,-0.000405275806482713,-0.0297959573541527,-0.0857736383169198,0.430115631650261,-0.0235795974732426,0.129987021602977,-0.228184111887244,0.205896031092701,0,0.236673689950944,0,0,10957.86,30.3954884
-0.155446306617812,-0.761977507845145,0.952975630760193,-0.0503381155431271,0.00554280588403344,-1.71709019342531,0.155426367361567,-0.416381500066107,-0.0174402681086103,0.0277864288690555,0.00970620762074371,-0.00333110514855736,-0.79619574546814,1.47072517871857,0.944514751434326,-0.0205799933948702,-0.0026631224481504,-0.0321113614400537,-0.0703642765686922,0.43990015983955,0.0238180160524483,-0.162034260248087,-0.0376307773614475,-0.0385900680986777,0,0.189733516819266,0,0,10957.92,30.462218
-0.150265176364429,-0.775859598160381,0.948240756988525,-0.0440111085772514,0.00531414523720741,-1.71739942232241,0.155433907601487,-0.416462709457079,0.02618604080929,-0.0374925624845418,0.00885229115595485,0.000451286469862391,-0.801456868648529,1.50428688526154,0.946872234344482,-0.0150774010776469,0.0116256410659745,-0.0345463943858793,-0.075158902577304,0.479452950615833,0.0336783272880865,0.0786084616749465,0.204125193059775,-0.0347861849405112,0,0.140595099098139,0,0,10957.99,30.5288459
-0.145084046111046,-0.789741688475617,0.948240756988525,-0.0440111085772514,0.00531414523720741,-1.71739942232241,0.155433907601487,-0.416462709457079,-0.0164278231357174,-0.0262447937391793,0.0061966038091684,0.000315900528903674,-0.806188642978668,1.53794360160828,0.946808576583862,-0.0250226247362692,0.00512052398284338,-0.0366887497723129,-0.0675967761451262,0.480810233526867,-0.000909396580291169,-0.142074623695196,-0.092930244045116,-0.030605076949178,0,0.0902335408201375,0,0,10958.06,30.5957065
-0.142834284446923,-0.801773492529773,0.943303763866425,-0.0266609434038401,0.0104886805638671,-1.71549469629397,0.06749284992369,-0.360954121624701,0.0280145201043474,-0.174522842178128,-0.0422331952735192,-0.0169214038857489,-0.810179829597473,1.56877946853638,0.948857426643372,0.0128154430239607,0.00787638605173221,-0.0386457382498123,-0.0665197769786302,0.513931115457125,0.0341475009910759,0.630634462656733,0.045931034480478,-0.0326164746242778,0,0.0402105934955581,0,0,10958.12,30.6624179
-0.1405845227828,-0.81380529658393,0.943303763866425,-0.0266609434038401,0.0104886805638671,-1.71549469629397,0.06749284992369,-0.360954121624701,-0.0164184179945601,-0.122165989524689,-0.0295632366914635,-0.0118449827200242,-0.815802097320557,1.6029452085495,0.948641359806061,0.0132867049158982,0.000151405971908768,-0.0263664431109855,-0.0803181103300982,0.488082000189494,-0.0030866691044527,0.00673231274199315,-0.110356858283651,0.175418501983968,0,-0.00831980464044458,0,0,10958.19,30.7291388
-0.138334761118677,-0.825837100638087,0.943303763866425,-0.0266609434038401,0.0104886805638671,-1.71549469629397,0.06749284992369,-0.360954121624701,-0.0164184179945601,-0.0855161926672826,-0.0206942656840244,-0.00829148790401695,-0.817713141441345,1.63762664794922,0.946396172046661,0.0176472319974569,-0.062207496213443,-0.000558089406078149,-0.0273006302970931,0.495449134283763,-0.0320741108486964,0.062293244022526,-0.890841459794443,0.368690767214496,0,-0.0542362855718945,0,0,10958.26,30.7960176
-0.13272928843938,-0.840081624579317,0.937199652194977,-0.0266609434038401,0.0104886805638671,-1.71549469629397,0.168164180378904,-0.427335718236921,0.0405494048998609,-0.0598613348670978,-0.0144859859788171,-0.00580404153281186,-0.818375647068024,1.66483294963837,0.948965072631836,0.0196224890778301,-0.0970968778290062,0.0397847082117662,-0.0110417604447348,0.453438361489648,0.0428150097532728,0.0329209513398325,-0.581489693597656,0.672379960303114,0,-0.0961988868835954,0,0,10958.32,30.8627248
-0.12709896996033,-0.854328706263774,0.937199652194977,-0.000212316794204526,-0.000146366830449551,-1.7145028750049,0.168909554371513,-0.427412450533698,-0.00719409291855156,-0.279940573893688,0.0855752363636778,-0.0129892206745308,-0.820591509342194,1.70063710212708,0.950830399990082,0.000946277618123652,-0.136429933352421,0.00989124005902441,-0.0316551753454162,0.511487892697962,0.0266475336893372,-0.266803020854059,-0.561900793193974,-0.427049545040945,0,-0.133378558277845,0,0,10958.39,30.9294482
-0.121468651481279,-0.868575787948231,0.937199652194977,-0.000212316794204526,-0.000146366830449551,-1.7145028750049,0.168909554371513,-0.427412450533698,-0.00719409291855156,-0.195958401725582,0.0599026654545745,-0.00909245447217156,-0.828144371509552,1.73442161083221,0.960029482841492,-0.0382456472676416,-0.130549534412483,0.00644322834917896,-0.107898030959908,0.48263583863431,0.131415469302987,-0.559884641212997,0.0840056991401377,-0.0492573101395741,0,-0.164907591112952,0,0,10958.46,30.9959599
-0.111512455564863,-0.888305004600707,0.934296190738678,0.0131164537742734,0.000589026196394116,-1.71612197557558,0.298685877492499,-0.591876499574294,0.0120718486439802,-0.257129816324209,0.0353133285766091,0.00820718700558831,-0.83116888999939,1.76324713230133,0.96463018655777,0.0392672993656507,-0.0290626093543655,-0.0112306119944898,-0.050408641497722,0.480425357822682,0.0766783952719522,1.29188244389917,1.69144875098298,-0.294564005730312,0,-0.190502043930172,0,0,10958.52,31.0628438
-0.101556259648446,-0.908034221253184,0.934296190738678,0.0131164537742734,0.000589026196394116,-1.71612197557558,0.298685877492499,-0.591876499574294,-0.0140593044627092,-0.179990871426946,0.0247193300036264,0.00574503090391182,-0.835506498813629,1.79242932796478,0.968800127506256,0.0297988021158914,-0.00352056287415368,-0.0276209281929062,-0.0619658402036791,0.416888509479621,0.0595705849786238,-0.135264246425696,0.364886378290257,-0.234147374264066,0,-0.2096256417633,0,0,10958.59,31.1295133
-0.0916000637320296,-0.92776343790566,0.934296190738678,0.0131164537742734,0.000589026196394116,-1.71612197557558,0.298685877492499,-0.591876499574294,-0.0140593044627092,-0.125993609998862,0.0173035310025385,0.00402152163273827,-0.837658226490021,1.82299840450287,0.973657786846161,0.0161288391326647,-0.0224080482963299,-0.0221092942139079,-0.0307389668057221,0.436701093403043,0.0693951334274997,-0.195285185475478,-0.269821220317925,0.0787376282717325,0,-0.222343686047622,0,0,10958.66,31.1961977
-0.0821664334994115,-0.940119929889185,0.951291382312775,0.0316386148333549,0.00517174694687128,-1.71446782747378,0.283008906978544,-0.370694759505757,-0.186339451670807,-0.254894976530938,-0.0291320150525176,-0.012072267773343,-0.838071346282959,1.84513866901398,0.975427091121674,0.0305958395483494,-0.039651039554044,-0.00992044561712525,-0.00688532988236232,0.369004408521606,0.0294884045921286,0.241116673596791,-0.287383187631008,0.203147476614768,0,-0.228884603276966,0,0,10958.72,31.2629114
-0.0727328032667934,-0.952476421872711,0.951291382312775,0.0316386148333549,0.00517174694687128,-1.71446782747378,0.283008906978544,-0.370694759505757,-0.0333827275039366,-0.178426483571656,-0.0203924105367623,-0.00845058744134008,-0.841535687446594,1.87187075614929,0.979258596897125,0.0405239594593966,-0.0303647709931414,-0.0163208485885439,-0.0494905880508519,0.381886959067592,0.0547357967909718,0.141830284440436,0.132660979438569,-0.0914343281611283,0,-0.229722576875151,0,0,10958.79,31.3296406
-0.0632991730341753,-0.964832913856236,0.951291382312775,0.0316386148333549,0.00517174694687128,-1.71446782747378,0.283008906978544,-0.370694759505757,-0.0333827275039366,-0.124898538500159,-0.0142746873757336,-0.00591541120893806,-0.84464555978775,1.89695048332214,0.983067631721497,0.0357775198893542,-0.00980633717324115,-0.0250357492063284,-0.0444267477309848,0.358281816756512,0.0544147832055311,-0.0678062795723158,0.293691911714082,-0.124498580254582,0,-0.225563054305437,0,0,10958.86,31.3963784
-0.0573095996328901,-0.972984708369549,0.951291382312775,0.0316386148333549,0.00517174694687128,-1.71446782747378,0.179687202038555,-0.244553835399402,-0.0124441936868789,-0.0874289769501116,-0.00999228116301352,-0.00414078784625664,-0.848337471485138,1.91378486156464,0.982405364513397,0.0458578449333789,-0.0303397744048214,-0.022815703289909,-0.0615318616236506,0.280572970710593,-0.0110377868017498,0.168005417401837,-0.342223953862576,0.0370007652739706,0,-0.217289618447482,0,0,10958.92,31.4632361
-0.0513328655528168,-0.981147878084669,0.961946785449982,0.0456349775195122,0.0151265570893884,-1.71698433557619,0.179302022402199,-0.244895091453586,-0.107763258104104,-0.187167548040493,-0.0965878880967633,0.0197500214293733,-0.851258039474487,1.93372941017151,0.983950734138489,0.0467059956380961,-0.0179516763879749,-0.0257456007358304,-0.0417223998480215,0.284922122956507,0.0220767089299711,0.0121164386388676,0.176972828812829,-0.0418556777990505,0,-0.205985372808362,0,0,10958.99,31.5299795
-0.0453561314727435,-0.989311047799788,0.961946785449982,0.0456349775195122,0.0151265570893884,-1.71698433557619,0.179302022402199,-0.244895091453586,-0.0118646298692403,-0.131017283628345,-0.0676115216677343,0.0138250150005613,-0.853491127490997,1.95138430595398,0.986958622932434,0.0331176613753472,-0.0113420737689208,-0.02996406650817,-0.0319012573788471,0.252212796893487,0.0429698399136831,-0.19411906089722,0.0944228945583089,-0.0602637967479594,0,-0.192805670061879,0,0,10959.06,31.5966673
-0.0412145395258989,-0.99674120536831,0.962244868278503,0.0456349775195122,0.0151265570893884,-1.71698433557619,0.124247758405336,-0.222904727055642,-0.00809356246720563,-0.0917120985398416,-0.047328065167414,0.00967751050039291,-0.848647475242615,1.96591889858246,0.98759526014328,0.0546453502669838,-0.069335728739463,-0.0310043885751491,0.0807275374712807,0.242243210469362,0.0106106201805342,0.358794814852779,-0.966560916154606,-0.0173387011159403,0,-0.17893763599827,0,0,10959.12,31.663375
-0.0370729475790544,-1.00417136293683,0.962244868278503,0.0456349775195122,0.0151265570893884,-1.71698433557619,0.124247758405336,-0.222904727055642,-0.00541081701051007,-0.0641984689778891,-0.0331296456171898,0.00677425735027504,-0.85736870765686,1.97391724586487,0.984688818454742,0.00845707969480504,-0.0658066435228599,0.0333350518120302,-0.124589034489741,0.114262104034899,-0.0415205955507097,-0.659832436748154,0.0504155030945388,0.919134862677812,0,-0.165587253303412,0,0,10959.19,31.7300316
-0.0329313556322098,-1.01160152050535,0.962244868278503,0.0456349775195122,0.0151265570893884,-1.71698433557619,0.124247758405336,-0.222904727055642,-0.00541081701051007,-0.0449389282845224,-0.0231907519320329,0.00474198014519252,-0.861192286014557,1.98569118976593,0.987894475460052,0.00358674220327539,-0.0508067701570619,0.0241617935279677,-0.0546225479673204,0.168199198587299,0.0457951000760484,-0.0695762498792843,0.214283905226577,-0.131046546915723,0,-0.153863810850673,0,0,10959.26,31.796732
-0.0301600293585755,-1.01521011024421,0.973417997360229,0.0456349775195122,0.0151265570893884,-1.71698433557619,0.0831397882090291,-0.108257692165622,-0.118022257434926,-0.0314572497991657,-0.016233526352423,0.00331938610163477,-0.863268256187439,1.99354577064514,0.985155045986176,0.0154154620676891,-0.0843318119925881,0.0371601113959414,-0.0345995028816617,0.130909681321302,-0.0456571578983368,0.197145331075235,-0.558750697263514,0.216638631134733,0,-0.14479095662445,0,0,10959.32,31.8634258
-0.0274025695364338,-1.0188286390804,0.973417997360229,0.0332616083323956,0.0033120452426374,-1.71771604219546,0.0827237946642537,-0.108555865085794,-0.017525018124374,0.0893402478246337,0.0949671381740627,0.00890892984450859,-0.869816839694977,2.00536370277405,0.986739873886108,0.0404704405387057,-0.0417812106936622,-0.0156856639908013,-0.0935511929652153,0.16882760184222,0.0226403985705636,0.357928263873154,0.607865732844326,-0.754939648385177,0,-0.139215885642663,0,0,10959.39,31.9301874
-0.024645109714292,-1.02244716791659,0.973417997360229,0.0332616083323956,0.0033120452426374,-1.71771604219546,0.0827237946642537,-0.108555865085794,-0.017525018124374,0.0625381734772436,0.0664769967218439,0.00623625089115602,-0.866523325443268,2.012850522995,0.998625993728638,0.0135259810335027,0.0833182476214542,0.00918390325766431,0.0470502035948156,0.106954574582626,0.169801712032426,-0.384920850065926,1.78713511874837,0.355279532113182,0,-0.137802925006904,0,0,10959.46,31.9969228
-0.0235683991501812,-1.02463885571893,0.977169871330261,0.0459520556032658,0.00544717442244291,-1.71661669412722,0.0323013169233222,-0.0657506340701177,-0.039029764361849,-0.0704373040037614,0.027317735087041,-0.00552875699032653,-0.86837774515152,2.01796412467957,0.999192476272583,0.0127778750395604,0.106937339625621,0.00896468914631896,-0.0309069951377949,0.085226694743562,0.00944137573250202,-0.0124684332324765,0.393651533406115,-0.00365356852245343,0,-0.140972396748359,0,0,10959.52,32.0636567
-0.0224916885860705,-1.02683054352127,0.977169871330261,0.0459520556032658,0.00544717442244291,-1.71661669412722,0.0323013169233222,-0.0657506340701177,-0.00526289863156335,-0.049306112802633,0.0191224145609287,-0.00387012989322857,-0.871842861175537,2.0215585231781,0.999251842498779,0.000438304585969994,0.112304085642921,0.0172932450371708,-0.0495016574861677,0.0513485499792872,0.000848088945664798,-0.176279577909168,0.0766678002474654,0.118979369869807,0,-0.148902355788541,0,0,10959.59,32.130409
-0.0214149780219598,-1.02902223132361,0.977169871330261,0.0459520556032658,0.00544717442244291,-1.71661669412722,0.0323013169233222,-0.0657506340701177,-0.00526289863156335,-0.0345142789618431,0.0133856901926501,-0.00270909092526,-0.874136805534363,2.02559041976929,0.997336268424988,-0.000415705431902054,0.07417109674893,0.0032268950831002,-0.032770633697646,0.0575985227314755,-0.027365343911421,-0.0122001431125085,-0.544756984202134,-0.200947856487559,0,-0.161513805093887,0,0,10959.66,32.1971648
-0.0215812119281964,-1.02916506126216,0.975299119949341,0.0356679074466228,-0.000412452034652233,-1.71791297594179,-0.00498701718710089,-0.00428489815660981,0.00664399440049642,0.0683973381364961,0.0621066212487114,0.00977017268349476,-0.873047530651093,2.02960181236267,0.994489908218384,0.0284998328317449,-0.00402970168432473,-0.0339964286809686,0.0181545813879918,0.0668565432236307,-0.0474393367771361,0.48192563773154,-1.30334664056531,-0.620388729406414,0,-0.1784644751555,0,0,10959.72,32.2638766
-0.0217474458344331,-1.02930789120071,0.975299119949341,0.0356679074466228,-0.000412452034652233,-1.71791297594179,-0.00498701718710089,-0.00428489815660981,-0.0101927680277873,0.0478781366955473,0.043474634874098,0.00683912087844633,-0.871453881263733,2.03496837615967,0.992755055427551,0.047710947457668,-0.0679866818805696,-0.0967493075735607,0.0227664198189262,0.0766651970982847,-0.0247836112970664,0.274444494650053,-0.913671145640697,-0.896469698446033,0,-0.19918241480083,0,0,10959.79,32.3305372
-0.0219136797406698,-1.02945072113927,0.975299119949341,0.0356679074466228,-0.000412452034652233,-1.71791297594179,-0.00498701718710089,-0.00428489815660981,-0.0101927680277873,0.0335146956868831,0.0304322444118686,0.00478738461491243,-0.882423281669617,2.02791428565979,0.998917102813721,-0.0144609882745632,0.0842036392137835,0.00233867751543204,-0.156705720084706,-0.100772721427247,0.0880292483742151,-0.888170510464138,2.17414744421408,1.41554264413435,0,-0.222951647505858,0,0,10959.86,32.397299
-0.0206695232817483,-1.0290581556926,0.975299119949341,0.0356679074466228,-0.000412452034652233,-1.71791297594179,0.0373246937676464,0.0117769633999789,-0.0288332783621273,0.0234602869808182,0.021302571088308,0.0033511692304387,-0.878939926624298,2.03134965896606,0.996746718883514,0.0273160804247315,0.0119679074751933,-0.0364542934258866,0.0580559174224695,0.0572562217717263,-0.0361730655037454,0.696284478327489,-1.20392886232006,-0.646549515694132,0,-0.248797657687308,0,0,10959.92,32.4640421
-0.0194449820887134,-1.0286546689683,0.986430525779724,0.0209151431918144,0.00440373504534364,-1.71683150926699,0.0367362357910482,0.0121046017290385,-0.129318180324353,0.149197079179849,-0.0284338839581472,-0.0073873816119351,-0.884768009185791,2.02614760398865,0.995230793952942,0.0122138850936948,0.0169065592757839,0.0197824697093462,-0.0832583223073879,-0.074315071106266,-0.0216560704368402,-0.215745647587135,0.0705521685801596,0.803382330506667,0,-0.275669112988411,0,0,10959.99,32.5307996
-0.0182204408956784,-1.028251182244,0.986430525779724,0.0209151431918144,0.00440373504534364,-1.71683150926699,0.0367362357910482,0.0121046017290385,-0.0291355278509036,0.104437955425894,-0.0199037187707031,-0.00517116712835457,-0.883702337741852,2.02809548377991,0.995842099189758,0.0366474217276966,0.0171087914422035,-0.0167723696061402,0.0152238777706234,0.0278268541609695,0.0087329319545564,0.349050523344333,0.0028890309488626,-0.522211990223407,0,-0.302410093205361,0,0,10960.06,32.5975334
-0.017626357654372,-1.02780431185795,0.992772817611694,0.0405340455472469,0.0191494282335043,-1.7233079115497,0.0178224972391924,0.0134061115813902,-0.0732706636269797,-0.103463552400767,-0.146643841832938,0.0546678035545854,-0.883856654167175,2.02553510665894,0.994981169700623,0.0576245825415398,0.0129264259988106,-0.0189405563381743,-0.00257194042200197,-0.0426729520152632,-0.0143488248186158,0.349619346889755,-0.0697060907216919,-0.0361364455331125,0,-0.327843963639459,0,0,10960.12,32.6642107
-0.0170322744130656,-1.02735744147191,0.992772817611694,0.0405340455472469,0.0191494282335043,-1.7233079115497,0.0178224972391924,0.0134061115813902,-0.0161900371392477,-0.0724244866805368,-0.102650689283057,0.0382674624882098,-0.885815739631653,2.02133870124817,0.992870688438416,0.0594790825913658,0.00738644175821146,-0.0246364137670153,-0.0279869352069383,-0.0599486487254864,-0.0301497323173687,0.026492857854767,-0.0791426320088888,-0.0813693918409243,0,-0.350860205887411,0,0,10960.19,32.7308963
-0.0164381911717592,-1.02691057108586,0.992772817611694,0.0405340455472469,0.0191494282335043,-1.7233079115497,0.0178224972391924,0.0134061115813902,-0.0161900371392477,-0.0506971406763757,-0.0718554824981397,0.0267872237417469,-0.888680934906006,2.01369595527649,0.991299688816071,0.0459673004907435,0.0143915369037472,-0.0164107641216611,-0.0409313610623563,-0.109182085310164,-0.0224428517478786,-0.19302545858112,0.100072787793783,0.117509280648406,0,-0.370400593712491,0,0,10960.26,32.7976033
-0.018070247218267,-1.02492810959477,0.99746173620224,0.0405340455472469,0.0191494282335043,-1.7233079115497,-0.048961681395234,0.0594738447327082,-0.0599613994407709,-0.035487998473463,-0.0502988377486978,0.0187510566192228,-0.888659358024597,2.00447249412537,0.990499913692474,0.0409424885855663,0.0151490828886285,-0.0137504054256708,0.000359614690147909,-0.153724352520022,-0.013329585393383,-0.0837468650869983,0.0126257664147953,0.0443393116002142,0,-0.38551424413856,0,0,10960.32,32.8642967
-0.0196834703667985,-1.02294417879758,0.99746173620224,0.0534119382500648,0.0147612597793341,-1.72735053697695,-0.0483966944559463,0.0595179239157813,-0.0184347709044567,-0.140742633256785,0.00428432966344362,0.0495093684786708,-0.896550893783569,1.99180626869202,0.990222752094269,0.00235527916798238,0.057556667116209,0.0449283913230831,-0.112736225128643,-0.180946077620032,-0.00395945140295312,-0.551245848824919,0.605822631825098,0.838268524985684,0,-0.395431643616102,0,0,10960.39,32.93105
-0.0212966935153301,-1.02096024800038,0.99746173620224,0.0534119382500648,0.0147612597793341,-1.72735053697695,-0.0483966944559463,0.0595179239157813,-0.0184347709044567,-0.0985198432797498,0.00299903076441053,0.0346565579350696,-0.902050793170929,1.98384654521942,0.991239428520203,-0.0223625879705342,0.0346537110425303,0.00604304527108699,-0.0785699912462795,-0.113710335320307,0.0145239489415949,-0.353112387685387,-0.327185086759696,-0.555504943587819,0,-0.399544289735118,0,0,10960.46,32.9977332
-0.0235618172030726,-1.01824624594343,0.984576940536499,0.0470726266503334,0.0180937200784683,-1.72339302698244,-0.0679537106322749,0.0814200617086302,0.104156448402548,-0.0119100858982418,-0.0278928211571209,-0.0113579993960128,-0.906062722206116,1.97145640850067,0.989276349544525,-0.00328602479313185,0.0396218821179877,0.00249732363879725,-0.0668654839203471,-0.206502278647586,-0.0327179829282359,0.317942719626072,0.0828028512583249,-0.059095360538664,0,-0.397483593925282,0,0,10960.52,33.0644564
-0.0258269408908151,-1.01553224388647,0.984576940536499,0.0470726266503334,0.0180937200784683,-1.72339302698244,-0.0679537106322749,0.0814200617086302,-0.0118067125891208,-0.00833706012876926,-0.0195249748099846,-0.00795059957720899,-0.906166970729828,1.9591623544693,0.993117392063141,-0.0142337439036321,0.0564565154857284,-0.0100606099923269,-0.00148926462446559,-0.175629343306046,0.0548720359804528,-0.156395987293512,0.240494762397296,-0.179399051873949,0,-0.389086089799956,0,0,10960.59,33.131192
-0.0280920645785576,-1.01281824182952,0.984576940536499,0.0470726266503334,0.0180937200784683,-1.72339302698244,-0.0679537106322749,0.0814200617086302,-0.0118067125891208,-0.00583594209013848,-0.0136674823669893,-0.00556541970404629,-0.909763097763062,1.94223892688751,0.993732452392578,-0.000566278998735188,0.0412792164300025,0.00109488410211626,-0.0513732433321228,-0.241763251169392,0.00878657613485447,0.195249498642197,-0.216818557939842,0.159364201349851,0,-0.374430100129024,0,0,10960.66,33.1978802
-0.0312108179588126,-1.00793350892786,0.97465568780899,0.067920982837677,0.00989927351474762,-1.71985775629152,-0.0935626014076508,0.146541987049746,0.0685166824760959,-0.191720365149189,0.0641827814165939,-0.0357132300110941,-0.911906957626343,1.92622268199921,0.993147373199463,0.00679549980009387,0.0388887167445562,-0.0152296686040028,-0.0357309977216575,-0.26693741480736,-0.00975131988533668,0.122696313314859,-0.0398416614244432,-0.272075878437627,0,-0.35378313660697,0,0,10960.72,33.2645899
-0.0343295713390676,-1.0030487760262,0.97465568780899,0.067920982837677,0.00989927351474762,-1.71985775629152,-0.0935626014076508,0.146541987049746,-0.020774592071481,-0.134204255604433,0.0449279469916157,-0.0249992610077659,-0.91575962305069,1.90563118457794,0.991338789463043,-0.0105479884322535,0.0330756751748559,0.00877513056198127,-0.055038077489469,-0.294164248868788,-0.0258369105197171,-0.247764117599554,-0.0830434509939062,0.342925702363715,0,-0.327603618704681,0,0,10960.79,33.331343
-0.0374483247193226,-0.998164043124546,0.97465568780899,0.067920982837677,0.00989927351474762,-1.71985775629152,-0.0935626014076508,0.146541987049746,-0.020774592071481,-0.0939429789231028,0.031449562894131,-0.0174994827054361,-0.916318237781525,1.8834855556488,0.996588706970215,0.00811736278447044,0.0282408791179481,-0.022039629332665,-0.00798021044053262,-0.316366127560432,0.0749988215313351,0.266647874525736,-0.0690685150989703,-0.440210855639633,0,-0.29657570769033,0,0,10960.86,33.3980348
-0.0433597802370462,-0.991034849931076,0.97465568780899,0.067920982837677,0.00989927351474762,-1.71985775629152,-0.177343665531708,0.213875795804093,-0.0309245399142817,-0.0657600852461719,0.0220146940258917,-0.0122496378938053,-0.920947134494781,1.85953521728516,0.995281219482422,-0.00283894119664028,0.0441696156218795,-0.0109016848724861,-0.066127095903944,-0.342147690910672,-0.0186783926828344,-0.156518628302233,0.227553378628538,0.159113492288931,0,-0.261429268341134,0,0,10960.93,33.4647679
-0.0492577895131417,-0.983893318613394,0.9747593998909,0.0697842314839363,0.0129344630986452,-1.72124821344485,-0.176940278282864,0.214245939530463,-0.0317344837813194,-0.0628012974886541,-0.0119064204369541,0.00393936785421912,-0.924838542938232,1.83787322044373,0.994274258613586,-0.0223483539968287,0.0499860901884424,0.00570999581682349,-0.0648568073913993,-0.361033280693576,-0.0167826811473999,-0.325156880005901,0.0969412427768707,0.276861344824177,0,-0.22306190247745,0,0,10960.99,33.5314877
-0.0551557987892372,-0.976751787295712,0.9747593998909,0.0697842314839363,0.0129344630986452,-1.72124821344485,-0.176940278282864,0.214245939530463,-0.0308010750441368,-0.0439609082420579,-0.00833449430586789,0.00275755749795338,-0.9275843501091,1.80983650684357,0.992711901664734,-0.0162706651007776,0.0499421046881109,-0.0113089249104705,-0.0392258167268477,-0.400524480003932,-0.0223193849837005,0.0868241270868052,-0.000628364290452043,-0.243127438962354,0,-0.182441143626228,0,0,10961.06,33.5981317
-0.0601442246405107,-0.96823967596897,0.987233281135559,0.0608252920210361,0.0130548924207687,-1.72280961671938,-0.149652775538206,0.255363339802246,-0.139479605777129,0.049857819396661,-0.00691800991321927,0.0159829197193926,-0.931207954883575,1.78606390953064,0.992789626121521,0.00749822104066181,0.060300397562858,-0.00487047063127953,-0.0603934129066,-0.396209955206806,0.00129540761309021,0.396148102348677,0.172638214575351,0.107307571317507,0,-0.140390527965821,0,0,10961.12,33.6648906
-0.0651326504917843,-0.959727564642229,0.987233281135559,0.0608252920210361,0.0130548924207687,-1.72280961671938,-0.149652775538206,0.255363339802246,-0.0272146745751945,0.0349004735776627,-0.00484260693925349,0.0111880438035748,-0.933785676956177,1.75503647327423,0.991287410259247,0.00387415056434098,0.04955127542621,-0.00346526487693559,-0.0368246010373148,-0.44324908937911,-0.0214602266040059,-0.0517724353762271,-0.15355888766704,0.0200743679192825,0,-0.0979218377693527,0,0,10961.19,33.7316105
-0.0701210763430578,-0.951215453315487,0.987233281135559,0.0608252920210361,0.0130548924207687,-1.72280961671938,-0.149652775538206,0.255363339802246,-0.0272146745751945,0.0244303315043639,-0.00338982485747744,0.00783163066250236,-0.937427282333374,1.72521829605103,0.989883124828339,-0.00880750620584993,0.0407344800765987,-0.00473458821037961,-0.0520229339601772,-0.425973960333279,-0.0200612204416292,-0.181166525289195,-0.125954219280684,-0.0181331904778471,0,-0.055879288719779,0,0,10961.26,33.7983115
-0.0782120162226066,-0.942520736682451,0.987233281135559,0.0608252920210361,0.0130548924207687,-1.72280961671938,-0.242728196386463,0.260841498991101,-0.0214422385050138,0.0171012320530547,-0.00237287740023421,0.00548214146375165,-0.940676867961884,1.6921249628067,0.988065481185913,0.00178163971519773,0.0550595243853925,-0.0125979601717312,-0.0464226518360433,-0.472761903492305,-0.0259663377490442,0.151273513158453,0.204643490126475,-0.112333885162633,0,-0.0150208735390009,0,0,10961.33,33.8650044
-0.086335699844008,-0.933844634078989,0.987233281135559,0.0495038256049156,0.0132961878553033,-1.72043139139284,-0.243710508642044,0.260283078103842,-0.0191891621552866,0.113864060182223,-0.0038326730909749,-0.0175665289142166,-0.944718718528748,1.65847623348236,0.987475335597992,-0.0201073239569431,0.0495539788303857,-0.011058973862768,-0.0673641761149721,-0.560812155410441,-0.0098357597987692,-0.364816061205444,-0.0917590925842247,0.0256497718162711,0,0.0240359521339732,0,0,10961.39,33.9317456
-0.0944593834654095,-0.925168531475528,0.987233281135559,0.0495038256049156,0.0132961878553033,-1.72043139139284,-0.243710508642044,0.260283078103842,-0.0191891621552866,0.0797048421275561,-0.00268287116368243,-0.0122965702399516,-0.947726130485535,1.63004803657532,0.98667323589325,-0.0310551206701878,0.0495785315162952,-0.0112056575873073,-0.0429630279531638,-0.406117098663185,-0.011458567210356,-0.156397095900082,0.000350752655841649,-0.00209548177908764,0,0.0607069087989971,0,0,10961.46,33.9984219
-0.104826922261099,-0.916298856430229,0.966176748275757,0.0495038256049156,0.0132961878553033,-1.72043139139284,-0.311026163870682,0.266090251358958,0.167914916277085,0.0557933894892893,-0.0018780098145777,-0.00860759916796614,-0.952324688434601,1.59621429443359,0.980464398860931,-0.0366724058299749,0.0353305751223343,0.0177150930346916,-0.0656936849869326,-0.483339173455204,-0.0886976718906276,-0.0802469308544352,-0.203542234200288,0.413153580315988,0,0.0946817128002043,0,0,10961.53,34.0651576
-0.115226555832922,-0.907440028021707,0.966176748275757,0.026063110679388,0.0123384837061167,-1.71946841875185,-0.311989007154683,0.265764852255673,-0.0160363100009777,0.250021806972251,0.00730473047247511,-0.0146920731864972,-0.952210068702698,1.57189071178436,0.981523215770721,-0.039550265704046,0.0240429245161141,-0.00733166979266029,0.00191032886506749,-0.40539304415729,0.0176469484966504,-0.0479643312349239,-0.188127510105267,-0.417446047126075,0,0.125669504846235,0,0,10961.59,34.13185
-0.125626189404744,-0.898581199613184,0.966176748275757,0.026063110679388,0.0123384837061167,-1.71946841875185,-0.311989007154683,0.265764852255673,-0.0160363100009777,0.175015264880575,0.00511331133073258,-0.010284451230548,-0.957805812358856,1.54164826869965,0.983214259147644,-0.0464450816275713,0.0590837047952427,0.00101356911742437,-0.0799391950883102,-0.432034901212036,0.0241577625275663,-0.0984973703364857,0.500582575418205,0.119217698715991,0,0.153606952857857,0,0,10961.66,34.198585
-0.130672326823854,-0.892443906559132,0.966717898845673,0.026063110679388,0.0123384837061167,-1.71946841875185,-0.151384122573296,0.184118791621561,-0.0197199202268501,0.122510685416403,0.00357931793151281,-0.00719911586138363,-0.962730467319489,1.51361441612244,0.981585741043091,-0.0484777646156238,0.0570257843426575,0.00547482445240675,-0.0703522137236114,-0.400483608247515,-0.023264544350857,-0.0290383284008704,-0.0293988636084823,0.0637322190714419,0,0.178483967082791,0,0,10961.73,34.2652994
-0.135704168632673,-0.886278538238603,0.966717898845673,-0.00297141680493951,0.0102734975516796,-1.72507721582522,-0.150955254264559,0.184961049615873,-0.0114770734718333,0.34706822715043,0.0210903979419926,0.0454397925573098,-0.96598756313324,1.48640537261963,0.97967404127121,-0.0421214444201261,0.0725603205713616,-0.00129129118431053,-0.0465299401954304,-0.388700621460196,-0.0273099967405625,0.0908045742194133,0.2219219461195,-0.096658794808137,0,0.200444259433593,0,0,10961.8,34.3320608
-0.140736010441492,-0.880113169918074,0.966717898845673,-0.00297141680493951,0.0102734975516796,-1.72507721582522,-0.150955254264559,0.184961049615873,-0.0114770734718333,0.242947759005301,0.0147632785593948,0.0318078547901169,-0.96598756313324,1.48640537261963,0.97967404127121,-0.0421214444201261,0.0725603205713616,-0.00129129118431053,-0.0465299401954304,-0.388700621460196,-0.0273099967405625,0.0908045742194133,0.2219219461195,-0.096658794808137,0,0.219663245653565,0,0,10961.86,34.3988004
-0.14576785225031,-0.873947801597545,0.966717898845673,-0.00297141680493951,0.0102734975516796,-1.72507721582522,-0.150955254264559,0.184961049615873,-0.0114770734718333,0.170063431303711,0.0103342949915763,0.0222654983530818,-0.96598756313324,1.48640537261963,0.97967404127121,-0.0421214444201261,0.0725603205713616,-0.00129129118431053,-0.0465299401954304,-0.388700621460196,-0.0273099967405625,0.0908045742194133,0.2219219461195,-0.096658794808137,0,0.236401141874952,0,0,10961.93,34.4655357
-0.159201491346508,-0.872232626450077,0.976582467556,0.000799665634986013,0.00278708222322166,-1.72505551973452,-0.403009172885925,0.0514552544240217,-0.10845047466857,0.0851046599532678,0.074611744450225,0.0153905840308731,-0.96598756313324,1.48640537261963,0.97967404127121,-0.0421214444201261,0.0725603205713616,-0.00129129118431053,-0.0465299401954304,-0.388700621460196,-0.0273099967405625,0.0908045742194133,0.2219219461195,-0.096658794808137,0,0.25092955015205,0,0,10961.99,34.5322175
-0.172635130442705,-0.87051745130261,0.976582467556,0.000799665634986013,0.00278708222322166,-1.72505551973452,-0.403009172885925,0.0514552544240217,-0.0196693562756262,0.0595732619672874,0.0522282211151575,0.0107734088216112,-0.96598756313324,1.48640537261963,0.97967404127121,-0.0421214444201261,0.0725603205713616,-0.00129129118431053,-0.0465299401954304,-0.388700621460196,-0.0273099967405625,0.0908045742194133,0.2219219461195,-0.096658794808137,0,0.26355394153755,0,0,10962.06,34.5989472
-0.181608383558961,-0.867906451335651,0.976090788841248,0.000799665634986013,0.00278708222322166,-1.72505551973452,-0.269197593487671,0.0783299990087586,-0.00502448340918834,0.0417012833771012,0.0365597547806102,0.00754138617512781,-0.96598756313324,1.48640537261963,0.97967404127121,-0.0421214444201261,0.0725603205713616,-0.00129129118431053,-0.0465299401954304,-0.388700621460196,-0.0273099967405625,0.0908045742194133,0.2219219461195,-0.096658794808137,0,0.274517492141949,0,0,10962.13,34.6656236
-0.190597595095703,-0.865332314428323,0.976090788841248,-0.0129959629848599,-0.00135942199267447,-1.72104770341982,-0.269676346102252,0.0772241072198471,-0.00686831490376544,0.153351555942584,0.0629103662894923,-0.0307913765096859,-0.96598756313324,1.48640537261963,0.97967404127121,-0.0421214444201261,0.0725603205713616,-0.00129129118431053,-0.0465299401954304,-0.388700621460196,-0.0273099967405625,0.0908045742194133,0.2219219461195,-0.096658794808137,0,0.284061173461831,0,0,10962.2,34.7323602
-0.199586806632444,-0.862758177520995,0.976090788841248,-0.0129959629848599,-0.00135942199267447,-1.72104770341982,-0.269676346102252,0.0772241072198471,-0.00686831490376544,0.107346089159809,0.0440372564026446,-0.0215539635567802,-0.96598756313324,1.48640537261963,0.97967404127121,-0.0421214444201261,0.0725603205713616,-0.00129129118431053,-0.0465299401954304,-0.388700621460196,-0.0273099967405625,0.0908045742194133,0.2219219461195,-0.096658794808137,0,0.292343412080871,0,0,10962.26,34.7991007
-0.200218324221334,-0.861124561071213,0.976090788841248,-0.0129959629848599,-0.00135942199267447,-1.72104770341982,-0.0189455276666792,0.0490084934934531,0.00762061201332075,0.0751422624118664,0.0308260794818512,-0.0150877744897461,-0.96598756313324,1.48640537261963,0.97967404127121,-0.0421214444201261,0.0725603205713616,-0.00129129118431053,-0.0465299401954304,-0.388700621460196,-0.0273099967405625,0.0908045742194133,0.2219219461195,-0.096658794808137,0,0.299463948610034,0,0,10962.33,34.8657864
-0.200851811984343,-0.859496150166804,0.966986119747162,-0.0245913304388523,0.00482078175991774,-1.71744877496828,-0.0190046328902755,0.0488523271322627,0.0899709128081503,0.156957890774238,-0.034043578136034,-0.0429517982066651,-0.96598756313324,1.48640537261963,0.97967404127121,-0.0421214444201261,0.0725603205713616,-0.00129129118431053,-0.0465299401954304,-0.388700621460196,-0.0273099967405625,0.0908045742194133,0.2219219461195,-0.096658794808137,0,0.305471772095154,0,0,10962.39,34.9324924
-0.201485299747352,-0.857867739262395,0.966986119747162,-0.0245913304388523,0.00482078175991774,-1.71744877496828,-0.0190046328902755,0.0488523271322627,0.00802889096137905,0.109870523541966,-0.0238305046952238,-0.0300662587446655,-0.96598756313324,1.48640537261963,0.97967404127121,-0.0421214444201261,0.0725603205713616,-0.00129129118431053,-0.0465299401954304,-0.388700621460196,-0.0273099967405625,0.0908045742194133,0.2219219461195,-0.096658794808137,0,0.310340053254246,0,0,10962.46,34.9991635
-0.203722816078789,-0.85938215712196,0.950553059577942,-0.0245913304388523,0.00482078175991774,-1.71744877496828,-0.0671254899431028,-0.0454325357869373,0.153144955649334,0.0769093664793765,-0.0166813532866567,-0.0210463811212659,-0.96598756313324,1.48640537261963,0.97967404127121,-0.0421214444201261,0.0725603205713616,-0.00129129118431053,-0.0465299401954304,-0.388700621460196,-0.0273099967405625,0.0908045742194133,0.2219219461195,-0.096658794808137,0,0.313999489563957,0,0,10962.53,35.0659027
-0.205952655215893,-0.860908732246807,0.950553059577942,-0.0215707812458277,0.00448617246001959,-1.7119074503528,-0.0668951741131425,-0.0457972537454043,0.00513384695689115,0.0266516137983418,-0.00866546360157633,-0.0646043883241928,-0.96598756313324,1.48640537261963,0.97967404127121,-0.0421214444201261,0.0725603205713616,-0.00129129118431053,-0.0465299401954304,-0.388700621460196,-0.0273099967405625,0.0908045742194133,0.2219219461195,-0.096658794808137,0,0.316326325211587,0,0,10962.59,35.132571
-0.208182494352998,-0.862435307371654,0.950553059577942,-0.0215707812458277,0.00448617246001959,-1.7119074503528,-0.0668951741131425,-0.0457972537454043,0.00513384695689115,0.0186561296588393,-0.00606582452110343,-0.0452230718269349,-0.96598756313324,1.48640537261963,0.97967404127121,-0.0421214444201261,0.0725603205713616,-0.00129129118431053,-0.0465299401954304,-0.388700621460196,-0.0273099967405625,0.0908045742194133,0.2219219461195,-0.096658794808137,0,0.31718559159641,0,0,10962.66,35.1992214
-0.207526511236536,-0.864480974336063,0.950338840484619,-0.0215707812458277,0.00448617246001959,-1.7119074503528,0.0196794934938688,-0.0613700089322918,-0.00916559563412053,0.0130592907611875,-0.0042460771647724,-0.0316561502788544,-0.96598756313324,1.48640537261963,0.97967404127121,-0.0421214444201261,0.0725603205713616,-0.00129129118431053,-0.0465299401954304,-0.388700621460196,-0.0273099967405625,0.0908045742194133,0.2219219461195,-0.096658794808137,0,0.3164305847206,0,0,10962.73,35.2660361
-0.206872281168802,-0.866527067339246,0.950338840484619,-0.0237552262842655,0.00369880255311728,-1.71218592325319,0.0196269020320286,-0.0613827900954757,-0.0111045659685854,0.0288015088787718,0.00411407514678014,-0.0196530490916825,-0.96598756313324,1.48640537261963,0.97967404127121,-0.0421214444201261,0.0725603205713616,-0.00129129118431053,-0.0465299401954304,-0.388700621460196,-0.0273099967405625,0.0908045742194133,0.2219219461195,-0.096658794808137,0,0.313937345467274,0,0,10962.8,35.3326812
-0.206218051101067,-0.868573160342428,0.950338840484619,-0.0237552262842655,0.00369880255311728,-1.71218592325319,0.0196269020320286,-0.0613827900954757,-0.0111045659685854,0.0201610562151403,0.0028798526027461,-0.0137571343641777,-0.96598756313324,1.48640537261963,0.97967404127121,-0.0421214444201261,0.0725603205713616,-0.00129129118431053,-0.0465299401954304,-0.388700621460196,-0.0273099967405625,0.0908045742194133,0.2219219461195,-0.096658794808137,0,0.309609855505267,0,0,10962.86,35.3993748
-0.205563821033333,-0.870619253345611,0.950338840484619,-0.0237552262842655,0.00369880255311728,-1.71218592325319,0.0196269020320286,-0.0613827900954757,-0.0111045659685854,0.0141127393505982,0.00201589682192227,-0.00962999405492442,-0.96598756313324,1.48640537261963,0.97967404127121,-0.0421214444201261,0.0725603205713616,-0.00129129118431053,-0.0465299401954304,-0.388700621460196,-0.0273099967405625,0.0908045742194133,0.2219219461195,-0.096658794808137,0,0.303403736503974,0,0,10962.93,35.4661204
-0.204648573775203,-0.867618968673615,0.948088109493256,-0.0205264072865248,0.00361991254612803,-1.71243578592409,0.0274574177439157,0.0900085401598862,0.00410203555804211,-0.019180453434248,0.00212113783824875,-0.00449223180036115,-0.96598756313324,1.48640537261963,0.97967404127121,-0.0421214444201261,0.0725603205713616,-0.00129129118431053,-0.0465299401954304,-0.388700621460196,-0.0273099967405625,0.0908045742194133,0.2219219461195,-0.096658794808137,0,0.295339957565299,0,0,10963,35.5329273
-0.203733326517072,-0.864618684001618,0.948088109493256,-0.0205264072865248,0.00361991254612803,-1.71243578592409,0.0274574177439157,0.0900085401598862,-0.0161545433642296,-0.0134263174039736,0.00148479648677413,-0.00314456226025281,-0.96598756313324,1.48640537261963,0.97967404127121,-0.0421214444201261,0.0725603205713616,-0.00129129118431053,-0.0465299401954304,-0.388700621460196,-0.0273099967405625,0.0908045742194133,0.2219219461195,-0.096658794808137,0,0.28553531631638,0,0,10963.06,35.5996764
-0.201120716909295,-0.865839213728137,0.948583543300629,-0.0205264072865248,0.00361991254612803,-1.71243578592409,0.0783782882333105,-0.0366158917955595,-0.0251415963925314,-0.00939842218278151,0.00103935754074189,-0.00220119358217696,-0.96598756313324,1.48640537261963,0.97967404127121,-0.0421214444201261,0.0725603205713616,-0.00129129118431053,-0.0465299401954304,-0.388700621460196,-0.0273099967405625,0.0908045742194133,0.2219219461195,-0.096658794808137,0,0.274161686492129,0,0,10963.13,35.6664487
-0.198516196271191,-0.867050951123437,0.948583543300629,-0.030146611854434,0.00992816686630249,-1.712046686803,0.0781356191431228,-0.0363521218590101,-0.021349833792,0.0800029455832361,-0.0560467386030508,-0.00504272759736763,-0.96598756313324,1.48640537261963,0.97967404127121,-0.0421214444201261,0.0725603205713616,-0.00129129118431053,-0.0465299401954304,-0.388700621460196,-0.0273099967405625,0.0908045742194133,0.2219219461195,-0.096658794808137,0,0.261490964905973,0,0,10963.19,35.7331773
-0.195911675633087,-0.868262688518738,0.948583543300629,-0.030146611854434,0.00992816686630249,-1.712046686803,0.0781356191431228,-0.0363521218590101,-0.021349833792,0.0560020619082653,-0.0392327170221356,-0.00352990931815734,-0.96598756313324,1.48640537261963,0.97967404127121,-0.0421214444201261,0.0725603205713616,-0.00129129118431053,-0.0465299401954304,-0.388700621460196,-0.0273099967405625,0.0908045742194133,0.2219219461195,-0.096658794808137,0,0.247856491637896,0,0,10963.26,35.7998519
-0.19192694111629,-0.871177612382766,0.948583543300629,-0.030146611854434,0.00992816686630249,-1.712046686803,0.119542035503917,-0.0874477159208531,-0.0295600164707841,0.0392014433357857,-0.0274629019154949,-0.00247093652271014,-0.96598756313324,1.48640537261963,0.97967404127121,-0.0421214444201261,0.0725603205713616,-0.00129129118431053,-0.0465299401954304,-0.388700621460196,-0.0273099967405625,0.0908045742194133,0.2219219461195,-0.096658794808137,0,0.233617212918079,0,0,10963.33,35.8665946
-0.187939307307849,-0.874086335856023,0.955006062984467,-0.0299238581210375,0.0123293250799179,-1.71131855646242,0.119629014253214,-0.0872617041977167,-0.0874594676500108,0.0254362267344812,-0.0408344552633852,-0.00828282863108264,-0.96598756313324,1.48640537261963,0.97967404127121,-0.0421214444201261,0.0725603205713616,-0.00129129118431053,-0.0465299401954304,-0.388700621460196,-0.0273099967405625,0.0908045742194133,0.2219219461195,-0.096658794808137,0,0.219180788237617,0,0,10963.4,35.933462
-0.183951673499409,-0.876995059329281,0.955006062984467,-0.0299238581210375,0.0123293250799179,-1.71131855646242,0.119629014253214,-0.0872617041977167,-0.0296567904954698,0.0178053587141369,-0.0285841186843696,-0.00579798004175785,-0.96598756313324,1.48640537261963,0.97967404127121,-0.0421214444201261,0.0725603205713616,-0.00129129118431053,-0.0465299401954304,-0.388700621460196,-0.0273099967405625,0.0908045742194133,0.2219219461195,-0.096658794808137,0,0.205019246176261,0,0,10963.46,36.0002856
-0.182153200216502,-0.878762099308995,0.957706034183502,-0.0299238581210375,0.0123293250799179,-1.71131855646242,0.0539541984872033,-0.0530111993914167,-0.041637230520546,0.0124637510998958,-0.0200088830790587,-0.0040585860292305,-0.96598756313324,1.48640537261963,0.97967404127121,-0.0421214444201261,0.0725603205713616,-0.00129129118431053,-0.0465299401954304,-0.388700621460196,-0.0273099967405625,0.0908045742194133,0.2219219461195,-0.096658794808137,0,0.191562548859496,0,0,10963.53,36.0670263
-0.180344511109619,-0.880527905972069,0.957706034183502,-0.021208243444562,0.0108529450371861,-1.70932442346682,0.0542606732064914,-0.0529741998922481,-0.0169191941120756,-0.0697159063183527,-0.000718797770755255,-0.0207882071809106,-0.96598756313324,1.48640537261963,0.97967404127121,-0.0421214444201261,0.0725603205713616,-0.00129129118431053,-0.0465299401954304,-0.388700621460196,-0.0273099967405625,0.0908045742194133,0.2219219461195,-0.096658794808137,0,0.179179887881963,0,0,10963.59,36.1337389
-0.178535822002736,-0.882293712635144,0.957706034183502,-0.021208243444562,0.0108529450371861,-1.70932442346682,0.0542606732064914,-0.0529741998922481,-0.0169191941120756,-0.0488011344228469,-0.000503158439528678,-0.0145517450266374,-0.96598756313324,1.48640537261963,0.97967404127121,-0.0421214444201261,0.0725603205713616,-0.00129129118431053,-0.0465299401954304,-0.388700621460196,-0.0273099967405625,0.0908045742194133,0.2219219461195,-0.096658794808137,0,0.168183966139346,0,0,10963.66,36.2004314
-0.175286320364051,-0.88662449378368,0.949572801589966,-0.021208243444562,0.0108529450371861,-1.70932442346682,0.0974850491605361,-0.129923434456062,0.0583299748080207,-0.0341607940959928,-0.000352210907670075,-0.0101862215186462,-0.96598756313324,1.48640537261963,0.97967404127121,-0.0421214444201261,0.0725603205713616,-0.00129129118431053,-0.0465299401954304,-0.388700621460196,-0.0273099967405625,0.0908045742194133,0.2219219461195,-0.096658794808137,0,0.15879619843484,0,0,10963.73,36.2671196
-0.172030831592694,-0.890955816607715,0.949572801589966,-0.0156802833080292,0.00814285781234503,-1.70870501199831,0.0976646631407041,-0.129939684721059,-0.0142072587092314,-0.07366419709599,0.024144237388201,-0.0127050582796051,-0.96598756313324,1.48640537261963,0.97967404127121,-0.0421214444201261,0.0725603205713616,-0.00129129118431053,-0.0465299401954304,-0.388700621460196,-0.0273099967405625,0.0908045742194133,0.2219219461195,-0.096658794808137,0,0.15112855089898,0,0,10963.79,36.3338184
-0.168775342821338,-0.89528713943175,0.949572801589966,-0.0156802833080292,0.00814285781234503,-1.70870501199831,0.0976646631407041,-0.129939684721059,-0.0142072587092314,-0.051564937967193,0.0169009661717407,-0.00889354079572354,-0.96598756313324,1.48640537261963,0.97967404127121,-0.0421214444201261,0.0725603205713616,-0.00129129118431053,-0.0465299401954304,-0.388700621460196,-0.0273099967405625,0.0908045742194133,0.2219219461195,-0.096658794808137,0,0.145168789591084,0,0,10963.86,36.4005356
-0.165519854049981,-0.899618462255786,0.949572801589966,-0.0156802833080292,0.00814285781234503,-1.70870501199831,0.0976646631407041,-0.129939684721059,-0.0142072587092314,-0.0360954565770351,0.0118306763202185,-0.00622547855700648,-0.96598756313324,1.48640537261963,0.97967404127121,-0.0421214444201261,0.0725603205713616,-0.00129129118431053,-0.0465299401954304,-0.388700621460196,-0.0273099967405625,0.0908045742194133,0.2219219461195,-0.096658794808137,0,0.140771259305338,0,0,10963.93,36.4672578
-0.160318733197806,-0.904806802997488,0.957257866859436,-0.0204860884696245,0.0051811239682138,-1.71046001115908,0.156033625565237,-0.155650222251077,-0.103535736456916,0.0179854268504335,0.034937078021334,0.0114371574569949,-0.96598756313324,1.48640537261963,0.97967404127121,-0.0421214444201261,0.0725603205713616,-0.00129129118431053,-0.0465299401954304,-0.388700621460196,-0.0273099967405625,0.0908045742194133,0.2219219461195,-0.096658794808137,0,0.13765293644976,0,0,10964,36.5339528
-0.155117612345632,-0.909995143739191,0.957257866859436,-0.0204860884696245,0.0051811239682138,-1.71046001115908,0.156033625565237,-0.155650222251077,-0.0343701490316837,0.0125897987953035,0.0244559546149338,0.00800601021989641,-0.96598756313324,1.48640537261963,0.97967404127121,-0.0421214444201261,0.0725603205713616,-0.00129129118431053,-0.0465299401954304,-0.388700621460196,-0.0273099967405625,0.0908045742194133,0.2219219461195,-0.096658794808137,0,0.13539758594207,0,0,10964.06,36.6006344
-0.147692766166529,-0.915888409926801,0.945435523986816,-0.0204860884696245,0.0051811239682138,-1.71046001115908,0.222745385373089,-0.176797985628286,0.0823232138708304,0.00881285915671243,0.0171191682304537,0.00560420715392749,-0.96598756313324,1.48640537261963,0.97967404127121,-0.0421214444201261,0.0725603205713616,-0.00129129118431053,-0.0465299401954304,-0.388700621460196,-0.0273099967405625,0.0908045742194133,0.2219219461195,-0.096658794808137,0,0.133472480058162,0,0,10964.13,36.6673758
-0.140268408149776,-0.921782881010937,0.945435523986816,-0.0165319088846445,0.0112842479720712,-1.71143657365908,0.222730740502571,-0.176834132524089,-0.0240141026331664,-0.0294186148551214,-0.0429446982733988,0.0127120075077492,-0.96598756313324,1.48640537261963,0.97967404127121,-0.0421214444201261,0.0725603205713616,-0.00129129118431053,-0.0465299401954304,-0.388700621460196,-0.0273099967405625,0.0908045742194133,0.2219219461195,-0.096658794808137,0,0.131255267452925,0,0,10964.19,36.7340798
-0.132844050133024,-0.927677352095073,0.945435523986816,-0.0165319088846445,0.0112842479720712,-1.71143657365908,0.222730740502571,-0.176834132524089,-0.0240141026331664,-0.020593030398585,-0.0300612887913792,0.00889840525542447,-0.96598756313324,1.48640537261963,0.97967404127121,-0.0421214444201261,0.0725603205713616,-0.00129129118431053,-0.0465299401954304,-0.388700621460196,-0.0273099967405625,0.0908045742194133,0.2219219461195,-0.096658794808137,0,0.128056552533734,0,0,10964.26,36.8007377
-0.125419692116272,-0.93357182317921,0.945435523986816,-0.0165319088846445,0.0112842479720712,-1.71143657365908,0.222730740502571,-0.176834132524089,-0.0240141026331664,-0.0144151212790095,-0.0210429021539654,0.00622888367879713,-0.96598756313324,1.48640537261963,0.97967404127121,-0.0421214444201261,0.0725603205713616,-0.00129129118431053,-0.0465299401954304,-0.388700621460196,-0.0273099967405625,0.0908045742194133,0.2219219461195,-0.096658794808137,0,0.123148018636306,0,0,10964.33,36.8674562
-0.11993451178254,-0.94341028907019,0.951055109500885,-0.0140977567061782,0.00792237371206284,-1.70842606226076,0.164555410011941,-0.295153976729411,-0.0771103897287781,-0.0319979545015035,0.0155268368322992,-0.0227343840096809,-0.96598756313324,1.48640537261963,0.97967404127121,-0.0421214444201261,0.0725603205713616,-0.00129129118431053,-0.0465299401954304,-0.388700621460196,-0.0273099967405625,0.0908045742194133,0.2219219461195,-0.096658794808137,0,0.115813266574502,0,0,10964.4,36.9341821
-0.114449331448809,-0.95324875496117,0.951055109500885,-0.0140977567061782,0.00792237371206284,-1.70842606226076,0.164555410011941,-0.295153976729411,-0.0265341201021606,-0.0223985681510525,0.0108687857826095,-0.0159140688067766,-0.96598756313324,1.48640537261963,0.97967404127121,-0.0421214444201261,0.0725603205713616,-0.00129129118431053,-0.0465299401954304,-0.388700621460196,-0.0273099967405625,0.0908045742194133,0.2219219461195,-0.096658794808137,0,0.10539481484201,0,0,10964.46,37.0008278
-0.107216505533133,-0.959022745545333,0.951055109500885,-0.0140977567061782,0.00792237371206284,-1.70842606226076,0.216984777470264,-0.173219717524872,-0.0390674078612229,-0.0156789977057367,0.00760815004782662,-0.0111398481647436,-0.96598756313324,1.48640537261963,0.97967404127121,-0.0421214444201261,0.0725603205713616,-0.00129129118431053,-0.0465299401954304,-0.388700621460196,-0.0273099967405625,0.0908045742194133,0.2219219461195,-0.096658794808137,0,0.0912735494340704,0,0,10964.53,37.0675834
-0.099980777114782,-0.964815833278484,0.968813478946686,-0.0109687065705657,-0.00203204061836004,-1.70846182504763,0.217071852550542,-0.173792631994541,-0.197379638214116,-0.0391367496145281,0.0949154340072846,-0.00747602863353343,-0.96598756313324,1.48640537261963,0.97967404127121,-0.0421214444201261,0.0725603205713616,-0.00129129118431053,-0.0465299401954304,-0.388700621460196,-0.0273099967405625,0.0908045742194133,0.2219219461195,-0.096658794808137,0,0.073014969857176,0,0,10964.59,37.1342854
-0.0927450486964306,-0.970608921011635,0.968813478946686,-0.0109687065705657,-0.00203204061836004,-1.70846182504763,0.217071852550542,-0.173792631994541,-0.0375543132019088,-0.0273957247301697,0.0664408038050992,-0.0052332200434734,-0.96598756313324,1.48640537261963,0.97967404127121,-0.0421214444201261,0.0725603205713616,-0.00129129118431053,-0.0465299401954304,-0.388700621460196,-0.0273099967405625,0.0908045742194133,0.2219219461195,-0.096658794808137,0,0.0502914396861604,0,0,10964.66,37.2010127
-0.0842090455704123,-0.982465926643545,0.968813478946686,-0.0109687065705657,-0.00203204061836004,-1.70846182504763,0.256080093780549,-0.355710168957291,0.00181251047270883,-0.0191770073111188,0.0465085626635694,-0.00366325403043138,-0.96598756313324,1.48640537261963,0.97967404127121,-0.0421214444201261,0.0725603205713616,-0.00129129118431053,-0.0465299401954304,-0.388700621460196,-0.0273099967405625,0.0908045742194133,0.2219219461195,-0.096658794808137,0,0.0229702284012261,0,0,10964.73,37.2677702
-0.0756037770558245,-0.994272989986616,0.962854325771332,-0.00730400998145342,0.0138440262526274,-1.70257598558535,0.258158055437634,-0.354211900292113,0.0526954991494305,-0.0464061744197937,-0.110328607974388,-0.0555368329818244,-0.96598756313324,1.48640537261963,0.97967404127121,-0.0421214444201261,0.0725603205713616,-0.00129129118431053,-0.0465299401954304,-0.388700621460196,-0.0273099967405625,0.0908045742194133,0.2219219461195,-0.096658794808137,0,-0.00884552236642458,0,0,10964.8,37.3344954
-0.0669985085412367,-1.00608005332969,0.962854325771332,-0.00730400998145342,0.0138440262526274,-1.70257598558535,0.258158055437634,-0.354211900292113,-0.000936879428755564,-0.0324843220938556,-0.0772300255820717,-0.0388757830872771,-0.96598756313324,1.48640537261963,0.97967404127121,-0.0421214444201261,0.0725603205713616,-0.00129129118431053,-0.0465299401954304,-0.388700621460196,-0.0273099967405625,0.0908045742194133,0.2219219461195,-0.096658794808137,0,-0.0448879862164492,0,0,10964.86,37.401239
-0.0583932400266489,-1.01788711667276,0.962854325771332,-0.00730400998145342,0.0138440262526274,-1.70257598558535,0.258158055437634,-0.354211900292113,-0.000936879428755564,-0.0227390254656989,-0.0540610179074502,-0.027213048161094,-0.96598756313324,1.48640537261963,0.97967404127121,-0.0421214444201261,0.0725603205713616,-0.00129129118431053,-0.0465299401954304,-0.388700621460196,-0.0273099967405625,0.0908045742194133,0.2219219461195,-0.096658794808137,0,-0.08462580715059,0,0,10964.93,37.4679521
-0.051529846587905,-1.02639405710888,0.958105027675629,0.00540211424231529,0.00570805044844747,-1.70191890398134,0.205901803162316,-0.25520821308374,0.0303135978987947,-0.130272435839908,0.035381069702404,-0.0249628681488009,-0.96598756313324,1.48640537261963,0.97967404127121,-0.0421214444201261,0.0725603205713616,-0.00129129118431053,-0.0465299401954304,-0.388700621460196,-0.0273099967405625,0.0908045742194133,0.2219219461195,-0.096658794808137,0,-0.127363937366285,0,0,10964.99,37.5346597
-0.0446664531491611,-1.03490099754501,0.958105027675629,0.00540211424231529,0.00570805044844747,-1.70191890398134,0.205901803162316,-0.25520821308374,-0.0124300849625334,-0.0911907050879353,0.0247667487916828,-0.0174740077041607,-0.96598756313324,1.48640537261963,0.97967404127121,-0.0421214444201261,0.0725603205713616,-0.00129129118431053,-0.0465299401954304,-0.388700621460196,-0.0273099967405625,0.0908045742194133,0.2219219461195,-0.096658794808137,0,-0.172255338140469,0,0,10965.06,37.6014255
-0.0374276850248889,-1.04192961498623,0.958105027675629,0.00540211424231529,0.00570805044844747,-1.70191890398134,0.217163043728167,-0.210858523236621,-0.0320601664558806,-0.0638334935615547,0.017336724154178,-0.0122318053929125,-0.96598756313324,1.48640537261963,0.97967404127121,-0.0421214444201261,0.0725603205713616,-0.00129129118431053,-0.0465299401954304,-0.388700621460196,-0.0273099967405625,0.0908045742194133,0.2219219461195,-0.096658794808137,0,-0.218200430214737,0,0,10965.13,37.6681663
-0.0302471871087664,-1.04900677583672,0.973718702793121,0.0104221785441041,0.020807109773159,-1.7116587797748,0.215414937483676,-0.212314825514692,-0.173635264338868,-0.0898640242091876,-0.123755827014479,0.0790966183660746,-0.96598756313324,1.48640537261963,0.97967404127121,-0.0421214444201261,0.0725603205713616,-0.00129129118431053,-0.0465299401954304,-0.388700621460196,-0.0273099967405625,0.0908045742194133,0.2219219461195,-0.096658794808137,0,-0.264020756124309,0,0,10965.2,37.7348569
-0.0230666891926438,-1.05608393668721,0.973718702793121,0.0104221785441041,0.020807109773159,-1.7116587797748,0.215414937483676,-0.212314825514692,-0.0331121882814334,-0.0629048169464313,-0.0866290789101356,0.0553676328562522,-0.96598756313324,1.48640537261963,0.97967404127121,-0.0421214444201261,0.0725603205713616,-0.00129129118431053,-0.0465299401954304,-0.388700621460196,-0.0273099967405625,0.0908045742194133,0.2219219461195,-0.096658794808137,0,-0.308534972631597,0,0,10965.26,37.8015678
-0.0158861912765213,-1.0631610975377,0.973718702793121,0.0104221785441041,0.020807109773159,-1.7116587797748,0.215414937483676,-0.212314825514692,-0.0331121882814334,-0.0440333718625019,-0.0606403552370949,0.0387573429993765,-0.96598756313324,1.48640537261963,0.97967404127121,-0.0421214444201261,0.0725603205713616,-0.00129129118431053,-0.0465299401954304,-0.388700621460196,-0.0273099967405625,0.0908045742194133,0.2219219461195,-0.096658794808137,0,-0.35046958598182,0,0,10965.33,37.868265
-0.00872453038513444,-1.07028068176962,0.964920878410339,0.0204915814101696,0.016236824914813,-1.71612316766848,0.214849826741606,-0.213587526957845,0.0483590574285521,-0.121447986098341,-0.00131568494085258,0.0673096311426544,-0.96598756313324,1.48640537261963,0.97967404127121,-0.0421214444201261,0.0725603205713616,-0.00129129118431053,-0.0465299401954304,-0.388700621460196,-0.0273099967405625,0.0908045742194133,0.2219219461195,-0.096658794808137,0,-0.388629813503973,0,0,10965.4,37.9349912
-0.00156286949374758,-1.07740026600155,0.964920878410339,0.0204915814101696,0.016236824914813,-1.71612316766848,0.214849826741606,-0.213587526957845,-0.0308213620164858,-0.0850135902688386,-0.000920979458596807,0.0471167417998581,-0.96598756313324,1.48640537261963,0.97967404127121,-0.0421214444201261,0.0725603205713616,-0.00129129118431053,-0.0465299401954304,-0.388700621460196,-0.0273099967405625,0.0908045742194133,0.2219219461195,-0.096658794808137,0,-0.421845076079382,0,0,10965.46,38.0016882
-0.00228276209977515,-1.08220898580168,0.964920878410339,0.0204915814101696,0.016236824914813,-1.71612316766848,-0.0215967781808271,-0.144261594003797,-0.014358927635935,-0.059509513188187,-0.000644685621017765,0.0329817192599006,-0.96598756313324,1.48640537261963,0.97967404127121,-0.0421214444201261,0.0725603205713616,-0.00129129118431053,-0.0465299401954304,-0.388700621460196,-0.0273099967405625,0.0908045742194133,0.2219219461195,-0.096658794808137,0,-0.449136282629295,0,0,10965.53,38.0684068
-0.00302369789403491,-1.08700728837695,0.987216174602509,0.0341056324541569,0.0262786000967026,-1.72241837183108,-0.0222280738277929,-0.143949077258064,-0.216044571591637,-0.164183118627616,-0.0908272565717183,0.0797440409453094,-0.96598756313324,1.48640537261963,0.97967404127121,-0.0421214444201261,0.0725603205713616,-0.00129129118431053,-0.0465299401954304,-0.388700621460196,-0.0273099967405625,0.0908045742194133,0.2219219461195,-0.096658794808137,0,-0.469667313849374,0,0,10965.6,38.1351395
-0.00376463368829468,-1.09180559095222,0.987216174602509,0.0341056324541569,0.0262786000967026,-1.72241837183108,-0.0222280738277929,-0.143949077258064,-0.0153869058621139,-0.114928183039331,-0.0635790796002028,0.0558208286617166,-0.96598756313324,1.48640537261963,0.97967404127121,-0.0421214444201261,0.0725603205713616,-0.00129129118431053,-0.0465299401954304,-0.388700621460196,-0.0273099967405625,0.0908045742194133,0.2219219461195,-0.096658794808137,0,-0.482818720036798,0,0,10965.67,38.2018736
-0.00470555621322355,-1.09425827839414,0.987216174602509,0.0341056324541569,0.0262786000967026,-1.72241837183108,-0.0282276757478663,-0.0735806232577858,0.000849409078960995,-0.080449728127532,-0.0445053557201419,0.0390745800632016,-0.96598756313324,1.48640537261963,0.97967404127121,-0.0421214444201261,0.0725603205713616,-0.00129129118431053,-0.0465299401954304,-0.388700621460196,-0.0273099967405625,0.0908045742194133,0.2219219461195,-0.096658794808137,0,-0.488222425517295,0,0,10965.73,38.2686686
-0.00564812253724462,-1.09670906188729,0.973985910415649,0.0560185387730598,0.00266661075875163,-1.7222948710071,-0.0282769897206322,-0.0735235047944456,0.120936052268924,-0.253530966559399,0.181354155037459,0.0262406986284696,-0.96598756313324,1.48640537261963,0.97967404127121,-0.0421214444201261,0.0725603205713616,-0.00129129118431053,-0.0465299401954304,-0.388700621460196,-0.0273099967405625,0.0908045742194133,0.2219219461195,-0.096658794808137,0,-0.485766429005422,0,0,10965.8,38.3353619
-0.0065906888612657,-1.09915984538044,0.973985910415649,0.0560185387730598,0.00266661075875163,-1.7222948710071,-0.0282769897206322,-0.0735235047944456,0.00186367458719139,-0.177471676591579,0.126947908526221,0.0183684890399287,-0.96598756313324,1.48640537261963,0.97967404127121,-0.0421214444201261,0.0725603205713616,-0.00129129118431053,-0.0465299401954304,-0.388700621460196,-0.0273099967405625,0.0908045742194133,0.2219219461195,-0.096658794808137,0,-0.475631606970124,0,0,10965.86,38.4020407
-0.00753325518528677,-1.10161062887359,0.973985910415649,0.0560185387730598,0.00266661075875163,-1.7222948710071,-0.0282769897206322,-0.0735235047944456,0.00186367458719139,-0.124230173614106,0.088863535968355,0.0128579423279501,-0.96598756313324,1.48640537261963,0.97967404127121,-0.0421214444201261,0.0725603205713616,-0.00129129118431053,-0.0465299401954304,-0.388700621460196,-0.0273099967405625,0.0908045742194133,0.2219219461195,-0.096658794808137,0,-0.458231588474857,0,0,10965.93,38.4687658
-0.0104601815071355,-1.10106523910783,0.981099724769592,0.0608069859445095,0.0114777395501733,-1.71943098703493,-0.0878077896554634,0.0163616929728571,-0.0806040880854671,-0.130057146072921,-0.0170956839449464,-0.0167743961199466,-0.96598756313324,1.48640537261963,0.97967404127121,-0.0421214444201261,0.0725603205713616,-0.00129129118431053,-0.0465299401954304,-0.388700621460196,-0.0273099967405625,0.0908045742194133,0.2219219461195,-0.096658794808137,0,-0.434260089767124,0,0,10966,38.5354601
-0.0133871078289843,-1.10051984934206,0.981099724769592,0.0608069859445095,0.0114777395501733,-1.71943098703493,-0.0878077896554634,0.0163616929728571,-0.0165797588999812,-0.0910400022510446,-0.0119669787614625,-0.0117420772839627,-0.96598756313324,1.48640537261963,0.97967404127121,-0.0421214444201261,0.0725603205713616,-0.00129129118431053,-0.0465299401954304,-0.388700621460196,-0.0273099967405625,0.0908045742194133,0.2219219461195,-0.096658794808137,0,-0.404619651770941,0,0,10966.07,38.6021279
-0.0179956169730532,-1.09713880738835,0.981099724769592,0.0608069859445095,0.0114777395501733,-1.71943098703493,-0.138255274322065,0.10143125861153,-0.0232158590931727,-0.0637280015757312,-0.00837688513302374,-0.00821945409877385,-0.96598756313324,1.48640537261963,0.97967404127121,-0.0421214444201261,0.0725603205713616,-0.00129129118431053,-0.0465299401954304,-0.388700621460196,-0.0273099967405625,0.0908045742194133,0.2219219461195,-0.096658794808137,0,-0.370341250025229,0,0,10966.13,38.6688664
-0.0225964947169096,-1.09376049466647,0.994579553604126,0.0683597102761269,0.0110052870586514,-1.71914059320559,-0.138026332315692,0.101349381656358,-0.145362280370577,-0.112584120087568,-0.0016117471694201,-0.00836716233325303,-0.96598756313324,1.48640537261963,0.97967404127121,-0.0421214444201261,0.0725603205713616,-0.00129129118431053,-0.0465299401954304,-0.388700621460196,-0.0273099967405625,0.0908045742194133,0.2219219461195,-0.096658794808137,0,-0.33269242380335,0,0,10966.2,38.7355697
-0.027197372460766,-1.09038218194459,0.994579553604126,0.0683597102761269,0.0110052870586514,-1.71914059320559,-0.138026332315692,0.101349381656358,-0.0240438208597733,-0.0788088840612976,-0.00112822301859407,-0.00585701363327712,-0.96598756313324,1.48640537261963,0.97967404127121,-0.0421214444201261,0.0725603205713616,-0.00129129118431053,-0.0465299401954304,-0.388700621460196,-0.0273099967405625,0.0908045742194133,0.2219219461195,-0.096658794808137,0,-0.292955073112082,0,0,10966.26,38.8022782
-0.0317982502046224,-1.08700386922271,0.994579553604126,0.0683597102761269,0.0110052870586514,-1.71914059320559,-0.138026332315692,0.101349381656358,-0.0240438208597733,-0.0551662188429083,-0.000789756113015847,-0.00409990954329398,-0.96598756313324,1.48640537261963,0.97967404127121,-0.0421214444201261,0.0725603205713616,-0.00129129118431053,-0.0465299401954304,-0.388700621460196,-0.0273099967405625,0.0908045742194133,0.2219219461195,-0.096658794808137,0,-0.252475758268315,0,0,10966.33,38.8689681
-0.0357341458359571,-1.08257778669298,0.982585191726685,0.0539112314581871,0.00555507885292172,-1.71880036989321,-0.118076868940041,0.132782475891966,0.106336921741255,0.091419956171422,0.0484990445724564,-0.00593194649170715,-0.96598756313324,1.48640537261963,0.97967404127121,-0.0421214444201261,0.0725603205713616,-0.00129129118431053,-0.0465299401954304,-0.388700621460196,-0.0273099967405625,0.0908045742194133,0.2219219461195,-0.096658794808137,0,-0.212543427322522,0,0,10966.4,38.935667
-0.0396700414672918,-1.07815170416325,0.982585191726685,0.0539112314581871,0.00555507885292172,-1.71880036989321,-0.118076868940041,0.132782475891966,-0.00161233515571722,0.0639939693199954,0.0339493312007195,-0.00415236254419501,-0.96598756313324,1.48640537261963,0.97967404127121,-0.0421214444201261,0.0725603205713616,-0.00129129118431053,-0.0465299401954304,-0.388700621460196,-0.0273099967405625,0.0908045742194133,0.2219219461195,-0.096658794808137,0,-0.174386452129048,0,0,10966.46,39.0023687
-0.0436059370986264,-1.07372562163351,0.982585191726685,0.0539112314581871,0.00555507885292172,-1.71880036989321,-0.118076868940041,0.132782475891966,-0.00161233515571722,0.0447957785239968,0.0237645318405036,-0.00290665378093651,-0.96598756313324,1.48640537261963,0.97967404127121,-0.0421214444201261,0.0725603205713616,-0.00129129118431053,-0.0465299401954304,-0.388700621460196,-0.0273099967405625,0.0908045742194133,0.2219219461195,-0.096658794808137,0,-0.139120670718685,0,0,10966.53,39.0690277
-0.0473679062576646,-1.06825422244874,0.970162391662598,0.051526915282011,0.00668040523305535,-1.72251063982119,-0.112859074771144,0.164141975543161,0.102385748693081,0.0528158905523824,0.00650723486714989,0.0313577717051511,-0.96598756313324,1.48640537261963,0.97967404127121,-0.0421214444201261,0.0725603205713616,-0.00129129118431053,-0.0465299401954304,-0.388700621460196,-0.0273099967405625,0.0908045742194133,0.2219219461195,-0.096658794808137,0,-0.107535807866674,0,0,10966.6,39.1359135
-0.0511298754167027,-1.06278282326397,0.970162391662598,0.051526915282011,0.00668040523305535,-1.72251063982119,-0.112859074771144,0.164141975543161,-0.00941945188370141,0.0369711233866677,0.00455506440700492,0.0219504401936058,-0.96598756313324,1.48640537261963,0.97967404127121,-0.0421214444201261,0.0725603205713616,-0.00129129118431053,-0.0465299401954304,-0.388700621460196,-0.0273099967405625,0.0908045742194133,0.2219219461195,-0.096658794808137,0,-0.0805369001212445,0,0,10966.67,39.2026097
-0.0548918445757409,-1.0573114240792,0.970162391662598,0.051526915282011,0.00668040523305535,-1.72251063982119,-0.112859074771144,0.164141975543161,-0.00941945188370141,0.0258797863706674,0.00318854508490344,0.015365308135524,-0.96598756313324,1.48640537261963,0.97967404127121,-0.0421214444201261,0.0725603205713616,-0.00129129118431053,-0.0465299401954304,-0.388700621460196,-0.0273099967405625,0.0908045742194133,0.2219219461195,-0.096658794808137,0,-0.0585070450974499,0,0,10966.73,39.2692611
-0.0575953955300303,-1.05194852370074,0.972583651542664,0.028096167370677,-0.00326222484000027,-1.72506863275637,-0.0811065286286836,0.160887011353603,-0.0423276761066384,0.228992581661474,0.091715652216933,0.0337776521114928,-0.96598756313324,1.48640537261963,0.97967404127121,-0.0421214444201261,0.0725603205713616,-0.00129129118431053,-0.0465299401954304,-0.388700621460196,-0.0273099967405625,0.0908045742194133,0.2219219461195,-0.096658794808137,0,-0.0416082151910536,0,0,10966.8,39.3360551
-0.0602989464843198,-1.04658562332229,0.972583651542664,0.028096167370677,-0.00326222484000027,-1.72506863275637,-0.0811065286286836,0.160887011353603,-0.0205363371860451,0.160294807163031,0.0642009565518531,0.023644356478045,-0.96598756313324,1.48640537261963,0.97967404127121,-0.0421214444201261,0.0725603205713616,-0.00129129118431053,-0.0465299401954304,-0.388700621460196,-0.0273099967405625,0.0908045742194133,0.2219219461195,-0.096658794808137,0,-0.0298588881637153,0,0,10966.86,39.4027826
-0.0630024974386092,-1.04122272294384,0.972583651542664,0.028096167370677,-0.00326222484000027,-1.72506863275637,-0.0811065286286836,0.160887011353603,-0.0205363371860451,0.112206365014122,0.0449406695862972,0.0165510495346315,-0.96598756313324,1.48640537261963,0.97967404127121,-0.0421214444201261,0.0725603205713616,-0.00129129118431053,-0.0465299401954304,-0.388700621460196,-0.0273099967405625,0.0908045742194133,0.2219219461195,-0.096658794808137,0,-0.0229487640724192,0,0,10966.93,39.4695141
-0.0655683097524128,-1.03668391138605,0.970124125480652,0.028096167370677,-0.00326222484000027,-1.72506863275637,-0.0769743694141081,0.136164346733467,0.000546497828645753,0.0785444555098854,0.031458468710408,0.011585734674242,-0.96598756313324,1.48640537261963,0.97967404127121,-0.0421214444201261,0.0725603205713616,-0.00129129118431053,-0.0465299401954304,-0.388700621460196,-0.0273099967405625,0.0908045742194133,0.2219219461195,-0.096658794808137,0,-0.0203608673881723,0,0,10967,39.5362345
-0.0681341220662164,-1.03214509982827,0.970124125480652,0.028096167370677,-0.00326222484000027,-1.72506863275637,-0.0769743694141081,0.136164346733467,-0.0215892367294597,0.0549811188569198,0.0220209280972856,0.00811001427196942,-0.96598756313324,1.48640537261963,0.97967404127121,-0.0421214444201261,0.0725603205713616,-0.00129129118431053,-0.0465299401954304,-0.388700621460196,-0.0273099967405625,0.0908045742194133,0.2219219461195,-0.096658794808137,0,-0.0213796054790562,0,0,10967.07,39.6029715
-0.0707226830144576,-1.02760733517527,0.970124125480652,0.0267192795872688,0.00878697261214256,-1.71995836893191,-0.0776568284472347,0.136132939590187,-0.0204591355484777,0.0508787732505173,-0.0930281274011856,-0.0403153644297874,-0.96598756313324,1.48640537261963,0.97967404127121,-0.0421214444201261,0.0725603205713616,-0.00129129118431053,-0.0465299401954304,-0.388700621460196,-0.0273099967405625,0.0908045742194133,0.2219219461195,-0.096658794808137,0,-0.0251546019544573,0,0,10967.13,39.670016
-0.0726058039767359,-1.02371828020621,0.970367670059204,0.0168125573545694,0.0097223985940218,-1.71894127527346,-0.0564936288683488,0.116671649071808,-0.00984793053086608,0.124775641369657,-0.073538523017743,-0.0373745980268766,-0.96598756313324,1.48640537261963,0.97967404127121,-0.0421214444201261,0.0725603205713616,-0.00129129118431053,-0.0465299401954304,-0.388700621460196,-0.0273099967405625,0.0908045742194133,0.2219219461195,-0.096658794808137,0,-0.0306687154443775,0,0,10967.2,39.7368448
-0.0744889249390142,-1.01982922523715,0.970367670059204,0.0168125573545694,0.0097223985940218,-1.71894127527346,-0.0564936288683488,0.116671649071808,-0.00765602932389587,0.0873429489587597,-0.0514769661124201,-0.0261622186188136,-0.96598756313324,1.48640537261963,0.97967404127121,-0.0421214444201261,0.0725603205713616,-0.00129129118431053,-0.0465299401954304,-0.388700621460196,-0.0273099967405625,0.0908045742194133,0.2219219461195,-0.096658794808137,0,-0.0368617806689752,0,0,10967.26,39.8035284
-0.0763720459012925,-1.01594017026809,0.970367670059204,0.0168125573545694,0.0097223985940218,-1.71894127527346,-0.0564936288683488,0.116671649071808,-0.00765602932389587,0.0611400642711318,-0.0360338762786941,-0.0183135530331695,-0.96598756313324,1.48640537261963,0.97967404127121,-0.0421214444201261,0.0725603205713616,-0.00129129118431053,-0.0465299401954304,-0.388700621460196,-0.0273099967405625,0.0908045742194133,0.2219219461195,-0.096658794808137,0,-0.0426879557413262,0,0,10967.33,39.8702574
-0.0775582467308001,-1.01307816759995,0.963564336299896,0.0197914056479931,0.00206304853782058,-1.71919328371157,-0.0355860248852283,0.0858600800440583,0.0514150970827475,0.0159884103489794,0.0437104371107251,-0.0105514111802255,-0.96598756313324,1.48640537261963,0.97967404127121,-0.0421214444201261,0.0725603205713616,-0.00129129118431053,-0.0465299401954304,-0.388700621460196,-0.0273099967405625,0.0908045742194133,0.2219219461195,-0.096658794808137,0,-0.0471180596406271,0,0,10967.4,39.9369473
-0.0787444475603077,-1.01021616493181,0.963564336299896,0.0197914056479931,0.00206304853782058,-1.71919328371157,-0.0355860248852283,0.0858600800440583,-0.00981490675102322,0.0111918872442855,0.0305973059775076,-0.00738598782615785,-0.96598756313324,1.48640537261963,0.97967404127121,-0.0421214444201261,0.0725603205713616,-0.00129129118431053,-0.0465299401954304,-0.388700621460196,-0.0273099967405625,0.0908045742194133,0.2219219461195,-0.096658794808137,0,-0.0492213713012059,0,0,10967.46,40.0036726
-0.0799306483898153,-1.00735416226368,0.963564336299896,0.0197914056479931,0.00206304853782058,-1.71919328371157,-0.0355860248852283,0.0858600800440583,-0.00981490675102322,0.00783432107099988,0.0214181141842553,-0.0051701914783105,-0.96598756313324,1.48640537261963,0.97967404127121,-0.0421214444201261,0.0725603205713616,-0.00129129118431053,-0.0465299401954304,-0.388700621460196,-0.0273099967405625,0.0908045742194133,0.2219219461195,-0.096658794808137,0,-0.0481892320286664,0,0,10967.53,40.0703722
-0.0824338753528663,-1.0042632241107,0.941732943058014,0.0244302526116371,0.00222062645480037,-1.71815449396242,-0.0750968088915288,0.0927281445894747,0.198786259492989,-0.0362655979230963,0.0135744786761606,-0.0129682417771269,-0.96598756313324,1.48640537261963,0.97967404127121,-0.0421214444201261,0.0725603205713616,-0.00129129118431053,-0.0465299401954304,-0.388700621460196,-0.0273099967405625,0.0908045742194133,0.2219219461195,-0.096658794808137,0,-0.043380888915238,0,0,10967.6,40.1370765
-0.0849371023159172,-1.00117228595771,0.941732943058014,0.0244302526116371,0.00222062645480037,-1.71815449396242,-0.0750968088915288,0.0927281445894747,0.00230372031604846,-0.0253859185461674,0.00950213507331243,-0.00907776924398884,-0.96598756313324,1.48640537261963,0.97967404127121,-0.0421214444201261,0.0725603205713616,-0.00129129118431053,-0.0465299401954304,-0.388700621460196,-0.0273099967405625,0.0908045742194133,0.2219219461195,-0.096658794808137,0,-0.0343627114652395,0,0,10967.67,40.2036798
-0.0874403292789682,-0.998081347804732,0.941732943058014,0.0244302526116371,0.00222062645480037,-1.71815449396242,-0.0750968088915288,0.0927281445894747,0.00230372031604846,-0.0177701429823172,0.0066514945513187,-0.00635443847079219,-0.96598756313324,1.48640537261963,0.97967404127121,-0.0421214444201261,0.0725603205713616,-0.00129129118431053,-0.0465299401954304,-0.388700621460196,-0.0273099967405625,0.0908045742194133,0.2219219461195,-0.096658794808137,0,-0.0208393271073545,0,0,10967.73,40.2704926
-0.090551857657341,-0.993296085600912,0.947208940982819,0.0212429836392403,0.0105819646269083,-1.71885115305056,-0.0933458513511841,0.143557866114625,-0.0661274806356286,0.0162463206639496,-0.0705959973630483,0.00182182486365836,-0.96598756313324,1.48640537261963,0.97967404127121,-0.0421214444201261,0.0725603205713616,-0.00129129118431053,-0.0465299401954304,-0.388700621460196,-0.0273099967405625,0.0908045742194133,0.2219219461195,-0.096658794808137,0,-0.00283161499670398,0,0,10967.8,40.3372151
-0.0936633860357138,-0.988510823397091,0.947208940982819,0.0212429836392403,0.0105819646269083,-1.71885115305056,-0.0933458513511841,0.143557866114625,-0.0168434993123864,0.0113724244647647,-0.0494171981541338,0.00127527740456085,-0.96598756313324,1.48640537261963,0.97967404127121,-0.0421214444201261,0.0725603205713616,-0.00129129118431053,-0.0465299401954304,-0.388700621460196,-0.0273099967405625,0.0908045742194133,0.2219219461195,-0.096658794808137,0,0.0194890964394666,0,0,10967.86,40.4039298
-0.0967749144140866,-0.98372556119327,0.947208940982819,0.0212429836392403,0.0105819646269083,-1.71885115305056,-0.0933458513511841,0.143557866114625,-0.0168434993123864,0.00796069712533531,-0.0345920387078937,0.000892694183192596,-0.96598756313324,1.48640537261963,0.97967404127121,-0.0421214444201261,0.0725603205713616,-0.00129129118431053,-0.0465299401954304,-0.388700621460196,-0.0273099967405625,0.0908045742194133,0.2219219461195,-0.096658794808137,0,0.0457286837419742,0,0,10967.93,40.4706104
-0.0997976703515263,-0.979010075222666,0.950124979019165,0.0212429836392403,0.0105819646269083,-1.71885115305056,-0.0906826781231909,0.141464579118109,-0.038214572137646,0.00557248798773472,-0.0242144270955256,0.000624885928234817,-0.96598756313324,1.48640537261963,0.97967404127121,-0.0421214444201261,0.0725603205713616,-0.00129129118431053,-0.0465299401954304,-0.388700621460196,-0.0273099967405625,0.0908045742194133,0.2219219461195,-0.096658794808137,0,0.0753478166688012,0,0,10968,40.5373057
-0.102820426288966,-0.974294589252063,0.950124979019165,0.0212429836392403,0.0105819646269083,-1.71885115305056,-0.0906826781231909,0.141464579118109,-0.0119702298105281,0.0039007415914143,-0.0169500989668679,0.000437420149764372,-0.96598756313324,1.48640537261963,0.97967404127121,-0.0421214444201261,0.0725603205713616,-0.00129129118431053,-0.0465299401954304,-0.388700621460196,-0.0273099967405625,0.0908045742194133,0.2219219461195,-0.096658794808137,0,0.107656117498057,0,0,10968.07,40.6040366
-0.105848384903262,-0.969582228820395,0.950124979019165,0.0194493234157562,0.00943381525576115,-1.71799999872317,-0.0908387584288887,0.141370812950032,-0.0119330948132602,0.0188734611253464,-0.00153172493648313,-0.00735419484169814,-0.96598756313324,1.48640537261963,0.97967404127121,-0.0421214444201261,0.0725603205713616,-0.00129129118431053,-0.0465299401954304,-0.388700621460196,-0.0273099967405625,0.0908045742194133,0.2219219461195,-0.096658794808137,0,0.141821364127333,0,0,10968.13,40.6707627
-0.108761077550736,-0.964665560833859,0.95302414894104,0.0172858238220215,0.00419320771470666,-1.71910816827883,-0.0873807794242167,0.147500039596082,-0.0436802253979474,0.0326829191313551,0.0460932604139522,0.00482558961178786,-0.96598756313324,1.48640537261963,0.97967404127121,-0.0421214444201261,0.0725603205713616,-0.00129129118431053,-0.0465299401954304,-0.388700621460196,-0.0273099967405625,0.0908045742194133,0.2219219461195,-0.096658794808137,0,0.176950550380181,0,0,10968.2,40.7374717
-0.11167377019821,-0.959748892847323,0.95302414894104,0.0172858238220215,0.00419320771470666,-1.71910816827883,-0.0873807794242167,0.147500039596082,-0.0175876961010723,0.0228780433919486,0.0322652822897665,0.0033779127282515,-0.96598756313324,1.48640537261963,0.97967404127121,-0.0421214444201261,0.0725603205713616,-0.00129129118431053,-0.0465299401954304,-0.388700621460196,-0.0273099967405625,0.0908045742194133,0.2219219461195,-0.096658794808137,0,0.212152509305993,0,0,10968.26,40.8042122
-0.114586462845684,-0.954832224860786,0.95302414894104,0.0172858238220215,0.00419320771470666,-1.71910816827883,-0.0873807794242167,0.147500039596082,-0.0175876961010723,0.016014630374364,0.0225856976028366,0.00236453890977605,-0.96598756313324,1.48640537261963,0.97967404127121,-0.0421214444201261,0.0725603205713616,-0.00129129118431053,-0.0465299401954304,-0.388700621460196,-0.0273099967405625,0.0908045742194133,0.2219219461195,-0.096658794808137,0,0.246489766948088,0,0,10968.33,40.8709263
-0.117344065577596,-0.950215153335586,0.964344203472137,-0.00505630858242512,0.0108907232061028,-1.7200382391559,-0.0827280819573703,0.138512145756005,-0.119576321847807,0.212289432902074,-0.0444676511005801,0.01002581513052,-0.96598756313324,1.48640537261963,0.97967404127121,-0.0421214444201261,0.0725603205713616,-0.00129129118431053,-0.0465299401954304,-0.388700621460196,-0.0273099967405625,0.0908045742194133,0.2219219461195,-0.096658794808137,0,0.279110077094222,0,0,10968.4,40.9376249
-0.120101668309509,-0.945598081810386,0.964344203472137,-0.00505630858242512,0.0108907232061028,-1.7200382391559,-0.0827280819573703,0.138512145756005,-0.0176958310679305,0.148602603031452,-0.0311273557704061,0.007018070591364,-0.96598756313324,1.48640537261963,0.97967404127121,-0.0421214444201261,0.0725603205713616,-0.00129129118431053,-0.0465299401954304,-0.388700621460196,-0.0273099967405625,0.0908045742194133,0.2219219461195,-0.096658794808137,0,0.309244051646282,0,0,10968.46,41.004322
-0.122859271041421,-0.940981010285186,0.964344203472137,-0.00505630858242512,0.0108907232061028,-1.7200382391559,-0.0827280819573703,0.138512145756005,-0.0176958310679305,0.104021822122016,-0.0217891490392843,0.0049126494139548,-0.96598756313324,1.48640537261963,0.97967404127121,-0.0421214444201261,0.0725603205713616,-0.00129129118431053,-0.0465299401954304,-0.388700621460196,-0.0273099967405625,0.0908045742194133,0.2219219461195,-0.096658794808137,0,0.336223514430283,0,0,10968.53,41.0710151
-0.124586553633077,-0.937891506622818,0.976285815238953,-0.0156871248036623,0.00677698571234941,-1.71943384805788,-0.0518184777496871,0.0926851098710301,-0.125104377849869,0.168492621476546,0.0217712331162819,-0.00200066529243379,-0.96598756313324,1.48640537261963,0.97967404127121,-0.0421214444201261,0.0725603205713616,-0.00129129118431053,-0.0465299401954304,-0.388700621460196,-0.0273099967405625,0.0908045742194133,0.2219219461195,-0.096658794808137,0,0.359534153785005,0,0,10968.6,41.1377731
-0.126313836224733,-0.93480200296045,0.976285815238953,-0.0156871248036623,0.00677698571234941,-1.71943384805788,-0.0518184777496871,0.0926851098710301,-0.0176298719485328,0.117944835033582,0.0152398631813973,-0.00140046570470365,-0.96598756313324,1.48640537261963,0.97967404127121,-0.0421214444201261,0.0725603205713616,-0.00129129118431053,-0.0465299401954304,-0.388700621460196,-0.0273099967405625,0.0908045742194133,0.2219219461195,-0.096658794808137,0,0.37874716157461,0,0,10968.66,41.2045052
-0.12804111881639,-0.931712499298083,0.976285815238953,-0.0156871248036623,0.00677698571234941,-1.71943384805788,-0.0518184777496871,0.0926851098710301,-0.0176298719485328,0.0825613845235076,0.0106679042269781,-0.000980325993292558,-0.96598756313324,1.48640537261963,0.97967404127121,-0.0421214444201261,0.0725603205713616,-0.00129129118431053,-0.0465299401954304,-0.388700621460196,-0.0273099967405625,0.0908045742194133,0.2219219461195,-0.096658794808137,0,0.393620884231224,0,0,10968.73,41.2712001
-0.128666090795148,-0.930116167151586,0.985359966754913,-0.0275491438806057,0.00842585042119026,-1.71895152727236,-0.0187491593627507,0.047889964394905,-0.0949543910082469,0.164551140858946,-0.00737224942068293,-0.00502711526500694,-0.96598756313324,1.48640537261963,0.97967404127121,-0.0421214444201261,0.0725603205713616,-0.00129129118431053,-0.0465299401954304,-0.388700621460196,-0.0273099967405625,0.0908045742194133,0.2219219461195,-0.096658794808137,0,0.404072201477799,0,0,10968.8,41.3379137
-0.129291062773906,-0.928519835005089,0.985359966754913,-0.0275491438806057,0.00842585042119026,-1.71895152727236,-0.0187491593627507,0.047889964394905,-0.0132870273646007,0.115185798601262,-0.00516057459447805,-0.00351898068550486,-0.96598756313324,1.48640537261963,0.97967404127121,-0.0421214444201261,0.0725603205713616,-0.00129129118431053,-0.0465299401954304,-0.388700621460196,-0.0273099967405625,0.0908045742194133,0.2219219461195,-0.096658794808137,0,0.410137366956688,0,0,10968.87,41.4046513
-0.129916034752665,-0.926923502858592,0.985359966754913,-0.0275491438806057,0.00842585042119026,-1.71895152727236,-0.0187491593627507,0.047889964394905,-0.0132870273646007,0.0806300590208835,-0.00361240221613464,-0.0024632864798534,-0.96598756313324,1.48640537261963,0.97967404127121,-0.0421214444201261,0.0725603205713616,-0.00129129118431053,-0.0465299401954304,-0.388700621460196,-0.0273099967405625,0.0908045742194133,0.2219219461195,-0.096658794808137,0,0.411972586883438,0,0,10968.93,41.4714027
-0.12896934019229,-0.927207930342558,0.981112241744995,-0.0275491438806057,0.00842585042119026,-1.71895152727236,0.0284008368112304,-0.00853282451896137,0.0401941748399035,0.0564410413146184,-0.00252868155129424,-0.00172430053589738,-0.96598756313324,1.48640537261963,0.97967404127121,-0.0421214444201261,0.0725603205713616,-0.00129129118431053,-0.0465299401954304,-0.388700621460196,-0.0273099967405625,0.0908045742194133,0.2219219461195,-0.096658794808137,0,0.409838094994946,0,0,10969,41.5381384
-0.128022645631916,-0.927492357826523,0.981112241744995,-0.0275491438806057,0.00842585042119026,-1.71895152727236,0.0284008368112304,-0.00853282451896137,0.0019646497506396,0.0395087289202329,-0.00177007708590597,-0.00120701037512817,-0.96598756313324,1.48640537261963,0.97967404127121,-0.0421214444201261,0.0725603205713616,-0.00129129118431053,-0.0465299401954304,-0.388700621460196,-0.0273099967405625,0.0908045742194133,0.2219219461195,-0.096658794808137,0,0.404072987998536,0,0,10969.06,41.604856
-0.127074082450591,-0.927774987881467,0.981112241744995,-0.0432970263063908,0.00280437618494034,-1.71743876138796,0.0284568954397453,-0.00847890164830317,0.00165756641078516,0.169387052076229,0.0493542141661151,-0.0144598002221844,-0.96598756313324,1.48640537261963,0.97967404127121,-0.0421214444201261,0.0725603205713616,-0.00129129118431053,-0.0465299401954304,-0.388700621460196,-0.0273099967405625,0.0908045742194133,0.2219219461195,-0.096658794808137,0,0.395066033922755,0,0,10969.13,41.6715469
-0.124972001526273,-0.930072427558697,0.983642220497131,-0.0482305139303207,0.0151657508686185,-1.7203097979175,0.0630624277295498,-0.0689231903169227,-0.0325767341681139,0.16297232506873,-0.0767044222368228,0.01571746861034,-0.96598756313324,1.48640537261963,0.97967404127121,-0.0421214444201261,0.0725603205713616,-0.00129129118431053,-0.0465299401954304,-0.388700621460196,-0.0273099967405625,0.0908045742194133,0.2219219461195,-0.096658794808137,0,0.383227889506097,0,0,10969.2,41.7382069
-0.122869920601955,-0.932369867235928,0.983642220497131,-0.0482305139303207,0.0151657508686185,-1.7203097979175,0.0630624277295498,-0.0689231903169227,-0.00980692539888785,0.114080627548111,-0.0536930955657759,0.011002228027238,-0.96598756313324,1.48640537261963,0.97967404127121,-0.0421214444201261,0.0725603205713616,-0.00129129118431053,-0.0465299401954304,-0.388700621460196,-0.0273099967405625,0.0908045742194133,0.2219219461195,-0.096658794808137,0,0.368941631029852,0,0,10969.27,41.8049361
-0.120767839677636,-0.934667306913159,0.983642220497131,-0.0482305139303207,0.0151657508686185,-1.7203097979175,0.0630624277295498,-0.0689231903169227,-0.00980692539888785,0.0798564392836776,-0.0375851668960432,0.00770155961906662,-0.96598756313324,1.48640537261963,0.97967404127121,-0.0421214444201261,0.0725603205713616,-0.00129129118431053,-0.0465299401954304,-0.388700621460196,-0.0273099967405625,0.0908045742194133,0.2219219461195,-0.096658794808137,0,0.352601173472171,0,0,10969.33,41.8716471
-0.117439798348364,-0.938905106505741,0.99541038274765,-0.055060550570488,0.0057017495855689,-1.71881562868227,0.0998412398781803,-0.127133987777455,-0.118867621471835,0.117369837260079,0.0588663947202161,-0.0080564313837188,-0.96598756313324,1.48640537261963,0.97967404127121,-0.0421214444201261,0.0725603205713616,-0.00129129118431053,-0.0465299401954304,-0.388700621460196,-0.0273099967405625,0.0908045742194133,0.2219219461195,-0.096658794808137,0,0.334535326957617,0,0,10969.4,41.9383659
-0.114111757019091,-0.943142906098323,0.99541038274765,-0.055060550570488,0.0057017495855689,-1.71881562868227,0.0998412398781803,-0.127133987777455,-0.0129541612171657,0.0821588860820556,0.0412064763041512,-0.00563950196860316,-0.96598756313324,1.48640537261963,0.97967404127121,-0.0421214444201261,0.0725603205713616,-0.00129129118431053,-0.0465299401954304,-0.388700621460196,-0.0273099967405625,0.0908045742194133,0.2219219461195,-0.096658794808137,0,0.315040282282265,0,0,10969.47,42.0050318
-0.110783715689818,-0.947380705690904,0.99541038274765,-0.055060550570488,0.0057017495855689,-1.71881562868227,0.0998412398781803,-0.127133987777455,-0.0129541612171657,0.0575112202574389,0.0288445334129059,-0.00394765137802221,-0.96598756313324,1.48640537261963,0.97967404127121,-0.0421214444201261,0.0725603205713616,-0.00129129118431053,-0.0465299401954304,-0.388700621460196,-0.0273099967405625,0.0908045742194133,0.2219219461195,-0.096658794808137,0,0.294296923595833,0,0,10969.53,42.0717602
-0.105826706642956,-0.953442331581793,1.00730931758881,-0.0509182251989841,0.00173262401949614,-1.72112137476076,0.148710271405869,-0.181848776726656,-0.136030710706775,0.00297692583667277,0.055913303483689,0.0179883587418054,-0.96598756313324,1.48640537261963,0.97967404127121,-0.0421214444201261,0.0725603205713616,-0.00129129118431053,-0.0465299401954304,-0.388700621460196,-0.0273099967405625,0.0908045742194133,0.2219219461195,-0.096658794808137,0,0.27248051913111,0,0,10969.6,42.1384675
-0.100869697596094,-0.959503957472681,1.00730931758881,-0.0509182251989841,0.00173262401949614,-1.72112137476076,0.148710271405869,-0.181848776726656,-0.0289402971363713,0.00208384808567094,0.0391393124385823,0.0125918511192637,-0.96598756313324,1.48640537261963,0.97967404127121,-0.0421214444201261,0.0725603205713616,-0.00129129118431053,-0.0465299401954304,-0.388700621460196,-0.0273099967405625,0.0908045742194133,0.2219219461195,-0.096658794808137,0,0.249687358998548,0,0,10969.66,42.2051401
-0.0959126885492313,-0.96556558336357,1.00730931758881,-0.0509182251989841,0.00173262401949614,-1.72112137476076,0.148710271405869,-0.181848776726656,-0.0289402971363713,0.00145869365996966,0.0273975187070076,0.00881429578348462,-0.96598756313324,1.48640537261963,0.97967404127121,-0.0421214444201261,0.0725603205713616,-0.00129129118431053,-0.0465299401954304,-0.388700621460196,-0.0273099967405625,0.0908045742194133,0.2219219461195,-0.096658794808137,0,0.225927939899574,0,0,10969.73,42.2718648
-0.0895472638277092,-0.974709537773292,1.01091957092285,-0.0412364937365055,0.0176909174770117,-1.72637373605837,0.190962741645662,-0.274318632291668,-0.0476829782404791,-0.086114497600329,-0.124446378022735,0.053441258726906,-0.96598756313324,1.48640537261963,0.97967404127121,-0.0421214444201261,0.0725603205713616,-0.00129129118431053,-0.0465299401954304,-0.388700621460196,-0.0273099967405625,0.0908045742194133,0.2219219461195,-0.096658794808137,0,0.201233905174337,0,0,10969.8,42.3385644
-0.0831818391061872,-0.983853492183015,1.01091957092285,-0.0412364937365055,0.0176909174770117,-1.72637373605837,0.190962741645662,-0.274318632291668,-0.0151906982340704,-0.0602801483202303,-0.0871124646159142,0.0374088811088342,-0.96598756313324,1.48640537261963,0.97967404127121,-0.0421214444201261,0.0725603205713616,-0.00129129118431053,-0.0465299401954304,-0.388700621460196,-0.0273099967405625,0.0908045742194133,0.2219219461195,-0.096658794808137,0,0.175576540392977,0,0,10969.87,42.4052798
-0.0768164143846651,-0.992997446592737,1.01091957092285,-0.0412364937365055,0.0176909174770117,-1.72637373605837,0.190962741645662,-0.274318632291668,-0.0151906982340704,-0.0421961038241612,-0.0609787252311399,0.026186216776184,-0.96598756313324,1.48640537261963,0.97967404127121,-0.0421214444201261,0.0725603205713616,-0.00129129118431053,-0.0465299401954304,-0.388700621460196,-0.0273099967405625,0.0908045742194133,0.2219219461195,-0.096658794808137,0,0.148828442900864,0,0,10969.93,42.4722904
-0.0692143224508751,-1.00444368885826,0.998308181762695,-0.0412364937365055,0.0176909174770117,-1.72637373605837,0.228062758013699,-0.343387267965677,0.0989209042947977,-0.0295372726769128,-0.0426851076617979,0.0183303517433288,-0.96598756313324,1.48640537261963,0.97967404127121,-0.0421214444201261,0.0725603205713616,-0.00129129118431053,-0.0465299401954304,-0.388700621460196,-0.0273099967405625,0.0908045742194133,0.2219219461195,-0.096658794808137,0,0.121245079580854,0,0,10970,42.5389753
-0.0616122305170852,-1.01588993112378,0.998308181762695,-0.0412364937365055,0.0176909174770117,-1.72637373605837,0.228062758013699,-0.343387267965677,-0.0145815981466086,-0.020676090873839,-0.0298795753632586,0.0128312462203301,-0.96598756313324,1.48640537261963,0.97967404127121,-0.0421214444201261,0.0725603205713616,-0.00129129118431053,-0.0465299401954304,-0.388700621460196,-0.0273099967405625,0.0908045742194133,0.2219219461195,-0.096658794808137,0,0.0927331224460269,0,0,10970.07,42.6056854
-0.0540228600602659,-1.0273516442074,0.998308181762695,-0.0303469654172659,0.0150567423552275,-1.72787553468813,0.227681113704579,-0.343851392508605,-0.0118977808935626,-0.112479018484844,0.00279187334177691,0.0224980600220778,-0.96598756313324,1.48640537261963,0.97967404127121,-0.0421214444201261,0.0725603205713616,-0.00129129118431053,-0.0465299401954304,-0.388700621460196,-0.0273099967405625,0.0908045742194133,0.2219219461195,-0.096658794808137,0,0.0634078956861027,0,0,10970.13,42.6723821
-0.0456199539718231,-1.04019648451089,0.999338865280151,-0.0237786788493395,0.0124781504273415,-1.72898108163943,0.252087182653284,-0.385345209104752,-0.0156196353275169,-0.137849892050728,0.0251616386902179,0.0256985645771,-0.96598756313324,1.48640537261963,0.97967404127121,-0.0421214444201261,0.0725603205713616,-0.00129129118431053,-0.0465299401954304,-0.388700621460196,-0.0273099967405625,0.0908045742194133,0.2219219461195,-0.096658794808137,0,0.0334337669703414,0,0,10970.2,42.7390666
-0.0372170478833803,-1.05304132481439,0.999338865280151,-0.0237786788493395,0.0124781504273415,-1.72898108163943,0.252087182653284,-0.385345209104752,-0.00634348367041241,-0.0964949244355098,0.0176131470831525,0.01798899520397,-0.96598756313324,1.48640537261963,0.97967404127121,-0.0421214444201261,0.0725603205713616,-0.00129129118431053,-0.0465299401954304,-0.388700621460196,-0.0273099967405625,0.0908045742194133,0.2219219461195,-0.096658794808137,0,0.00300597789627332,0,0,10970.27,42.8058296
-0.0288141417949375,-1.06588616511788,0.999338865280151,-0.0237786788493395,0.0124781504273415,-1.72898108163943,0.252087182653284,-0.385345209104752,-0.00634348367041241,-0.0675464471048569,0.0123292029582068,0.012592296642779,-0.96598756313324,1.48640537261963,0.97967404127121,-0.0421214444201261,0.0725603205713616,-0.00129129118431053,-0.0465299401954304,-0.388700621460196,-0.0273099967405625,0.0908045742194133,0.2219219461195,-0.096658794808137,0,-0.0274870283791471,0,0,10970.33,42.8724988
-0.0198009455514631,-1.07988262914705,1.01405596733093,-0.0237786788493395,0.0124781504273415,-1.72898108163943,0.27039588730423,-0.419893920875332,-0.152993320904624,-0.0472825129733998,0.00863044207074474,0.00881460764994528,-0.96598756313324,1.48640537261963,0.97967404127121,-0.0421214444201261,0.0725603205713616,-0.00129129118431053,-0.0465299401954304,-0.388700621460196,-0.0273099967405625,0.0908045742194133,0.2219219461195,-0.096658794808137,0,-0.05774625291291,0,0,10970.4,42.9392483
-0.0107877493079888,-1.09387909317623,1.01405596733093,-0.0237786788493395,0.0124781504273415,-1.72898108163943,0.27039588730423,-0.419893920875332,-0.0205394024475924,-0.0330977590813799,0.00604130944952132,0.0061702253549617,-0.96598756313324,1.48640537261963,0.97967404127121,-0.0421214444201261,0.0725603205713616,-0.00129129118431053,-0.0465299401954304,-0.388700621460196,-0.0273099967405625,0.0908045742194133,0.2219219461195,-0.096658794808137,0,-0.0873066184811818,0,0,10970.47,43.0060166
-0.00170425266185688,-1.10784562340341,1.01405596733093,-0.0064788144081831,0.00734114600345492,-1.72477204004397,0.272504899383958,-0.41899590681525,-0.0151643931276008,-0.178867211327373,0.0504619564296438,-0.0335622166106577,-0.96598756313324,1.48640537261963,0.97967404127121,-0.0421214444201261,0.0725603205713616,-0.00129129118431053,-0.0465299401954304,-0.388700621460196,-0.0273099967405625,0.0908045742194133,0.2219219461195,-0.096658794808137,0,-0.115648258368858,0,0,10970.53,43.0727048
0.00728778282166486,-1.12131683085568,1.00558030605316,0.0177015103399754,0.010995420627296,-1.72062641779055,0.269761064505652,-0.404136223568179,0.07467744272274,-0.342829970662587,0.0024348978861812,-0.0608041519082221,-0.96598756313324,1.48640537261963,0.97967404127121,-0.0421214444201261,0.0725603205713616,-0.00129129118431053,-0.0465299401954304,-0.388700621460196,-0.0273099967405625,0.0908045742194133,0.2219219461195,-0.096658794808137,0,-0.142324757727466,0,0,10970.6,43.1394297
0.0162798183051866,-1.13478803830795,1.00558030605316,0.0177015103399754,0.010995420627296,-1.72062641779055,0.269761064505652,-0.404136223568179,-0.00160350877719896,-0.239980979463811,0.00170442852032684,-0.0425629063357555,-0.96598756313324,1.48640537261963,0.97967404127121,-0.0421214444201261,0.0725603205713616,-0.00129129118431053,-0.0465299401954304,-0.388700621460196,-0.0273099967405625,0.0908045742194133,0.2219219461195,-0.096658794808137,0,-0.166827599710814,0,0,10970.67,43.2061554
0.0252718537887083,-1.14825924576023,1.00558030605316,0.0177015103399754,0.010995420627296,-1.72062641779055,0.269761064505652,-0.404136223568179,-0.00160350877719896,-0.167986685624668,0.00119309996422879,-0.0297940344350288,-0.96598756313324,1.48640537261963,0.97967404127121,-0.0421214444201261,0.0725603205713616,-0.00129129118431053,-0.0465299401954304,-0.388700621460196,-0.0273099967405625,0.0908045742194133,0.2219219461195,-0.096658794808137,0,-0.188696575105277,0,0,10970.74,43.2728867
0.0328743136974757,-1.1607201672949,1.01501488685608,0.0471080914139748,0.0115926070138812,-1.72589070001711,0.22807379726302,-0.373827646040125,-0.0711370730041398,-0.382249909603262,-0.00453950750430697,0.0265227159345423,-0.96598756313324,1.48640537261963,0.97967404127121,-0.0421214444201261,0.0725603205713616,-0.00129129118431053,-0.0465299401954304,-0.388700621460196,-0.0273099967405625,0.0908045742194133,0.2219219461195,-0.096658794808137,0,-0.207516247428444,0,0,10970.8,43.3395786
0.040476773606243,-1.17318108882957,1.01501488685608,0.0471080914139748,0.0115926070138812,-1.72589070001711,0.22807379726302,-0.373827646040125,0.0137741542221176,-0.267574936722283,-0.00317765525301488,0.0185659011541796,-0.96598756313324,1.48640537261963,0.97967404127121,-0.0421214444201261,0.0725603205713616,-0.00129129118431053,-0.0465299401954304,-0.388700621460196,-0.0273099967405625,0.0908045742194133,0.2219219461195,-0.096658794808137,0,-0.222999751170175,0,0,10970.87,43.4063544
0.0480792335150104,-1.18564201036424,1.01501488685608,0.0471080914139748,0.0115926070138812,-1.72589070001711,0.22807379726302,-0.373827646040125,0.0137741542221176,-0.187302455705598,-0.00222435867711041,0.0129961308079257,-0.96598756313324,1.48640537261963,0.97967404127121,-0.0421214444201261,0.0725603205713616,-0.00129129118431053,-0.0465299401954304,-0.388700621460196,-0.0273099967405625,0.0908045742194133,0.2219219461195,-0.096658794808137,0,-0.234899682606265,0,0,10970.93,43.4730573
0.0509317278114611,-1.19075233895578,1.00948846340179,0.0471080914139748,0.0115926070138812,-1.72589070001711,0.0855748288935229,-0.153309857746096,0.0719208050731852,-0.131111718993919,-0.00155705107397729,0.00909729156554802,-0.96598756313324,1.48640537261963,0.97967404127121,-0.0421214444201261,0.0725603205713616,-0.00129129118431053,-0.0465299401954304,-0.388700621460196,-0.0273099967405625,0.0908045742194133,0.2219219461195,-0.096658794808137,0,-0.243154928126791,0,0,10971,43.5397942
0.0537842221079119,-1.19586266754731,1.00948846340179,0.0471080914139748,0.0115926070138812,-1.72589070001711,0.0855748288935229,-0.153309857746096,0.0221829939846232,-0.0917782032957432,-0.0010899357517841,0.00636810409588361,-0.96598756313324,1.48640537261963,0.97967404127121,-0.0421214444201261,0.0725603205713616,-0.00129129118431053,-0.0465299401954304,-0.388700621460196,-0.0273099967405625,0.0908045742194133,0.2219219461195,-0.096658794808137,0,-0.247815536771924,0,0,10971.07,43.6065359
0.0565523843800419,-1.20095909155087,1.00948846340179,0.107185058295727,0.0018109391676262,-1.72857004800905,0.0830448681638998,-0.1528927201067,0.0276352463341335,-0.604937444242788,0.0872720555900462,0.0285718047946088,-0.96598756313324,1.48640537261963,0.97967404127121,-0.0421214444201261,0.0725603205713616,-0.00129129118431053,-0.0465299401954304,-0.388700621460196,-0.0273099967405625,0.0908045742194133,0.2219219461195,-0.096658794808137,0,-0.249084378859487,0,0,10971.13,43.6732042
0.0555866503662452,-1.19924431415013,0.996341347694397,0.0912031456828117,0.00334437447600067,-1.73193127313723,-0.0289720204138992,0.0514433220221146,0.125661301086805,-0.279618997453716,0.0472895211376621,0.0502512895097906,-0.96598756313324,1.48640537261963,0.97967404127121,-0.0421214444201261,0.0725603205713616,-0.00129129118431053,-0.0465299401954304,-0.388700621460196,-0.0273099967405625,0.0908045742194133,0.2219219461195,-0.096658794808137,0,-0.247310938492516,0,0,10971.2,43.7399694
0.0546209163524486,-1.19752953674939,0.996341347694397,0.0912031456828117,0.00334437447600067,-1.73193127313723,-0.0289720204138992,0.0514433220221146,0.00733725972022828,-0.195733298217602,0.0331026647963635,0.0351759026568534,-0.96598756313324,1.48640537261963,0.97967404127121,-0.0421214444201261,0.0725603205713616,-0.00129129118431053,-0.0465299401954304,-0.388700621460196,-0.0273099967405625,0.0908045742194133,0.2219219461195,-0.096658794808137,0,-0.242975127607905,0,0,10971.27,43.8067338
0.0536551823386519,-1.19581475934866,0.996341347694397,0.0912031456828117,0.00334437447600067,-1.73193127313723,-0.0289720204138992,0.0514433220221146,0.00733725972022828,-0.137013308752321,0.0231718653574544,0.0246231318597974,-0.96598756313324,1.48640537261963,0.97967404127121,-0.0421214444201261,0.0725603205713616,-0.00129129118431053,-0.0465299401954304,-0.388700621460196,-0.0273099967405625,0.0908045742194133,0.2219219461195,-0.096658794808137,0,-0.236689589052863,0,0,10971.33,43.8734014
0.0503601645558876,-1.19014560366697,1.00756549835205,0.0912031456828117,0.00334437447600067,-1.73193127313723,-0.0988505334829308,0.170074670450556,-0.117689383600725,-0.0959093161266247,0.0162203057502181,0.0172361923018582,-0.96598756313324,1.48640537261963,0.97967404127121,-0.0421214444201261,0.0725603205713616,-0.00129129118431053,-0.0465299401954304,-0.388700621460196,-0.0273099967405625,0.0908045742194133,0.2219219461195,-0.096658794808137,0,-0.229145283628246,0,0,10971.4,43.9400481
0.0470651467731232,-1.18447644798529,1.00756549835205,0.0912031456828117,0.00334437447600067,-1.73193127313723,-0.0988505334829308,0.170074670450556,-0.0166720276818408,-0.0671365212886373,0.0113542140251527,0.0120653346113007,-0.96598756313324,1.48640537261963,0.97967404127121,-0.0421214444201261,0.0725603205713616,-0.00129129118431053,-0.0465299401954304,-0.388700621460196,-0.0273099967405625,0.0908045742194133,0.2219219461195,-0.096658794808137,0,-0.221080459850663,0,0,10971.47,44.006817
0.043776313994321,-1.1788126682286,1.00756549835205,0.100528582930565,-0.00116658979095519,-1.73177820840944,-0.0986649833640668,0.169913392700576,-0.017966147622294,-0.130924500131824,0.0485466282202096,0.00706815167786167,-0.96598756313324,1.48640537261963,0.97967404127121,-0.0421214444201261,0.0725603205713616,-0.00129129118431053,-0.0465299401954304,-0.388700621460196,-0.0273099967405625,0.0908045742194133,0.2219219461195,-0.096658794808137,0,-0.213306569568221,0,0,10971.53,44.0734694
0.0377139065631656,-1.16873735411628,0.982287287712097,0.0525440834462643,0.0010768084321171,-1.73164898553957,-0.181872222934663,0.30225942336966,0.23883846275312,0.340213345266429,0.0137920557464961,0.00378470034564575,-0.96598756313324,1.48640537261963,0.97967404127121,-0.0421214444201261,0.0725603205713616,-0.00129129118431053,-0.0465299401954304,-0.388700621460196,-0.0273099967405625,0.0908045742194133,0.2219219461195,-0.096658794808137,0,-0.206570637939563,0,0,10971.6,44.1402167
0.0316514991320102,-1.15866204000396,0.982287287712097,0.0525440834462643,0.0010768084321171,-1.73164898553957,-0.181872222934663,0.30225942336966,0.0113345669935371,0.2381493416865,0.00965443902254725,0.00264929024195202,-0.96598756313324,1.48640537261963,0.97967404127121,-0.0421214444201261,0.0725603205713616,-0.00129129118431053,-0.0465299401954304,-0.388700621460196,-0.0273099967405625,0.0908045742194133,0.2219219461195,-0.096658794808137,0,-0.201606278848715,0,0,10971.67,44.2069274
0.0255890917008547,-1.14858672589163,0.982287287712097,0.0525440834462643,0.0010768084321171,-1.73164898553957,-0.181872222934663,0.30225942336966,0.0113345669935371,0.16670453918055,0.00675810731578307,0.00185450316936642,-0.96598756313324,1.48640537261963,0.97967404127121,-0.0421214444201261,0.0725603205713616,-0.00129129118431053,-0.0465299401954304,-0.388700621460196,-0.0273099967405625,0.0908045742194133,0.2219219461195,-0.096658794808137,0,-0.199035963377613,0,0,10971.73,44.2736559
0.0188532140751877,-1.13701481642108,0.979725420475006,0.0450578182935715,0.00453581707552075,-1.73082238832583,-0.20207632877001,0.347157284116738,0.00297025197869956,0.18406956380062,-0.0264004026695847,-0.00614122270514956,-0.96598756313324,1.48640537261963,0.97967404127121,-0.0421214444201261,0.0725603205713616,-0.00129129118431053,-0.0465299401954304,-0.388700621460196,-0.0273099967405625,0.0908045742194133,0.2219219461195,-0.096658794808137,0,-0.199360144791492,0,0,10971.8,44.3403922
0.0121173364495207,-1.12544290695052,0.979725420475006,0.0450578182935715,0.00453581707552075,-1.73082238832583,-0.20207632877001,0.347157284116738,-0.02008655315512,0.128848694660434,-0.0184802818687093,-0.00429885589360469,-0.96598756313324,1.48640537261963,0.97967404127121,-0.0421214444201261,0.0725603205713616,-0.00129129118431053,-0.0465299401954304,-0.388700621460196,-0.0273099967405625,0.0908045742194133,0.2219219461195,-0.096658794808137,0,-0.202915003151229,0,0,10971.87,44.4070951
0.00538145882385374,-1.11387099747996,0.979725420475006,0.0450578182935715,0.00453581707552075,-1.73082238832583,-0.20207632877001,0.347157284116738,-0.02008655315512,0.0901940862623039,-0.0129361973080965,-0.00300919912552329,-0.96598756313324,1.48640537261963,0.97967404127121,-0.0421214444201261,0.0725603205713616,-0.00129129118431053,-0.0465299401954304,-0.388700621460196,-0.0273099967405625,0.0908045742194133,0.2219219461195,-0.096658794808137,0,-0.209855092180083,0,0,10971.93,44.4738164
-0.00200436801067029,-1.10110426192365,0.979725420475006,0.0450578182935715,0.00453581707552075,-1.73082238832583,-0.221574805035721,0.383002066689262,-0.0187636544483992,0.0631358603836127,-0.00905533811566755,-0.0021064393878663,-0.96598756313324,1.48640537261963,0.97967404127121,-0.0421214444201261,0.0725603205713616,-0.00129129118431053,-0.0465299401954304,-0.388700621460196,-0.0273099967405625,0.0908045742194133,0.2219219461195,-0.096658794808137,0,-0.22012296071532,0,0,10972,44.5404927
-0.00939019484519433,-1.08833752636734,0.979725420475006,0.0450578182935715,0.00453581707552075,-1.73082238832583,-0.221574805035721,0.383002066689262,-0.0187636544483992,0.0441951022685289,-0.00633873668096728,-0.00147450757150641,-0.96598756313324,1.48640537261963,0.97967404127121,-0.0421214444201261,0.0725603205713616,-0.00129129118431053,-0.0465299401954304,-0.388700621460196,-0.0273099967405625,0.0908045742194133,0.2219219461195,-0.096658794808137,0,-0.233468824758997,0,0,10972.07,44.6071872
-0.0167462416462639,-1.07554712083073,0.988526940345764,0.0317433141171932,0.00226058065891266,-1.73409063020815,-0.220681404032086,0.383712166098314,-0.0959140515512246,0.150767109175375,0.0160400120727958,0.0283820216408635,-0.96598756313324,1.48640537261963,0.97967404127121,-0.0421214444201261,0.0725603205713616,-0.00129129118431053,-0.0465299401954304,-0.388700621460196,-0.0273099967405625,0.0908045742194133,0.2219219461195,-0.096658794808137,0,-0.249436330480071,0,0,10972.14,44.6739179
-0.0240054458646135,-1.06245024938809,0.994994521141052,0.0267346277832985,0.00233548996038735,-1.73421842256655,-0.21777612655049,0.392906143279318,-0.0867139447810716,0.150615153427815,0.0105538247376848,0.0210175463741904,-0.96598756313324,1.48640537261963,0.97967404127121,-0.0421214444201261,0.0725603205713616,-0.00129129118431053,-0.0465299401954304,-0.388700621460196,-0.0273099967405625,0.0908045742194133,0.2219219461195,-0.096658794808137,0,-0.267366490085644,0,0,10972.2,44.7406641
-0.0312646500829632,-1.04935337794545,0.994994521141052,0.0267346277832985,0.00233548996038735,-1.73421842256655,-0.21777612655049,0.392906143279318,-0.0285057176234788,0.10543060739947,0.00738767731637937,0.0147122824619333,-0.96598756313324,1.48640537261963,0.97967404127121,-0.0421214444201261,0.0725603205713616,-0.00129129118431053,-0.0465299401954304,-0.388700621460196,-0.0273099967405625,0.0908045742194133,0.2219219461195,-0.096658794808137,0,-0.286432880615842,0,0,10972.27,44.8074246
-0.0385238543013128,-1.0362565065028,0.994994521141052,0.0267346277832985,0.00233548996038735,-1.73421842256655,-0.21777612655049,0.392906143279318,-0.0285057176234788,0.0738014251796292,0.00517137412146556,0.0102985977233533,-0.96598756313324,1.48640537261963,0.97967404127121,-0.0421214444201261,0.0725603205713616,-0.00129129118431053,-0.0465299401954304,-0.388700621460196,-0.0273099967405625,0.0908045742194133,0.2219219461195,-0.096658794808137,0,-0.305641363721221,0,0,10972.33,44.874096
-0.0450472822008904,-1.02345326537732,1.01333022117615,0.0449160896241665,0.00717333797365427,-1.7336576620685,-0.195702836987327,0.384097233764372,-0.209697197593333,-0.111972158942072,-0.0399206702343764,0.00216217392392542,-0.96598756313324,1.48640537261963,0.97967404127121,-0.0421214444201261,0.0725603205713616,-0.00129129118431053,-0.0465299401954304,-0.388700621460196,-0.0273099967405625,0.0908045742194133,0.2219219461195,-0.096658794808137,0,-0.323958686768648,0,0,10972.4,44.9407673
