-0.00191327240003743,-0.000567648358250069,0.993172287940979,0.0143559854477644,0.00469840038567781,-1.64515292908883,-0.0286990860005614,-0.00851472537375103,0.00783141292133814,-0.0904427083209157,-0.0295999224297702,10.3644634532597,0.88418585062027,0.816731810569763,1.23861801624298,0.0283524535102836,0.00630741690752267,-0.0676224313515156,0.00283435643963917,0.0175700421399696,0.0682849726551102,0.000374037476386457,0.00101095168186139,-0.00165984481682481,0,0,0,0,11472.17,7.0450369
-0.00286990860005614,-0.000851472537375103,0.993172287940979,0.0143559854477644,0.00469840038567781,-1.64515292908883,-0.0286990860005614,-0.00851472537375103,0.00783141292133814,-0.063309895824641,-0.0207199457008392,7.25512441728176,0.882324635982513,0.815278947353363,1.23779201507568,0.0234564246153476,-0.00261904761456582,-0.0646198028689141,-0.0265887805394869,-0.0207551888058027,-0.0118000166757257,-0.0699432699279484,-0.127520921744651,0.0428946926087715,0,0,0,0,11472.24,7.112336
-0.00348810457869825,-0.00129304685692267,0.993172287940979,0.0143559854477644,0.00469840038567781,-1.64515292908883,-0.0185458793592632,-0.013247229586427,-0.00278801901962272,-0.0443169270772487,-0.0145039619905874,5.07858709209723,0.879088938236237,0.813340425491333,1.23517847061157,-0.00508645679068282,-0.0119667556098822,-0.0792709919662573,-0.0539282957701038,-0.0323086976997953,-0.0435590744009047,-0.475714690090123,-0.155795133251872,-0.24418648495039,0,0,0,0,11472.3,7.1790391
-0.00410617572439799,-0.00173515941730623,0.970308721065521,0.01131028868258,0.00585562037304044,-1.64400351311899,-0.0185421343709924,-0.0132633768115069,0.203009611596197,-0.00361057806741445,-0.0205677532796748,3.54466622073942,0.87709778547287,0.812510251998901,1.23528873920441,0.000353949733311209,-0.0113277408168661,-0.0795282810493077,-0.0284450394767854,-0.0118596213205013,0.00157526561192759,0.0777200932002378,0.00912878275741149,-0.00367555832930563,0,0,0,0,11472.37,7.2458384
-0.00472424687009774,-0.0021772719776898,0.970308721065521,0.01131028868258,0.00585562037304044,-1.64400351311899,-0.0185421343709924,-0.0132633768115069,-0.00276249028292324,-0.00252740464719012,-0.0143974272957724,2.4812663545176,0.874008595943451,0.810802161693573,1.23643624782562,0.0230793615991918,0.00385474988733003,-0.0730184531427288,-0.0441312789918827,-0.024401290076221,0.0163929803031513,0.324648740942502,0.21689272434656,0.0929975415229422,0,0,0,0,11472.44,7.3125893
-0.00534231801579749,-0.00261938453807336,0.970308721065521,0.01131028868258,0.00585562037304044,-1.64400351311899,-0.0185421343709924,-0.0132633768115069,-0.00276249028292324,-0.00176918325303308,-0.0100781991070407,1.73688644816232,0.872134208679199,0.809037029743195,1.23727607727051,0.0162751413834568,-0.00867234339055524,-0.0781202332380653,-0.0312397877377937,-0.02941886583989,0.013997157414873,-0.113403670263213,-0.208784887966527,-0.0850296682563313,0,0,0,0,11472.5,7.3798925
-0.00622366664727977,-0.00270264787502609,0.962854146957397,0.0103992745280266,0.00491449423134327,-1.64467537667489,-0.0264404589444684,-0.00249790010858199,0.0499970001852888,0.00696069911385757,0.00141539590034606,1.2218672857168,0.8687784075737,0.807638585567474,1.23802888393402,0.022215024054665,-0.00384459614843992,-0.0761614723815233,-0.047940015793046,-0.0199777739389433,0.0107543809073759,0.0848554667318981,0.0689678177447914,0.0279822979507163,0,0,0,0,11472.57,7.446607
-0.00710501527876205,-0.00278591121197883,0.962854146957397,0.0103992745280266,0.00491449423134327,-1.64467537667489,-0.0264404589444684,-0.00249790010858199,-0.0170941667878252,0.0048724893797003,0.000990777130242244,0.855307100001757,0.866428315639496,0.806565225124359,1.23714911937714,0.0164304853801326,-0.00454212822352433,-0.0769016192819448,-0.033572741917341,-0.0153337206159957,-0.012568065098406,-0.0826362667793779,-0.0099647439298187,-0.0105735271489217,0,0,0,0,11472.64,7.5132991
-0.00761788402487941,-0.00225545766901873,0.962854146957397,0.0103992745280266,0.00491449423134327,-1.64467537667489,-0.015386062383521,0.0159136062888029,-0.0285846692880671,0.00341074256579021,0.00069354399116957,0.59871497000123,0.863571047782898,0.805507600307465,1.23615217208862,0.00273024064817931,-0.00970182127822494,-0.0826663591995698,-0.0408181122362219,-0.0151089259553064,-0.014242104121306,-0.195717781880775,-0.0737099007798284,-0.082353427392845,0,0,0,0,11472.71,7.5800285
-0.00812853234757367,-0.00172492730028282,0.980635404586792,0.0124644292518497,0.00558488117530942,-1.64343798424936,-0.0153194496808278,0.0159159110620774,-0.188632885174054,-0.0161988727183545,-0.00554800170187665,0.407963947171027,0.861192584037781,0.80416613817215,1.2359174489975,-0.00135487390215525,-0.00985113233832542,-0.0831705431988629,-0.0396410624189563,-0.0223577022554388,-0.00391205151879135,-0.068085242506154,-0.00248851766836259,-0.00840306665495699,0,0,0,0,11472.77,7.6467754
-0.00863918067026793,-0.0011943969315469,0.980635404586792,0.0124644292518497,0.00558488117530942,-1.64343798424936,-0.0153194496808278,0.0159159110620774,-0.0286015665095033,-0.0113392109028481,-0.00388360119131366,0.285574763019719,0.858333766460419,0.802920341491699,1.23563551902771,0.0214134727642599,-0.0024344410138676,-0.0762327350174399,-0.0408402511053421,-0.0177970954350803,-0.00402757099698243,0.325262095235855,0.105952733206981,0.0991115454493125,0,0,0,0,11472.84,7.7134555
-0.00914982899296219,-0.000663866562810991,0.980635404586792,0.0124644292518497,0.00558488117530942,-1.64343798424936,-0.0153194496808278,0.0159159110620774,-0.0286015665095033,-0.0079374476319937,-0.00271852083391956,0.199902334113803,0.855541467666626,0.801612854003906,1.23518264293671,0.029983306069438,-0.00135328649624388,-0.0711415540080211,-0.0398899827686333,-0.0186783926828344,-0.00646965844293287,0.122426190074482,0.0154450645375459,0.0727311572777128,0,0,0,0,11472.91,7.7801395
-0.009180955808577,-0.000327160590054561,0.97174072265625,0.01017692591995,0.00463183782994747,-1.64241111542917,-0.000933804468444388,0.0101011791826929,0.0681289897449994,0.0150313166447012,0.00667442552451384,0.130689814497948,0.853091776371002,0.800305604934692,1.23281109333038,0.0111573075120757,-0.0093967719859863,-0.0816692202923062,-0.0408281882607429,-0.0217874844870827,-0.0395258267723896,-0.313766642625369,-0.134058091496845,-0.175461104739574,0,0,0,0,11472.97,7.8468304
-0.00921208262419182,9.54538270186794e-06,0.97174072265625,0.01017692591995,0.00463183782994747,-1.64241111542917,-0.000933804468444388,0.0101011791826929,-0.0119231476298786,0.0105219216512908,0.00467209786715969,0.0914828701485638,0.850586712360382,0.799555897712708,1.23392677307129,0.0312573451786521,0.000781659551676329,-0.0669754298567547,-0.0357866287223634,-0.0107101031709786,0.0159382820125916,0.287143395230538,0.145406164820578,0.209911291931869,0,0,0,0,11473.04,7.9135247
-0.00924320943980663,0.000346251355458297,0.97174072265625,0.01017692591995,0.00463183782994747,-1.64241111542917,-0.000933804468444388,0.0101011791826929,-0.0119231476298786,0.00736534515590359,0.00327046850701178,0.0640380091039947,0.848932981491089,0.798586964607239,1.23389160633087,0.0199607640804379,-0.00767708734599939,-0.0760669608263372,-0.0275621811551208,-0.0161488850912829,-0.000586112340296316,-0.188276351638502,-0.140979114962459,-0.151525516160994,0,0,0,0,11473.1,7.9802334
-0.00927379495538661,0.000683557186142151,0.958665013313293,0.0110763162374496,0.00575807364657521,-1.64236605431772,-0.00091756546739951,0.0101191749205156,0.105765097766391,-0.00293877124836423,-0.00784679439474142,0.0444210563697445,0.846269071102142,0.797913908958435,1.23412322998047,0.0222343030412264,-0.00536979461865515,-0.0727870810264788,-0.0380558626993944,-0.00961508069723585,0.0033089092799733,0.0324791280113999,0.0329613246764834,0.0468554257124565,0,0,0,0,11473.17,8.0469519
-0.00930438047096659,0.00102086301682601,0.958665013313293,0.0110763162374496,0.00575807364657521,-1.64236605431772,-0.00091756546739951,0.0101191749205156,-0.0119162863202177,-0.00205713987385496,-0.005492756076319,0.0310947394588211,0.842907547950745,0.796936750411987,1.23477816581726,0.0213758128482134,-0.0039168497288736,-0.0744640683677333,-0.0480217593058812,-0.0139594078064545,0.0093562262399245,-0.0122641456145222,0.0207563555683941,-0.0239569620180199,0,0,0,0,11473.24,8.1136317
-0.0102642888351422,0.00152024918691137,0.958665013313293,0.0110763162374496,0.00575807364657521,-1.64236605431772,-0.028797250925267,0.0149815851025609,-0.0121104025913703,-0.00143999791169847,-0.0038449292534233,0.0217663176211748,0.840569257736206,0.796232521533966,1.23582887649536,0.0218349782460514,-0.00729328925671238,-0.0747131869705357,-0.0334041459221185,-0.0100604125432024,0.0150101525443565,0.00655950568342761,-0.0482348503978974,-0.00355883718290619,0,0,0,0,11473.31,8.1803362
-0.0112258404020217,0.00201942679793451,0.954449117183685,0.00855967123061419,0.00590102700516582,-1.64197075631357,-0.0288465470063861,0.0149753283306941,0.0258864776376619,0.0216418065233302,-0.00397803070471173,0.0116787402974688,0.8383669257164,0.795876502990723,1.23701584339142,0.0268686148364586,-0.00674586959266548,-0.0728396464229499,-0.0367055336626306,-0.00593364238726062,0.0197827816005203,0.0838939431716214,0.00912366106724919,0.0312256757924147,0,0,0,0,11473.37,8.2470692
-0.0121873919689012,0.00251860440895764,0.954449117183685,0.00855967123061419,0.00590102700516582,-1.64197075631357,-0.0288465470063861,0.0149753283306941,-0.0120565875288115,0.0151492645663312,-0.00278462149329821,0.00817511820822819,0.834784924983978,0.795110106468201,1.23931133747101,0.024550397828611,-0.00288815574968262,-0.0791946554895254,-0.051171439034811,-0.0109485217503594,0.0327927725657055,-0.0331173858265323,0.0551101977571271,-0.0907858438085995,0,0,0,0,11473.44,8.3137889
-0.0131489435357808,0.00301778201998078,0.954449117183685,0.00855967123061419,0.00590102700516582,-1.64197075631357,-0.0288465470063861,0.0149753283306941,-0.0120565875288115,0.0106044851964318,-0.00194923504530875,0.00572258274575973,0.834216773509979,0.795640289783478,1.24168050289154,0.0243627083589851,-0.00858238411817876,-0.0728775918798397,-0.00946919123339744,0.00883638858802667,0.039486090342539,-0.00312815782712446,-0.0949038061424079,0.105284393495655,0,0,0,0,11473.5,8.3805213
-0.0137430850532573,0.00335007025092793,0.938767492771149,0.00999931711703539,0.00528166769072413,-1.64311993386483,-0.0178242455242971,0.00996864692841455,0.13083138582914,-0.00553367334028857,0.004209769298259,0.0143484058834576,0.830116510391235,0.794574856758118,1.24389445781708,0.0258753067179731,-0.00197553503022708,-0.0785358291599326,-0.0585751874108706,-0.015220471790922,0.0316279275078045,0.0216085479856331,0.0943835583997021,-0.0808319611445202,0,0,0,0,11473.57,8.4472456
-0.0143372265707339,0.00368235848187508,0.938767492771149,0.00999931711703539,0.00528166769072413,-1.64311993386483,-0.0178242455242971,0.00996864692841455,-0.0103032338836897,-0.003873571338202,0.0029468385087813,0.0100438841184203,0.827264189720154,0.793935298919678,1.24536168575287,0.0225965534082291,-0.00338275564414728,-0.08074961335382,-0.0407474381584772,-0.00913654054918001,0.0209603990828159,-0.0468393329965378,-0.0201031516275151,-0.0316254884842366,0,0,0,0,11473.64,8.5138706
-0.0156720707795172,0.00454226237149082,0.938767492771149,0.00999931711703539,0.00528166769072413,-1.64311993386483,-0.0400453262634994,0.0257971166884722,-0.0106655569262942,-0.0027114999367414,0.00206278695614691,0.00703071888289422,0.823925793170929,0.793709278106689,1.24620306491852,0.0186071476173222,0.00203891017264607,-0.0799752522237627,-0.0476913792735998,-0.00322886875690497,0.0120197023661578,-0.0569915112974266,0.0774523688096429,0.01106230185772,0,0,0,0,11473.71,8.5805856
-0.0170055510548535,0.00540454647397817,0.947803974151611,0.0113581726327538,0.00836027506738901,-1.64376390244699,-0.0400044082600876,0.0258685230746202,-0.091984380082868,-0.0141277495971851,-0.0262635155206811,0.0107172204574058,0.822741806507111,0.793586134910583,1.24902653694153,0.0203684937164274,-0.00159284920650409,-0.0794800029730073,-0.0197331110638068,-0.00205238660178337,0.0470578670505704,0.0293557683186699,-0.0605293229863497,0.0082541541793259,0,0,0,0,11473.77,8.647315
-0.0183390313301897,0.00626683057646551,0.947803974151611,0.0113581726327538,0.00836027506738901,-1.64376390244699,-0.0400044082600876,0.0258685230746202,-0.0106560476587042,-0.00988942471802958,-0.0183844608644767,0.00750205432018409,0.820375800132751,0.793619811534882,1.25112545490265,0.0178172803265423,-0.00549639203919,-0.0778933494125378,-0.0338000910624138,0.000481094632831939,0.0299845423018476,-0.0364459055699384,-0.0557648976100306,0.0226664794353738,0,0,0,0,11473.84,8.7140084
-0.019672511605526,0.00712911467895285,0.947803974151611,0.0113581726327538,0.00836027506738901,-1.64376390244699,-0.0400044082600876,0.0258685230746202,-0.0106560476587042,-0.00692259730262071,-0.0128691226051337,0.00525143802412886,0.817160904407501,0.7934849858284,1.25237500667572,0.0244404315998691,0.0019504681868895,-0.0786188637481329,-0.0535815954212922,-0.0022470951080513,0.0208258628846983,0.110385854556383,0.124114337102379,-0.0120919055933553,0,0,0,0,11473.9,8.7809821
-0.0206557087045463,0.00835497515811271,0.94885516166687,0.00881737656891346,0.00661268224939704,-1.64508950974679,-0.0294959129706104,0.0367758143747959,-0.0255580817319481,0.018021346462729,0.00671994953833415,0.0156064723151324,0.814949631690979,0.793439447879791,1.25449120998383,0.0226092319232682,0.000958105880314823,-0.0788834365095978,-0.031589610236163,-0.000650542122979825,0.0302314758302038,-0.0261599953801218,-0.0141766043796972,-0.00377961087808446,0,0,0,0,11473.97,8.8476459
-0.0216389058035667,0.00958083563727258,0.94885516166687,0.00881737656891346,0.00661268224939704,-1.64508950974679,-0.0294959129706104,0.0367758143747959,-0.016097394094619,0.0126149425239103,0.0047039646768339,0.0109245306205927,0.812605321407318,0.793442189693451,1.25710952281952,0.0284819067819256,-0.000956022926864711,-0.0793954246815919,-0.0334901469087103,3.91687665658303e-05,0.0374044690805172,0.0838953551218464,-0.027344697244825,-0.00731411674261347,0,0,0,0,11474.04,8.9144702
-0.022622102902587,0.0108066961164324,0.94885516166687,0.00881737656891346,0.00661268224939704,-1.64508950974679,-0.0294959129706104,0.0367758143747959,-0.016097394094619,0.00883045976673721,0.00329277527378373,0.00764717143441487,0.8104327917099,0.794224143028259,1.2582448720932,0.021078157280753,-0.00207846921619341,-0.0772958921710036,-0.0310361385346749,0.01117076192588,0.0162192753383766,-0.105767850017192,-0.0160349469904766,0.0299933215799567,0,0,0,0,11474.11,8.9810896
-0.0236034660926656,0.0120346564696685,0.96126264333725,0.00873437616974115,0.00741516007110476,-1.64659893777108,-0.0294408957023585,0.0368388105970817,-0.127743484918117,0.0069283254292668,-0.00491735770372092,0.0189378722227183,0.807555675506592,0.793892204761505,1.2590639591217,0.0239763580628755,0.00182073593736334,-0.0809410211838937,-0.0479519367222088,-0.00553230444594947,0.0136514504751728,0.0483033463691182,0.0649867525598308,-0.0607521502153507,0,0,0,0,11474.17,9.0480789
-0.0245848292827443,0.0132626168229046,0.96126264333725,0.00873437616974115,0.00741516007110476,-1.64659893777108,-0.0294408957023585,0.0368388105970817,-0.0160761498847006,0.00484982780048676,-0.00344215039260464,0.0132565105559028,0.805815398693085,0.794663667678833,1.26095032691956,0.0217009795247929,-0.00143978182970502,-0.0788232275589813,-0.0248610973359188,0.0110208988190155,0.0269481113979915,-0.0325054076870288,-0.0465788252440274,0.0302541946417314,0,0,0,0,11474.24,9.1148322
-0.0255187942882209,0.0139177887836959,0.96126264333725,0.00873437616974115,0.00741516007110476,-1.64659893777108,-0.0280189501642993,0.0196551588237404,-0.00742862985394223,0.00339487946034073,-0.00240950527482325,0.00927955738913199,0.804015398025513,0.795128464698792,1.26287317276001,0.0226658221493272,-0.00326486723792639,-0.0775337906635793,-0.0300000111255455,0.00774661699913918,0.0320474306735355,0.0160807104085543,-0.0304180901363588,0.0214906149228982,0,0,0,0,11474.3,9.181544
-0.0264519558021389,0.0145736439002315,0.950211346149445,0.00936995912343264,0.00702001992613077,-1.64749396111703,-0.0279948454175398,0.0196756534960671,0.0920151208988767,-0.00334383096098483,0.00186960761238967,0.0145509002859178,0.801574528217316,0.795897841453552,1.26437175273895,0.022944617710743,-0.000932582195423758,-0.0772891609305924,-0.0348695686886739,0.0109910964966277,0.0214082854135586,0.00398279373452785,0.0333183577501761,0.00349471047125581,0,0,0,0,11474.37,9.2481698
-0.0273851173160569,0.015229499016767,0.950211346149445,0.00936995912343264,0.00702001992613077,-1.64749396111703,-0.0279948454175398,0.0196756534960671,-0.00744655379136994,-0.00234068167268938,0.00130872532867277,0.0101856302001424,0.799184083938599,0.796288371086121,1.26672506332397,0.0200199323511433,-0.00316331381194052,-0.0783279212373433,-0.034149203981814,0.00557899475099976,0.0336187226433108,-0.0417812194230268,-0.0318675945218005,-0.0148394329536462,0,0,0,0,11474.44,9.3149408
-0.0283182788299749,0.0158853541333026,0.950211346149445,0.00936995912343264,0.00702001992613077,-1.64749396111703,-0.0279948454175398,0.0196756534960671,-0.00744655379136994,-0.00163847717088257,0.000916107730070936,0.00712994114009971,0.797581374645233,0.797232687473297,1.26849138736725,0.021301097819424,-0.00449241445823817,-0.076615305024827,-0.0228958470481735,0.0134902341025777,0.0252332006183038,0.0183023638326571,-0.0189871520900453,0.0244659458931925,0,0,0,0,11474.51,9.3820242
-0.0282370469016621,0.014877843838419,0.960410237312317,0.00673695839941502,0.00989324878901243,-1.65028798844552,0.00243695784938334,-0.0302253088465101,-0.111531903627259,0.0225500724965408,-0.0252177843548853,0.0301372047544907,0.795400977134705,0.798109233379364,1.26993572711945,0.0204439702672325,-0.0041140846476413,-0.077365087523479,-0.0363399585091179,0.0146090984345723,0.0240723292034921,-0.0142854592033124,0.00630549684333464,-0.0124963749776392,0,0,0,0,11474.57,9.4491598
-0.0281558149733493,0.0138703335435353,0.960410237312317,0.00673695839941502,0.00989324878901243,-1.65028798844552,0.00243695784938334,-0.0302253088465101,-0.0197418831614085,0.0157850507475785,-0.0176524490484197,0.0210960433281435,0.79349958896637,0.79970771074295,1.27129280567169,0.0304727821196755,-0.00133117851238487,-0.0759059447328632,-0.0271626881191838,0.0228353909084725,0.0193868364607391,0.143268740749782,0.0397558019324001,0.0208448970088835,0,0,0,0,11474.64,9.5158468
-0.028644729442665,0.0140548578823807,0.960410237312317,0.00673695839941502,0.00989324878901243,-1.65028798844552,-0.0146674340794698,0.00553573016536257,-0.0220459648736141,0.011049535523305,-0.0123567143338938,0.0147672303297004,0.791105210781097,0.800824463367462,1.27182495594025,0.0219648715743797,-0.00119309660647328,-0.0778839005121813,-0.0342054026459993,0.0159536089212477,0.00760214669347245,-0.121541579215859,0.00197259865583674,-0.0282565111324993,0,0,0,0,11474.71,9.5822977
-0.0291324391474622,0.014238181696348,0.972716271877289,0.00776855275034904,0.00813780911266804,-1.65176117684579,-0.0146312911439152,0.00549971441902027,-0.132816455113531,-0.00154967429209277,0.0071492570533739,0.0235957568332073,0.789671361446381,0.802237153053284,1.27238368988037,0.0250589274941381,-0.00548683079748413,-0.0754482970782989,-0.0238974889121495,0.0235448280972254,0.00931223233548758,0.0515675986630781,-0.0715622365174549,0.0405933905650519,0,0,0,0,11474.77,9.6492484
-0.0296201488522593,0.0144215055103154,0.972716271877289,0.00776855275034904,0.00813780911266804,-1.65176117684579,-0.0146312911439152,0.00549971441902027,-0.0220621440287832,-0.00108477200446494,0.00500447993736173,0.0165170297832451,0.787584066390991,0.803416788578033,1.27278327941895,0.022803223677684,-0.00427873420155813,-0.0777305899988164,-0.0298185007914012,0.0168519360679237,0.00570842197965543,-0.0322243402351928,0.0172585227990146,-0.0326041845789576,0,0,0,0,11474.84,9.715987
-0.0301078585570565,0.0146048293242827,0.972716271877289,0.00776855275034904,0.00813780911266804,-1.65176117684579,-0.0146312911439152,0.00549971441902027,-0.0220621440287832,-0.000759340403125458,0.00350313595615321,0.0115619208482716,0.785276114940643,0.804673492908478,1.27341961860657,0.0218644886010594,-0.00433823172697198,-0.0781903738074974,-0.0384658575061249,0.0209450721742501,0.0106056531271245,-0.0156455846105428,-0.000991625423572656,-0.00766306347808153,0,0,0,0,11474.9,9.782667
-0.0299940005780481,0.0140309025442989,0.969516813755035,0.007394605781883,0.0089896097779274,-1.65167367722726,0.00341573937025057,-0.0172178033995155,0.0175187799127248,0.00283398443400657,-0.005214010818027,0.00730584802701764,0.783051550388336,0.806448101997375,1.27313542366028,0.0188506501992758,-0.00365062182190372,-0.0781474339861438,-0.0317794936045197,0.0253515584129298,-0.00405992780414634,-0.0430548343113734,0.00982299864387316,0.000613426019339523,0,0,0,0,11474.97,9.8493344
-0.0298801425990398,0.013456975764315,0.969516813755035,0.007394605781883,0.0089896097779274,-1.65167367722726,0.00341573937025057,-0.0172178033995155,-0.011276343187556,0.0019837891038046,-0.0036498075726189,0.00511409361891235,0.781220376491547,0.808267593383789,1.27312576770782,0.0212106327325365,-0.0043756558913924,-0.0779996177870446,-0.0261596270964226,0.0259927340910551,-0.00013794217790575,0.0337140361887023,-0.010357629563898,0.00211165998708619,0,0,0,0,11475.04,9.9160725
-0.0297662846200314,0.0128830489843312,0.969516813755035,0.007394605781883,0.0089896097779274,-1.65167367722726,0.00341573937025057,-0.0172178033995155,-0.011276343187556,0.00138865237266322,-0.00255486530083323,0.00357986553323864,0.779245138168335,0.809802770614624,1.27294909954071,0.0214968683951712,-0.00429122722333207,-0.0779707559808653,-0.0329206387204739,0.0255862871807999,-0.00294446945192929,0.00477059437728688,0.0014071444676842,0.000481030102991871,0,0,0,0,11475.1,9.9827892
-0.0296514766654471,0.0123090876948387,0.976565837860107,0.00925903767347336,0.0090957460924983,-1.65174782540536,0.00344423863752952,-0.0172188386847742,-0.0747125367085308,-0.015807830363449,-0.0027436325417214,0.00317323947617232,0.777181625366211,0.811960101127625,1.27280032634735,0.0215964275001384,-0.00223782047207234,-0.0782012995639198,-0.02947875431618,0.0308190073287065,-0.00212533133371419,0.00142227292810848,0.0293343821609751,-0.00329347975793463,0,0,-1.3074832981822e-05,-1.3074832981822e-05,11475.17,10.0494958
-0.0295366687108628,0.0117351264053462,0.976565837860107,0.00925903767347336,0.0090957460924983,-1.65174782540536,0.00344423863752952,-0.0172188386847742,-0.0112713197628826,-0.0110654812544143,-0.00192054277920498,0.00222126763332063,0.775416612625122,0.814741849899292,1.2724781036377,0.0248673640184675,-0.00514613289636202,-0.072188508396727,-0.0252144677299458,0.0397392681668435,-0.00460318156653002,0.0467276645477525,-0.0415473203471681,0.0858970166745401,0,0,0.00541103710356589,0.00541103710356589,11475.24,10.1162221
-0.0290060858842123,0.0119204909229759,0.976565837860107,0.00925903767347336,0.0090957460924983,-1.65174782540536,0.0159174847995147,0.00556093552889036,-0.0240969715372399,-0.00774583687808999,-0.00134437994544348,0.00155488734332444,0.77269721031189,0.816686272621155,1.2717764377594,0.0168932565403724,-0.00577166121233382,-0.0775726530059835,-0.0388486044749104,0.0277774674552982,-0.0100237982614117,-0.113915821116118,-0.00893611879963427,-0.0769163515611273,0,0,0.0106843280265354,0.0106843280265354,11475.31,10.1829458
-0.028475300783755,0.0121047833394521,0.992671728134155,0.00918512232601643,0.00891486834734678,-1.65339195992685,0.0159235530137183,0.00552877249428494,-0.169051645889818,-0.0047568476875506,0.00068683374455324,0.0158856318336865,0.77045875787735,0.818546235561371,1.27114951610565,0.0158509723775868,-0.0031007082332349,-0.0776577413714553,-0.0373075405748489,0.0309993823362578,-0.0104486942288979,-0.017371402712715,0.0445158829840102,-0.00141813942450001,0,0,0.0156585823240255,0.0156585823240255,11475.37,10.2496134
-0.0279445156832978,0.0122890757559282,0.992671728134155,0.00918512232601643,0.00891486834734678,-1.65339195992685,0.0159235530137183,0.00552877249428494,-0.0240986334233872,-0.00332979338128542,0.000480783621187268,0.0111199422835805,0.770156919956207,0.822071611881256,1.27333188056946,0.0164400015286208,-0.00787148677467643,-0.0695986024783463,-0.00431197030205476,0.050362518855713,0.0311766351973604,0.00841470215766459,-0.0681539791637338,0.115130555616323,0,0,0.0202103280969049,0.0202103280969049,11475.44,10.3163318
-0.0274137305828405,0.0124733681724044,0.992671728134155,0.00918512232601643,0.00891486834734678,-1.65339195992685,0.0159235530137183,0.00552877249428494,-0.0240986334233872,-0.0023308553668998,0.000336548534831087,0.00778395959850638,0.766077816486359,0.824071109294891,1.27642333507538,0.0149399239326307,-0.00268578530569444,-0.0769860410488298,-0.0582729067123656,0.0285642487663367,0.0441636357990466,-0.0214296799428054,0.0740814495571936,-0.105534836721632,0,0,0.0242215297147953,0.0242215297147953,11475.51,10.3830327
-0.0271536333362405,0.012049533575992,0.980342864990234,0.00859552249312401,0.00938295014202595,-1.6531187322352,0.00780291739800002,-0.0127150378923724,0.0784329315496954,0.00367479973920191,-0.00397715217773072,0.00298972249410095,0.765954375267029,0.826634526252747,1.28180527687073,0.0153367745401198,-0.00959617787041551,-0.0665247298394974,-0.0020573536555147,0.0427236159646164,0.0896990299232468,0.00661417679154091,-0.115173209412996,0.174355186823685,0,0,0.0276020322745572,0.0276020322745572,11475.57,10.4497014
-0.0268935360896405,0.0116256989795796,0.980342864990234,0.00859552249312401,0.00938295014202595,-1.6531187322352,0.00780291739800002,-0.0127150378923724,-0.0325268367455927,0.00257235981744133,-0.00278400652441151,0.00209280574587066,0.763741493225098,0.828585207462311,1.28974151611328,0.0153868130329947,-0.0054986249553434,-0.0672762485341074,-0.0316126005991479,0.0278668744224617,0.113374846322667,0.000714835612502353,0.0585364702155593,-0.0107359813516155,0,0,0.0302927073520247,0.0302927073520247,11475.64,10.5164267
-0.0261348251881342,0.0104532598967937,0.980342864990234,0.00859552249312401,0.00938295014202595,-1.6531187322352,0.0227613270451889,-0.0351731724835761,-0.0874578410562926,0.00180065187220893,-0.00194880456708805,0.00146496402210946,0.761265814304352,0.830792427062988,1.29787087440491,0.0216327965852202,-0.0060727851936066,-0.0652056986390041,-0.0353668417241687,0.0315317085804187,0.116133689877836,0.0892283364584166,-0.00820228911786673,0.029579284215116,0,0,0.0322549163382959,0.0322549163382959,11475.71,10.5831053
-0.0253682854541595,0.00928046989415163,0.993493497371674,0.0109987687319517,0.00986082479357719,-1.65506422784066,0.0229961920192418,-0.0351837000792626,-0.205781345985162,-0.0203687598389031,-0.00566503506092286,0.0185349352646954,0.758972883224487,0.832773089408875,1.30634534358978,0.0167402745474288,-0.00568550210662187,-0.0650475436134916,-0.0382155179980661,0.0330110390983841,0.141241153082457,-0.0815420339638823,0.00645471811646695,0.00263591709189741,0,0,0.0334869762771706,0.0334869762771706,11475.77,10.6498392
-0.0246017457201847,0.00810767989150954,0.993493497371674,0.0109987687319517,0.00986082479357719,-1.65506422784066,0.0229961920192418,-0.0351837000792626,-0.0874256545522089,-0.0142581318872322,-0.003965524542646,0.0129744546852868,0.756837785243988,0.835201859474182,1.31712794303894,0.0199264501821642,-0.00860532581953605,-0.060190774326147,-0.0305013997215449,0.0346967152188245,0.154037134988608,0.0455167947821231,-0.0417117673275188,0.0693824183909261,0,0,0.0340115836262285,0.0340115836262285,11475.84,10.7165415
-0.02383520598621,0.00693488988886745,0.993493497371674,0.0109987687319517,0.00986082479357719,-1.65506422784066,0.0229961920192418,-0.0351837000792626,-0.0874256545522089,-0.00998069232106252,-0.0027758671798522,0.00908211827970073,0.753908514976501,0.837266147136688,1.32712173461914,0.0127933092048672,-0.00105374130270769,-0.0625648831149447,-0.041846718107125,0.0294898237502098,0.142768451146311,-0.101902013961809,0.107879778812282,-0.0339158398401083,0,0,0.0338812300472654,0.0338812300472654,11475.91,10.7832764
-0.024386433228898,0.00538762858697162,1.02570557594299,0.0125452550128102,0.0109159825369716,-1.66219103600717,-0.0165368172806403,-0.0464178390568749,-0.414062646851195,-0.0209048611524704,-0.0114395267164459,0.0704987562943257,0.75214546918869,0.839466452598572,1.3378427028656,0.0140774869783081,0.000488541989102051,-0.0583318679478487,-0.0293840964637708,0.0366717576983704,0.178682804109183,0.021402962890862,0.0257047215303805,0.0705502527855317,0,0,0.0331716066239065,0.0331716066239065,11475.97,10.8500098
-0.024937660471586,0.00384036728507579,1.02570557594299,0.0125452550128102,0.0109159825369716,-1.66219103600717,-0.0165368172806403,-0.0464178390568749,-0.124153939709319,-0.0146334028067293,-0.00800766870151214,0.049349129406028,0.75073379278183,0.842183113098145,1.35063540935516,0.0170311561426467,-0.00489794155498737,-0.0522564816276559,-0.0201668058118505,0.0388094357073351,0.182752949846911,0.0421952737753447,-0.0769497649138836,0.0867912331437166,0,0,0.0319786179841267,0.0319786179841267,11476.04,10.9167404
-0.025488887714274,0.00229310598317996,1.02570557594299,0.0125452550128102,0.0109159825369716,-1.66219103600717,-0.0165368172806403,-0.0464178390568749,-0.124153939709319,-0.0102433819647105,-0.0056053680910585,0.0345443905842196,0.749090492725372,0.844702899456024,1.36283195018768,0.0161643712695996,-0.00622931813062034,-0.0449301856363036,-0.0234757150923479,0.0359969479698588,0.174236297608146,-0.0123826410435806,-0.0190196653662643,0.104661371305469,0,0,0.0304136386867826,0.0304136386867826,11476.11,10.9834325
-0.026067971018145,0.000741570925080108,1.04699957370758,0.0112808104604483,0.00887242518365383,-1.67462218072152,-0.0173724991161283,-0.0465460517429955,-0.315720453629456,0.00420963359596034,0.0144682585161187,0.136061375838153,0.747664093971252,0.846554398536682,1.37355375289917,0.0194732614008296,-0.0091456984256716,-0.0403698468875158,-0.0237733125688664,0.0308583180112279,0.17869671185963,0.0551481688543014,-0.0486063382512669,0.0760056458137743,0,0,0.0285937270041605,0.0285937270041605,11476.17,11.050174
-0.0266470543220159,-0.000809964133019743,1.04699957370758,0.0112808104604483,0.00887242518365383,-1.67462218072152,-0.0173724991161283,-0.0465460517429955,-0.12407447374817,0.00294674351717224,0.0101277809612831,0.095242963086707,0.744612336158752,0.84857302904129,1.38506054878235,0.0165426778125896,-0.000410715245223111,-0.0390558716228626,-0.0435965401787527,0.0288375786373792,0.164382798331808,-0.0418654798321746,0.124785474006926,0.0187710752094096,0,0,0.0266431856910016,0.0266431856910016,11476.24,11.1168767
-0.0265150396275117,-0.00101250089565634,1.04699957370758,0.0112808104604483,0.00887242518365383,-1.67462218072152,0.00396044083512746,-0.00607610287909803,-0.108432863243778,0.00206272046202057,0.00708944667289816,0.0666700741606949,0.743090271949768,0.850763618946075,1.3957200050354,0.0198776900127261,-0.00667843437028492,-0.0316361931539344,-0.0217437744141529,0.0312941414970609,0.152277946472801,0.0476430314307199,-0.0895388446441125,0.105995406699415,0,0,0.024679408940824,0.024679408940824,11476.31,11.1835929
-0.0263803770412337,-0.00120991896196942,1.0743008852005,0.0121977347880602,0.0103492774069309,-1.68912852074838,0.00403987758833834,-0.00592254198939212,-0.354147393824499,-0.00680841462509292,-0.00832905733846512,0.177226112154186,0.740231871604919,0.852344274520874,1.40237486362457,0.015861828468948,0.000555191048950283,-0.0316371956986944,-0.0476400057464373,0.0263442595794014,0.110914309817118,-0.0669310257281738,0.120560423651289,-1.67090793335626e-05,0,0,0.0228136878206563,0.0228136878206563,11476.37,11.2502805
-0.0262457144549558,-0.00140733702828249,1.0743008852005,0.0121977347880602,0.0103492774069309,-1.68912852074838,0.00403987758833834,-0.00592254198939212,-0.108435590388219,-0.00476589023756504,-0.00583034013692558,0.12405827850793,0.739760220050812,0.855362772941589,1.41215801239014,0.0203367657037374,-0.00626931160986145,-0.0219591027460962,-0.00673787934442324,0.0431214060103983,0.139759268080066,0.0639276747829715,-0.0974928951262873,0.138258470751978,0,0,0.0211406718890138,0.0211406718890138,11476.44,11.3170056
-0.0261110518686778,-0.00160475509459556,1.0743008852005,0.0121977347880602,0.0103492774069309,-1.68912852074838,0.00403987758833834,-0.00592254198939212,-0.108435590388219,-0.00333612316629553,-0.00408123809584791,0.086840794955551,0.73704320192337,0.857468903064728,1.41977500915527,0.0187669041683698,-0.00409613797804215,-0.0212491832514116,-0.0388145446778958,0.0300875731878169,0.108814239502406,-0.0224265933624883,0.0310453375975477,0.0101417070669645,0,0,0.0197409743299884,0.0197409743299884,11476.51,11.3836931
-0.0266253871259468,-0.00232793483932476,1.11591947078705,0.0106114633381367,0.00979856681078672,-1.70164621140695,-0.01543005771807,-0.021695392341876,-0.472633921843951,0.0119411568329048,0.00209952869820426,0.17344777239601,0.734280049800873,0.858647525310516,1.42504858970642,0.0135502369476206,-0.000882492556546949,-0.0215488313325147,-0.0460525353753502,0.019643704096643,0.0878930091865371,-0.0869444536798903,0.0535607570253746,-0.00499413468509272,0,0,0.018671079553575,0.018671079553575,11476.57,11.450424
-0.0271397223832158,-0.00305111458405396,1.11591947078705,0.0106114633381367,0.00979856681078672,-1.70164621140695,-0.01543005771807,-0.021695392341876,-0.0980666515650204,0.00835880978303334,0.00146967008874298,0.121413440677207,0.733389616012573,0.861794590950012,1.43386042118073,0.0176296077493596,-0.00575626672281698,-0.0120877097648928,-0.0127204826900466,0.0449580805644133,0.125883306776298,0.0582767257393709,-0.0696253452327185,0.135158879538017,0,0,0.0179679241202374,0.0179679241202374,11476.64,11.517136
-0.0276540576404848,-0.00377429432878316,1.11591947078705,0.0106114633381367,0.00979856681078672,-1.70164621140695,-0.01543005771807,-0.021695392341876,-0.0980666515650204,0.00585116684812334,0.00102876906212009,0.0849894084740448,0.730811715126038,0.863065600395203,1.44158101081848,0.0179028370586475,-0.00226953836034441,-0.0138267193044448,-0.0368271555211339,0.0181572777880384,0.110294137679826,0.00390327584688461,0.0498104051770923,-0.0248429934216301,0,0,0.0176440359424807,0.0176440359424807,11476.71,11.5838711
-0.0292272287979337,-0.00447088855407453,1.12957119941711,0.0120066069066525,0.00915997475385666,-1.711324575207,-0.0471951347234651,-0.020897826758741,-0.207117297835644,-0.00846047532295566,0.00646746685585465,0.146597860132271,0.728731155395508,0.864577114582062,1.44802093505859,0.0141491568075134,-0.0026922235639089,-0.010707207422161,-0.0346759955091241,0.0251919031145327,0.10733207066945,-0.0625613375194321,-0.00704475339280133,0.0519918647051715,0,0,0.0176904602035267,0.0176904602035267,11476.77,11.6505483
-0.0308003999553825,-0.00516748277936589,1.12957119941711,0.0120066069066525,0.00915997475385666,-1.711324575207,-0.0471951347234651,-0.020897826758741,-0.0842517401650508,-0.00592233272606896,0.00452722679909825,0.10261850209259,0.725767076015472,0.865633070468903,1.45418584346771,0.0209715889207479,0.00253610129408652,-0.0118181543785155,-0.0423439911435389,0.0150850840977887,0.0880701201306326,0.0974633159037547,0.0746903551145309,-0.0158706708051304,0,0,0.0180778388046146,0.0180778388046146,11476.84,11.71723
-0.0323735711128314,-0.00586407700465726,1.12957119941711,0.0120066069066525,0.00915997475385666,-1.711324575207,-0.0471951347234651,-0.020897826758741,-0.0842517401650508,-0.00414563290824827,0.00316905875936878,0.0718329514648127,0.723775327205658,0.86743950843811,1.46202492713928,0.021620624162506,0.0014251216659275,-0.00730860334737627,-0.0284535544260391,0.0258062567030753,0.11198690959432,0.0092719320251542,-0.0158711375451949,0.0644221575879718,0,0,0.0187609942918624,0.0187609942918624,11476.91,11.7839579
-0.0328399882636527,-0.00602832562357576,1.14463412761688,0.00947041902691126,0.00880562514066696,-1.7172158982966,-0.0139925145246416,-0.00492745856755502,-0.206253272445696,0.0199237478818969,0.00540748765026542,0.103304973831765,0.721683144569397,0.869495332241058,1.47077119350433,0.0199596034713927,0.00138251884334918,-0.00756701244068201,-0.0298883233752812,0.0293689114708078,0.124946662358395,-0.0237288670160025,-0.000608611751121344,-0.00369155847581154,0,0,0.0196807725425594,0.0196807725425594,11476.98,11.8506662
-0.0333064054144741,-0.00619257424249426,1.14463412761688,0.00947041902691126,0.00880562514066696,-1.7172158982966,-0.0139925145246416,-0.00492745856755502,-0.0706869186477833,0.0139466235173279,0.00378524135518579,0.0723134816822357,0.719872713088989,0.870747983455658,1.47720515727997,0.0150392676206165,0.00062493457015567,-0.00600762268513956,-0.0301738580061366,0.0208775202428711,0.107232729591572,-0.0820055975111478,-0.0126264045529495,0.0259898292584735,0,0,0.0207697868684986,0.0207697868684986,11477.04,11.9173372
-0.0337728225652955,-0.00635682286141277,1.14463412761688,0.00947041902691126,0.00880562514066696,-1.7172158982966,-0.0139925145246416,-0.00492745856755502,-0.0706869186477833,0.0097626364621295,0.00264966894863006,0.050619437177565,0.718238532543182,0.872865319252014,1.48514008522034,0.00747300903772902,-0.00198924733115377,-0.00585317520636248,-0.0233454363687668,0.0302476542337858,0.113356113434309,-0.108089408327413,-0.0373454557331473,0.00220639255396751,0,0,0.0219585836526194,0.0219585836526194,11477.11,11.9840188
-0.0342332893914287,-0.0065189375379825,1.17758536338806,0.0116366362199187,0.00873133260756731,-1.72468889023996,-0.0138140047839969,-0.00486344029709212,-0.367267414645644,-0.0126621092135766,0.0025234010619379,0.10269053351453,0.716434836387634,0.873765408992767,1.49229609966278,0.00597359332035436,-0.000432017678082885,-0.00128162834756921,-0.0300616025927234,0.0150014956793469,0.119266907375077,-0.0249902619564564,0.0259538275514018,0.0761924476472012,0,0,0.0231787767432726,0.0231787767432726,11477.17,12.0507139
-0.034693756217562,-0.00668105221455224,1.17758536338806,0.0116366362199187,0.00873133260756731,-1.72468889023996,-0.0138140047839969,-0.00486344029709212,-0.070706292705031,-0.0088634764495036,0.00176638074335653,0.0718833734601709,0.714335322380066,0.8759446144104,1.49944269657135,0.00551171317695803,-0.00323651964973785,-0.00255215834988267,-0.0299930572511013,0.031131505966316,0.102094241551415,-0.00659828776283227,-0.0400643138809519,-0.0181504286045535,0,0,0.0243679684301161,0.0243679684301161,11477.24,12.1174061
-0.0351542230436952,-0.00684316689112198,1.17758536338806,0.0116366362199187,0.00873133260756731,-1.72468889023996,-0.0138140047839969,-0.00486344029709212,-0.070706292705031,-0.00620443351465252,0.00123646652034957,0.0503183614221196,0.71226567029953,0.877790808677673,1.50654315948486,0.0070415211184242,-0.00531954918974937,-0.0012151193149196,-0.0295664582934928,0.0263742038182946,0.101435184479181,0.0218543991638934,-0.029757564857431,0.019100557642409,0,0,0.0254746284894015,0.0254746284894015,11477.31,12.184093
-0.0338828211478858,-0.00698975454266418,1.21256542205811,0.00946354772895575,0.0084645664319396,-1.73015511300302,0.0381420568742837,-0.00439762954626604,-0.414293458446063,0.0152146929584101,0.00326642214489408,0.0844188578630375,0.710146009922028,0.880044996738434,1.51276862621307,0.00385143980943478,-0.0035031091484553,-0.00131169007764127,-0.0353276729576029,0.0375698010118549,0.103757778801243,-0.0531680218153298,0.0302740006875736,-0.00160951271199274,0,0,0.0264617344275506,0.0264617344275506,11477.37,12.2508034
-0.0326114192520763,-0.00713634219420638,1.21256542205811,0.00946354772895575,0.0084645664319396,-1.73015511300302,0.0381420568742837,-0.00439762954626604,-0.0994729304156671,0.0106502850708871,0.00228649550142585,0.0590932005041262,0.708575546741486,0.881109476089478,1.52001547813416,0.00926471611879392,-0.00232050516504224,0.00625808678197162,-0.0224351882935503,0.0152068478721161,0.103526456015881,0.0773325187054521,0.0168943426202569,0.108139669423491,0,0,0.0273081803718894,0.0273081803718894,11477.44,12.317535
-0.0313400173562668,-0.00728292984574858,1.21256542205811,0.00946354772895575,0.0084645664319396,-1.73015511300302,0.0381420568742837,-0.00439762954626604,-0.0994729304156671,0.00745519954962094,0.0016005468509981,0.0413652403528883,0.706011176109314,0.882537305355072,1.52652883529663,0.00786133683994157,0.0106303023680833,0.0153283904835512,-0.0366338661740328,0.0203975609371488,0.0930479594643238,-0.0200482754122598,0.185011536188277,0.129575767165961,0,0,0.0280106748929886,0.0280106748929886,11477.51,12.3842753
-0.0305590798694016,-0.00747500153093154,1.23543405532837,0.00946354772895575,0.0084645664319396,-1.73015511300302,0.0234281246059578,-0.00576215055548881,-0.295479483125619,0.00521863968473466,0.00112038279569867,0.0289556682470218,0.704843521118164,0.885019838809967,1.53155910968781,0.0003388147628125,0.0136382721131886,0.0109328339505507,-0.0194609165193302,0.0413755575819349,0.0838379065202836,-0.125375367953215,0.0501328290855137,-0.0732592755506292,0,0,0.0285838505681947,0.0285838505681947,11477.57,12.4509751
-0.0297781423825363,-0.0076670732161145,1.23543405532837,0.00946354772895575,0.0084645664319396,-1.73015511300302,0.0234281246059578,-0.00576215055548881,-0.0896617836932456,0.00365304777931426,0.000784267956989067,0.0202689677729153,0.702514886856079,0.886880993843079,1.5389244556427,0.0071235497703589,0.0138426442679855,0.0180326826169072,-0.0332662037442092,0.0265879290445616,0.105219227927509,0.0969247858224945,0.00291960221139613,0.1014264095198,0,0,0.02906140947946,0.02906140947946,11477.64,12.5178486
-0.0289946421378839,-0.00785550898340668,1.23543405532837,0.0100015429779887,0.0104892607778311,-1.73593342568612,0.0235050073395734,-0.00565307301876529,-0.0896553260301821,-0.00228482379577679,-0.0176732615431309,0.0661930915889899,0.699575185775757,0.887922465801239,1.5448682308197,-0.002132386756744,0.0124767484867146,0.0170454528247698,-0.0419957297179728,0.0148781708305381,0.0849110739553173,-0.132227664670012,-0.0195127968748734,-0.0141032827445126,0,0,0.0294881543833831,0.0294881543833831,11477.71,12.5845834
-0.0292657438083085,-0.00825912169203776,1.24785768985748,0.011595812626183,0.0104211652651429,-1.7435454156611,-0.00813305011273764,-0.0121083812589324,-0.197099559135212,-0.0159478034907926,-0.0117584234659982,0.114843073887073,0.697746574878693,0.890735983848572,1.55387341976166,-0.00655913183515713,0.0160732159264426,0.0163283025725723,-0.0261230128153116,0.0401931149620637,0.128645556314186,-0.0632392154061648,0.0513781062820423,-0.010245003602863,0,0,0.0299235635709167,0.0299235635709167,11477.78,12.651269
-0.029536845478733,-0.00866273440066884,1.24785768985748,0.011595812626183,0.0104211652651429,-1.7435454156611,-0.00813305011273764,-0.0121083812589324,-0.0852868483731876,-0.0111634624435548,-0.00823089642619875,0.0803901517209513,0.69529926776886,0.892608821392059,1.56272268295288,0.00646445668481487,0.0217012314609483,0.0187921717720542,-0.0407884518308923,0.0312139590583908,0.147487719854971,0.217059808668043,0.0938002589092257,0.0410644866583799,0,0,0.030434788715795,0.030434788715795,11477.84,12.718021
-0.0298079471491576,-0.00906634710929992,1.24785768985748,0.011595812626183,0.0104211652651429,-1.7435454156611,-0.00813305011273764,-0.0121083812589324,-0.0852868483731876,-0.00781442371048836,-0.00576162749833913,0.0562731062046659,0.692346155643463,0.892491102218628,1.57402455806732,-0.00361902195362071,0.0113928028067595,0.0345082288977311,-0.0421873160772715,-0.00168170247759837,0.161455358778399,-0.144049694835393,-0.147263266489025,0.224515101796317,0,0,0.0310949112380389,0.0310949112380389,11477.91,12.7851287
-0.0306043018688631,-0.00984488192868147,1.26708674430847,0.00978118646889925,0.00800883304327726,-1.75131619240976,-0.0238906415911639,-0.0233560445814467,-0.293074451088567,0.0108615388182122,0.0176778507479535,0.109328165081181,0.69054788351059,0.894654870033264,1.58531260490417,0.000706651404963636,0.0107178466693386,0.0373035155711976,-0.0299712022148133,0.03606279691091,0.188134113949147,0.0720945559770177,-0.0112492689571101,0.0465881112248379,0,0,0.0319642223920669,0.0319642223920669,11477.97,12.8518425
-0.0314006565885686,-0.010623416748063,1.26708674430847,0.00978118646889925,0.00800883304327726,-1.75131619240976,-0.0238906415911639,-0.0233560445814467,-0.120012961029668,0.00760307717274854,0.0123744955235675,0.0765297155568268,0.688351511955261,0.897876679897308,1.59830272197723,-0.00294853616647508,0.0140529690447037,0.0212709582339885,-0.0313767365040061,0.0460258551996266,0.18557310103965,-0.0522169653051276,0.0476446053613181,-0.229036533383703,0,0,0.0331058056856775,0.0331058056856775,11478.04,12.9185149
-0.032197011308274,-0.0114019515674446,1.26708674430847,0.00978118646889925,0.00800883304327726,-1.75131619240976,-0.0238906415911639,-0.0233560445814467,-0.120012961029668,0.00532215402092398,0.00866214686649722,0.0535708008897788,0.686369299888611,0.900451064109802,1.61154198646545,-0.0096336334961019,0.012081569899412,0.0284879030689683,-0.0283173152379805,0.0367769173214943,0.189132349832504,-0.0955013904236374,-0.0281628449328553,0.103099211928712,0,0,0.0345713150012742,0.0345713150012742,11478.11,12.9852853
-0.0329906834414238,-0.0121784784529812,1.29633069038391,0.0113120377063751,0.00764367077499628,-1.75842488076425,-0.0238101639944944,-0.0232958065660971,-0.383222048641478,-0.0100521533226361,0.0093499632210769,0.101477755813275,0.6840860247612,0.902587056159973,1.62569582462311,-0.00538515769234976,0.0106482603567549,0.0304093330411105,-0.0326182161060055,0.0305141721454254,0.202197687967324,0.0606925114824258,-0.0204758506094728,0.0274489996021443,0,0,0.0363906524964052,0.0363906524964052,11478.18,13.0519966
-0.0337843555745736,-0.0129550053385177,1.29633069038391,0.0113120377063751,0.00764367077499628,-1.75842488076425,-0.0238101639944944,-0.0232958065660971,-0.120026533962523,-0.00703650732584525,0.00654497425475383,0.0710344290692924,0.682088315486908,0.904863655567169,1.63761782646179,-0.00607591251189271,0.00844999730584741,0.0318789231903585,-0.0332951545718158,0.0379433234535895,0.198700030646421,-0.0115125803258136,-0.0366377175154351,0.0244931691543426,0,0,0.0385635253003719,0.0385635253003719,11478.24,13.1182772
-0.0345780277077235,-0.0137315322240543,1.29633069038391,0.0113120377063751,0.00764367077499628,-1.75842488076425,-0.0238101639944944,-0.0232958065660971,-0.120026533962523,-0.00492555512809167,0.00458148197832768,0.0497241003485047,0.680055141448975,0.907151222229004,1.65272080898285,-0.00548812876817932,0.0118743116722982,0.040142797163185,-0.0290453433991686,0.0326795237406318,0.215756893158856,0.00839691062451201,0.0489187766637859,0.118055342469441,0,0,0.0411438050951259,0.0411438050951259,11478.31,13.185802
-0.0334762476404753,-0.0156131314797953,1.32406175136566,0.0129020372405648,0.00784636568278074,-1.77034199502206,0.0330534020174443,-0.0564479776722294,-0.387001636632856,-0.0177578843973715,0.00138278321476922,0.142060898564266,0.677690982818604,0.909398674964905,1.66556799411774,-0.00659900862486314,0.0154440425121474,0.05798899095487,-0.0394026438386582,0.0374575455975304,0.214119752243454,-0.0185146642776596,0.0594955139961879,0.297436563188257,0,0,0.0440244215370673,0.0440244215370673,11478.37,13.2524849
-0.0323744675732272,-0.0174947307355363,1.32406175136566,0.0129020372405648,0.00784636568278074,-1.77034199502206,0.0330534020174443,-0.0564479776722294,-0.137422087797102,-0.01243051907816,0.000967948250338452,0.099442628994986,0.676490545272827,0.911529839038849,1.68134522438049,-0.00519093714750792,0.0171347626987273,0.0602088817888052,-0.0171491077968765,0.0304452010564707,0.225389003754599,0.0201153068194439,0.0241531455226711,0.0317127261992061,0,0,0.0471835980840284,0.0471835980840284,11478.44,13.3191953
-0.031272687505979,-0.0193763299912772,1.32406175136566,0.0129020372405648,0.00784636568278074,-1.77034199502206,0.0330534020174443,-0.0564479776722294,-0.137422087797102,-0.00870136335471203,0.000677563775236916,0.0696098402964902,0.672926604747772,0.913807928562164,1.69604086875916,0.0163310438804267,0.00689211013571653,0.0552581730601846,-0.050913436072425,0.0325441360474986,0.209937776838903,0.307456871828915,-0.14632360804362,-0.0707244104091597,0,0,0.0505469000943707,0.0505469000943707,11478.51,13.3859258
-0.0317903320537749,-0.0199889167984791,1.37073612213135,0.0129020372405648,0.00784636568278074,-1.77034199502206,-0.0155293364338759,-0.0183776042160559,-0.589235169063616,-0.00609095434829842,0.000474294642665841,0.0487268882075432,0.670812845230103,0.916408240795135,1.71516573429108,0.00919841821907812,-0.00624763447167569,0.0688307123662642,-0.0301965645382638,0.0371473176140286,0.27321236474287,-0.101894652305403,-0.187710637249241,0.193893418659087,0,0,0.0540175303943047,0.0540175303943047,11478.58,13.4526016
-0.0323079766015708,-0.020601503605681,1.37073612213135,0.0129020372405648,0.00784636568278074,-1.77034199502206,-0.0155293364338759,-0.0183776042160559,-0.169165832172442,-0.00426366804380889,0.000332006249866089,0.0341088217452802,0.66869443655014,0.917130351066589,1.729008436203,0.0002232591996108,-0.00531636620252544,0.0655692056832502,-0.0353068113330023,0.0120351711909998,0.230711698534063,-0.149585983659058,0.0155211378193027,-0.0543584447173617,0,0,0.0575054188213078,0.0575054188213078,11478.64,13.5195652
-0.032812889745553,-0.0212126477747841,1.37073612213135,0.0156677030026913,0.00767727475613356,-1.78469383980966,-0.0151473943194662,-0.0183343250730943,-0.169185101343924,-0.0278755594898042,0.00175422271473094,0.153042778310075,0.666622042655945,0.919064223766327,1.74883663654327,0.013626175880991,0.00023034726921553,0.0736798496742802,-0.0296056270592903,0.0276267528527905,0.283260004854831,0.191470238301253,0.0792387638802842,0.115866342726471,0,0,0.0608741036204548,0.0608741036204548,11478.71,13.5864787
-0.0332894488030519,-0.0225574037069292,1.42324876785278,0.0140281347557902,0.00905587710440159,-1.7967053678248,-0.014296771724968,-0.0403426779643536,-0.668351868558851,-0.00475677742075365,-0.0111794652341006,0.215233696953283,0.664851486682892,0.92042875289917,1.76642167568207,0.0125954638513872,-0.00489107346129412,0.0764189660199622,-0.0295092662178001,0.0227421522142433,0.293083985649054,-0.0171785338268762,-0.0853570121758854,0.0456519390950879,0,0,0.0639931253207307,0.0639931253207307,11478.77,13.653179
-0.0337660078605508,-0.0239021596390743,1.42324876785278,0.0140281347557902,0.00905587710440159,-1.7967053678248,-0.014296771724968,-0.0403426779643536,-0.195738057065931,-0.00332974419452755,-0.00782562566387044,0.150663587867298,0.662735879421234,0.922292351722717,1.78649282455444,0.0102820018573317,0.000485396469327357,0.0815475514143109,-0.0302229608809502,0.0266228403365016,0.286730698177985,-0.0330494570580738,0.0768067132949119,0.0732655056338576,0,0,0.0667522177796376,0.0667522177796376,11478.84,13.7198778
-0.0342425669180498,-0.0252469155712195,1.42324876785278,0.0140281347557902,0.00905587710440159,-1.7967053678248,-0.014296771724968,-0.0403426779643536,-0.195738057065931,-0.00233082093616929,-0.00547793796470931,0.105464511507109,0.661017954349518,0.923999071121216,1.8048255443573,0.00365810853414094,-0.00143143618193231,0.0833150119843045,-0.0245417867389064,0.0243817056929376,0.261895997184752,-0.0946270474745467,-0.0273833235895377,0.0252494367142992,0,0,0.0690383139658135,0.0690383139658135,11478.91,13.7866021
-0.0328916237012322,-0.026978049127034,1.50592863559723,0.0150885377079248,0.00822246633470058,-1.81372463967538,0.0405282965045264,-0.0519340066744371,-0.971987155217442,-0.01117520122453,0.00366614035201252,0.22699860471025,0.659130334854126,0.925640285015106,1.82547402381897,0.00401845960988145,-0.00260774358479142,0.0937785998699525,-0.0269659927914242,0.0234459127699601,0.294978278025082,0.00514787251060005,-0.0168043914694857,0.14947982693845,0,0,0.0707493723925076,0.0707493723925076,11478.98,13.8533268
-0.0315406804844147,-0.0287091826828486,1.50592863559723,0.0150885377079248,0.00822246633470058,-1.81372463967538,0.0405282965045264,-0.0519340066744371,-0.22786834551743,-0.00782264085717099,0.00256629824640876,0.158899023297175,0.657423138618469,0.927254796028137,1.84412097930908,0.00853059357716696,-0.00339287673893188,0.0983667150567399,-0.0284532705936579,0.0269085168832627,0.310782591495088,0.0752022327864504,-0.013085552568722,0.0764685864447874,0,0,0.0718029751495254,0.0718029751495254,11479.04,13.9200558
-0.0301897372675971,-0.0304403162386632,1.50592863559723,0.0150885377079248,0.00822246633470058,-1.81372463967538,0.0405282965045264,-0.0519340066744371,-0.22786834551743,-0.00547584860001969,0.00179640877248613,0.111229316308022,0.655514299869537,0.928472340106964,1.86679196357727,0.0113868361232956,0.00303264730309651,0.108764993080379,-0.0272691249848546,0.0173934868404567,0.323871203832611,0.0408034649448651,0.0917932006007873,0.148546828909741,0,0,0.0721396027172953,0.0721396027172953,11479.11,13.9867319
-0.0288633727091187,-0.0322030336274711,1.55190002918243,0.0162886660546064,0.0082434331998229,-1.83503186967111,0.0397909367543524,-0.052881521664237,-0.641567779527225,-0.0146342491401481,0.00106878435463943,0.269625591377163,0.653672337532043,0.93026340007782,1.89079701900482,0.00455054298838484,-0.0130573214907787,0.115103585137125,-0.0263137476785936,0.0255865710123309,0.342929363252158,-0.0976613304991319,-0.229856697056316,0.0905513150967525,0,0,0.0717271126742243,0.0717271126742243,11479.18,14.0534488
-0.0275370081506403,-0.033965751016279,1.55190002918243,0.0162886660546064,0.0082434331998229,-1.83503186967111,0.0397909367543524,-0.052881521664237,-0.22782523726038,-0.0102439743981037,0.000748149048247601,0.188737913964014,0.652174592018127,0.930631458759308,1.91281092166901,0.0136779878907859,0.00308454814491768,0.127929311682441,-0.0249624252321455,0.00613431135818602,0.366898377739524,0.152124081707975,0.269031160597223,0.213762109090419,0,0,0.0705610654278279,0.0705610654278279,11479.24,14.120168
-0.0262106435921619,-0.0357284684050869,1.55190002918243,0.0162886660546064,0.0082434331998229,-1.83503186967111,0.0397909367543524,-0.052881521664237,-0.22782523726038,-0.00717078207867259,0.000523704333773321,0.13211653977481,0.650049984455109,0.931544780731201,1.93816018104553,0.00764589939117298,0.00387486872550201,0.136063504193781,-0.0303515366146805,0.0130474567413873,0.362132276809018,-0.086172692851971,0.0112902940083946,0.116202750162484,0,0,0.0686667259207622,0.0686667259207622,11479.31,14.1869052
-0.026385797106425,-0.036258545052792,1.58812236785889,0.0135266734287143,0.00904628448188305,-1.8581055429194,-0.00525460542789346,-0.0159022994311547,-0.558400630665122,0.0198383861779587,-0.00685906850489999,0.300144637076986,0.648136973381042,0.932520985603333,1.96499466896057,0.0086572855226669,0.00134243981619017,0.146975077680413,-0.0318835179004067,0.016270081201834,0.447241465240889,0.0168564355245307,-0.0422071484876094,0.181859558106561,0,0,0.0661019870093167,0.0661019870093167,11479.37,14.2535863
-0.0265609506206881,-0.0367886217004972,1.58812236785889,0.0135266734287143,0.00904628448188305,-1.8581055429194,-0.00525460542789346,-0.0159022994311547,-0.232399582577048,0.0138868703245711,-0.00480134795343,0.21010124595389,0.64698588848114,0.933561325073242,1.98915314674377,0.0132287235703625,0.000760696015738412,0.15337163615147,-0.0164440699986733,0.0148619924273428,0.345121111190051,0.0653062578244938,-0.00831062572077396,0.0913794067297588,0,0,0.06294556151017,0.06294556151017,11479.44,14.3203163
-0.0267361041349512,-0.0373186983482024,1.58812236785889,0.0135266734287143,0.00904628448188305,-1.8581055429194,-0.00525460542789346,-0.0159022994311547,-0.232399582577048,0.00972080922719974,-0.003360943567401,0.147070872167723,0.644818961620331,0.934908926486969,2.015864610672,0.00477056747656776,-0.000448969136444403,0.160050646652527,-0.0309560980116905,0.0192514487676059,0.381592341833339,-0.120830801340427,-0.0172809307455406,0.095414435729783,0,0,0.0593087822791939,0.0593087822791939,11479.51,14.3869977
-0.0265496336248027,-0.0385807510984122,1.58812236785889,0.0135266734287143,0.00904628448188305,-1.8581055429194,0.00559411530445732,-0.0378615825062947,-0.254394556251888,0.00680456645903982,-0.0023526604971807,0.102949610517406,0.642184257507324,0.935027778148651,2.04270172119141,0.000557541022830099,0.00918511108679609,0.169331795283635,-0.0376386301859649,0.00169788088118033,0.383387293136011,-0.0601860921965025,0.137629717475436,0.132587837587818,0,0,0.0553156947240045,0.0553156947240045,11479.58,14.4536831
-0.0263631631146541,-0.039842803848622,1.58812236785889,0.0135266734287143,0.00904628448188305,-1.8581055429194,0.00559411530445732,-0.0378615825062947,-0.254394556251888,0.00476319652132787,-0.00164686234802649,0.0720647273621844,0.639556050300598,0.936161816120148,2.0639340877533,0.00409006633883252,-0.0120961364404498,0.175651423959731,-0.0438034534458064,0.0189006328584368,0.353872776034498,0.0588754219338735,-0.354687458790443,0.105327144602488,0,0,0.0511049505398951,0.0511049505398951,11479.64,14.5204044
-0.0262006803741839,-0.0410962882068016,1.65160405635834,0.0138640617951751,0.0102782109752297,-1.88378560807443,0.00487448221410476,-0.0376045307453893,-0.825755689088267,0.000297742266782307,-0.0122401420837388,0.281565895548793,0.637168288230896,0.936698436737061,2.08914422988892,0.000217320205692842,-0.0152440777628991,0.184187536035068,-0.0341108867092861,0.00766600881287326,0.360144887643855,-0.0553249447579306,-0.0449705903197219,0.12194445821644,0,0,0.0468280898347584,0.0468280898347584,11479.71,14.5871217
-0.0269315748031781,-0.0413304616910305,1.72664058208466,0.0166596751660109,0.010183715261519,-1.90800345208383,-0.021926832869826,-0.00702520452686695,-0.911216662983313,-0.0249521007507744,-0.00771763803522007,0.41505672296875,0.635610282421112,0.936171591281891,2.11088728904724,0.012269790737929,-0.00907645355555987,0.193521659367787,-0.0222572258541488,-0.0075263636453124,0.310615130834509,0.172178150461233,0.0881089172480694,0.13334461903939,0,0,0.0426386796609,0.0426386796609,11479.78,14.6537919
-0.0276624692321723,-0.0415646351752594,1.72664058208466,0.0166596751660109,0.010183715261519,-1.90800345208383,-0.021926832869826,-0.00702520452686695,-0.235887931446448,-0.0174664705255421,-0.00540234662465405,0.290539706078125,0.63331663608551,0.935941338539124,2.12906098365784,0.019673438868894,-0.00743479430525071,0.188672459253337,-0.0382274389270213,-0.00383754571282148,0.302894910179166,0.123394135517131,0.0273609875053848,-0.0808200019081727,0,0,0.0386772993267438,0.0386772993267438,11479.84,14.7204997
-0.0283933636611665,-0.0417988086594883,1.72664058208466,0.0166596751660109,0.010183715261519,-1.90800345208383,-0.021926832869826,-0.00702520452686695,-0.235887931446448,-0.0122265293678795,-0.00378164263725783,0.203377794254687,0.631814539432526,0.935731887817383,2.14952397346497,0.0100348008061166,-0.00397484576292291,0.211179303456237,-0.0214585236141552,-0.00299215316773705,0.292328425817343,-0.137694829468822,0.0494278363191741,0.321526345757045,0,0,0.0350817821135068,0.0350817821135068,11479.91,14.787194
-0.0292834460629727,-0.0426466184935237,1.72664058208466,0.0166596751660109,0.010183715261519,-1.90800345208383,-0.0267024720541863,-0.0254342950210602,-0.204583783685986,-0.00855857055751563,-0.00264714984608048,0.142364455978281,0.629330396652222,0.935102224349976,2.16689968109131,0.0132782987466232,-0.00141867012815936,0.216805967799642,-0.0354877540044898,-0.00899519239156921,0.248224394663072,0.0463356848645727,0.0365167947824883,0.0803809191918291,0,0,0.0319672584678287,0.0319672584678287,11479.98,14.8539279
-0.030173528464779,-0.043494428327559,1.72664058208466,0.0166596751660109,0.010183715261519,-1.90800345208383,-0.0267024720541863,-0.0254342950210602,-0.204583783685986,-0.00599099939026094,-0.00185300489225634,0.0996551191847968,0.626364409923553,0.934438288211823,2.17955803871155,0.0117926559991485,-0.0107872560092648,0.221763353805632,-0.0494331121433912,-0.0110656023023097,0.210972626999383,-0.0247607124573709,-0.156143098015016,0.0826231000980409,0,0,0.0294335106385479,0.0294335106385479,11480.04,14.9206108
-0.0310881789999486,-0.0443328257915925,1.79806351661682,0.0163076166063547,0.00903511792421341,-1.92880070473886,-0.02743951605509,-0.0251519239210059,-0.847359509729754,-0.00102517253627737,0.00904027261117048,0.256933857324621,0.624401569366455,0.933578610420227,2.19436764717102,0.00649885540612796,-0.0128430388224949,0.231752690402766,-0.0280405793872364,-0.0122811113085576,0.211565835136203,-0.0756257227577512,-0.0293683259034097,0.142704808531075,0,0,0.0275468257397019,0.0275468257397019,11480.11,14.9873325
-0.0320049814735268,-0.0451593713215689,1.84884774684906,0.0176992863416672,0.00906829815357924,-1.94671213891244,-0.0275040742073462,-0.0247963658992895,-0.66162819305288,-0.0132426483932063,0.0060295687635269,0.341056607689491,0.621579170227051,0.932615280151367,2.20817136764526,0.00218629460113136,-0.0184704750786953,0.234652784581172,-0.0403199877059433,-0.0137618609837696,0.197196006775722,-0.0616080115002076,-0.0803919465174831,0.0414299168345501,0,0,0.0263501629998045,0.0263501629998045,11480.18,15.0540604
-0.032921783947105,-0.0459859168515452,1.84884774684906,0.0176992863416672,0.00906829815357924,-1.94671213891244,-0.0275040742073462,-0.0247963658992895,-0.204570120962731,-0.00926985387524442,0.00422069813446883,0.238739625382644,0.620884656906128,0.931249737739563,2.21800637245178,0.0120657352643832,-0.00742550913369309,0.240339963429176,-0.0115752220154791,-0.0227590401969298,0.163916746776701,0.164657344388929,0.1840827657516,0.0947863141341993,0,0,0.0258554504033331,0.0258554504033331,11480.24,15.1207594
-0.0338385864206832,-0.0468124623815215,1.84884774684906,0.0176992863416672,0.00906829815357924,-1.94671213891244,-0.0275040742073462,-0.0247963658992895,-0.204570120962731,-0.00648889771267109,0.00295448869412818,0.16711773776785,0.6192906498909,0.929932415485382,2.2302713394165,0.00740763136004403,-0.00646667130432293,0.248683415960219,-0.02277152878907,-0.0188188893455198,0.175213813782467,-0.0665443414908369,0.0136976832767734,0.119192179015388,0,0,0.0260442533009121,0.0260442533009121,11480.31,15.1874686
-0.0359813902380192,-0.0466056770158704,1.87514293193817,0.0138733414933085,0.00834346562623978,-1.95979845788217,-0.0642841145200784,0.00620356096953261,-0.347928135772029,0.0298912752363579,0.00859163483194485,0.234759287165034,0.616868257522583,0.928309321403503,2.24138808250427,0.00846734575279573,-0.00635257600623639,0.252923420549873,-0.0346056052609111,-0.0231870583120462,0.158810615536084,0.0151387770389797,0.00162993282977213,0.0605714941365919,0,0,0.0268704327468196,0.0268704327468196,11480.38,15.254146
-0.0381241940553551,-0.0463988916502193,1.87514293193817,0.0138733414933085,0.00834346562623978,-1.95979845788217,-0.0642841145200784,0.00620356096953261,-0.111271469970027,0.0209238926654505,0.0060141443823614,0.164331501015524,0.614922702312469,0.927013278007507,2.24975156784058,0.0107517788519753,-0.0040377672851687,0.256534849976969,-0.032425920168834,-0.0216007232667849,0.139391422272912,0.0380738849866499,0.0385801453514558,0.0601904904521206,0,0,0.0282636646017823,0.0282636646017823,11480.44,15.3208369
-0.0402669978726911,-0.0461921062845682,1.87514293193817,0.0138733414933085,0.00834346562623978,-1.95979845788217,-0.0642841145200784,0.00620356096953261,-0.111271469970027,0.0146467248658154,0.00420990106765298,0.115032050710867,0.613142848014832,0.925624191761017,2.25820684432983,0.00719100671318611,-0.00533453190577214,0.258267409777407,-0.025426489966362,-0.0198440892356608,0.120789664132757,-0.0508681734114862,-0.0185252088658406,0.0247508542920793,0,0,0.0301310899800341,0.0301310899800341,11480.51,15.3874877
-0.0414662547685251,-0.0466903037183733,1.87514293193817,0.0138733414933085,0.00834346562623978,-1.95979845788217,-0.0359777068750205,-0.0149459230141531,-0.103577921861082,0.0102527074060708,0.00294693074735708,0.0805224354976068,0.611311316490173,0.923685967922211,2.26649975776672,0.00763440202038487,-0.00363511423001528,0.261686432703545,-0.0261647360666545,-0.0276889119830602,0.118470191956059,0.00633421867429425,0.0242773953680562,0.0488431846593157,0,0,0.0323692827394803,0.0323692827394803,11480.58,15.454226
-0.0426655116643591,-0.0471885011521784,1.87514293193817,0.0138733414933085,0.00834346562623978,-1.95979845788217,-0.0359777068750205,-0.0149459230141531,-0.103577921861082,0.00717689518424953,0.00206285152314996,0.0563657048483248,0.609748482704163,0.922024130821228,2.2750301361084,0.00946854081159833,-0.00254875755395401,0.264802931730222,-0.0260472297670668,-0.0276972850166129,0.142172972362454,0.0305689798538173,0.0181059446011748,0.0519416504450592,0,0,0.0348572474749662,0.0348572474749662,11480.64,15.5209421
-0.043865967592127,-0.0476786470893042,1.9318516254425,0.0147018609568477,0.00807490292936563,-1.96882760789132,-0.0360136778330369,-0.0147043781137712,-0.613966977964534,-0.00243284854287744,0.00386106033807225,0.120718343476225,0.608180224895477,0.919893741607666,2.2852303981781,0.0120433213809063,-0.00151694365811469,0.269273566378518,-0.0224036829807296,-0.0304341316216501,0.145718029563993,0.0367825795607389,0.0147401985116685,0.0638662092599663,0,0,0.0374698119414195,0.0374698119414195,11480.71,15.5875662
-0.0441960233006716,-0.0476871643377088,1.96235167980194,0.0162386205047369,0.0071225599385798,-1.97637713219858,-0.00990167125633818,-0.000255517452140045,-0.393429450798123,-0.0155338299110173,0.0112738291537231,0.152448559198616,0.606304407119751,0.917567849159241,2.29555249214172,0.0123663790581516,-0.00410019911136464,0.271369937804199,-0.0267973967962017,-0.0332270349776423,0.147458485195228,0.00461510967495303,-0.0369036493322956,0.0299481632241496,0,0,0.0400957242117656,0.0400957242117656,11480.78,15.6543335
-0.0445260790092162,-0.0476956815861135,1.96235167980194,0.0162386205047369,0.0071225599385798,-1.97637713219858,-0.00990167125633818,-0.000255517452140045,-0.118928961563199,-0.0108736809377121,0.00789168040760617,0.106713991439031,0.604881227016449,0.915783643722534,2.30448293685913,0.0109358732311871,-0.00331219286037974,0.276433682736608,-0.023719668388568,-0.0297367572786948,0.148840745291384,-0.0238417637829448,0.0131334375165265,0.0843957488741973,0,0,0.0426151157182817,0.0426151157182817,11480.84,15.721078
-0.0448561347177608,-0.0477041988345182,1.96235167980194,0.0162386205047369,0.0071225599385798,-1.97637713219858,-0.00990167125633818,-0.000255517452140045,-0.118928961563199,-0.00761157665639848,0.00552417628532432,0.0746997940073219,0.60346931219101,0.913442552089691,2.31525468826294,0.0109744637119143,-0.00264643694704108,0.281437689136199,-0.020170211792076,-0.0334441661836107,0.153882162912191,0.000551292581819993,0.00951079876202039,0.0714858057087342,0,0,0.0449274862430923,0.0449274862430923,11480.91,15.7878073
-0.0451190880361652,-0.0480097763936609,2.00290894508362,0.0162386205047369,0.0071225599385798,-1.97637713219858,-0.0078885995521299,-0.00916732677428168,-0.495340528064601,-0.00532810365947893,0.00386692339972702,0.0522898558051253,0.601771235466003,0.910922884941101,2.32761764526367,0.00970192476563887,-0.00282872152250395,0.286363510487099,-0.0242582389287595,-0.0359952449800081,0.176613671439769,-0.0181791278040106,-0.00260406536376607,0.0703688764417168,0,0,0.0469509861741141,0.0469509861741141,11480.98,15.8545946
-0.0453820413545695,-0.0483153539528036,2.00290894508362,0.0162386205047369,0.0071225599385798,-1.97637713219858,-0.0078885995521299,-0.00916732677428168,-0.130325140529506,-0.00372967256163525,0.00270684637980892,0.0366028990635877,0.600827753543854,0.908597111701965,2.33935260772705,0.0106573675063258,-0.0021703760064187,0.291450385020903,-0.0157246987021511,-0.0387628873180829,0.195582707718713,0.0159240456777674,0.010972425267848,0.0847812422282312,0,0,0.0486179176360161,0.0486179176360161,11481.04,15.9213177
-0.0456491849887503,-0.0486140683634063,2.00290894508362,0.0158429704606533,0.00765419704839587,-1.98716116215921,-0.0080143090254259,-0.00896143231808108,-0.130328399252638,0.00095007960360768,-0.00288994152247843,0.122678298990202,0.599334716796875,0.905495643615723,2.35309672355652,0.0096249127249798,-0.00273413033380315,0.295061745444649,-0.0213290963854995,-0.0443066869465082,0.196344511850356,-0.0147493540192894,-0.00805363324838282,0.0515908631965763,0,0,0.0498875966517421,0.0498875966517421,11481.11,15.9879843
-0.0459129011310439,-0.0489105240568405,2.04026126861572,0.0170996431261301,0.00792914163321257,-2.0018816020701,-0.00791148426880656,-0.00889367080302465,-0.46650466376646,-0.0106449982667658,-0.00449746032908515,0.21835876849114,0.597715854644775,0.902064204216003,2.36680579185486,0.0133389841821304,-0.00287238782361822,0.298076243254414,-0.0231266021729477,-0.0490205628533358,0.195843832834241,0.0530581636738005,-0.00197510699736631,0.0430642544253962,0,0,0.0507434508294036,0.0507434508294036,11481.18,16.0547365
-0.0461766172733374,-0.0492069797502746,2.04026126861572,0.0170996431261301,0.00792914163321257,-2.0018816020701,-0.00791148426880656,-0.00889367080302465,-0.13033375197752,-0.00745149878673607,-0.0031482222303596,0.152851137943798,0.597121119499207,0.899524688720703,2.37931847572327,0.0126303997128585,-0.00434587050793146,0.304658601415557,-0.0099122524262316,-0.0423252582553642,0.208544731141907,-0.011809741154632,-0.0245580447387625,0.109705969353318,0,0,0.051186694752338,0.051186694752338,11481.24,16.1214266
-0.046440333415631,-0.0495034354437088,2.04026126861572,0.0170996431261301,0.00792914163321257,-2.0018816020701,-0.00791148426880656,-0.00889367080302465,-0.13033375197752,-0.00521604915071525,-0.00220375556125172,0.106995796560658,0.595977902412415,0.896298229694366,2.39398336410522,0.0160933091650153,-0.00496083616039541,0.312072309776623,-0.0163316726685249,-0.0460922718050012,0.209498405457414,0.049470135031017,-0.00878522360666445,0.105910119444238,0,0,0.0512421112437982,0.0512421112437982,11481.31,16.1881718
-0.0465706191415956,-0.049022205247311,2.08114504814148,0.0167073663324118,0.00772696221247315,-2.01595139767862,-0.00390857177893825,0.0144369058919337,-0.528508637480962,-0.000120743262035632,0.000276985893778505,0.201525218069145,0.595139563083649,0.892943203449249,2.40927934646606,0.0125817267017498,-0.00448720592270231,0.317061577424567,-0.0119762761249653,-0.0479289463577708,0.218514033721514,-0.0501654637598398,0.00676614625261094,0.0712752521119291,0,0,0.0509508287265297,0.0509508287265297,11481.38,16.2549251
-0.0467009048675602,-0.0485409750509132,2.08114504814148,0.0167073663324118,0.00772696221247315,-2.01595139767862,-0.00390857177893825,0.0144369058919337,-0.16055462174915,-8.45202834249423e-05,0.000193890125644953,0.141067652648402,0.594214081764221,0.890154659748077,2.42271900177002,0.0113687425780968,-0.00467951458218256,0.32320117917993,-0.0154246886572558,-0.0464757283532591,0.223994255067819,-0.0202164020610563,-0.0032051443246981,0.102326695923585,0,0,0.0503674079729741,0.0503674079729741,11481.44,16.3217853
-0.0468311905935248,-0.0480597448545154,2.08114504814148,0.0167073663324118,0.00772696221247315,-2.01595139767862,-0.00390857177893825,0.0144369058919337,-0.16055462174915,-5.91641983974596e-05,0.000135723087951467,0.0987473568538813,0.593434691429138,0.886577665805817,2.43838500976562,0.0133271836907346,-0.0105452416449532,0.32832888168875,-0.0111341476440893,-0.0510999134610802,0.223800114223866,0.0279777301806566,-0.0837961008970711,0.0732528929834458,0,0,0.0495591749930629,0.0495591749930629,11481.51,16.3885288
-0.0469614763194894,-0.0475785146581176,2.08114504814148,0.0167073663324118,0.00772696221247315,-2.01595139767862,-0.00390857177893825,0.0144369058919337,-0.16055462174915,-4.14149388782217e-05,9.50061615660272e-05,0.0691231497977169,0.592689394950867,0.88274359703064,2.45502710342407,0.0134032716407471,-0.0129246551604876,0.335506412817825,-0.0106470925467798,-0.0547724110741849,0.237744195121664,0.0010869707144688,-0.0339916216506338,0.102536158987214,0,0,0.0485961287536816,0.0485961287536816,11481.58,16.45521
-0.047091762045454,-0.0470972844617198,2.08114504814148,0.0167073663324118,0.00772696221247315,-2.01595139767862,-0.00390857177893825,0.0144369058919337,-0.16055462174915,-2.89904572147552e-05,6.6504313096219e-05,0.0483862048584018,0.592047452926636,0.879346072673798,2.47039580345154,0.0119431033770211,0.00102922719962212,0.343032687688561,-0.0106990337372734,-0.056625405947848,0.256145000459938,-0.0243361377289735,0.232564706003803,0.125437914513326,0,0,0.0475468658397538,0.0475468658397538,11481.64,16.5218899
-0.0466657961609487,-0.0469704992347678,2.11558747291565,0.0168800465762615,0.00691420491784811,-2.03143322732187,0.0127789765351592,0.00380355680855927,-0.475530421211085,-0.00157441551469812,0.00736136867079275,0.173206810190127,0.591548800468445,0.875345945358276,2.48695945739746,0.0139105393450797,-0.00524679945937476,0.34764466980858,-0.00712360654542905,-0.0571446759347704,0.236623627793733,0.0281062281145097,-0.0896575236979984,0.0658854588559794,0,0,0.0464750307965449,0.0464750307965449,11481.71,16.5885918
-0.0477523920998383,-0.0462937714232991,2.1749439239502,0.0168800465762615,0.00691420491784811,-2.03143322732187,-0.0325978781666858,0.0203018343440633,-0.712235038768933,-0.00110209086028868,0.00515295806955492,0.121244767133089,0.590754151344299,0.870774805545807,2.5041139125824,0.0168165354714832,0.00181749103019639,0.356811898351992,-0.011352130344983,-0.0653019973212641,0.245063645500112,0.0415142303773654,0.100918435565722,0.13096040776358,0,0,0.0454354278481058,0.0454354278481058,11481.78,16.6552947
-0.0488389880387278,-0.0456170436118303,2.1749439239502,0.0168800465762615,0.00691420491784811,-2.03143322732187,-0.0325978781666858,0.0203018343440633,-0.178026979458019,-0.000771463602202078,0.00360707064868845,0.0848713369931622,0.590437710285187,0.86754983663559,2.51883101463318,0.0158401837938215,0.00386557324167391,0.36364351777985,-0.00527401765192058,-0.053749481837411,0.24528503418177,-0.0162725279611663,0.034134703524915,0.1138603237986,0,0,0.0444696934535131,0.0444696934535131,11481.84,16.7219695
-0.049908696676809,-0.0449113463070996,2.1749439239502,0.0167833864688873,0.00763615174219012,-2.05289972092843,-0.0320912591424355,0.0211709191419212,-0.178022478425864,0.000329916444826267,-0.0039725719649962,0.25260837835432,0.590197741985321,0.862610220909119,2.53553509712219,0.0168878982711161,0.00385310617353912,0.370925191635082,-0.00342811856952458,-0.0705659389498784,0.238629749844045,0.0149673496756997,-0.000178100973354826,0.104023912218021,0,0,0.0436023379224483,0.0436023379224483,11481.91,16.7886654
-0.0514276037608829,-0.0441155715192418,2.1749439239502,0.0167833864688873,0.00763615174219012,-2.05289972092843,-0.0455672125222176,0.0238732436357331,-0.167341327565315,0.000230941511378387,-0.00278080037549734,0.176825864848024,0.589590787887573,0.857982277870178,2.5531051158905,0.0159319970234621,0.00289480697468931,0.378183978650826,-0.00867077282500466,-0.0661134719851382,0.251000268119766,-0.0136557321094004,-0.0136899885550543,0.103696957368207,0,0,0.0428408568836112,0.0428408568836112,11481.98,16.8554018
-0.0529465108449568,-0.043319796731384,2.1749439239502,0.0167833864688873,0.00763615174219012,-2.05289972092843,-0.0455672125222176,0.0238732436357331,-0.167341327565315,0.000161659057964871,-0.00194656026284814,0.123778105393617,0.589748919010162,0.853351831436157,2.57126021385193,0.0166363818575332,0.00158008186889936,0.383065565291478,0.002259016036938,-0.0661492347702846,0.259358542300421,0.0100626404865101,-0.0187817872251607,0.0697369520077972,0,0,0.0421743876069626,0.0421743876069626,11482.05,16.9222335
-0.0544464196530541,-0.0425117263230692,2.21642208099365,0.0181668307632208,0.00656608957797289,-2.06946015622354,-0.0449972642429191,0.0242421122494456,-0.5406943200576,-0.0123378373084257,0.00826796729396141,0.235688591431477,0.589719951152802,0.848553001880646,2.58769631385803,0.0225891436624342,0.00756688760293768,0.389385038508151,-0.000482797622684762,-0.0799804925925368,0.273935000104051,0.0992126967491937,0.0997800955681523,0.105324553612104,0,0,0.0415773606376104,0.0415773606376104,11482.11,16.988909
-0.0559463284611514,-0.0417036559147543,2.25532293319702,0.0181668307632208,0.00656608957797289,-2.06946015622354,-0.0449972642429191,0.0242421122494456,-0.517498576496809,-0.008636486115898,0.00578757710577298,0.164982014002034,0.59050589799881,0.843712210655212,2.60737633705139,0.0229061728348521,0.010627487060099,0.391908329529675,0.0112278120858796,-0.0691541603636211,0.281143188477731,0.00452898817741704,0.0437228493882004,0.0360470145933473,0,0,0.0410045917645631,0.0410045917645631,11482.18,17.0556016
-0.0574462372692487,-0.0408955855064395,2.25532293319702,0.0181668307632208,0.00656608957797289,-2.06946015622354,-0.0449972642429191,0.0242421122494456,-0.167390906666487,-0.0060455402811286,0.00405130397404109,0.115487409801424,0.590988099575043,0.83902245759964,2.62305045127869,0.0246057579365888,0.0117803002629384,0.39719490597478,0.00803669293728339,-0.078162550926872,0.2612352371238,0.0283264183625186,0.0192135533808206,0.0881096074191682,0,0,0.0404004914742139,0.0404004914742139,11482.24,17.1222741
-0.0589326533055371,-0.0400622355794424,2.25532293319702,0.0181212089955807,0.00696543790400028,-2.08440768983102,-0.0445924810886516,0.0250004978099123,-0.167389325247801,-0.003821282288029,-0.000758222152417778,0.215368989328343,0.590716958045959,0.833698928356171,2.63925194740295,0.0197754957211835,0.00490870909669796,0.404962373858457,-0.00387345041549113,-0.0760504177641625,0.231449944633356,-0.0690037459346484,-0.0981655880895577,0.110963826910139,0,0,0.0397002573487093,0.0397002573487093,11482.31,17.1889495
-0.0593705694423638,-0.039213463463801,2.2968852519989,0.0181212089955807,0.00696543790400028,-2.08440768983102,-0.0131374841047996,0.0254631634692407,-0.516287346467934,-0.0026748976016203,-0.000530755506692445,0.15075829252984,0.591155886650085,0.827457368373871,2.65531969070435,0.0207859095045683,0.00978809745508608,0.408987031632067,0.00627040863023422,-0.0891651426023366,0.22953919001487,0.0144344826194673,0.0697055479754516,0.0574951110503053,0,0,0.0388341405670843,0.0388341405670843,11482.38,17.25569
-0.0598084855791904,-0.0383646913481597,2.2968852519989,0.0181212089955807,0.00696543790400028,-2.08440768983102,-0.0131374841047996,0.0254631634692407,-0.142226477251015,-0.00187242832113421,-0.000371528854684711,0.105530804770888,0.591803550720215,0.821618974208832,2.67203521728516,0.0201347609409189,0.00748492401401718,0.415957981365306,0.00925234385902982,-0.0834056309294762,0.238793236869715,-0.00930212233788733,-0.0329024777296926,0.0995849961895486,0,0,0.0377348087189135,0.0377348087189135,11482.45,17.3224083
-0.0602264552175686,-0.0375141385163886,2.2968852519989,0.019434479996562,0.00697654904797673,-2.09874892499185,-0.0125390891513452,0.0255165849531311,-0.14224825157828,-0.0131301388336259,-0.000360070494067348,0.20294267978707,0.591646671295166,0.817373812198639,2.68905448913574,0.00176962340982941,-0.011048446784117,0.422613216172232,-0.00261465708416933,-0.0707527001704818,0.283654530845507,-0.306085625520756,-0.308889513304859,0.110920580116375,0,0,0.0363395494755757,0.0363395494755757,11482.51,17.3891186
-0.0606444248559468,-0.0366635856846176,2.2968852519989,0.019434479996562,0.00697654904797673,-2.09874892499185,-0.0125390891513452,0.0255165849531311,-0.14224825157828,-0.00919109718353815,-0.000252049345847143,0.142059875850949,0.592494606971741,0.811169326305389,2.70314574241638,0.00478113214321997,-0.00982473017237031,0.423159478449853,0.0121133668082605,-0.0886355127610758,0.201303618295689,0.0430215533343298,0.0174816658821686,0.00780374682318802,0,0,0.0345954767871311,0.0345954767871311,11482.58,17.4558503
-0.0610623944943249,-0.0358130328528466,2.33074069023132,0.019434479996562,0.00697654904797673,-2.09874892499185,-0.0125390891513452,0.0255165849531311,-0.446947195670077,-0.0064337680284767,-0.000176434542093,0.0994419130956644,0.592568874359131,0.805518686771393,2.71953248977661,0.00030703906171931,-0.0338287587427501,0.428283539036382,0.00106096267700636,-0.0807234219145725,0.234096390861395,-0.0639156154502752,-0.342914693863995,0.0732008655221556,0,0,0.0324664101988759,0.0324664101988759,11482.65,17.5225592
-0.0604414352142733,-0.0343586002479143,2.33074069023132,0.0180244538933039,0.00707552349194884,-2.11209011342264,0.0186287784015489,0.0436329781479678,-0.139629015125376,0.00818659730938951,-0.0010142741752141,0.18968003504404,0.592442989349365,0.799608886241913,2.73489928245544,-0.00994866261147796,-0.0613315711704524,0.425780261244459,-0.00209808349604795,-0.098496675489183,0.256113211308293,-0.170928361216223,-0.458380207118365,-0.041721296531155,0,0,0.0299330398018934,0.0299330398018934,11482.71,17.5892645
-0.0599160564576599,-0.0330443285754409,2.38687348365784,0.0180244538933039,0.00707552349194884,-2.11209011342264,0.0157613626984017,0.0394281501742023,-0.641695141416794,0.00573061811657265,-0.000709991922649868,0.132776024530828,0.592599987983704,0.793472170829773,2.74780488014221,-0.00797745760687275,-0.0352038924085072,0.435282141862108,0.00224283763341474,-0.0876673630309344,0.184365681240303,0.0281600714944773,0.373252553743625,0.135741151681276,0,0,0.0269984557840717,0.0269984557840717,11482.78,17.6559469
-0.0593906777010465,-0.0317300569029675,2.38687348365784,0.0180244538933039,0.00707552349194884,-2.11209011342264,0.0157613626984017,0.0394281501742023,-0.136500000578171,0.00401143268160086,-0.000496994345854907,0.0929432171715797,0.593865156173706,0.786292672157288,2.76116847991943,-0.000934367736932165,-0.0325477224275386,0.444962357121087,0.0180738312858243,-0.102564266750217,0.190908568246818,0.100615569570998,0.0379452854425671,0.138288789414556,0,0,0.0236856331789256,0.0236856331789256,11482.85,17.7226456
-0.0588468320406147,-0.030420842846662,2.38687348365784,0.0178456865251064,0.00740278465673327,-2.12608003880716,0.0163153698129537,0.0392764216891633,-0.13648953784698,0.00441690919089757,-0.00329324652515832,0.190969580480799,0.593543529510498,0.781273782253265,2.77135324478149,-0.0034964919148139,-0.0439573267830543,0.443585188792813,-0.00536044438684563,-0.083648165067747,0.169746081035783,-0.0427020696317248,-0.190160072593543,-0.0229528054714282,0,0,0.0200408522316881,0.0200408522316881,11482.91,17.7893761
-0.0588140026532591,-0.0289442772437313,2.38687348365784,0.0178456865251064,0.00740278465673327,-2.12608003880716,0.000984881620669936,0.0442969680879237,-0.0987749585983135,0.0030918364336283,-0.00230527256761082,0.133678706336559,0.593245267868042,0.77529388666153,2.78481340408325,-0.0259388123932127,-0.0489961951596801,0.432634786491086,-0.00426088060653278,-0.0854270798822958,0.192287990025911,-0.320604578264173,-0.0719838339520959,-0.156434318596756,0,0,0.0161375389866765,0.0161375389866765,11482.98,17.8560619
-0.0587811732659034,-0.0274677116408005,2.42510581016541,0.0178456865251064,0.00740278465673327,-2.12608003880716,0.000984881620669936,0.0442969680879237,-0.442865897166429,0.00216428550353981,-0.00161369079732758,0.0935750944355916,0.592976987361908,0.768715083599091,2.79427671432495,-0.0127365653155101,-0.0350878128134092,0.440209279053409,-0.00383257865897396,-0.0939829008899338,0.135190146307038,0.18860352967735,0.198691176370961,0.108207036602261,0,0,0.0120627268318266,0.0120627268318266,11483.05,17.9227339
-0.0587252082382552,-0.0259894372464286,2.42510581016541,0.0180853214114904,0.00813675485551357,-2.13984656598306,0.00167895082944731,0.0443482318311565,-0.0987590998002858,-0.000641714124978227,-0.00773531534715199,0.189401310688044,0.59281998872757,0.763669192790985,2.80187892913818,0.00377347104088978,-0.010398232657118,0.461212955122071,-0.00261664390566186,-0.084098180135805,0.126703580221616,0.275167272609,0.411493002608345,0.350061267813997,0,0,0.00791950855875106,0.00791950855875106,11483.11,17.9894139
-0.0586692432106069,-0.0245111628520567,2.4587185382843,0.0180853214114904,0.00813675485551357,-2.13984656598306,0.00167895082944731,0.0443482318311565,-0.401273652870354,-0.000449199887484759,-0.00541472074300639,0.132580917481631,0.595815598964691,0.754571795463562,2.8076171875,0.00153279505585162,-0.0184481897101023,0.453851328803351,0.0427944319590577,-0.129962818963727,0.0819751194548609,-0.0320096569292497,-0.114999386471682,-0.10516609026787,0,0,0.00382229692212388,0.00382229692212388,11483.18,18.0561256
-0.0586132781829587,-0.0230328884576848,2.4587185382843,0.0180853214114904,0.00813675485551357,-2.13984656598306,0.00167895082944731,0.0443482318311565,-0.0987590998002858,-0.000314439921239331,-0.00379030452010447,0.0928066422371415,0.596240699291229,0.747192084789276,2.81329441070557,0.00133653324731078,-0.0151598186744133,0.468900752673929,0.00607286180771219,-0.105424438204522,0.0811031886512859,-0.00280374012202357,0.0469767290814671,0.214991769580581,0,0,-0.000103651026224141,-0.000103651026224141,11483.25,18.1228181
-0.0585447479548276,-0.0215503278351122,2.4587185382843,0.0173645168542862,0.00889968685805798,-2.14894819524026,0.00205590684393217,0.0444768186771777,-0.0987272671777482,0.00626713306997069,-0.00951960118697276,0.146879312880818,0.594380617141724,0.741449534893036,2.81533670425415,-0.000340776837442833,-0.0237851885411611,0.452598886833809,-0.0310013691586901,-0.0957091649381497,0.034038225810022,-0.0279551680794642,-0.143756164447018,-0.271697764004296,0,0,-0.00373896613782266,-0.00373896613782266,11483.31,18.189548
-0.0580167711306907,-0.0191308027549544,2.48346138000488,0.0173645168542862,0.00889968685805798,-2.14894819524026,0.015839304724106,0.0725857524047335,-0.251856349826422,0.00438699314897948,-0.00666372083088093,0.102815519016573,0.596381306648254,0.734143197536469,2.81706738471985,-0.0036711911788079,-0.0331078044728832,0.453450880973703,0.0285812786641013,-0.104376247948684,0.0247240066522924,-0.0475773477327482,-0.133180227593122,0.0121713448553654,0,0,-0.00696416566289562,-0.00696416566289562,11483.38,18.2562748
-0.0574887943065539,-0.0167112776747967,2.48346138000488,0.0173645168542862,0.00889968685805798,-2.14894819524026,0.015839304724106,0.0725857524047335,-0.0291707743411929,0.00307089520428564,-0.00466460458161665,0.071970863311601,0.596650838851929,0.726538360118866,2.81822395324707,-0.000185400963772263,-0.0259683673978925,0.449627443773292,0.00385046005250624,-0.108640534537631,0.016522407531807,0.0497970030721448,0.101991958214578,-0.0546205314346835,0,0,-0.00967237125242533,-0.00967237125242533,11483.45,18.3229595
-0.0569400151265634,-0.0142992140697097,2.48346138000488,0.0184293352067471,0.00718419766053557,-2.15758192803598,0.016463375399713,0.0723619081526088,-0.0292737849080895,-0.00743373852914781,0.01217417957057,0.128083199479559,0.597402393817902,0.719482243061066,2.8178813457489,-0.015447755851113,-0.0398052078093346,0.446604721979513,0.0125259160996547,-0.117601950964336,-0.00571012496953089,-0.254372581457838,-0.230614006859327,-0.0503786965634053,0,0,-0.0117773765461161,-0.0117773765461161,11483.51,18.3896416
-0.056391235946573,-0.0118871504646227,2.48346138000488,0.0184293352067471,0.00718419766053557,-2.15758192803598,0.016463375399713,0.0723619081526088,-0.0292737849080895,-0.00520361697040347,0.00852192569939897,0.0896582396356911,0.601984798908234,0.709786951541901,2.81653499603271,0.00492178242789221,-0.00713917847376066,0.435894773102379,0.0654629298621583,-0.138504164560076,-0.0192335673741732,0.290993403986998,0.466657561938711,-0.152999269673975,0,0,-0.0132128528555429,-0.0132128528555429,11483.58,18.456327
-0.0558424567665826,-0.00947508685953578,2.47305035591125,0.0184293352067471,0.00718419766053557,-2.15758192803598,0.016463375399713,0.0723619081526088,0.0644254319345619,-0.00364253187928243,0.00596534798957928,0.0627607677449838,0.603130638599396,0.700267970561981,2.81514286994934,-0.00150075862039934,0.000924713090451297,0.43651206342219,0.016369138445241,-0.135985442570843,-0.0198875154768544,-0.0917505864045465,0.115198450917793,0.00881843314018513,0,0,-0.0139381238916024,-0.0139381238916024,11483.65,18.5230696
-0.0553356523135795,-0.00732881601740244,2.47305035591125,0.0177737642079592,0.00769010232761502,-2.16021669175363,0.015204133590092,0.0643881252640002,0.0217623521866229,0.00335036667359322,-0.000377398411009543,0.0676454108803509,0.60443526506424,0.693309128284454,2.81231546401978,0.0064397237075647,0.00683057870091436,0.427299935765331,0.0186375209264168,-0.0994120325365113,-0.0403915132796741,0.113435461828529,0.0843695087212517,-0.13160182366995,0,0,-0.0139392588600318,-0.0139392588600318,11483.72,18.589778
-0.0548325626133655,-0.0052160780976383,2.49194979667664,0.0177737642079592,0.00769010232761502,-2.16021669175363,0.0150926910064192,0.0633821375929243,-0.157383707991228,0.00234525667151526,-0.00026417888770668,0.0473517876162457,0.608185827732086,0.68587327003479,2.80897521972656,0.00341599578715425,-0.0146183456371377,0.440060733274497,0.0625093777960802,-0.123930970825033,-0.0556707382189997,-0.0503954653390741,-0.357482072293065,0.212679958481446,0,0,-0.0132335737906368,-0.0132335737906368,11483.78,18.6565087
-0.0543294729131516,-0.00310334017787416,2.49194979667664,0.0177737642079592,0.00769010232761502,-2.16021669175363,0.0150926910064192,0.0633821375929243,0.0127112588972001,0.00164167967006068,-0.000184925221394676,0.033146251331372,0.605680167675018,0.680615425109863,2.80509614944458,-0.00853117467143199,-0.0310547648447619,0.412309028469529,-0.035795143672547,-0.0751120703564088,-0.0554152897428364,-0.170673863694799,-0.234805988681322,-0.396452925786903,0,0,-0.0118684568981678,-0.0118684568981678,11483.85,18.7232089
-0.0538261412497269,-0.00099016892028464,2.49194979667664,0.0173122454434633,0.00667585665360093,-2.16006350781656,0.0150999499027387,0.0633951377276856,0.0126752172432619,0.00530284464950512,0.00899876341115055,0.0218237204983056,0.608937203884125,0.670575618743896,2.79868817329407,0.0075137929071922,-0.0412898964283826,0.44969496714551,0.0542839368189015,-0.167330106100867,-0.106799602509452,0.267416126312673,-0.170585526395126,0.623098977938305,0,0,-0.00991835947404827,-0.00991835947404827,11483.91,18.7899129
-0.0533183249335392,0.0018377819398393,2.49194979667664,0.0173122454434633,0.00667585665360093,-2.16006350781656,0.0152344894856331,0.0848385258037181,0.0262130177486826,0.00371199125465359,0.00629913438780539,0.0152766043488139,0.612465560436249,0.661984741687775,2.79346442222595,0.00727142568185232,-0.0447634534431447,0.460490604535646,0.0504050936019813,-0.122726815087965,-0.0746250152590993,-0.00346238893344118,-0.0496222430682373,0.154223391288296,0,0,-0.00748384769991773,-0.00748384769991773,11483.98,18.8566023
-0.0528105086173514,0.00466573279996323,2.49775218963623,0.0173122454434633,0.00667585665360093,-2.16006350781656,0.0152344894856331,0.0848385258037181,-0.0260085188876699,0.00259839387825751,0.00440939407146377,0.0106936230441697,0.613787770271301,0.6536785364151,2.7894446849823,-0.0050997207089263,-0.0200903178173605,0.45965757987786,0.018888711928909,-0.118660075321332,-0.0574248177652086,-0.176730662721551,0.352473366074938,-0.0119003522538158,0,0,-0.00468466935851909,-0.00468466935851909,11484.05,18.9233097
-0.0523111268432945,0.00749395327222044,2.49775218963623,0.016817344352603,0.00751918135210872,-2.15710926320291,0.0149814532217081,0.0848466141677163,0.0262715852964799,0.00627298553252356,-0.00450334643654543,-0.0191026653919083,0.617378056049347,0.645127415657043,2.78443813323975,0.00125359293077766,-0.0225960806642276,0.448384917990587,0.0598380963012689,-0.142518679302154,-0.0834425290432702,0.105888560662631,-0.0417627141148057,-0.187877698122812,0,0,-0.00165857087237293,-0.00165857087237293,11484.11,18.9900119
-0.0518117450692375,0.0103221737444777,2.49775218963623,0.016817344352603,0.00751918135210872,-2.15710926320291,0.0149814532217081,0.0848466141677163,0.0262715852964799,0.00439108987276649,-0.0031523425055818,-0.0133718657743358,0.616539418697357,0.638276815414429,2.78111243247986,-0.00992460949676864,-0.0259439821711166,0.467907169750876,-0.0119805335999033,-0.0978657177520461,-0.047510010855736,-0.159688606108468,-0.047827164384327,0.278889310862426,0,0,0.00144669548556467,0.00144669548556467,11484.18,19.05669
-0.0513123632951806,0.0131503942167349,2.48003792762756,0.016817344352603,0.00751918135210872,-2.15710926320291,0.0149814532217081,0.0848466141677163,0.185699943374483,0.00307376291093654,-0.00220663975390726,-0.00936030604203509,0.619936168193817,0.628298819065094,2.77919816970825,0.00146651936820263,-0.0116619471388848,0.462483641865753,0.0485249928067726,-0.142542804991089,-0.0273466110230629,0.162730412357409,0.204029071889874,-0.0774789697877906,0,0,0.00448436617959814,0.00448436617959814,11484.25,19.1234219
-0.0508329131959698,0.0159830821519776,2.48003792762756,0.0189166404306889,0.00755798676982522,-2.15083480145669,0.0143835029763223,0.0849806380572835,0.0262230271361808,-0.0167420306651175,-0.00189389658718361,-0.0630223699453669,0.622608661651611,0.618358552455902,2.77787899971008,-0.00305182820139143,-0.026434294430946,0.458076201310503,0.0381784779686472,-0.142003808703332,-0.0188452856882061,-0.0645478224230407,-0.211033532744609,-0.0629634365038284,0,0,0.00730334150604957,0.00730334150604957,11484.32,19.1901257
-0.0507661284954096,0.0188109555262334,2.48003792762756,0.0189166404306889,0.00755798676982522,-2.15083480145669,0.00200354101680707,0.0848362012276741,-0.00469126796298498,-0.0117194214655823,-0.00132572761102853,-0.0441156589617569,0.623019158840179,0.612130880355835,2.77825808525085,-0.013353067926839,-0.0403096037507785,0.469870728685899,0.00684161980931925,-0.103794534998853,0.0063180923460535,-0.171687328753712,-0.231255155325493,0.196575456252309,0,0,0.00976764985019217,0.00976764985019217,11484.38,19.2568439
-0.0506993437948494,0.0216388289004893,2.47143220901489,0.0189166404306889,0.00755798676982522,-2.15083480145669,0.00200354101680707,0.0848362012276741,0.0727601995510531,-0.00820359502590758,-0.00092800932771997,-0.0308809612732298,0.625747680664062,0.60352635383606,2.78059434890747,-0.00823215950354865,-0.0313372840519875,0.458936606034359,0.0389788831984914,-0.122921807425874,0.0333751950946561,0.0731558346187375,0.128175995697546,-0.15620175216551,0,0,0.0117538658192017,0.0117538658192017,11484.45,19.3235437
-0.0506411299875115,0.0244671619431724,2.47143220901489,0.0181493479758501,0.00851618498563766,-2.14781964089608,0.00174641422013756,0.0848499912804954,-0.00461886013929121,0.00116311557541347,-0.00927339047171598,-0.0487531179367321,0.627298355102539,0.595781922340393,2.78229784965515,-0.00272462739886207,-0.0272446339241692,0.451054335867614,0.0258445739748288,-0.129073858262204,0.0283916791282521,0.0917922017455555,0.0682108354642172,-0.131371169446861,0,0,0.0131612998235757,0.0131612998235757,11484.51,19.3902468
-0.0505829161801735,0.0272954949858556,2.47143220901489,0.0181493479758501,0.00851618498563766,-2.14781964089608,0.00174641422013756,0.0848499912804954,-0.00461886013929121,0.000814180902789427,-0.00649137333020119,-0.0341271825557124,0.629315435886383,0.58657032251358,2.78760933876038,-0.00736156436919371,-0.0315949273647167,0.456972522465574,0.0288154397693197,-0.131594283240729,0.0758784157892385,-0.0662419567192988,-0.0621470491509368,0.0845455228283413,0,0,0.0139134699613995,0.0139134699613995,11484.58,19.4569811
-0.0499161242286497,0.0302550976668406,2.46105670928955,0.0181493479758501,0.00851618498563766,-2.14781964089608,0.0200037585457151,0.0887880804295509,0.0625371065161723,0.000569926631952599,-0.00454396133114083,-0.0238890277889987,0.631576180458069,0.577403545379639,2.79214811325073,-0.0219860343268716,-0.0488657996846694,0.460194201420094,0.032296351024217,-0.130953959056854,0.0648396355767902,-0.208920999396266,-0.246726747428922,0.0460239850647655,0,0,0.0139609667382665,0.0139609667382665,11484.65,19.5236924
-0.0492474567663124,0.0332114093684226,2.46105670928955,0.0190472211688757,0.00682187220081687,-2.14853263165689,0.0200600238701204,0.0886893510474593,-0.0309634368359208,-0.00768191009486348,0.0120680421315886,-0.0103054026050701,0.63436359167099,0.567309379577637,2.79786205291748,-0.0201015373243257,-0.0516257260154647,0.4565716814362,0.0398201601847533,-0.144202368600627,0.0816277095253115,0.0269213857507676,-0.0394275190115246,-0.0517502854844146,0,0,0.0132847356824419,0.0132847356824419,11484.72,19.590423
-0.0490413692424321,0.0359644440353284,2.46105670928955,0.0190472211688757,0.00682187220081687,-2.14853263165689,0.00618262571640879,0.0825910400071725,-0.0517744262168094,-0.00537733706640444,0.008447629492112,-0.00721378182354906,0.636436343193054,0.558766603469849,2.79948377609253,0.00836343036447443,-0.0321142507720239,0.45967254746122,0.0345458587003161,-0.14237960179336,0.0270287195835572,0.474416128136313,0.325191254050249,0.0516811004158695,0,0,0.0118947916753284,0.0118947916753284,11484.78,19.6571715
-0.0488352817185518,0.0387174787022341,2.4828474521637,0.0190472211688757,0.00682187220081687,-2.14853263165689,0.00618262571640879,0.0825910400071725,-0.247891112084119,-0.00376413594648311,0.0059133406444784,-0.00504964727648434,0.639049351215363,0.549918949604034,2.80485820770264,0.0112186506547239,-0.0157575904843783,0.462004495418667,0.0373286860331316,-0.126395055226443,0.0767775944304252,0.0407888612894478,0.233666575538765,0.0333135422493776,0,0,0.00983206699997712,0.00983206699997712,11484.85,19.7238722
-0.0486278094271428,0.0414739091587432,2.4828474521637,0.0180088877677917,0.00786742474883795,-2.14930963780618,0.00622416874226925,0.0826929136952727,-0.0516922430760351,0.00671010544721734,-0.00527063448105482,0.00345830225008889,0.641132712364197,0.541606664657593,2.81008410453796,-0.00947089747442883,-0.0350016020589747,0.457756700464896,0.0347226858141986,-0.13853808244187,0.0870982805895252,-0.344825802155473,-0.320733526245995,-0.0707965825634469,0,0,0.00715973445133738,0.00715973445133738,11484.91,19.7905963
-0.0484203371357338,0.0442303396152523,2.4828474521637,0.0180088877677917,0.00786742474883795,-2.14930963780618,0.00622416874226925,0.0826929136952727,-0.0516922430760351,0.00469707381305214,-0.00368944413673838,0.00242081157506222,0.641793131828308,0.533908665180206,2.81527662277222,-0.0152824923276589,-0.041539600296375,0.451729601149439,0.0094345637730582,-0.109971421105978,0.0741788319182074,-0.0830227836179172,-0.0933999748203931,-0.0861014187925941,0,0,0.00396497870885852,0.00396497870885852,11484.98,19.8573318
-0.0486932406194446,0.0462704090451755,2.49736499786377,0.0179678071290255,0.0073750289157033,-2.15550661351419,-0.00818710451132374,0.0612020828976969,-0.182309802327585,0.0036576774180331,0.001848951602495,0.0574673494746139,0.644114196300507,0.524792373180389,2.81871604919434,-0.00271778380294064,-0.0206044299142943,0.45893068029577,0.033158063887826,-0.130232742851684,0.0491346631720581,0.179495836063485,0.299073862594625,0.102872559231044,0,0,0.000356340540930353,0.000356340540930353,11485.05,19.9240051
-0.0489661441031554,0.0483104784750988,2.49736499786377,0.0179678071290255,0.0073750289157033,-2.15550661351419,-0.00818710451132374,0.0612020828976969,-0.051651891026926,0.00256037419262317,0.0012942661217465,0.0402271446322297,0.647532105445862,0.513990759849548,2.82087993621826,-0.00921665179143245,-0.0351209229419298,0.464351368295295,0.0488272735052776,-0.1543087618698,0.0309126717704968,-0.0928409712645547,-0.207378471824226,0.0774383999935426,0,0,-0.00355777041717839,-0.00355777041717839,11485.12,19.9907621
-0.0492390475868662,0.050350547905022,2.49736499786377,0.0179678071290255,0.0073750289157033,-2.15550661351419,-0.00818710451132374,0.0612020828976969,-0.051651891026926,0.00179226193483622,0.000905986285222549,0.0281590012425608,0.651093780994415,0.504084706306458,2.82131290435791,0.0104459744859489,-0.000138491916315253,0.461844046293168,0.0593612591430617,-0.165100892386248,0.00721613566086855,0.327710437959138,0.583040517098524,-0.0417887000358019,0,0,-0.00765115611820549,-0.00765115611820549,11485.18,20.0575313
-0.049500962500047,0.0523891074971141,2.506920337677,0.0192216541618109,0.006891087628901,-2.15994966294503,-0.00785744739542535,0.0611567877627635,-0.13770130060782,-0.0100300399406834,0.00498966198087641,0.0596987457474171,0.652040302753448,0.497591853141785,2.82181787490845,-0.024371944165769,-0.0434873517147832,0.450731480072359,0.0135217394148163,-0.0927550452099978,0.00721386500770298,-0.497398837883753,-0.619269425694974,-0.158750946012222,0,0,-0.0119008684649485,-0.0119008684649485,11485.25,20.1259221
-0.0497628774132279,0.0544276670892062,2.506920337677,0.0192216541618109,0.006891087628901,-2.15994966294503,-0.00785744739542535,0.0611567877627635,-0.0517032422887285,-0.00702102795847837,0.00349276338661349,0.041789122023192,0.65488213300705,0.487351179122925,2.81978845596313,-0.0170011234367888,-0.0422264948629969,0.457103803645124,0.04736383756042,-0.17067790031578,-0.0338236490888288,0.122847012150713,0.0210142808632836,0.106205392880318,0,0,-0.0159814938299837,-0.0159814938299837,11485.31,20.1926123
-0.0491977672274361,0.0584407715228595,2.506920337677,0.0192216541618109,0.006891087628901,-2.15994966294503,0.0169533055737524,0.120393133009596,0.0376642948388067,-0.00491471957093486,0.00244493437062944,0.0292523854162344,0.660157978534698,0.476214051246643,2.81753373146057,-0.0236368187527034,-0.054084466655717,0.478134089250612,0.0753692218219109,-0.159101826800552,-0.032210350035918,-0.0947956473681397,-0.169399597035161,0.300432651500415,0,0,-0.0198940724155786,-0.0198940724155786,11485.38,20.2593119
-0.048622274526936,0.0624512876714861,2.49463677406311,0.0187759380787611,0.00735740130767226,-2.16249132420755,0.0172647810150036,0.1203154844588,0.148268581784677,0.000571141047793566,-0.00248536904950071,0.0433516211539739,0.664146900177002,0.465722292661667,2.81331396102905,-0.012408750264619,-0.0406756058657497,0.488704236001312,0.0569845948902864,-0.149882265500283,-0.06028243473623,0.160400978401873,0.191555154143187,0.1510020964392,0,0,-0.0235751870363464,-0.0235751870363464,11485.45,20.3265152
-0.0480467818264359,0.0664618038201128,2.49463677406311,0.0187759380787611,0.00735740130767226,-2.16249132420755,0.0172647810150036,0.1203154844588,0.0377165092596525,0.000399798733455496,-0.0017397583346505,0.0303461348077817,0.667634844779968,0.455656051635742,2.81044483184814,-0.0123285327090479,-0.0376681651287537,0.467378952730553,0.049827780042583,-0.143803443228093,-0.0409875597274305,0.00114596507959186,0.0429634391001214,-0.304646903869247,0,0,-0.0269043100525296,-0.0269043100525296,11485.52,20.3933204
-0.0474712891259358,0.0704723199687395,2.49463677406311,0.0187759380787611,0.00735740130767226,-2.16249132420755,0.0172647810150036,0.1203154844588,0.0377165092596525,0.000279859113418847,-0.00121783083425535,0.0212422943654472,0.668923199176788,0.448866754770279,2.80719828605652,-0.0148485402088601,-0.0405497681752003,0.463347580012994,0.0214725732805167,-0.113154947758681,-0.0541090965275589,-0.0420001249972272,-0.0480267174411838,-0.0671895452932267,0,0,-0.0298516399227033,-0.0298516399227033,11485.58,20.4600256
-0.0473488022565107,0.0738088610975459,2.46527171134949,0.0154846785590053,0.00729227997362614,-2.16092086102701,0.00367460608275233,0.100096233864194,0.337809437920543,0.0298172370571958,-0.000266389577563614,0.000735437430935119,0.673716604709625,0.437917470932007,2.80191802978516,-0.0283041683103651,-0.0557510530519496,0.463603269068667,0.0684772218979549,-0.156418340547395,-0.0754322324483465,-0.192223258593728,-0.217161212525893,0.0036527007953465,0,0,-0.0325309448827468,-0.0325309448827468,11485.65,20.5305629
-0.0472263153870856,0.0771454022263524,2.46527171134949,0.0154846785590053,0.00729227997362614,-2.16092086102701,0.00367460608275233,0.100096233864194,0.0735238734979354,0.020872065940037,-0.00018647270429453,0.000514806201654584,0.676375269889832,0.428526788949966,2.79334282875061,-0.0038000542974043,-0.0366828894634079,0.470485956813409,0.0379809311459622,-0.134152599743992,-0.122502871922594,0.350058771615182,0.272402336980299,0.0983241106395809,0,0,-0.0346522007093258,-0.0346522007093258,11485.72,20.5973844
-0.0474660570670129,0.0796354797201466,2.46527171134949,0.0154846785590053,0.00729227997362614,-2.16092086102701,-0.00719225039781772,0.0747023248138266,0.0959826113716136,0.0146104461580259,-0.000130530893006171,0.000360364341158208,0.681576371192932,0.417510420084,2.7845470905304,-0.00646447684187263,-0.048548676012082,0.4834607853713,0.0743014471855294,-0.157376698081805,-0.125653403143184,-0.0380631792058596,-0.16951123640593,0.185354693680111,0,0,-0.0363844748047729,-0.0363844748047729,11485.79,20.6640764
-0.0477259305471849,0.0821258181944705,2.46634936332703,0.0169040709733963,0.00781512353569269,-2.15552568700052,-0.00779620440516111,0.0747101542297175,0.0862576475219644,-0.00254721941890123,-0.00479696368370331,-0.0483043111995926,0.683862626552582,0.409687727689743,2.77584838867188,-0.0051355856332765,-0.0240781023929694,0.471074068884629,0.0381042559944844,-0.13037820657205,-0.144978364309906,0.0221481868101235,0.407842893655339,-0.206445274779606,0,0,-0.0377700448925676,-0.0377700448925676,11485.85,20.7307675
-0.0479858040273569,0.0846161566687945,2.46634936332703,0.0169040709733963,0.00781512353569269,-2.15552568700052,-0.00779620440516111,0.0747101542297175,0.0959565153198159,-0.00178305359323086,-0.00335787457859232,-0.0338130178397148,0.682373046875,0.403582870960236,2.76395726203918,0.0172546243031714,-0.00520640534596069,0.471711778877439,-0.0212797096798283,-0.0872122389933261,-0.16987323761057,0.319860141950586,0.269595672101245,0.00911014275446309,0,0,-0.0388618903814276,-0.0388618903814276,11485.92,20.7974921
-0.048245677507529,0.0871064951431184,2.46634936332703,0.0169040709733963,0.00781512353569269,-2.15552568700052,-0.00779620440516111,0.0747101542297175,0.0959565153198159,-0.0012481375152616,-0.00235051220501462,-0.0236691124878004,0.687447190284729,0.39386910200119,2.75272512435913,0.00865511227288617,0.0018133239435274,0.442611078949588,0.07248776299643,-0.13876812798694,-0.16045910971572,-0.122850171861729,0.100281846993104,-0.415724284685307,0,0,-0.0397221172612233,-0.0397221172612233,11485.99,20.8642162
-0.048608304252475,0.0899797454817415,2.44415593147278,0.0185080319643021,0.00727118365466595,-2.14826381470895,-0.0108788023483796,0.0861975101586919,0.317854864705748,-0.015309345178835,0.00325010038573047,-0.0819252293655447,0.696207582950592,0.379147380590439,2.74217748641968,-0.00555682799687267,-0.0223823125121767,0.492166009260724,0.146006544427864,-0.245362023507167,-0.175793965653715,-0.236865671157477,-0.403260607586266,0.825915505167569,0,0,-0.040419182118548,-0.040419182118548,11486.05,20.9309444
-0.0489709309974209,0.0928529958203645,2.44415593147278,0.0185080319643021,0.00727118365466595,-2.14826381470895,-0.0108788023483796,0.0861975101586919,0.118113978017515,-0.0107165416251845,0.00227507027001133,-0.0573476605558813,0.700224816799164,0.370263665914536,2.72900485992432,-0.0105543320256104,-0.0481622783048875,0.480631690841542,0.0573890549798354,-0.126910209656289,-0.188180378505944,-0.0713929146965506,-0.368285225611686,-0.164775977417576,0,0,-0.0410217223615984,-0.0410217223615984,11486.12,20.9976452
-0.0493335577423669,0.0957262461589876,2.44415593147278,0.0185080319643021,0.00727118365466595,-2.14826381470895,-0.0108788023483796,0.0861975101586919,0.118113978017515,-0.00750157913762914,0.00159254918900793,-0.0401433623891169,0.703498065471649,0.360250025987625,2.71530389785767,-0.00392598427754127,-0.0437779034923633,0.474844527764227,0.0467606953214137,-0.143051998956458,-0.195728029524391,0.0946906821156674,0.0626339258934626,-0.0826737582476997,0,0,-0.0415960845517598,-0.0415960845517598,11486.19,21.064525
-0.0497232090652653,0.0985891814031086,2.42122840881348,0.0169850960373878,0.00754591263830662,-2.13663184907174,-0.0116895396869522,0.0858880573236297,0.32453416650036,0.00845531794588754,-0.00135777642046049,-0.132788044407245,0.70532101392746,0.353338897228241,2.70349431037903,-0.00632838911279225,-0.0495023804998529,0.482100203226058,0.030382474263767,-0.115185479324047,-0.196826457978966,-0.0400400805878562,-0.0954079501256357,0.120927924364872,0,0,-0.0421950290007872,-0.0421950290007872,11486.25,21.1312347
-0.0501128603881637,0.10145211664723,2.42122840881348,0.0169850960373878,0.00754591263830662,-2.13663184907174,-0.0116895396869522,0.0858880573236297,0.118186462566645,0.00591872256212128,-0.000950443494322341,-0.0929516310850716,0.711521983146667,0.342179536819458,2.68669557571411,-0.00233081086659825,-0.0442907008131273,0.463742744587172,0.0885852745604792,-0.159419434411848,-0.239981923785526,0.0571082606601516,0.0744525669535323,-0.262249409128028,0,0,-0.0428621170734806,-0.0428621170734806,11486.32,21.1978615
-0.0502463406911728,0.104639987472126,2.42122840881348,0.0169850960373878,0.00754591263830662,-2.13663184907174,-0.00400440909027016,0.0956361247469013,0.156479103277541,0.0041431057934849,-0.000665310446025639,-0.0650661417595501,0.71562135219574,0.329643964767456,2.66961455345154,-0.0271877386049156,-0.0601184687221808,0.468497041876247,0.0585624149869901,-0.17907960074363,-0.244014603752061,-0.355098967691724,-0.226110970130276,0.0679185327013515,0,0,-0.0436262391571212,-0.0436262391571212,11486.39,21.2645591
-0.0504331753045465,0.107824166807878,2.38983845710754,0.0179208666086197,0.00836365390568972,-2.12274801995492,-0.00560503840121242,0.09552538007256,0.438997732160444,-0.00552176108564715,-0.00782538871866584,-0.170500761283077,0.722830355167389,0.317680537700653,2.65509557723999,-0.00727115252891126,-0.0300507616145232,0.44846479279654,0.120150049524864,-0.199390451109031,-0.241982936853849,0.331943101259493,0.501128451783355,-0.333870817987831,0,0,-0.0444974957211796,-0.0444974957211796,11486.45,21.3313137
-0.0506200099179202,0.11100834614363,2.38983845710754,0.0179208666086197,0.00836365390568972,-2.12274801995492,-0.00560503840121242,0.09552538007256,0.15648816680705,-0.00386523275995301,-0.00547777210306608,-0.119350532898154,0.725862503051758,0.309316337108612,2.63758516311646,-0.0176667309248414,-0.0478513650445506,0.445623694416217,0.0433163983483072,-0.119488579886797,-0.250148773194399,-0.148508262799619,-0.254294334715735,-0.0405871197190582,0,0,-0.0454651549136357,-0.0454651549136357,11486.52,21.3979392
-0.050806844531294,0.114192525479382,2.38983845710754,0.0179208666086197,0.00836365390568972,-2.12274801995492,-0.00560503840121242,0.09552538007256,0.15648816680705,-0.0027056629319671,-0.00383444047214626,-0.0835453730287076,0.73127806186676,0.298311561346054,2.62038564682007,-0.0041006229657749,-0.0222147306786656,0.435972936339387,0.077365125928928,-0.157211082322911,-0.245707375663689,0.193801542273184,0.36623763379988,-0.137867972526724,0,0,-0.0465074259448654,-0.0465074259448654,11486.59,21.4647083
-0.050029377819628,0.117896843342463,2.32703971862793,0.0168258845806122,0.00827844627201557,-2.10848987366891,0.0233240013499807,0.111129535892419,0.736792663112096,0.00796087419969059,-0.00191723962743508,-0.186805077694192,0.734714329242706,0.289692431688309,2.60505843162537,-0.00115488854392879,-0.0185785415888198,0.432076354922502,0.0572711229329202,-0.143652160963642,-0.255453586580538,0.0490955736978519,0.060603151497943,-0.0649430236152908,0,0,-0.0475806466444078,-0.0475806466444078,11486.65,21.531485
-0.0492519111079619,0.121601161205544,2.32703971862793,0.0168258845806122,0.00827844627201557,-2.10848987366891,0.0233240013499807,0.111129535892419,0.171604016795567,0.00557261193978342,-0.00134206773920455,-0.130763554385934,0.738183796405792,0.280010432004929,2.59170413017273,-0.0016510602748232,-0.0181540738909387,0.428390215999039,0.0495638166157195,-0.13831428119172,-0.190775735038461,-0.00708816758423536,0.00606382425546972,-0.0526591274782607,0,0,-0.0486291727831814,-0.0486291727831814,11486.72,21.5982285
-0.0494066215445668,0.125040171213236,2.32703971862793,0.0168258845806122,0.00827844627201557,-2.10848987366891,-0.00464131309814704,0.10317030023078,0.166503247574875,0.00390082835784839,-0.000939447417443188,-0.0915344880701541,0.742052435874939,0.269977599382401,2.57627940177917,0.00216735899982693,-0.0110685105125364,0.42269919550841,0.0552662781294612,-0.143326180318701,-0.220353262760257,0.0545488467795255,0.101222333974967,-0.0813002927215036,0,0,-0.0495889533254693,-0.0495889533254693,11486.79,21.664961
-0.0496037414490073,0.128483206548933,2.26271343231201,0.0170909911394119,0.00751878321170807,-2.09580302502847,-0.0059135971332143,0.103291060070893,0.745383368706329,0.000344620821296179,0.00617935435055729,-0.178255779413085,0.744919955730438,0.261787116527557,2.5634126663208,0.000386500058583373,-0.0135976394905273,0.419332756104173,0.0477919975920601,-0.136508047581878,-0.214445590974721,-0.0296809823543113,-0.0421521496335395,-0.0561073234044222,0,0,-0.0503900652738982,-0.0503900652738982,11486.85,21.731635
-0.0498008613534478,0.131926241884629,2.26271343231201,0.0170909911394119,0.00751878321170807,-2.09580302502847,-0.0059135971332143,0.103291060070893,0.166446791863068,0.000241234574907326,0.00432554804539011,-0.124779045589159,0.748599529266357,0.252582013607025,2.54754304885864,0.0051619604401914,-0.00812462644185226,0.417338291871656,0.0525653362276355,-0.131501470293864,-0.226708820888917,0.068220862594684,0.0781859006956828,-0.028492346178934,0,0,-0.0509639416058927,-0.0509639416058927,11486.92,21.798322
-0.0499979812578883,0.135369277220325,2.26271343231201,0.0170909911394119,0.00751878321170807,-2.09580302502847,-0.0059135971332143,0.103291060070893,0.166446791863068,0.000168864202435128,0.00302788363177307,-0.0873453319124116,0.75176078081131,0.24299855530262,2.53201007843018,0.00817084021124892,-0.00711724743149758,0.411516197110857,0.0451607363566505,-0.136906547206358,-0.221899577550448,0.0429839967295719,0.0143911287194125,-0.0831727822974773,0,0,-0.0512457058053262,-0.0512457058053262,11486.99,21.865081
-0.0490814857734042,0.138047164718875,2.22415399551392,0.0169293433427811,0.00861512497067451,-2.08265865113473,0.0274948645345208,0.0803366249564879,0.509266362322568,0.00157303511138232,-0.00774755728845686,-0.179441097382328,0.75538581609726,0.233655154705048,2.5150830745697,0.0114622921531223,-0.00039780421151568,0.407636913046428,0.0517862183709254,-0.133477151394445,-0.241814340864914,0.0470207420269577,0.0959920460001406,-0.0554183437777876,0,0,-0.0511794831112444,-0.0511794831112444,11487.06,21.9317713
-0.0481649902889202,0.140725052217425,2.22415399551392,0.0169293433427811,0.00861512497067451,-2.08265865113473,0.0274948645345208,0.0803366249564879,0.162231431139706,0.00110112457796763,-0.0054232901019198,-0.12560876816763,0.758183658123016,0.22557757794857,2.50065445899963,0.00791408262033934,-0.00346857728635556,0.402960502327005,0.0466307004282627,-0.134626279271684,-0.240476926162557,-0.0591368255450914,-0.0511795512462141,-0.077940178655342,0,0,-0.0507238539042126,-0.0507238539042126,11487.12,21.998535
-0.0472484948044362,0.143402939715974,2.22415399551392,0.0169293433427811,0.00861512497067451,-2.08265865113473,0.0274948645345208,0.0803366249564879,0.162231431139706,0.000770787204577339,-0.00379630307134386,-0.0879261377173408,0.761479079723358,0.215984374284744,2.48235630989075,0.00972594329903276,-0.00133668710820501,0.396553347295752,0.04707745143365,-0.137045766626655,-0.26140213012804,0.0258837239814423,0.0304555739737059,-0.0915307861611448,0,0,-0.0498554654795471,-0.0498554654795471,11487.19,22.0652877
-0.0463720142773087,0.146096064995043,2.20183396339417,0.0167465154081583,0.00834683608263731,-2.06692695882058,0.0262944158138255,0.0807937583720655,0.363097996843843,0.00218500245480902,-0.00024281215760586,-0.20313352722947,0.764161467552185,0.207951247692108,2.46641683578491,0.0100208581753948,-0.00147661883391938,0.391854636292962,0.0447064638141612,-0.133885443211738,-0.265657901766171,0.00491524793940967,-0.00233219542859271,-0.0783118500471576,0,0,-0.0485728423937892,-0.0485728423937892,11487.25,22.1319844
-0.0454955337501812,0.148789190274112,2.20183396339417,0.0167465154081583,0.00834683608263731,-2.06692695882058,0.0262944158138255,0.0807937583720655,0.162217707766084,0.00152950171836631,-0.000169968510324102,-0.142193469060629,0.766983091831207,0.198708966374397,2.44673895835876,0.0116684881937958,0.000734268448301292,0.385368171951853,0.0403089182719135,-0.132032590253561,-0.281112534660418,0.0235375716915407,0.0315841040318553,-0.0926637763019527,0,0,-0.0468942046294981,-0.0468942046294981,11487.32,22.1987138
-0.0446190532230537,0.151482315553181,2.20183396339417,0.0167465154081583,0.00834683608263731,-2.06692695882058,0.0262944158138255,0.0807937583720655,0.162217707766084,0.00107065120285642,-0.000118977957226871,-0.0995354283424404,0.770006000995636,0.189437702298164,2.4267783164978,0.0120018592368399,0.00208735485518765,0.377551045808161,0.0431844166348754,-0.132446629661021,-0.285152026586356,0.00476244347207761,0.0193298058127427,-0.111673230624624,0,0,-0.0448624569804782,-0.0448624569804782,11487.39,22.2654495
-0.0440622696610278,0.153569933503615,2.14969062805176,0.0180192068219185,0.00781237846240401,-2.04883337285257,0.0167035068607754,0.0626285385130142,0.642810755127313,-0.0107047668818422,0.00472683401204087,-0.232517073551866,0.773053407669067,0.180539324879646,2.40673780441284,0.0157051299407938,0.00300838861456644,0.372512428460196,0.0435343810480697,-0.127119677404626,-0.286293029778907,0.0529038671981874,0.0131576251336954,-0.0719802478265107,0,0,-0.0425448063389366,-0.0425448063389366,11487.46,22.3321193
-0.043505486099002,0.155657551454048,2.14969062805176,0.0180192068219185,0.00781237846240401,-2.04883337285257,0.0167035068607754,0.0626285385130142,0.173520737045648,-0.00749333681728952,0.00330878380842861,-0.162761951486307,0.77528965473175,0.172349512577057,2.38877415657043,0.0249714298550787,0.00548876717473676,0.366623951075242,0.0372707843783681,-0.136496871710982,-0.299394130709329,0.154438331906059,0.0413396426698564,-0.0981412897500593,0,0,-0.0400223744352319,-0.0400223744352319,11487.52,22.3988253
-0.0429487025369761,0.157745169404482,2.14969062805176,0.0180192068219185,0.00781237846240401,-2.04883337285257,0.0167035068607754,0.0626285385130142,0.173520737045648,-0.00524533577210267,0.00231614866590002,-0.113933366040415,0.777631282806396,0.16322335600853,2.36971879005432,0.0192030887027842,0.0110922490409782,0.3612731213467,0.033451829637939,-0.130373665265217,-0.272219521659893,-0.0824048736045504,0.0800497409466387,-0.076440424693779,0,0,-0.0373983279348143,-0.0373983279348143,11487.59,22.4655104
-0.042967539851968,0.158907321997347,2.09256958961487,0.0203694961965084,0.00929240882396698,-2.03169417645669,-0.000565119449755614,0.0348645777859472,0.697279897423319,-0.0248243394117811,-0.0116989691879367,-0.234006123791156,0.77999621629715,0.155496716499329,2.35427713394165,0.0205613187684863,0.00889893652478126,0.356284736732085,0.0394155581795541,-0.128777325154444,-0.257360935213366,0.0226371677618947,-0.0365552086035922,-0.0831397435776175,0,0,-0.034784396387532,-0.034784396387532,11487.65,22.5322184
-0.0429863771669598,0.160069474590212,2.09256958961487,0.0203694961965084,0.00929240882396698,-2.03169417645669,-0.000565119449755614,0.0348645777859472,0.183190551491312,-0.0173770375882468,-0.00818927843155568,-0.163804286653809,0.782581329345703,0.146017611026764,2.3381130695343,0.0190285771179896,0.0109288159249665,0.351863598826021,0.0369301864080602,-0.135415792465773,-0.230915205820226,-0.0218963092929014,0.0289982771456236,-0.0631591129440367,0,0,-0.0323016538700823,-0.0323016538700823,11487.72,22.5989401
-0.0428353541664503,0.161401126040659,2.09256958961487,0.0203694961965084,0.00929240882396698,-2.03169417645669,0.00453069001528428,0.0399495435134217,0.132612724579932,-0.0121639263117728,-0.00573249490208898,-0.114663000657667,0.785057365894318,0.13678103685379,2.322350025177,0.0168766045324082,0.00948138280958892,0.347830116353079,0.0353719506937208,-0.131951059611029,-0.22518634795651,-0.0307424655076347,-0.0206776159335136,-0.0576211781836279,0,0,-0.0300724895863162,-0.0300724895863162,11487.79,22.6656736
-0.042699598575363,0.162736434696255,2.0508246421814,0.0197794232517481,0.00874218344688416,-2.0165972736094,0.00407266773262036,0.0400592596678561,0.508308313549567,-0.00320409191539803,0.000939281962283139,-0.216136226085977,0.787147402763367,0.128583565354347,2.30623197555542,0.0185343003284546,0.0100537556275798,0.342914564448458,0.0348339478177802,-0.136624524991877,-0.268634160361981,0.0276282632676739,0.00953954696659633,-0.081925865077715,0,0,-0.0282158604331203,-0.0282158604331203,11487.85,22.732376
-0.0425638429842756,0.16407174335185,2.0508246421814,0.0197794232517481,0.00874218344688416,-2.0165972736094,0.00407266773262036,0.0400592596678561,0.132603786648321,-0.00224286434077862,0.000657497373598197,-0.151295358260184,0.789694368839264,0.119351349771023,2.29331135749817,0.0124888303498948,0.000214400128846231,0.339801887805096,0.0363852296558258,-0.13188879404804,-0.184580257961496,-0.0863638568369277,-0.140562221411065,-0.0444668091910731,0,0,-0.0268371480916054,-0.0268371480916054,11487.92,22.7991148
-0.0424280873931883,0.165407052007445,2.0508246421814,0.0197794232517481,0.00874218344688416,-2.0165972736094,0.00407266773262036,0.0400592596678561,0.132603786648321,-0.00157000503854503,0.000460248161518738,-0.105906750782129,0.791650474071503,0.110000416636467,2.27880501747131,0.0124729757615623,0.00404449517824811,0.334055713714827,0.02794436046067,-0.133584759065638,-0.20723342895594,-0.000226494119036804,0.0547156435631115,-0.0820882012898954,0,0,-0.0260288700194045,-0.0260288700194045,11487.99,22.8658218
-0.0425670142748045,0.168383298110511,2.02038812637329,0.0188636295497417,0.00783776957541704,-2.00473559167123,-0.00416780644848487,0.089287383091965,0.380814785478644,0.00714313979107554,0.00846189855626714,-0.180889862991033,0.794023990631104,0.100531756877899,2.26538109779358,0.00900114786422217,0.00189037872957158,0.331117581775071,0.03390737942301,-0.135266567980103,-0.191770281111288,-0.0495975413907788,-0.0307730921240783,-0.0419733134252611,0,0,-0.0258602233964867,-0.0258602233964867,11488.06,22.9325255
-0.0427059411564206,0.171359544213576,2.02038812637329,0.0188636295497417,0.00783776957541704,-2.00473559167123,-0.00416780644848487,0.089287383091965,0.106886143205695,0.00500019785375288,0.005923328989387,-0.126622904093723,0.795827031135559,0.0926690548658371,2.25351214408875,0.00657741566059066,-0.00289196237562934,0.326082050681806,0.0300506750736035,-0.131045033531507,-0.197815895076248,-0.0403955367263101,-0.0797056850849422,-0.0839255182192485,0,0,-0.0263766291829682,-0.0263766291829682,11488.12,22.9992724
-0.0428448680380368,0.174335790316641,2.02038812637329,0.0188636295497417,0.00783776957541704,-2.00473559167123,-0.00416780644848487,0.089287383091965,0.106886143205695,0.00350013849762701,0.0041463302925709,-0.088636032865606,0.797884106636047,0.0834841579198837,2.24006056785583,0.0064814874269655,0.000661597096591287,0.323984715815881,0.0293867928642405,-0.131212813514165,-0.192165374756658,-0.001370403337508,0.0507651353176486,-0.0299619266561992,0,0,-0.0275942434635641,-0.0275942434635641,11488.19,23.0659698
-0.043012950895936,0.1773088949519,1.97990357875824,0.0169369429349899,0.00719933304935694,-1.99149561192727,-0.00504248573697763,0.0891931390577412,0.471267159873832,0.0197902764811053,0.00864835993934057,-0.181205040701542,0.799560308456421,0.0759297534823418,2.228844165802,0.00838567082246168,0.000903745965117636,0.321673282866511,0.0279366970064627,-0.125906740626768,-0.186940034232137,0.0317363899252057,0.00403581447547341,-0.0385238824898275,0,0,-0.0295008488018371,-0.0295008488018371,11488.25,23.1326736
-0.0431810337538353,0.180281999587158,1.97990357875824,0.0169369429349899,0.00719933304935694,-1.99149561192727,-0.00504248573697763,0.0891931390577412,0.106906231338371,0.0138531935367737,0.0060538519575384,-0.126843528491079,0.801479637622833,0.0674933195114136,2.21545839309692,0.00793656185991139,0.00246413218723575,0.317099576589179,0.0274189880917191,-0.120520485299475,-0.191225324359054,-0.00641584232217365,0.0222912317446372,-0.0653386611050098,0,0,-0.0320563195244026,-0.0320563195244026,11488.32,23.1994288
-0.0433491166117345,0.183255104222416,1.97990357875824,0.0169369429349899,0.00719933304935694,-1.99149561192727,-0.00504248573697763,0.0891931390577412,0.106906231338371,0.00969723547574157,0.00423769637027688,-0.0887904699437555,0.803130328655243,0.0588800013065338,2.20008540153503,0.00781390239544343,0.00157641329970339,0.315614933692423,0.0235813004630933,-0.123047402927365,-0.219614165170765,-0.00175227806383523,-0.0126816983933721,-0.0212091842394546,0,0,-0.0351870196554555,-0.0351870196554555,11488.39,23.2661526
-0.0441217759657179,0.185605566909743,1.95102262496948,0.0173361003398895,0.00664299493655562,-1.98218655850625,-0.0231797806194998,0.0705138806198199,0.379200707898154,0.00319564818892273,0.00797343047440564,-0.145934809749813,0.804704010486603,0.0506888590753078,2.18436527252197,0.0101241274535922,7.66974557187335e-05,0.312071339560223,0.0224811690189359,-0.117016317586388,-0.224573271610263,0.0330032151156904,-0.021424512056456,-0.0506227733160452,0,0,-0.0387957172509068,-0.0387957172509068,11488.46,23.3328458
-0.0448944353197012,0.18795602959707,1.95102262496948,0.0173361003398895,0.00664299493655562,-1.98218655850625,-0.0231797806194998,0.0705138806198199,0.119272123799338,0.00223695373224591,0.00558140133208395,-0.102154366824869,0.806147575378418,0.0438902601599693,2.17132639884949,0.00915345950227952,-0.00213888992923333,0.306746659198999,0.0240594148637907,-0.11330998192327,-0.217314561209934,-0.0161777991886818,-0.0369264564161812,-0.0887446726878185,0,0,-0.042765670677364,-0.042765670677364,11488.52,23.3995422
-0.0456670946736845,0.190306492284398,1.95102262496948,0.0173361003398895,0.00664299493655562,-1.98218655850625,-0.0231797806194998,0.0705138806198199,0.119272123799338,0.00156586761257214,0.00390698093245876,-0.0715080567774086,0.808017194271088,0.035604365170002,2.15645551681519,0.0115295674275022,0.00339365214671717,0.304495278767322,0.0267088413239636,-0.118369928428597,-0.21244117191948,0.0339443989318942,0.0790363153710501,-0.0321625775955186,0,0,-0.0469600764502454,-0.0469600764502454,11488.59,23.4662148
-0.0458119268207042,0.192686077839738,1.89115917682648,0.0173361003398895,0.00664299493655562,-1.98218655850625,-0.00434496441059176,0.0713875666602073,0.674032384041864,0.00109610732880049,0.00273488665272113,-0.050055639744186,0.8099005818367,0.0276806429028511,2.13917851448059,0.015966714901098,-6.02560631049789e-05,0.299094966933212,0.0269055366517232,-0.11319603238834,-0.246814319066665,0.063387821051631,-0.0493415458548073,-0.0771473119161778,0,0,-0.0512351527126414,-0.0512351527126414,11488.66,23.5329008
-0.045956758967724,0.195065663395078,1.89115917682648,0.0173361003398895,0.00664299493655562,-1.98218655850625,-0.00434496441059176,0.0713875666602073,0.135261350754816,0.000767275130160346,0.00191442065690479,-0.0350389478209302,0.810816586017609,0.0205647610127926,2.12433123588562,0.0128784352918116,0.00323572586555533,0.294635495146786,0.0152667363485996,-0.118598031501982,-0.247454643251612,-0.0514713268218754,0.0549330321448048,-0.0743245297744008,0,0,-0.0554384128399145,-0.0554384128399145,11488.72,23.5995721
-0.0461310458820849,0.197440236856968,1.89115917682648,0.0187933631241322,0.0079204086214304,-1.97478258874154,-0.00522860743082969,0.0712372038566932,0.135284870069856,-0.0125782724670714,-0.0101566287040396,-0.0911629913570364,0.81244945526123,0.0124036967754364,2.10665011405945,0.0122395953807484,0.00021009597449845,0.289672781170029,0.0233267034798026,-0.116586631959686,-0.252587454654085,-0.00912628444356113,-0.043223284157012,-0.0708959139521146,0,0,-0.0594328525619554,-0.0594328525619554,11488.79,23.6664314
-0.0465883834227923,0.19944697047742,1.82924139499664,0.0188356228172779,0.00765777193009853,-1.96095526482797,-0.0137201262212218,0.0602020086135625,0.734101403353038,-0.00918512796526177,-0.00474590987084095,-0.188260009172093,0.813607573509216,0.00383120495826006,2.08840417861938,-0.0020699348719074,-0.00899599064264497,0.279542008587771,0.0165445463998665,-0.122464168817314,-0.260656220573419,-0.204421860753076,-0.131515523102596,-0.144725322604293,0,0,-0.0630608509694243,-0.0630608509694243,11488.86,23.73321
-0.0470457209634997,0.201453704097872,1.82924139499664,0.0188356228172779,0.00765777193009853,-1.96095526482797,-0.0137201262212218,0.0602020086135625,0.176841366884532,-0.00642958957568324,-0.00332213690958867,-0.131782006420465,0.81450480222702,-0.00312173971906304,2.071622133255,-0.000713170821466393,-0.00393882997658435,0.275507117046657,0.0149538119635262,-0.115882411289702,-0.279700756075372,0.0226127341742088,0.0842860111017258,-0.0672481923524657,0,0,-0.0661985211175865,-0.0661985211175865,11488.92,23.7999301
-0.0475030585042071,0.203460437718324,1.82924139499664,0.0188356228172779,0.00765777193009853,-1.96095526482797,-0.0137201262212218,0.0602020086135625,0.176841366884532,-0.00450071270297827,-0.00232549583671207,-0.0922474044943258,0.815535247325897,-0.0111024146899581,2.05117177963257,0.00117455770432184,-0.0041554924844217,0.269207778331434,0.014720644269732,-0.114009642441832,-0.292147908893165,0.0269675503685155,-0.0030951786834035,-0.0899905530749897,0,0,-0.0687420230577977,-0.0687420230577977,11488.99,23.8666171
-0.0489105941322079,0.205336047153993,1.78251504898071,0.0190284308046103,0.00690961256623268,-1.94478953149057,-0.0422260688400232,0.0562682830700694,0.614580072710493,-0.00488577077807588,0.00510558718909423,-0.210064783182649,0.816202998161316,-0.0187940690666437,2.02832531929016,0.00409111029935689,0.000203782762382405,0.26277052271006,0.00953929764887825,-0.109880776810251,-0.326378004892889,0.0416650370721024,0.0622753606688889,-0.0919607945914377,0,0,-0.0706115652504741,-0.0706115652504741,11489.06,23.9333118
-0.0503181297602087,0.207211656589662,1.78251504898071,0.0190284308046103,0.00690961256623268,-1.94478953149057,-0.0422260688400232,0.0562682830700694,0.194042958567121,-0.00342003954465312,0.00357391103236596,-0.147045348227854,0.817012786865234,-0.0256789587438107,2.00793743133545,0.00361150932247519,0.00142330117239812,0.255225359294452,0.0134964783983464,-0.114748161283611,-0.339798132571115,-0.00799334961452048,0.0203253068331516,-0.125752723590734,0,0,-0.0717525466359314,-0.0717525466359314,11489.12,24.0000001
-0.0517256653882094,0.209087266025331,1.78251504898071,0.0190284308046103,0.00690961256623268,-1.94478953149057,-0.0422260688400232,0.0562682830700694,0.194042958567121,-0.00239402768125718,0.00250173772265617,-0.102931743759498,0.817794978618622,-0.0334658622741699,1.98426723480225,0.0018830857459545,0.00136347739344626,0.248554663710636,0.0111741679055815,-0.111241479005595,-0.338145664761451,-0.0246917653789696,-0.000854625413601496,-0.0952956511977565,0,0,-0.0721403408729469,-0.0721403408729469,11489.19,24.0667803
-0.0531729362330541,0.210941648743274,1.71922647953033,0.019610557705164,0.00634983647614717,-1.92518747117257,-0.0434181253453409,0.055631481538284,0.763601147508092,-0.00691496148186336,0.00678920121662888,-0.248470763493587,0.818450272083282,-0.041438139975071,1.96017134189606,0.00158058007301533,0.000625260833874101,0.241618407728314,0.0093613352094767,-0.113889681441917,-0.344227041518416,-0.0043215096134347,-0.0105459508510747,-0.0990893711764521,0,0,-0.0717764664904553,-0.0717764664904553,11489.26,24.1336839
-0.0546202070778988,0.212796031461217,1.71922647953033,0.019610557705164,0.00634983647614717,-1.92518747117257,-0.0434181253453409,0.055631481538284,0.194004022454687,-0.00484047303730435,0.00475244085164021,-0.173929534445511,0.819196105003357,-0.0477031692862511,1.93952929973602,0.00657297814392717,-0.00131407667937546,0.232667394052597,0.0124305486680132,-0.104417155187222,-0.34403403600349,0.0832066345159037,-0.032322291887767,-0.149183561263212,0,0,-0.0706987118977761,-0.0706987118977761,11489.32,24.200347
-0.0560674779227435,0.214650414179159,1.71922647953033,0.019610557705164,0.00634983647614717,-1.92518747117257,-0.0434181253453409,0.055631481538284,0.194004022454687,-0.00338833112611304,0.00332670859614815,-0.121750674111858,0.82030975818634,-0.0557257235050201,1.91439414024353,0.0101223891944134,-0.00651846261825683,0.220146827904174,0.0159093311855433,-0.114607917411463,-0.359073707037103,0.0507058721500145,-0.0743483705557572,-0.178865230692499,0,0,-0.0689657289058175,-0.0689657289058175,11489.39,24.2670602
-0.0562680100409093,0.216240158045862,1.65408599376678,0.0181433502584696,0.00552563369274139,-1.90413511063791,-0.00601596354497228,0.0476923160010679,0.822757541523998,0.0108330352319702,0.00974652106795573,-0.274696716690312,0.820689141750336,-0.0630850940942764,1.88898074626923,0.0138094494848114,-0.00215637708606446,0.209986279549648,0.00541976519981543,-0.105133865558509,-0.363048485339278,0.0526722898616786,0.062315507601388,-0.145150690775778,0,0,-0.0666595700311438,-0.0666595700311438,11489.46,24.3338164
-0.056468542159075,0.217829901912564,1.65408599376678,0.0181433502584696,0.00552563369274139,-1.90413511063791,-0.00601596354497228,0.0476923160010679,0.236493169652049,0.00758312466237917,0.00682256474756901,-0.192287701683218,0.82124125957489,-0.0695672854781151,1.86424231529236,0.0157102480309946,0.00104545558114721,0.197332279772421,0.0078873974936677,-0.0926027340552229,-0.353406156813865,0.0271542649455874,0.0457404666746426,-0.180771425389698,0,0,-0.0638863744513729,-0.0638863744513729,11489.53,24.400492
-0.0566690742772408,0.219419645779266,1.65408599376678,0.0181433502584696,0.00552563369274139,-1.90413511063791,-0.00601596354497228,0.0476923160010679,0.236493169652049,0.00530818726366542,0.00477579532329831,-0.134601391178253,0.822483122348785,-0.0759909078478813,1.8428121805191,0.00380992155100983,-0.00918597583997311,0.191264167602575,0.0206977128984301,-0.107060372830346,-0.357168912890605,-0.198338774668097,-0.17052385702012,-0.101135202831624,0,0,-0.0607533304305149,-0.0607533304305149,11489.59,24.4672597
-0.0570927308199208,0.221319712627767,1.58948683738708,0.0181433502584696,0.00552563369274139,-1.90413511063791,-0.0127096962804024,0.0570020054550125,0.812740297852763,0.00371573108456579,0.00334305672630882,-0.094220973824777,0.822432100772858,-0.0831017792224884,1.81965029239655,0.0177383627000432,-0.000979951978772164,0.181476369618694,-0.000728879656113522,-0.101583876780524,-0.330884116037927,0.198977730701304,0.117228912303358,-0.139825685484601,0,0,-0.0573901364614221,-0.0573901364614221,11489.66,24.533941
-0.0575163873626009,0.223219779476267,1.58948683738708,0.0181433502584696,0.00552563369274139,-1.90413511063791,-0.0127096962804024,0.0570020054550125,0.231347890435465,0.00260101175919605,0.00234013970841617,-0.0659546816773439,0.822957992553711,-0.0891487151384354,1.80085825920105,0.0158772368946328,-0.000184540426681857,0.176500881332164,0.00876486301429559,-0.100782265266638,-0.313200553260919,-0.0310187634237694,0.0132568592016176,-0.0829248047762117,0,0,-0.0539146146696391,-0.0539146146696391,11489.72,24.600634
-0.0580220566362014,0.225099555002315,1.58948683738708,0.0206914078444242,0.00714079756289721,-1.87778818871713,-0.0151700782080159,0.0563932657814313,0.23134834931207,-0.0211118100421548,-0.012898377035511,-0.283290574461128,0.823929905891418,-0.0958316922187805,1.7800760269165,0.00346943628219919,-0.0106753689095045,0.172953438835725,0.0138844762526615,-0.095471101145704,-0.29688903262989,-0.177254294459469,-0.149868978322766,-0.0506777499480218,0,0,-0.0504457044233642,-0.0504457044233642,11489.79,24.6673107
-0.0583990698377019,0.228723493131748,1.52417075634003,0.0175336562097073,0.00891616847366095,-1.85380614068246,-0.0113103960450133,0.108718143882996,0.783392279609278,0.0136414976829446,-0.0250072021217314,-0.414141834434801,0.824174642562866,-0.102473601698875,1.75805270671844,0.0126882630736498,-0.00572646069184028,0.166115021411078,0.00349623816355388,-0.0948844211446075,-0.314618859973581,0.1316975255927,0.0706986888240684,-0.0976916774953621,0,0,-0.0470893591431434,-0.0470893591431434,11489.86,24.733996
-0.0587760830392023,0.232347431261181,1.52417075634003,0.0175336562097073,0.00891616847366095,-1.85380614068246,-0.0113103960450133,0.108718143882996,0.195547550185755,0.00954904837806119,-0.0175050414852119,-0.289899284104361,0.824263870716095,-0.109049424529076,1.73862648010254,0.0131359384642554,-0.00263233756362288,0.157756574726139,0.0012746879032733,-0.0939403261461076,-0.277517523085522,0.00639536272296328,0.0442017589747181,-0.119406381213909,0,0,-0.0439366867705644,-0.0439366867705644,11489.93,24.8007184
-0.0591530962407028,0.235971369390614,1.52417075634003,0.0175336562097073,0.00891616847366095,-1.85380614068246,-0.0113103960450133,0.108718143882996,0.195547550185755,0.00668433386464283,-0.0122535290396484,-0.202929498873053,0.823826432228088,-0.114656962454319,1.72328209877014,0.0177069663314413,-0.00772536661180388,0.146884333212211,-0.00729064146683842,-0.0934589654215163,-0.255739688875462,0.0761837977870784,-0.0848838174704039,-0.181204025233673,0,0,-0.0410636844361766,-0.0410636844361766,11489.99,24.8674338
-0.0591008616981075,0.237630464054053,1.45317411422729,0.0175336562097073,0.00891616847366095,-1.85380614068246,0.00156703627785773,0.0497728399031689,0.807868967979895,0.00467903370524998,-0.00857747032775385,-0.142050649211137,0.824355244636536,-0.120259761810303,1.70691800117493,0.0156207715620635,-0.00902723064776542,0.141016610352324,0.00755446297784949,-0.0800399908001004,-0.233772822789755,-0.0298027824198065,-0.0185980576566708,-0.0838246122844396,0,0,-0.0385231431742196,-0.0385231431742196,11490.06,24.934131
-0.0590486271555122,0.239289558717492,1.45317411422729,0.0175336562097073,0.00891616847366095,-1.85380614068246,0.00156703627785773,0.0497728399031689,0.168899188965308,0.00327532359367499,-0.0060042292294277,-0.0994354544477958,0.824146032333374,-0.126255691051483,1.69443106651306,0.0164720007241985,-0.00939083756816831,0.136827614227532,-0.00348687171928424,-0.0999321540174924,-0.208115577693211,0.0141871527019406,-0.00606011533991592,-0.0698166020783531,0,0,-0.0363443299199085,-0.0363443299199085,11490.12,25.0008192
-0.0590321199284334,0.240953361633411,1.45317411422729,0.0177926290780306,0.00847334135323763,-1.83293116357065,0.000495216812366537,0.0499140874775687,0.168881969576483,-3.80292993374435e-05,-0.000217516376789535,-0.257479612119805,0.823537290096283,-0.13285693526268,1.68238115310669,0.00487306585328419,-0.0124250048141784,0.129699876374292,-0.00869631767276565,-0.0943034887317764,-0.172141620091745,-0.16569906958518,-0.0433452463717527,-0.10182482647528,0,0,-0.0345342978250901,-0.0345342978250901,11490.19,25.067496
-0.059039274984338,0.242600118636478,1.40571737289429,0.0162007603794336,0.0102630462497473,-1.81333244111276,-0.000214651677139861,0.0494027100920075,0.596066593873345,0.0143001977778364,-0.0162596055323395,-0.356624230604835,0.822832524776459,-0.138361677527428,1.66775906085968,0.0115204451535842,-0.00899830207961919,0.12519613231923,-0.0100680759975307,-0.0786391752110072,-0.208887032101001,0.0949625614332522,0.048952896208192,-0.0643392007868614,0,0,-0.0330781542944709,-0.0330781542944709,11490.26,25.1341819
-0.0590464300402427,0.244246875639545,1.40571737289429,0.0162007603794336,0.0102630462497473,-1.81333244111276,-0.000214651677139861,0.0494027100920075,0.168955921876275,0.0100101384444855,-0.0113817238726377,-0.249636961423385,0.821452379226685,-0.145170167088509,1.65437161922455,0.00464460607996508,-0.00600803219236567,0.114240953197206,-0.0197163649968558,-0.0972641365872749,-0.191249166216964,-0.0982262724806815,0.0427181412466566,-0.156502558886713,0,0,-0.0319420374689394,-0.0319420374689394,11490.33,25.200917
-0.0590535850961474,0.245893632642612,1.40571737289429,0.0162007603794336,0.0102630462497473,-1.81333244111276,-0.000214651677139861,0.0494027100920075,0.168955921876275,0.00700709691113983,-0.00796720671084635,-0.174745872996369,0.820393025875092,-0.149990528821945,1.64315462112427,0.00380909209677424,-0.00123352042148783,0.114414835061277,-0.0176558891933668,-0.080339362224625,-0.1869499683396,-0.0139252330532989,0.0795751961819728,0.00289803106787384,0,0,-0.0310778386559962,-0.0310778386559962,11490.39,25.2676602
-0.0597445366622138,0.247089150681866,1.36777853965759,0.0162007603794336,0.0102630462497473,-1.81333244111276,-0.0207285469819943,0.035865541177623,0.473460272896039,0.00490496783779788,-0.00557704469759245,-0.122322111097458,0.81856095790863,-0.154915437102318,1.63020753860474,0.00678573033973496,-0.006070737161927,0.111996730427996,-0.0261723995203027,-0.070355832575216,-0.184958321703552,0.0425234034699392,-0.0691030962904798,-0.0345443519032553,0,0,-0.0304244469422121,-0.0304244469422121,11490.46,25.3344583
-0.0604354882282803,0.24828466872112,1.36777853965759,0.0162007603794336,0.0102630462497473,-1.81333244111276,-0.0207285469819943,0.035865541177623,0.13201077376579,0.00343347748645851,-0.00390393128831471,-0.0856254777682209,0.817622482776642,-0.160262614488602,1.61856365203857,0.00208521141958764,-0.00424262586753905,0.101852806911278,-0.0156412521999415,-0.0891196231054877,-0.194064776104349,-0.0783419820031204,0.0304685215733912,-0.169065391946742,0,0,-0.0299153553533155,-0.0299153553533155,11490.52,25.4011884
-0.0611264397943468,0.249480186760374,1.36777853965759,0.0162007603794336,0.0102630462497473,-1.81333244111276,-0.0207285469819943,0.035865541177623,0.13201077376579,0.00240343424052096,-0.0027327519018203,-0.0599378344377546,0.815960168838501,-0.165842026472092,1.60544276237488,0.0123559587433087,0.00753928049154051,0.0971833113931698,-0.0237473419735397,-0.0797058854787598,-0.187441280910726,0.146724961768053,0.168312947987551,-0.066707078830392,0,0,-0.0294804345222634,-0.0294804345222634,11490.59,25.4679113
-0.0612766399117586,0.250102652573583,1.36777853965759,0.0162007603794336,0.0102630462497473,-1.81333244111276,-0.00450600352235519,0.0186739743962692,0.112543932102135,0.00168240396836467,-0.00191292633127421,-0.0419564841064282,0.814445614814758,-0.171270951628685,1.59297037124634,0.010391844632634,0.00862139933747579,0.0953224270853268,-0.0216364860535568,-0.0775560736659413,-0.178177016122741,-0.028058773009755,0.0154588406562825,-0.0265840615407249,0,0,-0.0290531309068225,-0.0290531309068225,11490.66,25.5346679
-0.0614268400291705,0.250725118386792,1.36777853965759,0.0162007603794336,0.0102630462497473,-1.81333244111276,-0.00450600352235519,0.0186739743962692,0.112543932102135,0.00117768277785527,-0.00133904843189195,-0.0293695388744998,0.812383711338043,-0.176599621772766,1.57855916023254,0.00751952893322881,0.00562825903410403,0.0902467387180188,-0.0294557639531952,-0.0761238592014753,-0.205874443055055,-0.0410330814202443,-0.0427591471912029,-0.0725098338189864,0,0,-0.0285752233615582,-0.0285752233615582,11490.73,25.6014036
-0.0615937914630835,0.251365145980733,1.33787405490875,0.0169194843620062,0.00620262557640672,-1.78493201997018,-0.00500854301739201,0.0192008278182303,0.381630433678168,-0.00564413789865431,0.0356064521577407,-0.276162467495353,0.81083744764328,-0.181153103709221,1.56794059276581,0.00958298368968443,0.00661721122193281,0.0871180607510626,-0.0257710615788239,-0.075891365605923,-0.176976124441734,0.0343909126068429,0.0164825364634532,-0.0521446327814662,0,0,-0.0279991887087016,-0.0279991887087016,11490.79,25.6682014
-0.0619559933109858,0.251785245504171,1.30175423622131,0.0150671023875475,0.00719603290781379,-1.77315819527841,-0.0108660554370673,0.0126029857031327,0.430252449378494,0.0127205412410702,0.0159838505277548,-0.299278149472699,0.809105634689331,-0.186332076787949,1.55720686912537,0.00994267283391229,0.00799362801852872,0.0845963631153174,-0.0247401850565168,-0.0739853296964179,-0.153338909149807,0.00513841634613368,0.019663097094309,-0.0360242519393659,0,0,-0.0272937072342999,-0.0272937072342999,11490.86,25.7349814
-0.062318195158888,0.252205345027609,1.30175423622131,0.0150671023875475,0.00719603290781379,-1.77315819527841,-0.0108660554370673,0.0126029857031327,0.105174081191543,0.00890437886874916,0.0111886953694284,-0.209494704630889,0.807673394680023,-0.190308094024658,1.54869699478149,0.00583684351872732,0.00451771035162566,0.080289690836162,-0.0238706668220003,-0.0662669539457224,-0.141831239065738,-0.068430488586997,-0.0579319611155427,-0.0717778713198665,0,0,-0.026444772024973,-0.026444772024973,11490.92,25.8016964
-0.0626803970067903,0.252625444551047,1.30175423622131,0.0150671023875475,0.00719603290781379,-1.77315819527841,-0.0108660554370673,0.0126029857031327,0.105174081191543,0.00623306520812441,0.00783208675859987,-0.146646293241623,0.805504679679871,-0.194996550679207,1.54070734977722,0.0141774686572353,0.00981538740802716,0.0745687010991973,-0.0309816428594515,-0.0669779522081163,-0.114137785775795,0.119151787693467,0.0756811008060503,-0.0817284248141217,0,0,-0.0254554023830265,-0.0254554023830265,11490.99,25.8683947
-0.0640491667055712,0.253078669387753,1.26126718521118,0.0150671023875475,0.00719603290781379,-1.77315819527841,-0.041063090963428,0.0135967451011997,0.451284161725198,0.00436314564568709,0.00548246073101991,-0.102652405269136,0.803651034832001,-0.199499562382698,1.53209602832794,0.0107514951291543,-0.000262357698616075,0.0716922612162873,-0.0264806406839654,-0.0643287386215705,-0.123018877847366,-0.0489424789727895,-0.143967787238359,-0.0410919983274564,0,0,-0.0243456361820188,-0.0243456361820188,11491.06,25.9351518
-0.0654179364043521,0.25353189422446,1.26126718521118,0.0150671023875475,0.00719603290781379,-1.77315819527841,-0.041063090963428,0.0135967451011997,0.0869007026340115,0.00305420195198096,0.00383772251171394,-0.0718566836883951,0.801537215709686,-0.204425290226936,1.52400231361389,0.0187140541562662,0.0045568077773677,0.0666734885303713,-0.0301974160324045,-0.0703675406304395,-0.11562449591248,0.113750843241973,0.0688452210839797,-0.071696752654377,0,0,-0.023155021939698,-0.023155021939698,11491.13,26.0018603
-0.0667928188488941,0.253977117714366,1.26126718521118,0.0157629586756229,0.00625594798475504,-1.76412833001352,-0.041246473336258,0.013356704697178,0.0868763849226758,-0.00412476522629235,0.0111471700657285,-0.13156846596591,0.799766480922699,-0.207989677786827,1.51737022399902,0.0164618391209686,0.00409250922869515,0.0636812055784731,-0.0295122464500389,-0.0594064593320167,-0.110534826915408,-0.0375369172552789,-0.00773830914460815,-0.0498713825320614,0,0,-0.0219333354789388,-0.0219333354789388,11491.19,26.0686366
-0.0681706267280981,0.254404316513629,1.23105239868164,0.0153319574892521,0.00808556936681271,-1.7566810872767,-0.04133423637612,0.012815963977888,0.358828934553592,0.000991675018933002,-0.00866357339250906,-0.159123110807484,0.79741382598877,-0.211500629782677,1.50912535190582,0.0181280312092945,0.00338690355819834,0.0585435980055987,-0.0336093561991318,-0.0501564570837744,-0.117783887046214,0.0238027441190404,-0.0100800810071392,-0.0733943938985097,0,0,-0.0207448317920564,-0.0207448317920564,11491.26,26.1353801
-0.0695484346073021,0.254831515312892,1.23105239868164,0.0153319574892521,0.00808556936681271,-1.7566810872767,-0.04133423637612,0.012815963977888,0.0868958557877224,0.000694172513253101,-0.00606450137475634,-0.111386177565239,0.79401820898056,-0.212864011526108,1.49973356723785,0.0098996035499551,-0.019895027892574,0.0455114310778758,-0.0565936168039675,-0.0227230290573777,-0.156529744467475,-0.137140460990154,-0.388032190849499,-0.217202782130559,0,0,-0.0196582941266359,-0.0196582941266359,11491.32,26.2020818
-0.0709262424865061,0.255258714112155,1.23105239868164,0.0153319574892521,0.00808556936681271,-1.7566810872767,-0.04133423637612,0.012815963977888,0.0868958557877224,0.000485920759277171,-0.00424515096232944,-0.0779703242956674,0.791696548461914,-0.216802209615707,1.49214804172516,0.00941675193857017,-0.0208435384496127,0.0528428239482856,-0.0331665788379413,-0.0562599727087998,-0.108364650181812,-0.00689788016267056,-0.0135501508148953,0.104734183863433,0,0,-0.01874294822571,-0.01874294822571,11491.39,26.2687993
-0.0715418839408256,0.255445430069253,1.20931816101074,0.0164626184850931,0.00671273842453957,-1.750631215832,-0.0184692436295868,0.00560147871293475,0.277254125408243,-0.00983580443107522,0.00938387280682765,-0.109028070009287,0.788559973239899,-0.219909757375717,1.48424053192139,0.00956271447317763,-0.0202453159573644,0.0403589265233842,-0.0448082174563845,-0.0443935394277419,-0.112964425765705,0.0020851790657753,0.00854603560336011,-0.178341391780413,0,0,-0.0180651460233469,-0.0180651460233469,11491.46,26.3356062
-0.0721575253951452,0.25563214602635,1.20931816101074,0.0164626184850931,0.00671273842453957,-1.750631215832,-0.0184692436295868,0.00560147871293475,0.0816459863701575,-0.00688506310175265,0.00656871096477936,-0.0763196490065006,0.786145627498627,-0.224122032523155,1.47774970531464,0.00296077466236199,0.00203957702997001,0.0502457220734419,-0.0402390956882078,-0.0702045857912301,-0.10818044344676,-0.110032330181195,0.371414883125394,0.164779925835694,0,0,-0.0176852213518634,-0.0176852213518634,11491.52,26.4023156
-0.0727731668494647,0.255818861983448,1.20931816101074,0.0164626184850931,0.00671273842453957,-1.750631215832,-0.0184692436295868,0.00560147871293475,0.0816459863701575,-0.00481954417122686,0.00459809767534555,-0.0534237543045504,0.783195495605469,-0.223615080118179,1.4695839881897,0.0024355325227781,-0.0291251787790744,0.0145974657495326,-0.0421447413310032,0.00724217721397141,-0.116653101785327,-0.00750345913694399,-0.445210797273914,-0.509260804629394,0,0,-0.0176474144739295,-0.0176474144739295,11491.59,26.4690107
-0.0736219911583093,0.25614924522769,1.20931816101074,0.0164626184850931,0.00671273842453957,-1.750631215832,-0.0254647292653377,0.00991149732726389,0.0708515675377504,-0.0033736809198588,0.00321866837274188,-0.0373966280131853,0.780480980873108,-0.230037942528725,1.46316647529602,0.00619289813784554,0.00306532142191021,0.0445207394696109,-0.0387787818910304,-0.0917551772938865,-0.0916787556243348,0.0536766516440437,0.459864288587406,0.427475338860039,0,0,-0.0179797070062556,-0.0179797070062556,11491.66,26.535651
-0.0744708154671539,0.256479628471932,1.20931816101074,0.0164626184850931,0.00671273842453957,-1.750631215832,-0.0254647292653377,0.00991149732726389,0.0708515675377504,-0.00236157664390116,0.00225306786091932,-0.0261776396092297,0.776683568954468,-0.232154086232185,1.45639729499817,0.000446595294992757,-0.0030139744553894,0.0411620419922474,-0.0542487416950846,-0.0302306243352785,-0.0967025756839958,-0.0820900406125239,-0.0868470839617841,-0.0479813925339626,0,0,-0.018692083295058,-0.018692083295058,11491.73,26.6024119
-0.0753151079493998,0.256800754030717,1.19392883777618,0.0142650473862886,0.00713821407407522,-1.7429145601008,-0.0253287744673773,0.00963376676354573,0.209398113754666,0.0181250362385095,-0.00225213334317738,-0.0877742493072713,0.773878335952759,-0.2355587631464,1.44977653026581,0.0119668545120213,0.00837066028906782,0.0440620926983268,-0.0467538833607959,-0.0567446152356795,-0.110346078870272,0.192004320279618,0.189743912403479,0.0483341784336015,0,0,-0.0197686180632584,-0.0197686180632584,11491.79,26.6690562
-0.0756135779276505,0.257163648399604,1.18446016311646,0.0176922474056482,0.0064205783419311,-1.73478925492502,-0.00895409934751972,0.0108868310666004,0.14674315080169,-0.0181572748072797,0.00488222824907289,-0.134569721097121,0.770514190196991,-0.237949296832085,1.44033885002136,0.0065214482725983,0.00421789286018271,0.0378244467680852,-0.0480592250825973,-0.034150481224202,-0.134824003492643,-0.0777915177063659,-0.0593252489843196,-0.089109227575251,0,0,-0.0211781167580183,-0.0211781167580183,11491.86,26.7358746
-0.0759120479059011,0.257526542768491,1.18446016311646,0.0176922474056482,0.0064205783419311,-1.73478925492502,-0.00895409934751972,0.0108868310666004,0.0615250788641292,-0.0127100923650958,0.00341755977435102,-0.0941988047679848,0.76766562461853,-0.2396220266819,1.43269991874695,0.00789090524898448,0.00435065886036594,0.0443382212566095,-0.0474760929747479,-0.0278788308304928,-0.127315521241315,0.0228242829399634,0.00221276666973926,0.108562908142994,0,0,-0.0228563521017797,-0.0228563521017797,11491.92,26.8025824
-0.0762105178841518,0.257889437137377,1.18446016311646,0.0176922474056482,0.0064205783419311,-1.73478925492502,-0.00895409934751972,0.0108868310666004,0.0615250788641292,-0.00889706465556704,0.00239229184204572,-0.0659391633375894,0.76413106918335,-0.240764975547791,1.42280256748199,0.00557615606277796,0.00050354009322517,0.0387603861973873,-0.0504936490742194,-0.0163278409413608,-0.141390732357068,-0.0330678455173734,-0.0549588395308109,-0.07968335798922,0,0,-0.0247269652772999,-0.0247269652772999,11491.99,26.8693177
-0.0760980781956728,0.25826710322065,1.16020059585571,0.0176922474056482,0.0064205783419311,-1.73478925492502,0.00337319065436863,0.0113299824981718,0.302463513347745,-0.00622794525889693,0.001674604289432,-0.0461574143363126,0.76008540391922,-0.242608442902565,1.4125440120697,0.00462529968142458,-0.0115478246575245,0.0300411297185661,-0.0577952180592351,-0.0263352479254591,-0.146550791604788,-0.013583662590819,-0.172162353582854,-0.124560806840822,0,0,-0.0266901789750689,-0.0266901789750689,11492.06,26.9359794
-0.0759856385071939,0.258644769303922,1.16020059585571,0.0176922474056482,0.0064205783419311,-1.73478925492502,0.00337319065436863,0.0113299824981718,0.0841274080010652,-0.00435956168122785,0.0011722230026024,-0.0323101900354188,0.757062315940857,-0.243700787425041,1.40235447883606,0.0124276181678088,-0.00375727597756741,0.0259028172639859,-0.0503847996382842,-0.0182057420408725,-0.169825553890336,0.130038641436899,0.12984247799645,-0.0689718742414965,0,0,-0.0286386475618045,-0.0286386475618045,11492.12,27.00267
-0.0758656615599191,0.259019280625463,1.16020059585571,0.0151142124086618,0.00697941845282912,-1.72869575288034,0.0035993084182435,0.0112353396462194,0.0841290360508444,0.020150621796018,-0.00420900489626048,-0.0774586514268928,0.751943349838257,-0.245618358254433,1.39143180847168,0.00602471091468045,-0.00242372508836018,0.0290647927613674,-0.0731280871803054,-0.0273938689914207,-0.156038148063219,-0.0914701036165,0.0190507269887538,0.0451710785342086,0,0,-0.0304528596731918,-0.0304528596731918,11492.19,27.0693678
-0.0757624488033434,0.259390966465833,1.12559497356415,0.0184920914471149,0.00840897113084793,-1.72194040086007,0.00309638269727054,0.0111505752111019,0.395594967871998,-0.0162954760888653,-0.0158122775295516,-0.115019224181198,0.74797135591507,-0.247211113572121,1.38118863105774,0.00806155495992188,0.00300797154257526,0.0256758455223334,-0.0567427703314824,-0.0227536473956373,-0.146331105914043,0.0290977720749985,0.0775956661565431,-0.0484135319864016,0,0,-0.0320113806098236,-0.0320113806098236,11492.26,27.1360973
-0.0756592360467677,0.259762652306203,1.12559497356415,0.0184920914471149,0.00840897113084793,-1.72194040086007,0.00309638269727054,0.0111505752111019,0.0841443672479136,-0.0114068332622057,-0.0110685942706861,-0.0805134569268386,0.744432747364044,-0.247887194156647,1.37009525299072,0.00646611906478361,-0.00337250741455157,0.0227980515840999,-0.0505515507291443,-0.00965829406469819,-0.158476829529467,-0.0227919413592129,-0.0911496993879051,-0.0411113419749346,0,0,-0.0331933712128185,-0.0331933712128185,11492.33,27.2027679
-0.075556023290192,0.260134338146573,1.12559497356415,0.0184920914471149,0.00840897113084793,-1.72194040086007,0.00309638269727054,0.0111505752111019,0.0841443672479136,-0.00798478328354401,-0.00774801598948029,-0.056359419848787,0.739521861076355,-0.24916598200798,1.35935068130493,0.00537269289938803,-0.00192316981523885,0.0221684487751719,-0.0818481047955149,-0.0213131308557412,-0.179076194764704,-0.0182237694234144,0.0241556266554171,-0.0104933801488899,0,0,-0.0338908698286608,-0.0338908698286608,11492.39,27.2694967
-0.0763818403464201,0.260200132798842,1.08904540538788,0.0156787857413292,0.00870289746671915,-1.71568215157724,-0.0247745116868419,0.0019738395680557,0.444519614969006,0.019730403053591,-0.00806894821547718,-0.0957758374396831,0.735018312931061,-0.250222206115723,1.34884214401245,-0.000247708868379105,0.0183789850093615,0.0258969625488365,-0.0643364020742269,-0.0150889158245608,-0.150121961317873,-0.0802914538234922,0.290030783202245,0.0532644824797604,0,0,-0.0340073783914352,-0.0340073783914352,11492.46,27.3361773
-0.0772076574026482,0.26026592745111,1.08904540538788,0.0156787857413292,0.00870289746671915,-1.71568215157724,-0.0247745116868419,0.0019738395680557,0.115573501382581,0.0138112821375137,-0.00564826375083402,-0.0670430862077782,0.730824053287506,-0.251704394817352,1.33876204490662,-0.00267726101220787,0.0154701648695246,0.0162163537283709,-0.0699043273931715,-0.0247031450273703,-0.168001651765342,-0.0404925357308231,-0.0484803356643602,-0.161343480342462,0,0,-0.0334676356405604,-0.0334676356405604,11492.52,27.4028978
-0.0780334744588762,0.260331722103379,1.08904540538788,0.0156787857413292,0.00870289746671915,-1.71568215157724,-0.0247745116868419,0.0019738395680557,0.115573501382581,0.00966789749625957,-0.00395378462558382,-0.0469301603454447,0.726019740104675,-0.251464992761612,1.32730269432068,0.00210668797507902,0.0230995371629851,0.0121385605887191,-0.0686330454692969,0.0034200293677336,-0.163705008371216,0.0683421283900968,0.108991032764176,-0.0582541877095549,0,0,-0.0322212167182942,-0.0322212167182942,11492.59,27.4695665
-0.0788690380604189,0.260022132855347,1.08904540538788,0.0156787857413292,0.00870289746671915,-1.71568215157724,-0.0250669080462812,-0.00928767744095213,0.122401224408614,0.0067675282473817,-0.00276764923790867,-0.0328511122418113,0.720399498939514,-0.251295268535614,1.31608867645264,-0.010726674916934,0.0170095212261725,0.00897805889218999,-0.0802891595026357,0.00242463179998044,-0.160200255258409,-0.183333755600949,-0.0870002276691133,-0.0451500242363171,0,0,-0.0302412715428393,-0.0302412715428393,11492.66,27.5363109
-0.0797046016619616,0.259712543607315,1.08904540538788,0.0156787857413292,0.00870289746671915,-1.71568215157724,-0.0250669080462812,-0.00928767744095213,0.122401224408614,0.00473726977316719,-0.00193735446653607,-0.0229957785692679,0.71412068605423,-0.252587169408798,1.3049144744873,0.0014333400641952,0.0203333013015302,0.000650865594152685,-0.0896973269330076,-0.0184557267598511,-0.159631456648264,0.17371449973114,0.0474825725053066,-0.11895990425817,0,0,-0.0275318465808618,-0.0275318465808618,11492.73,27.6031022
-0.0805324659581927,0.259401381048748,1.04091835021973,0.0151513600721955,0.00727654807269573,-1.70440781380868,-0.0248359288869329,-0.00933487675702391,0.555566031338635,0.00806291986342,0.0114809964196355,-0.11756608491548,0.709463536739349,-0.253131717443466,1.29649817943573,0.000771530262567312,0.0289739707959737,-0.0049348636733553,-0.0776191552463119,-0.00907580057760137,-0.14027158418985,-0.0110301633602241,0.144011158237582,-0.0930954877897677,0,0,-0.024131636689369,-0.024131636689369,11492.79,27.6698502
-0.0811817431366679,0.258314280721418,1.00857555866241,0.0165450591593981,0.0069160726852715,-1.69118583466745,-0.0194783153542552,-0.0326130098198866,0.392819716737581,-0.00689924788042894,0.0112809759805629,-0.201294071711954,0.703106641769409,-0.254025667905807,1.28823781013489,0.00169936568089163,0.0216357652322127,-0.0157754557728998,-0.0908127852852374,-0.0127707208906432,-0.118005275726809,0.0132547916904025,-0.104831508054165,-0.154865601422708,0,0,-0.0201053063580813,-0.0201053063580813,11492.86,27.7365654
-0.0818310203151431,0.257227180394089,1.00857555866241,0.0165450591593981,0.0069160726852715,-1.69118583466745,-0.0194783153542552,-0.0326130098198866,0.101734592721773,-0.00482947351630026,0.00789668318639405,-0.140905850198368,0.696755588054657,-0.254408925771713,1.28144562244415,0.00990464044865358,0.0245366863246177,-0.0201972447483449,-0.0907293387825515,-0.00547511237010507,-0.0970312527251872,0.117218210968515,0.041441729891673,-0.0631684139351926,0,0,-0.0155428636142765,-0.0155428636142765,11492.93,27.803268
-0.0824802974936182,0.256140080066759,1.00857555866241,0.0165450591593981,0.0069160726852715,-1.69118583466745,-0.0194783153542552,-0.0326130098198866,0.101734592721773,-0.00338063146141018,0.00552767823047584,-0.0986340951388574,0.691672623157501,-0.253201693296432,1.27643489837646,-0.00607186163772677,0.0265091047577816,-0.0153224171040389,-0.0847160816199818,0.0201205412548502,-0.0835120677955087,-0.266275034775266,0.0328736405530109,0.0812471274057898,0,0,-0.0105561845993794,-0.0105561845993794,11492.99,27.8699834
-0.0836326157745489,0.254799739404785,0.989829123020172,0.0165450591593981,0.0069160726852715,-1.69118583466745,-0.0345695484279201,-0.0402102198592174,0.219166468245943,-0.00236644202298713,0.00386937476133309,-0.0690438665972002,0.685042917728424,-0.254175096750259,1.27248525619507,0.00311335875227718,0.0223508285774651,-0.025082011554085,-0.0947100775586387,-0.0139057636261564,-0.0564234597344701,0.131217434143459,-0.0594039454333396,-0.139422777858381,0,0,-0.00528145867140294,-0.00528145867140294,11493.06,27.9366562
-0.0847849340554796,0.253459398742811,0.989829123020172,0.0165450591593981,0.0069160726852715,-1.69118583466745,-0.0345695484279201,-0.0402102198592174,0.0504485474657609,-0.00165650941609099,0.00270856233293316,-0.0483307066180401,0.67876809835434,-0.254708796739578,1.26971006393433,0.0125219915795644,0.023796667477516,-0.0313660559239492,-0.0896402767706787,-0.0076242855615314,-0.039645603724023,0.134409040386883,0.0206548414288476,-0.0897720624246721,0,0,0.000150762619354288,0.000150762619354288,11493.13,28.00346
-0.0859174590970547,0.252105039288195,0.989829123020172,0.0162411704659462,0.00606385059654713,-1.67720806863046,-0.0339757512472533,-0.0406307836384769,0.0504810906498677,0.00157544164980324,0.00956599243157259,-0.159631388965514,0.67236053943634,-0.253558993339539,1.26875269412994,-0.00809899183660421,0.0125007681044978,-0.0348653145467962,-0.106792648634228,0.0191633900008239,-0.0159561634065075,-0.34368305693906,-0.188264989551903,-0.058320977047945,0,0,0.00557043867351345,0.00557043867351345,11493.19,28.0701603
-0.087035485518651,0.250739551410147,0.982194602489471,0.014868201687932,0.00664641615003347,-1.66886484887338,-0.0335407926478881,-0.0409646363414465,0.119202092734787,0.0134595281569899,0.00145310472072368,-0.18683095008958,0.665858566761017,-0.25329002737999,1.26762616634369,0.00768039166483655,0.00250415604908111,-0.0358819418930352,-0.0928853239335788,0.00384237085071526,-0.0160932540894224,0.225419764307234,-0.142808743649403,-0.0145232478034743,0,0,0.0108361267672015,0.0108361267672015,11493.26,28.1368726
-0.0881535119402472,0.249374063532099,0.982194602489471,0.014868201687932,0.00664641615003347,-1.66886484887338,-0.0335407926478881,-0.0409646363414465,0.0504914079584813,0.00942166970989294,0.00101717330450658,-0.130781665062706,0.6597740650177,-0.252079635858536,1.26724207401276,0.00679637645458741,0.0110870240264704,-0.0342842383003069,-0.0869214534763135,0.0172913074494127,-0.0054870332990602,-0.0126287887178973,0.1226123996775,0.0228243370390699,0,0,0.015814259351795,0.015814259351795,11493.33,28.203745
-0.0892715383618435,0.248008575654051,0.982194602489471,0.014868201687932,0.00664641615003347,-1.66886484887338,-0.0335407926478881,-0.0409646363414465,0.0504914079584813,0.00659516879692506,0.000712021313154605,-0.0915471655438944,0.654587924480438,-0.25073567032814,1.26966726779938,0.00596734982539433,0.0120923564459855,-0.033126272484983,-0.0864356756217664,0.0223994255067819,0.040419896444028,-0.0138171104866686,0.016755540325394,0.019299430255563,0,0,0.0203497170644344,0.0203497170644344,11493.39,28.2704575
-0.0907371812033495,0.2477015287248,0.971973299980164,0.014868201687932,0.00664641615003347,-1.66886484887338,-0.043969285245181,-0.00921140787752314,0.0776280737089892,0.00461661815784754,0.000498414919208224,-0.0640830158807261,0.648547053337097,-0.24897538125515,1.27291512489319,-0.00538519217246152,0.00255604752219241,-0.0391699546739536,-0.0862981591887029,0.0251469867564571,0.046397958482002,-0.162179171394401,-0.136232984622642,-0.0863383169834101,0,0,0.0243437051599795,0.0243437051599795,11493.46,28.3371938
-0.0922028240448556,0.247394481795549,0.971973299980164,0.014868201687932,0.00664641615003347,-1.66886484887338,-0.043969285245181,-0.00921140787752314,-0.0143636488747815,0.00323163271049328,0.000348890443445756,-0.0448581111165082,0.639793694019318,-0.249632492661476,1.27892446517944,-0.0025540104427441,0.00121490474510056,-0.0465116835837471,-0.125047990254513,-0.00938730580470037,0.0858477183754267,0.0404454532818456,-0.0191591825299633,-0.104881841568915,0,0,0.0277041133717906,0.0277041133717906,11493.53,28.4039047
-0.0936682396725674,0.247080324114196,0.971973299980164,0.0133830849081278,0.00525510124862194,-1.66460049416757,-0.0439624688313562,-0.00942473044059839,-0.0143059465087015,0.0156281939155834,0.0127660574231158,-0.0697798701338507,0.63346266746521,-0.248734980821609,1.28508710861206,-0.00451417110381881,0.00100796966655491,-0.0443515334044597,-0.105517109236023,0.0149585306645709,0.102710723877825,-0.0326693443515226,-0.00344891797579001,0.0360025029884297,0,0,0.0303701357447543,0.0303701357447543,11493.59,28.4706135
-0.0948050420115591,0.245797591311274,0.971973299980164,0.0133830849081278,0.00525510124862194,-1.66460049416757,-0.0341040701697488,-0.0384819840876591,-0.0704239142640486,0.0109397357409084,0.00893624019618108,-0.0488459090936955,0.62625390291214,-0.246944606304169,1.29261696338654,-0.0067311056177625,0.00406516434927647,-0.0415153255735278,-0.102982350758572,0.0255767788206891,0.10756935392152,-0.0316704930564702,0.0436742097533467,0.0405172547277668,0,0,0.0323084090244998,0.0323084090244998,11493.66,28.537317
-0.0959418443505507,0.244514858508352,0.971973299980164,0.0133830849081278,0.00525510124862194,-1.66460049416757,-0.0341040701697488,-0.0384819840876591,-0.0704239142640486,0.00765781501863585,0.00625536813732676,-0.0341921363655868,0.618940949440002,-0.245299786329269,1.30310547351837,-0.00375179182271161,0.00555773237566172,-0.0365576286010963,-0.104470763888112,0.0234974282129447,0.149835859026851,0.0425616256437611,0.0213224003770208,0.0708242424636008,0,0,0.0335157905237672,0.0335157905237672,11493.73,28.6040331
-0.0970852708135772,0.243237119159059,0.987197458744049,0.0114537812769413,0.00642200512811542,-1.66504180695749,-0.0343027938907957,-0.0383321804787898,-0.207434082138183,0.0227242031937235,-0.00612337721931255,-0.0199626803466579,0.612737655639648,-0.243172943592072,1.31220686435699,-0.0146683043266863,0.00271020523938132,-0.0358941024137064,-0.103388230003643,0.0354473789525242,0.151689847307073,-0.181941875062274,-0.0474587856036374,0.0110587697895907,0,0,0.0340175453046842,0.0340175453046842,11493.79,28.6707681
-0.0988568773608339,0.241354199720316,1.01936888694763,0.0107618933543563,0.00569003541022539,-1.67193496491647,-0.0531481964177015,-0.0564875831622983,-0.408762870993778,0.0221339335388715,0.00230136340749144,0.0480645453881989,0.605783879756927,-0.240857511758804,1.32408916950226,-0.000595322643757244,0.00638736664714698,-0.0322547755941305,-0.0993396554678551,0.0330775976182406,0.169747216361615,0.201042595471251,0.0525308772540134,0.0519903831370147,0,0,0.0338661045847012,0.0338661045847012,11493.86,28.737506
-0.100628483908091,0.239471280281572,1.01936888694763,0.0107618933543563,0.00569003541022539,-1.67193496491647,-0.0531481964177015,-0.0564875831622983,-0.119220017161533,0.0154937534772101,0.001610954385244,0.0336451817717392,0.599355161190033,-0.23633474111557,1.33335590362549,-0.00850389679472032,-0.0168417251406537,-0.0353577263201664,-0.0918388366703037,0.0646110091893294,0.132381916046693,-0.112979630728514,-0.331844168398532,-0.0443278675149824,0,0,0.0331386443622602,0.0331386443622602,11493.93,28.8042196
-0.102400090455347,0.237588360842829,1.01936888694763,0.0107618933543563,0.00569003541022539,-1.67193496491647,-0.0531481964177015,-0.0564875831622983,-0.119220017161533,0.010845627434047,0.0011276680696708,0.0235516272402175,0.591361403465271,-0.236871659755707,1.3439302444458,-0.0078183860760547,-0.00373826256336803,-0.020240473424116,-0.13322929541383,-0.00894864400235461,0.176239013673371,0.011425178644524,0.218391042956615,0.251954214936312,0,0,0.031931261056386,0.031931261056386,11493.99,28.8709475
-0.104240232969725,0.235329381872009,1.01936888694763,0.0107618933543563,0.00569003541022539,-1.67193496491647,-0.0552042754313279,-0.0677693691246132,-0.106951581670982,0.00759193920383293,0.000789367648769562,0.0164861390681522,0.584588706493378,-0.232057929039001,1.3543084859848,-0.0163720823659059,-0.0039981481314528,-0.0238717031332483,-0.0967528138845924,0.0687675816675048,0.148260593414923,-0.122195661284097,-0.00371265097265502,-0.0518747101306779,0,0,0.0303562272888019,0.0303562272888019,11494.06,28.9376215
-0.106080375484103,0.233070402901188,1.01936888694763,0.0107618933543563,0.00569003541022539,-1.67193496491647,-0.0552042754313279,-0.0677693691246132,-0.106951581670982,0.00531435744268305,0.000552557354138693,0.0115402973477066,0.578204333782196,-0.228695675730705,1.36600518226624,-0.0104970464064204,-0.00620418002441073,-0.0185839996302166,-0.0912053244434612,0.0480321901174688,0.167095661159683,0.0839290851336758,-0.0315147413272826,0.0755386214702332,0,0,0.0285295470055401,0.0285295470055401,11494.13,29.0043767
-0.107941410222462,0.230838177379106,1.04528284072876,0.0119651211425662,0.00662732776254416,-1.68417299058175,-0.0558310421507929,-0.0669667656624658,-0.340265429791976,-0.0071089998840111,-0.00804884102297179,0.118220439130943,0.571268856525421,-0.22694157063961,1.37566983699799,-0.00864553892790087,0.00324284704817996,-0.0169721412141636,-0.115591287613896,0.029235084851831,0.161077578863875,0.0308584579755872,0.157450451211181,0.0268643069344439,0,0,0.0265765634692549,0.0265765634692549,11494.19,29.0710832
-0.109802444960822,0.228605951857024,1.07520711421967,0.0119651211425662,0.00662732776254416,-1.68417299058175,-0.0558310421507929,-0.0669667656624658,-0.376358307179976,-0.00497629991880777,-0.00563418871608025,0.0827543073916604,0.565213799476624,-0.22276970744133,1.38783204555511,0.00532816924420441,0.0127886360112719,0.00317913712649046,-0.0865008149831826,0.0595980456899669,0.173745836531135,0.199624402459477,0.136368413759024,0.287875404867684,0,0,0.0246173751783452,0.0246173751783452,11494.26,29.1376943
-0.111663479699182,0.226373726334942,1.07520711421967,0.0119651211425662,0.00662732776254416,-1.68417299058175,-0.0558310421507929,-0.0669667656624658,-0.107039845761824,-0.00348340994316544,-0.00394393210125618,0.0579280151741623,0.557678878307343,-0.218816414475441,1.39586818218231,0.00459932817536729,0.0154223840754791,0.00278988668513444,-0.107641730990176,0.0564756137986488,0.114801951817581,-0.0104120152691451,0.0376249723459728,-0.00556072059082329,0,0,0.0227544497377456,0.0227544497377456,11494.33,29.2044574
-0.113565962609237,0.224153261358911,1.07520711421967,0.0101103195920587,0.00366950966417789,-1.69777667786813,-0.0570744873016562,-0.0666139492809043,-0.106826167300413,0.0142548269943521,0.023859610414417,0.162982796199306,0.548961520195007,-0.218131750822067,1.40061187744141,0.00146758323963521,0.0156875573561229,0.00165491426286406,-0.145289301873487,0.0114110608896588,0.0790615876522418,-0.052195748929311,0.00441955467743425,-0.0189162070380002,0,0,0.0210895776195518,0.0210895776195518,11494.39,29.2711722
-0.114563310901059,0.222067228166301,1.10037529468536,0.0101103195920587,0.00366950966417789,-1.69777667786813,-0.0299204487546553,-0.0625809957783245,-0.30354694181776,0.00997837889604647,0.0167017272900919,0.114087957339514,0.542726159095764,-0.213455304503441,1.40945816040039,0.00198986219839755,0.0110488607970767,0.00451790985644985,-0.0890765871301008,0.066806375978919,0.126375470839875,0.00746112798215635,-0.0662670936992128,0.0408999370503327,0,0,0.0197002150741939,0.0197002150741939,11494.46,29.3378487
-0.115560659192881,0.21998119497369,1.10037529468536,0.0101103195920587,0.00366950966417789,-1.69777667786813,-0.0299204487546553,-0.0625809957783245,-0.0770333176264753,0.00698486522723253,0.0116912091030643,0.07986157013766,0.536125063896179,-0.208900362253189,1.41847467422485,0.00864273366899454,0.0141040923763491,0.0134465191483209,-0.0943013599944629,0.0650706035752958,0.128807340350005,0.0950410210089235,0.043646165418358,0.127551561312974,0,0,0.0186414010600829,0.0186414010600829,11494.53,29.4046212
-0.116558007484703,0.217895161781079,1.10037529468536,0.0101103195920587,0.00366950966417789,-1.69777667786813,-0.0299204487546553,-0.0625809957783245,-0.0770333176264753,0.00488940565906277,0.00818384637214504,0.055903099096362,0.526785254478455,-0.208686143159866,1.42222881317139,-0.00324385791077326,0.00897813626167929,0.0115833485207259,-0.155663490296732,0.00357031822207621,0.0625689824427512,-0.198109859664478,-0.0854326019118885,-0.0310528437935135,0,0,0.0179511833282239,0.0179511833282239,11494.59,29.4712947
-0.117555355776524,0.215809128588468,1.10037529468536,0.0101103195920587,0.00366950966417789,-1.69777667786813,-0.0299204487546553,-0.0625809957783245,-0.0770333176264753,0.00342258396134394,0.00572869246050153,0.0391321693674534,0.52001541852951,-0.205773338675499,1.43051040172577,0.00233920461665901,0.024775097357688,-0.000596378838670125,-0.0967119421281748,0.0416114926339926,0.118308407920239,0.079758036106507,0.225670872801063,-0.173996105134953,0,0,0.01763978387462,0.01763978387462,11494.66,29.5380245
-0.118552704068346,0.213723095395857,1.10037529468536,0.0101103195920587,0.00366950966417789,-1.69777667786813,-0.0299204487546553,-0.0625809957783245,-0.0770333176264753,0.00239580877294076,0.00401008472235107,0.0273925185572174,0.51023918390274,-0.203800722956657,1.43735527992249,0.0155741753638427,0.0145676006092073,0.0108579552197611,-0.139660494668724,0.0281802245549965,0.097783974239211,0.189071010674839,-0.14582138212176,0.163633343692555,0,0,0.017698208268837,0.017698208268837,11494.73,29.6047622
-0.118795243749749,0.212990272219313,1.12320291996002,0.0120264496654272,0.00756126595661044,-1.71792161729074,-0.00727619044208436,-0.0219846952963368,-0.282206536197099,-0.0155681045192584,-0.0322187473262472,0.200479217793519,0.504275918006897,-0.198369100689888,1.44209909439087,0.00371834464433246,0.00644900085768112,0.00338615566068868,-0.0993877649285557,0.0905270377775141,0.0790635744713374,-0.197597178654192,-0.135309995855816,-0.124529992648489,0,0,0.0180968029615338,0.0180968029615338,11494.79,29.6714917
-0.119632199114626,0.21227606216694,1.15877485275269,0.0120264496654272,0.00756126595661044,-1.71792161729074,-0.0251086609463107,-0.0214263015711725,-0.387565749837723,-0.0108976731634809,-0.022553123128373,0.140335452455463,0.496364504098892,-0.194562211632729,1.44680309295654,-0.00321376428290451,0.0283760727504585,0.0111012271628719,-0.113020198686252,0.0543841293882179,0.0671999795099055,-0.0990301275323685,0.313243884183837,0.110215307174504,0,0,0.0187893222117994,0.0187893222117994,11494.86,29.7382314
-0.120469154479503,0.211561852114568,1.15877485275269,0.0120264496654272,0.00756126595661044,-1.71792161729074,-0.0251086609463107,-0.0214263015711725,-0.0674183547037508,-0.00762837121443662,-0.0157871861898611,0.0982348167188243,0.488100081682205,-0.191372528672218,1.45051968097687,0.00197125934684507,-0.00131585240686918,0.00445946424869717,-0.118063177381734,0.0455668994360502,0.053094114576288,0.0740717661395877,-0.424170359392159,-0.0948823273457477,0,0,0.0197165757493053,0.0197165757493053,11494.93,29.8049674
-0.121313959328456,0.210858283813183,1.15877485275269,0.011181341484189,0.00865639559924603,-1.72596442963815,-0.0253441454685787,-0.0211070490415654,-0.0674245250861525,0.00226611378103794,-0.020907197116623,0.141149682829886,0.480962634086609,-0.187257364392281,1.45572698116302,0.00470944028933845,-0.0095739224231382,0.002027431538987,-0.118957459927615,0.0685860713328779,0.0867883364366905,0.0456363490419437,-0.137634500272319,-0.0405338784955136,0,0,0.0208103974217994,0.0208103974217994,11494.99,29.871645
-0.122485562408334,0.209470744840467,1.15877485275269,0.011181341484189,0.00865639559924603,-1.72596442963815,-0.0351480923963526,-0.0416261691814677,-0.0728029192944334,0.00158627964672655,-0.0146350379816361,0.0988047779809202,0.473188459873199,-0.183513984084129,1.46336460113525,0.00691735481577492,0.00138685596161461,0.00966869381137309,-0.111059631620596,0.0534768615452401,0.109108856746582,0.0315416360920807,0.156582548354263,0.109160889605969,0,0,0.0220031608957122,0.0220031608957122,11495.06,29.9384214
-0.123657165488213,0.208083205867751,1.15877485275269,0.011181341484189,0.00865639559924603,-1.72596442963815,-0.0351480923963526,-0.0416261691814677,-0.0728029192944334,0.00111039575270859,-0.0102445265871453,0.0691633445866441,0.465357065200806,-0.178170099854469,1.4705274105072,0.00244261518008835,-0.00564453631837263,0.00837798709884322,-0.111877066746041,0.0763412032791913,0.102325848168456,-0.0639248519369842,-0.100448461140482,-0.0184386673214528,0,0,0.0232239780587052,0.0232239780587052,11495.13,30.0051558
-0.124840993543714,0.206703292283522,1.17150247097015,0.00936459470540285,0.00904923677444458,-1.73047507073617,-0.0355148416650536,-0.0413974075268731,-0.18732818200493,0.0171279980359717,-0.0107067391877887,0.089010111092853,0.457111150026321,-0.173819214105606,1.47777485847473,0.00478255641116041,-0.00553467351232347,0.016601246754013,-0.117798788207408,0.0621555106983044,0.103534970965135,0.033427731872597,0.00156946865785172,0.117475137931485,0,0,0.0244111312606366,0.0244111312606366,11495.2,30.0718588
-0.126024821599216,0.205323378699293,1.17876899242401,0.00936459470540285,0.00904923677444458,-1.73047507073617,-0.0355148416650536,-0.0413974075268731,-0.138178311132432,0.0119895986251802,-0.00749471743145209,0.0623070777649971,0.450764894485474,-0.169030591845512,1.48385584354401,-0.00729492988265514,-0.0053693749056966,0.0201981123943517,-0.105770925681694,0.079810371002239,0.101349751155442,-0.201291438231968,0.00275497677713785,0.0599477606728205,0,0,0.0255158248933293,0.0255158248933293,11495.26,30.1386693
-0.127208649654718,0.203943465115064,1.17876899242401,0.00936459470540285,0.00904923677444458,-1.73047507073617,-0.0355148416650536,-0.0413974075268731,-0.0727796180477155,0.00839271903762611,-0.00524630220201646,0.043614954435498,0.44235435128212,-0.163865298032761,1.49191963672638,-0.00568947875873982,-0.000820245056519099,0.022111394133773,-0.120150617191269,0.0737899116110464,0.115197045462951,0.0229350160560285,0.0649875692742345,0.0273325962775615,0,0,0.0264994767753471,0.0264994767753471,11495.33,30.2055109
-0.12839772083662,0.202572958024936,1.17876899242401,0.0105689698830247,0.00956304557621479,-1.73748243119455,-0.035672135457067,-0.0411152127038544,-0.072820296702699,-0.0049644732722583,-0.00829669075734342,0.0935967122302148,0.434257060289383,-0.158084779977798,1.49969565868378,-0.00150720404516822,-0.000498620539741705,0.026378696217318,-0.115675585611007,0.0825788293569456,0.111086027963283,0.0597467816226998,0.00459463595398188,0.0609614583366107,0,0,0.0273400116451947,0.0273400116451947,11495.4,30.2722502
-0.129818676935307,0.20102769451628,1.2013965845108,0.0105689698830247,0.00956304557621479,-1.73748243119455,-0.0426286829605977,-0.0463579052596545,-0.283814061977773,-0.00347513129058081,-0.00580768353014039,0.0655176985611504,0.427251815795898,-0.15384379029274,1.50685513019562,-0.00124865294073061,0.000534427423408102,0.0312512587209779,-0.11675407488886,0.0706831614161004,0.119324525194742,0.00430918507386598,0.017217466052121,0.0812093750592253,0,0,0.0280363772078504,0.0280363772078504,11495.46,30.3389503
-0.131239633033993,0.199482431007625,1.2013965845108,0.0105689698830247,0.00956304557621479,-1.73748243119455,-0.0426286829605977,-0.0463579052596545,-0.0801657331966455,-0.00243259190340656,-0.00406537847109827,0.0458623889928053,0.418957829475403,-0.148531407117844,1.515620470047,0.00277115593017657,0.00550783381850019,0.0350453743471133,-0.118485518864716,0.075891188213119,0.125219140734512,0.0574258410131985,0.0710486627873252,0.0542016518021593,0,0,0.028605013590766,0.028605013590766,11495.53,30.4056681
-0.13267312260574,0.197942480463934,1.2013965845108,0.0105071179568768,0.00816202908754349,-1.74486935403085,-0.0430046871523917,-0.046198516310755,-0.0801123974277608,-0.00114614699705316,0.00976338346827293,0.0985859778216971,0.41253474354744,-0.143793061375618,1.52316606044769,-0.00520595392944661,-0.00345975137625667,0.0329554714859065,-0.10705143213363,0.0789724290377645,0.125759840012664,-0.132951830994848,-0.149459753247216,-0.0348317143537418,0,0,0.0290785236531779,0.0290785236531779,11495.59,30.4723923
-0.134106612177486,0.196402529920242,1.2013965845108,0.0105071179568768,0.00816202908754349,-1.74486935403085,-0.0430046871523917,-0.046198516310755,-0.0801123974277608,-0.000802302897937209,0.00683436842779105,0.069010184475188,0.403306484222412,-0.138432934880257,1.53241169452667,-0.00512495506444912,-0.0069609930436668,0.0361795028492819,-0.131832276072369,0.0765732356483373,0.132080486843113,0.00115712664282607,-0.0500177381060669,0.0460575909055542,0,0,0.0295043361868662,0.0295043361868662,11495.66,30.5391074
-0.135540101749232,0.19486257937655,1.2013965845108,0.0105071179568768,0.00816202908754349,-1.74486935403085,-0.0430046871523917,-0.046198516310755,-0.0801123974277608,-0.000561612028556046,0.00478405789945374,0.0483071291326316,0.394782453775406,-0.134064465761185,1.54239439964294,0.0127402096320186,-0.0017542458151906,0.0365915992913505,-0.121771863529167,0.0624067017012875,0.142610073090193,0.255216638522029,0.074382103264255,0.00588709202957567,0,0,0.0299414823306849,0.0299414823306849,11495.73,30.6058076
-0.136881566321205,0.191101847906108,1.21678328514099,0.00815427582710981,0.0094978641718626,-1.75339162614084,-0.0402439371591776,-0.112821944113253,-0.223303816717687,0.0207824507479132,-0.00867367522925442,0.11051543938271,0.38702791929245,-0.127009615302086,1.55205714702606,0.00255879351266731,-0.00107285094927328,0.0319020772476143,-0.11077906403981,0.100783577984926,0.138039248327239,-0.145448801701844,0.00973421237003481,-0.0669931720519111,0,0,0.0304562930834645,0.0304562930834645,11495.8,30.6724763
-0.138013505202207,0.188042186102264,1.21678328514099,0.00815427582710981,0.0094978641718626,-1.75339162614084,-0.0339581664300509,-0.0917898541153237,-0.119780083192876,0.0145477155235393,-0.00607157266047809,0.0773608075678972,0.380164682865143,-0.122419513761997,1.561807513237,0.0139950235314169,0.00549519789341105,0.0418544506582463,-0.114387273789423,0.0765016923354603,0.162506103517004,0.190603833647445,0.109467480712335,0.165872890178607,0,0,0.0311221756399963,0.0311221756399963,11495.86,30.7394925
-0.139145444083208,0.18498252429842,1.21678328514099,0.00815427582710981,0.0094978641718626,-1.75339162614084,-0.0339581664300509,-0.0917898541153237,-0.119780083192876,0.0101834008664775,-0.00425010086233466,0.054152565297528,0.371814370155334,-0.117687836289406,1.57263267040253,-0.00218033361771474,0.00194045605242951,0.0415950517855743,-0.119290181569187,0.0675953924658725,0.154645102365319,-0.231076530702842,-0.0507820262999474,-0.00370569818104465,0,0,0.0320110815152066,0.0320110815152066,11495.93,30.8069173
-0.140264654214509,0.1819086295277,1.25515031814575,0.0136040290817618,0.00698436191305518,-1.75829446580148,-0.0335763039390026,-0.0922168431216095,-0.464975374618993,-0.041919398685334,0.0196464497256325,0.0820323526540704,0.363838464021683,-0.11089289188385,1.58399701118469,0.0140643219073798,-0.0157070973374722,0.0307703931430073,-0.113941516195498,0.0970706343654854,0.162347725460183,0.232066507502315,-0.252107905571073,-0.154637980608742,0,0,0.0331679231600658,0.0331679231600658,11496,30.8736511
-0.141383864345809,0.178834734756979,1.25515031814575,0.0136040290817618,0.00698436191305518,-1.75829446580148,-0.0335763039390026,-0.0922168431216095,-0.119672077576147,-0.0293435790797338,0.0137525148079428,0.0574226468578493,0.356917589902878,-0.106490328907967,1.593505859375,0.0108041589419761,-0.0188250393037352,0.0334217410386813,-0.115347901981061,0.0733760495986809,0.158480803173139,-0.0543360494238562,-0.0519656994381579,0.0441891315949419,0,0,0.0346483790719385,0.0346483790719385,11496.06,30.9403663
-0.142503074477109,0.175760839986259,1.25515031814575,0.0136040290817618,0.00698436191305518,-1.75829446580148,-0.0335763039390026,-0.0922168431216095,-0.119672077576147,-0.0205405053558136,0.00962676036555994,0.0401958528004945,0.349105685949326,-0.100087314844131,1.60525989532471,0.0124008313953292,-0.0147812888329538,0.0381518904619348,-0.111598627905453,0.0914716294813626,0.167914799277864,0.0228096064759752,0.0577678638670447,0.0675735631878596,0,0,0.0364851554088478,0.0364851554088478,11496.13,31.0070882
-0.14337663918775,0.173040542224946,1.29005479812622,0.00915856380015612,0.011362480930984,-1.76622832085824,-0.0262069413192413,-0.0816089328393812,-0.443138274409427,0.0256308337853819,-0.0326643389054676,0.0995417924712104,0.340985804796219,-0.0955485627055168,1.61742222309113,0.0115416803369606,-0.00715519291211265,0.0540795487471264,-0.115998302187721,0.0648393162661932,0.173747539520986,-0.0122735865481736,0.108944227441041,0.227537975503684,0,0,0.0386899438711407,0.0386899438711407,11496.2,31.0737799
-0.144250203898391,0.170320244463633,1.29005479812622,0.00915856380015612,0.011362480930984,-1.76622832085824,-0.0262069413192413,-0.0816089328393812,-0.128997954585208,0.0179415836497674,-0.0228650372338273,0.0696792547298473,0.334395706653595,-0.0898758769035339,1.62693250179291,0.00914253559826201,-0.00259003960577965,0.0604403003980362,-0.109834969044664,0.0945447633671839,0.158504645031049,-0.0399857456453165,0.0760858884395292,0.106012527516063,0,0,0.0412544609899567,0.0412544609899567,11496.26,31.1404637
-0.145123768609033,0.167599946702321,1.29005479812622,0.00915856380015612,0.011362480930984,-1.76622832085824,-0.0262069413192413,-0.0816089328393812,-0.128997954585208,0.0125591085548371,-0.0160055260636791,0.0487754783108931,0.326587438583374,-0.0827351287007332,1.63948833942413,0.00592767271610234,-0.0136539629459648,0.0507334014779699,-0.111546686717906,0.102010688611863,0.179369109018254,-0.0459266126024719,-0.158056047717588,-0.138669984572952,0,0,0.0441490672293923,0.0441490672293923,11496.33,31.207181
-0.146012789224598,0.164890791013299,1.32736754417419,0.0113757597282529,0.0120650250464678,-1.77712977196908,-0.0266706184669623,-0.0812746706706419,-0.464869496851065,-0.0111633873644849,-0.0175267652839292,0.132255894815184,0.318712800741196,-0.0774180293083191,1.65437602996826,0.00905514768180956,-0.00724490203250134,0.0697363325821144,-0.112494826317301,0.0759585627490886,0.212681293488433,0.0446782137960032,0.0915580130498587,0.27147044434605,0,0,0.0473178010713082,0.0473178010713082,11496.4,31.2738837
-0.146432706498223,0.162069727576868,1.32736754417419,0.0113757597282529,0.0120650250464678,-1.77712977196908,-0.0125975182087544,-0.0846319030929404,-0.16337695420926,-0.00781437115513946,-0.0122687356987505,0.0925791263706286,0.311620861291885,-0.072024405002594,1.66744542121887,0.00806559812249479,-0.00723318325734198,0.071452783092035,-0.118198990819258,0.0898937384267894,0.217823187505418,-0.0164924926548863,0.000195312919318466,0.0286075084980518,0,0,0.0506842684394734,0.0506842684394734,11496.46,31.3405505
-0.146852623771849,0.159248664140437,1.32736754417419,0.0113757597282529,0.0120650250464678,-1.77712977196908,-0.0125975182087544,-0.0846319030929404,-0.16337695420926,-0.00547005980859762,-0.00858811498912532,0.06480538845944,0.303944140672684,-0.0651686117053032,1.68260359764099,0.00529366553959619,-0.00746967171829257,0.08182173205712,-0.109667437417623,0.0979399042474187,0.216545377459745,-0.039599036898716,-0.00337840658502245,0.148127842358974,0,0,0.0541602756284783,0.0541602756284783,11496.53,31.4072861
-0.147296646861896,0.156439809766791,1.35869443416595,0.0125199444591999,0.0132169183343649,-1.78944170739389,-0.0133206927014235,-0.0842656312093646,-0.445383612618982,-0.0141267044445415,-0.0163787200834617,0.15617119074485,0.295914649963379,-0.060119990259409,1.7000367641449,0.00696167354688688,-0.0060134074031002,0.0855179955435962,-0.114707010133403,0.0721231635130747,0.249045235771125,0.0238286858185375,0.0208037759314061,0.0528037640927361,0,0,0.0576318098240484,0.0576318098240484,11496.6,31.473978
-0.147740669951943,0.153630955393146,1.35869443416595,0.0125199444591999,0.0132169183343649,-1.78944170739389,-0.0133206927014235,-0.0842656312093646,-0.163441602693139,-0.00988869311117905,-0.0114651040584232,0.109319833521395,0.288573831319809,-0.0552745163440704,1.71535122394562,0.00063514363015839,-0.00975557316828946,0.0799320573742198,-0.122346977393871,0.0807578985896608,0.255240996680837,-0.105442165279703,-0.0623694294203505,-0.093098969490396,0,0,0.0609845990399333,0.0609845990399333,11496.66,31.5407011
-0.148184693041991,0.1508221010195,1.35869443416595,0.0125199444591999,0.0132169183343649,-1.78944170739389,-0.0133206927014235,-0.0842656312093646,-0.163441602693139,-0.00692208517782533,-0.00802557284089624,0.0765238834649766,0.280659317970276,-0.0502100065350533,1.73458588123322,-0.00248345883529491,-0.0118573140212807,0.0899910113165858,-0.113064476422371,0.0723501401291177,0.274780818395395,-0.0445514637923752,-0.0300248693285713,0.143699342034397,0,0,0.0640922973818009,0.0640922973818009,11496.73,31.6073772
-0.149178574580315,0.14778218752795,1.4085054397583,0.0139073925092816,0.011601640842855,-1.80263626839853,-0.0298164461497088,-0.091197404746519,-0.638373076582617,-0.0173324920752133,0.00891959643496187,0.172317767467232,0.273136377334595,-0.0443246178328991,1.75379681587219,0.00363705452145633,-0.00644937096081792,0.103015062146393,-0.107470580507385,0.0840769814575099,0.274441923407967,0.0874359050945377,0.0772563294334964,0.186057868993182,0,0,0.0668366329161393,0.0668366329161393,11496.8,31.6740592
-0.150364604915756,0.144643225374793,1.4085054397583,0.0139073925092816,0.011601640842855,-1.80263626839853,-0.0355809100632357,-0.0941688645946894,-0.192310291420254,-0.0121327444526493,0.00624371750447331,0.120622437227062,0.26643580198288,-0.0396554954349995,1.77224004268646,0.00603044199786889,-0.00938652495412986,0.105948525570248,-0.111676255862866,0.077818706632321,0.307387113573776,0.0398897912738813,-0.0489525665556144,0.048891057064669,0,0,0.0691043837344368,0.0691043837344368,11496.86,31.7407594
-0.151550635251197,0.141504263221637,1.4085054397583,0.0139073925092816,0.011601640842855,-1.80263626839853,-0.0355809100632357,-0.0941688645946894,-0.192310291420254,-0.00849292111685452,0.00437060225313131,0.0844357060589435,0.258756428956985,-0.0345098040997982,1.79618990421295,0.00292061690681059,-0.0148394467553944,0.112706469172016,-0.109705328941801,0.0735098762174665,0.342140878951269,-0.0444260727295891,-0.0778988828755319,0.0965420514542224,0,0,0.070794868672061,0.070794868672061,11496.93,31.8074792
-0.152799551381496,0.138403713859153,1.4438784122467,0.0122017739340663,0.0132511826232076,-1.81910193230844,-0.0374674839089735,-0.0930164808745313,-0.510766259131149,0.0094055223951399,-0.0117864544459814,0.207295969430469,0.250624448060989,-0.0293225236237049,1.82164359092712,0.00451946564327904,-0.00843501877570017,0.119868576567784,-0.11617115565757,0.0741040068016409,0.36362409591826,0.0228406962353586,0.0914918282817268,0.102315819939971,0,0,0.0718256891930633,0.0718256891930633,11497,31.8742071
-0.154048467511795,0.135303164496668,1.4438784122467,0.0122017739340663,0.0132511826232076,-1.81910193230844,-0.0374674839089735,-0.0930164808745313,-0.192409506735519,0.00658386567659793,-0.00825051811218699,0.145107178601329,0.24414436519146,-0.0241323001682758,1.84824228286743,0.0130161233139363,-0.00496673882170174,0.141276708172756,-0.108001381159746,0.0865037242578856,0.443311532342223,0.141610961178822,0.0578046659004646,0.356802193419236,0,0,0.072138019762606,0.072138019762606,11497.06,31.9409271
-0.155297383642094,0.132202615134184,1.4438784122467,0.0122017739340663,0.0132511826232076,-1.81910193230844,-0.0374674839089735,-0.0930164808745313,-0.192409506735519,0.00460870597361855,-0.00577536267853089,0.10157502502093,0.235061019659042,-0.018816988915205,1.87146711349487,0.00485049843733286,-0.00548802970353659,0.141403797398858,-0.1297620790317,0.0759330178993544,0.331783294670492,-0.116651783948931,-0.00744701259747821,0.00181556037283769,0,0,0.0717004172635623,0.0717004172635623,11497.13,32.0076231
-0.158328760040926,0.130880591776189,1.49005949497223,0.0129965310916305,0.0133174611255527,-1.83993256356454,-0.090941291964944,-0.0396607007398553,-0.643653084287497,-0.00392672023654449,-0.00463926039607739,0.258578198819583,0.227014541625977,-0.0159100387245417,1.9000631570816,0.00395507817950769,-0.0131041842710292,0.142302687684607,-0.114949686187132,0.0415278598667918,0.408514908383569,-0.0127917179689842,-0.10880220810749,0.0128412897964739,0,0,0.0705076887889737,0.0705076887889737,11497.2,32.0744247
-0.161360136439757,0.129558568418193,1.49005949497223,0.0129965310916305,0.0133174611255527,-1.83993256356454,-0.090941291964944,-0.0396607007398553,-0.228023339757773,-0.00274870416558114,-0.00324748227725417,0.181004739173708,0.220175877213478,-0.0125285349786282,1.92460834980011,0.00116647390814593,-0.0173962217440421,0.1474895431486,-0.113977740209275,0.0563583957657035,0.409086545311904,-0.0464767378564238,-0.0715339578841547,0.0864475910672866,0,0,0.0685898620733153,0.0685898620733153,11497.26,32.1411392
-0.164391512838589,0.128236545060198,1.49005949497223,0.0129965310916305,0.0133174611255527,-1.83993256356454,-0.090941291964944,-0.0396607007398553,-0.228023339757773,-0.0019240929159068,-0.00227323759407792,0.126703317421595,0.212368011474609,-0.00764815881848335,1.95018398761749,0.00434793870057825,-0.00109433509982415,0.16574568884947,-0.11154093912716,0.06971965943093,0.365366254535559,0.0454494970349364,0.232884094918367,0.26080208144208,0,0,0.0660060972894286,0.0660060972894286,11497.33,32.2077606
-0.167479224066292,0.12697928690544,1.5744194984436,0.0108235739171505,0.0120845958590508,-1.86319411065316,-0.092631336831105,-0.0377177446427416,-0.987091498160061,0.0182097495291849,0.00950452108266259,0.298046245992724,0.203861430287361,-0.00327294878661633,1.9764096736908,0.0125565346675951,-0.00121998440305345,0.177258144006031,-0.121522588389766,0.0625030004555031,0.374652658191604,0.117265656672156,-0.00179499004614037,0.164463645094409,0,0,0.0628272989323981,0.0628272989323981,11497.4,32.2745778
-0.170847782202877,0.124735745825099,1.5744194984436,0.0108235739171505,0.0120845958590508,-1.86319411065316,-0.101056744097535,-0.0673062324102354,-0.249965258157492,0.0127468246704294,0.00665316475786381,0.208632372194907,0.19729271531105,0.000760411843657494,1.99697315692902,0.00845405934736428,0.00198339811609806,0.187039848460781,-0.109478582936122,0.067222677169763,0.342724720629523,-0.0683745886690206,0.0533897086513598,0.163028407575617,0,0,0.0591763541256323,0.0591763541256323,11497.46,32.3412533
-0.174216340339461,0.122492204744758,1.5744194984436,0.0108235739171505,0.0120845958590508,-1.86319411065316,-0.101056744097535,-0.0673062324102354,-0.249965258157492,0.0089227772693006,0.00465721533050467,0.146042660536435,0.190178796648979,0.00582775380462408,2.01823592185974,0.00755048722232216,0.00320202423195589,0.191646432667516,-0.101627409458583,0.0723905994426808,0.303753784725907,-0.0129081732149411,0.0174089445123272,0.0658083458107679,0,0,0.0551719407684998,0.0551719407684998,11497.53,32.4079629
-0.177638227596028,0.120322830034799,1.66297709941864,0.0115617644041777,0.0110083995386958,-1.88940513398385,-0.102656617697016,-0.0650812412987718,-1.04695293318913,-0.000397770294734097,0.0129458176145477,0.338129072351701,0.183346152305603,0.0111184325069189,2.04052042961121,0.000382079959796012,-0.00697715543451713,0.203600161375599,-0.0976092049057795,0.0755811243188118,0.318350110736536,-0.102405818036514,-0.145416852378791,0.17076755297333,0,0,0.0509571908152155,0.0509571908152155,11497.6,32.4746711
-0.181060114852596,0.11815345532484,1.66297709941864,0.0115617644041777,0.0110083995386958,-1.88940513398385,-0.102656617697016,-0.0650812412987718,-0.249934524413796,-0.000278439206313868,0.0090620723301834,0.236690350646191,0.175490379333496,0.0153930466622114,2.06202340126038,0.00510449411940801,-0.00127005751636611,0.21418045762817,-0.130929549536227,0.0712435692554799,0.358382860822541,0.078706902660868,0.0951182986366577,0.176338270877678,0,0,0.046680374685335,0.046680374685335,11497.66,32.5413942
-0.184482002109163,0.115984080614881,1.66297709941864,0.0115617644041777,0.0110083995386958,-1.88940513398385,-0.102656617697016,-0.0650812412987718,-0.249934524413796,-0.000194907444419707,0.00634345063112838,0.165683245452333,0.170184463262558,0.0198837406933308,2.07890367507935,0.000724709531043659,-0.0114277804702855,0.215093599126651,-0.0757988010137167,0.0641527718734003,0.241146768843427,-0.062568351262608,-0.145110327913737,0.0130448785497774,0,0,0.0424961801037359,0.0424961801037359,11497.73,32.6080706
-0.188243917829117,0.114548433818905,1.72097742557526,0.0122166005894542,0.0104436334222555,-1.915599468014,-0.112857471598614,-0.0430694038792722,-0.731830627403613,-0.00602996087858237,0.00952331048975253,0.351727278087996,0.162592843174934,0.0222376380115747,2.09711694717407,0.00831942834499397,0.00542625487653452,0.227156514148021,-0.108451715535113,0.0336271045456086,0.260189601347557,0.108495983054065,0.240771933520744,0.172327357444386,0,0,0.0385459774431777,0.0385459774431777,11497.8,32.6747669
-0.190492975554319,0.112343945597555,1.72097742557526,0.0122166005894542,0.0104436334222555,-1.915599468014,-0.0674717317560793,-0.0661346466404906,-0.178297405875938,-0.00422097261500766,0.00666631734282677,0.246209094661597,0.156991422176361,0.0265118628740311,2.11246824264526,0.00541199736036132,0.0017682914986355,0.2369874808347,-0.0933570166436809,0.0712370810415434,0.255854924522029,-0.0484571830776222,-0.0609660562988347,0.163849444779376,0,0,0.034964052082615,0.034964052082615,11497.86,32.7414864
-0.192742033279522,0.110139457376206,1.72097742557526,0.0122166005894542,0.0104436334222555,-1.915599468014,-0.0674717317560793,-0.0661346466404906,-0.178297405875938,-0.00295468083050536,0.00466642213997874,0.172346366263118,0.149731993675232,0.0298797637224197,2.12857127189636,0.00799327931780369,0.00562391658387485,0.240807534010998,-0.103706121445133,0.0481128692628954,0.230043275016651,0.0368754565350444,0.0550803583607912,0.0545721882330486,0,0,0.0318721018407366,0.0318721018407366,11497.93,32.8081305
-0.195048663010091,0.107993047383925,1.77957093715668,0.0101480027660728,0.0112525476142764,-1.93561232354379,-0.0691988919170715,-0.064392299768406,-0.705627152751705,0.0165491038290791,-0.00401373223020292,0.300758156152249,0.14352685213089,0.0341458767652512,2.1442596912384,0.0137995971473364,0.00617760314717404,0.25372054264586,-0.0886448792052549,0.0609444720407023,0.224120276315803,0.0829473975650973,0.00790980804716414,0.184471551927369,0,0,0.0293562321222009,0.0293562321222009,11498,32.874903
-0.19735529274066,0.105846637391645,1.77957093715668,0.0101480027660728,0.0112525476142764,-1.93561232354379,-0.0691988919170715,-0.064392299768406,-0.178285548518917,0.0115843726803553,-0.00280961256114204,0.210530709306574,0.136270850896835,0.0371139645576477,2.15894865989685,0.0117199126685425,0.00725443754782552,0.255999573799485,-0.120933353901936,0.0494681298736957,0.244816144309533,-0.0346614079801918,0.0179472400110103,0.0379838525607417,0,0,0.0274924051058719,0.0274924051058719,11498.06,32.9416579
-0.199661922471229,0.103700227399365,1.77957093715668,0.0101480027660728,0.0112525476142764,-1.93561232354379,-0.0691988919170715,-0.064392299768406,-0.178285548518917,0.00810906087624874,-0.00196672879279943,0.147371496514602,0.131905049085617,0.0404192544519901,2.1704421043396,0.00716842001852314,-0.000384185480182838,0.251528564665792,-0.0623685973017567,0.0472184270610039,0.164192063464259,-0.0650213235702861,-0.109123186112023,-0.0638715590513649,0,0,0.0263214463209057,0.0263214463209057,11498.13,33.0083187
-0.201644612323922,0.101035586217502,1.81254577636719,0.0107860267162323,0.0118463952094316,-1.95156300332284,-0.0594806955807781,-0.0799392354558793,-0.431801416948491,-6.58729380618311e-05,-0.00672133851135675,0.246716165571696,0.124597229063511,0.044160433113575,2.18312501907349,0.00193772610707402,-0.00147492366319926,0.256836773662536,-0.104397428887665,0.0534454094514344,0.181184496199135,-0.074724198735298,-0.0155819740431565,0.0758315570966661,0,0,0.0258507589127816,0.0258507589127816,11498.2,33.075022
-0.203627302176614,0.0983709450356397,1.81254577636719,0.0107860267162323,0.0118463952094316,-1.95156300332284,-0.0594806955807781,-0.0799392354558793,-0.135027864053898,-4.61110566432818e-05,-0.00470493695794973,0.172701315900187,0.118928723037243,0.0474088974297047,2.19302034378052,0.0081382434812049,0.00101984940365949,0.262412991809299,-0.094475100438602,0.0541410719359543,0.164922078451921,0.103341956236392,0.0415795511146654,0.0929369691135067,0,0,0.026062897417806,0.026062897417806,11498.26,33.1417784
-0.205609992029307,0.0957063038537771,1.81254577636719,0.0107860267162323,0.0118463952094316,-1.95156300332284,-0.0594806955807781,-0.0799392354558793,-0.135027864053898,-3.22777396502973e-05,-0.00329345587056481,0.120890921130131,0.11146642267704,0.0522559210658073,2.20437455177307,0.000302659877488438,-0.0149045775757791,0.26080288718986,-0.106604290860483,0.0692431948017547,0.16220297132287,-0.111936908624986,-0.227491813992926,-0.0230014945635083,0,0,0.0269098259327613,0.0269098259327613,11498.33,33.2084222
-0.207656400464992,0.0930829604362556,1.85063552856445,0.00597952399402857,0.0122135858982801,-1.96523869302011,-0.0613922530705596,-0.0787003025256445,-0.47777299962387,0.0432359300820784,-0.00561013530903183,0.207704852066482,0.105200134217739,0.0562575310468674,2.21590423583984,0.00100241290710701,-0.0141566991363117,0.265193266674034,-0.089518406561815,0.0571658568725238,0.164709772383149,0.00999647185173548,0.0106839777067222,0.0627197069170295,0,0,0.0283229933559243,0.0283229933559243,11498.4,33.2751839
-0.209891210640591,0.0896314624166144,1.85063552856445,0.00597952399402857,0.0122135858982801,-1.96523869302011,-0.0670443052679782,-0.103544940589235,-0.0983750509663868,0.0302651510574549,-0.00392709471632228,0.145393396446538,0.0996058583259583,0.059730276465416,2.22578930854797,0.00442434235435943,-0.00905862642164317,0.266948323339716,-0.0932379315276457,0.0578790903078797,0.164751211798569,0.0570321574529621,0.084967878575954,0.0292509444273844,0,0,0.0302081594817775,0.0302081594817775,11498.46,33.3419189
-0.212126020816191,0.0861799643969732,1.85063552856445,0.00597952399402857,0.0122135858982801,-1.96523869302011,-0.0670443052679782,-0.103544940589235,-0.0983750509663868,0.0211856057402184,-0.00274896630142559,0.101775377512576,0.0937255695462227,0.0649889558553696,2.23857665061951,0.0113029913109917,-0.0170157851957134,0.272567504074322,-0.084004125425143,0.075123991285364,0.182676315308377,0.0982664136665831,-0.113673696772905,0.0802740104947106,0,0,0.0324554632920105,0.0324554632920105,11498.53,33.4085923
-0.214357083038436,0.0827420630511286,1.85063552856445,0.0148590421304107,0.013552151620388,-1.97588217522836,-0.0669318666673754,-0.103137040375338,-0.0986222176501282,-0.0650857392092861,-0.0139713679099689,0.167034104133071,0.0867704525589943,0.0684540569782257,2.25262665748596,0.0123320032065626,-0.00927746917647839,0.27449431344437,-0.0993588141036759,0.0495014446124364,0.200714383807336,0.0147001699367885,0.110547371703817,0.0275258481436497,0,0,0.0349489705720183,0.0349489705720183,11498.6,33.4752768
-0.216588145260682,0.079304161705284,1.85063552856445,0.0148590421304107,0.013552151620388,-1.97588217522836,-0.0669318666673754,-0.103137040375338,-0.0986222176501282,-0.0455600174465002,-0.00977995753697823,0.11692387289315,0.0812699049711227,0.0728816464543343,2.26747179031372,0.0125293662957083,-0.0161151460493215,0.274960306751156,-0.0785792512556346,0.0632512782303851,0.212073326111722,0.0028194727020938,-0.0976810981838785,0.00665704723983934,0,0,0.0375677844508194,0.0375677844508194,11498.67,33.5420003
-0.218819207482928,0.0758662603594394,1.85063552856445,0.0148590421304107,0.013552151620388,-1.97588217522836,-0.0669318666673754,-0.103137040375338,-0.0986222176501282,-0.0318920122125502,-0.00684597027588476,0.0818467110252048,0.0755960568785667,0.0757812708616257,2.28110265731812,0.0114303138147924,-0.0129797578039138,0.280859302753003,-0.0945641348767361,0.0483270734552671,0.227181116741837,-0.0183175413487542,0.0522564707572387,0.0983166000316098,0,0,0.0401899978506161,0.0401899978506161,11498.73,33.6087226
-0.22069874343564,0.0734887186166022,1.92088782787323,0.0182170085608959,0.0123461661860347,-1.98231315877176,-0.0563860785813605,-0.0713262522851188,-0.777541570972852,-0.0525461064231524,0.00606168971606083,0.115171549608207,0.0694008469581604,0.0794307887554169,2.29686737060547,0.0115422658405355,-0.0098656099901653,0.287263443114673,-0.0885029988610159,0.0521359699101648,0.22521018981442,0.00159931465343758,0.0444878259097212,0.091487719450432,0,0,0.042702563289865,0.042702563289865,11498.8,33.67544
-0.222202514723444,0.0706929674553171,1.92088782787323,0.0182170085608959,0.0123461661860347,-1.98231315877176,-0.0451131386341266,-0.0838725348385505,-0.161794375393326,-0.0367822744962066,0.00424318280124258,0.0806200847257451,0.0635505095124245,0.082285113632679,2.31105732917786,0.00672227616657559,-0.0152526084425194,0.290360041662246,-0.0975056240964265,0.0475720812881057,0.236499309541802,-0.0803331612333466,-0.0897833075399965,0.0516099757933222,0,0,0.0450043504634184,0.0450043504634184,11498.86,33.7421242
-0.223706286011249,0.0678972162940321,1.92088782787323,0.0182170085608959,0.0123461661860347,-1.98231315877176,-0.0451131386341266,-0.0838725348385505,-0.161794375393326,-0.0257475921473447,0.00297022796086981,0.0564340593080216,0.0583789944648743,0.0866052806377411,2.32672524452209,0.0169559892119498,-0.0160736491128182,0.295721664652907,-0.0738787863938815,0.0617166715011438,0.223827362061477,0.146195900648811,-0.0117291524328894,0.0765946141526122,0,0,0.0470136642865811,0.0470136642865811,11498.93,33.8088169
-0.225228092354266,0.0651262787442233,1.97335577011108,0.0192723870277405,0.0139775089919567,-1.99328017499185,-0.0456541902905355,-0.0831281264942646,-0.634119698821094,-0.0275217207047423,-0.0126029256806894,0.13820698749645,0.0516995303332806,0.0898313224315643,2.34307646751404,0.015085616146855,-0.0128163952675569,0.300158669007716,-0.0954209161660211,0.0460863113405236,0.233588899885876,-0.0267196152157521,0.0465321977896404,0.0633857764975403,0,0,0.0486663812839088,0.0486663812839088,11499,33.8754796
-0.226749898697284,0.0623553411944145,1.97335577011108,0.0192723870277405,0.0139775089919567,-1.99328017499185,-0.0456541902905355,-0.0831281264942646,-0.161908218680408,-0.0192652044933196,-0.00882204797648259,0.096744891247515,0.0463667847216129,0.0924861431121826,2.35625839233398,0.0154435252701772,-0.0138791054582286,0.303984758791313,-0.0888790935285484,0.0442470113440137,0.21969874700097,0.00596515205542043,-0.0177118365113444,0.0637681630604987,0,0,0.0499236969973093,0.0499236969973093,11499.06,33.9422203
-0.228271705040302,0.0595844036446057,1.97335577011108,0.0192723870277405,0.0139775089919567,-1.99328017499185,-0.0456541902905355,-0.0831281264942646,-0.161908218680408,-0.0134856431453237,-0.00617543358353781,0.0677214238732605,0.0397681370377541,0.0957208499312401,2.37192368507385,0.013533536935816,-0.0122579420073023,0.310456374465881,-0.0942663954816405,0.046210097414098,0.223789896278946,-0.0272855476331349,0.0231594778698697,0.0924516524917994,0,0,0.050764628934764,0.050764628934764,11499.13,34.0089018
-0.229834000356252,0.0570955128381816,2.03211712837219,0.0186844076961279,0.0145927313715219,-2.00613510873056,-0.0468688594784934,-0.0746667241927211,-0.699019501968429,-0.00414813621721332,-0.00985980492456362,0.163099400359659,0.0328044705092907,0.0982766970992088,2.38736271858215,0.0120428270145331,-0.00817230261860388,0.319618257509315,-0.0994809504070331,0.0365121023997054,0.220557621548071,-0.0212958560184157,0.0583662769816486,0.130884043478182,0,0,0.0511947589707938,0.0511947589707938,11499.2,34.0756519
-0.231396295672202,0.0546066220317576,2.03211712837219,0.0186844076961279,0.0145927313715219,-2.00613510873056,-0.0468688594784934,-0.0746667241927211,-0.170167277618453,-0.00290369535204932,-0.00690186344719453,0.114169580251761,0.0264535024762154,0.100789308547974,2.40377926826477,0.0173235453935952,0.00403456507646329,0.324040861060348,-0.0907281147585963,0.0358944492682178,0.234522138324078,0.0754388339869154,0.17438382421597,0.063180050729309,0,0,0.0512377758919966,0.0512377758919966,11499.27,34.1423241
-0.232958590988151,0.0521177312253336,2.03211712837219,0.0186844076961279,0.0145927313715219,-2.00613510873056,-0.0468688594784934,-0.0746667241927211,-0.170167277618453,-0.00203258674643453,-0.00483130441303617,0.0799187061762328,0.021080557256937,0.103474043309689,2.41877675056458,0.0161735733076026,0.000734144434838672,0.327931244884224,-0.0895490869887324,0.0447455793622954,0.2499580383322,-0.0191662014333733,-0.0550070106942105,0.0648397303984757,0,0,0.0509361815898396,0.0509361815898396,11499.33,34.2090475
-0.23455045357988,0.0496093364678861,2.05905222892761,0.0212102010846138,0.0102702416479588,-2.01934409405923,-0.0477558777518538,-0.0752518427234231,-0.412335862363372,-0.0241549512188773,0.0355204944229434,0.174823962281432,0.0147592965513468,0.106566235423088,2.43701195716858,0.0196447213839546,0.00287653066735771,0.33399169776281,-0.0903037243659504,0.044174173048748,0.260502951486853,0.0495878296623769,0.030605517607542,0.0865778982658818,0,0,0.0503460637250982,0.0503460637250982,11499.4,34.2757491
-0.236142316171608,0.0471009417104387,2.05905222892761,0.0212102010846138,0.0102702416479588,-2.01934409405923,-0.0477558777518538,-0.0752518427234231,-0.169919957364593,-0.0169084658532141,0.0248643460960604,0.122376773597002,0.00934488140046597,0.108890675008297,2.45265412330627,0.0210165923314768,0.00198188854714811,0.339576334571909,-0.0902402525127105,0.0387406597526359,0.260702768955898,0.0228645157915375,-0.0149107020031677,0.093077280149607,0,0,0.0495330640989469,0.0495330640989469,11499.46,34.3424229
-0.237734178763337,0.0445925469529913,2.05905222892761,0.0212102010846138,0.0102702416479588,-2.01934409405923,-0.0477558777518538,-0.0752518427234231,-0.169919957364593,-0.0118359260972499,0.0174050422672423,0.0856637415179016,0.00334537960588932,0.111821405589581,2.47136569023132,0.0157634580783139,-0.00447787666359189,0.346210115599548,-0.0857071684943084,0.0418675797327965,0.26730809893038,-0.0750447750454964,-0.0922823601538124,0.0947683003952465,0,0,0.0485669574005061,0.0485669574005061,11499.53,34.4090776
-0.239678872603064,0.0435657993655267,2.10252642631531,0.0228701997548342,0.0128223150968552,-2.03187966611123,-0.0583408151918111,-0.030802427623936,-0.559447086112573,-0.0232251363000583,-0.0107851314529981,0.172784767530549,-0.00280528888106346,0.114395767450333,2.48904848098755,0.0173040294908232,-0.00138192217786898,0.348643178784782,-0.0878666926711194,0.0367765980108973,0.252611296518559,0.0220081630359397,0.0442279212247969,0.0347580455034875,0,0,0.0475146168842917,0.0475146168842917,11499.6,34.4758563
-0.241623566442791,0.0425390517780622,2.10252642631531,0.0228701997548342,0.0128223150968552,-2.03187966611123,-0.0583408151918111,-0.030802427623936,-0.168179309623316,-0.0162575954100408,-0.00754959201709865,0.120949337271384,-0.00900066085159779,0.116500750184059,2.50575089454651,0.0202227227653168,-0.000543466917152253,0.357241641325026,-0.088505313865144,0.0300711819105036,0.238605907986134,0.0416956182072249,0.0119779322960031,0.122835179146845,0,0,0.0464418890380283,0.0464418890380283,11499.67,34.5426289
-0.243568260282518,0.0415123041905977,2.10252642631531,0.0228701997548342,0.0128223150968552,-2.03187966611123,-0.0583408151918111,-0.030802427623936,-0.168179309623316,-0.0113803167870286,-0.00528471441196906,0.0846645360899689,-0.0144487153738737,0.11812137067318,2.51977062225342,0.018670058029394,-0.000663191415584902,0.362158776060974,-0.0908009087053695,0.0270103414855707,0.23366212845047,-0.0258777455989333,-0.00199540830722775,0.0819522455998283,0,0,0.0454045211465922,0.0454045211465922,11499.73,34.6092993
-0.245163908195856,0.040670001903232,2.16255521774292,0.020945617929101,0.0110172322019935,-2.05181002881265,-0.0478694374001329,-0.0252690686209697,-0.702036815476499,0.00935501468067867,0.0125464459653769,0.238638439575722,-0.0209015384316444,0.120790362358093,2.53632164001465,0.0181480439745179,-0.000591742796997137,0.361535483636017,-0.0921831865375697,0.0381284526407911,0.23644311086956,-0.00745734364092473,0.00102069455123152,-0.00890417749918438,0,0,0.0444411141124815,0.0444411141124815,11499.8,34.6760041
-0.246759556109194,0.0398276996158663,2.16255521774292,0.020945617929101,0.0110172322019935,-2.05181002881265,-0.0478694374001329,-0.0252690686209697,-0.161777692627988,0.00654851027647507,0.00878251217576386,0.167046907703006,-0.0257051438093185,0.122739151120186,2.55028891563416,0.0184961260846529,-0.00513214122284921,0.3658493186171,-0.0800600896285813,0.0324798127018189,0.232787926993757,0.00580136850229985,-0.0756733070981769,0.0718972496853188,0,0,0.0435769989741824,0.0435769989741824,11499.86,34.742704
-0.248355204022531,0.0389853973285007,2.16255521774292,0.020945617929101,0.0110172322019935,-2.05181002881265,-0.0478694374001329,-0.0252690686209697,-0.161777692627988,0.00458395719353255,0.0061477585230347,0.116932835392104,-0.0318922884762287,0.125401139259338,2.56893348693848,0.00249285210759102,-0.0202086839553263,0.370916842580222,-0.0883877809562271,0.0380284019880514,0.266351018634269,-0.228618199673263,-0.215379181893426,0.0723931994734738,0,0,0.0428191610404187,0.0428191610404187,11499.93,34.8094026
-0.248806887504384,0.0378129608105353,2.20278978347778,0.0188635047525167,0.0106464112177491,-2.07021773125863,-0.013550504455583,-0.0351730955389615,-0.514534999843893,0.021947788624731,0.00764081982432341,0.247522306788328,-0.0375998206436634,0.127368777990341,2.58566355705261,0.00873205381246612,-0.0228790182914338,0.377251933964304,-0.0815361738208346,0.0281091247287284,0.239001001631504,0.0891314529271576,-0.0381476333731225,0.0905013054872652,0,0,0.0421549775116553,0.0421549775116553,11500,34.8762661
-0.249258570986237,0.0366405242925699,2.20278978347778,0.0188635047525167,0.0106464112177491,-2.07021773125863,-0.013550504455583,-0.0351730955389615,-0.152423908230123,0.0153634520373117,0.00534857387702639,0.173265614751829,-0.0445469692349434,0.130308657884598,2.60415196418762,0.0198630756728031,-0.0154901813999265,0.389918985993741,-0.099244979875841,0.0419982842038402,0.264120101929809,0.159014598005475,0.105554812736258,0.180957886135567,0,0,0.0415563689728409,0.0415563689728409,11500.07,34.943297
-0.24971025446809,0.0354680877746045,2.20278978347778,0.0188635047525167,0.0106464112177491,-2.07021773125863,-0.013550504455583,-0.0351730955389615,-0.152423908230123,0.0107544164261182,0.00374400171391847,0.121285930326281,-0.050777941942215,0.132067635655403,2.62214612960815,0.0154990275762556,-0.00893567065881174,0.393500681209195,-0.0890138958185355,0.0251282538687525,0.257059506008672,-0.0623435442366525,0.0936358677305999,0.0511670745067014,0,0,0.0409828756384708,0.0409828756384708,11500.14,35.0100613
-0.25136577982153,0.0342199031431078,2.24868083000183,0.0211074780672789,0.0130946571007371,-2.08664274480081,-0.0496657606032144,-0.0374455389449014,-0.573416083230119,-0.0126676683345763,-0.0194134117471489,0.232725273107974,-0.055863730609417,0.134006351232529,2.63816237449646,0.0149071029977329,-0.0141505729404923,0.395106835140978,-0.0847631444515164,0.0323119262847205,0.266937414799268,-0.0098654096418291,-0.0869150380261128,0.0267692321957886,0,0,0.0403754630094903,0.0403754630094903,11500.2,35.0768283
-0.253021305174971,0.0329717185116111,2.24868083000183,0.0211074780672789,0.0130946571007371,-2.08664274480081,-0.0496657606032144,-0.0374455389449014,-0.160396664513688,-0.00886736783420342,-0.0135893882230042,0.162907691175582,-0.0618973560631275,0.135792210698128,2.65349173545837,0.0108578159588283,-0.0244074196331637,0.400174515617285,-0.0861946493390806,0.0255122780800926,0.218990870885397,-0.057846957698878,-0.146526381324485,0.0723954353761202,0,0,0.0396699813041908,0.0396699813041908,11500.27,35.1435144
-0.254676830528411,0.0317235338801144,2.24868083000183,0.0211074780672789,0.0130946571007371,-2.08664274480081,-0.0496657606032144,-0.0374455389449014,-0.160396664513688,-0.0062071574839424,-0.00951257175610294,0.114035383822907,-0.0671559721231461,0.137331649661064,2.66623711585999,0.00971116552848075,-0.0224965149883598,0.406994057548611,-0.087643601001053,0.0256573160491578,0.212423006695325,-0.0191108405059541,0.0318484107470011,0.113659032189723,0,0,0.0387960747579579,0.0387960747579579,11500.33,35.2102499
-0.256324915750655,0.0305017542238821,2.3033127784729,0.0241240505129099,0.0149011723697186,-2.10232651498056,-0.0494425566673079,-0.0366533896869687,-0.652207600992448,-0.0314941622494389,-0.0229174376501052,0.220978700293772,-0.0741325616836548,0.138744413852692,2.68015718460083,0.018897791384614,0.00610060288412169,0.425306256305715,-0.0996655651505391,0.0201823455947625,0.198858124870037,0.13123751223102,0.408530255322863,0.261602839388295,0,0,0.0376860573678641,0.0376860573678641,11500.4,35.276982
-0.257973000972898,0.0292799745676498,2.3033127784729,0.0241240505129099,0.0149011723697186,-2.10232651498056,-0.0494425566673079,-0.0366533896869687,-0.160520064752824,-0.0220459135746072,-0.0160422063550736,0.15468509020564,-0.0800196081399918,0.139776661992073,2.69402313232422,0.0179503081263718,0.010424984598886,0.428701716415707,-0.0841006636623065,0.0147464019912243,0.198084967477805,-0.0135354751178017,0.0617768816397474,0.0485065730000902,0,0,0.0362775389332881,0.0362775389332881,11500.47,35.3437137
-0.259621086195142,0.0280581949114175,2.3033127784729,0.0241240505129099,0.0149011723697186,-2.10232651498056,-0.0494425566673079,-0.0366533896869687,-0.160520064752824,-0.0154321395022251,-0.0112295444485515,0.108279563143948,-0.0848759412765503,0.141299486160278,2.70865392684937,0.0246473081174073,0.0035925369630663,0.433198151231822,-0.0693761876636076,0.021754630973886,0.209011350354673,0.0956714284412767,-0.0976063947952942,0.0642347830859456,0,0,0.0345205088745147,0.0345205088745147,11500.54,35.4103875
-0.262089076528008,0.0269886388610929,2.34006547927856,0.0223486088216305,0.0108390375971794,-2.11898374821878,-0.0740397099859759,-0.0320866815097397,-0.450973265964185,0.00517647756995715,0.0286985318388662,0.225710793344746,-0.0894373282790184,0.141909793019295,2.72074866294861,0.0219172895280652,0.00493407221783657,0.440235195816573,-0.0760231167084471,0.0101717809836933,0.201578934989097,-0.0455003098227547,0.0223589209130277,0.117284076413516,0,0,0.0323764078508936,0.0323764078508936,11500.6,35.4770856
-0.264557066860874,0.0259190828107682,2.34006547927856,0.0223486088216305,0.0108390375971794,-2.11898374821878,-0.0740397099859759,-0.0320866815097397,-0.120198958713209,0.00362353429897001,0.0200889722872063,0.157997555341322,-0.0988543927669525,0.147172018885612,2.73482537269592,-0.00290967536714764,-0.0413768646314129,0.457829719842725,-0.134529492685332,0.0751746552334233,0.2010958535339,-0.354670927075944,-0.661584812134886,0.251350343231792,0,0,0.0298276563213179,0.0298276563213179,11500.67,35.5437839
-0.267025057193739,0.0248495267604435,2.34006547927856,0.0223486088216305,0.0108390375971794,-2.11898374821878,-0.0740397099859759,-0.0320866815097397,-0.120198958713209,0.002536474009279,0.0140622806010444,0.110598288738925,-0.106114611029625,0.147814080119133,2.74913430213928,0.0182910608812209,-0.00289857683516601,0.483642059479698,-0.103717403752894,0.00917230333604539,0.204413277763127,0.302867660692238,0.549689825662956,0.36874770910115,0,0,0.0268781543078908,0.0268781543078908,11500.74,35.6104625
-0.26855979440494,0.0241180973183453,2.38960242271423,0.0223486088216305,0.0108390375971794,-2.11898374821878,-0.0460421163360293,-0.0219428832629478,-0.575881822481636,0.0017755318064953,0.0098435964207311,0.0774188021172478,-0.108573824167252,0.14700673520565,2.76095938682556,0.0186401568825952,0.000946091111597692,0.484233898887538,-0.0409868856262161,-0.0134557485577507,0.19708474476702,0.00581826668944438,0.0640777991113296,0.00986399013044618,0,0,0.0235496597712994,0.0235496597712994,11500.8,35.6771992
-0.27009463817168,0.0234139905323776,2.38960242271423,0.0233865212649107,0.0123743545264006,-2.13371813561654,-0.0460453130021763,-0.0211232035790292,-0.130115262713362,-0.00809833972497527,-0.00692733486847861,0.186802648061968,-0.110086880624294,0.1450484842062,2.77239012718201,-0.0025056656291046,-0.0353061632433812,0.465440895894564,-0.0216150922435569,-0.0279750142779832,0.163296290807041,-0.302083178739824,-0.517889347930422,-0.26847147132932,0,0,0.0198932436123228,0.0198932436123228,11500.87,35.7439305
-0.271629481938419,0.02270988374641,2.38960242271423,0.0233865212649107,0.0123743545264006,-2.13371813561654,-0.0460453130021763,-0.0211232035790292,-0.130115262713362,-0.00566883780748269,-0.00484913440793503,0.130761853643378,-0.115546807646751,0.146271273493767,2.78188109397888,-0.0094279202097155,-0.0460734839660059,0.467160550607289,-0.0779989574639975,0.0174684183938889,0.135585239955921,-0.0988893511519955,-0.153818867466707,0.0245664958961776,0,0,0.0159806178331136,0.0159806178331136,11500.94,35.8106301
-0.272846755444514,0.0219448701015789,2.434894323349,0.020744675770402,0.0144581506028771,-2.14829111363626,-0.0365182051828412,-0.022950409344934,-0.521027714214121,0.0198084229853408,-0.0221485587738437,0.222690099727794,-0.119945757091045,0.144504487514496,2.78060173988342,-0.00684014513870659,-0.03627101138148,0.481502939048702,-0.0733158240721886,-0.0294464329880989,-0.0213225682578307,0.0431295845171813,0.163374543076818,0.239039807358905,0,0,0.0118962561792144,0.0118962561792144,11501,35.8773802
-0.274064028950608,0.0211798564567477,2.434894323349,0.020744675770402,0.0144581506028771,-2.14829111363626,-0.0365182051828412,-0.022950409344934,-0.11340060850123,0.0138658960897386,-0.0155039911416906,0.155883069809456,-0.125565856695175,0.14685919880867,2.76074934005737,-0.00881068594923715,-0.0468894374695108,0.482957433902546,-0.080287137202188,0.0336387327740569,-0.283605711801891,-0.0281505830076964,-0.151691801258213,0.0207784979121502,0,0,0.00775138486643286,0.00775138486643286,11501.07,35.9440809
-0.275281302456703,0.0204148428119166,2.434894323349,0.020744675770402,0.0144581506028771,-2.14829111363626,-0.0365182051828412,-0.022950409344934,-0.11340060850123,0.009706127262817,-0.0108527937991834,0.109118148866619,-0.127427816390991,0.143948167562485,2.71730732917786,0.0076217846085703,-0.0254387527950287,0.476104416659098,-0.026599424226054,-0.0415861606599629,-0.620600155424246,0.234749579398225,0.306438352493875,-0.0979002463353864,0,0,0.00366204190330264,0.00366204190330264,11501.14,36.0107369
-0.27761067255765,0.0198751956905449,2.43914079666138,0.0158443748950958,0.0142509844154119,-2.15628826882577,-0.0698811030284026,-0.0161894136411501,0.186457724223455,0.0508969969617271,-0.00573245997224167,0.148357100912261,-0.131089359521866,0.143835827708244,2.65948748588562,0.00768001338248049,-0.0205774129554439,0.477268945405028,-0.0610257188465785,-0.00187233090396609,-0.963664054849571,0.000970479565148676,0.081022330657979,0.0194088124317492,0,0,-0.000256270037825084,-0.000256270037825084,11501.2,36.077459
-0.279940042658596,0.0193355485691733,2.43914079666138,0.0158443748950958,0.0142509844154119,-2.15628826882577,-0.0698811030284026,-0.0161894136411501,0.224675984034856,0.0356278978732089,-0.00401272198056917,0.103849970638582,-0.134929567575455,0.144446417689323,2.56981372833252,0.00326237145541597,-0.0233096917618548,0.477952965980597,-0.0548601150514976,0.008722714015452,-1.28105367933533,-0.0631091703868983,-0.0390325543774618,0.009771722508173,0,0,-0.00387711258508092,-0.00387711258508092,11501.27,36.1441852
-0.282269412759543,0.0187959014478016,2.43914079666138,0.0158443748950958,0.0142509844154119,-2.15628826882577,-0.0698811030284026,-0.0161894136411501,0.224675984034856,0.0249395285112463,-0.00280890538639842,0.0726949794470077,-0.139567822217941,0.144070163369179,2.48386001586914,-0.0134325048870091,-0.0168967234732259,0.486719139850942,-0.0773042440420991,-0.00627090533579745,-1.43256187440181,-0.27824793904278,0.10688280481139,0.146102897840315,0,0,-0.00708438699506532,-0.00708438699506532,11501.33,36.2109308
-0.284609073675452,0.0183363948334976,2.29035758972168,0.0197448246181011,0.00958582572638988,-2.16286182667947,-0.0701898274772569,-0.0137851984291206,1.56375627361633,-0.0176463775491753,0.0400201944307197,0.110048506296194,-0.144405543804169,0.145661324262619,2.39455986022949,-0.0388135215458083,-0.0303540110016301,0.492480266954316,-0.0691103083749647,0.0227308699063837,-1.27571650914314,-0.362585952270067,-0.192246964692289,0.082301815762832,0,0,-0.00977137814839443,-0.00977137814839443,11501.4,36.2776602
-0.28694873459136,0.0178768882191935,2.29035758972168,0.0197448246181011,0.00958582572638988,-2.16286182667947,-0.0701898274772569,-0.0137851984291206,0.22470741115905,-0.0123524642844227,0.0280141361015038,0.0770339544073358,-0.146786525845528,0.146683141589165,2.32437229156494,-0.0230655043499483,-0.00966414582670106,0.495072475105022,-0.0340140291624121,0.0145973903792852,-1.00267955235489,0.224971674227506,0.295569502500216,0.0370315450102411,0,0,-0.0118507992762949,-0.0118507992762949,11501.47,36.3443731
-0.289288395507269,0.0174173816048895,2.29035758972168,0.0197448246181011,0.00958582572638988,-2.16286182667947,-0.0701898274772569,-0.0137851984291206,0.22470741115905,-0.00864672499909589,0.0196098952710526,0.053923768085135,-0.149071961641312,0.148214966058731,2.27276158332825,-0.00660571206912359,0.00340512478268678,0.494481935554404,-0.0326490827962016,0.021883206707613,-0.737295831936683,0.235139889720935,0.186703865844322,-0.00843627929436183,0,0,-0.0132572036362576,-0.0132572036362576,11501.54,36.4110492
-0.289769433377975,0.0150745366560096,2.0801727771759,-0.00699907401576638,-0.00682630157098174,-2.17587757374978,-0.0144311361211791,-0.0702853484663971,2.51553973875901,0.23464238020544,0.161436072366082,0.154888361292407,-0.150055572390556,0.151050761342049,2.24412393569946,0.00462888793257879,0.00466026788816545,0.500513268831264,-0.0163935124875507,0.0472632547223606,-0.477294127150455,0.187243333363296,0.0209190517581554,0.100522221281859,0,0,-0.0139522383281526,-0.0139522383281526,11501.6,36.4777345
-0.290250471248681,0.0127316917071297,2.0801727771759,-0.00699907401576638,-0.00682630157098174,-2.17587757374978,-0.0144311361211791,-0.0702853484663971,0.623876425847025,0.164249666143808,0.113005250656257,0.108421852904685,-0.151125222444534,0.153824761509895,2.22473907470703,0.00884890436845935,0.00398683982631207,0.50848901308642,-0.0152807150568916,0.0396285738265459,-0.276926585607318,0.0602859490842587,-0.00962040088365972,0.11393920364555,0,0,-0.0139239940435392,-0.0139239940435392,11501.67,36.5444735
-0.290731509119387,0.0103888467582498,2.0801727771759,-0.00699907401576638,-0.00682630157098174,-2.17587757374978,-0.0144311361211791,-0.0702853484663971,0.623876425847025,0.114974766300666,0.0791036754593799,0.0758952970332794,-0.15199002623558,0.155918791890144,2.21346664428711,0.0124023629490556,0.00145802223917731,0.509612983128444,-0.0144133965175581,0.03490050633778,-0.187873840333626,0.0592243096771065,-0.0421469597859371,0.0187328340339076,0,0,-0.0131907394437827,-0.0131907394437827,11501.73,36.6111649
-0.293622927825118,0.00906957703295172,1.99849855899811,0.0118943424895406,0.0110925193876028,-2.17445862557626,-0.0867425611719422,-0.0395780917589428,0.835660452119696,-0.0895584121372966,-0.105896815805695,0.0403561743615891,-0.153092831373215,0.157935246825218,2.20203733444214,0.0143223831949866,0.00304795473643571,0.508724052889338,-0.0157543591087172,0.0288064990718548,-0.163275854924589,0.0274288606555581,0.0227133213889099,-0.0126990034155271,0,0,-0.0117991246871237,-0.0117991246871237,11501.8,36.6779126
-0.296514346530849,0.00775030730765363,1.99849855899811,0.0118943424895406,0.0110925193876028,-2.17445862557626,-0.0867425611719422,-0.0395780917589428,0.100592488519537,-0.0626908884961076,-0.0741277710639865,0.0282493220531123,-0.154110625386238,0.160235211253166,2.1918773651123,0.0136893208919376,0.00249828223842631,0.498534469861763,-0.014539914471823,0.032856634685108,-0.145142418998232,-0.00904374718645158,-0.00785246425730988,-0.145565471823104,0,0,-0.00982657446369514,-0.00982657446369514,11501.87,36.7446273
-0.299405765236581,0.00643103758235554,1.99849855899811,0.0118943424895406,0.0110925193876028,-2.17445862557626,-0.0867425611719422,-0.0395780917589428,0.100592488519537,-0.0438836219472753,-0.0518894397447905,0.0197745254371786,-0.154438853263855,0.161433711647987,2.18366003036499,0.0116181638714767,0.00235712657110215,0.500265767589257,-0.00547046462699448,0.0199750065805223,-0.13695557912307,-0.0345192836746415,-0.00235259445542258,0.0288549621251482,0,0,-0.00737500121470892,-0.00737500121470892,11501.93,36.8113041
-0.303636912600017,0.0074276045848342,1.94580399990082,0.0177601687610149,0.0158824529498816,-2.1702860620234,-0.126934420903076,0.02989701007436,0.532200576514102,-0.083510971806362,-0.0794320098818621,-0.023710904169683,-0.155063882470131,0.161651283502579,2.17493653297424,0.0125042333425475,0.00517892711625251,0.499593486938172,-0.00892898866112198,0.0031081693513182,-0.124621391296905,0.0126581353010641,0.0403114363594585,-0.00960400930126278,0,0,-0.00456274108638765,-0.00456274108638765,11502,36.878033
-0.307868059963453,0.00842417158731287,1.94580399990082,0.0177601687610149,0.0158824529498816,-2.1702860620234,-0.126934420903076,0.02989701007436,0.0579495446384917,-0.0584576802644534,-0.0556024069173035,-0.0165976329187781,-0.154648423194885,0.162946626543999,2.16731810569763,0.0132714684067828,0.00375124366511443,0.500053074463538,0.0059351325035342,0.018504900591791,-0.108834675380614,0.0109605009176937,-0.0203954778734859,0.00656553607669254,0,0,-0.00152187396932949,-0.00152187396932949,11502.07,36.9449179
-0.312099207326889,0.00942073858979154,1.94580399990082,0.0177601687610149,0.0158824529498816,-2.1702860620234,-0.126934420903076,0.02989701007436,0.0579495446384917,-0.0409203761851174,-0.0389216848421124,-0.0116183430431447,-0.155285224318504,0.162381738424301,2.1624014377594,0.0145865369916046,0.00478786527391384,0.499709787614908,-0.00909715890888182,-0.00806983028142742,-0.0702381134036123,0.0187866940689599,0.0148088801257675,-0.00490409783759099,0,0,0.00157851141130381,0.00157851141130381,11502.14,37.011489
-0.312240883320421,0.00998701383236638,1.91738128662109,0.0142128746956587,0.015681991353631,-2.16617751385904,-0.00425027980598571,0.0169882572772452,0.294008520823404,0.00328138325862414,-0.0254410250232239,-0.0451097736095104,-0.155239343643188,0.162383630871773,2.15950560569763,0.0130006878302365,0.00494473939167436,0.499110447117726,0.000764677921914258,3.15407911929557e-05,-0.0482638676950728,-0.0264308193555571,0.00261456862928481,-0.00998900828615361,0,0,0.00461189514157765,0.00461189514157765,11502.2,37.0782666
-0.312382559313954,0.0105532890749412,1.91738128662109,0.0142128746956587,0.015681991353631,-2.16617751385904,-0.00425027980598571,0.0169882572772452,0.0382041013058868,0.0022969682810369,-0.0178087175162567,-0.0315768415266572,-0.154669195413589,0.162349849939346,2.15709233283997,0.0115022102186854,0.00380583504639373,0.49468585353825,0.00814497470859099,-0.00048258474895133,-0.0344753265382293,-0.0214068230222478,-0.0162700620755051,-0.0632084797070683,0,0,0.00741991634765289,0.00741991634765289,11502.27,37.1450121
-0.312524235307487,0.0111195643175161,1.91738128662109,0.0142128746956587,0.015681991353631,-2.16617751385904,-0.00425027980598571,0.0169882572772452,0.0382041013058868,0.00160787779672583,-0.0124661022613797,-0.0221037890686601,-0.153964579105377,0.162098869681358,2.15559339523315,0.00936231530597186,8.63180998241215e-05,0.492017047316711,0.011743605136971,-0.00418300429983511,-0.0249822934470708,-0.0356649152121952,-0.0619919491100198,-0.0444801036926828,0,0,0.00986494028235943,0.00986494028235943,11502.33,37.2117077
-0.31266394698492,0.0116868689987486,1.89458584785461,0.0129906730726361,0.0138945048674941,-2.16320014264322,-0.00419135032298219,0.017019140436977,0.243359505007385,0.0121253290649111,0.00736110679226643,-0.0422689932904449,-0.154428139328957,0.160635322332382,2.15569758415222,0.00616518022477346,0.00552475085990879,0.49722493584264,-0.00662228890830477,-0.0209078192711746,0.00148841312954023,-0.0456733583030241,0.0776918965729612,0.0743984075135746,0,0,0.0118280831582322,0.0118280831582322,11502.4,37.2784153
-0.312803658662353,0.0122541736799812,1.89458584785461,0.0129906730726361,0.0138945048674941,-2.16320014264322,-0.00419135032298219,0.017019140436977,0.0382005561090698,0.00848773034543776,0.0051527747545865,-0.0295882953033114,-0.154129579663277,0.159615695476532,2.15817809104919,0.00845246114576288,0.00320041108330834,0.498907866172767,0.00426513808115961,-0.014566097940778,0.0354358128140424,0.032675441728556,-0.0332048539515731,0.0240418618590548,0,0,0.0132090111143097,0.0132090111143097,11502.47,37.3451636
-0.312943370339785,0.0128214783612138,1.89458584785461,0.0129906730726361,0.0138945048674941,-2.16320014264322,-0.00419135032298219,0.017019140436977,0.0382005561090698,0.00594141124180643,0.00360694232821055,-0.020711806712318,-0.153616309165955,0.158788278698921,2.16217947006226,0.00724747010952853,-0.00101800683513247,0.499310054626008,0.0073324356758697,-0.011820239679896,0.0571625573282026,-0.0172141576601148,-0.0602631131192675,0.00574554933189321,0,0,0.0139307159783887,0.0139307159783887,11502.54,37.4118916
-0.313076299317638,0.0133838370317402,1.87605834007263,0.00802141241729259,0.0136793609708548,-2.16160023476816,-0.00398786933556944,0.0168707601157918,0.2049910271639,0.0488823337673563,0.00446115469950151,-0.0288974355741719,-0.152592539787292,0.158526510000229,2.16541361808777,0.0104370486942266,0.00256888983297783,0.502097799057066,0.0170628229778467,-0.00436281164490906,0.0539024670923358,0.0531596430787522,0.059781611135679,0.0464624071846834,0,0,0.0139461700051786,0.0139461700051786,11502.6,37.4786434
-0.31320922829549,0.0139461957022665,1.87605834007263,0.00802141241729259,0.0136793609708548,-2.16160023476816,-0.00398786933556944,0.0168707601157918,0.0382434571260582,0.0342176336371494,0.00312280828965106,-0.0202282049019203,-0.152250960469246,0.156458675861359,2.16966724395752,0.00971202746407379,0.00308197013742295,0.501383160558597,0.00487970454354271,-0.0295404876982691,0.060766083853838,-0.0103574461450831,0.00732971863496082,-0.0102091214067358,0,0,0.013237396561715,0.013237396561715,11502.67,37.5453806
-0.313342157273342,0.0145085543727929,1.87605834007263,0.00802141241729259,0.0136793609708548,-2.16160023476816,-0.00398786933556944,0.0168707601157918,0.0382434571260582,0.0239523435460046,0.00218596580275574,-0.0141597434313442,-0.151546344161034,0.15535506606102,2.17347288131714,0.00881376891711371,-0.000915340927496334,0.501803381467744,0.011743605136971,-0.0183934966724686,0.0634272893275241,-0.0149709757827951,-0.0666218510825537,0.007003681819179,0,0,0.0118174064955454,0.0118174064955454,11502.73,37.6120796
-0.312868526488527,0.0148809687091827,1.89062237739563,0.00802141241729259,0.0136793609708548,-2.16160023476816,0.0142089235444643,0.0111724300916943,-0.182631041705858,0.0167666404822032,0.00153017606192902,-0.00991182040194096,-0.150448366999626,0.153808161616325,2.17743992805481,0.00364487771346169,-0.00491142452818835,0.501250734964947,0.0156853880197643,-0.0220986349237251,0.0566720962512044,-0.0738413029077027,-0.0570869085800684,-0.00789495003978267,0,0,0.00972512864007687,0.00972512864007687,11502.8,37.6788104
-0.312384275146184,0.0152476932006411,1.89062237739563,0.0129001205787063,0.0141666224226356,-2.16156137253976,0.0145275402702833,0.0110017347437511,-0.0515291757483639,-0.0321717251151808,-0.00331422982267685,-0.00728803433690066,-0.149609565734863,0.151869878172874,2.1815459728241,0.00117445602865797,-0.000621341321565981,0.506268313057147,0.0119828752109481,-0.0276897634779855,0.0586577824186312,-0.0352917383544857,0.0612869029520029,0.0716796870317225,0,0,0.00702475449278524,0.00702475449278524,11502.87,37.7455957
-0.311900023803841,0.0156144176920995,1.89062237739563,0.0129001205787063,0.0141666224226356,-2.16156137253976,0.0145275402702833,0.0110017347437511,-0.0515291757483639,-0.0225202075806266,-0.0023199608758738,-0.00510162403583046,-0.147770464420319,0.150634616613388,2.18578457832336,0.00445570180636459,-0.00310717716765618,0.5191937634959,0.0306516885760048,-0.0205876926582812,0.0706434249883926,0.054687429628908,-0.0414305974351884,0.215424173981052,0,0,0.00381159525085716,0.00381159525085716,11502.93,37.8122729
-0.312421210113601,0.0167625686507135,1.87990152835846,0.00945740658789873,0.0100155789405107,-2.16628682877755,-0.0156355892927873,0.0344445287584189,0.0650794106184887,0.0152202806108292,0.0357354187260116,0.0389579693150554,-0.147275626659393,0.148848205804825,2.19103455543518,0.00375297957881968,-0.00705329275981966,0.509246283809046,0.00706911087039072,-0.0255201544081523,0.0749996730262605,-0.0100388889649691,-0.0563730798882841,-0.142106852669939,0,0,0.000186197844095264,0.000186197844095264,11503,37.8789597
-0.312942396423361,0.0179107196093274,1.87990152835846,0.00945740658789873,0.0100155789405107,-2.16628682877755,-0.0156355892927873,0.0344445287584189,-0.031408230716045,0.0106541964275805,0.0250147931082081,0.0272705785205388,-0.145935252308846,0.146551534533501,2.19463467597961,0.003939598483875,-0.0099974525872832,0.509816232097826,0.0191482050079052,-0.0328095895904815,0.0514302934921223,0.00266598435794425,-0.0420594261067968,0.00814211841117176,0,0,-0.00374303515641799,-0.00374303515641799,11503.07,37.9457905
-0.31346358273312,0.0190588705679414,1.87990152835846,0.00945740658789873,0.0100155789405107,-2.16628682877755,-0.0156355892927873,0.0344445287584189,-0.031408230716045,0.00745793749930632,0.0175103551757457,0.0190894049643771,-0.144998237490654,0.144667878746986,2.1973569393158,0.00340829073586846,-0.00764013544522351,0.513074518831,0.0156169136361846,-0.0313942631078861,0.045371055602037,-0.00885512913324903,0.0392886190334707,0.0543047788850548,0,0,-0.00783792813717966,-0.00783792813717966,11503.13,38.0124996
-0.313813054333621,0.0196600268850591,1.88102436065674,0.00822736881673336,0.0176980756223202,-2.17231989171243,-0.0104841480150425,0.0180346895135312,-0.0237367840768451,0.0162908961900028,-0.0568852215132629,0.0676601498889434,-0.143655821681023,0.142616882920265,2.19990062713623,0.00442749589055399,-0.00824830929551287,0.513925280537244,0.019177368709099,-0.0292999403818531,0.0363383974349307,0.0145600736384252,-0.0086881978613127,0.0121537386606821,0,0,-0.0119826754916612,-0.0119826754916612,11503.2,38.079201
-0.314162525934123,0.0202611832021768,1.88102436065674,0.00822736881673336,0.0176980756223202,-2.17231989171243,-0.0104841480150425,0.0180346895135312,-0.0136312933923358,0.0114036273330019,-0.039819655059284,0.0473621049222604,-0.142158716917038,0.139849916100502,2.2003071308136,0.00781430490416275,-0.00424831771213254,0.527548326301474,0.0213872109141558,-0.0395280974253527,0.00580719539099792,0.0483829859088978,0.0571427369056708,0.194614939489811,0,0,-0.0160617053289541,-0.0160617053289541,11503.27,38.145904
-0.314511997534624,0.0208623395192945,1.88102436065674,0.00822736881673336,0.0176980756223202,-2.17231989171243,-0.0104841480150425,0.0180346895135312,-0.0136312933923358,0.00798253913310135,-0.0278737585414988,0.0331534734455823,-0.14107508957386,0.137735456228256,2.19984197616577,0.00235428563861856,-0.0041270103975965,0.525473064818708,0.01548039061689,-0.0302065696036369,-0.00664506639755832,-0.0780002752223841,0.00173296163623636,-0.0296465926110731,0,0,-0.0199682257915081,-0.0199682257915081,11503.34,38.2125734
-0.314860972340844,0.0214617429287722,1.8869616985321,0.00993289425969124,0.0149536859244108,-2.17328059937692,-0.010469244186596,0.0179821022843323,-0.0671069315216107,-0.00976195159344996,0.00518787630213504,0.0318538003923153,-0.139806270599365,0.135297253727913,2.19855165481567,0.00424977662477567,-0.00522998014541703,0.529595747741868,0.0211469829084284,-0.0406367083394003,-0.0215053558351435,0.0315915164362199,-0.0183828291304981,0.0687113820532496,0,0,-0.0236187331767847,-0.0236187331767847,11503.4,38.279304
-0.315209947147064,0.02206114633825,1.8869616985321,0.00993289425969124,0.0149536859244108,-2.17328059937692,-0.010469244186596,0.0179821022843323,-0.0136708906433148,-0.00683336611541497,0.00363151341149453,0.0222976602746207,-0.138944044709206,0.133201956748962,2.19540309906006,0.00181350600886024,-0.00398538835220801,0.523436460389821,0.012317512716617,-0.0299328139851316,-0.0449793679375475,-0.0348038659417936,0.0177798827602027,-0.0879898193153192,0,0,-0.026937774872199,-0.026937774872199,11503.47,38.3459894
-0.315558921953284,0.0226605497477277,1.8869616985321,0.00993289425969124,0.0149536859244108,-2.17328059937692,-0.010469244186596,0.0179821022843323,-0.0136708906433148,-0.00478335628079048,0.00254205938804617,0.0156083621922345,-0.137876614928246,0.130867719650269,2.19155120849609,0.00475008852348415,-0.00282044575177036,0.52616675749269,0.0177904963489464,-0.0389039516440483,-0.0641981760646794,0.0489430419093301,0.0194157100068705,0.0455049517134953,0,0,-0.029882177131471,-0.029882177131471,11503.53,38.4127253
-0.315553642120748,0.0236424276639639,1.88526356220245,0.00637921318411827,0.0117626497521996,-2.17240369584298,0.000158394976075518,0.0294563374870852,0.062328225293867,0.0286347802836034,0.0304987671215329,0.00303372172914422,-0.136759847402573,0.128492221236229,2.1859655380249,0.00524480322775211,-0.00574108196322667,0.519513925239342,0.0159538217953937,-0.0339356916292784,-0.0797952924459233,0.0070673529181432,-0.0417233744495494,-0.0950404607625095,0,0,-0.0324219520892526,-0.0324219520892526,11503.6,38.4793978
-0.315548362288212,0.0246243055802001,1.88526356220245,0.00637921318411827,0.0117626497521996,-2.17240369584298,0.000158394976075518,0.0294563374870852,0.0470449983270091,0.0200443461985224,0.021349136985073,0.00212360521040096,-0.135821253061295,0.125527083873749,2.17806553840637,0.000327105331318578,-0.00357923338823247,0.522840534059758,0.0134084905897426,-0.0423591051784642,-0.112857137408045,-0.0702528270921997,0.0308835510714741,0.0475229831489836,0,0,-0.034557369055032,-0.034557369055032,11503.67,38.546064
-0.315543082455676,0.0256061834964363,1.88526356220245,0.00637921318411827,0.0117626497521996,-2.17240369584298,0.000158394976075518,0.0294563374870852,0.0470449983270091,0.0140310423389657,0.0149443958895511,0.00148652364728067,-0.134515315294266,0.123120971024036,2.16879439353943,-0.00221749947353672,-0.00580548723124448,0.525053009935003,0.0186562538147748,-0.0343730407103197,-0.13244492667117,-0.0363514972123696,-0.0318036263288751,0.0316067982179311,0,0,-0.0363109072765099,-0.0363109072765099,11503.74,38.6128883
-0.314719382733282,0.0257996918217561,1.87488663196564,0.00637921318411827,0.0117626497521996,-2.17240369584298,0.0247109916718427,0.00580524975959669,0.179841713907224,0.00982172963727596,0.0104610771226858,0.00104056655309647,-0.133462682366371,0.122409239411354,2.16017580032349,0.000359493540195932,-0.00798718675874247,0.511717119706106,0.0175438821311936,-0.0118621935444468,-0.143643220262571,0.0429498835612733,-0.0363616587908396,-0.222264837143442,0,0,-0.0377135385913302,-0.0377135385913302,11503.8,38.6796753
-0.313886637616049,0.0259885885080311,1.87488663196564,0.00313843600451946,0.0121808229014277,-2.16721451546884,0.0249823535169825,0.00566690058824757,0.0864156167192135,0.0360422053624824,0.00355919564282717,-0.045974226780142,-0.133394807577133,0.119978688657284,2.14956545829773,0.0025484955406072,-0.00244140536355244,0.506509761755331,0.000969639846260833,-0.0347221536297198,-0.151576314654299,0.0312714571488624,0.0792254485030441,-0.074390827868517,0,0,-0.0388171532624766,-0.0388171532624766,11503.87,38.7463737
-0.313053892498816,0.026177485194306,1.87488663196564,0.00313843600451946,0.0121808229014277,-2.16721451546884,0.0249823535169825,0.00566690058824757,0.0864156167192135,0.0252295437537377,0.00249143694997902,-0.0321819587460994,-0.132700264453888,0.118000604212284,2.13887500762939,0.00352068250792014,-0.00020441840869867,0.506057030079736,0.00992204461783039,-0.0282583492143988,-0.152720723833992,0.0138883852473856,0.0319569564980439,-0.0064675953656778,0,0,-0.0396864005305677,-0.0396864005305677,11503.94,38.8130825
-0.312635995246436,0.0261404017908742,1.84901320934296,0.00499132461845875,0.0135805178433657,-2.15984750058389,0.0125369175714005,-0.00111250210295289,0.336686581213303,0.000984683102162827,-0.010853248612456,-0.0888305050868082,-0.131821289658546,0.115913063287735,2.12986350059509,0.00609081755145538,-0.000559903536279363,0.503908911724158,0.0146495799224825,-0.0347923487427804,-0.150191783906304,0.0428355840592843,-0.00592475212639516,-0.0358019725932676,0,0,-0.0403899757935836,-0.0403899757935836,11504,38.8798611
-0.312218097994056,0.0261033183874425,1.84901320934296,0.00499132461845875,0.0135805178433657,-2.15984750058389,0.0125369175714005,-0.00111250210295289,0.103825777609177,0.000689278171513979,-0.0075972740287192,-0.0621813535607657,-0.131019726395607,0.113712228834629,2.11990714073181,0.00505187682414589,-0.00202026430408324,0.499793593429321,0.0114509037563255,-0.0314404921873582,-0.142233712333181,-0.0148420103901973,-0.0208622966829993,-0.0587902613550638,0,0,-0.0409954370900197,-0.0409954370900197,11504.07,38.946571
-0.311800200741676,0.0260662349840107,1.84901320934296,0.00499132461845875,0.0135805178433657,-2.15984750058389,0.0125369175714005,-0.00111250210295289,0.103825777609177,0.000482494720059785,-0.00531809182010344,-0.043526947492536,-0.129934757947922,0.111813068389893,2.1098735332489,0.00737758300103252,0.00202030946439698,0.491449894110148,0.0154995492527108,-0.0271308634963482,-0.143337249756455,0.0332243739556614,0.0577224824071004,-0.1191957045601,0,0,-0.0415678356187154,-0.0415678356187154,11504.14,39.0132167
-0.311052893554885,0.0250441596884734,1.80658209323883,0.00972453318536282,0.0154908020049334,-2.14746153619027,0.022419215603733,-0.0306622588661185,0.489634725211337,-0.0422611307980948,-0.0209152217281816,-0.141942542787317,-0.129303976893425,0.109520070254803,2.10087442398071,0.0086100678064349,-0.000563470591816208,0.489171185162203,0.0105130175747166,-0.0382166355839971,-0.149985154466534,0.0205414134229245,-0.0430630009359465,-0.0379784824649296,0,0,-0.0421645708716721,-0.0421645708716721,11504.2,39.079946
-0.310305586368094,0.0240220843929361,1.80658209323883,0.00972453318536282,0.0154908020049334,-2.14746153619027,0.022419215603733,-0.0306622588661185,0.107754680274203,-0.0295827915586663,-0.0146406552097271,-0.0993597799511217,-0.127838268876076,0.107592977583408,2.08847332000732,0.00961484101660059,-0.00224961791935455,0.481398258948108,0.0209386859622191,-0.027529895305748,-0.177158628192003,0.0143539030024267,-0.0240878189649335,-0.111041803058959,0,0,-0.0428286844925888,-0.0428286844925888,11504.27,39.146681
-0.309558279181303,0.0230000090973988,1.80658209323883,0.00972453318536282,0.0154908020049334,-2.14746153619027,0.022419215603733,-0.0306622588661185,0.107754680274203,-0.0207079540910664,-0.010248458646809,-0.0695518459657852,-0.128015801310539,0.104421019554138,2.07450532913208,0.0103014008257573,0.00221866737514609,0.475712999030608,-0.00253617763520342,-0.0453136861326194,-0.199542726790032,0.00980799727370864,0.0638326470645602,-0.081217998821761,0,0,-0.0435882737914036,-0.0435882737914036,11504.34,39.2134087
-0.308803386163713,0.0219973893980064,1.77873659133911,0.0118722738698125,0.0150509821251035,-2.13196409013009,0.0226467905277005,-0.0300785909817727,0.358421471213398,-0.0338252340237936,-0.00321554213429734,-0.188163306717676,-0.126732617616653,0.1019087433815,2.06157469749451,0.0130629564039222,0.0063599291914684,0.467106312760056,0.0213863948982783,-0.0418712695443211,-0.215510527294717,0.0460259263031386,0.0690210302726245,-0.143444771177086,0,0,-0.0444541551065209,-0.0444541551065209,11504.4,39.2801302
-0.308048493146123,0.020994769698614,1.77873659133911,0.0118722738698125,0.0150509821251035,-2.13196409013009,0.0226467905277005,-0.0300785909817727,0.107811954115925,-0.0236776638166555,-0.00225087949400814,-0.131714314702373,-0.126207083463669,0.0987579226493835,2.04510450363159,0.0103493293845819,0.00514573901196914,0.464278948334309,0.00750763075695435,-0.0450117247447114,-0.235288483756907,-0.0387661002764518,-0.0173455739929187,-0.0403909203679813,0,0,-0.0454189379836864,-0.0454189379836864,11504.47,39.3468418
-0.307293600128533,0.0199921499992216,1.77873659133911,0.0118722738698125,0.0150509821251035,-2.13196409013009,0.0226467905277005,-0.0300785909817727,0.107811954115925,-0.0165743646716588,-0.00157561564580569,-0.092200020291661,-0.125906452536583,0.0956782102584839,2.02820992469788,0.013230466045095,0.0076374121060931,0.460536036074712,0.00429472752970449,-0.0439958912976062,-0.241351127619244,0.0411590951492889,0.0355953299152796,-0.0534701751359408,0,0,-0.0464574594794791,-0.0464574594794791,11504.54,39.413534
-0.306929988696092,0.0200427064320808,1.74849498271942,0.00941157154738903,0.0139306122437119,-2.11718869473672,0.0109083429732223,0.00151669298577702,0.422129941315579,0.0105442656316499,0.00898039798045974,-0.197518572744507,-0.125605776906013,0.0932773351669312,2.01360368728638,0.0124096961294039,0.00598399546239167,0.457037398672047,0.00501126050953351,-0.0400145848595519,-0.243437290193717,-0.0136794985949672,-0.0275569440619245,-0.0583106233782475,0,0,-0.0475291226656712,-0.0475291226656712,11504.6,39.4802328
-0.306566377263651,0.02009326286494,1.74849498271942,0.00941157154738903,0.0139306122437119,-2.11718869473672,0.0109083429732223,0.00151669298577702,0.149955463738369,0.00738098594215495,0.00628627858632182,-0.138263000921155,-0.125640586018562,0.0899217426776886,1.99604535102844,0.0120800023750641,0.00878896100897229,0.45418284487958,-0.000497273036413898,-0.0479370355608072,-0.250833375114394,-0.004709910776303,0.0400709363798898,-0.04077933989255,0,0,-0.0485791279193081,-0.0485791279193081,11504.67,39.5469044
-0.306202765831211,0.0201438192977993,1.74849498271942,0.00941157154738903,0.0139306122437119,-2.11718869473672,0.0109083429732223,0.00151669298577702,0.149955463738369,0.00516669015950847,0.00440039501042527,-0.0967841006448084,-0.124953582882881,0.0871130526065826,1.97876989841461,0.0193453666674523,0.0103019331754079,0.448972064727358,0.00981433050977155,-0.0401241438731091,-0.246792180198606,0.10379091846312,0.0216138880920271,-0.0744397164606204,0,0,-0.0495448395858147,-0.0495448395858147,11504.74,39.6136349
-0.30625161868656,0.0203800340695235,1.70002388954163,0.00941157154738903,0.0139306122437119,-2.11718869473672,-0.00146558566048519,0.00708644315172684,0.600541333834824,0.00361668311165593,0.00308027650729769,-0.0677488704513659,-0.124428026378155,0.0844786763191223,1.96423745155334,0.019228263460307,0.011678420625925,0.444740272767267,0.0087592750785823,-0.0439062714567137,-0.242207447682498,-0.00195172011904471,0.0229414575081173,-0.0705298659999779,0,0,-0.0503560007719059,-0.0503560007719059,11504.8,39.6803682
-0.306302594369286,0.0206351264103973,1.70002388954163,0.0105456309393048,0.0116911949589849,-2.10289979245401,-0.00152927048178704,0.00765277022621345,0.164288763293586,-0.00767485634908304,0.0223109491176523,-0.17602432986039,-0.12412441521883,0.0813297182321548,1.94661486148834,0.0177397519236463,0.00920640699844092,0.439955997044388,0.0043373022760844,-0.0449851155282937,-0.251751286643939,-0.0212644505238137,-0.0353144803927764,-0.0683467960414117,0,0,-0.05094243093832,-0.05094243093832,11504.87,39.7470563
-0.306353570052012,0.0208902187512711,1.70002388954163,0.0105456309393048,0.0116911949589849,-2.10289979245401,-0.00152927048178704,0.00765277022621345,0.164288763293586,-0.00537239944435812,0.0156176643823566,-0.123217030902273,-0.123969443142414,0.077813982963562,1.92996168136597,0.0124753042319651,-0.00366702081370669,0.428788896935194,0.00221388680595228,-0.050224789551535,-0.237902573177782,-0.075206395595758,-0.183906111602873,-0.15953000156058,0,0,-0.0512394383666504,-0.0512394383666504,11504.94,39.813681
-0.306199677202143,0.0218505664458264,1.65033233165741,0.00908768456429243,0.0137280821800232,-2.08912444379068,0.00461678549607651,0.0288104308366607,0.607335470009402,0.00936083776406089,-0.00739961992169547,-0.210230059601562,-0.123886525630951,0.0755636543035507,1.91546475887299,0.00780499219850398,-0.00674664543210762,0.426435949427463,0.00138195852439782,-0.0375054776671732,-0.241615374885067,-0.0778385338916791,-0.0513270769737846,-0.0392157917958462,0,0,-0.051191629523678,-0.051191629523678,11505,39.8804289
-0.306045784352274,0.0228109141403818,1.65033233165741,0.00908768456429243,0.0137280821800232,-2.08912444379068,0.00461678549607651,0.0288104308366607,0.160111449051456,0.00655258643484263,-0.00517973394518683,-0.147161041721093,-0.123818457126617,0.0727622881531715,1.89797341823578,0.0130396737873398,0.000524678359808089,0.420527464098663,0.000972407204768273,-0.0400195164341547,-0.249876294818282,0.074781165555109,0.103876054170656,-0.0844069332689304,0,0,-0.0507568396045219,-0.0507568396045219,11505.07,39.9471014
-0.305891891502405,0.0237712618349371,1.65033233165741,0.00908768456429243,0.0137280821800232,-2.08912444379068,0.00461678549607651,0.0288104308366607,0.160111449051456,0.00458681050438984,-0.00362581376163078,-0.103012729204765,-0.124539457261562,0.0696942806243896,1.87985599040985,0.00881715806021788,-0.000499812620113528,0.409264792078124,-0.0103000019278273,-0.0438286789827807,-0.258820397514329,-0.0603216532448502,-0.0146355854275125,-0.160895314579788,0,0,-0.0499105201808625,-0.0499105201808625,11505.14,40.0138006
-0.305367038307027,0.0241297633235871,1.60596883296967,0.00939127057790756,0.0124689498916268,-2.07248854901529,0.015745595861338,0.0107550446594997,0.556857644609577,0.000478493230536704,0.00879412096242568,-0.221831963421851,-0.124923631548882,0.0676581561565399,1.86519193649292,0.0164183095237864,0.00344763453658132,0.401965271983809,-0.00640290478851329,-0.0339354077967548,-0.244400898610184,0.126685857723376,0.065790785943478,-0.121658668235935,0,0,-0.0486494293971302,-0.0486494293971302,11505.2,40.0804794
-0.304842185111649,0.0244882648122371,1.60596883296967,0.00939127057790756,0.0124689498916268,-2.07248854901529,0.015745595861338,0.0107550446594997,0.15758615641988,0.000334945261375693,0.00615588467369798,-0.155282374395296,-0.125456139445305,0.0647962167859077,1.84673070907593,0.0190511644614495,0.00163370704427908,0.396105010420486,-0.0076072556632222,-0.0408848481520582,-0.263731820243842,0.0376122133953442,-0.0259132498901397,-0.083718022333535,0,0,-0.0469901657953516,-0.0469901657953516,11505.27,40.1472196
-0.304317331916271,0.0248467663008871,1.60596883296967,0.00939127057790756,0.0124689498916268,-2.07248854901529,0.015745595861338,0.0107550446594997,0.15758615641988,0.000234461682962985,0.00430911927158858,-0.108697662076707,-0.126347914338112,0.0616953559219837,1.8283177614212,0.0043341417850436,-0.0103087799191149,0.395245572250828,-0.0127396413258674,-0.044298012341956,-0.263042109354295,-0.210243181092387,-0.170606956620623,-0.0122776881380153,0,0,-0.0449755023327189,-0.0449755023327189,11505.34,40.2139483
-0.303822786071415,0.0252317203210284,1.55707716941833,0.013223722577095,0.011942183598876,-2.05405652787423,0.0148363753456673,0.0115486206042375,0.597626839609082,-0.0343279448146131,0.00775728012486953,-0.241976553723165,-0.126651108264923,0.059364840388298,1.81417489051819,0.00829505193923111,-0.00281818812672819,0.3904170516356,-0.0050532321135632,-0.0388419255617578,-0.235714515052253,0.0660151692370189,0.124843196540838,-0.0804753435878217,0,0,-0.0426705278927099,-0.0426705278927099,11505.4,40.2806274
-0.30332824022656,0.0256166743411696,1.55707716941833,0.013223722577095,0.011942183598876,-2.05405652787423,0.0148363753456673,0.0115486206042375,0.157601867647107,-0.0240295613702292,0.00543009608740867,-0.169383587606216,-0.126768171787262,0.0565264485776424,1.79684019088745,0.00651153328287577,-0.00886036039204853,0.386099286420803,-0.00167233603341934,-0.0405484544381056,-0.24763856615442,-0.0254788379480393,-0.0863167466477924,-0.0616823602116444,0,0,-0.0401574038462055,-0.0401574038462055,11505.47,40.3473042
-0.302833694381704,0.0260016283613109,1.55707716941833,0.013223722577095,0.011942183598876,-2.05405652787423,0.0148363753456673,0.0115486206042375,0.157601867647107,-0.0168206929591604,0.00380106726118607,-0.118568511324351,-0.12644749879837,0.0546757616102695,1.781329870224,0.0144393972921215,0.00622487937825761,0.387410225053091,0.00458104269835146,-0.0264383852476071,-0.221576009473051,0.113255200129609,0.215503425285384,0.0187276947465576,0,0,-0.0375358630322373,-0.0375358630322373,11505.54,40.4139923
-0.302545482764761,0.0266382556184282,1.49428141117096,0.0139941843226552,0.0119448089972138,-2.03676009442544,0.00864634850829601,0.0190988177135196,0.726860482891596,-0.0187086407814538,0.00263711849778968,-0.238665858966169,-0.126731276512146,0.0518672503530979,1.76919722557068,0.00966929322212582,0.0037108371632374,0.377293877932801,-0.00472962856296739,-0.0468085209532579,-0.202210744223722,-0.0795017345006026,-0.0419007035840258,-0.168605785339588,0,0,-0.0349173048376392,-0.0349173048376392,11505.6,40.4807291
-0.302257271147818,0.0272748828755455,1.49428141117096,0.0139941843226552,0.0119448089972138,-2.03676009442544,0.00864634850829601,0.0190988177135196,0.161698658665217,-0.0130960485470177,0.00184598294845277,-0.167066101276318,-0.126993089914322,0.0493987798690796,1.75544345378876,0.0104339482049568,0.00443528902857197,0.373321734268169,-0.00374019145967131,-0.0352638640575513,-0.196482454028265,0.0109236426119171,0.0103493123619655,-0.0567449094949812,0,0,-0.0324265472726354,-0.0324265472726354,11505.67,40.5474006
-0.301969059530875,0.0279115101326628,1.49428141117096,0.0139941843226552,0.0119448089972138,-2.03676009442544,0.00864634850829601,0.0190988177135196,0.161698658665217,-0.00916723398291238,0.00129218806391694,-0.116946270893423,-0.126639619469643,0.0455965176224709,1.74284863471985,0.0115019508795534,0.00157982983619564,0.357853081698434,0.00504957778115328,-0.0543180320946363,-0.179925986699444,0.0152571810657288,-0.0407922741769743,-0.220980750997133,0,0,-0.0301821345747703,-0.0301821345747703,11505.74,40.6141003
-0.302444922263254,0.0277883106938833,1.49428141117096,0.0139941843226552,0.0119448089972138,-2.03676009442544,-0.0142758819713725,-0.00369598316338633,0.123581235777611,-0.00641706378803866,0.00090453164474186,-0.081862389625396,-0.127241045236588,0.0432549975812435,1.73170793056488,0.0209205871639806,0.00928444485618508,0.361392438840261,-0.010023762782196,-0.0390253340196038,-0.185678402578751,0.156977271403694,0.128410250330354,0.0589892856958339,0,0,-0.0283027884125058,-0.0283027884125058,11505.8,40.6808128
-0.302912612662853,0.027661191798303,1.4582245349884,0.013299816288054,0.0109588727355003,-2.02126133706308,-0.0140307119879762,-0.00381356686740951,0.448105128703815,0.00175736765978384,0.00950659850674085,-0.196792488999069,-0.127470701932907,0.040154904127121,1.71743869781494,0.020399559868514,0.0112068947372574,0.353523069303511,-0.00328080994743621,-0.0442870493447919,-0.203846182142833,-0.00744324707812587,0.0274635697297184,-0.11241956481119,0,0,-0.026897100885202,-0.026897100885202,11505.87,40.7475081
-0.303380303062452,0.0275340729027226,1.4582245349884,0.013299816288054,0.0109588727355003,-2.02126133706308,-0.0140307119879762,-0.00381356686740951,0.123593243060809,0.00123015736184869,0.00665461895471859,-0.137754742299348,-0.127839609980583,0.0367360673844814,1.70393121242523,0.0134999937115247,0.00703939444725718,0.349906393027102,-0.00527011496682315,-0.0488405248950537,-0.192964076996652,-0.0985652308145428,-0.0595357184288217,-0.0516668039489155,0,0,-0.0260564443221666,-0.0260564443221666,11505.94,40.8142102
-0.303834517057988,0.0272926597668528,1.42014729976654,0.0159194190055132,0.00593695463612676,-2.00409913327432,-0.0136264198660673,-0.00724239407609648,0.455543104566312,-0.0227153143038387,0.0498554961626652,-0.25088815370836,-0.127307012677193,0.0341678187251091,1.69676208496094,0.00573221482687287,0.00238538563732237,0.346389845408771,0.0088766217232504,-0.0428041443232355,-0.119485457739255,-0.129462981411962,-0.077566813499572,-0.058609126972674,0,0,-0.0258522659684544,-0.0258522659684544,11506,40.8809493
-0.304288731053523,0.0270512466309829,1.42014729976654,0.0159194190055132,0.00593695463612676,-2.00409913327432,-0.0136264198660673,-0.00724239407609648,0.112847987569547,-0.0159007200126871,0.0348988473138657,-0.175621707595852,-0.127339541912079,0.0311398580670357,1.68585622310638,-0.00196941805959007,0.00955297500570602,0.344414889412861,-0.000464703355518638,-0.0432565808298002,-0.155798026494265,-0.110023326949928,0.102394133834478,-0.0282136570845414,0,0,-0.0263323599949025,-0.0263323599949025,11506.07,40.9477493
-0.304742945049059,0.026809833495113,1.42014729976654,0.0159194190055132,0.00593695463612676,-2.00409913327432,-0.0136264198660673,-0.00724239407609648,0.112847987569547,-0.011130504008881,0.024429193119706,-0.122935195317096,-0.127288430929184,0.0294127333909273,1.67331206798553,0.00621598584265213,-0.00823712984044909,0.338338198490441,0.000730156898501571,-0.0246732096587934,-0.179202216012882,0.116934341461089,-0.25414435494613,-0.0868098703206557,0,0,-0.0275145755990523,-0.0275145755990523,11506.14,41.014497
-0.304465476909583,0.0270895347307363,1.3954085111618,0.0159194190055132,0.00593695463612676,-2.00409913327432,0.00832404418428807,0.00839103706869882,0.309243669264484,-0.00779135280621669,0.0171004351837942,-0.0860546367219673,-0.127915188670158,0.0273338817059994,1.66228687763214,0.0107311812874246,-0.0033617898689495,0.32730936909189,-0.0104459623493458,-0.0346475280813761,-0.183753172552548,0.0752532574112318,0.0812556661898861,-0.183813823305169,0,0,-0.0293866398601547,-0.0293866398601547,11506.2,41.0812042
-0.304174147740458,0.0273396512731946,1.3954085111618,0.0083422027528286,0.0117437010630965,-1.98621392514444,0.00873987507375001,0.00750349627374893,0.0866144065765512,0.0627409993098097,-0.040290413214072,-0.221205118874322,-0.128120273351669,0.0249955784529448,1.6513968706131,0.019302956858124,-0.00010527908332679,0.322883827703558,-0.00292978116445397,-0.0334043321866334,-0.155571528844118,0.122453936724786,0.0465215826519464,-0.0632220198335765,0,0,-0.0319065656118106,-0.0319065656118106,11506.27,41.1478701
-0.303882818571333,0.0275897678156529,1.3954085111618,0.0083422027528286,0.0117437010630965,-1.98621392514444,0.00873987507375001,0.00750349627374893,0.0866144065765512,0.0439186995168668,-0.0282032892498504,-0.154843583212026,-0.129302322864532,0.023627607151866,1.63854825496674,0.0216411581272011,0.00168010118945372,0.326381922524133,-0.0168864216124011,-0.0195424471583498,-0.183551652091653,0.0334028752726682,0.0255054324683991,0.0499727831512761,0,0,-0.0350080627559071,-0.0350080627559071,11506.34,41.2145735
-0.303607591165046,0.0278481768106401,1.36230647563934,0.0118697304278612,0.0118480622768402,-1.97599327828622,0.00825682218859456,0.00775226984961714,0.384545213978501,-0.00100465941348682,-0.0206815533985885,-0.200376329972356,-0.129308804869652,0.0229429844766855,1.62508392333984,0.0211661569805163,0.00335535349018489,0.319416717164423,-0.000108033418656313,-0.0114103779197708,-0.224405527116773,-0.00791668577814574,0.0279208716790899,-0.116086755996144,0,0,-0.0385949664705049,-0.0385949664705049,11506.4,41.2812813
-0.30333236375876,0.0281065858056273,1.36230647563934,0.0118697304278612,0.0118480622768402,-1.97599327828622,0.00825682218859456,0.00775226984961714,0.0866268942763522,-0.000703261589440773,-0.0144770873790119,-0.140263430980649,-0.130457386374474,0.0213578306138515,1.60969412326813,0.0174580287608514,0.00175716615217054,0.311983460230212,-0.0164083072118079,-0.0226450551834367,-0.219854286739718,-0.0529732602811482,-0.0228312476860142,-0.106189384774882,0,0,-0.0425509031177924,-0.0425509031177924,11506.47,41.348007
-0.303057136352473,0.0283649948006146,1.36230647563934,0.0118697304278612,0.0118480622768402,-1.97599327828622,0.00825682218859456,0.00775226984961714,0.0866268942763522,-0.000492283112608541,-0.0101339611653083,-0.0981844016864544,-0.130802869796753,0.0204417146742344,1.59382545948029,0.00805715669662447,-0.00531721298853873,0.304650157373253,-0.00493547746102595,-0.0130873705656737,-0.22669519696422,-0.134298172343168,-0.101062559150784,-0.104761469382852,0,0,-0.0467421250326153,-0.0467421250326153,11506.54,41.4147594
-0.303660979324335,0.0279386338773414,1.31222784519196,0.0175868012011051,0.011148763820529,-1.96629774834848,-0.0181152891558533,-0.0127908276981951,0.592132294299669,-0.0517982351380211,-0.000800086708914803,-0.155988850620215,-0.131756946444511,0.0187504477798939,1.5757554769516,0.0133007760366785,-0.00561456387410725,0.29913325037033,-0.0136296663966064,-0.0241609556335364,-0.258142607553738,0.0749088477153694,-0.00424786979385362,-0.0788129571849326,0,0,-0.0510143175563551,-0.0510143175563551,11506.61,41.4814072
-0.304264822296197,0.0275122729540682,1.31222784519196,0.0175868012011051,0.011148763820529,-1.96629774834848,-0.0181152891558533,-0.0127908276981951,0.141424620273179,-0.0362587645966148,-0.000560060696240362,-0.109192195434151,-0.132748186588287,0.0177626460790634,1.55782341957092,0.00373168303798168,-0.00963267457186735,0.29266159243795,-0.0165206690630726,-0.0164633616806474,-0.298867623013808,-0.159484883312968,-0.0669685116299035,-0.107860965540585,0,0,-0.0552403486176452,-0.0552403486176452,11506.67,41.5483273
-0.304868665268059,0.0270859120307951,1.31222784519196,0.0175868012011051,0.011148763820529,-1.96629774834848,-0.0181152891558533,-0.0127908276981951,0.141424620273179,-0.0253811352176303,-0.000392042487368253,-0.0764345368039055,-0.133774191141129,0.0169036723673344,1.53758370876312,0.0117169453453407,-0.00557550100335825,0.290244986395788,-0.0146572078977922,-0.0122710530247517,-0.289138725826921,0.114075175819888,0.0579596224075137,-0.0345229434596092,0,0,-0.0592495512199989,-0.0592495512199989,11506.74,41.6152016
-0.30440796323746,0.0271058228800293,1.31222784519196,0.0175868012011051,0.011148763820529,-1.96629774834848,0.0138210609179469,0.000597325477027288,0.166027055154602,-0.0177667946523412,-0.000274429741157777,-0.0535041757627339,-0.134446308016777,0.0162851456552744,1.51845836639404,0.0095524571036046,-0.0107506056489212,0.288078280970286,-0.0112019479272305,-0.0103087785341079,-0.318755706144369,-0.036074804028147,-0.086251744090833,-0.0361117570909101,0,0,-0.0628956236344792,-0.0628956236344792,11506.8,41.6819375
-0.303944586037024,0.0271460759747251,1.27606523036957,0.0178486239165068,0.00945655349642038,-1.95076883103586,0.0139013160130949,0.0012075928408736,0.491485679919312,-0.0147931606952537,0.015037792098167,-0.177213178847512,-0.135550007224083,0.0149879464879632,1.49383115768433,0.0142153775499284,-1.33880079563852e-05,0.278457083903895,-0.0157671315330071,-0.0185314166759512,-0.351817267283131,0.066613149233474,0.153388823442992,-0.13744567237758,0,0,-0.0660593274697233,-0.0660593274697233,11506.87,41.7486537
-0.303481208836587,0.0271863290694209,1.27606523036957,0.0178486239165068,0.00945655349642038,-1.95076883103586,0.0139013160130949,0.0012075928408736,0.166022146517823,-0.0103552124866776,0.0105264544687169,-0.124049225193259,-0.136002153158188,0.0136922337114811,1.46784126758575,0.016477718625868,-0.000953061016951665,0.27316486136589,-0.00645922763009713,-0.0185101825212499,-0.371284144266855,0.0323191582278429,-0.0134239001285598,-0.0756031791146713,0,0,-0.0686499294335327,-0.0686499294335327,11506.94,41.8158233
-0.303924475666188,0.0270483760053627,1.21813559532166,0.0219618510454893,0.00846361741423607,-1.93175184991098,-0.0132980048880289,-0.00413859192174433,0.737172159781995,-0.0442676929015172,0.0163049428677606,-0.257987287759182,-0.135829150676727,0.0128944460302591,1.44360375404358,-5.44370748574351e-05,-0.0213143422134093,0.256895802908554,0.002883374691034,-0.0132964613538122,-0.403958559039684,-0.275535928347763,-0.339354686610508,-0.271150974291231,0,0,-0.0705485523315471,-0.0705485523315471,11507,41.8825176
-0.304367742495789,0.0269104229413046,1.21813559532166,0.0219618510454893,0.00846361741423607,-1.93175184991098,-0.0132980048880289,-0.00413859192174433,0.215805444350782,-0.0309873850310621,0.0114134600074325,-0.180591101431428,-0.136329278349876,0.0112976534292102,1.41425085067749,-0.00745689321649333,-0.017999786545717,0.246991634262204,-0.00714468104501698,-0.0228113228722226,-0.41932719094587,-0.105749373452381,0.0473507952529449,-0.141488123519881,0,0,-0.0717204862890092,-0.0717204862890092,11507.07,41.9492224
-0.30481100932539,0.0267724698772465,1.21813559532166,0.0219618510454893,0.00846361741423607,-1.93175184991098,-0.0132980048880289,-0.00413859192174433,0.215805444350782,-0.0216911695217434,0.00798942200520272,-0.126413771001999,-0.138216614723206,0.00997377838939428,1.38483202457428,0.00452323364062637,-0.0107026938038884,0.246136411125589,-0.0269619481905287,-0.0189125005688772,-0.420268944333325,0.171144669388136,0.104244182026556,-0.0122174733802585,0,0,-0.0721392995705121,-0.0721392995705121,11507.14,42.0159584
-0.304403805703066,0.0270263555702979,1.1445677280426,0.0219618510454893,0.00846361741423607,-1.93175184991098,0.0122161086697269,0.00761657079154428,0.926667296807348,-0.0151838186652204,0.0055925954036419,-0.0884896397013996,-0.138855069875717,0.00969685427844524,1.35436296463013,-0.00122115948149779,-0.0109930294079146,0.232474908508266,-0.00912078789282372,-0.00395605872775707,-0.435272284906968,-0.0820627588856967,-0.00414765148599776,-0.195164323100353,0,0,-0.0718081039898236,-0.0718081039898236,11507.21,42.0826833
-0.303903734065747,0.0271910947043529,1.1445677280426,0.0120174959301949,0.0131727932021022,-1.91074145104623,0.0150021491195746,0.00494217402164884,0.264517367062133,0.0788705229719958,-0.0384677653082457,-0.251036337573695,-0.140328273177147,0.00816533621400595,1.32849156856537,-0.00494336732936714,-0.01228312047642,0.22815605040684,-0.0245533883573709,-0.025525301074205,-0.431189934416299,-0.0620367974650158,-0.021501517808607,-0.0719809683577099,0,0,-0.0707523911454007,-0.0707523911454007,11507.27,42.1497565
-0.303403662428428,0.0273558338384079,1.06383967399597,0.0120174959301949,0.0131727932021022,-1.91074145104623,0.0150021491195746,0.00494217402164884,0.991069853481811,0.0552093660803971,-0.026927435715772,-0.175725436301586,-0.142329633235931,0.00755467358976603,1.29910314083099,0.00783462840928242,-0.0104176306888975,0.219441379680495,-0.0285908579827544,-0.00872375177489229,-0.419834681921388,0.182542796267181,0.0266498541075747,-0.124495296091166,0,0,-0.0690322123304176,-0.0690322123304176,11507.34,42.2168278
-0.30296825775703,0.0275645092803723,1.06383967399597,0.0174173098057508,0.0122112790122628,-1.88819134499765,0.0130621401419341,0.0062602632589334,0.264554115950642,-0.00995176862372598,-0.0101955772924861,-0.325958759848366,-0.14482319355011,0.00747751770541072,1.26833629608154,0.00536417947890141,0.00386543339167984,0.208831919185117,-0.0356222902026976,-0.00110222691936611,-0.439526353565409,-0.0352921275770183,0.204043772580525,-0.151563721363171,0,0,-0.06674405125106,-0.06674405125106,11507.41,42.2835644
-0.302532853085632,0.0277731847223368,1.06383967399597,0.0174173098057508,0.0122112790122628,-1.88819134499765,0.0130621401419341,0.0062602632589334,0.264554115950642,-0.00696623803660819,-0.00713690410474029,-0.228171131893856,-0.146850764751434,0.00698999874293804,1.24335896968842,0.00750273037726009,0.00274498497468237,0.200715803284658,-0.0337928533556946,-0.00812531604128026,-0.416288773222324,0.0356425149729471,-0.0186741402834496,-0.135268598342132,0,0,-0.0639835743867994,-0.0639835743867994,11507.47,42.3502641
-0.302097448414234,0.0279818601643012,0.968661487102509,0.0174173098057508,0.0122112790122628,-1.88819134499765,0.0130621401419341,0.0062602632589334,1.12115779799181,-0.00487636662562573,-0.0049958328733182,-0.159719792325699,-0.148922622203827,0.00708738714456558,1.21571004390717,0.00930617337205455,0.00315244985556533,0.187657244235928,-0.0295979636049622,0.00139126288036307,-0.394984654009235,0.0257634713536442,0.00582092686962941,-0.18655084354921,0,0,-0.0608642107116229,-0.0608642107116229,11507.54,42.4169516
-0.303615116676633,0.0288841703611139,0.968661487102509,0.0174173098057508,0.0122112790122628,-1.88819134499765,-0.0455300478719695,0.0270693059043817,0.273349313277819,-0.00341345663793801,-0.00349708301132274,-0.11180385462799,-0.151725679636002,0.0072895847260952,1.19022333621979,0.00570258334361951,0.000627468017227317,0.174294803592409,-0.040043677602662,0.00288853687900654,-0.364095824106913,-0.0514798575492861,-0.0360711691192644,-0.190892009193924,0,0,-0.0575049521020692,-0.0575049521020692,11507.61,42.4836717
-0.305160285434284,0.0297356936857867,0.968661487102509,0.0174593776464462,0.0128930835053325,-1.86045325066781,-0.0463550627295339,0.0255456997401831,0.273353219246723,-0.00276803021281504,-0.00858419854555276,-0.327905547208099,-0.153405547142029,0.00700501538813114,1.17040765285492,0.000787455564909941,-0.00924067307677522,0.170715840278735,-0.027997791767358,-0.00474282229944123,-0.330261389417273,-0.0819187963125215,-0.164469018234772,-0.0596493885617405,0,0,-0.0540695366856979,-0.0540695366856979,11507.67,42.5496329
-0.306705454191936,0.0305872170104595,0.968661487102509,0.0174593776464462,0.0128930835053325,-1.86045325066781,-0.0463550627295339,0.0255456997401831,0.273353219246723,-0.00193762114897053,-0.00600893898188693,-0.229533883045669,-0.156892746686935,0.00691737234592438,1.14805579185486,-0.0203754407947377,-0.023249104350411,0.161340676579734,-0.0498171363560159,-0.00125204346010184,-0.3193123000022,-0.302327090853366,-0.200120446767057,-0.133930909986288,0,0,-0.0505484672075381,-0.0505484672075381,11507.74,42.6172716
-0.308250622949587,0.0314387403351322,0.968661487102509,0.0174593776464462,0.0128930835053325,-1.86045325066781,-0.0463550627295339,0.0255456997401831,0.273353219246723,-0.00135633480427937,-0.00420625728732085,-0.160673718131968,-0.161335185170174,0.00792619027197361,1.12654542922974,-0.00916668864380879,-0.00828507445226543,0.156798497332988,-0.063463406903667,0.0144116846579061,-0.307290894645879,0.160125030728222,0.213771855688682,-0.0648882749537883,0,0,-0.0471852986169064,-0.0471852986169064,11507.81,42.6839979
-0.308466403036269,0.0325754393985264,0.894122004508972,0.0119041185826063,0.0148922689259052,-1.8354426648829,-0.00647340260048094,0.0341009719018258,0.885884485765878,0.0490478972115637,-0.0209370488862794,-0.337566874756587,-0.164808318018913,0.00885730050504208,1.10999953746796,-0.0104131770847781,-0.0113390386190232,0.145591270017486,-0.0578855474777302,0.0155185038841357,-0.27576486269031,-0.0207748073490347,-0.0508994027781843,-0.186787121920946,0,0,-0.0440266453657358,-0.0440266453657358,11507.87,42.750694
-0.308682183122952,0.0337121384619206,0.8340904712677,0.0119041185826063,0.0148922689259052,-1.8354426648829,-0.00647340260048094,0.0341009719018258,0.755312941595499,0.0343335280480946,-0.0146559342203956,-0.236296812329611,-0.169712796807289,0.0105159841477871,1.09284639358521,-0.0169399134591458,-0.00924987529380849,0.136644393862367,-0.0700639826913749,0.0236954806107416,-0.245044912611754,-0.0932390910627836,0.0298451903603335,-0.127812516502237,0,0,-0.0411447090668615,-0.0411447090668615,11507.94,42.8174037
-0.309359521514126,0.0333151072189755,0.8340904712677,0.0119041185826063,0.0148922689259052,-1.8354426648829,-0.0203201517352169,-0.0119109372883519,0.169395325907167,0.0240334696336662,-0.0102591539542769,-0.165407768630728,-0.174237459897995,0.0129385935142636,1.07588577270508,-0.00997262308904453,-0.0110693194824383,0.133325483520397,-0.0646380441532098,0.034608705235523,-0.242294584002821,0.0995327195732891,-0.0259920598376771,-0.0474130048854759,0,0,-0.0385932213626557,-0.0385932213626557,11508.01,42.8841154
-0.310019536383576,0.0329524800220778,0.8340904712677,0.0123092690482736,0.00877130869776011,-1.81417382027841,-0.0198004460835117,-0.0108788159069334,0.169459490907882,0.0131770745525611,0.0479072342853123,-0.307205039481939,-0.178372398018837,0.0151734091341496,1.06431698799133,-0.00700064931166535,-0.00722416078184521,0.126069766157216,-0.0689156353479513,0.0372469269984149,-0.192813078564055,0.0495328962900735,0.0640859783437626,-0.120928622720721,0,0,-0.0364019079223814,-0.0364019079223814,11508.07,42.9508566
-0.311089105177457,0.0316273618779383,0.8340904712677,0.0123092690482736,0.00877130869776011,-1.81417382027841,-0.0320870638164304,-0.0397535443241842,0.115149148381475,0.00922395218679277,0.0335350639997186,-0.215043527637357,-0.184110552072525,0.0180804636329412,1.05004072189331,-0.00228255209876133,0.00754429790743774,0.121142723557856,-0.0717269256711659,0.0363381812349292,-0.178453326225443,0.0589762151613539,0.184605733616205,-0.0615880324920497,0,0,-0.0345787980262922,-0.0345787980262922,11508.15,43.0176379
-0.312158673971338,0.0303022437337988,0.8340904712677,0.0123092690482736,0.00877130869776011,-1.81417382027841,-0.0320870638164304,-0.0397535443241842,0.115149148381475,0.00645676653075494,0.023474544799803,-0.15053046934615,-0.188656851649284,0.0198790114372969,1.03857719898224,0.000641512723509076,0.00676199585949435,0.123873656595753,-0.0757716596110017,0.029975796738606,-0.191058715180359,0.048734413703443,-0.0130383674654385,0.0455155506306217,0,0,-0.033111132849058,-0.033111132849058,11508.21,43.0844389
-0.313239049707024,0.0289837904943132,0.793012022972107,0.0196514334529638,0.0055707823485136,-1.79575217034555,-0.0324112720705656,-0.0395535971845699,0.484844429998985,-0.0615597430706839,0.0452369185030806,-0.271166177938057,-0.191877692937851,0.023447148501873,1.02635061740875,-0.00858774832213818,-0.0155483637766442,0.11247983650261,-0.0460120184082854,0.0509733866370141,-0.174665451050531,-0.131846586366937,-0.318719423374734,-0.162768858474156,0,0,-0.0319679849033348,-0.0319679849033348,11508.28,43.1511336
-0.31431942544271,0.0276653372548275,0.742374002933502,0.0196514334529638,0.0055707823485136,-1.79575217034555,-0.0324112720705656,-0.0395535971845699,0.570880575686088,-0.0430918201494788,0.0316658429521564,-0.18981632455664,-0.196964845061302,0.0236890725791454,1.01398825645447,-0.0115251658025886,0.00354352681685637,0.108286436020484,-0.0847858687249069,0.00403206795457448,-0.206039349239827,-0.0489569580079234,0.318198176561045,-0.0698900080360253,0,0,-0.0310977319627903,-0.0310977319627903,11508.34,43.2178491
-0.315399801178395,0.0263468840153418,0.742374002933502,0.0196514334529638,0.0055707823485136,-1.79575217034555,-0.0324112720705656,-0.0395535971845699,0.115138395338645,-0.0301642741046351,0.0221660900665095,-0.132871427189648,-0.200281530618668,0.0274645872414112,1.00138509273529,-0.0124233705103217,0.0123216869349382,0.105060066617434,-0.0473812222482744,0.0539359237468782,-0.180045195988995,-0.0128314958248105,0.125402287401691,-0.0460909914723314,0,0,-0.0304399602650919,-0.0304399602650919,11508.41,43.2846041
-0.316482917803669,0.0250300658622583,0.742374002933502,0.0252857226878405,0.00279454328119755,-1.77738106515146,-0.0324934987582151,-0.0395045445925051,0.115135290946623,-0.0718235949871343,0.0405024146524012,-0.25834994577958,-0.205828875303268,0.026880444958806,0.988914608955383,-0.0133708248656899,0.012906306848724,0.109237488182003,-0.092455744744132,-0.00973570471016883,-0.207841396333551,-0.0157909059229385,0.00974366522984585,0.069623692743404,0,0,-0.0299282745082272,-0.0299282745082272,11508.47,43.3512788
-0.316977379700711,0.0228203213679156,0.695868313312531,0.0252857226878405,0.00279454328119755,-1.77738106515146,-0.014833856911255,-0.0662923348302814,0.55255516251092,-0.050276516490994,0.0283516902566808,-0.180844962045706,-0.211245074868202,0.0296009704470634,0.974131524562836,-0.0197544425620542,-0.00615697943184003,0.0920258599229519,-0.0677024945601944,0.0340065686024753,-0.184788554902812,-0.0797952212028119,-0.238291078501849,-0.215145353233439,0,0,-0.0294930159560108,-0.0294930159560108,11508.55,43.4178733
-0.317471841597753,0.0206105768735729,0.695868313312531,0.0252857226878405,0.00279454328119755,-1.77738106515146,-0.014833856911255,-0.0662923348302814,0.134003955922174,-0.0351935615436958,0.0198461831796766,-0.126591473431994,-0.214463695883751,0.0315491482615471,0.963633716106415,-0.0195371385454137,-0.00575940034212286,0.08284707382083,-0.0536436835929338,0.0324696302416697,-0.174963474275167,0.00362173361070672,0.00662631816200911,-0.152979768369997,0,0,-0.029066196736914,-0.029066196736914,11508.61,43.4846571
-0.31789172458446,0.0183713371999071,0.695868313312531,0.018470972776413,0.00499677145853639,-1.76179135110116,-0.0125964896012132,-0.0671771902099727,0.133900197027956,0.0366972561222604,-0.00592772537027596,-0.228921457855033,-0.219418928027153,0.0327891372144222,0.952694177627563,-0.0300276389772365,-0.00708344944448482,0.0781821876668593,-0.082587202390736,0.0206664825480944,-0.182325641315736,-0.174841673865197,-0.0220674850395533,-0.0777481025668377,0,0,-0.0285910445760097,-0.0285910445760097,11508.67,43.5513254
-0.318311607571167,0.0161320975262414,0.695868313312531,0.018470972776413,0.00499677145853639,-1.76179135110116,-0.0125964896012132,-0.0671771902099727,0.133900197027956,0.0256880792855823,-0.00414940775919317,-0.160245020498523,-0.223866075277328,0.0354621894657612,0.942847490310669,-0.0199714691315804,-0.0130089822157658,0.0726856567690349,-0.0635306750027709,0.0381864607335725,-0.140666961670507,0.143659569224255,-0.0846504681615095,-0.078521869969247,0,0,-0.0280197861201606,-0.0280197861201606,11508.74,43.617992
-0.318731490557874,0.0138928578525756,0.695868313312531,0.018470972776413,0.00499677145853639,-1.76179135110116,-0.0125964896012132,-0.0671771902099727,0.133900197027956,0.0179816554999076,-0.00290458543143522,-0.112171514348966,-0.22811758518219,0.0365949645638466,0.935810208320618,-0.0209443444555034,-0.0121822114334412,0.0663796257187697,-0.0607358557839875,0.0161825014012873,-0.100532599858293,-0.0138982189132433,0.0118110111761147,-0.090086157861305,0,0,-0.0273191776623562,-0.0273191776623562,11508.81,43.6847427
-0.318751430036207,0.0121632804375703,0.665185987949371,0.0195992421358824,0.00690606702119112,-1.74978435303903,-0.0005981843499947,-0.0518873224501601,0.374190586351097,0.0024327346147106,-0.0192168698658973,-0.18658304260348,-0.232487320899963,0.0371497347950935,0.930758237838745,-0.032771189105088,0.00425551931025764,0.0767282250477992,-0.0728289286279676,0.00924617052058065,-0.0841995080293714,-0.197114077488774,0.273962179055668,0.172476655480059,0,0,-0.02647473853857,-0.02647473853857,11508.87,43.7514791
-0.318666004242738,0.0109313630681416,0.637953102588654,0.0195992421358824,0.00690606702119112,-1.74978435303903,0.00256277380407241,-0.0369575210828598,0.323224974045395,0.00170291423029742,-0.0134518089061281,-0.130608129822436,-0.238778710365295,0.0410756058990955,0.921986639499664,-0.00388038572611157,0.0268724256371764,0.0753324252550125,-0.0786423683167219,0.0490733888000696,-0.10964497923861,0.361135042237534,0.282711329086742,-0.0174474974098493,0,0,-0.025488645717816,-0.025488645717816,11508.95,43.8182453
-0.318580578449269,0.00969944569871298,0.637953102588654,0.0195992421358824,0.00690606702119112,-1.74978435303903,0.00256277380407241,-0.0369575210828598,0.078129005798935,0.00119203996120819,-0.00941626623428965,-0.0914256908757053,-0.242014393210411,0.0434541180729866,0.915009617805481,-0.0259558915937117,-0.00306840368773877,0.0585858293618205,-0.0539280474190521,0.0396418695651876,-0.116283694904043,-0.367925097796459,-0.499013822086156,-0.279109931555569,0,0,-0.024382103989601,-0.024382103989601,11509.01,43.8850055
-0.318449479176142,0.00847467483127092,0.637953102588654,0.0115089975297451,0.00387876387685537,-1.73836672570443,0.00393297819379201,-0.0367431260232617,0.0781506418081523,0.0736466294280812,0.020654341935019,-0.166756629624346,-0.246559351682663,0.0445639118552208,0.908405303955078,-0.0273519893977906,0.00587342616460548,0.0646087443673068,-0.0757493078715079,0.0184965630373935,-0.110071897507648,-0.0232682967348452,0.149030497540336,0.100381916758956,0,0,-0.0231933735130266,-0.0231933735130266,11509.07,43.9517121
-0.318767803337194,0.00740651571410167,0.637953102588654,0.0115089975297451,0.00387876387685537,-1.73836672570443,-0.00954972483153506,-0.0320447735150775,0.0846280636964872,0.0515526405996568,0.0144580393545133,-0.116729640737042,-0.252440720796585,0.048911526799202,0.901252269744873,-0.0113539230814539,0.00473925010496107,0.0559977401751682,-0.0840195587706653,0.062108784914275,-0.102186203003355,0.228543804520045,-0.0162025151378447,-0.123014345602491,0,0,-0.0219735364363927,-0.0219735364363927,11509.14,44.0183888
-0.319086127498245,0.00633835659693242,0.637953102588654,0.0115089975297451,0.00387876387685537,-1.73836672570443,-0.00954972483153506,-0.0320447735150775,0.0846280636964872,0.0360868484197598,0.0101206275481593,-0.0817107485159297,-0.257560789585114,0.0524789802730083,0.894689083099365,-0.00272116354105466,-0.00140614077703548,0.0486380488660102,-0.073143839834524,0.0509636210532644,-0.0937598092194936,0.123325136288726,-0.08779129831232,-0.105138447271392,0,0,-0.0207825774199568,-0.0207825774199568,11509.21,44.0851498
-0.319420880641998,0.00525099812748572,0.607356190681458,0.0168136246502399,0.00897877756506205,-1.73091495301462,-0.0100425943125895,-0.032620754083401,0.35986437791862,-0.0224808501906217,-0.0388156839101486,-0.124263478169525,-0.262175500392914,0.0557684823870659,0.889146327972412,-0.00591413747731262,-0.00104375206669625,0.0416999657278359,-0.0769118467973244,0.0548250352347577,-0.0923792521166696,-0.0532162322714178,0.00603981183903843,-0.115634718970553,0,0,-0.0196918393860161,-0.0196918393860161,11509.27,44.1518359
-0.319755633785751,0.00416363965803902,0.5968057513237,0.0168136246502399,0.00897877756506205,-1.73091495301462,-0.0100425943125895,-0.032620754083401,0.179446124973673,-0.0157365951334352,-0.027170978737104,-0.0869844347186674,-0.267725497484207,0.0594533234834671,0.881725311279297,-0.000909321618923439,0.00282573167354925,0.0415282294225914,-0.0792856727330916,0.0526405870916648,-0.106014524187801,0.0714973694058571,0.055278339146594,-0.00245337578921757,0,0,-0.0187704359855996,-0.0187704359855996,11509.34,44.2184956
-0.320090386929504,0.00307628118859231,0.5968057513237,0.0168136246502399,0.00897877756506205,-1.73091495301462,-0.0100425943125895,-0.032620754083401,0.0844921707538551,-0.0110156165934046,-0.0190196851159728,-0.0608891043030671,-0.274256736040115,0.0612340532243252,0.876491129398346,-0.0150347651671608,0.00832899074957741,0.0421420289394704,-0.0933034079419337,0.0254389962980783,-0.0747740268710384,-0.201792050689945,0.0786179868007292,0.00876856452687946,0,0,-0.0180836578304881,-0.0180836578304881,11509.41,44.2852864
-0.320416100271187,0.00198966474252676,0.5968057513237,0.0173049084842205,0.00807211734354496,-1.72131693627572,-0.00977140025049508,-0.0325984933819666,0.084511959496829,-0.0121324861212083,-0.00515383758752718,-0.129004523662171,-0.279656320810318,0.0649656504392624,0.870112597942352,-0.0077340944933287,0.0154889782745174,0.0407210707125627,-0.0899930795041412,0.0621932869161481,-0.106308857600797,0.121677844564902,0.119333125416679,-0.0236826371153282,0,0,-0.017692757749611,-0.017692757749611,11509.47,44.3519986
-0.319534137567476,0.00133742506789423,0.58520632982254,0.0173049084842205,0.00807211734354496,-1.72131693627572,0.0264588811113193,-0.019567190238976,0.18154312910156,-0.00849274028484581,-0.00360768631126902,-0.09030316656352,-0.286543250083923,0.0691754668951035,0.860493183135986,-0.0100384214225976,0.0103479284284263,0.0361596090865988,-0.0860866159181877,0.0526227056968647,-0.12024268507695,-0.0288040866152324,-0.0642631230747359,-0.0570182703233051,0,0,-0.0176465121583766,-0.0176465121583766,11509.55,44.4205482
-0.318652174863766,0.000685185393261692,0.58520632982254,0.0173049084842205,0.00807211734354496,-1.72131693627572,0.0264588811113193,-0.019567190238976,0.077148335591123,-0.00594491819939207,-0.00252538041788832,-0.063212216594464,-0.290266394615173,0.0735218077898026,0.854221284389496,-0.00586385516406715,0.0107319073173562,0.0227249500916933,-0.0620524088546934,0.0724390149122665,-0.104531645775729,0.0695761043094312,0.00639964814888576,-0.223910983250325,0,0,-0.0179773191685715,-0.0179773191685715,11509.61,44.4873036
-0.317781386685305,5.1582683690422e-05,0.58520632982254,0.0221473071724176,0.00557307666167617,-1.7133563783381,0.0261236453538135,-0.0190080812871381,0.0772727079415093,-0.0477430309333487,0.0207235998442973,-0.115893573054723,-0.29726168513298,0.0768768489360809,0.848524212837219,-0.0136720925624676,0.0139896116882137,0.0165230982588137,-0.0999327216833727,0.0479291592327476,-0.0813867364614328,-0.111546248549042,0.0465386338695865,-0.0885978833272189,0,0,-0.0186871978737711,-0.0186871978737711,11509.68,44.554007
-0.316910598506845,-0.000582020025880848,0.58520632982254,0.0221473071724176,0.00557307666167617,-1.7133563783381,0.0261236453538135,-0.0190080812871381,0.0772727079415093,-0.0334201216533441,0.0145065198910081,-0.0811255011383064,-0.303791970014572,0.0793500766158104,0.841810941696167,-0.0188981723234753,-0.00026185814006946,0.017941696130815,-0.0932897840231278,0.0353318239962821,-0.0959038734440023,-0.0746582823004193,-0.203592426119177,0.0202656838858165,0,0,-0.0197605664011815,-0.0197605664011815,11509.75,44.6205842
-0.316039810328384,-0.00121562273545212,0.58520632982254,0.0221473071724176,0.00557307666167617,-1.7133563783381,0.0261236453538135,-0.0190080812871381,0.0772727079415093,-0.0233940851573408,0.0101545639237057,-0.0567878507968145,-0.309403270483017,0.0826749876141548,0.836143672466278,-0.018955660461025,0.0162255453686897,0.0183227327117336,-0.0935216744748743,0.0554151833062108,-0.0944544871656171,-0.000958135625836734,0.274790058481651,0.00635060968202987,0,0,-0.0211674435851067,-0.0211674435851067,11509.81,44.6873743
-0.315820856114236,-0.00223057512769376,0.562993407249451,0.0183453802019358,0.00649209413677454,-1.7078734662745,0.0065686264244503,-0.0304485717672494,0.260603443233711,0.0178414831241983,-0.00116296252929137,-0.0890977041301578,-0.315510243177414,0.0866894572973251,0.828088343143463,-0.0101119629596631,0.0081430000870923,0.0183837660503997,-0.0872424670609096,0.0573495669011813,-0.115076133180559,0.126338535730983,-0.115464932591728,0.000871904838069062,0,0,-0.0228435761239775,-0.0228435761239775,11509.88,44.7540638
-0.317685601182935,-0.00238125824718115,0.562993407249451,0.0183453802019358,0.00649209413677454,-1.7078734662745,-0.0559423520609645,-0.0045204935846215,0.0769284539981828,0.0124890381869388,-0.000814073770503959,-0.0623683928911105,-0.321640998125076,0.0904867351055145,0.82032698392868,-0.000580205742347037,0.0139098643212165,0.0176824425792297,-0.0875822135383978,0.0542468258315026,-0.110876560211643,0.136167960247939,0.0823837747735447,-0.010018906731042,0,0,-0.0247106400831657,-0.0247106400831657,11509.95,44.8207127
-0.319550346251634,-0.00253194136666853,0.562993407249451,0.0183453802019358,0.00649209413677454,-1.7078734662745,-0.0559423520609645,-0.0045204935846215,0.0769284539981828,0.00874232673085715,-0.000569851639352771,-0.0436578750237773,-0.327714562416077,0.0942134186625481,0.813182592391968,-0.013004915165337,-0.00039519209051191,0.00391649727430915,-0.101226071517532,0.0621113926177529,-0.119073192279555,-0.207078490384924,-0.238417606864163,-0.229432421750623,0,0,-0.0266755919206858,-0.0266755919206858,11510.01,44.887445
-0.321415688146268,-0.00269865012854913,0.535244345664978,0.0187546033412218,0.00711013143882155,-1.70037424828744,-0.0559602568390432,-0.00500126285641787,0.326649045238044,0.00243662045802563,-0.00596123186597007,-0.0980534744001891,-0.334672838449478,0.0978452563285828,0.805749833583832,-0.0207897855554139,0.00216745614204,-0.00681865636702602,-0.0994039433347203,0.0518833952292828,-0.106182268688098,-0.111212434144418,0.0366092604651795,-0.153359337733997,0,0,-0.0286247750437063,-0.0286247750437063,11510.08,44.9541416
