9.73952373129643e-05,-1.10349201622778e-05,0.9364413022995,0.0131163261830807,0.00105266971513629,-1.51890056662563,0.00146092855969446,-0.000165523802434167,-0.0601502902347484,-0.0826328549534082,-0.00663181920535862,9.56907356974144,1.17206430435181,-0.0676786229014397,1.19332349300385,0.00412987093289871,-0.00196747968017636,-0.111377136595018,0.00307905438699219,0.00535561629620036,0.0364492105712231,0.000266645927415679,0.000375853395075966,0.0013141113295779,0,0,0,0,3019.45,7.0367
0.000146092855969446,-1.65523802434167e-05,0.9364413022995,0.0131163261830807,0.00105266971513629,-1.51890056662563,0.00146092855969446,-0.000165523802434167,-0.0601502902347484,-0.0578429984673858,-0.00464227344375104,6.69835149881901,1.17164695262909,-0.0682154893875122,1.20255887508392,0.00395466985924074,-0.00352028692388974,-0.112313596689304,-0.00834703445439125,-0.0107373297215094,0.18470764160257,-0.0035040214731787,-0.0310561448744369,-0.0187292018858235,0,0,0,0,3019.5,7.1058725
0.000194790474625929,-2.20698403245556e-05,0.9364413022995,0.0131163261830807,0.00105266971513629,-1.51890056662563,0.00146092855969446,-0.000165523802434167,-0.0601502902347484,-0.04049009892717,-0.00324959141062573,4.6888460491733,1.17135620117188,-0.0687532424926758,1.21108317375183,0.00541408549075436,-0.00279087419867344,-0.113109691235919,-0.00581502914426595,-0.0107550621032324,0.170485973357534,0.0291883126301663,0.0145882545042729,-0.0159218909322363,0,0,0,0,3019.55,7.172717
3.473288038924e-05,8.51143771710435e-05,0.979329526424408,0.0112060271203518,-0.00102173583582044,-1.51861136488917,-0.00480172782710065,0.00321552652486797,-0.448402770010129,-0.0111503776844591,0.0163949359711725,3.27958941879326,1.17039775848389,-0.0695731937885284,1.2258505821228,0.00801741285708144,-0.00079963812589978,-0.113380144686048,-0.00958442687989153,-0.00819951295853407,0.147674083709851,0.0260332736632945,0.0199123607277547,-0.00270453450129878,0,0,0,0,3019.65,7.2395275
-0.000125324713847448,0.000192298594666643,0.979329526424408,0.0112060271203518,-0.00102173583582044,-1.51861136488917,-0.00480172782710065,0.00321552652486797,-0.0624087528859526,-0.00780526437912136,0.0114764551798208,2.29571259315528,1.17037045955658,-0.069744698703289,1.23161995410919,0.00820757542537803,-0.000889714161979932,-0.114213572556902,-0.000545978546140592,-0.00343009829519931,0.115387439727363,0.00380325136591798,-0.00180152072159649,-0.0166685574170118,0,0,0,0,3019.7,7.3062137
-0.000284027612539466,0.000194633618886029,0.979329526424408,0.0112060271203518,-0.00102173583582044,-1.51861136488917,-0.00476108696076051,7.00507265815949e-05,-0.0433963742433517,-0.00546368506538495,0.00803351862587454,1.6069988152087,1.16993284225464,-0.0702027678489685,1.23635315895081,0.00828650749974836,-0.0030653537049608,-0.11516986703836,-0.00875234603886612,-0.00916138291363947,0.094664096832792,0.00157864148741521,-0.0435127908598548,-0.0191258896292618,0,0,0,0,3019.75,7.3728355
-0.000439457939259586,0.000197827371654839,1.02425158023834,0.0128092169761658,-0.000687574094627053,-1.51858871512416,-0.00466290980160362,9.58125830642888e-05,-0.447700057593297,-0.0182532882480953,0.00261600736737172,1.12469532276096,1.16919875144958,-0.0709097981452942,1.24429821968079,0.00522478227666904,-0.00149404120227745,-0.111849305806335,-0.0073409080505104,-0.00707030296323111,0.0794506072995157,-0.0306172522306818,0.0157131250267763,0.0332056123201272,0,0,0,0,3019.85,7.4391853
-0.000594888265979707,0.000201021124423648,1.02425158023834,0.0128092169761658,-0.000687574094627053,-1.51858871512416,-0.00466290980160362,9.58125830642888e-05,-0.0434015732678878,-0.0127773017736667,0.0018312051571602,0.78728672593267,1.16881835460663,-0.071487158536911,1.24767732620239,0.00562815607404949,-0.000599497462644903,-0.111010007487558,-0.00760793685917238,-0.0115472078323994,0.0675821304324977,0.00806747594765299,0.0178908747927486,0.016785966375632,0,0,0,0,3019.9,7.5066398
-0.000870733981018251,0.00031534031967873,1.02425158023834,0.0128092169761658,-0.000687574094627053,-1.51858871512416,-0.00827537145115634,0.00342957585765244,-0.0235798231426681,-0.00894411124156669,0.00128184361001214,0.551100708152869,1.16850125789642,-0.0719555243849754,1.25050675868988,0.00624050486548495,0.000183509251232934,-0.110837799336481,-0.00634193420407849,-0.00936731696125437,0.05658864974955,0.0122469758286646,0.0156601342774998,0.00344416302152785,0,0,0,0,3019.95,7.5733411
-0.00114736817306201,0.000428268518581392,1.03989315032959,0.0120704537257552,-0.00183038192335516,-1.51834815077785,-0.00829902576131287,0.00338784596707988,-0.164352836304426,0.00038799138459833,0.0111825609855615,0.383605416590187,1.16805899143219,-0.0726192072033882,1.25542140007019,0.00733823595945312,-0.00382906847707463,-0.113431573737956,-0.00442266464233801,-0.00663682818413384,0.0491464138031453,0.0109773109396918,-0.0401257772831121,-0.0259377440147691,0,0,0,0,3020.05,7.6400652
-0.00142400236510578,0.000541196717484055,1.03989315032959,0.0120704537257552,-0.00183038192335516,-1.51834815077785,-0.00829902576131287,0.00338784596707988,-0.0235787054831975,0.000271593969218831,0.00782779268989304,0.268523791613131,1.16764891147614,-0.0732611566781998,1.2568097114563,0.00785148591207133,-0.00566558686396554,-0.115337817828694,-0.00820159912106391,-0.0128389894961844,0.027766227722067,0.0102649990523268,-0.0367303677376846,-0.0381248818146341,0,0,0,0,3020.1,7.7067712
-0.00170063655714954,0.000654124916386718,1.03989315032959,0.0120704537257552,-0.00183038192335516,-1.51834815077785,-0.00829902576131287,0.00338784596707988,-0.0235787054831975,0.000190115778453182,0.00547945488292513,0.187966654129192,1.16731715202332,-0.0737036019563675,1.25892996788025,0.00761039128331344,-0.00269537762439092,-0.113718209578065,-0.00663518905643269,-0.00884890556340278,0.0424051284792353,-0.00482189257518417,0.0594041847918165,0.0323921650127703,0,0,0,0,3020.15,7.7735025
-0.00189336268874998,0.000699644756757539,1.05314564704895,0.0122755328193307,-0.000162882730364799,-1.51887314848903,-0.00578178394801333,0.00136559521112462,-0.133560167622826,-0.00171263079726207,-0.0111718743188657,0.136301637291069,1.16629159450531,-0.0744809359312057,1.26129603385925,0.00674501073590901,-0.000536479755101229,-0.112276831557305,-0.010255575180063,-0.00777333974838964,0.0236606597900606,-0.00865380547405216,0.0215889786929166,0.0144137802076043,0,0,0,0,3020.25,7.83952
-0.00208608882035043,0.00074516459712836,1.05314564704895,0.0122755328193307,-0.000162882730364799,-1.51887314848903,-0.00578178394801333,0.00136559521112462,-0.0142876971485825,-0.00119884155808345,-0.00782031202320597,0.0954111461037482,1.16640293598175,-0.0748796537518501,1.26161777973175,0.00799878094504691,-0.00219947564559255,-0.114341735885924,0.00222682952880049,-0.00797435641285856,0.00643491744992776,0.0250754041826668,-0.0332599178097053,-0.0412980865722292,0,0,0,0,3020.3,7.9072354
-0.00232093692909307,0.000883363737654525,1.05314564704895,0.0122755328193307,-0.000162882730364799,-1.51887314848903,-0.00704544326227941,0.00414597421578496,-0.00736660653380104,-0.000839189090658415,-0.00547421841624418,0.0667878022726237,1.16618585586548,-0.0753420367836952,1.26245272159576,0.00815938778641863,-0.0024422744349377,-0.113258700565576,-0.00434160232542366,-0.00924766063686821,0.0166988372802127,0.00321213682742267,-0.00485597578688541,0.0216607064068891,0,0,0,0,3020.35,7.9739384
-0.00255560956586244,0.00102130577546647,1.06458485126495,0.0126389032229781,-0.00106906681321561,-1.5191027455807,-0.00704017910308089,0.0041382611343582,-0.110324034206146,-0.0038577659962877,0.0043237038542864,0.0488178354159098,1.16557395458221,-0.0761176943778992,1.26249027252197,0.00782368817469323,-0.00565854057355484,-0.112635273822212,-0.00611901283264717,-0.00775657594204654,0.000375509262085302,-0.00335699611725703,-0.0321626613862006,0.00623426743364892,0,0,0,0,3020.45,8.040668
-0.0027902822026318,0.00115924781327841,1.06458485126495,0.0126389032229781,-0.00106906681321561,-1.5191027455807,-0.00704017910308089,0.0041382611343582,-0.00737119626211475,-0.00270043619740139,0.00302659269800048,0.0341724847911369,1.16503083705902,-0.0766406208276749,1.26272082328796,0.00721755151293375,-0.00511264774605578,-0.112856946147636,-0.0108623504639265,-0.010458528995571,0.00461101531984938,-0.0121227332352557,0.0109178565500407,-0.00443344650851501,0,0,0,0,3020.5,8.1073978
-0.00302495483940116,0.00129718985109035,1.06458485126495,0.0126389032229781,-0.00106906681321561,-1.5191027455807,-0.00704017910308089,0.0041382611343582,-0.00737119626211475,-0.00189030533818097,0.00211861488860034,0.0239207393537958,1.16475605964661,-0.0770125985145569,1.26244378089905,0.0064885125182114,-0.00307219136007295,-0.113021824266609,-0.00549554824827102,-0.00743955373761332,-0.00554084777830016,-0.014580779894394,0.0408091277195081,-0.00329756237944894,0,0,0,0,3020.55,8.1741197
-0.00325647328087825,0.00132278066148412,1.05902826786041,0.0121719865128398,-0.000306374859064817,-1.51938026480678,-0.0069455532443126,0.000767724311813268,0.0564915541713718,0.00287903665451821,-0.00538119716533693,0.019242190582325,1.16370630264282,-0.0779399797320366,1.26252019405365,0.00706610963162997,-0.00136138844275849,-0.114545295940517,-0.0104975700378513,-0.00927381217480549,0.000764131546021203,0.00577597113419096,0.0171080291731602,-0.0152347167390884,0,0,0,0,3020.65,8.2404237
-0.00348799172235534,0.0013483714718779,1.05902826786041,0.0121719865128398,-0.000306374859064817,-1.51938026480678,-0.0069455532443126,0.000767724311813268,0.00648230353050266,0.00201532565816275,-0.00376683801573585,0.0134695334076275,1.16355681419373,-0.0782952159643173,1.26299858093262,0.00712069047856986,-0.00309755717694711,-0.115010202209016,-0.00298976898192272,-0.00710472464558878,0.0095677375793109,0.00109161693879367,-0.034723374683646,-0.0092981253699426,0,0,0,0,3020.7,8.3075961
-0.00359856736502074,0.00141158890723152,1.05902826786041,0.0121719865128398,-0.000306374859064817,-1.51938026480678,-0.00331726927996211,0.00189652306060882,-0.00177380999711566,0.00141072796071392,-0.00263678661101509,0.00942867338533927,1.16351962089539,-0.0784294232726097,1.2626371383667,0.0064915562355175,-0.00455352810959452,-0.11406032895371,-0.000743865966800934,-0.00268414616586243,-0.00722885131839882,-0.0125826848611159,-0.0291194186531072,0.0189974651062198,0,0,0,0,3020.75,8.3743151
-0.00370921097648784,0.00147468094407853,1.06213486194611,0.012224025093019,-0.000294398982077837,-1.51823537878993,-0.003319308344013,0.00189276110541009,-0.0297332565868651,0.000519162350886815,-0.00195353352059339,-0.00370390278187384,1.16259622573853,-0.0793129876255989,1.26151347160339,0.00804513636983057,-0.00456101528881431,-0.113376677387767,-0.00923395156856992,-0.00883564352985982,-0.0112366676330158,0.0155358013430742,-7.48717921975981e-05,0.00683651565939827,0,0,0,0,3020.85,8.4410505
-0.00381985458795494,0.00153777298092553,1.06213486194611,0.012224025093019,-0.000294398982077837,-1.51823537878993,-0.003319308344013,0.00189276110541009,-0.00177390981562486,0.000363413645620771,-0.00136747346441537,-0.00259273194731169,1.16266143321991,-0.0795128494501114,1.26135575771332,0.00943919112872443,-0.00435191884926133,-0.114637155969297,0.00130414962769266,-0.00399723649027145,-0.00315427780153088,0.0278810951780293,0.00418192879108228,-0.0252095716307234,0,0,0,0,3020.9,8.5077634
-0.00393049819942204,0.00160086501777253,1.06213486194611,0.012224025093019,-0.000294398982077837,-1.51823537878993,-0.003319308344013,0.00189276110541009,-0.00177390981562486,0.000254389551934539,-0.000957231425090761,-0.00181491236311818,1.16221642494202,-0.0800266265869141,1.26082956790924,0.00826352403562659,-0.00470206225324817,-0.112180623269011,-0.00890016555782895,-0.0102755427360161,-0.0105237960815047,-0.0235133418618712,-0.00700286807971119,0.0491306540055403,0,0,0,0,3020.95,8.5744839
-0.00411437012430661,0.00166917205852954,1.06187677383423,0.0136397900059819,-0.000403882469981909,-1.51915567450526,-0.00551615774653725,0.00204921122271021,0.0123170040895629,-0.012563811530312,0.000315289393573114,0.00701222278380556,1.16149139404297,-0.080767422914505,1.25879275798798,0.00701316662862677,-0.00603101251197839,-0.11198744050291,-0.00725030899048511,-0.00740796327591616,-0.020368099212665,-0.0125035740700096,-0.0132895025873143,0.00193182766101053,0,0,0,0,3021.05,8.6411346
-0.00429824204919119,0.00173747909928655,1.06187677383423,0.0136397900059819,-0.000403882469981909,-1.51915567450526,-0.00551615774653725,0.00204921122271021,0.00999421108266591,-0.00879466807121843,0.00022070257550118,0.00490855594866389,1.16127502918243,-0.081171028316021,1.2582710981369,0.00740575450186286,-0.00522162478275367,-0.1140505062953,-0.00432729721067762,-0.00807210803028985,-0.0104331970214464,0.00785175746469322,0.0161877545844353,-0.0412613158476511,0,0,0,0,3021.1,8.7079643
-0.00448211397407576,0.00180578614004355,1.06187677383423,0.0136397900059819,-0.000403882469981909,-1.51915567450526,-0.00551615774653725,0.00204921122271021,0.00999421108266591,-0.0061562676498529,0.000154491802850826,0.00343598916406472,1.16063690185547,-0.0815958082675934,1.25798535346985,0.00683835764470177,-0.00252958053348262,-0.112403267916471,-0.0127625465393763,-0.00849559903149472,-0.00571489334109564,-0.0113479371432836,0.0538408849857148,0.0329447675767574,0,0,0,0,3021.15,8.7746412
-0.00463084871235746,0.00180059014160006,1.05265486240387,0.0124577805399895,-0.000350640155375004,-1.51817601256374,-0.00446204214845082,-0.000155879953304796,0.0938603797740377,0.00632869783903503,-0.000371036569466567,-0.00641176505890958,1.1598197221756,-0.0823157578706741,1.25765097141266,0.00796266517048986,-0.00336343403362512,-0.112770983162251,-0.00817179679871349,-0.00719949603081404,-0.00334382057190246,0.0112430752578911,-0.00833853500143253,-0.00367715245780555,0,0,0,0,3021.25,8.8413589
-0.00477958345063915,0.00179539414315657,1.05265486240387,0.0124577805399895,-0.000350640155375004,-1.51817601256374,-0.00446204214845082,-0.000155879953304796,0.0108631769008077,0.00443008848732452,-0.000259725598626597,-0.00448823554123671,1.1596976518631,-0.0825396478176117,1.2573424577713,0.00879273108909603,-0.00419113230748766,-0.111954231167361,-0.00244140624999112,-0.00447779893873493,-0.00617027282712599,0.0166013183720628,-0.0165539654771906,0.0163350398977516,0,0,0,0,3021.3,8.9080263
-0.00492831818892085,0.00179019814471307,1.05265486240387,0.0124577805399895,-0.000350640155375004,-1.51817601256374,-0.00446204214845082,-0.000155879953304796,0.0108631769008077,0.00310106194112716,-0.000181807919038618,-0.00314176487886569,1.15932178497314,-0.0828648060560226,1.25689291954041,0.00837160273525284,-0.00415509626374425,-0.110943252716127,-0.00751733779904492,-0.00650316476819534,-0.00899076461788721,-0.00842256707683314,0.000720720874865502,0.0202195690246099,0,0,0,0,3021.35,8.974704
-0.005088260439573,0.001856336761606,1.05820524692535,0.0132761895656586,0.000183835159987211,-1.5184296899319,-0.00479826751956451,0.00198415850678766,-0.0498925488390279,-0.00519493787223287,-0.00493754338158697,8.38608982705775e-05,1.1584974527359,-0.0834624245762825,1.25491106510162,0.00813411865888503,-0.00284166509741626,-0.110772563745169,-0.00824332237244402,-0.00597618520260401,-0.0198185443878354,-0.0023748407636802,0.0131343116632919,0.00170688970957486,0,0,0,0,3021.45,9.0414075
-0.00524820269022515,0.00192247537849892,1.05820524692535,0.0132761895656586,0.000183835159987211,-1.5184296899319,-0.00479826751956451,0.00198415850678766,6.09118543315093e-05,-0.00363645651056301,-0.00345628036711088,5.87026287894043e-05,1.1583753824234,-0.083931028842926,1.25389540195465,0.00765357129232528,-0.00383297570045324,-0.110705941438202,-0.00244140625001332,-0.00937208533292163,-0.020313262939564,-0.00961094733124741,-0.0198262120608478,0.00133244613934302,0,0,0,0,3021.5,9.1081462
-0.0054081449408773,0.00198861399539184,1.05820524692535,0.0132761895656586,0.000183835159987211,-1.5184296899319,-0.00479826751956451,0.00198415850678766,6.09118543315093e-05,-0.00254551955739411,-0.00241939625697761,4.1091840152583e-05,1.15817594528198,-0.0844226703047752,1.25306046009064,0.00680973630013281,-0.00605821262314377,-0.109633659242807,-0.00398874282835463,-0.00983282923694848,-0.0166988372802127,-0.0168766998437881,-0.0445047384536485,0.0214456439078309,0,0,0,0,3021.55,9.1749027
-0.00552166173598301,0.00195520429383896,1.04705762863159,0.0126848947256804,-0.000547087751328945,-1.51925819449428,-0.00340550385317138,-0.00100229104658643,0.113427078692167,0.00353978986962809,0.00488472882196108,0.00748530534950818,1.15752971172333,-0.0853287577629089,1.25211751461029,0.00737819300945372,-0.0039819060507313,-0.108507546489819,-0.00646233558655373,-0.00906087458134522,-0.00942945480347537,0.00568456709321424,0.0207630657241435,0.0112611275298893,0,0,0,0,3021.65,9.2416412
-0.00563517853108872,0.00192179459228608,1.04705762863159,0.0126848947256804,-0.000547087751328945,-1.51925819449428,-0.00340550385317138,-0.00100229104658643,0.0130985140483075,0.00247785290873966,0.00341931017537276,0.00523971374465572,1.15713047981262,-0.0858601406216621,1.2512583732605,0.00701210172289185,-0.00413037252444656,-0.108564139428684,-0.00798463821408228,-0.0106276571750254,-0.0171828269957871,-0.00732182573121068,-0.00296932947429444,-0.0011318587772916,0,0,0,0,3021.7,9.3083704
-0.00574869532619444,0.0018883848907332,1.04705762863159,0.0126848947256804,-0.000547087751328945,-1.51925819449428,-0.00340550385317138,-0.00100229104658643,0.0130985140483075,0.00173449703611776,0.00239351712276093,0.00366779962125901,1.15667676925659,-0.0863150656223297,1.25051617622375,0.00728867823948418,-0.00338356890436431,-0.108763206714359,-0.00907421112065499,-0.00909850001340109,-0.0148439407349443,0.00553153033187684,0.0149360724017266,-0.00398134571351996,0,0,0,0,3021.75,9.375065
-0.00589024338931465,0.00193790671447482,1.04609262943268,0.0128669263795018,-0.000597305654082447,-1.51922648482326,-0.00424644189360636,0.00148565471224859,0.0148713358655045,-0.000424136959110781,0.00212742311071417,0.00228207269569673,1.15593338012695,-0.0871689319610596,1.24863433837891,0.00514317661960975,-0.00510109579635583,-0.107772365260461,-0.00743389129635967,-0.00853866338726752,-0.0188183784484179,-0.0214550161986662,-0.0171752689198527,0.0099084145389439,0,0,0,0,3021.85,9.4417554
-0.00603179145243486,0.00198742853821644,1.04609262943268,0.0128669263795018,-0.000597305654082447,-1.51922648482326,-0.00424644189360636,0.00148565471224859,0.00618634307528232,-0.000296895871377547,0.00148919617749992,0.00159745088698771,1.15541911125183,-0.0878763049840927,1.24771201610565,0.00681088084672373,-0.00317062938386652,-0.108519937885464,-0.0102853775024975,-0.01414746046074,-0.0184464454651886,0.0333540845424615,0.0386093282499969,-0.0149514525001459,0,0,0,0,3021.9,9.5084807
-0.00617333951555507,0.00203695036195806,1.04609262943268,0.0128669263795018,-0.000597305654082447,-1.51922648482326,-0.00424644189360636,0.00148565471224859,0.00618634307528232,-0.000207827109964283,0.00104243732424994,0.0011182156208914,1.15504086017609,-0.0883285701274872,1.24627351760864,0.00720912050838427,-0.00259474228620788,-0.108646226573722,-0.00756502151486506,-0.0090453028678565,-0.0287699699400809,0.00796479323318183,0.0115177419531309,-0.00252577376514765,0,0,0,0,3021.95,9.5751582
-0.00646174962809175,0.00215517413843158,1.04300260543823,0.0124489720910788,0.00056438596220687,-1.51940434508327,-0.00865230337610046,0.00354671329420583,0.0440555030675383,0.00361610961883256,-0.0097255184196289,0.00238349327471187,1.15471649169922,-0.0891730189323425,1.24362218379974,0.00424792332519995,-0.00479016757802602,-0.108119927608293,-0.00324368476867971,-0.00844448804856115,-0.0265133380890134,-0.0296119718318701,-0.0219542529182013,0.00526298965429682,0,0,0,0,3022.05,9.6418944
-0.00675015974062844,0.00227339791490511,1.04300260543823,0.0124489720910788,0.00056438596220687,-1.51940434508327,-0.00865230337610046,0.00354671329420583,0.0162452871175261,0.00253127673318279,-0.00680786289374023,0.00166844529229831,1.15382063388824,-0.0896195471286774,1.24225151538849,0.00383057738357267,-0.00239089274399263,-0.105582006780629,-0.0179171562194172,-0.00893056392666429,-0.0274133682249979,-0.0083469188325153,0.0479854966804933,0.0507584165530832,0,0,0,0,3022.1,9.7085918
-0.00703856985316512,0.00239162169137864,1.04300260543823,0.0124489720910788,0.00056438596220687,-1.51940434508327,-0.00865230337610046,0.00354671329420583,0.0162452871175261,0.00177189371322795,-0.00476550402561816,0.00116791170460882,1.15349781513214,-0.0903493165969849,1.24053955078125,0.00707873088776299,-0.00282126905251827,-0.108759609276124,-0.00645637512210554,-0.0145953893662295,-0.0342392921449622,0.064963070084161,-0.00860752617055996,-0.0635520499102347,0,0,0,0,3022.15,9.7753119
-0.00718853730001508,0.0023903153549892,1.04300260543823,0.0121236043050885,5.46174123883247e-05,-1.51877062850001,-0.00449902340549872,-3.91900916830586e-05,0.00590859460164023,0.00416863567317171,0.0012520641304342,-0.00488591105604141,1.15308344364166,-0.0910285487771034,1.23714911937714,0.007684288869407,-0.00473651414850391,-0.110768059050773,-0.00414371490478892,-0.00679232180119179,-0.0339043140411685,0.00605557981644553,-0.0191524509598738,-0.0200844977465128,0,0,0,0,3022.25,9.8419967
-0.00733850474686503,0.00238900901859977,1.04300260543823,0.0121236043050885,5.46174123883247e-05,-1.51877062850001,-0.00449902340549872,-3.91900916830586e-05,0.00590859460164023,0.0029180449712202,0.000876444891303939,-0.00342013773922899,1.15201365947723,-0.0915291607379913,1.23517107963562,0.00715387375582611,-0.00160222237698708,-0.106868410020974,-0.0213956832884964,-0.0100122392177218,-0.0395607948301783,-0.0106083022715791,0.0626858354301087,0.0779929805957038,0,0,0,0,3022.3,9.9086937
-0.00748847219371499,0.00238770268221033,1.04300260543823,0.0121236043050885,5.46174123883247e-05,-1.51877062850001,-0.00449902340549872,-3.91900916830586e-05,0.00590859460164023,0.00204263147985414,0.000613511423912757,-0.00239409641746029,1.15191256999969,-0.0916897803544998,1.23338425159454,0.00624880293056186,-0.00226100068443331,-0.106657578554719,-0.00202178955077389,-0.00321239233015799,-0.0357365608214032,-0.0181014165052193,-0.0131755661488768,0.00421662932508136,0,0,0,0,3022.35,9.9754331
-0.00769443754073333,0.00240644367754798,1.04560518264771,0.0126322619616985,-0.000400227960199118,-1.51875870757106,-0.00617896041055007,0.000562229860129492,-0.0121778747648851,-0.00314807687359221,0.00452306635002591,-0.00178315585281791,1.15119755268097,-0.0923838764429092,1.22927105426788,0.00631737639560465,-0.00414939553828813,-0.106534976761132,-0.00715017318726236,-0.00694096088410055,-0.041131973266639,0.000685734650428563,-0.0188839485385654,0.00122601793586933,-0.000996404207917165,-0.000996404207917165,-6.4882125604803e-05,-0.000996404207917165,3022.45,10.0421502
-0.00790040288775166,0.00242518467288563,1.04560518264771,0.0126322619616985,-0.000400227960199118,-1.51875870757106,-0.00617896041055007,0.000562229860129492,0.0112453201203688,-0.00220365381151455,0.00316614644501814,-0.00124820909697253,1.15067327022552,-0.0928357392549515,1.22699856758118,0.00663053682400381,-0.00434987398254316,-0.10625047130612,-0.0104856491089439,-0.00903725624089404,-0.0454497337343789,0.00626320856801734,-0.00400956888512237,0.00569010910027558,0.0780300527627352,0.0780300527627352,0.00507669368429142,0.0780300527627352,3022.5,10.1088654
-0.00810636823477,0.00244392566822328,1.04560518264771,0.0126322619616985,-0.000400227960199118,-1.51875870757106,-0.00617896041055007,0.000562229860129492,0.0112453201203688,-0.00154255766806018,0.0022163025115127,-0.000873746367880774,1.15019273757935,-0.0931396633386612,1.22507178783417,0.00607384690409895,-0.00194234612576945,-0.105633720950025,-0.00961065292354902,-0.00607848167417222,-0.0385355949400454,-0.0111337983980567,0.0481505571352989,0.0123350071218435,0.153023369672775,0.153023369672775,0.00992982465858047,0.153023369672775,3022.55,10.1755518
-0.00839559521811613,0.00252620745443514,1.02841687202454,0.0130601590499282,0.00023938249796629,-1.51930516295436,-0.00867680950038397,0.00246845358635569,0.178750300698979,-0.00493086416170904,-0.00420508236542978,0.00430647599219049,1.14981245994568,-0.0941334813833237,1.22162175178528,0.00195657712032264,0.00488182758744342,-0.106605390278025,-0.00380277633667338,-0.00993818044663379,-0.034500360488923,-0.0411726978378006,0.0682417371321909,-0.00971669328000783,0.220305782387924,0.220305782387924,0.0142328836126459,0.220305782387924,3022.65,10.2422485
-0.00868482220146226,0.00260848924064699,1.02841687202454,0.0130601590499282,0.00023938249796629,-1.51930516295436,-0.00867680950038397,0.00246845358635569,0.0240555050904588,-0.00345160491319632,-0.00294355765580084,0.00301453319453334,1.14932525157928,-0.0942356660962105,1.2207258939743,-0.0040728555774395,0.0118705566818205,-0.103188213318408,-0.00974416732784541,-0.00204369425772877,-0.0179171562194172,-0.120588653954804,0.139774581887034,0.0683435391921059,0.276787273601153,0.276787273601153,0.0177699999794566,0.276787273601153,3022.7,10.30897
-0.00897404918480839,0.00269077102685885,1.02841687202454,0.0130601590499282,0.00023938249796629,-1.51930516295436,-0.00867680950038397,0.00246845358635569,0.0240555050904588,-0.00241612343923743,-0.00206049035906059,0.00211017323617334,1.1494437456131,-0.0941782295703888,1.2206324338913,-0.00905186970657322,0.016436896287862,-0.100197788999476,0.00236988067628246,0.00114873051643998,-0.00186920166016645,-0.0995802825832179,0.091326792121327,0.0598084863789516,0.320228322597178,0.320228322597178,0.0203906773878995,0.320228322597178,3022.75,10.3757239
-0.00780128677296951,0.00318360227284614,1.03013741970062,-0.00240511680021882,-0.0150780947878957,-1.52170174651149,0.0351828723551666,0.0147849373796186,-0.0321606617332277,0.137496196243857,0.136414952321415,0.0230463732794815,1.15183877944946,-0.092044860124588,1.22371625900269,-0.0221111413819792,0.0270564195249992,-0.0858365056746153,0.0239503383635603,0.0213336944579302,0.0308382511137794,-0.130592716753585,0.106195232370986,0.143612833248088,0.349384352016484,0.349384352016484,0.0220207013418545,0.349384352016484,3022.85,10.4424374
-0.00662852436113062,0.00367643351883342,1.03013741970062,-0.00240511680021882,-0.0150780947878957,-1.52170174651149,0.0351828723551666,0.0147849373796186,-0.0166757326484499,0.0962473373706998,0.0954904666249907,0.016132461295637,1.15389537811279,-0.0901239141821861,1.22640550136566,-0.0278428679874721,0.0324292925674877,-0.0746727509196439,0.041131973266826,0.0384189188482474,0.053784847259815,-0.114634532110483,0.107457460850356,0.223275095100646,0.364232257101511,0.364232257101511,0.0226737424486085,0.364232257101511,3022.9,10.5095636
-0.00545576194929173,0.00416926476482071,1.03013741970062,-0.00240511680021882,-0.0150780947878957,-1.52170174651149,0.0351828723551666,0.0147849373796186,-0.0166757326484499,0.0673731361594899,0.0668433266374935,0.0112927229069459,1.15715646743774,-0.0874802470207214,1.22907245159149,-0.0345105433807248,0.034571385887841,-0.0559181884644366,0.0652217864987862,0.0528733432291015,0.0533390045164075,-0.133353507864569,0.0428418664069099,0.37509124910278,0.365547627671093,0.365547627671093,0.0224296053955197,0.365547627671093,3022.95,10.5764306
-0.00175401184408277,0.00399554193123067,1.04299223423004,-0.0254033822566271,-0.0337819866836071,-1.55855053000453,0.111052503156269,-0.00521168500770114,-0.173970503358183,0.254145584419317,0.215125355707648,0.33954395747224,1.1658148765564,-0.0787969306111336,1.2351576089859,-0.0446339232835256,0.0403673475512232,-0.0178432733024362,0.0865840911866022,0.0868331640959576,0.0608515739441471,-0.101233799028101,0.0579596166338744,0.38074915162035,0.355354623852727,0.355354623852727,0.0214512264458938,0.355354623852727,3023.05,10.6431919
0.00194773826112619,0.00382181909764064,1.04299223423004,-0.0254033822566271,-0.0337819866836071,-1.55855053000453,0.111052503156269,-0.00521168500770114,-0.0582771725934128,0.177901909093522,0.150587748995354,0.237680770230568,1.1717404127121,-0.0730250775814056,1.23808360099792,-0.0482781429793863,0.0403106787441599,0.00608713042673214,0.118510723113583,0.115437060594139,0.0585198402402656,-0.0728843939169481,-0.00113337614126148,0.478608074581627,0.336330495089962,0.336330495089962,0.0199458280489782,0.336330495089962,3023.1,10.709858
0.00564948836633516,0.0036480962640506,1.04299223423004,-0.0254033822566271,-0.0337819866836071,-1.55855053000453,0.111052503156269,-0.00521168500770114,-0.0582771725934128,0.124531336365465,0.105411424296748,0.166376539161398,1.17839419841766,-0.0656455904245377,1.2411470413208,-0.0520266912506204,0.0405629333028287,0.0323987643728967,0.133075714112054,0.147589743138165,0.0612688064578539,-0.0749709654250903,0.00504509117340407,0.526232678926163,0.311517684883622,0.311517684883622,0.0181408957996357,0.311517684883622,3023.15,10.7765923
0.0125396896006925,0.00341212084336865,1.0538946390152,-0.0254033822566271,-0.0337819866836071,-1.55855053000453,0.206706037030722,-0.00707926262045848,-0.160431491410965,0.0871719354558258,0.0737879970077233,0.116463577412978,1.19460678100586,-0.0475500673055649,1.24853372573853,-0.0552522881254367,0.0351860001723049,0.0878524781174687,0.162125825882105,0.180955231189892,0.0738668441773133,-0.0322559687481925,-0.0537693313052876,0.554537137446224,0.284174409416329,0.284174409416329,0.016271968558619,0.284174409416329,3023.25,10.8433252
0.0193305539004647,0.00253842336597492,1.0538946390152,-0.0415809340775013,-0.0430842414498329,-1.64721553854945,0.203725928993165,-0.0262109243218118,-0.0645737745047557,0.206618321206946,0.135371890801439,0.879509581093382,1.20371961593628,-0.0365042164921761,1.25236737728119,-0.0574510037072751,0.0345734234935311,0.116859683910986,0.182256698607735,0.220917016266973,0.0766730308529926,-0.0439743116366082,-0.0122515335754297,0.580144115868234,0.257093452507483,0.257093452507483,0.0145348309170365,0.257093452507483,3023.3,10.9108501
0.0261214182002369,0.00166472588858119,1.0538946390152,-0.0415809340775013,-0.0430842414498329,-1.64721553854945,0.203725928993165,-0.0262109243218118,-0.0645737745047557,0.144632824844862,0.0947603235610071,0.615656706765367,1.21365571022034,-0.0242668613791466,1.25528109073639,-0.055535432050702,0.0293751814831431,0.144513911684742,0.198721885680429,0.244747102259699,0.0582742691037919,0.0383114331313225,-0.103964840207384,0.553084555473113,0.233605334290595,0.233605334290595,0.013146792647314,0.233605334290595,3023.35,10.9775932
0.0358509951293499,-0.000854314415318459,1.05586731433868,-0.0458838045597076,-0.0393552929162979,-1.76232379012111,0.291887307873391,-0.0755712091169895,-0.067358166482491,0.139968811731261,0.0327716896908899,1.46693395888065,1.23481786251068,0.00399673357605934,1.25992393493652,-0.0510419912399456,0.0220397176185821,0.198719220531096,0.211621522903635,0.282635949552316,0.046428442001385,0.0449344081076046,-0.0733546386456763,0.542053088464036,0.215352326788685,0.215352326788685,0.0122047081754166,0.215352326788685,3023.45,11.0445983
0.045580572058463,-0.00337335471921811,1.05586731433868,-0.0458838045597076,-0.0393552929162979,-1.76232379012111,0.291887307873391,-0.0755712091169895,-0.049604088571114,0.0979781682118825,0.0229401827836229,1.02685377121646,1.24630165100098,0.0196087844669819,1.26196014881134,-0.0488368323937695,0.0186798169428185,0.22756045036883,0.229675769807162,0.312241017820155,0.0407242774965601,0.0441031769237624,-0.0671980135156379,0.576824596757819,0.20371418641273,0.20371418641273,0.0117754209584699,0.20371418641273,3023.5,11.1112864
0.055310148987576,-0.00589239502311776,1.05586731433868,-0.0458838045597076,-0.0393552929162979,-1.76232379012111,0.291887307873391,-0.0755712091169895,-0.049604088571114,0.0685847177483177,0.0160581279485361,0.718797639851521,1.25756418704987,0.036483496427536,1.2639228105545,-0.0480408717424807,0.0173397701058641,0.248469058367084,0.225250720976964,0.337494239209855,0.0392532348631384,0.0159192130257195,-0.0268009367389912,0.418172159963557,0.198952212689929,0.198952212689929,0.0118501571504441,0.198952212689929,3023.55,11.1779814
0.0662959452054383,-0.0117333006907702,1.07058560848236,-0.0391901321709156,-0.0276086293160915,-1.87114804320338,0.32957388653587,-0.175227170029575,-0.175345087852737,-0.012233749075306,-0.0944792828378822,1.48257662563654,1.28106105327606,0.0728926584124565,1.2680948972702,-0.0422142081376423,0.0112440433642787,0.291804390131644,0.234968662262177,0.364091619849536,0.0417208671570204,0.0582666360484368,-0.0609572674159093,0.433353317645998,0.200592018674991,0.200592018674991,0.0123703939986623,0.200592018674991,3023.65,11.2446992
0.0772817414233007,-0.0175742063584227,1.07058560848236,-0.0391901321709156,-0.0276086293160915,-1.87114804320338,0.32957388653587,-0.175227170029575,-0.042880440559646,-0.00856362435271417,-0.0661354979865175,1.03780363794558,1.29292225837708,0.0924190580844879,1.27051949501038,-0.0429092474155577,0.00834774008423798,0.312973684565916,0.237224102019401,0.390527993439207,0.0484919548032904,-0.0139007855582576,-0.0579260656006041,0.423385888683888,0.207417325058779,0.207417325058779,0.0132339360547365,0.207417325058779,3023.7,11.3114043
0.088267537641163,-0.0234151120260752,1.07058560848236,-0.0391901321709156,-0.0276086293160915,-1.87114804320338,0.32957388653587,-0.175227170029575,-0.042880440559646,-0.00599453704689992,-0.0462948485905622,0.726462546561906,1.30516088008881,0.112561658024788,1.27278900146484,-0.038737792669709,0.00813127449729261,0.329398757612629,0.244772434235955,0.402851998808198,0.0453901290896032,0.08342909491743,-0.00432931173893088,0.328501460936064,0.217638762709685,0.217638762709685,0.0143126022597246,0.217638762709685,3023.75,11.3781071
0.0985534235831166,-0.032221362336808,1.0665807723999,-0.0343492850661278,-0.0211164858192205,-1.95929949812892,0.308576578258608,-0.264187509321984,-0.00108071904856204,-0.0477637998759204,-0.0908356854852325,1.30188687692317,1.32919216156006,0.155833154916763,1.27768230438232,-0.0342715232467624,0.00494426506678831,0.367786282143647,0.24031281471165,0.43271496891818,0.0489330291746267,0.044662694229303,-0.0318700943049271,0.383875245308785,0.229104974513402,0.229104974513402,0.0154708961079056,0.229104974513402,3023.85,11.4447852
0.10883930952507,-0.0410276126475408,1.0665807723999,-0.0343492850661278,-0.0211164858192205,-1.95929949812892,0.308576578258608,-0.264187509321984,-0.0371242437906885,-0.0334346599131443,-0.0635849798396628,0.911320813846218,1.34115314483643,0.178048148751259,1.28013110160828,-0.035469109153886,0.00243071504149937,0.385944819879107,0.239219665528649,0.444299876692335,0.0489759445193102,-0.0239517181426026,-0.0502710005060531,0.363170754711173,0.239555468058924,0.239555468058924,0.016587134177116,0.239555468058924,3023.9,11.5114971
0.119125195467024,-0.0498338629582736,1.0665807723999,-0.0343492850661278,-0.0211164858192205,-1.95929949812892,0.308576578258608,-0.264187509321984,-0.0371242437906885,-0.023404261939201,-0.0445094858877639,0.637924569692352,1.35330617427826,0.201443672180176,1.28245913982391,-0.0350842294637349,0.00138752332796433,0.401933930079875,0.243060588835786,0.467910468576636,0.0465607643125748,0.00769759380299415,-0.020863834270625,0.319782204014195,0.246821398851093,0.246821398851093,0.0175673659477094,0.246821398851093,3023.95,11.5782128
0.128800668124008,-0.0618182806213254,1.08818578720093,-0.0320015661418438,-0.018560454249382,-2.03395133547786,0.290264179709518,-0.359532529891552,-0.245077657832445,-0.0375124536759965,-0.0541609242499815,1.11841373492509,1.37648415565491,0.249739438295364,1.28492140769958,-0.0377894261568093,0.00274663291535333,0.439884769091134,0.23177981376669,0.482957661152325,0.0246226787567363,-0.0270519669307689,0.0135910958739024,0.379508390112933,0.249053238717727,0.249053238717727,0.0183592509370251,0.249053238717727,3024.05,11.6448456
0.138476140780992,-0.0738026982843771,1.08818578720093,-0.0320015661418438,-0.018560454249382,-2.03395133547786,0.290264179709518,-0.359532529891552,-0.0506325246232167,-0.0262587175731976,-0.037912646974987,0.782889614447562,1.38853549957275,0.275301307439804,1.28640758991241,-0.0345344987862578,0.00178357548870182,0.458673286085394,0.241026878356057,0.511237382886934,0.0297236442564837,0.0650985474107942,-0.0192611485329601,0.375770339883847,0.244875124339377,0.244875124339377,0.0189625827929713,0.244875124339377,3024.1,11.711611
0.148151613437976,-0.0857871159474289,1.08818578720093,-0.0320015661418438,-0.018560454249382,-2.03395133547786,0.290264179709518,-0.359532529891552,-0.0506325246232167,-0.0183811023012383,-0.0265388528824909,0.548022730113293,1.39975357055664,0.301068782806396,1.28816068172455,-0.03645440662872,0.00287214759341092,0.477148930173795,0.224361419678959,0.51534950733466,0.0350618362428671,-0.0383981568494539,0.0217714420943008,0.369512881770027,0.23348053342413,0.23348053342413,0.0194219351543562,0.23348053342413,3024.15,11.7783307
0.156077270738947,-0.0971806263129737,1.09932839870453,-0.0320015661418438,-0.018560454249382,-2.03395133547786,0.237769719029155,-0.341805310966346,-0.161071255573198,-0.0128667716108668,-0.0185771970177436,0.383615911079305,1.42272651195526,0.355700701475143,1.29365515708923,-0.0381571990248925,-0.00362744961468987,0.516100310466268,0.229729413986415,0.546319186687966,0.0549447536469006,-0.0170279239617401,-0.064995972081067,0.389513802925087,0.214684196082118,0.214684196082118,0.0198267416970993,0.214684196082118,3024.25,11.8450048
0.163122826435177,-0.109138842466353,1.09932839870453,-0.0339644327759743,-0.0224267318844795,-2.10836749606135,0.211366670886891,-0.358746484601365,-0.0607490481833934,0.00865905957956754,0.021792460803457,0.938276583006979,1.43432331085205,0.384170770645142,1.29663109779358,-0.0350985592269275,-0.00368607232037968,0.532795306805522,0.231935977934947,0.569401383397892,0.0595188140866975,0.061172795959076,-0.00117245411379193,0.333899926783858,0.188843914690759,0.188843914690759,0.020296878840019,0.188843914690759,3024.3,11.911698
0.170168382131407,-0.121097058619731,1.09932839870453,-0.0339644327759743,-0.0224267318844795,-2.10836749606135,0.211366670886891,-0.358746484601365,-0.0607490481833934,0.00606134170569728,0.0152547225624199,0.656793608104885,1.44503271579742,0.41290882229805,1.29968118667603,-0.0357871094213282,-0.000747478898301569,0.5538598363209,0.214188098906691,0.574761033056076,0.0610017776487039,-0.0137710038879628,0.0587718684413485,0.42129059030604,0.156808431320691,0.156808431320691,0.0209655156705671,0.156808431320691,3024.35,11.9784096
0.176381949233418,-0.133439653138298,1.11295104026794,-0.036735363304615,-0.0229293722659349,-2.18844216399196,0.186407013060343,-0.370277835556986,-0.195218866682626,0.0291813139517548,0.0152020692267927,1.18042753704885,1.46688520908356,0.473199009895325,1.30647099018097,-0.033022750168488,-0.00380423003006815,0.595176430808782,0.218524932861527,0.602901875973296,0.0678980350495002,0.0276435925284267,-0.0305675113176936,0.41316594487919,0.119802259786553,0.119802259786553,0.0219597458942696,0.119802259786553,3024.45,12.0451
0.18259551633543,-0.145782247656864,1.11295104026794,-0.036735363304615,-0.0229293722659349,-2.18844216399196,0.186407013060343,-0.370277835556986,-0.0726150926118867,0.0204269197662284,0.0106414484587549,0.826299275934193,1.47717452049255,0.504466652870178,1.31017816066742,-0.0340259821276069,-0.00576604650098817,0.61998755415372,0.205786228181055,0.625352859500483,0.0741434097294085,-0.0200646391824867,-0.0392363294186144,0.496222466901476,0.0791881776692642,0.0791881776692642,0.0233834120176686,0.0791881776692642,3024.5,12.1118354
0.188809083437441,-0.15812484217543,1.11295104026794,-0.036735363304615,-0.0229293722659349,-2.18844216399196,0.186407013060343,-0.370277835556986,-0.0726150926118867,0.0142988438363599,0.00744901392112843,0.578409493153935,1.4880199432373,0.535968363285065,1.31332623958588,-0.0302447756612757,-0.00853461592278131,0.637856874789167,0.21690845489423,0.630034208295437,0.0629615783689116,0.0756241293263487,-0.0553713884356613,0.357386412707633,0.0364542967582981,0.0364542967582981,0.0252952945834783,0.0364542967582981,3024.55,12.1785323
0.188689150246302,-0.169009283504539,1.12367236614227,-0.026206711307168,-0.0196461472660303,-2.26765947871211,-0.00359799573418109,-0.326533239873279,-0.164358922836536,-0.0847486772915712,-0.0243347152543518,1.11784247768914,1.50789666175842,0.599472880363464,1.32086229324341,-0.018933811271754,-0.00573622272083762,0.670106891373166,0.198767185211362,0.635045170784574,0.0753605365753859,0.11310964389532,0.0279839320194623,0.322500165840285,-0.00709181076540398,-0.00709181076540398,0.0277015988189433,-0.00709181076540398,3024.65,12.2452296
0.188569217055162,-0.179893724833649,1.12367236614227,-0.026206711307168,-0.0196461472660303,-2.26765947871211,-0.00359799573418109,-0.326533239873279,-0.0678669899675789,-0.0593240741040999,-0.0170343006780463,0.782489734382397,1.51844167709351,0.631620466709137,1.324178814888,-0.0102644804532225,-0.00744783486060384,0.683726737747611,0.210900306700893,0.642951726911113,0.0663304328916044,0.173386616369999,-0.0342322427951998,0.272396927487907,-0.0503214840161847,-0.0503214840161847,0.0305448542792523,-0.0503214840161847,3024.7,12.3119026
0.188449283864023,-0.190778166162758,1.12367236614227,-0.026206711307168,-0.0196461472660303,-2.26765947871211,-0.00359799573418109,-0.326533239873279,-0.0678669899675789,-0.0415268518728699,-0.0119240104746324,0.547742814067678,1.52825105190277,0.66383171081543,1.32749366760254,-0.00789527122519798,-0.0038606514444885,0.694668182899712,0.196187496186373,0.64422488212937,0.0662970542911333,0.0473841845607494,0.0717436683226984,0.218828903043213,-0.0924326576960595,-0.0924326576960595,0.0337086356556883,-0.0924326576960595,3024.75,12.3785916
0.19035107599153,-0.198130390475677,1.14940774440765,-0.00917699374258518,-0.0109362322837114,-2.326285296011,0.0570537638252196,-0.220566729387565,-0.307086410558305,-0.182336254392254,-0.0867360421731126,0.911052325537373,1.54818105697632,0.728836894035339,1.33521389961243,0.00125646814472898,-0.00010128008525796,0.714598424647297,0.199300050734749,0.650051832196732,0.0772023200985961,0.0915173936989366,0.0375937135921686,0.199302417475127,-0.132880633363046,-0.132880633363046,0.0370191934690856,-0.132880633363046,3024.85,12.4452692
0.192252868119038,-0.205482614788596,1.14940774440765,-0.00917699374258518,-0.0109362322837114,-2.326285296011,0.0570537638252196,-0.220566729387565,-0.0754680061698775,-0.127635378074578,-0.0607152295211788,0.637736627876161,1.55829668045044,0.760084629058838,1.34109389781952,0.0113587828392934,0.000925343877764328,0.723493429659315,0.202312469483526,0.624954700473381,0.117599964142487,0.202046293892392,0.0205324792605578,0.177900100241324,-0.171440843905472,-0.171440843905472,0.0402662364401145,-0.171440843905472,3024.9,12.5119936
0.194154660246545,-0.212834839101515,1.14940774440765,-0.00917699374258518,-0.0109362322837114,-2.326285296011,0.0570537638252196,-0.220566729387565,-0.0754680061698775,-0.0893447646522046,-0.0425006606648252,0.446415639513313,1.56762742996216,0.790746569633484,1.34835040569305,0.0166944929285288,0.00901772405470905,0.720036365517813,0.186614990233696,0.613238811490689,0.145130157470175,0.10671420178432,0.161847603538306,-0.0691412828297826,-0.208015266726052,-0.208015266726052,0.0432120931591966,-0.208015266726052,3024.95,12.5787054
0.19607687230621,-0.218334038643227,1.16651105880737,0.00704947486519814,0.000304839573800564,-2.34916585021022,0.0576663617899426,-0.164975986251378,-0.267451091258997,-0.208579552726593,-0.130920109182986,0.518415935452288,1.58767569065094,0.85056871175766,1.36367046833038,0.0322680964974279,0.00856943160653414,0.716059558410589,0.200482606888,0.598221421242304,0.15320062637343,0.155736035689132,-0.00448292448175323,-0.0397680710722754,-0.242636279422464,-0.242636279422464,0.0456233728137906,-0.242636279422464,3025.05,12.645402
0.197999084365875,-0.22383323818494,1.16651105880737,0.00704947486519814,0.000304839573800564,-2.34916585021022,0.0576663617899426,-0.164975986251378,-0.113521261661524,-0.146005686908615,-0.0916440764280899,0.362891154816601,1.59834599494934,0.879715621471405,1.37248456478119,0.0397195750603119,0.00416119628907128,0.70948879854264,0.213406085967241,0.582938194272782,0.176281929015472,0.149029571257138,-0.0881647063489364,-0.131415197358499,-0.275342063118822,-0.275342063118822,0.0472927748788878,-0.275342063118822,3025.1,12.7121321
0.199921296425539,-0.229332437726652,1.16651105880737,0.00704947486519814,0.000304839573800564,-2.34916585021022,0.0576663617899426,-0.164975986251378,-0.113521261661524,-0.102203980836031,-0.0641508534996629,0.254023808371621,1.60868239402771,0.907589316368103,1.38339376449585,0.0465906071106411,0.000933994509686993,0.700743537012845,0.206727981568511,0.557473897937002,0.218183994294404,0.137420641007334,-0.0645440355880379,-0.174905230596855,-0.306011740319241,-0.306011740319241,0.0480569524721179,-0.306011740319241,3025.15,12.778885
0.208872888223133,-0.240394364846045,1.18724167346954,0.00704947486519814,0.000304839573800564,-2.34916585021022,0.268547753927808,-0.331857813581766,-0.339252645352742,-0.0715427865852214,-0.0449055974497641,0.177816665860135,1.62869226932526,0.958264410495758,1.4078209400177,0.0620305697452321,-0.000190298177418242,0.67857504682254,0.200098752975646,0.506750941277011,0.244271755218728,0.15439962634605,-0.0112429268710626,-0.221684901903254,-0.334300828412066,-0.334300828412066,0.0478183102856153,-0.334300828412066,3025.25,12.8456186
0.218242273864648,-0.251290403869789,1.18724167346954,0.0285236854106188,0.015895526856184,-2.32800489001277,0.281081569245466,-0.326881170712328,-0.146768816549304,-0.243347845518441,-0.171750103756286,-0.0659769756749443,1.63873589038849,0.981486141681671,1.42023658752441,0.065269357914132,0.00408958706401782,0.662468251186039,0.200872421263918,0.464434623716572,0.248312950133374,0.0647757633777633,0.0855977048284099,-0.322135912728841,-0.359624994074527,-0.359624994074527,0.0465581953023804,-0.359624994074527,3025.3,12.9123261
0.227611659506164,-0.262186442893533,1.18724167346954,0.0285236854106188,0.015895526856184,-2.32800489001277,0.281081569245466,-0.326881170712328,-0.146768816549304,-0.170343491862909,-0.1202250726294,-0.046183882972461,1.64854836463928,1.00277829170227,1.43225502967834,0.0692072162425948,0.00385969057153888,0.646616353454742,0.196249485015155,0.425843000410438,0.240368843077739,0.0787571665689687,-0.00459792984956213,-0.317037954624798,-0.381155982735352,-0.381155982735352,0.0443386210060445,-0.381155982735352,3025.35,12.9790462
0.232762458231607,-0.273499306068636,1.22718274593353,0.0517988689243793,0.0298567079007626,-2.26610308222774,0.154523961763304,-0.339385895253078,-0.519459513008768,-0.328717095927881,-0.209808180241787,-0.589444988146026,1.66803884506226,1.03999388217926,1.45794367790222,0.0840443347405832,0.00236737211338781,0.602678020080831,0.194904804229914,0.372155904770236,0.256886482239003,0.148371184980019,-0.0149231845815243,-0.439383333739504,-0.397832511362925,-0.397832511362925,0.0413014991066625,-0.397832511362925,3025.45,13.0457601
0.237913256957051,-0.284812169243738,1.22718274593353,0.0517988689243793,0.0298567079007626,-2.26610308222774,0.154523961763304,-0.339385895253078,-0.159989860832865,-0.230101967149517,-0.146865726169251,-0.412611491702218,1.67747521400452,1.05541777610779,1.47017657756805,0.0847884207428338,-0.000217381350743891,0.579915036074864,0.188727378846245,0.30847787857224,0.244657993317985,0.0148817200450931,-0.051695069282916,-0.455259680121833,-0.408482841974351,-0.408482841974351,0.0376581903183218,-0.408482841974351,3025.5,13.1124391
0.243064055682494,-0.296125032418841,1.22718274593353,0.0517988689243793,0.0298567079007626,-2.26610308222774,0.154523961763304,-0.339385895253078,-0.159989860832865,-0.161071377004662,-0.102806008318476,-0.288828044191553,1.68754291534424,1.06947910785675,1.48308479785919,0.0870960187758918,-0.00224091218097571,0.5540982585095,0.201354026793701,0.281226634978225,0.258164405821815,0.0461519606609926,-0.0404706166044892,-0.516335551305405,-0.411965204588708,-0.411965204588708,0.0336670413371229,-0.411965204588708,3025.55,13.1791139
0.245002523344466,-0.299717078699945,1.27393531799316,0.0692313835024834,0.0407669395208359,-2.17068725161555,0.0581540298591578,-0.107761388433122,-0.590377415911127,-0.269642595106199,-0.170156290403593,-1.06092210644373,1.70603930950165,1.09018588066101,1.50528907775879,0.0897106782456335,-0.00220163432835654,0.498644196400223,0.184963941574265,0.207067728042791,0.222042798996174,0.026146594697441,0.000392778526192066,-0.554540621093271,-0.407292944586499,-0.407292944586499,0.0296125554499802,-0.407292944586499,3025.65,13.2458276
0.246940991006438,-0.303309124981049,1.27393531799316,0.0692313835024834,0.0407669395208359,-2.17068725161555,0.0581540298591578,-0.107761388433122,-0.169604267374445,-0.18874981657434,-0.119109403282515,-0.742645474510612,1.71492278575897,1.09767627716064,1.515251994133,0.0950240431273526,-0.00494547323725178,0.471800748700067,0.177669525145838,0.149807929992131,0.199258327483406,0.106267297633995,-0.0548767781777052,-0.536868954001173,-0.393810401515639,-0.393810401515639,0.0257880922627034,-0.393810401515639,3025.7,13.3125156
0.24887945866841,-0.306901171262153,1.27393531799316,0.0692313835024834,0.0407669395208359,-2.17068725161555,0.0581540298591578,-0.107761388433122,-0.169604267374445,-0.132124871602038,-0.0833765822977605,-0.519851832157428,1.72387099266052,1.103231549263,1.52400517463684,0.0982530572008511,-0.00693134236355563,0.439529638952364,0.178964138031982,0.111105442047725,0.17506361007786,0.0645802814703213,-0.0397173825262937,-0.645422194957579,-0.371316423778689,-0.371316423778689,0.0224571932949998,-0.371316423778689,3025.75,13.3792203
0.252133140590522,-0.314342370070501,1.31889879703522,0.0815799757838249,0.0428076945245266,-2.05189793639186,0.0976104576633564,-0.223235964250431,-0.5378022462556,-0.2036247406535,-0.0767304026416488,-1.43300011952344,1.74035346508026,1.10730695724487,1.54116785526276,0.103597721820499,-0.0155379328023609,0.371327192669228,0.164824724196788,0.0407540798185773,0.171626806258531,0.0534466461962815,-0.0860659043877391,-0.682024462828879,-0.340185344928701,-0.340185344928701,0.0198401428935241,-0.340185344928701,3025.85,13.4459223
0.255386822512634,-0.321783568878848,1.31889879703522,0.0815799757838249,0.0428076945245266,-2.05189793639186,0.0976104576633564,-0.223235964250431,-0.133130934877121,-0.14253731845745,-0.0537112818491541,-1.00310008366641,1.74719214439392,1.10597312450409,1.54824423789978,0.102101063372802,-0.0274650755912084,0.338473030190926,0.13677358627394,-0.0266766548158194,0.141527652741251,-0.0299331689540887,-0.238542855778252,-0.657083249569617,-0.301411559638191,-0.301411559638191,0.0180908049990497,-0.301411559638191,3025.9,13.512607
0.258640504434746,-0.329224767687196,1.31889879703522,0.0815799757838249,0.0428076945245266,-2.05189793639186,0.0976104576633564,-0.223235964250431,-0.133130934877121,-0.0997761229202152,-0.0375978972944079,-0.702170058566488,1.75297784805298,1.10246324539185,1.55492794513702,0.0974972719142673,-0.0321082089301184,0.308415388430253,0.115714073180731,-0.0701975822446177,0.133674144744387,-0.0920758291703672,-0.0928626667778618,-0.601152835211277,-0.256549031859958,-0.256549031859958,0.0172842977973138,-0.256549031859958,3025.95,13.5793211
0.260246780777546,-0.327903588454041,1.34998297691345,0.0800023153424263,0.0472407713532448,-1.92068379454616,0.0481882902840006,0.0396353769946559,-0.383744490863617,-0.055644342071563,-0.0662162195645492,-1.67244631760787,1.76228213310242,1.09012866020203,1.56702041625977,0.0816117246723142,-0.0386588541503431,0.250071539839503,0.0930428504944694,-0.123345851898306,0.120924711227527,-0.158855472419675,-0.0655064522023073,-0.583438485908029,-0.207728889849799,-0.207728889849799,0.0174155260846173,-0.207728889849799,3026.05,13.6460162
0.261853057120346,-0.326582409220886,1.34998297691345,0.0800023153424263,0.0472407713532448,-1.92068379454616,0.0481882902840006,0.0396353769946559,-0.103986871959503,-0.0389510394500941,-0.0463513536951844,-1.17071242232551,1.76626551151276,1.0820689201355,1.57253324985504,0.074396560468801,-0.0387092485519671,0.220338066941368,0.0796675682064973,-0.16119480132998,0.110256671905116,-0.144303284069739,-0.0010078880324755,-0.594669457960539,-0.157392025982033,-0.157392025982033,0.0184003573850193,-0.157392025982033,3026.1,13.712737
0.263459333463146,-0.32526122998773,1.34998297691345,0.0800023153424263,0.0472407713532448,-1.92068379454616,0.0481882902840006,0.0396353769946559,-0.103986871959503,-0.0272657276150659,-0.0324459475866291,-0.819498695627856,1.76971316337585,1.07292580604553,1.57687151432037,0.0682452781176199,-0.0408944467269356,0.191196392222788,0.0689530372623392,-0.182862281800314,0.0867652893071141,-0.123025647024293,-0.043703963499608,-0.582833494374788,-0.108209102843606,-0.108209102843606,0.0200871075739508,-0.108209102843606,3026.15,13.779457
0.263736057017997,-0.31921368058018,1.37743484973907,0.0800023153424263,0.0472407713532448,-1.92068379454616,0.00830170664551737,0.181426482226507,-0.315453688590074,-0.0190860093305461,-0.0227121633106404,-0.573649086939499,1.77428221702576,1.05063831806183,1.58611702919006,0.0549749562002789,-0.0429108107711665,0.133181715987175,0.045690536499065,-0.222874879837239,0.0924551486969835,-0.132703219173531,-0.0201636404423271,-0.580146762356653,-0.0627944611334003,-0.0627944611334003,0.0222729997076499,-0.0627944611334003,3026.25,13.8461516
0.263199479372467,-0.313172370887205,1.37743484973907,0.0625816360116005,0.045309092849493,-1.79637330107692,-0.0160973293658767,0.181239290789267,-0.0679472092951947,0.14342590744605,0.00148659221631754,-1.52034880208079,1.77317595481873,1.03750693798065,1.59134638309479,0.0435833884959106,-0.0349383025959566,0.116977433527605,-0.0221252441405445,-0.26262760162258,0.104587078094102,-0.227831354086538,0.159450163503618,-0.324085649190233,-0.0234322442813383,-0.0234322442813383,0.0247283295826068,-0.0234322442813383,3026.3,13.9128438
0.262662901726938,-0.307131061194229,1.37743484973907,0.0625816360116005,0.045309092849493,-1.79637330107692,-0.0160973293658767,0.181239290789267,-0.0679472092951947,0.100398135212235,0.00104061455142227,-1.06424416145656,1.77227091789246,1.02445185184479,1.59681665897369,0.0374753521957613,-0.0322398680286891,0.097892506203956,-0.0181007385253248,-0.261101722716335,0.109405517577727,-0.122160726002543,0.0539686913451535,-0.381698546471585,0.00809940389962177,0.00809940389962177,0.0272182111549716,0.00809940389962177,3026.35,13.97954
0.257849209984796,-0.301351475474766,1.38978850841522,0.0398401543498039,0.0316430181264877,-1.70433514647487,-0.144410752264267,0.173387571583899,-0.203708337858841,0.274952029604734,0.123723102693043,-1.57331430443805,1.77067184448242,0.99826717376709,1.60938227176666,0.0251792058088041,-0.0271911234810207,0.0637626825581478,-0.0159907341003563,-0.261846780777216,0.125656127929802,-0.122961463869683,0.05048744547673,-0.341298236458393,0.0307337327784085,0.0307337327784085,0.0295263761531394,0.0307337327784085,3026.45,14.0462709
0.253035518242654,-0.295571889755302,1.38978850841522,0.0398401543498039,0.0316430181264877,-1.70433514647487,-0.144410752264267,0.173387571583899,-0.092525409773514,0.192466420723314,0.0866061718851303,-1.10132001310663,1.76731026172638,0.984051525592804,1.6163957118988,0.0175932552602845,-0.0183395305726444,0.0591374729289298,-0.0672316551212165,-0.284312963487269,0.140268802643588,-0.151719010971221,0.177031858168492,-0.0925041925848648,0.0442128574727485,0.0442128574727485,0.0314715425179908,0.0442128574727485,3026.5,14.1129912
0.248221826500511,-0.289792304035839,1.38978850841522,0.0398401543498039,0.0316430181264877,-1.70433514647487,-0.144410752264267,0.173387571583899,-0.092525409773514,0.134726494506319,0.0606243203195912,-0.770924009174643,1.76458811759949,0.97024929523468,1.62437272071838,0.011572989416321,-0.0138811597134979,0.0511551987686453,-0.0544428825376437,-0.276044607161471,0.159540176391021,-0.120405316878832,0.0891674171826046,-0.159645483205108,0.0491916690481065,0.0491916690481065,0.0329274818758705,0.0491916690481065,3026.55,14.1797235
0.242448541596785,-0.283544968033381,1.41248869895935,0.0398401543498039,0.0316430181264877,-1.70433514647487,-0.173198547111793,0.187420080073742,-0.331943116312714,0.0943085461544236,0.0424370242237138,-0.53964680642225,1.75947153568268,0.944172084331512,1.64304196834564,0.00636570392736584,-0.0123865813768617,0.0362192535893955,-0.0511658191681374,-0.260772109031914,0.186692476272753,-0.0520728548895986,0.0149457833663763,-0.149359451792634,0.0471713564278737,0.0471713564278737,0.0338282203997383,0.0471713564278737,3026.65,14.24646
0.236228792247653,-0.277707157079893,1.41248869895935,0.0178181175142527,0.0106709012761712,-1.65517705016139,-0.186592480473967,0.175134328604637,-0.126939328609556,0.264214313828058,0.218454968609448,-0.820175631316864,1.75594198703766,0.931088805198669,1.6531765460968,0.00355733486023089,-0.0070797925142578,0.0388213871017138,-0.0705909729001338,-0.261665582655908,0.202691555022456,-0.0561673813424947,0.106135777251691,0.0520426702461768,0.0403600096405515,0.0403600096405515,0.0341708417482188,0.0403600096405515,3026.7,14.3134397
0.23000904289852,-0.271869346126405,1.41248869895935,0.0178181175142527,0.0106709012761712,-1.65517705016139,-0.186592480473967,0.175134328604637,-0.126939328609556,0.184950019679641,0.152918478026614,-0.574122941921805,1.75233030319214,0.918504655361176,1.66384994983673,0.00053949150853583,-0.00299151161467605,0.0412725473063892,-0.0722336769107946,-0.251682996751251,0.213468074799749,-0.0603568670342306,0.0817656179920812,0.0490232040937749,0.0315286314216592,0.0315286314216592,0.0340039827741147,0.0315286314216592,3026.75,14.3806531
0.222687432128084,-0.265237023641649,1.44445836544037,0.00822212733328342,0.000262669986113906,-1.64818614058498,-0.219648323113101,0.198969674542673,-0.434106570906797,0.215828925404472,0.200717016229145,-0.464804245533007,1.74593877792358,0.894357085227966,1.68555879592896,-0.00522235327498653,0.000205057196995383,0.0458820357182561,-0.0639152526853144,-0.241475701331214,0.217088460921451,-0.057618447835014,0.0319656881165981,0.0460948841185019,0.0238609107597239,0.0238609107597239,0.0334319144012571,0.0238609107597239,3026.85,14.447347
0.215365821357647,-0.258604701156894,1.44445836544037,0.00822212733328342,0.000262669986113906,-1.64818614058498,-0.219648323113101,0.198969674542673,-0.146379572577634,0.15108024778313,0.140501911360402,-0.325362971873105,1.74346709251404,0.883053481578827,1.69650518894196,-0.00328296430353486,-0.00175450192223982,0.0447686278955794,-0.0494337081911877,-0.226072072984022,0.218927860261204,0.0387877794292451,-0.0391911823849179,-0.0222681564536554,0.0203216938299446,0.0203216938299446,0.0325814743480273,0.0203216938299446,3026.9,14.5140469
0.20804421058721,-0.251972378672138,1.44445836544037,0.00822212733328342,0.000262669986113906,-1.64818614058498,-0.219648323113101,0.198969674542673,-0.146379572577634,0.105756173448191,0.0983513379522813,-0.227754080311174,1.74019134044647,0.872125804424286,1.70719683170319,-0.00314352537527683,-0.00187698865481635,0.050254399236012,-0.06551504135108,-0.218553543090025,0.213832855223831,0.0027887785651503,-0.00244973465152178,0.109715426808253,0.0236231719383024,0.0236231719383024,0.0315873659259865,0.0236231719383024,3026.95,14.5807694
0.20325041107678,-0.24810790412334,1.48168790340424,0.00723265437409282,-0.00444608088582754,-1.65998690657619,-0.143813985312898,0.115934236463942,-0.483119780903212,0.0829345780464492,0.11122469441407,-0.0532209622969231,1.73447966575623,0.851436376571655,1.72941362857819,-0.00057361963938472,0.000135135137698366,0.0565216640885361,-0.0571167469025178,-0.206894278526494,0.222167968750202,0.0256990573589445,0.0201212379251655,0.0626726485252979,0.0358652874924976,0.0358652874924976,0.030574882233186,0.0358652874924976,3027.05,14.6474482
0.198456611566351,-0.244243429574542,1.48168790340424,0.00723265437409282,-0.00444608088582754,-1.65998690657619,-0.143813985312898,0.115934236463942,-0.148053939228407,0.0580542046325144,0.0778572860898489,-0.0372546736078461,1.73166251182556,0.84147983789444,1.74077296257019,-0.00153820614440588,0.00248583294748131,0.0616651989768944,-0.0563430786130763,-0.199130773543587,0.227186679839261,-0.0192917301003531,0.0470139561954879,0.102870697766791,0.0583208912478703,0.0583208912478703,0.0296396052007115,0.0583208912478703,3027.1,14.7141265
0.193662812055921,-0.240378955025744,1.48168790340424,0.00723265437409282,-0.00444608088582754,-1.65998690657619,-0.143813985312898,0.115934236463942,-0.148053939228407,0.0406379432427601,0.0545001002628943,-0.0260782715254923,1.72948205471039,0.831868290901184,1.75191116333008,0.00123097102318001,0.00169924004046789,0.0631919940347462,-0.0436091423037048,-0.192230939866161,0.22276401519897,0.0553835433520201,-0.0157318581403543,0.0305359011572031,0.0913597332822465,0.0913597332822465,0.0288350781173493,0.0913597332822465,3027.15,14.7809532
0.191813560395538,-0.239373741980467,1.48168790340424,0.00723265437409282,-0.00444608088582754,-1.65998690657619,-0.0554775498114709,0.0301563913583158,-0.145508588101506,0.0284465602699321,0.038150070184026,-0.0182547900678446,1.72519874572754,0.813734889030457,1.77415454387665,0.00277092518227332,0.0021113477136638,0.0675941316177534,-0.0428330898285302,-0.18133401870744,0.222433805465901,0.0153995415909471,0.00412107673196283,0.0440213758301113,0.134069498764425,0.134069498764425,0.0281715354610286,0.134069498764425,3027.25,14.8476416
0.189981684680861,-0.238350955641418,1.52105522155762,0.00816650874912739,-0.00473688915371895,-1.67096131377223,-0.0549562714403284,0.0306835901714552,-0.499857367287239,0.0115079028136413,0.0293223235398408,0.0859913117169131,1.7235255241394,0.804814517498016,1.78414380550385,0.00462577523065032,-6.35645863796905e-05,0.0671582879538561,-0.0334644317625736,-0.178407430648155,0.199785232543219,0.0370970009674051,-0.0434982460007115,-0.00871687327791408,0.184710196933489,0.184710196933489,0.0276046600223533,0.184710196933489,3027.3,14.9143289
0.188149808966183,-0.23732816930237,1.52105522155762,0.00816650874912739,-0.00473688915371895,-1.67096131377223,-0.0549562714403284,0.0306835901714552,-0.145551503906807,0.00805553196954892,0.0205256264778886,0.0601939182018392,1.72205114364624,0.796552240848541,1.79313325881958,0.00371027914274999,-0.000185279736321393,0.0701682801306274,-0.029487609863174,-0.165245532988901,0.179789066314043,-0.01830992175794,-0.00243430299882519,0.0601998435352083,0.240615831440831,0.240615831440831,0.0270483462010422,0.240615831440831,3027.35,14.9810452
0.186256858906353,-0.234344426850132,1.56448400020599,0.00549986818805337,-0.0101336715742946,-1.68271439604762,-0.0567885017949057,0.0895122735671135,-0.494898870393943,0.0296386374283504,0.0629389803197026,0.147913483219803,1.71875989437103,0.781151294708252,1.80777370929718,-0.00860687269978494,0.00686024005094257,0.0841250728755589,-0.0329124927521051,-0.154009461403033,0.146404504776134,-0.123171518425461,0.0704551978727037,0.139567927449442,0.298390170278123,0.298390170278123,0.0263853752262106,0.298390170278123,3027.45,15.047762
0.184363908846523,-0.231360684397895,1.56448400020599,0.00549986818805337,-0.0101336715742946,-1.68271439604762,-0.0567885017949057,0.0895122735671135,-0.104039862558555,0.0207470461998453,0.0440572862237918,0.103539438253862,1.71726822853088,0.77392053604126,1.81456196308136,-0.0172810346633459,0.0141773365119109,0.0950703204881738,-0.0298333168031413,-0.144615173340633,0.135765075684335,-0.173483239272166,0.146341929220166,0.218904952253492,0.354254920377008,0.354254920377008,0.0254832374800886,0.354254920377008,3027.5,15.114476
0.182470958786692,-0.228376941945658,1.56448400020599,0.00549986818805337,-0.0101336715742946,-1.68271439604762,-0.0567885017949057,0.0895122735671135,-0.104039862558555,0.0145229323398917,0.0308401003566543,0.0724776067777035,1.71717119216919,0.767874240875244,1.82213604450226,-0.0223483827849472,0.0218720758845897,0.104604495178388,-0.00194072723387966,-0.120925903319873,0.151481628417418,-0.101346962431657,0.153894787453016,0.190683493803585,0.404362503866204,0.404362503866204,0.0242133044512604,0.404362503866204,3027.55,15.1811933
0.183075664903787,-0.226200934845835,1.56448400020599,0.00549986818805337,-0.0101336715742946,-1.68271439604762,0.0181411835128515,0.0652802129946929,-0.106440452216891,0.0101660526379242,0.021588070249658,0.0507343247443924,1.71870398521423,0.758938074111938,1.83709061145782,-0.0346034876932501,0.0309489657831052,0.133050504084082,0.0153279304504534,-0.0893616676331379,0.1495456695558,-0.122551049083141,0.0907688989852376,0.2844600890572,0.445095937288062,0.445095937288062,0.022471467028733,0.445095937288062,3027.65,15.2478793
0.183634887395656,-0.224129155399437,1.59803342819214,-0.0153529783710837,-0.0295319203287363,-1.7164482408047,0.0167766747560445,0.0621533833919523,-0.4094072323252,0.194791855878781,0.189695887964736,0.339118630134795,1.72063875198364,0.75641393661499,1.84421849250793,-0.0437134710459212,0.0355337012679272,0.152548495505134,0.0386953353880428,-0.0504827499387812,0.142557621001679,-0.182199667052759,0.0916947096961051,0.38995982841962,0.47345717377169,0.47345717377169,0.0201925932004645,0.47345717377169,3027.7,15.3145794
0.184194109887524,-0.222057375953038,1.59803342819214,-0.0153529783710837,-0.0295319203287363,-1.7164482408047,0.0167766747560445,0.0621533833919523,-0.107462380449895,0.136354299115147,0.132787121575315,0.237383041094357,1.72365272045135,0.755533158779144,1.85109066963196,-0.0493393636513954,0.0309051222264448,0.174472749638975,0.060279369354577,-0.0176155567170151,0.137443542481219,-0.1125178521101,-0.0925715808301529,0.438485082679224,0.487232109544554,0.487232109544554,0.0173669294976525,0.487232109544554,3027.75,15.3812816
0.185990174440971,-0.224155947120012,1.62540602684021,-0.0344717018306255,-0.0490916445851326,-1.79096000723842,0.0538819366034073,-0.0629571350092025,-0.345153552669383,0.267516520516479,0.268988503410287,0.836774026669492,1.73118960857391,0.757988929748535,1.86554419994354,-0.0586174850816461,0.0355636927508762,0.229265143120954,0.0753688812253118,0.0245577096938193,0.144535303115319,-0.092781214302169,0.0465857052441445,0.547923934817798,0.485222692017958,0.485222692017958,0.0140453162181154,0.485222692017958,3027.85,15.4480001
0.187786238994418,-0.226254518286985,1.62540602684021,-0.0344717018306255,-0.0490916445851326,-1.79096000723842,0.0538819366034073,-0.0629571350092025,-0.098800164836741,0.187261564361535,0.188291952387201,0.585741818668645,1.7372852563858,0.761443972587585,1.871910572052,-0.0622766630414093,0.0333556051693107,0.257194687498826,0.121912956238458,0.0691008567813829,0.127327442169884,-0.0731835591956636,-0.0441617516315506,0.558590887560476,0.467349989668422,0.467349989668422,0.0103447909954973,0.467349989668422,3027.9,15.5146744
0.189582303547865,-0.228353089453959,1.62540602684021,-0.0344717018306255,-0.0490916445851326,-1.79096000723842,0.0538819366034073,-0.0629571350092025,-0.098800164836741,0.131083095053075,0.131804366671041,0.410019273068051,1.74288082122803,0.766575932502747,1.87736058235168,-0.0694166417787267,0.027570963267222,0.3264205816673,0.111911296844075,0.102639198302849,0.109000205993256,-0.142799574745828,-0.115692838041353,1.38451788336445,0.434605852662408,0.434605852662408,0.00643050738618332,0.434605852662408,3027.95,15.5813792
0.195577140526779,-0.231352590010189,1.66929399967194,-0.0344717018306255,-0.0490916445851326,-1.79096000723842,0.179845109367421,-0.0899850166869154,-0.479996610366884,0.0917581665371522,0.0922630566697286,0.287013491147636,1.75701749324799,0.782494902610779,1.8860809803009,-0.0738970498188927,0.0193328091201894,0.362717292228525,0.141366720199714,0.159189701080467,0.0872039794922668,-0.0448040804017013,-0.0823815414704009,0.362967105612573,0.388985670837659,0.388985670837659,0.00251450396909053,0.388985670837659,3028.05,15.6480986
0.201084765020698,-0.235073530650052,1.66929399967194,-0.0505070090293884,-0.0560258999466896,-1.91382353835109,0.165228734817579,-0.11162821919588,-0.0869431415317957,0.208548481364873,0.126992437922823,1.30668122381738,1.76538240909576,0.792689144611359,1.88855314254761,-0.0729627891742754,0.0118653325649049,0.397811112802488,0.167298316954958,0.203884840010855,0.0494432449339022,0.0186852128922782,-0.149349531105147,0.70187641147671,0.333319690796473,0.333319690796473,-0.00116689971714718,0.333319690796473,3028.1,15.7148012
0.206592389514617,-0.238794471289914,1.66929399967194,-0.0505070090293884,-0.0560258999466896,-1.91382353835109,0.165228734817579,-0.11162821919588,-0.0869431415317957,0.145983936955411,0.0888947065459762,0.914676856672168,1.77415537834167,0.804709196090698,1.89049708843231,-0.0734307500491107,0.00886573170968524,0.429847593727778,0.17545938491917,0.240401029588104,0.038878917694304,-0.00935921749675717,-0.05999201710472,0.6407296185093,0.270943603722218,0.270943603722218,-0.00438001753260768,0.270943603722218,3028.15,15.7815162
0.212100014008536,-0.242515411929777,1.66929399967194,-0.0505070090293884,-0.0560258999466896,-1.91382353835109,0.165228734817579,-0.11162821919588,-0.0869431415317957,0.102188755868788,0.0622262945821833,0.640273799670518,1.79088234901428,0.83520245552063,1.88991296291351,-0.062506205567078,-0.0121470718389249,0.49256293495761,0.167269706726226,0.304932594299594,-0.00584125518799359,0.109245444820427,-0.210128035486292,0.627153412298889,0.205465673551042,0.205465673551042,-0.00691206251788048,0.205465673551042,3028.25,15.8482461
0.220037296088455,-0.250435961072549,1.6977823972702,-0.0582961924374104,-0.0481081530451775,-2.06475346617702,0.238118462397559,-0.237616474283166,-0.296786136508964,0.141634779780349,-0.027701315906081,1.80656101020271,1.7994087934494,0.852751076221466,1.8893404006958,-0.0662088947134056,-0.010610884585125,0.539554273386304,0.170528888701772,0.350972414015447,-0.0114512443542064,-0.0740537829262828,0.0307237450758862,0.939826768570461,0.140489774353177,0.140489774353177,-0.0085941407848209,0.140489774353177,3028.3,15.9149456
0.227974578168374,-0.258356510215322,1.6977823972702,-0.0582961924374104,-0.0481081530451775,-2.06475346617702,0.238118462397559,-0.237616474283166,-0.0403905581245648,0.0991443458462441,-0.0193909211342567,1.2645927071419,1.80759048461914,0.871397018432617,1.88786160945892,-0.0590187936174317,-0.0155693264644118,0.572932140325844,0.16363382339418,0.372918844221666,-0.0295758247374412,0.143802021918953,-0.0991688375853768,0.667557338788372,0.0791976657811144,0.0791976657811144,-0.00932385781822757,0.0791976657811144,3028.35,15.9816464
0.233345309940071,-0.268958821043322,1.68997502326965,-0.0582961924374104,-0.0481081530451775,-2.06475346617702,0.161121953150922,-0.318069324840005,0.0932990723369324,0.0694010420923708,-0.0135736447939797,0.885214894999329,1.82456839084625,0.910507082939148,1.88190424442291,-0.0347589270236328,-0.023947100021333,0.622926513314197,0.169779062271273,0.391100645065663,-0.0595736503601616,0.242598665938211,-0.0837777355692873,0.49994372988399,0.0242082633186449,0.0242082633186449,-0.00907373553622042,0.0242082633186449,3028.45,16.0483538
0.237161579332607,-0.280219398046694,1.68997502326965,-0.0483282208442688,-0.0262148082256317,-2.20511930518153,0.114488081776083,-0.337817310101166,0.0219468445815075,-0.0411310148736144,-0.206541654731698,1.88294297754018,1.83231520652771,0.931991934776306,1.87823140621185,-0.0224161057690705,-0.0240930202658733,0.644954311809427,0.154936313629996,0.429697036745509,-0.0734567642215923,0.246856425092593,-0.00291840489082349,0.440555969906994,-0.0226035229142033,-0.0226035229142033,-0.00789873282364462,-0.0226035229142033,3028.5,16.1150387
0.240977848725143,-0.291479975050066,1.68997502326965,-0.0483282208442688,-0.0262148082256317,-2.20511930518153,0.114488081776083,-0.337817310101166,0.0219468445815075,-0.0287917104115301,-0.144579158312188,1.31806008427813,1.84658551216125,0.976882696151733,1.87002551555634,0.00339389553949408,-0.014837884547196,0.688188800548703,0.14270305633493,0.448907613752639,-0.0820589065548773,0.258100013084706,0.0925513571864364,0.432344887391192,-0.0602651986574988,-0.0602651986574988,-0.00593324153501136,-0.0602651986574988,3028.6,16.1817108
0.244235420034703,-0.305017310473826,1.68997502326965,-0.0483282208442688,-0.0262148082256317,-2.20511930518153,0.0977271392867939,-0.406120062712804,0.0335925841260138,-0.0201541972880711,-0.101205410818532,0.922642058994688,1.85336005687714,0.999620795249939,1.86641538143158,0.0133668678030595,-0.012317715864617,0.703723943921221,0.135490894318366,0.454761981966593,-0.0722026824955112,0.199459445272398,0.0504033736518564,0.310702867452045,-0.0886924143382254,-0.0886924143382254,-0.00337842785825204,-0.0886924143382254,3028.65,16.2484204
0.24618272396419,-0.318791614571514,1.66746211051941,-0.019248990342021,-0.00355497002601624,-2.29697328143123,0.0584191178845962,-0.41322912293064,0.238418876529967,-0.27582101262188,-0.274782331369512,1.47253522754353,1.85972130298615,1.02105665206909,1.86338078975677,0.0210516247303342,-0.00492519404087953,0.712167570580455,0.127224922179713,0.428717136381497,-0.060691833495873,0.153695138544935,0.147850436474211,0.168872533184066,-0.108564430314876,-0.108564430314876,-0.000489859059738888,-0.108564430314876,3028.7,16.3151429
0.248130027893676,-0.332565918669202,1.66746211051941,-0.019248990342021,-0.00355497002601624,-2.29697328143123,0.0584191178845962,-0.41322912293064,0.0358026617777694,-0.193074708835316,-0.192347631958658,1.03077465928047,1.86642801761627,1.04258346557617,1.86144423484802,0.0257889985771842,-0.0050177871395971,0.719306919833216,0.134134292603271,0.430536270143951,-0.0387310981752602,0.0947474769375161,-0.00185186197436164,0.142786985056005,-0.121234138274766,-0.121234138274766,0.00244517482956103,-0.121234138274766,3028.75,16.3818243
0.250299273236366,-0.342149786461886,1.6617329120636,-0.019248990342021,-0.00355497002601624,-2.29697328143123,0.0650773602806905,-0.287516033780517,0.046933031849716,-0.135152296184721,-0.134643342371061,0.72154226149633,1.8791309595108,1.08303487300873,1.86036133766174,0.0368933117454987,0.00111603125955219,0.720487870635669,0.12702941894485,0.40451407432409,-0.0108289718627536,0.111043131682741,0.0613381839912698,0.011809508024481,-0.128548468087466,-0.128548468087466,0.00514097939704599,-0.128548468087466,3028.85,16.448545
0.252109072842409,-0.351810261250729,1.6617329120636,0.0106225302442908,0.011469048447907,-2.33468823962215,0.0542939881812902,-0.289814243665283,-0.00142491694308939,-0.363450292606111,-0.229466505925051,0.844514206765693,1.88512063026428,1.10219299793243,1.86033570766449,0.0413336990479388,0.00491656193753017,0.717181806023265,0.119793415070234,0.383162498476212,-0.000512599945071157,0.088807746049287,0.0760106135599744,-0.0661212922484278,-0.132568064498571,-0.132568064498571,0.00732741350143464,-0.132568064498571,3028.9,16.5152469
0.253918872448452,-0.361470736039572,1.6617329120636,0.0106225302442908,0.011469048447907,-2.33468823962215,0.0542939881812902,-0.289814243665283,-0.00142491694308939,-0.254415204824278,-0.160626554147536,0.591159944735985,1.89745652675629,1.13825941085815,1.86038982868195,0.0445379418596532,0.0104127121180309,0.707521716102441,0.123358964920156,0.36066412925753,0.000541210174561039,0.0320424281171726,0.0549615018050576,-0.0966008992083302,-0.135365736955149,-0.135365736955149,0.00878144372874182,-0.135365736955149,3029,16.5818648
0.250471619094023,-0.371517184223179,1.66336011886597,0.0106225302442908,0.011469048447907,-2.33468823962215,-0.103417600632854,-0.301393445508232,-0.0312192942533758,-0.178090643376994,-0.112438587903275,0.41381196131519,1.90405893325806,1.15511536598206,1.86165583133698,0.0445704403801845,0.00955001028087716,0.701292733383406,0.13204813003492,0.337119102476801,0.0253200531004938,0.000649970410625112,-0.0172540367430126,-0.124579654380241,-0.138815510480515,-0.138815510480515,0.00934864058799546,-0.138815510480515,3029.05,16.6486599
0.247142021063331,-0.381605405475959,1.66336011886597,0.0280392151325941,0.0166098419576883,-2.32400255732539,-0.0998879409207828,-0.302646637583384,-0.015981745399761,-0.281413614358626,-0.124974153120325,0.193497232249856,1.91054534912109,1.17084348201752,1.86383175849915,0.045082573324869,0.0101959572274767,0.69176845670093,0.12972831726027,0.314562320708084,0.0435185432432499,0.0102426588936514,0.0129189389319437,-0.190485533648825,-0.144384910384954,-0.144384910384954,0.00894313531180992,-0.144384910384954,3029.1,16.7153892
0.243812423032638,-0.391693626728738,1.66336011886597,0.0280392151325941,0.0166098419576883,-2.32400255732539,-0.0998879409207828,-0.302646637583384,-0.015981745399761,-0.196989530051038,-0.0874819071842274,0.135448062574899,1.92363893985748,1.19879937171936,1.87050294876099,0.0482010528852912,0.00695418768470999,0.674418250274372,0.130935907364011,0.279558897018687,0.0667119026184689,0.0311847956042511,-0.0324176954276965,-0.173502064265743,-0.153041888319714,-0.153041888319714,0.00756751370251924,-0.153041888319714,3029.2,16.782082
0.240482825001945,-0.401781847981518,1.66336011886597,0.0280392151325941,0.0166098419576883,-2.32400255732539,-0.0998879409207828,-0.302646637583384,-0.015981745399761,-0.137892671035727,-0.0612373350289592,0.0948136438024296,1.93031525611877,1.21120607852936,1.87456405162811,0.0502979626348136,0.00580046343949368,0.663330677346803,0.133526325226559,0.248134136201305,0.0812220573429725,0.0419381949906764,-0.0230744849044522,-0.221751458552588,-0.165201009594663,-0.165201009594663,0.00530056625756723,-0.165201009594663,3029.25,16.8487958
0.240173340816284,-0.405111521394385,1.65526819229126,0.0382539592683315,0.0157096534967422,-2.28626924090388,-0.00928452556984788,-0.0998902023860132,0.0323105756192252,-0.188457566946645,-0.0347644383717567,-0.273230297131878,1.93714678287506,1.22251093387604,1.8791640996933,0.0518112247560469,0.00430442796805555,0.652698894675442,0.136630535125235,0.226097106932771,0.0920009613033762,0.0302652424245554,-0.0299207094286537,-0.212635653426442,-0.180708884982735,-0.180708884982735,0.00229244936292882,-0.180708884982735,3029.3,16.9154767
0.239863856630622,-0.408441194807252,1.65526819229126,0.0382539592683315,0.0157096534967422,-2.28626924090388,-0.00928452556984788,-0.0998902023860132,-0.0405167635531381,-0.131920296862652,-0.0243351068602297,-0.191261207992315,1.94367611408234,1.23251974582672,1.88279008865356,0.0542113421707471,0.00278533036048744,0.640292546163412,0.130586624145033,0.200176239012944,0.0725197792050584,0.04800234829383,-0.0303819521512517,-0.248126970239691,-0.198959846823755,-0.198959846823755,-0.00126024967028557,-0.198959846823755,3029.35,16.9821964
0.242100238688615,-0.413382153933251,1.67489421367645,0.0382539592683315,0.0157096534967422,-2.28626924090388,0.067091461739789,-0.148228773779967,-0.201469153296184,-0.0923442078038562,-0.0170345748021608,-0.13388284559462,1.95745992660522,1.25000786781311,1.88835155963898,0.0533179308701663,0.00142193056760574,0.611924958937464,0.137838125229007,0.174881219864051,0.0556147098541766,-0.0089341130058162,-0.0136339979288293,-0.283675872259738,-0.218967211325416,-0.218967211325416,-0.00512676567789616,-0.218967211325416,3029.45,17.0489372
0.244576622373899,-0.418208533030334,1.67489421367645,0.0414822548627853,0.0205163825303316,-2.23841803603175,0.0742915105585238,-0.144791372912491,-0.0247288161308685,-0.0936956058127836,-0.0551847636638168,-0.524378835765412,1.96448349952698,1.25719821453094,1.89016127586365,0.0564593255826749,-0.00136505056820537,0.597483143487313,0.140471458435825,0.143806934357474,0.0361943244936057,0.0628278942505151,-0.0557396227165264,-0.288836309004603,-0.239510080802603,-0.239510080802603,-0.00906536521347676,-0.239510080802603,3029.5,17.1156266
0.247053006059183,-0.423034912127417,1.67489421367645,0.0414822548627853,0.0205163825303316,-2.23841803603175,0.0742915105585238,-0.144791372912491,-0.0247288161308685,-0.0655869240689485,-0.0386293345646718,-0.367065185035789,1.97770345211029,1.26827585697174,1.8939620256424,0.0611253857336369,-0.000702064530138538,0.568975667106738,0.132199525832649,0.110776424407556,0.0380074977873373,0.0466606015094494,0.00662986038064419,-0.285074763804713,-0.259347013705893,-0.259347013705893,-0.012856984476878,-0.259347013705893,3029.6,17.1822999
0.248623123319103,-0.426112929424707,1.67489421367645,0.0414822548627853,0.0205163825303316,-2.23841803603175,0.0471035177975955,-0.0923405189187149,0.00233822938279256,-0.045910846848264,-0.0270405341952702,-0.256945629525052,1.98381948471069,1.27223229408264,1.8951643705368,0.0616151759906231,-0.00160931629429075,0.553572175825228,0.122320652008724,0.0791287422184494,0.0240468978883148,0.00979580513977898,-0.0181450352831433,-0.308069825631878,-0.277341779913429,-0.277341779913429,-0.0163209649237472,-0.277341779913429,3029.65,17.2490356
0.250354288319366,-0.429102789138119,1.6619176864624,0.0471295416355133,0.0232223551720381,-2.18498557143214,0.0519349500079027,-0.0896957914023312,0.119416924225486,-0.0829631737483365,-0.0432821277120474,-0.660754122064021,1.98994386196136,1.27402198314667,1.89626085758209,0.0640214511116926,-0.00476685436649188,0.53794708616355,0.122487545012982,0.0357937812803874,0.0219297409056819,0.0481255024212151,-0.0631507614437929,-0.312501793232427,-0.292527413570435,-0.292527413570435,-0.0193195564178539,-0.292527413570435,3029.7,17.3157538
0.25208545331963,-0.43209264885153,1.6619176864624,0.0471295416355133,0.0232223551720381,-2.18498557143214,0.0519349500079027,-0.0896957914023312,0.00262817929903356,-0.0580742216238355,-0.0302974893984332,-0.462527885444815,1.99540054798126,1.27556729316711,1.89749419689178,0.0634754855891423,-0.00827859497242208,0.519564675070165,0.109133720398545,0.0309062004091042,0.0246667861939823,-0.0109193104510659,-0.0702348121189871,-0.3676482218697,-0.304262844572452,-0.304262844572452,-0.0217815894199443,-0.304262844572452,3029.75,17.3824833
0.252505245584791,-0.431187050889553,1.66218566894531,0.0471295416355133,0.0232223551720381,-2.18498557143214,0.012593767954841,0.0271679388592974,0.0204826959386328,-0.0406519551366849,-0.0212082425789032,-0.32376951981137,2.00855374336243,1.27377688884735,1.89603710174561,0.0698391882783739,-0.0137168370258847,0.483599687540186,0.131531953811167,-0.0179040431975667,-0.014570951461739,0.0636370268920842,-0.0543824205344286,-0.359649875298484,-0.312221227162994,-0.312221227162994,-0.0236957857138998,-0.312221227162994,3029.85,17.4491776
0.252847968134696,-0.430261708189483,1.66218566894531,0.0550806820392609,0.0352969914674759,-2.11647468142512,0.010281676497138,0.0277602810020881,0.0231113230949858,-0.100016632229407,-0.123517496464173,-0.843236673931131,2.0136878490448,1.27061855792999,1.89381611347198,0.0713027493072172,-0.0153943262532446,0.460661390685761,0.102682113648021,-0.0631666183475127,-0.0444197654726545,0.0292712205770264,-0.0335497845473809,-0.458765937090998,-0.316398349811773,-0.316398349811773,-0.0251116507916246,-0.316398349811773,3029.9,17.515904
0.2531906906846,-0.429336365489414,1.66218566894531,0.0550806820392609,0.0352969914674759,-2.11647468142512,0.010281676497138,0.0277602810020881,0.0231113230949858,-0.0700116425605852,-0.0864622475249208,-0.590265671751791,2.02317643165588,1.26027548313141,1.88942492008209,0.0765682805563175,-0.0261226419791391,0.412171573394981,0.0948858261109261,-0.103430747985934,-0.0439119338989657,0.0526553124910509,-0.107283157259042,-0.484898172908248,-0.317021994360837,-0.317021994360837,-0.0261212154426641,-0.317021994360837,3030,17.5826038
0.25368227517114,-0.422703013154653,1.65208041667938,0.0550806820392609,0.0352969914674759,-2.11647468142512,0.0147475345961737,0.199000570042827,0.145242304500734,-0.0490081497924096,-0.0605235732674446,-0.413185970226254,2.02643871307373,1.25259578227997,1.88711678981781,0.0761565915854702,-0.0297493281102963,0.390668599364134,0.0652456283566962,-0.15359401702825,-0.0461626052854766,-0.00823377941691685,-0.0725337226228796,-0.430059480615377,-0.314466395904507,-0.314466395904507,-0.0268491127284419,-0.314466395904507,3030.05,17.6494252
0.253564171995684,-0.416065093679678,1.65208041667938,0.0625670924782753,0.0445622280240059,-2.02867346339229,-0.00354309526365432,0.199137584249256,0.0549694433909017,-0.101683398805817,-0.125753630295981,-1.07944114145391,2.02977156639099,1.24250483512878,1.8860764503479,0.0774997566274136,-0.0302981072457936,0.367331265095325,0.0666570663449723,-0.201818943022947,-0.0208067893981177,0.0268633008387714,-0.0109755827099069,-0.466746685374485,-0.309123958943484,-0.309123958943484,-0.0274285802995375,-0.309123958943484,3030.1,17.7164156
0.253446068820229,-0.409427174204702,1.65208041667938,0.0625670924782753,0.0445622280240059,-2.02867346339229,-0.00354309526365432,0.199137584249256,0.0549694433909017,-0.0711783791640717,-0.0880275412071868,-0.755608799017737,2.03209018707275,1.22226572036743,1.87854719161987,0.0693994561575954,-0.0391310945179053,0.320472239773761,0.046372413635507,-0.40478229522926,-0.150585174561369,-0.16200600939725,-0.176659745443199,-0.937180506436389,-0.301361779753894,-0.301361779753894,-0.0279812207103511,-0.301361779753894,3030.15,17.7831581
0.253327965644774,-0.402789254729727,1.65208041667938,0.0625670924782753,0.0445622280240059,-2.02867346339229,-0.00354309526365432,0.199137584249256,0.0549694433909017,-0.0498248654148502,-0.0616192788450308,-0.528926159312416,2.03382897377014,1.21001708507538,1.87562000751495,0.0684094660075174,-0.0413193267425605,0.295976423967885,0.0173878669738928,-0.122486352920644,-0.029271841049221,-0.00989990150078902,-0.0218823222465712,-0.244958158058986,-0.291309459435816,-0.291309459435816,-0.0286072116775506,-0.291309459435816,3030.25,17.8499034
0.248937652969893,-0.393864581524146,1.63683760166168,0.0611225068569183,0.0561807900667191,-1.92898684077266,-0.131709380246431,0.267740196167448,0.190483387562855,-0.0218761351981824,-0.14770055357594,-1.26742791509535,2.03267812728882,1.19639372825623,1.87227213382721,0.0661985820870498,-0.0440245880041825,0.271178459831051,-0.0230169296263811,-0.272467136382065,-0.0669574737546392,-0.0442176784091898,-0.0541052252322429,-0.495959282734866,-0.278879272581991,-0.278879272581991,-0.0293632121067183,-0.278879272581991,3030.3,17.916576
0.244547340295012,-0.384939908318564,1.63683760166168,0.0611225068569183,0.0561807900667191,-1.92898684077266,-0.131709380246431,0.267740196167448,0.053298052403553,-0.0153132946387277,-0.103390387503158,-0.887199540566746,2.02815294265747,1.16588819026947,1.86551952362061,0.0604790526860614,-0.0508405112377999,0.221205283859228,-0.0905036926266239,-0.610110759732888,-0.135052204131589,-0.114390588019352,-0.136318464671852,-0.999463519432822,-0.263675081883766,-0.263675081883766,-0.0302601490542702,-0.263675081883766,3030.35,17.9833114
0.238196419096409,-0.37683023031827,1.6264683008194,0.0611225068569183,0.0561807900667191,-1.92898684077266,-0.19052763595809,0.243290340008831,0.143346830628659,-0.0107193062471094,-0.0723732712522106,-0.621039678396722,2.02445864677429,1.14961922168732,1.86187505722046,0.0586268771823447,-0.0536899991361959,0.193700999528248,-0.0369429588318207,-0.162689685821681,-0.036444664001498,-0.0185217550371841,-0.0284948789839864,-0.27504284331005,-0.245115686827926,-0.245115686827926,-0.0312562735271252,-0.245115686827926,3030.45,18.0499812
0.231056309543969,-0.369436690839207,1.6264683008194,0.0520255491137505,0.0587932839989662,-1.82532446913722,-0.214203286573208,0.221806184371881,0.0519921393864647,0.0743691053155343,-0.0741737352667719,-1.36768911959664,2.01918482780457,1.1321896314621,1.85707795619965,0.0542586161753826,-0.05306632046667,0.169657000185957,-0.105476379395107,-0.348591804506297,-0.0959420204167833,-0.0873652201397181,0.0124735733905868,-0.480879986848447,-0.222413460141081,-0.222413460141081,-0.0322683836923644,-0.222413460141081,3030.5,18.1166541
0.223916199991529,-0.362043151360144,1.6264683008194,0.0520255491137505,0.0587932839989662,-1.82532446913722,-0.214203286573208,0.221806184371881,0.0519921393864647,0.052058373720874,-0.0519216146867403,-0.957382383717647,2.00446176528931,1.09549534320831,1.8445291519165,0.0430028678299697,-0.0518124373198825,0.123234763045694,-0.147230625152052,-0.366942882536507,-0.125488042830964,-0.11255748345372,0.0125388314678296,-0.464222371400939,-0.194738795972448,-0.194738795972448,-0.0331799615366194,-0.194738795972448,3030.6,18.1833527
0.21770510575507,-0.357412564943045,1.6264683008194,0.0520255491137505,0.0587932839989662,-1.82532446913722,-0.186332827093759,0.138917592512969,0.086616391844903,0.0364408616046118,-0.0363451302807182,-0.670167668602353,1.9956306219101,1.0768495798111,1.83801317214966,0.0362207245977239,-0.0489542979901498,0.101889501735997,-0.176622867585192,-0.372915267946371,-0.130319595337625,-0.135642864645656,0.0571627865949656,-0.426905226196284,-0.161648273335398,-0.161648273335398,-0.0338531986443289,-0.161648273335398,3030.65,18.2495569
0.211099352111947,-0.35341447928251,1.6044682264328,0.0433624684810638,0.0540774315595627,-1.72534506850246,-0.19817260929368,0.119942569816049,0.285627797612693,0.103476328817408,0.0170010807581291,-1.36893197373454,1.98570954799652,1.0577849149704,1.83160471916199,0.0326820044694294,-0.0478851690549685,0.0803094162353503,-0.198421478270763,-0.381293296812578,-0.128169059752952,-0.0707744025656319,0.0213825787035472,-0.431601710011354,-0.121639645321927,-0.121639645321927,-0.0341687002026754,-0.121639645321927,3030.7,18.317102
0.204493598468825,-0.349416393621975,1.6044682264328,0.0433624684810638,0.0540774315595627,-1.72534506850246,-0.19817260929368,0.119942569816049,0.0876271281333227,0.0724334301721855,0.0119007565306903,-0.958252381614176,1.9626225233078,1.01866054534912,1.8178516626358,0.0289885427424254,-0.0471821700176213,0.0400208131119407,-0.230870246887417,-0.391243696213124,-0.137530565261966,-0.0369346172700735,0.00702999037347844,-0.402886031234463,-0.0758564153438702,-0.0758564153438702,-0.0340016310193083,-0.0758564153438702,3030.8,18.3838154
0.193988454266242,-0.344590352906835,1.58583426475525,0.0433624684810638,0.0540774315595627,-1.72534506850246,-0.315154326077483,0.144781221454223,0.257642419887543,0.0507034011205298,0.00833052957148324,-0.670776667129923,1.95015978813171,0.999152958393097,1.81021022796631,0.0275938053080842,-0.0421230026743825,0.0210775657957087,-0.249254703520822,-0.390151739119064,-0.152828693389337,-0.0278947486867225,0.101183346864408,-0.378864946323261,-0.024270830459645,-0.024270830459645,-0.0332882350133645,-0.024270830459645,3030.85,18.450545
0.183122543700419,-0.340669924873947,1.58583426475525,0.0383735485374928,0.0443596020340919,-1.63723176054958,-0.325977316974679,0.117612840986617,0.090452490043462,0.0803926602765107,0.0932918364292749,-1.26256343856687,1.93797183036804,0.980011761188507,1.80279493331909,0.0265085966023066,-0.043205567420073,-0.000416772654312026,-0.243759155274768,-0.382823944093886,-0.148305892945145,-0.0217041741156707,-0.0216512949139282,-0.429886769002761,0.0320557673718954,0.0320557673718954,-0.0320128295936028,0.0320557673718954,3030.9,18.5172323
0.172256633134597,-0.33674949684106,1.58583426475525,0.0383735485374928,0.0443596020340919,-1.63723176054958,-0.325977316974679,0.117612840986617,0.090452490043462,0.0562748621935575,0.0653042855004924,-0.883794406996812,1.91004049777985,0.941639244556427,1.78683185577393,0.0143253843724482,-0.0341269225231346,-0.0283491133129583,-0.279313325882212,-0.38372516632115,-0.159630775451805,-0.121832122298695,0.0907864489694666,-0.279323406586717,0.0915361884433217,0.0915361884433217,-0.030220688422648,0.0915361884433217,3031,18.5838887
0.157904284042325,-0.332281962879887,1.56084406375885,0.0383735485374928,0.0443596020340919,-1.63723176054958,-0.430570472768153,0.134026018835208,0.32553688887402,0.0393924035354902,0.0457129998503447,-0.618656084897768,1.89551985263824,0.923013389110565,1.77864611148834,0.00863299206898883,-0.0284360127156922,-0.0409651996465069,-0.290412902830975,-0.372517108915881,-0.163714885711074,-0.113847846068774,0.113818196148434,-0.252321726670054,0.152200985503411,0.152200985503411,-0.0280138800530166,0.152200985503411,3031.05,18.6506654
0.143338018886344,-0.328679964021781,1.56084406375885,0.028383307158947,0.0265560634434223,-1.57191150717738,-0.436987954679437,0.108059965743175,0.102359466795597,0.117486854881755,0.192230947211268,-1.02094153977817,1.88112664222717,0.904756844043732,1.77026462554932,0.00303235310734135,-0.0219203377889918,-0.0489468525211379,-0.287864208220388,-0.365130901335342,-0.167629718779908,-0.112012779232542,0.130313498533535,-0.15963305749204,0.211369337318192,0.211369337318192,-0.0255620789108732,0.211369337318192,3031.1,18.7173617
0.128771753730362,-0.325077965163675,1.56084406375885,0.028383307158947,0.0265560634434223,-1.57191150717738,-0.436987954679437,0.108059965743175,0.102359466795597,0.0822407984172285,0.134561663047888,-0.714659077844718,1.85079336166382,0.869893908500671,1.75524413585663,-0.00772334970357408,-0.00207256908175596,-0.0486291830313405,-0.303332805633821,-0.34862935543092,-0.150204896927016,-0.107557028109252,0.198477687072539,0.00317669489797693,0.266400198056884,0.266400198056884,-0.023069932277305,0.266400198056884,3031.2,18.7840474
0.114205488574381,-0.321475966305569,1.56084406375885,0.028383307158947,0.0265560634434223,-1.57191150717738,-0.436987954679437,0.108059965743175,0.102359466795597,0.05756855889206,0.0941931641335213,-0.500261354491303,1.83613312244415,0.853914141654968,1.74884533882141,-0.0156353718084299,0.00853905186712924,-0.0428159338380874,-0.293204784394911,-0.319595336915807,-0.127975940705044,-0.15824044209798,0.212232418978862,0.116264983865697,0.314662407955875,0.314662407955875,-0.0207661846764609,0.314662407955875,3031.25,18.8508088
0.108474193876378,-0.322689198272749,1.53007102012634,0.00404676469042897,-0.00310345808975399,-1.54680460028651,-0.171938840940108,-0.0363969590153878,0.363354153255096,0.259326873441104,0.332870908692052,-0.576145110161734,1.82231640815735,0.838837563991547,1.74261915683746,-0.0203706418822025,0.0163091843954268,-0.0374214398451177,-0.276334285735079,-0.301531553267336,-0.124523639678502,-0.0947054014751064,0.155402650565387,0.107889879859001,0.353663682020056,0.353663682020056,-0.0188879464297181,0.353663682020056,3031.3,18.9176059
0.102742899178374,-0.323902430239928,1.53007102012634,0.00404676469042897,-0.00310345808975399,-1.54680460028651,-0.171938840940108,-0.0363969590153878,0.0863967605625297,0.181528811408773,0.233009636084436,-0.403301577113214,1.79660427570343,0.811683773994446,1.73008131980896,-0.023065420628642,0.0278161464214515,-0.0160106012964227,-0.257121324539418,-0.271537899971255,-0.125378370285148,-0.0269477874644199,0.115069620260351,0.214108385487145,0.381386032596976,0.381386032596976,-0.0176523712325324,0.381386032596976,3031.4,18.9843031
0.0961387225471926,-0.321512517049558,1.52980434894562,0.00404676469042897,-0.00310345808975399,-1.54680460028651,-0.19812529893544,0.0716973957111053,0.0686625081208234,0.127070167986141,0.163106745259105,-0.28231110397925,1.78521740436554,0.799945712089539,1.72376024723053,-0.024683691471178,0.0338572212369368,0.00129273907412342,-0.227737426756984,-0.23476123809729,-0.126421451568144,-0.0323654168506023,0.120821496309267,0.346066807409663,0.396637786971672,0.396637786971672,-0.0172265762522271,0.396637786971672,3031.45,19.0509971
0.0896515414715433,-0.318858196784617,1.52980434894562,-0.0114974565804005,-0.0301681440323591,-1.57374685339931,-0.19461543226948,0.079629607948239,0.0669177730264508,0.228847109027764,0.35775689516482,0.0448625052296619,1.77519726753235,0.788886547088623,1.71694076061249,-0.0265488830763711,0.0356779074901571,0.0186747919250104,-0.200402736664912,-0.221183300019518,-0.136389732361584,-0.0373038321040656,0.0364137250646029,0.347641057019638,0.399005246016455,0.399005246016455,-0.0177181981618103,0.399005246016455,3031.5,19.1176663
0.0831643603958939,-0.316203876519676,1.52980434894562,-0.0114974565804005,-0.0301681440323591,-1.57374685339931,-0.19461543226948,0.079629607948239,0.0669177730264508,0.160192976319435,0.250429826615374,0.0314037536607633,1.75820469856262,0.771337032318115,1.70468235015869,-0.0373401927520355,0.0374709381024693,0.0659021716959776,-0.169925689696647,-0.17549514770444,-0.122584104537518,-0.107913096756251,0.0179303061230574,0.472273797707954,0.388994122245011,0.388994122245011,-0.0191596116506565,0.388994122245011,3031.6,19.1843405
0.0761897176209553,-0.312153259486169,1.52980434894562,-0.0114974565804005,-0.0301681440323591,-1.57374685339931,-0.209239283248158,0.121518511005204,0.0767309647768064,0.112135083423604,0.175300878630762,0.0219826275625343,1.75105130672455,0.765080213546753,1.69899654388428,-0.0341061778936736,0.0346535300587271,0.094893290361925,-0.143067836762255,-0.125136375427929,-0.113716125488902,0.0646802971675907,-0.0563481608751521,0.579822373322112,0.367992612883144,0.367992612883144,-0.0215037281935171,0.367992612883144,3031.65,19.251061
0.0696324244966627,-0.307469966593152,1.48665761947632,-0.0257180649787188,-0.0503839552402496,-1.65603344969752,-0.196718793728779,0.140498786790504,0.465400791355517,0.206480033981388,0.304652915912548,0.755967205977734,1.74650120735168,0.759942948818207,1.69125878810883,-0.0414833085335826,0.0386756991958144,0.120181905520454,-0.0910019874569443,-0.102745294570549,-0.15475511550847,-0.147542612797643,0.0804433827414542,0.505772303168739,0.338239872924725,0.338239872924725,-0.0246196318328056,0.338239872924725,3031.7,19.3177592
0.0630751313723701,-0.302786673700135,1.48665761947632,-0.0257180649787188,-0.0503839552402496,-1.65603344969752,-0.196718793728779,0.140498786790504,0.0770802261318233,0.144536023786971,0.213257041138783,0.529177044184414,1.73817241191864,0.753764033317566,1.67918169498444,-0.0449082991363319,0.0333126024808676,0.185886921102401,-0.0832879543305201,-0.0617891550064649,-0.120770931244006,-0.0342499060275245,-0.0536309671495166,0.657050155820067,0.302578800080915,0.302578800080915,-0.0283102010716791,0.302578800080915,3031.8,19.3844829
0.0629658650552802,-0.301202221861088,1.46840810775757,-0.0257180649787188,-0.0503839552402496,-1.65603344969752,-0.00327798951269559,0.0475335551714299,0.252359017711584,0.10117521665088,0.149279928797148,0.37042393092909,1.73633408546448,0.753375470638275,1.67113590240479,-0.0505153831431071,0.0335355122004696,0.217437993966316,-0.0367665290831182,-0.00777125358578716,-0.160915851592432,-0.112141680135095,0.00445819439202301,0.631021457276015,0.264275346042444,0.264275346042444,-0.0323219844880823,0.264275346042444,3031.85,19.4512194
0.0630778919955226,-0.29959435114642,1.46840810775757,-0.0335615426301956,-0.0571840107440948,-1.77118676238063,0.00336080820727163,0.0482361214400353,0.0879245959912984,0.141413950518908,0.165696449692611,1.29567656579831,1.73507237434387,0.754124402999878,1.66514253616333,-0.0480711417064147,0.0249328081224051,0.24697212847216,-0.0252342224122471,0.0149786472321374,-0.119867324829756,0.0488848287341142,-0.17205408156223,0.590682690120097,0.22672441724931,0.22672441724931,-0.0363678689145816,0.22672441724931,3031.9,19.5179316
0.063189918935765,-0.297986480431752,1.46840810775757,-0.0335615426301956,-0.0571840107440948,-1.77118676238063,0.00336080820727163,0.0482361214400353,0.0879245959912984,0.0989897653632354,0.115987514784828,0.906973596058819,1.73543119430542,0.75952810049057,1.64931511878967,-0.0485840234918994,0.00958137415260364,0.303297825512292,0.00358819961548178,0.0540369749069705,-0.158274173736716,-0.0051288178548513,-0.153514339698154,0.563256970401828,0.193109305646281,0.193109305646281,-0.0401556944681822,0.193109305646281,3032,19.5845978
0.066950591876789,-0.298444909590125,1.44558489322662,-0.0335615426301956,-0.0571840107440948,-1.77118676238063,0.112820188230721,-0.0137528747511792,0.321437831124206,0.0692928357542647,0.0811912603493793,0.634881517241173,1.73605334758759,0.763940095901489,1.63956356048584,-0.0431643088852024,0.00802334665735213,0.333239922651167,0.0124430656432653,0.0882399082180628,-0.195031166075951,0.108394292133546,-0.0311605499049167,0.598841942775331,0.166058749298322,0.166058749298322,-0.043420296739511,0.166058749298322,3032.05,19.6513358
0.0705799276109058,-0.299456040487242,1.44558489322662,-0.0309711750596762,-0.0388703048229218,-1.89520686202052,0.108880072023504,-0.0303339269135162,0.11632944656611,0.0251916768933103,-0.107989471045992,1.56059795882785,1.73674309253693,0.769720137119293,1.63001728057861,-0.0316946896125085,0.00682663100163405,0.360704042464092,0.0137948989867662,0.115600824355659,-0.190925598143837,0.229392385453043,-0.0239343131142746,0.549282396256495,0.147559719562367,0.147559719562367,-0.045928112786277,0.147559719562367,3032.1,19.7180509
0.0742092633450226,-0.300467171384359,1.44558489322662,-0.0309711750596762,-0.0388703048229218,-1.89520686202052,0.108880072023504,-0.0303339269135162,0.11632944656611,0.0176341738253172,-0.0755926297321947,1.0924185711795,1.74014985561371,0.784221470355988,1.60676896572113,-0.024988996721544,0.000738368881368033,0.403717086644201,0.0340676307678532,0.145013332367075,-0.232483148575041,0.067056928909706,-0.0608826212027155,0.43013044180148,0.138609137154185,0.138609137154185,-0.0475151888142906,0.138609137154185,3032.2,19.7847795
0.0778385990791395,-0.301478302281476,1.44558489322662,-0.0309711750596762,-0.0388703048229218,-1.89520686202052,0.108880072023504,-0.0303339269135162,0.11632944656611,0.012343921677722,-0.0529148408125363,0.764692999825649,1.74224579334259,0.79243803024292,1.59395897388458,-0.01970154390897,-0.00255558680205781,0.424804982468802,0.0419187545778655,0.164331197739544,-0.256199836732355,0.105749056252056,-0.0658791136688764,0.421757916494317,0.139183756879225,0.139183756879225,-0.0480917169969984,0.139183756879225,3032.25,19.8515038
0.0809040359096092,-0.303683707262089,1.4080593585968,-0.0240921378135681,-0.0244211107492447,-1.99863403372768,0.0919631049140921,-0.0661621494183804,0.497445500437533,-0.0532705900405671,-0.167083135231869,1.46612964524233,1.74473392963409,0.801196873188019,1.58051419258118,-0.0206219395727066,-0.00532460266087714,0.441911159907975,0.0497627258298971,0.17517685890134,-0.268895626067137,-0.0184079132746635,-0.0553803171761851,0.342123548782225,0.148219068602208,0.148219068602208,-0.0476501963751425,0.148219068602208,3032.3,19.9182609
0.0839694727400789,-0.305889112242701,1.4080593585968,-0.0240921378135681,-0.0244211107492447,-1.99863403372768,0.0919631049140921,-0.0661621494183804,0.159715688769137,-0.037289413028397,-0.116958194662308,1.02629075166963,1.75019478797913,0.820708751678467,1.55277359485626,-0.0169778739057653,-0.0109130256587392,0.470883127867036,0.0546085834503671,0.195118784904657,-0.277405977249398,0.0364406566694456,-0.055884229978671,0.289719679590872,0.163680050462313,0.163680050462313,-0.0462642800926824,0.163680050462313,3032.4,19.9849627
0.0849709621697984,-0.307931579825701,1.36958253383636,-0.0240921378135681,-0.0244211107492447,-1.99863403372768,0.0300446828915836,-0.0612740274899792,0.521063966066178,-0.0261025891198779,-0.0818707362636158,0.718403526168743,1.75304841995239,0.831243991851807,1.53835010528564,-0.0147691963341057,-0.0103319305517777,0.484031753674374,0.0570726394651244,0.21070480346603,-0.288469791411304,0.0441735514330313,0.011621902139187,0.262972516145814,0.182801990887639,0.182801990887639,-0.0440746249529479,0.182801990887639,3032.45,20.0517076
0.0857023752052541,-0.310059829355602,1.36958253383636,-0.0122671881690621,-0.0152427917346358,-2.06970840029719,0.0219423910636715,-0.063847485897032,0.174911575909086,-0.124696359184468,-0.139914386516011,1.14255176744379,1.75585973262787,0.842785954475403,1.52313625812531,-0.0144303460926213,-0.00968405118946166,0.501723674868988,0.0562262535098283,0.230839252473184,-0.304276943208448,0.00677700482972547,0.0129575872463915,0.353838423894204,0.202249973433181,0.202249973433181,-0.0412830619664964,0.202249973433181,3032.5,20.118336
0.0864337882407098,-0.312188078885503,1.36958253383636,-0.0122671881690621,-0.0152427917346358,-2.06970840029719,0.0219423910636715,-0.063847485897032,0.174911575909086,-0.0872874514291278,-0.0979400705612075,0.799786237210654,1.76207435131073,0.867104172706604,1.49360620975494,-0.0191492777672507,-0.00390778544039784,0.531029635281892,0.0621461868283872,0.243182182311127,-0.295300483702539,-0.0471893167461221,0.0577626574904281,0.293059604127977,0.218611722361531,0.218611722361531,-0.0381058729810864,0.218611722361531,3032.6,20.1851202
0.0868905288611209,-0.31607017562855,1.36958253383636,-0.0122671881690621,-0.0152427917346358,-2.06970840029719,0.013702218612331,-0.116462902291401,0.176305361849697,-0.0611012160003895,-0.0685580493928453,0.559850366047458,1.76581490039825,0.880745232105255,1.47780621051788,-0.0222591369663662,-0.00696359339442769,0.542187308656576,0.0748109817508965,0.272821187974511,-0.315999984742935,-0.0621971839826499,-0.0611161590809306,0.223153467494882,0.228464574298493,0.228464574298493,-0.0347907951315837,0.228464574298493,3032.65,20.2518211
0.0871971544953062,-0.319951890420589,1.31761002540588,-0.0169563349336386,-0.020825020968914,-2.1231215529919,0.00919876902555913,-0.116451443761188,0.644204902987494,-0.000568530319084701,0.00224942853351214,0.87261363048554,1.76928567886353,0.894911170005798,1.46279680728912,-0.0286256889893395,-0.0106495745633726,0.554206893406238,0.0694155693051674,0.283318758009834,-0.300188064574103,-0.127331040459002,-0.0737196233786309,0.240391694992377,0.22892107536107,0.22892107536107,-0.0315558169529356,0.22892107536107,3032.7,20.3185397
0.0875037801294915,-0.323833605212629,1.31761002540588,-0.0169563349336386,-0.020825020968914,-2.1231215529919,0.00919876902555913,-0.116451443761188,0.176452327113165,-0.00039797122335929,0.0015745999734585,0.610829541339878,1.77510547637939,0.924012780189514,1.43631792068481,-0.03081244195959,-0.0102348937811297,0.587722216589065,0.0581979751587443,0.291016101837423,-0.264788866043332,-0.0218675297025254,0.00414680782243329,0.335153231828569,0.217785891342614,0.217785891342614,-0.0285889841677115,0.217785891342614,3032.8,20.385277
0.0722821750856791,-0.329050802897394,1.28118991851807,-0.0169563349336386,-0.020825020968914,-2.1231215529919,-0.456648151314371,-0.156515930542961,0.45295248175758,-0.000278579856351503,0.00110221998142095,0.427580678937915,1.77871859073639,0.940459907054901,1.42334973812103,-0.0314777438165608,-0.00708199611701663,0.604263104725882,0.0722622871396297,0.328942537306543,-0.259363651274691,-0.0133060371393668,0.0630579532820319,0.330817762735149,0.193806200955022,0.193806200955022,-0.0260287608319667,0.193806200955022,3032.85,20.4520099
0.0568247673871596,-0.333402775232908,1.28118991851807,-0.0234192367643118,-0.0225257910788059,-2.1802025371075,-0.463722230955587,-0.130559170065408,0.126999546532264,0.0579711105766129,0.0160784849760217,0.813035332296945,1.78272199630737,0.957822382450104,1.4102748632431,-0.0286962044091034,-0.00227871888606328,0.62047358909938,0.0800681114201147,0.347249507905948,-0.261497497560021,0.0556307881494519,0.0960655446195914,0.324209687471732,0.156787888291527,0.156787888291527,-0.0239520251054978,0.156787888291527,3032.9,20.5187415
0.04136735968864,-0.337754747568421,1.28118991851807,-0.0234192367643118,-0.0225257910788059,-2.1802025371075,-0.463722230955587,-0.130559170065408,0.126999546532264,0.040579777403629,0.0112549394832152,0.569124732607862,1.79146492481232,0.994151711463928,1.38575148582458,-0.0136186232524127,-3.44885956452465e-05,0.661024221379201,0.087429285049518,0.363293290138575,-0.245233774185404,0.150775811567043,0.0224423029042007,0.405506322798574,0.107703983247004,0.107703983247004,-0.0223750814201658,0.107703983247004,3033,20.5853701
0.0363158921535345,-0.347804484906453,1.28118991851807,-0.0234192367643118,-0.0225257910788059,-2.1802025371075,-0.151544026053164,-0.301492120140953,0.13012358901692,0.0284058441825403,0.00787845763825063,0.398387312825503,1.7960866689682,1.01261353492737,1.37408697605133,-0.0111044876250091,0.00311141818854324,0.677888847291017,0.0924348831173395,0.369236469267456,-0.233290195464239,0.050282712547889,0.0629181356835408,0.337292518235085,0.0482309810751431,0.0482309810751431,-0.0212484113576515,0.0482309810751431,3033.05,20.6521723
0.0305018665647755,-0.357378348442721,1.22520709037781,-0.00556699745357037,-0.0276167783886194,-2.25121217303279,-0.174420767662772,-0.287215906088018,0.635740972682051,-0.140786062868895,0.0513338061350969,0.917957842305489,1.80067646503448,1.03277170658112,1.36263418197632,-0.00678350159166697,0.00015457151499956,0.701904346699307,0.0917959213253496,0.403163433073484,-0.229055881499411,0.0864197206665287,-0.0591369334706585,0.480309988164067,-0.0186301408339083,-0.0186301408339083,-0.0204870239053922,-0.0186301408339083,3033.1,20.7188438
0.0246878409760164,-0.366952211978988,1.22520709037781,-0.00556699745357037,-0.0276167783886194,-2.25121217303279,-0.174420767662772,-0.287215906088018,0.131895519419722,-0.0985502440082262,0.0359336642945679,0.642570489613842,1.81081056594849,1.07176113128662,1.34084069728851,-0.000337166364968606,-0.000365619946858748,0.737410412341063,0.101341009140107,0.389894247055408,-0.21793484687825,0.0644633522670423,-0.0052019146185878,0.355060656417877,-0.0896621795885918,-0.0896621795885918,-0.0199668877896361,-0.0896621795885918,3033.2,20.7855316
0.0188738153872574,-0.376526075515255,1.22520709037781,-0.00556699745357037,-0.0276167783886194,-2.25121217303279,-0.174420767662772,-0.287215906088018,0.131895519419722,-0.0689851708057583,0.0251535650061975,0.44979934272969,1.8165876865387,1.09121251106262,1.33109247684479,0.00846252586513681,-0.00122040751802503,0.749933572645369,0.11554241180483,0.389027595522142,-0.194964408875576,0.175993844603069,-0.0170957514234189,0.250463206087498,-0.161245486376447,-0.161245486376447,-0.0195545173734698,-0.161245486376447,3033.25,20.8522754
0.017313432659089,-0.385458036877967,1.17955124378204,0.00347010232508183,-0.0104731870815158,-2.32131379179957,-0.0468114818450502,-0.267958840881345,0.526876534735935,-0.129623517571901,-0.136684826259594,0.945774108811841,1.82244741916656,1.11057269573212,1.32221758365631,0.0184366535515238,-0.0020722167012035,0.761677089594289,0.117194652556947,0.387203693388484,-0.177497863768886,0.199482553727013,-0.0170361836635075,0.234870338977545,-0.229602280770621,-0.229602280770621,-0.0191245024278591,-0.229602280770621,3033.3,20.9189827
0.0157530499309207,-0.394389998240678,1.17955124378204,0.00347010232508183,-0.0104731870815158,-2.32131379179957,-0.0468114818450502,-0.267958840881345,0.115973915374058,-0.0907364623003304,-0.0956793783817161,0.662041876168288,1.83438766002655,1.14655256271362,1.3055499792099,0.0420756529355073,0.00760710289300199,0.773050159360123,0.119402408599962,0.359798669815391,-0.166676044464263,0.23638999384005,0.096793195942143,0.11373069765844,-0.291387485104808,-0.291387485104808,-0.0185758708322798,-0.291387485104808,3033.4,20.9856944
0.0133660462607119,-0.400040889614915,1.12933659553528,0.00347010232508183,-0.0104731870815158,-2.32131379179957,-0.071610110106263,-0.169526741227094,0.542698456546782,-0.0635155236102313,-0.0669755648672013,0.463429313317802,1.84064662456512,1.16326582431793,1.29809772968292,0.0510819007528335,0.00964517588578419,0.773641168009597,0.125179290771029,0.334265232084966,-0.149044990539009,0.18012495634587,0.0407614598554957,0.0118201729894399,-0.34377699343348,-0.34377699343348,-0.0178468987086629,-0.34377699343348,3033.45,21.0524295
0.010641428169112,-0.405603606237442,1.12933659553528,0.0279937535524368,0.0130217811092734,-2.35556834273341,-0.0817385427479962,-0.166881498675816,0.0889582074593662,-0.265173727573357,-0.258337609124144,0.632691477727002,1.84729504585266,1.17872583866119,1.29117929935455,0.0622509981789024,0.0130947446709372,0.766596570644967,0.132968425751458,0.309200286866922,-0.138368606568138,0.223381948522598,0.068991375703436,-0.140891947293365,-0.384650317094356,-0.384650317094356,-0.0169244639631315,-0.384650317094356,3033.5,21.1191337
0.00791681007751216,-0.411166322859969,1.12933659553528,0.0279937535524368,0.0130217811092734,-2.35556834273341,-0.0817385427479962,-0.166881498675816,0.0889582074593662,-0.18562160930135,-0.180836326386901,0.442884034408902,1.86135411262512,1.20522832870483,1.27739500999451,0.0758453227531477,0.0143338279121067,0.745670476176105,0.140590667724098,0.265024900435437,-0.137842893599962,0.135943245741958,0.0123908324116502,-0.209260944687857,-0.412848872944537,-0.412848872944537,-0.0158436456344952,-0.412848872944537,3033.6,21.1858709
0.00519219198591229,-0.416729039482496,1.12933659553528,0.0279937535524368,0.0130217811092734,-2.35556834273341,-0.0817385427479962,-0.166881498675816,0.0889582074593662,-0.129935126510945,-0.126585428470831,0.310018824086231,1.86882340908051,1.21608436107635,1.27198612689972,0.0833238615901302,0.0108837509751226,0.728221663176225,0.149385929108481,0.217120647431605,-0.108177661896342,0.149570776740465,-0.0690015387400588,-0.348976259999502,-0.428088177015681,-0.428088177015681,-0.0146842383915914,-0.428088177015681,3033.65,21.2526999
0.00717175279142499,-0.419976973233438,1.11186051368713,0.0546928681433201,0.0327663496136665,-2.32948332362178,0.059386824165381,-0.0974380125282607,0.223577081336159,-0.331246619875611,-0.266310916469119,-0.0177519951443379,1.87566804885864,1.22510802745819,1.26788890361786,0.090391475464724,0.00625640474631378,0.712338349743262,0.136892795562246,0.180473327636062,-0.0819444656369089,0.141352277491362,-0.0925469245758391,-0.31766626865812,-0.430933117356231,-0.430933117356231,-0.0135647375631121,-0.430933117356231,3033.7,21.3194308
0.00915131359693769,-0.42322490698438,1.11186051368713,0.0546928681433201,0.0327663496136665,-2.32948332362178,0.059386824165381,-0.0974380125282607,0.0662923447028585,-0.231872633912927,-0.186417641528383,-0.0124263966010365,1.8916300535202,1.23737287521362,1.26099562644958,0.107363773829586,-0.00599285068331576,0.657453325978564,0.159620046615746,0.122648477554433,-0.068932771682802,0.169722983648771,-0.122492554296407,-0.548850237647476,-0.422790994442235,-0.422790994442235,-0.0126176612272604,-0.422790994442235,3033.8,21.3860898
0.0125376568208816,-0.420642922730444,1.11186051368713,0.0546928681433201,0.0327663496136665,-2.32948332362178,0.101590296718316,0.0774595276181031,0.0371212297290651,-0.162310843739049,-0.130492349069868,-0.00869847762072558,1.89918148517609,1.24014508724213,1.2574714422226,0.109167217879815,-0.0115709193411685,0.626720460997981,0.151028633117126,0.0554442405698667,-0.0704836845395385,0.0360688810044505,-0.111561373156649,-0.614657299609429,-0.405595704101919,-0.405595704101919,-0.0119740388684857,-0.405595704101919,3033.85,21.4527539
0.0156265552352055,-0.417771822982468,1.08234941959381,0.0732017904520035,0.0528148859739304,-2.23772984080318,0.092666952429718,0.0861329924392638,0.304741841763757,-0.280197891395485,-0.271781471591282,-0.831870279701936,1.90525472164154,1.24059867858887,1.25489819049835,0.113209561753259,-0.0176383602826234,0.600284515398456,0.121464729309745,0.00907182693486396,-0.0514650344851441,0.080846877469322,-0.121348818829759,-0.528718911993387,-0.381632628450798,-0.381632628450798,-0.0117462357638963,-0.381632628450798,3033.9,21.519387
0.0187154536495294,-0.414900723234493,1.08234941959381,0.0732017904520035,0.0528148859739304,-2.23772984080318,0.092666952429718,0.0861329924392638,0.0391419949238522,-0.19613852397684,-0.190247030113898,-0.582309195791355,1.91715121269226,1.23504984378815,1.24923861026764,0.110047989938162,-0.0302503389940823,0.536595665684383,0.11896491050731,-0.0554883480072526,-0.0565958023071804,-0.0316157181509953,-0.126119787114704,-0.636888497141308,-0.353060391961301,-0.353060391961301,-0.0120118651309678,-0.353060391961301,3034,21.5864997
0.0209201942095349,-0.408659270910853,1.08234941959381,0.0732017904520035,0.0528148859739304,-2.23772984080318,0.0661422168001649,0.187243569709182,0.0434059475865336,-0.137296966783788,-0.133172921079728,-0.407616437053948,1.92247343063354,1.2298743724823,1.24590015411377,0.103117780761823,-0.0337056776807699,0.503130353209564,0.106444358825296,-0.103509426116567,-0.0667691230771497,-0.13860418352628,-0.0691067737335009,-0.669306249493947,-0.321971534913446,-0.321971534913446,-0.0128090481162587,-0.321971534913446,3034.05,21.6544083
0.0222898345252395,-0.402210860334621,1.05576157569885,0.0712953507900238,0.0657618939876556,-2.10832827620509,0.0410892094711361,0.19345231728697,0.284481972069194,-0.0789499197908343,-0.209744116879337,-1.44994558732052,1.92695164680481,1.2229346036911,1.2428172826767,0.0948879635368865,-0.037704056767867,0.470522299439934,0.0895643234249671,-0.13879537582347,-0.0616574287412308,-0.16459634449813,-0.0799675817416505,-0.652161075390221,-0.291289571494362,-0.291289571494362,-0.0140694755590506,-0.291289571494362,3034.1,21.721108
0.023659474840944,-0.395762449758389,1.05576157569885,0.0712953507900238,0.0657618939876556,-2.10832827620509,0.0410892094711361,0.19345231728697,0.0451913770145676,-0.055264943853584,-0.146820881815536,-1.01496191112436,1.93208873271942,1.20293915271759,1.23861372470856,0.0903851224879368,-0.0476498830558655,0.407836556450435,0.0513708591461649,-0.199954509735289,-0.0420355796814347,-0.0450284104895374,-0.0994582628800753,-0.626857429895555,-0.261949133487037,-0.261949133487037,-0.0157012627980149,-0.261949133487037,3034.2,21.7878447
0.0250291151566485,-0.389314039182156,1.05576157569885,0.0712953507900238,0.0657618939876556,-2.10832827620509,0.0410892094711361,0.19345231728697,0.0451913770145676,-0.0386854606975088,-0.102774617270875,-0.710473337787053,1.93338918685913,1.1911461353302,1.23577582836151,0.0816250425588839,-0.0466921655973459,0.376438985371292,0.0260090827943314,-0.23586034774909,-0.0567579269412277,-0.175201598582015,0.0191543491704963,-0.627951421586294,-0.234936614524735,-0.234936614524735,-0.0175433054567125,-0.234936614524735,3034.25,21.8545473
0.0226866171359995,-0.382000332157858,1.03970754146576,0.061674851924181,0.0653626695275307,-1.97191625170711,-0.070274940619471,0.219411210728961,0.170855078678855,0.0595046673043292,-0.068349211948488,-1.72503955693281,1.93341875076294,1.17775690555573,1.23377585411072,0.0761371315320772,-0.0487810882645674,0.346138934928181,0.000591278076169724,-0.267784595488528,-0.0399994850157236,-0.109758220535734,-0.041778453344278,-0.606001008860007,-0.210636952878418,-0.210636952878418,-0.0193929570969446,-0.210636952878418,3034.3,21.9212626
0.0203441191153505,-0.374686625133559,1.03970754146576,0.061674851924181,0.0653626695275307,-1.97191625170711,-0.070274940619471,0.219411210728961,0.0263687705810155,0.0416532671130305,-0.0478444483639416,-1.20752768985297,1.92975378036499,1.14814853668213,1.22857105731964,0.0644944061519676,-0.0494725814152047,0.290757528608878,-0.0366497039795255,-0.296083688736231,-0.0520479679108139,-0.116427253801202,-0.00691493150637959,-0.553814063193538,-0.18898576798719,-0.18898576798719,-0.0210179341983447,-0.18898576798719,3034.4,21.9878934
0.0167169031376169,-0.364357968902947,1.03970754146576,0.061674851924181,0.0653626695275307,-1.97191625170711,-0.108816479332008,0.30985968691837,0.0463620040666774,0.0291572869791213,-0.0334911138547591,-0.845269382897077,1.92667353153229,1.13250172138214,1.22561180591583,0.0563109316887595,-0.0514945975592002,0.264853512556535,-0.0616049766538286,-0.312936305998617,-0.0591850280759566,-0.163669489263567,-0.0404403228797616,-0.518080321044971,-0.169428322804622,-0.169428322804622,-0.0221884493933096,-0.169428322804622,3034.45,22.0546278
0.011887426581991,-0.354538883631047,1.02118623256683,0.0475999005138874,0.0553668290376663,-1.84991686873439,-0.144884296668776,0.29457255815698,0.213524883483913,0.147084663578027,0.0665187847104478,-1.68968301478241,1.9238041639328,1.11634385585785,1.22207605838776,0.0492703830176245,-0.0532145373572239,0.236839547370986,-0.0573873519900593,-0.323157310487603,-0.0707149505619093,-0.140810973423469,-0.034398795960662,-0.56027930371405,-0.151258950053384,-0.151258950053384,-0.0226863445258412,-0.151258950053384,3034.5,22.1213002
0.00705795002636513,-0.344719798359148,1.02118623256683,0.0475999005138874,0.0553668290376663,-1.84991686873439,-0.144884296668776,0.29457255815698,0.046833103393581,0.102959264504619,0.0465631492973134,-1.18277811034769,1.91237854957581,1.08098602294922,1.21320390701294,0.0286327043950312,-0.0502816513898834,0.195167471026471,-0.114256143569531,-0.353578329085017,-0.0887215137478462,-0.206376786225182,0.0293288596732983,-0.416720763443628,-0.133603051767348,-0.133603051767348,-0.0223404759663596,-0.133603051767348,3034.6,22.1879405
0.00222847347073925,-0.334900713087249,1.02118623256683,0.0475999005138874,0.0553668290376663,-1.84991686873439,-0.144884296668776,0.29457255815698,0.046833103393581,0.0720714851532333,0.0325942045081194,-0.827944677243381,1.90489220619202,1.06285095214844,1.20847880840302,0.0234766701501899,-0.0467480188649751,0.176577594734107,-0.149726867676598,-0.362701416017604,-0.094501972199002,-0.103120684897388,0.0706726504985519,-0.371797525849314,-0.11559562363452,-0.11559562363452,-0.0210361792675457,-0.11559562363452,3034.65,22.2547063
-0.00528243118509189,-0.328858286211217,0.995217561721802,0.0365568138659,0.0467915944755077,-1.75669305853847,-0.225327139674934,0.18127280628096,0.290243678190686,0.14983781943915,0.0999930542151109,-1.41857556583367,1.8966269493103,1.04490768909454,1.2042863368988,0.0190448028964558,-0.045347792948425,0.160581026238286,-0.165305137633676,-0.358865261076575,-0.0838494300839235,-0.0886373450743613,0.0280045183309002,-0.319931369915261,-0.0966320617473238,-0.0966320617473238,-0.0187386195847373,-0.0966320617473238,3034.7,22.3214104
-0.012793335840923,-0.322815859335185,0.995217561721802,0.0365568138659,0.0467915944755077,-1.75669305853847,-0.225327139674934,0.18127280628096,0.0565256405854004,0.104886473607405,0.0699951379505776,-0.99300289608357,1.8765617609024,1.00752711296082,1.19503879547119,0.0160640997782965,-0.0460282126888734,0.132541071797237,-0.200651884079162,-0.37380576133762,-0.0924754142762071,-0.0298070311816194,-0.00680419740449073,-0.280399544410743,-0.0762971553335131,-0.0762971553335131,-0.0154907738100121,-0.0762971553335131,3034.8,22.3881284
-0.0270534885194292,-0.311322962706904,0.995217561721802,0.0365568138659,0.0467915944755077,-1.75669305853847,-0.427804580355185,0.344786898848418,0.0509974020854388,0.0734205315251833,0.0489965965654043,-0.695102027258499,1.86536610126495,0.989203453063965,1.19148969650269,0.0183980314034289,-0.0474488738589589,0.119438560809182,-0.223913192748209,-0.366473197935679,-0.070981979369859,0.046678632502478,-0.0284132234016055,-0.26205021976014,-0.0544922653277064,-0.0544922653277064,-0.0114157322428177,-0.0544922653277064,3034.85,22.45488
-0.0420184186869528,-0.300762767087663,0.967560470104218,0.0314338095486164,0.0365951955318451,-1.6915573411465,-0.448947905025707,0.316805868577225,0.299788981272525,0.097501410923181,0.126065208088747,-1.07279287560866,1.85299384593964,0.970657706260681,1.18826341629028,0.0198974238195577,-0.0362818155404571,0.113127303447988,-0.247445106507698,-0.370914936067698,-0.064525604248399,0.0299878483227392,0.223341166371254,-0.126225147224573,-0.0314450953321224,-0.0314450953321224,-0.00671392072338157,-0.0314450953321224,3034.9,22.5215981
-0.0569833488544763,-0.290202571468422,0.967560470104218,0.0314338095486164,0.0365951955318451,-1.6915573411465,-0.448947905025707,0.316805868577225,0.0508751567142668,0.0682509876462267,0.0882456456621228,-0.750955012926062,1.82859873771667,0.934219717979431,1.18585205078125,0.00820235404140725,-0.0254628426951109,0.0844416844481071,-0.243951082229836,-0.364379882812831,-0.024113655090354,-0.116950697781611,0.10818972845356,-0.286856189999071,-0.00759799769062163,-0.00759799769062163,-0.00163567939016973,-0.00759799769062163,3035,22.5883049
-0.0653551412430504,-0.287309447968166,0.967560470104218,0.0314338095486164,0.0365951955318451,-1.6915573411465,-0.251153771657223,0.0867937050077008,0.00114758892788642,0.0477756913523587,0.0617719519634859,-0.525668509048243,1.81460165977478,0.916900932788849,1.18500339984894,0.00188042765544745,-0.02205354682872,0.0805961664042695,-0.279941558836872,-0.346375703810385,-0.0169730186461785,-0.126438527718736,0.0681859173275697,-0.0769103608764718,0.016453418884869,0.016453418884869,0.00353552181039894,0.016453418884869,3035.05,22.655015
-0.0738463238943016,-0.284793627075962,0.960378527641296,0.0150585453957319,0.0249536372721195,-1.64718382887843,-0.254735479537534,0.0754746267661006,0.0683061834411963,0.180820361322611,0.14801439071197,-0.767329566746368,1.8009295463562,0.899285912513733,1.18484568595886,0.00163022698547356,-0.0190926964768964,0.0734283899322282,-0.273442268370587,-0.352300405501038,-0.0031542778015022,-0.00500401339945954,0.0592170070362563,-0.143355529440304,0.0400701302990052,0.0400701302990052,0.00850688720814945,0.0400701302990052,3035.1,22.7217275
-0.0823375065455527,-0.282277806183759,0.960378527641296,0.0150585453957319,0.0249536372721195,-1.64718382887843,-0.254735479537534,0.0754746267661006,0.00366870127490601,0.126574252925828,0.103610073498379,-0.537130696722457,1.7725944519043,0.866457164287567,1.18637430667877,0.00481686615622298,-0.0127156386285976,0.0623448059802755,-0.283350944519301,-0.328287482261956,0.0152862071991106,0.0318663917075231,0.0637705784830469,-0.110835839519628,0.0626881334084491,0.0626881334084491,0.0130020221670049,0.0626881334084491,3035.2,22.7884216
-0.0908286891968038,-0.279761985291555,0.960378527641296,0.0150585453957319,0.0249536372721195,-1.64718382887843,-0.254735479537534,0.0754746267661006,0.00366870127490601,0.0886019770480796,0.0725270514488654,-0.37599148770572,1.75862908363342,0.850686371326447,1.18773341178894,0.00456492864519592,-0.0126452187068286,0.058622660593402,-0.279307365419005,-0.315415859224133,0.0271821022035175,-0.00503875022056856,0.00140839843538592,-0.074442907737877,0.0839469993659733,0.0839469993659733,0.016789404616054,0.0839469993659733,3035.25,22.8551179
-0.102993764642862,-0.274342547348785,0.967319250106812,0.0160984359681606,0.0106253223493695,-1.62065737776759,-0.364952263381754,0.162583138283126,-0.107124549102145,0.0526623687817974,0.179723770318956,-0.501932101391563,1.74357116222382,0.835068106651306,1.1906327009201,-0.000295765566277185,-0.00835658268499436,0.0614944016728175,-0.301158428191043,-0.312365293501671,0.0579857826230801,-0.0972138842291085,0.0857727204363737,0.0574348215881015,0.103755028151302,0.103755028151302,0.0196986847249044,0.103755028151302,3035.3,22.9218467
-0.115158840088921,-0.268923109406014,0.967319250106812,0.0160984359681606,0.0106253223493695,-1.62065737776759,-0.364952263381754,0.162583138283126,-0.044658046912509,0.0368636581472582,0.125806639223269,-0.351352470974094,1.7150422334671,0.805991649627686,1.19624292850494,-0.00719730892610209,-0.00177568192530189,0.0633079696440334,-0.285289287567398,-0.290764570236471,0.0561022758484397,-0.0690154335983118,0.0658090075969845,0.0181356797121757,0.12230743229128,0.12230743229128,0.0216318605797884,0.12230743229128,3035.4,22.9885797
-0.127598009740879,-0.264546109093598,0.967319250106812,0.0160984359681606,0.0106253223493695,-1.62065737776759,-0.373175089558744,0.131310009372468,-0.06394952359003,0.0258045607030807,0.0880646474562883,-0.245946729681866,1.70136773586273,0.792793750762939,1.19961488246918,-0.0104168614185413,0.00251351819353403,0.0653487894014193,-0.273489952086407,-0.263957977293962,0.0674390792844226,-0.0643910498485509,0.0857840023764063,0.0408163951475696,0.140090770320308,0.140090770320308,0.0225742524320769,0.140090770320308,3035.45,23.0552726
-0.140067550640078,-0.260206404724412,0.980269312858582,0.00596824148669839,-0.00453995354473591,-1.62123077445033,-0.374086226975962,0.130191131075596,-0.178994854878834,0.109234942825317,0.198132736266351,-0.167002140632653,1.68791460990906,0.78005713224411,1.20404100418091,-0.0122949041343227,0.00777006997494117,0.0709971871013198,-0.269062519074955,-0.254732370377977,0.0885224342351022,-0.037560854315832,0.105131035628716,0.112967953998626,0.157842821963841,0.157842821963841,0.0225932021912958,0.157842821963841,3035.5,23.1219551
-0.152537091539276,-0.255866700355225,0.980269312858582,0.00596824148669839,-0.00453995354473591,-1.62123077445033,-0.374086226975962,0.130191131075596,-0.062444290112904,0.0764644599777217,0.138692915386446,-0.116901498442857,1.66207909584045,0.756769835948944,1.2123327255249,-0.00983530892904321,0.0116879998267254,0.0812524350291882,-0.258355140685095,-0.232872962950813,0.0829172134396398,0.0245959520527054,0.0391792985177003,0.102552479278311,0.176430996828446,0.176430996828446,0.0218246517674545,0.176430996828446,3035.6,23.1886722
-0.165006632438475,-0.251526995986039,0.980269312858582,0.00596824148669839,-0.00453995354473591,-1.62123077445033,-0.374086226975962,0.130191131075596,-0.062444290112904,0.0535251219844052,0.0970850407705119,-0.0818310489099998,1.64933741092682,0.746018648147583,1.21695744991302,-0.0124415382552635,0.0160484659510284,0.091397529821758,-0.254833698274096,-0.215023756028395,0.0924944877629559,-0.052124586524691,0.0872093224865355,0.202901895852502,0.196691285730623,0.196691285730623,0.0204593934897556,0.196691285730623,3035.65,23.2553932
-0.172133062164953,-0.249112346777698,1.0011328458786,-0.000212901461054571,-0.0174266342073679,-1.64444320731166,-0.213792891794349,0.0724394762502146,-0.269239196255711,0.0930978719188603,0.183939654503046,0.151630161514953,1.63790583610535,0.736425817012787,1.22291421890259,-0.0134616618343991,0.0163614395741179,0.101707235785619,-0.228631496428612,-0.191856622695225,0.119135379790826,-0.0204024715826373,0.00625947246176753,0.206194119276474,0.219323932903702,0.219323932903702,0.0187206891055566,0.219323932903702,3035.7,23.3221788
-0.179259491891432,-0.246697697569358,1.0011328458786,-0.000212901461054571,-0.0174266342073679,-1.64444320731166,-0.213792891794349,0.0724394762502146,-0.0814673990755352,0.0651685103432022,0.128757758152132,0.106141113060467,1.61586558818817,0.719547271728516,1.23235011100769,-0.0188050023021614,0.0224129661954346,0.12823679686361,-0.220402479171953,-0.168785452842866,0.0943589210511112,-0.053433404677671,0.0605152662132219,0.265295610780152,0.244646680709057,0.244646680709057,0.0168477294833915,0.244646680709057,3035.8,23.3888982
-0.18638592161791,-0.244283048361017,1.0011328458786,-0.000212901461054571,-0.0174266342073679,-1.64444320731166,-0.213792891794349,0.0724394762502146,-0.0814673990755352,0.0456179572402415,0.0901304307064927,0.0742987791423271,1.60618019104004,0.712316513061523,1.23675239086151,-0.0197080633282818,0.0245522518582624,0.141104312029477,-0.193707942961942,-0.144615173339318,0.0880455970760957,-0.0180612205223422,0.0427857132563991,0.257350303316391,0.272594065364213,0.272594065364213,0.015062118767988,0.272594065364213,3035.85,23.4556037
-0.192652790968244,-0.242463050272927,1.02772283554077,-0.0058235777541995,-0.0260304845869541,-1.68819158606532,-0.188006080510018,0.0545999426426885,-0.326763142181843,0.0824286567064735,0.140525954910821,0.445744554182588,1.5968359708786,0.706040501594543,1.24020838737488,-0.020897849358218,0.0270117075086411,0.156620169769905,-0.18688440322978,-0.125520229340285,0.0691199302677112,-0.0237957205988556,0.0491891130078434,0.310317154810263,0.302546216219756,0.302546216219756,0.0135534221085477,0.302546216219756,3035.9,23.5222684
-0.198919660318578,-0.240643052184838,1.02772283554077,-0.0058235777541995,-0.0260304845869541,-1.68819158606532,-0.188006080510018,0.0545999426426885,-0.0874532352223095,0.0577000596945314,0.0983681684375746,0.312021187927812,1.58091330528259,0.696301341056824,1.24379098415375,-0.0286048826884296,0.0283457128783365,0.189351975053083,-0.159226655960228,-0.0973916053772858,0.0358259677887289,-0.0770703333021859,0.0133400536969657,0.327318052832076,0.333373064744972,0.333373064744972,0.012459355066724,0.333373064744972,3036,23.588955
-0.205186529668912,-0.238823054096748,1.02772283554077,-0.0058235777541995,-0.0260304845869541,-1.68819158606532,-0.188006080510018,0.0545999426426885,-0.0874532352223095,0.040390041786172,0.0688577179063022,0.218414831549468,1.57400345802307,0.692801833152771,1.24416434764862,-0.0333482230898528,0.0297106194868969,0.207051979467571,-0.138196945189927,-0.0699901580808001,0.00746726989743377,-0.0948668080281183,0.0272981321711101,0.354000088288481,0.363408062381066,0.363408062381066,0.0118598502121564,0.363408062381066,3036.05,23.6556762
-0.207654853931415,-0.238013348222901,1.05639517307281,-0.0175705924630165,-0.0369002670049667,-1.75124185614589,-0.0740497278750894,0.0242911762154197,-0.307504893745335,0.133996161629673,0.146028444296525,0.720342812809725,1.56782674789429,0.690854609012604,1.24399518966675,-0.0378887218218648,0.03117011547764,0.229384604880568,-0.123534202575234,-0.038944482803203,-0.00338315963743886,-0.0908099746399097,0.0291899198147544,0.446652508258315,0.390541614215457,0.390541614215457,0.0117724481157809,0.390541614215457,3036.1,23.7223783
-0.210123178193918,-0.237203642349054,1.05639517307281,-0.0175705924630165,-0.0369002670049667,-1.75124185614589,-0.0740497278750894,0.0242911762154197,-0.0494538559569439,0.0937973131407714,0.102219911007568,0.504239968966808,1.55757391452789,0.689727783203125,1.24254214763641,-0.0487233487219806,0.0336999590741114,0.276140508522018,-0.102528333664034,-0.0112682580947978,-0.0145304203033579,-0.108346269001257,0.0252984359647375,0.467559036414918,0.41245095552561,0.41245095552561,0.0121553455967366,0.41245095552561,3036.2,23.7890888
-0.212591502456421,-0.236393936475206,1.05639517307281,-0.0175705924630165,-0.0369002670049667,-1.75124185614589,-0.0740497278750894,0.0242911762154197,-0.0494538559569439,0.06565811919854,0.0715539377052973,0.352967978276765,1.55372965335846,0.692601799964905,1.24168217182159,-0.0535836101644504,0.0320410909064652,0.302728804868282,-0.0768852233890914,0.0574803352359094,-0.0171995162964806,-0.0972052288499256,-0.0331773633531053,0.531765926928192,0.42675130462183,0.42675130462183,0.0129185933143222,0.42675130462183,3036.25,23.8557641
-0.211527023311419,-0.236578019168595,1.0619889497757,-0.0311868451535702,-0.0459423810243607,-1.83796828322414,0.0319343743500424,-0.00552248080164906,-0.0787129184462908,0.168506957653961,0.131466782568253,1.02761542849796,1.55090916156769,0.696200609207153,1.24132025241852,-0.055788695351759,0.0303104267745671,0.328807441362894,-0.0564098358152245,0.0719761848447089,-0.0072383880614971,-0.044101703746013,-0.0346132826378369,0.521572729890344,0.431275196896191,0.431275196896191,0.0139411747105369,0.431275196896191,3036.3,23.9224615
-0.210462544166418,-0.236762101861983,1.0619889497757,-0.0311868451535702,-0.0459423810243607,-1.83796828322414,0.0319343743500424,-0.00552248080164906,-0.028368928120363,0.117954870357773,0.0920267477977774,0.719330799948572,1.5471442937851,0.708248972892761,1.24175274372101,-0.0628218505240311,0.0247428417139778,0.385830156820754,-0.037648677825962,0.120483636856189,0.00432491302490628,-0.0703315517227847,-0.0556758506059436,0.570227154579112,0.424265008329998,0.424265008329998,0.0150876142143494,0.424265008329998,3036.4,23.9891407
-0.209398065021417,-0.236946184555371,1.0619889497757,-0.0311868451535702,-0.0459423810243607,-1.83796828322414,0.0319343743500424,-0.00552248080164906,-0.028368928120363,0.0825684092504409,0.0644187234584442,0.503531559964,1.54638659954071,0.71678614616394,1.24207317829132,-0.0660355595126138,0.0222142113183335,0.413964998043921,-0.0151538848876402,0.170743465422963,0.00640869140622669,-0.0642741797714196,-0.0505726079127016,0.56269682446131,0.404608763349781,0.404608763349781,0.0162294426030042,0.404608763349781,3036.45,24.0558191
-0.205763728663942,-0.241230990727029,1.04486405849457,-0.0435536652803421,-0.0495419017970562,-1.95219414763454,0.109030090724249,-0.128544185149729,0.125956424138879,0.169099267616256,0.0774887933751708,1.3805048716684,1.54576361179352,0.728223323822021,1.24366700649261,-0.0672367092564954,0.0156024307634361,0.45016857103285,-0.0124597549439156,0.228743553162869,0.0318765640260529,-0.0240229948777632,-0.13223561109867,0.724071459782516,0.371937309719937,0.371937309719937,0.017263464517948,0.371937309719937,3036.5,24.1225957
-0.202129392306467,-0.245515796898686,1.04486405849457,-0.0435536652803421,-0.0495419017970562,-1.95219414763454,0.109030090724249,-0.128544185149729,-0.028167597391272,0.118369487331379,0.0542421553626196,0.966353410167883,1.5460638999939,0.754905819892883,1.24905622005463,-0.064750013422488,0.00627467253485469,0.51291991888609,0.00300288200377326,0.266824960707647,0.0538921356199211,0.0248669583399837,-0.0932775822854745,0.627513478530122,0.326781651450729,0.326781651450729,0.018122641207039,0.326781651450729,3036.6,24.1894782
-0.198495055948992,-0.249800603070344,1.04486405849457,-0.0435536652803421,-0.0495419017970562,-1.95219414763454,0.109030090724249,-0.128544185149729,-0.028167597391272,0.0828586411319654,0.0379695087538337,0.676447387117518,1.54681444168091,0.770319998264313,1.25179862976074,-0.065659497435005,0.00201418942363932,0.543524452761972,0.0150108337403163,0.308283567430271,0.0548481941226138,-0.0181896802504393,-0.0852096622247724,0.612090677520985,0.270868946312021,0.270868946312021,0.0187846095183857,0.270868946312021,3036.65,24.2561815
-0.195078953692499,-0.259156547135718,1.04673182964325,-0.0511449612677097,-0.0433052107691765,-2.08457153372768,0.102483067694791,-0.280678321961217,-0.0659270453273322,0.126322712678684,-0.0295515631232339,1.66490964582052,1.54712820053101,0.78815633058548,1.25581634044647,-0.05889424238363,-0.00278843237404518,0.579653808411484,0.0062751770019303,0.356726646422042,0.0803542137143073,0.135305101027006,-0.0960524359533407,0.722587112987603,0.206482036971372,0.206482036971372,0.0192826232208552,0.206482036971372,3036.7,24.3228573
-0.191662851436006,-0.268512491201092,1.04673182964325,-0.0511449612677097,-0.0433052107691765,-2.08457153372768,0.102483067694791,-0.280678321961217,-0.0491171049891974,0.0884258988750791,-0.0206860941862637,1.16543675207436,1.54825437068939,0.827086746692657,1.26430463790894,-0.0498766801700795,-0.0100490421981412,0.64164366570528,0.0112617015838725,0.389304161072131,0.084882974624711,0.0901756221355879,-0.0726060982410263,0.619898572938521,0.136504077477251,0.136504077477251,0.0196940351196966,0.136504077477251,3036.8,24.3896688
-0.188246749179513,-0.277868435266466,1.04673182964325,-0.0511449612677097,-0.0433052107691765,-2.08457153372768,0.102483067694791,-0.280678321961217,-0.0491171049891974,0.0618981292125554,-0.0144802659303846,0.815805726452055,1.54842531681061,0.848966181278229,1.27046644687653,-0.0400186686802,-0.0159675363975536,0.673238586346262,0.00341892242430397,0.437588691709834,0.123236179351358,0.197160229796871,-0.118369883987817,0.631898412817346,0.0646427873619111,0.0646427873619111,0.0201291722954905,0.0646427873619111,3036.85,24.4564365
-0.186030515889721,-0.287575207221239,1.06197583675385,-0.0366014465689659,-0.0238559208810329,-2.21638601355556,0.0664869986937564,-0.291203158643213,-0.186627900949753,-0.0875629418399057,-0.185179795144561,1.75739432696737,1.54861128330231,0.871129989624023,1.27631115913391,-0.0306022133415545,-0.0200091716166405,0.699945612882,0.00371932983400467,0.443276166918313,0.116894245148343,0.188329106773939,-0.0808327043821786,0.53414053071767,-0.00534687753217674,-0.00534687753217674,0.0207185845103302,-0.00534687753217674,3036.9,24.523125
-0.183814282599929,-0.297281979176013,1.06197583675385,-0.0366014465689659,-0.0238559208810329,-2.21638601355556,0.0664869986937564,-0.291203158643213,-0.0494318369543914,-0.061294059287934,-0.129625856601193,1.23017602887716,1.54771995544434,0.917027950286865,1.2886962890625,-0.0117439336514721,-0.0202118585128169,0.741970549593267,-0.00891327857972002,0.458979606628835,0.123851299286001,0.188582796900996,-0.00202686896176669,0.420249367113053,-0.0700051194725108,-0.0700051194725108,0.0215949084428126,-0.0700051194725108,3037,24.5898596
-0.181598049310137,-0.306988751130787,1.06197583675385,-0.0366014465689659,-0.0238559208810329,-2.21638601355556,0.0664869986937564,-0.291203158643213,-0.0494318369543914,-0.0429058415015538,-0.0907380996208349,0.861123220214009,1.54678428173065,0.940079271793365,1.29435753822327,-0.00345195624974692,-0.0207041621783481,0.761788247589713,-0.0187134742736136,0.461026430128328,0.11322498321492,0.165839548033899,-0.00984607331058705,0.396353959927482,-0.126091923044125,-0.126091923044125,0.022870080178934,-0.126091923044125,3037.05,24.6565672
-0.178562898185039,-0.323202617313083,1.07505941390991,-0.0178988929837942,6.90650194883347e-05,-2.3126259379864,0.0910545337529476,-0.486415985468868,-0.200837065759436,-0.198357071317633,-0.278841542839276,1.46894557402743,1.54576480388641,0.962751626968384,1.3005199432373,0.00933437445213483,-0.0198790514562251,0.774064117513382,-0.0203895568846914,0.453447103498717,0.123248100280313,0.255726614036705,0.0165022144423996,0.245517398472494,-0.171177178742883,-0.171177178742883,0.0246208138435869,-0.171177178742883,3037.1,24.7232952
-0.175527747059941,-0.339416483495378,1.07505941390991,-0.0178988929837942,6.90650194883347e-05,-2.3126259379864,0.0910545337529476,-0.486415985468868,-0.0830848713548339,-0.138849949922343,-0.195189079987493,1.0282619018192,1.5431592464447,1.00777971744537,1.31224536895752,0.031147157705131,-0.0163968112821964,0.788804229946934,-0.026055574417138,0.450280904770307,0.117254257202255,0.21812783253016,0.0348224017403182,0.147401124335654,-0.203660260324218,-0.203660260324218,0.0268690777890513,-0.203660260324218,3037.2,24.7899662
-0.172492595934842,-0.355630349677674,1.07505941390991,-0.0178988929837942,6.90650194883347e-05,-2.3126259379864,0.0910545337529476,-0.486415985468868,-0.0830848713548339,-0.0971949649456401,-0.136632355991245,0.719783331273439,1.54164624214172,1.0288302898407,1.31815338134766,0.0407072036795138,-0.0091121778931038,0.788487604093386,-0.0302600860597354,0.421011447908792,0.118160247803379,0.1912009194887,0.145692667782648,-0.00633251707099838,-0.223079678480382,-0.223079678480382,0.0295819673275602,-0.223079678480382,3037.25,24.8566768
-0.172468274754764,-0.366550602282223,1.1033855676651,0.0155510073527694,0.0261217802762985,-2.35182290606502,0.000729635402343401,-0.327607578136468,-0.345761445841097,-0.36908557849102,-0.330117086505163,0.856621044598927,1.54013121128082,1.04897403717041,1.32403123378754,0.0478031205742779,-0.00435784261499127,0.787109012821118,-0.0303006172179073,0.402874946592773,0.11755704879718,0.141918337894765,0.0950867055619047,-0.0275718254452691,-0.229990250465823,-0.229990250465823,0.03268112092993,-0.229990250465823,3037.3,24.9238326
-0.172443953574686,-0.377470854886772,1.1033855676651,0.0155510073527694,0.0261217802762985,-2.35182290606502,0.000729635402343401,-0.327607578136468,-0.0908260620444053,-0.258359904943714,-0.231081960553614,0.599634731219249,1.53740441799164,1.08646273612976,1.3386766910553,0.056787690060031,-0.00509431513850679,0.772458061055336,-0.0272679328918705,0.374886989593847,0.146454572677746,0.0898456948576129,-0.00736472523516192,-0.146509517657946,-0.225871401485885,-0.225871401485885,0.035981999354439,-0.225871401485885,3037.4,24.9908216
-0.172419632394608,-0.388391107491321,1.1033855676651,0.0155510073527694,0.0261217802762985,-2.35182290606502,0.000729635402343401,-0.327607578136468,-0.0908260620444053,-0.1808519334606,-0.16175737238753,0.419744311853474,1.53591692447662,1.10262489318848,1.34773170948029,0.0639309609739557,-0.00297493959797418,0.758753399780511,-0.0297498703001847,0.32324314117314,0.181100368499097,0.142865418277975,0.042387510810498,-0.274093225495504,-0.213326774535322,-0.213326774535322,0.0392731132345708,-0.213326774535322,3037.45,25.0575234
-0.172581735626779,-0.393192730673938,1.13433468341827,0.0370186045765877,0.0326352380216122,-2.32599192194942,-0.00486309696512061,-0.144048695478535,-0.410229196018266,-0.319804728436785,-0.171851280379094,0.0613421612570267,1.53418898582458,1.11739099025726,1.3564954996109,0.0672873939057,-0.00511604010430129,0.748460220061699,-0.0345587730409601,0.295321941377344,0.175275802613261,0.0671286586352517,-0.0428220101267759,-0.205863594377378,-0.195462928324825,-0.195462928324825,0.0423383653101971,-0.195462928324825,3037.5,25.1242327
-0.172743838858949,-0.397994353856556,1.13433468341827,0.0370186045765877,0.0326352380216122,-2.32599192194942,-0.00486309696512061,-0.144048695478535,-0.131687154239701,-0.223863309905749,-0.120295896265366,0.0429395128799187,1.53097796440125,1.14276254177094,1.37559545040131,0.0618735373073841,-0.00382224775046793,0.71620800585322,-0.0321102142332816,0.253715515135796,0.190999507903358,-0.054138565982962,0.0129379235382865,-0.322522142083617,-0.175712402961322,-0.175712402961322,0.0449422188148646,-0.175712402961322,3037.6,25.1909787
-0.17290594209112,-0.402795977039174,1.13433468341827,0.0370186045765877,0.0326352380216122,-2.32599192194942,-0.00486309696512061,-0.144048695478535,-0.131687154239701,-0.156704316934025,-0.084207127385756,0.0300576590159431,1.52982866764069,1.15360224246979,1.38643503189087,0.06035713255547,-0.00285050974863367,0.698555174746426,-0.0229859352113071,0.216794013978234,0.216791629792443,-0.0303280950384468,0.0194347600367913,-0.353056622137803,-0.157557524249919,-0.157557524249919,0.0468622610913172,-0.157557524249919,3037.65,25.257667
-0.169985759876078,-0.407088373337917,1.17404425144196,0.0430771000683308,0.0310369618237019,-2.26094131999019,0.087605466451277,-0.128771888962295,-0.521414704405456,-0.164219481279505,-0.0445605033888364,-0.564415056321893,1.52821123600006,1.16314971446991,1.39764857292175,0.0567541973883996,-0.0013290668121605,0.679238925697211,-0.0323486328123823,0.190949440001747,0.22427082061686,-0.0720587033411474,0.0304288587293527,-0.386324980982888,-0.144116794567008,-0.144116794567008,0.0479225817899933,-0.144116794567008,3037.7,25.3243725
-0.167065577661035,-0.41138076963666,1.17404425144196,0.0430771000683308,0.0310369618237019,-2.26094131999019,0.087605466451277,-0.128771888962295,-0.164028592192321,-0.114953636895653,-0.0311923523721855,-0.395090539425325,1.52602136135101,1.17984628677368,1.42086791992188,0.0594449991587304,-0.0101997733733587,0.638488244134159,-0.0218987464904984,0.166965723037872,0.232193470001432,0.0269080177033327,-0.0887070656120623,-0.407506815630887,-0.137929780993174,-0.137929780993174,0.0480037815531149,-0.137929780993174,3037.8,25.3910727
-0.164145395445992,-0.415673165935404,1.17404425144196,0.0430771000683308,0.0310369618237019,-2.26094131999019,0.087605466451277,-0.128771888962295,-0.164028592192321,-0.0804675458269574,-0.0218346466605298,-0.276563377597727,1.52384185791016,1.18577647209167,1.43208789825439,0.0552978832988524,-0.00734839922703532,0.622697035312102,-0.0435900688169801,0.118603706359432,0.224399566649574,-0.0829423171972572,0.0570274829262595,-0.315824176440004,-0.140691620124628,-0.140691620124628,0.0470608264558428,-0.140691620124628,3037.85,25.4577921
-0.163228582089772,-0.417223383566218,1.22439253330231,0.040104828774929,0.0295001547783613,-2.18607729010585,0.0275044006866237,-0.0465065289244328,-0.631786909853915,-0.0295768404382547,-0.00145298925430603,-0.867370633277455,1.52131164073944,1.19051384925842,1.442990899086,0.0497007172468719,-0.00712010193896952,0.60570302507756,-0.0506043434145828,0.094747543335478,0.21806001663327,-0.111943321040222,0.00456594576134088,-0.339880204692698,-0.153108863943006,-0.153108863943006,0.0451300546678145,-0.153108863943006,3037.9,25.5245157
-0.162311768733551,-0.418773601197032,1.22439253330231,0.040104828774929,0.0295001547783613,-2.18607729010585,0.0275044006866237,-0.0465065289244328,-0.178652373110751,-0.0207037883067783,-0.00101709247801422,-0.607159443294218,1.51564526557922,1.19779992103577,1.46482622623444,0.040043875819399,-0.00906028896558722,0.580397818830678,-0.0566637516022244,0.0728607177735038,0.218353271484574,-0.096568414274816,-0.0194018702661947,-0.253052062469051,-0.174816582286819,-0.174816582286819,0.0423310116595855,-0.174816582286819,3038,25.5911977
-0.16139495537733,-0.420323818827847,1.22439253330231,0.040104828774929,0.0295001547783613,-2.18607729010585,0.0275044006866237,-0.0465065289244328,-0.178652373110751,-0.0144926518147448,-0.000711964734609956,-0.425011610305953,1.51360023021698,1.20046901702881,1.47607219219208,0.0418667456621407,-0.012185408282928,0.566323552009659,-0.0409007072447242,0.0533819198606456,0.224919319152014,0.0364573968547014,-0.0625023863465891,-0.281485336419338,-0.2044996399311,-0.2044996399311,0.0388481569438707,-0.2044996399311,3038.05,25.6579534
-0.161393528605686,-0.419135984771693,1.2576470375061,0.0344060361385345,0.0252718888223171,-2.1269718938351,4.28031493096229e-05,0.0356350216846026,-0.466333332503287,0.0411442774572292,0.0375560182901708,-0.829456693650935,1.51045715808868,1.20235323905945,1.48765587806702,0.043706994112946,-0.0120410738266077,0.555195642014373,-0.0628614425656893,0.0376844406126559,0.231673717497936,0.0368049690159721,0.00288668912639575,-0.222558199904922,-0.239857190352958,-0.239857190352958,0.0349357969579961,-0.239857190352958,3038.1,25.7246289
-0.161392101834043,-0.41794815071554,1.2576470375061,0.0344060361385345,0.0252718888223171,-2.1269718938351,4.28031493096229e-05,0.0356350216846026,-0.16704279466912,0.0288009942200604,0.0262892128031196,-0.580619685555654,1.50423336029053,1.20385360717773,1.50834703445435,0.0500442325687455,-0.0106967774591335,0.528216502068132,-0.062237977981624,0.015003681182875,0.206911563873479,0.0633723845580522,0.0134429636747549,-0.269791399462654,-0.278051405320588,-0.278051405320588,0.0308691956810252,-0.278051405320588,3038.2,25.7913371
-0.161390675062399,-0.416760316659387,1.2576470375061,0.0344060361385345,0.0252718888223171,-2.1269718938351,4.28031493096229e-05,0.0356350216846026,-0.16704279466912,0.0201606959540423,0.0184024489621837,-0.406433779888958,1.50106132030487,1.20348167419434,1.51838326454163,0.052655003861984,-0.0137775635770966,0.515245220976777,-0.063440799713481,-0.00743865966800934,0.200724601746701,0.0522154258650543,-0.0616157223595981,-0.259425621828516,-0.315766984638818,-0.315766984638818,0.0269439050347625,-0.315766984638818,3038.25,25.8580107
-0.162460800763908,-0.415291593235348,1.29385006427765,0.042500302195549,0.0316626280546188,-2.0724394851208,-0.03210377104526,0.044061702721171,-0.472344227454706,-0.0587359073453006,-0.0446349388171868,-0.775295324350921,1.49713623523712,1.20124137401581,1.5289272069931,0.0585932559290991,-0.0159106354989939,0.501531026953008,-0.0785017013546949,-0.0448060035703936,0.210878849028774,0.11876504134187,-0.0426614384377912,-0.27428388047439,-0.349671585649566,-0.349671585649566,0.0234325215390571,-0.349671585649566,3038.3,25.9247054
-0.163530926465416,-0.413822869811309,1.29385006427765,0.042500302195549,0.0316626280546188,-2.0724394851208,-0.03210377104526,0.044061702721171,-0.146516986510797,-0.0411151351417104,-0.0312444571720308,-0.542706727045644,1.48817992210388,1.19429492950439,1.5474898815155,0.0707278084524146,-0.0221745015385071,0.468953943484494,-0.0895631313324789,-0.0694644451141989,0.185626745224168,0.121345525233265,-0.062638660395189,-0.325770834685436,-0.376594254769557,-0.376594254769557,0.0205734396371649,-0.376594254769557,3038.4,25.9913708
-0.164601052166925,-0.41235414638727,1.29385006427765,0.042500302195549,0.0316626280546188,-2.0724394851208,-0.03210377104526,0.044061702721171,-0.146516986510797,-0.0287805945991973,-0.0218711200204215,-0.379894708931951,1.48286616802216,1.18905234336853,1.55532598495483,0.0713397752373382,-0.0245519529680822,0.450048087515216,-0.106275081634135,-0.104851722716904,0.156722068786051,0.012239335698427,-0.0475490285913295,-0.37811711938418,-0.393905682952196,-0.393905682952196,0.0185391506521401,-0.393905682952196,3038.45,26.0580957
-0.169729362799255,-0.407856183748899,1.32735788822174,0.0539643317461014,0.0466918684542179,-2.00313704543117,-0.153849318969903,0.134938879151114,-0.428054339289582,-0.123322682174409,-0.150572947610687,-0.889648253459092,1.47719073295593,1.18228006362915,1.56319725513458,0.0715270617362132,-0.0301610501405308,0.427279169350779,-0.113508701325082,-0.135445594788337,0.15742540359583,0.00374572997752166,-0.112181943449583,-0.455378363291219,-0.399626577830337,-0.399626577830337,0.0174338889095926,-0.399626577830337,3038.5,26.1248215
-0.174857673431585,-0.403358221110529,1.32735788822174,0.0539643317461014,0.0466918684542179,-2.00313704543117,-0.153849318969903,0.134938879151114,-0.126483923792756,-0.0863258775220866,-0.105401063327481,-0.622753777421364,1.46366286277771,1.1646066904068,1.57726550102234,0.0693033280394911,-0.0334558038820981,0.380493135333666,-0.135278701781734,-0.176733732222868,0.140682458877052,-0.0222373369671404,-0.0329475374155531,-0.467860340169426,-0.39267522678485,-0.39267522678485,0.0172772197419834,-0.39267522678485,3038.6,26.1914936
-0.179985984063915,-0.398860258472158,1.32735788822174,0.0539643317461014,0.0466918684542179,-2.00313704543117,-0.153849318969903,0.134938879151114,-0.126483923792756,-0.0604281142654606,-0.0737807443292365,-0.435927644194955,1.45551788806915,1.15389788150787,1.58356320858002,0.0702348568361161,-0.0369944930206247,0.354139047807133,-0.162899494172032,-0.214176177979684,0.125954151154252,0.0186305759326012,-0.0707737827709183,-0.527081750533543,-0.37288199598236,-0.37288199598236,0.0180077712074155,-0.37288199598236,3038.65,26.2581919
-0.18480550470892,-0.394115473718941,1.35335826873779,0.0590855106711388,0.0577954277396202,-1.90616934828761,-0.144585619350152,0.142343542596505,-0.331465695669278,-0.0883902903111589,-0.151578554599086,-1.17785862522846,1.44726204872131,1.14217829704285,1.58945202827454,0.0727490493280535,-0.0441244224869031,0.323980242426373,-0.165116786956186,-0.234391689299684,0.117776393889952,0.0502838498385666,-0.142598589325049,-0.603176107613004,-0.340969105909672,-0.340969105909672,0.0194940049750899,-0.340969105909672,3038.7,26.3249032
-0.189625025353925,-0.389370688965724,1.35335826873779,0.0590855106711388,0.0577954277396202,-1.90616934828761,-0.144585619350152,0.142343542596505,-0.0974622710248072,-0.0618732032178112,-0.10610498821936,-0.824501037659923,1.42580771446228,1.11363196372986,1.60168170928955,0.0664746615775323,-0.0534127736556026,0.263551914095464,-0.214543342590527,-0.285463333130142,0.122296810150258,-0.0627438775052697,-0.0928835116870802,-0.604283283309642,-0.298503477519981,-0.298503477519981,0.0215457069241304,-0.298503477519981,3038.8,26.3915589
-0.19444454599893,-0.384625904212508,1.35335826873779,0.0590855106711388,0.0577954277396202,-1.90616934828761,-0.144585619350152,0.142343542596505,-0.0974622710248072,-0.0433112422524678,-0.0742734917535523,-0.577150726361946,1.41354274749756,1.09796988964081,1.60833823680878,0.0629727319925041,-0.054036855665208,0.233275753172319,-0.245299339293541,-0.313241481779866,0.133130550384037,-0.0700385917003096,-0.0124816401920623,-0.605523218460686,-0.247559823356924,-0.247559823356924,0.0239427216551038,-0.247559823356924,3038.85,26.4582733
-0.199805043862587,-0.380465495132767,1.38430786132812,0.056718111038208,0.0640947818756104,-1.78554957442287,-0.160814935909702,0.124812272392208,-0.375320256110555,-0.00901127288035069,-0.108685631451398,-1.48958347323608,1.39969956874847,1.08091604709625,1.61538422107697,0.0565322296049253,-0.0564243483808067,0.201562109338924,-0.2768635749832,-0.341076850892975,0.140919685364539,-0.128810047752278,-0.0477498543122332,-0.634272876671362,-0.190721391754848,-0.190721391754848,0.0264474585954742,-0.190721391754848,3038.9,26.524996
-0.205165541726244,-0.376305086053027,1.38430786132812,0.056718111038208,0.0640947818756104,-1.78554957442287,-0.160814935909702,0.124812272392208,-0.096773922797567,-0.00630789101624548,-0.0760799420159785,-1.04270843126525,1.36825788021088,1.04462969303131,1.6304886341095,0.0460242900083334,-0.0570330340770605,0.140335470899313,-0.314416885376263,-0.362863540649744,0.151044130325455,-0.105079395966015,-0.00608685696254377,-0.612266384396669,-0.13078152573066,-0.13078152573066,0.0288319258271211,-0.13078152573066,3039,26.5916522
-0.210526039589901,-0.372144676973287,1.38430786132812,0.056718111038208,0.0640947818756104,-1.78554957442287,-0.160814935909702,0.124812272392208,-0.096773922797567,-0.00441552371137183,-0.053255959411185,-0.729895901885678,1.35070848464966,1.02615606784821,1.63740253448486,0.038364919477901,-0.0566659206823697,0.113449349553813,-0.350987911223088,-0.369472503660765,0.138278007506821,-0.15318741060809,0.00734226789378866,-0.537722426908037,-0.0703026499885558,-0.0703026499885558,0.0309068397035083,-0.0703026499885558,3039.05,26.6583466
-0.223347648437631,-0.366141486655275,1.42308354377747,0.041638795286417,0.0582752823829651,-1.66114180617335,-0.384648265431902,0.180095709540368,-0.475490491787815,0.132622975168159,0.0150963238459779,-1.63059704556558,1.33238255977631,1.00737524032593,1.64387500286102,0.0300983049614921,-0.0552904895503842,0.0851106138948983,-0.366518497465708,-0.37561655044419,0.129449367522722,-0.165332290327575,0.0275086226396094,-0.566774713176239,-0.011710801156487,-0.011710801156487,0.0325259125707662,-0.011710801156487,3039.1,26.7250237
-0.236169257285361,-0.360138296337262,1.42308354377747,0.041638795286417,0.0582752823829651,-1.66114180617335,-0.384648265431902,0.180095709540368,-0.126509349743747,0.0928360826177111,0.0105674266921845,-1.14141793189591,1.29240393638611,0.970598936080933,1.65710687637329,0.0110593015240699,-0.0455892818428656,0.0427623039726761,-0.399786233902341,-0.367763042450286,0.132318735122801,-0.190390034374395,0.0970120770752747,-0.423483099222606,0.0431094661535415,0.0431094661535415,0.0336050293290564,0.0431094661535415,3039.2,26.7917442
-0.248990866133091,-0.35413510601925,1.42308354377747,0.041638795286417,0.0582752823829651,-1.66114180617335,-0.384648265431902,0.180095709540368,-0.126509349743747,0.0649852578323978,0.00739719868452918,-0.798992552327134,1.27098894119263,0.952429950237274,1.66465854644775,0.00590890953775985,-0.0346189903895826,0.0298030265556226,-0.428299903871966,-0.363379716875152,0.151033401490082,-0.103007839726763,0.219405829066856,-0.259185548342485,0.0927118704971752,0.0927118704971752,0.0341203723353344,0.0927118704971752,3039.25,26.8584423
-0.261390358296089,-0.350307417552115,1.46730720996857,0.041638795286417,0.0582752823829651,-1.66114180617335,-0.371984764889948,0.114830654014061,-0.548402861924517,0.0454896804826784,0.00517803907917042,-0.559294786628994,1.24923646450043,0.935031950473785,1.67163491249084,0.0033042058086152,-0.0293487611979159,0.0146879089673547,-0.435049533842411,-0.34795999526851,0.139527320861309,-0.0520940745827035,0.105404583832952,-0.302302351764258,0.136311557150974,0.136311557150974,0.0341090578700521,0.136311557150974,3039.3,26.9251439
-0.273789850459087,-0.346479729084979,1.46730720996857,0.041638795286417,0.0582752823829651,-1.66114180617335,-0.371984764889948,0.114830654014061,-0.150389866204607,0.0318427763378749,0.0036246273554193,-0.391506350640296,1.2035847902298,0.901925325393677,1.68670916557312,-0.00806922309958941,-0.0156891673375589,-0.00118705299919955,-0.456516742706714,-0.331066250801388,0.150742530822891,-0.11373428908215,0.136595938603694,-0.158749619665687,0.173597047971439,0.173597047971439,0.0336578234006646,0.173597047971439,3039.4,26.9917292
-0.286645467918976,-0.343909743174925,1.46730720996857,0.0176067985594273,0.0352072939276695,-1.57494347624782,-0.385668523796645,0.0770995773016212,-0.14520834905603,0.23857791397942,0.210149135246454,-1.04983941477804,1.18146872520447,0.886545062065125,1.69491100311279,-0.00985584584532174,-0.00722959904049298,-0.0044750986732873,-0.442321300504983,-0.307605266569926,0.16403675079286,-0.0357324549145165,0.169191365940702,-0.0657609134815157,0.204965435541094,0.204965435541094,0.0328828872181224,0.204965435541094,3039.45,27.0585305
-0.29896953189678,-0.343310993336915,1.48322439193726,0.00356690376065671,0.00434063887223601,-1.54105132155421,-0.36972191933413,0.0179624951402953,-0.278598660919448,0.293363592974529,0.424904290171419,-1.03991698258706,1.1583194732666,0.872137844562531,1.70336556434631,-0.0136606343851918,-0.00119889643419978,-0.00138657645198918,-0.462985038759851,-0.288144350053452,0.169091224671333,-0.0760957707978172,0.120614052126522,0.0617704444262994,0.230837173617329,0.230837173617329,0.0319210565621146,0.230837173617329,3039.5,27.125263
-0.311293595874584,-0.342712243498906,1.48322439193726,0.00356690376065671,0.00434063887223601,-1.54105132155421,-0.36972191933413,0.0179624951402953,-0.135344023201247,0.20535451508217,0.297433003119993,-0.727941887810942,1.11449563503265,0.846142530441284,1.72028422355652,-0.0188627585952407,0.0103634398366058,0.00927123440935492,-0.438238382337883,-0.259953141211518,0.169186592101435,-0.0520212421002997,0.115623362707635,0.106578108613053,0.252027554351587,0.252027554351587,0.030901383277339,0.252027554351587,3039.6,27.1920172
-0.323617659852389,-0.342113493660896,1.48322439193726,0.00356690376065671,0.00434063887223601,-1.54105132155421,-0.36972191933413,0.0179624951402953,-0.135344023201247,0.143748160557519,0.208203102183995,-0.50955932146766,1.09386265277863,0.83456426858902,1.72882997989655,-0.0210301474215624,0.0145917941008875,0.0171578219826931,-0.412659645082818,-0.231565237046552,0.17091512680147,-0.0433477765266703,0.0845670852860958,0.157731751467624,0.269342928368902,0.269342928368902,0.0299318637803038,0.269342928368902,3039.65,27.2587482
-0.338805695454557,-0.341869386065771,1.52058291435242,-0.00566328736022115,-0.0212654564529657,-1.56233780913356,-0.455641068065051,0.0073232278537425,-0.47540135630104,0.183695432478164,0.376197029455613,-0.16511313681325,1.07317674160004,0.823951661586761,1.73765671253204,-0.0228809426691911,0.0234450740407271,0.0303536656216569,-0.413718223570272,-0.212252140044394,0.176534652709319,-0.0370159049524387,0.177065598796147,0.263916872778317,0.283509603749448,0.283509603749448,0.0290826800697335,0.283509603749448,3039.7,27.3254202
-0.353993731056725,-0.341625278470646,1.52058291435242,-0.00566328736022115,-0.0212654564529657,-1.56233780913356,-0.455641068065051,0.0073232278537425,-0.13917465456459,0.128586802734715,0.263337920618929,-0.115579195769275,1.03494310379028,0.805712163448334,1.75439155101776,-0.0278124324189515,0.0297405851730204,0.0608874434979848,-0.382336378097882,-0.182394981384443,0.16734838485733,-0.0493148974976493,0.0629551113229903,0.305337778763556,0.295094080115382,0.295094080115382,0.028374891928416,0.295094080115382,3039.8,27.3922001
-0.369181766658894,-0.341381170875521,1.52058291435242,-0.00566328736022115,-0.0212654564529657,-1.56233780913356,-0.455641068065051,0.0073232278537425,-0.13917465456459,0.0900107619143005,0.18433654443325,-0.0809054370384927,1.01751959323883,0.798486411571503,1.7633022069931,-0.0334477167083693,0.0344530937987041,0.0812768600822898,-0.348470211027785,-0.144515037536095,0.178213119506188,-0.112705685787946,0.0942501725133322,0.407788331684617,0.304343072623024,0.304343072623024,0.0277836290173124,0.304343072623024,3039.85,27.4589235
-0.379561379908211,-0.342617937382784,1.53437685966492,-0.0163273569196463,-0.0400291569530964,-1.62554543547633,-0.311388397479533,-0.0371029952178807,-0.223924540800151,0.158984159374836,0.297908885604451,0.512234831158016,1.00122117996216,0.792182981967926,1.77104520797729,-0.0347724314288029,0.0342375897521652,0.100242286776621,-0.325968265535226,-0.126068592072221,0.154860019684683,-0.026494294408816,-0.00431008093080283,0.3793085338887,0.311278592272027,0.311278592272027,0.0272354109286164,0.311278592272027,3039.9,27.5256459
-0.389940993157529,-0.343854703890047,1.53437685966492,-0.0163273569196463,-0.0400291569530964,-1.62554543547633,-0.311388397479533,-0.0371029952178807,-0.0997790329876505,0.111288911562385,0.208536219923116,0.358564381810611,0.971666693687439,0.783084154129028,1.78649461269379,-0.0376751470840575,0.0344546787288132,0.142093907943562,-0.295544862747461,-0.0909882783890598,0.154494047165057,-0.0290271565525725,0.00217088976648214,0.418516211669789,0.315682555248668,0.315682555248668,0.0266214292900475,0.315682555248668,3040,27.5923648
-0.400320606406847,-0.345091470397309,1.53437685966492,-0.0163273569196463,-0.0400291569530964,-1.62554543547633,-0.311388397479533,-0.0371029952178807,-0.0997790329876505,0.0779022380936698,0.145975353946181,0.250995067267428,0.958530247211456,0.780406057834625,1.79474675655365,-0.0402731463734032,0.0324589095750166,0.165495259707358,-0.262728929518698,-0.0535619258878667,0.165042877196665,-0.0519599857867259,-0.0399153830757861,0.468027035274208,0.317186297239438,0.317186297239438,0.0258117334078682,0.317186297239438,3040.05,27.6591017
-0.402559182711194,-0.349270793314786,1.55339503288269,-0.0215936824679375,-0.0456126406788826,-1.71182792716029,-0.0671572891304123,-0.125379687524287,-0.263642630466941,0.10192849660019,0.152434101294403,0.952238972242839,0.946461737155914,0.778833627700806,1.80346119403839,-0.0418922494973693,0.031316344295098,0.187244378278365,-0.241370201109962,-0.0314486026762772,0.17428874969419,-0.0323820624792028,-0.0228513055982885,0.434982371418557,0.315374584521123,0.315374584521123,0.0246745292686115,0.315374584521123,3040.1,27.7258289
-0.404797759015541,-0.353450116232262,1.55339503288269,-0.0215936824679375,-0.0456126406788826,-1.71182792716029,-0.0671572891304123,-0.125379687524287,-0.0924790715069799,0.0713499476201328,0.106703870906082,0.666567280569987,0.925175786018372,0.779127418994904,1.82061159610748,-0.0433389127639457,0.027421281386887,0.234228959388758,-0.212859511375621,0.00293791294098168,0.171504020691074,-0.0144666326657772,-0.0389506290821462,0.469845811104363,0.309908923800817,0.309908923800817,0.0230954328526177,0.309908923800817,3040.2,27.7925357
-0.407036335319888,-0.357629439149738,1.55339503288269,-0.0215936824679375,-0.0456126406788826,-1.71182792716029,-0.0671572891304123,-0.125379687524287,-0.0924790715069799,0.049944963334093,0.0746927096342572,0.466597096398991,0.915583431720734,0.781299233436584,1.82950067520142,-0.044638525109451,0.0270557811105153,0.260282807053297,-0.191847085953806,0.0434362888338552,0.177781581879632,-0.0259922469102478,-0.00731000552747287,0.52107695329362,0.30064432342984,0.30064432342984,0.0209975801261669,0.30064432342984,3040.25,27.8591696
-0.406522314105549,-0.362504251774468,1.55339503288269,-0.0215936824679375,-0.0456126406788826,-1.71182792716029,0.015420636430177,-0.146244378741883,-0.104648757273247,0.0349614743338651,0.0522848967439801,0.326617967479294,0.907225549221039,0.784878075122833,1.83819651603699,-0.0420042390630351,0.0240358574006186,0.286479826693014,-0.167157649993288,0.0715768337247152,0.173916816710793,0.0526857209281249,-0.0603984741977153,0.523940392792442,0.287630935627943,0.287630935627943,0.0183391108666348,0.287630935627943,3040.3,27.9260711
-0.40600829289121,-0.367379064399197,1.55339503288269,-0.0215936824679375,-0.0456126406788826,-1.71182792716029,0.015420636430177,-0.146244378741883,-0.104648757273247,0.0244730320337055,0.036599427720786,0.228632577235506,0.891968309879303,0.795133769512177,1.85537171363831,-0.0386970897446417,0.0216817873254676,0.342467158448099,-0.152572393417497,0.102556943893526,0.17175197601334,0.033071493183965,-0.0235407007515307,0.559873317551354,0.271380519785896,0.271380519785896,0.0151674835903992,0.271380519785896,3040.4,27.9928035
-0.405990882384082,-0.372257117841811,1.58655726909637,-0.0249109584838152,-0.0415390431880951,-1.81089489989284,0.000522315213826298,-0.146341603278405,-0.403597226754262,0.0469866065664934,-0.0110427780125373,1.05164555865775,0.885318338871002,0.801934897899628,1.86368799209595,-0.0379498298915448,0.0206192140225606,0.363155178739031,-0.132999420165532,0.136022567748529,0.166325569152227,0.0149451970618836,-0.0212514660580633,0.413760405817146,0.252636876831936,0.252636876831936,0.0115737936353424,0.252636876831936,3040.45,28.0594842
-0.405412292663963,-0.379972321566395,1.63187229633331,-0.0249109584838152,-0.0415390431880951,-1.81089489989284,0.0173576916035635,-0.231456111737539,-0.513726627256736,0.0328906245965454,-0.00772994460877613,0.736151891060425,0.87922215461731,0.810134172439575,1.87102842330933,-0.03549347101773,0.0161679634457568,0.387402441890334,-0.121923685074518,0.163985490799845,0.146808624268379,0.0491271774765636,-0.0890250115365626,0.484945263028704,0.232418672431106,0.232418672431106,0.00770850096028055,0.232418672431106,3040.5,28.1261579
-0.404833702943845,-0.38768752529098,1.63187229633331,-0.0249109584838152,-0.0415390431880951,-1.81089489989284,0.0173576916035635,-0.231456111737539,-0.10589138212429,0.0230234372175818,-0.00541096122614329,0.515306323742297,0.86786562204361,0.828643679618835,1.88114726543427,-0.0331492095381198,0.00952052098567264,0.437254806012266,-0.113565325736586,0.185095071791929,0.101188421249022,0.0234426147960162,-0.0664744246005994,0.498523641217501,0.211917993586462,0.211917993586462,0.0037683761608952,0.211917993586462,3040.6,28.1928674
-0.404255113223726,-0.395402729015564,1.63187229633331,-0.0249109584838152,-0.0415390431880951,-1.81089489989284,0.0173576916035635,-0.231456111737539,-0.10589138212429,0.0161164060523072,-0.0037876728583003,0.360714426619608,0.862642407417297,0.839713633060455,1.88466262817383,-0.0289737034781088,0.0117979550774266,0.46328243750072,-0.104464292526815,0.221399068833606,0.0703072547916434,0.0835101212006768,0.0455486818353284,0.520552629771929,0.192316523494173,0.192316523494173,-3.09185515881824e-05,0.192316523494173,3040.65,28.2598653
-0.40476463312841,-0.402808409320457,1.65775775909424,-0.0186260957270861,-0.0253322627395391,-2.0139929585934,-0.0152855971405162,-0.222170409146773,-0.29656226872606,-0.0452822805739471,-0.148512395037814,2.08038262693878,0.857815146446228,0.851573467254639,1.8879486322403,-0.0292337321657638,0.0115788116381206,0.482450477949144,-0.0965452194210355,0.237196683882804,0.0657200813291066,-0.00520057375308062,-0.00438286878610522,0.383360808967072,0.174747452345848,0.174747452345848,-0.00345350182968972,0.174747452345848,3040.7,28.3273316
-0.405274153033094,-0.410214089625349,1.65775775909424,-0.0186260957270861,-0.0253322627395391,-2.0139929585934,-0.0152855971405162,-0.222170409146773,-0.0635931038777318,-0.031697596401763,-0.10395867652647,1.45626783885715,0.849321246147156,0.876217484474182,1.89080083370209,-0.0244736418604743,-0.00168668310682288,0.522342921386425,-0.0849390029907999,0.246440172195659,0.0285220146179459,0.0476009030529377,-0.132654947449555,0.398924434373172,0.160396428076994,0.160396428076994,-0.00621540489413189,0.160396428076994,3040.8,28.3940464
-0.405783672937778,-0.417619769930242,1.65775775909424,-0.0186260957270861,-0.0253322627395391,-2.0139929585934,-0.0152855971405162,-0.222170409146773,-0.0635931038777318,-0.0221883174812341,-0.0727710735685287,1.0193874872,0.845907151699066,0.889539837837219,1.89060306549072,-0.0217917108415144,-0.000925443557052508,0.536425884257906,-0.0682818889615436,0.266447067259773,-0.00395536422728053,0.0536386203790029,0.0152247909953521,0.281659257428607,0.149509163778336,0.149509163778336,-0.00817478843097686,0.149509163778336,3040.85,28.4608012
-0.405470393416778,-0.423801861544215,1.66434502601624,-0.0115108592435718,-0.0181649420410395,-2.09876637988094,0.00939838562999035,-0.185462748419193,-0.069586616184251,-0.0795689505884926,-0.115445637784467,1.47653203262783,0.840311765670776,0.904283165931702,1.89099442958832,-0.0210080438856071,-0.00474398857171351,0.560470552481606,-0.111907720566407,0.294866561891258,0.00782728195194701,0.0156733391182322,-0.0763709002936368,0.480893364476629,0.142050785297529,0.142050785297529,-0.00920385531255084,0.142050785297529,3040.9,28.5274755
-0.405157113895778,-0.429983953158188,1.66434502601624,-0.0115108592435718,-0.0181649420410395,-2.09876637988094,0.00939838562999035,-0.185462748419193,-0.0103012138862774,-0.0556982654119448,-0.0808119464491271,1.03357242283948,0.832513034343719,0.933546662330627,1.88798916339874,-0.0114230648604256,-0.00825218135978998,0.594034534160876,-0.0779873132706398,0.292634963989524,-0.0300526618957793,0.0958497902519021,-0.0350819278807966,0.335639816792997,0.137390673940758,0.137390673940758,-0.00925342670410857,0.137390673940758,3041,28.5941965
-0.404843834374778,-0.436166044772161,1.66434502601624,-0.0115108592435718,-0.0181649420410395,-2.09876637988094,0.00939838562999035,-0.185462748419193,-0.0103012138862774,-0.0389887857883614,-0.0565683625143889,0.723500695987637,0.828719019889832,0.948809623718262,1.88622450828552,-0.00837683792149795,-0.00821123528765433,0.609512988605605,-0.0758802890774827,0.305259227751575,-0.0352931022642759,0.0609245387783313,0.000818921442709985,0.309569088893462,0.134372676762775,0.134372676762775,-0.00835232815516944,0.134372676762775,3041.05,28.660885
-0.404710019987948,-0.444018757364276,1.66678631305695,-0.00893437582999468,-0.0152035364881158,-2.16571252875331,0.00401443160491542,-0.235581377763441,-0.00798229240043859,-0.0504805007740467,-0.0662505037363854,1.10896582704273,0.824809730052948,0.964813828468323,1.88372445106506,-0.00631220551733267,-0.00916111650420459,0.622622068980414,-0.0781857967373865,0.320084095000056,-0.0500011444089978,0.0412926480831554,-0.0189976243309361,0.262181607495221,0.131359346946983,0.131359346946983,-0.00660957503865078,0.131359346946983,3041.1,28.7276193
-0.404576205601117,-0.45187146995639,1.66678631305695,-0.00893437582999468,-0.0152035364881158,-2.16571252875331,0.00401443160491542,-0.235581377763441,0.0139892909659555,-0.0353363505418327,-0.0463753526154698,0.776276078929908,0.816947340965271,0.998747229576111,1.87815570831299,-0.00340396382363331,-0.0115915786603814,0.647017715387786,-0.0786238908768415,0.33933401107819,-0.0556874275208026,0.0290824169370201,-0.0243046215617906,0.243956464073949,0.126395042610148,0.126395042610148,-0.00421174923302879,0.126395042610148,3041.2,28.794288
-0.404442391214287,-0.459724182548505,1.66678631305695,-0.00893437582999468,-0.0152035364881158,-2.16571252875331,0.00401443160491542,-0.235581377763441,0.0139892909659555,-0.0247354453792829,-0.0324627468308288,0.543393255250935,0.813178420066833,1.01515781879425,1.87469398975372,-0.00150633562357401,-0.0106043760778694,0.662291910599648,-0.0753784179691613,0.328211784364584,-0.0692343711856805,0.0379525640013931,0.0197440516503485,0.305483904238905,0.117438872687963,0.117438872687963,-0.00141280005136693,0.117438872687963,3041.25,28.8606318
-0.405913429396493,-0.471163116184505,1.66678631305695,-0.00893437582999468,-0.0152035364881158,-2.16571252875331,-0.0441311454661855,-0.343168009080007,0.0232527869836405,-0.017314811765498,-0.0227239227815802,0.380375278675655,0.808631837368011,1.03201067447662,1.87267982959747,0.00276466778428096,-0.00921481880186672,0.676301589446089,-0.0909316539761096,0.337057113646235,-0.0402832031248535,0.0854200681567887,0.0277911455199525,0.280193576927803,0.102265478365387,0.102265478365387,0.00155953339346675,0.102265478365387,3041.3,28.9277923
-0.407384467578699,-0.482602049820505,1.66678631305695,-0.00893437582999468,-0.0152035364881158,-2.16571252875331,-0.0441311454661855,-0.343168009080007,0.0232527869836405,-0.0121203682358486,-0.0159067459471061,0.266262695072958,0.80072945356369,1.06695318222046,1.86828017234802,0.00787421225583123,-0.0076030753105545,0.701846099734828,-0.0790238380432848,0.349425077438672,-0.0439965724945469,0.0510954447155492,0.0161174349131368,0.255445102887618,0.0794196791679257,0.0794196791679257,0.004358243024404,0.0794196791679257,3041.4,28.9944952
-0.409478191308048,-0.493947496730135,1.66992962360382,-0.00576500641182065,-0.00960026122629642,-2.21984034113887,-0.0628117118804558,-0.340363407288896,-0.0059036509401885,-0.0370085825286603,-0.0615641995193486,0.673534198021102,0.796811461448669,1.08451664447784,1.86620163917542,0.00733874728995256,-0.00531395999191838,0.711726579064995,-0.07835984230013,0.351269245146427,-0.0415706634519972,-0.0107092993175346,0.0457823063725558,0.197609586602612,0.0476956140057784,0.0476956140057784,0.00672552677335083,0.0476956140057784,3041.45,29.0611652
-0.412402814749938,-0.505423003201918,1.66068291664124,-0.000914745382033288,-0.00778004107996821,-2.2661947541714,-0.0877387032567181,-0.34426519415348,0.0827080009040214,-0.0695583570381485,-0.0594769209804979,0.888663655907557,0.792958736419678,1.10256326198578,1.86496686935425,0.0130828491124993,-0.00467238487526188,0.722044190612096,-0.0770545005802545,0.360932350160661,-0.0246953964234746,0.114882036451561,0.0128315023332001,0.206352230943159,0.00662561325382912,0.00662561325382912,0.00842563558777749,0.00662561325382912,3041.5,29.1278922
-0.415327438191829,-0.516898509673701,1.66068291664124,-0.000914745382033288,-0.00778004107996821,-2.2661947541714,-0.0877387032567181,-0.34426519415348,-0.000512361759247661,-0.0486908499267039,-0.0416338446863485,0.62206455913529,0.784707188606262,1.13858354091644,1.8632698059082,0.0274190529773303,-0.0107781346084885,0.736890973078455,-0.0825154781338551,0.36020278930533,-0.0169706344603875,0.143362038647789,-0.0610574973320437,0.148467824663052,-0.0433289447719755,-0.0433289447719755,0.00927632762842349,-0.0433289447719755,3041.6,29.1946006
-0.41825206163372,-0.528374016145483,1.66068291664124,-0.000914745382033288,-0.00778004107996821,-2.2661947541714,-0.0877387032567181,-0.34426519415348,-0.000512361759247661,-0.0340835949486927,-0.029143691280444,0.435445191394703,0.781164348125458,1.1561803817749,1.86408603191376,0.0183885740212632,0.0012669526376933,0.743675467564076,-0.0708568096164755,0.35193681717111,0.0163245201111731,-0.180609579122328,0.24090174492495,0.135689889713143,-0.100889157470717,-0.100889157470717,0.00917206662622498,-0.100889157470717,3041.65,29.2613299
-0.420168246675326,-0.541590364039959,1.65056490898132,-0.000914745382033288,-0.00778004107996821,-2.2661947541714,-0.0574855512481889,-0.39649043683427,0.0505135656916575,-0.0238585164640849,-0.0204005838963108,0.304811633976292,0.777415692806244,1.17390406131744,1.86697316169739,0.02227387809638,0.00217799118157842,0.75289616330198,-0.0749731063840046,0.35447359084954,0.0577425956723974,0.0777060815020527,0.018220770877636,0.184413914757415,-0.163887204409075,-0.163887204409075,0.00808784682391627,-0.163887204409075,3041.7,29.3280576
-0.422084431716932,-0.554806711934435,1.65056490898132,-0.000914745382033288,-0.00778004107996821,-2.2661947541714,-0.0574855512481889,-0.39649043683427,-0.0405485032475515,-0.0167009615248594,-0.0142804087274175,0.213368143783404,0.769706785678864,1.20792758464813,1.87363505363464,0.0383817282171387,0.00408360355949279,0.762709288479998,-0.0770890712738738,0.340235233307194,0.0666189193726192,0.161078501207734,0.0190561237791611,0.098131251780275,-0.229391430814948,-0.229391430814948,0.00608244656463486,-0.229391430814948,3041.8,29.3947168
-0.424480565423276,-0.567939616367575,1.65056490898132,0.00742435595020652,0.000271881930530071,-2.30436258845332,-0.0718840111903251,-0.393987132994208,-0.0412439307249869,-0.0867425850575599,-0.0824635932036768,0.492868209185672,0.766004920005798,1.22387444972992,1.87681114673615,0.0472405448355194,0.00542295920585891,0.76291395496268,-0.0740373134610344,0.318937301634582,0.0635218620297982,0.177176332366968,0.0267871129272249,0.00409332965361674,-0.294195798570145,-0.294195798570145,0.00327901035640227,-0.294195798570145,3041.85,29.4614758
-0.425073673180534,-0.574984983599149,1.67474174499512,0.032990749925375,0.0173962395638227,-2.31719773344997,-0.0177932327177387,-0.21136101694722,-0.284291952631552,-0.290817355316808,-0.211843733942208,0.460524051399758,0.762399315834045,1.2388026714325,1.87992262840271,0.0551417237690721,0.00715209714260577,0.760009319156538,-0.0721120834354521,0.298564434053143,0.0622296333316384,0.158023578671918,0.0345827587351259,-0.058092716123161,-0.354532851562375,-0.354532851562375,-0.000130360311501287,-0.354532851562375,3041.9,29.528177
-0.425666780937792,-0.582030350830723,1.67474174499512,0.032990749925375,0.0173962395638227,-2.31719773344997,-0.0177932327177387,-0.21136101694722,-0.0667004285074067,-0.203572148721766,-0.148290613759546,0.32236683597983,0.756078362464905,1.26550471782684,1.88413858413696,0.070277339418787,0.010163186093782,0.744983298274818,-0.0632095336914637,0.267020463943724,0.0421595573425676,0.151356156497286,0.0301108895117893,-0.150260208817339,-0.406903874813032,-0.406903874813032,-0.00392426606381689,-0.406903874813032,3042,29.5948766
-0.42625988869505,-0.589075718062297,1.67474174499512,0.032990749925375,0.0173962395638227,-2.31719773344997,-0.0177932327177387,-0.21136101694722,-0.0667004285074067,-0.142500504105236,-0.103803429631682,0.225656785185881,0.752878308296204,1.2767276763916,1.8845831155777,0.0762722232743639,0.009101831256345,0.736157546532563,-0.0640010833737906,0.224459171294349,0.00889062881466492,0.119897677111103,-0.0212270967486621,-0.176515034844455,-0.448127231706306,-0.448127231706306,-0.00786592357529901,-0.448127231706306,3042.05,29.6615891
-0.42710144734491,-0.596336052296541,1.68044376373291,0.058575727045536,0.039108294993639,-2.28511660628322,-0.0252467594957857,-0.217810027027309,-0.0704902878621691,-0.330015146955115,-0.268070899610524,-0.130770394870616,0.749666094779968,1.28632807731628,1.88420748710632,0.0824770263910885,0.00212088549373378,0.723709302296131,-0.0642442703244733,0.192008018492954,-0.0075125694274629,0.12409606233404,-0.139618915251717,-0.248964884727725,-0.475653872140735,-0.475653872140735,-0.0117268636454001,-0.475653872140735,3042.1,29.7283155
-0.427943005994769,-0.603596386530784,1.68044376373291,0.058575727045536,0.039108294993639,-2.28511660628322,-0.0252467594957857,-0.217810027027309,-0.0191721192220323,-0.23101060286858,-0.187649629727366,-0.0915392764094309,0.74317455291748,1.29894316196442,1.88253116607666,0.0912501084749836,-0.00645961265109558,0.680185744952382,-0.064915418624937,0.126150846481438,-0.0167632102966461,0.0877308208390314,-0.0858049814483716,-0.435235573437884,-0.487815146808707,-0.487815146808707,-0.0153086288706418,-0.487815146808707,3042.2,29.7950507
-0.428784564644629,-0.610856720765028,1.68044376373291,0.058575727045536,0.039108294993639,-2.28511660628322,-0.0252467594957857,-0.217810027027309,-0.0191721192220323,-0.161707422008006,-0.131354740809157,-0.0640774934866016,0.740378260612488,1.30245912075043,1.88073098659515,0.101820902179349,-0.00962673476275492,0.653886863183605,-0.0559258461001587,0.0703191757205986,-0.0360035896303234,0.211415874088464,-0.0633424422335326,-0.525977635378409,-0.484001233065836,-0.484001233065836,-0.0184578419009096,-0.484001233065836,3042.25,29.8617306
-0.433840574807319,-0.614034534587756,1.68044376373291,0.058575727045536,0.039108294993639,-2.28511660628322,-0.151680304880709,-0.0953344146818473,0.0123868855542125,-0.113195195405604,-0.0919483185664096,-0.0448542454406212,0.73767364025116,1.30370104312897,1.87789535522461,0.103890764591838,-0.0103788908716041,0.623681842841143,-0.0540924072263657,0.0248384475707104,-0.0567126274106824,0.0413972482496198,-0.0150431221769293,-0.604100406847055,-0.46471586477233,-0.46471586477233,-0.0210870647514341,-0.46471586477233,3042.3,29.9284357
-0.438896584970009,-0.617212348410484,1.68044376373291,0.058575727045536,0.039108294993639,-2.28511660628322,-0.151680304880709,-0.0953344146818473,0.0123868855542125,-0.079236636783923,-0.0643638229964867,-0.0313979718084348,0.731042802333832,1.29957866668701,1.87148034572601,0.0983148495789847,-0.0241187349089668,0.560057063607997,-0.0663083791733391,-0.0412237644195932,-0.0641500949860203,-0.0557591501285803,-0.137398440373752,-0.636247792332037,-0.431524864225819,-0.431524864225819,-0.0231667838737016,-0.431524864225819,3042.4,29.99516
-0.443661768640959,-0.62083090754409,1.67447316646576,0.0818263664841652,0.0552731305360794,-2.19414287142757,-0.142955510128485,-0.108556774008169,0.0633293847513468,-0.264721400696408,-0.190538195979504,-0.840742193966767,0.727596640586853,1.2947986125946,1.8665554523468,0.100482874052997,-0.0236535286850561,0.524533162120364,-0.0689232349393245,-0.0956010818477967,-0.0984978675838702,0.0433604894800803,0.00930412447818088,-0.710478029750072,-0.386966291552993,-0.386966291552993,-0.0247270967607537,-0.386966291552993,3042.45,30.0618833
-0.448977781976668,-0.617616142373111,1.65544295310974,0.0819220691919327,0.060496099293232,-2.06184070639613,-0.159480400071272,0.0964429551293771,0.215177332455523,-0.186166304857393,-0.180383456000026,-1.77923902105964,0.723853886127472,1.28758907318115,1.86124086380005,0.0991943227883875,-0.0258682626064683,0.484613645614293,-0.0748550891880305,-0.14419078826983,-0.106291770935639,-0.0257710252923231,-0.0442946784284861,-0.798390330125775,-0.334375845668166,-0.334375845668166,-0.025847902410482,-0.334375845668166,3042.5,30.1285304
-0.454293795312377,-0.614401377202132,1.65544295310974,0.0819220691919327,0.060496099293232,-2.06184070639613,-0.159480400071272,0.0964429551293771,0.0439054122513608,-0.130316413400175,-0.126268419200018,-1.24546731474174,0.713237345218658,1.2672758102417,1.8518750667572,0.0897889661658959,-0.0395519007450955,0.410889716867365,-0.106165409087749,-0.203132629393792,-0.0936579704281261,-0.0940535662245739,-0.136836381385774,-0.737239287466596,-0.277268276030461,-0.277268276030461,-0.0266485789684169,-0.277268276030461,3042.6,30.1953586
-0.459609808648086,-0.611186612031152,1.65544295310974,0.0819220691919327,0.060496099293232,-2.06184070639613,-0.159480400071272,0.0964429551293771,0.0439054122513608,-0.0912214893801227,-0.0883878934400128,-0.871827120319221,0.706312477588654,1.25575375556946,1.84582090377808,0.0822455207826678,-0.0491038618194967,0.378350485937285,-0.138497352600853,-0.230441093446082,-0.12108325958318,-0.150868907665386,-0.191039221489067,-0.65078461860515,-0.219864904599743,-0.219864904599743,-0.0272564552926153,-0.219864904599743,3042.65,30.2619444
-0.466669138608097,-0.603754417290953,1.64100122451782,0.0819220691919327,0.060496099293232,-2.06184070639613,-0.211779898800338,0.222965842205993,0.169094767043811,-0.0638550425660859,-0.0618715254080089,-0.610278984223455,0.689749181270599,1.22699379920959,1.83566546440125,0.0591945447434973,-0.0460807054874248,0.313654302432064,-0.331265926359879,-0.575199127195173,-0.203108787535882,-0.461019520781733,0.0604631266412181,-1.29392367009973,-0.1651529682511,-0.1651529682511,-0.0278082723169045,-0.1651529682511,3042.7,30.3291186
-0.473728468568109,-0.596322222550753,1.64100122451782,0.0819220691919327,0.060496099293232,-2.06184070639613,-0.211779898800338,0.222965842205993,0.039119209716541,-0.0446985297962601,-0.0433100677856063,-0.427195288956418,0.679483711719513,1.21141171455383,1.83140742778778,0.0493126931389428,-0.0457355992882826,0.282816299899961,-0.102654695510958,-0.155820846557759,-0.0425803661346823,-0.0988185160456344,0.00345106199142542,-0.308380025321305,-0.117101362688204,-0.117101362688204,-0.0284043153118118,-0.117101362688204,3042.8,30.3959318
-0.481783057417357,-0.590050179524191,1.64100122451782,0.0603387728333473,0.0630099177360535,-1.91281741194728,-0.241637665477461,0.188161290796855,0.043682167646369,0.162960696369886,-0.0529414134353179,-1.64024635230917,0.668298065662384,1.1954470872879,1.82772994041443,0.0409329509875816,-0.0469872217356892,0.254456288720932,-0.223712921141764,-0.319292545317442,-0.0735497474667734,-0.167594843026614,-0.0250324489480415,-0.567200223578519,-0.0778699961740641,-0.0778699961740641,-0.0291171537554464,-0.0778699961740641,3042.85,30.4626038
-0.491848041258225,-0.582098087991459,1.60328829288483,0.036221120506525,0.0495783388614655,-1.78588479094508,-0.301949515226028,0.23856274598196,0.392165382901076,0.331131358400321,0.0838252204665696,-2.29056603563619,0.642540335655212,1.16242098808289,1.82108438014984,0.0243078298714227,-0.0378975831741166,0.209241354841219,-0.515154600146244,-0.660521984103946,-0.132911205292473,-0.332502422324993,0.181792771232445,-0.904298677599188,-0.0487661025122908,-0.0487661025122908,-0.0299727505857333,-0.0487661025122908,3042.9,30.5292969
-0.501913025099092,-0.574145996458727,1.60328829288483,0.036221120506525,0.0495783388614655,-1.78588479094508,-0.301949515226028,0.23856274598196,0.0527489982041151,0.231791950880225,0.0586776543265987,-1.60339622494533,0.627814531326294,1.14577102661133,1.81791305541992,0.019032413103512,-0.0342736265248158,0.191976348710026,-0.147258043289318,-0.166499614715728,-0.0317132472992232,-0.0527541676791547,0.0362395664930404,-0.172650061312096,-0.0301777875879269,-0.0301777875879269,-0.0309459780154311,-0.0301777875879269,3043,30.5960077
-0.51197800893996,-0.566193904925995,1.60328829288483,0.036221120506525,0.0495783388614655,-1.78588479094508,-0.301949515226028,0.23856274598196,0.0527489982041151,0.162254365616157,0.0410743580286191,-1.12237735746173,0.612742125988007,1.12931835651398,1.8143105506897,0.0169073547812542,-0.0307860466581602,0.175504044055885,-0.30144810676465,-0.329053401945824,-0.0720500946042301,-0.0425011664450023,0.069751597332859,-0.329446093081611,-0.0214500114284699,-0.0214500114284699,-0.0319646496252302,-0.0214500114284699,3043.05,30.6626988
-0.522291208678839,-0.562424585359303,1.580033659935,0.01985396258533,0.0278525184839964,-1.70614736609462,-0.309395992166359,0.113079587000761,0.285465326483217,0.260882477222065,0.224284434017255,-1.50330097387739,0.597261846065521,1.11373507976532,1.80888891220093,0.0108749359653326,-0.0263444758164515,0.161194648454155,-0.309605598448581,-0.311665534972011,-0.108432769774996,-0.120648376317994,0.0888314168338501,-0.286187912033568,-0.0209755631036532,-0.0209755631036532,-0.0329222611607818,-0.0209755631036532,3043.1,30.7295139
-0.532604408417717,-0.558655265792611,1.580033659935,0.01985396258533,0.0278525184839964,-1.70614736609462,-0.309395992166359,0.113079587000761,0.0761736299347548,0.182617734055446,0.156999103812078,-1.05231068171417,0.564849019050598,1.08325672149658,1.7975572347641,0.00923570099541634,-0.0188667347268525,0.142973286227549,-0.324128270149526,-0.304783582687655,-0.113316774368389,-0.0163923496991772,0.0747774108960586,-0.182213622266221,-0.0263920722899073,-0.0263920722899073,-0.0336846291200506,-0.0263920722899073,3043.2,30.7962009
-0.542917608156596,-0.554885946225919,1.580033659935,0.01985396258533,0.0278525184839964,-1.70614736609462,-0.309395992166359,0.113079587000761,0.0761736299347548,0.127832413838812,0.109899372668455,-0.73661747719992,0.548422873020172,1.06854891777039,1.79127383232117,0.00899576550356208,-0.0143023492540261,0.135926108490848,-0.328522920610313,-0.294156074525531,-0.125668048859328,-0.00479870983711126,0.0912877094570263,-0.14094355473479,-0.0348319766330782,-0.0348319766330782,-0.0341197141462399,-0.0348319766330782,3043.25,30.8629035
-0.553230807895475,-0.551116626659227,1.580033659935,0.01985396258533,0.0278525184839964,-1.70614736609462,-0.309395992166359,0.113079587000761,0.0761736299347548,0.0894826896871684,0.0769295608679185,-0.515632234039944,0.514009892940521,1.04028701782227,1.77733826637268,0.00493557701312566,-0.0123338686590011,0.128296907462544,-0.344129800795257,-0.282618999480173,-0.139355659484356,-0.0406018849042165,0.0196848059501776,-0.0762920102827577,-0.043223052855793,-0.043223052855793,-0.0341090420626119,-0.043223052855793,3043.35,30.929622
-0.563544007634353,-0.547347307092535,1.580033659935,0.01985396258533,0.0278525184839964,-1.70614736609462,-0.309395992166359,0.113079587000761,0.0761736299347548,0.0626378827810179,0.0538506926075429,-0.360942563827961,0.496701955795288,1.02649104595184,1.77002465724945,-0.000240932807757534,-0.0123515800861196,0.127811086826952,-0.346158742906552,-0.275919437409953,-0.146272182465398,-0.103530196418229,-0.00035422854237097,-0.00971641271189678,-0.0485803718204127,-0.0485803718204127,-0.0335687123869993,-0.0485803718204127,3043.4,30.996333
-0.574754297865386,-0.54712465500313,1.57049036026001,0.0198064930737019,0.0138409845530987,-1.67172020010951,-0.336308706930972,0.00667956268213619,0.173261398928158,0.0442737435513659,0.163799290203359,-0.562504288545539,0.479334861040115,1.01304471492767,1.76215183734894,0.00186109903138212,-0.00845404089407833,0.12641195479072,-0.347341895102191,-0.26892662048242,-0.157456398009681,0.0420406367826402,0.0779507838405418,-0.0279826407245457,-0.0482869617890749,-0.0482869617890749,-0.032460015433871,-0.0482869617890749,3043.45,31.063262
-0.583778547556113,-0.548520124976471,1.55397117137909,0.0231820102781057,0.00695801014080644,-1.66252987914088,-0.270727490721827,-0.0418640992002243,0.240349091823701,0.000611965646321197,0.176606272852982,-0.476465890699529,0.461964875459671,0.999280333518982,1.75416743755341,0.00147434833968146,-0.00915865556227422,0.124810522205992,-0.347399711610782,-0.27528762817533,-0.159687995911516,-0.00773501383405556,-0.0140922933639948,-0.0320286516947368,-0.0403480259583038,-0.0403480259583038,-0.0308154046952191,-0.0403480259583038,3043.5,31.1299817
-0.592802797246841,-0.549915594949812,1.55397117137909,0.0231820102781057,0.00695801014080644,-1.66252987914088,-0.270727490721827,-0.0418640992002243,0.0916763918954172,0.000428375952424838,0.123624390997087,-0.33352612348967,0.4267538189888,0.972718000411987,1.73706388473511,0.0190516697658447,-0.0102174560454925,0.11942123169792,-0.352110564707429,-0.26562333106898,-0.171035528182361,0.175773214260993,-0.0105880048321446,-0.0538929050805248,-0.0235825838840795,-0.0235825838840795,-0.028722055469672,-0.0235825838840795,3043.6,31.1966614
-0.601827046937568,-0.551311064923153,1.55397117137909,0.0231820102781057,0.00695801014080644,-1.66252987914088,-0.270727490721827,-0.0418640992002243,0.0916763918954172,0.000299863166697387,0.0865370736979611,-0.233468286442769,0.409303843975067,0.959645450115204,1.72779023647308,0.0208647066590712,-0.0089709750764003,0.118719325386196,-0.348999500276563,-0.261451005937096,-0.185472965241491,0.0362607378647289,0.0249296193819807,-0.0140381262345446,0.00235621669998134,0.00235621669998134,-0.0263247421909768,0.00235621669998134,3043.65,31.2633807
-0.610873493968535,-0.554794160872409,1.52099800109863,0.0231820102781057,0.00695801014080644,-1.66252987914088,-0.271393410928982,-0.104492878477689,0.393872946102206,0.000209904216688171,0.0605759515885728,-0.163427800509938,0.374498456716537,0.933318853378296,1.71213054656982,0.0183642178459527,-0.00430092086861622,0.114213195677413,-0.348053872585613,-0.263265967369319,-0.156596899032735,-0.0250048881312077,0.0467005420778833,-0.0450612970878753,0.036913291470386,0.036913291470386,-0.0238197123752831,0.036913291470386,3043.75,31.3301068
-0.619919940999501,-0.558277256821666,1.52099800109863,0.0231820102781057,0.00695801014080644,-1.66252987914088,-0.271393410928982,-0.104492878477689,0.0971144135780975,0.000146932951681719,0.0424031661120009,-0.114399460356957,0.356958359479904,0.920634865760803,1.70519495010376,0.0151929902168093,-0.00227267205234966,0.110632554114209,-0.35080194473139,-0.253679752348931,-0.138711929320784,-0.0634245525826374,0.0405649763251836,-0.0716128312638099,0.0786998296022724,0.0786998296022724,-0.0214355437887561,0.0786998296022724,3043.8,31.3967798
-0.628959069030834,-0.561846635807151,1.52099800109863,0.0286544822156429,0.0079232444986701,-1.65319459967616,-0.271173840940014,-0.107081369564554,0.0960272425170859,-0.0491493943716575,0.0209951070576277,-0.164097137432365,0.339971333742142,0.908143997192383,1.69824135303497,0.0149714466736493,0.000750236204082604,0.106690600440179,-0.339740514754013,-0.249817371367499,-0.139071941375226,-0.00443087086318449,0.0604581651284254,-0.078839073480327,0.125748069125652,0.125748069125652,-0.01940603567386,0.125748069125652,3043.85,31.4634543
-0.637876312881368,-0.563747349756982,1.48319458961487,0.0207175854593515,-0.00247538113035262,-1.64427011542323,-0.26751731551602,-0.0570214184949306,0.425966544002258,0.0370274947464622,0.108284205601544,-0.195188354479023,0.323078840970993,0.895445346832275,1.69225430488586,0.0103232100224284,0.00409612071158545,0.101293561795621,-0.337849855424817,-0.253973007203534,-0.119740962982831,-0.0929647330249244,0.0669176901504222,-0.107940772891746,0.175650550567225,0.175650550567225,-0.0179529155881773,0.175650550567225,3043.9,31.5301649
-0.646793556731902,-0.565648063706813,1.48319458961487,0.0207175854593515,-0.00247538113035262,-1.64427011542323,-0.26751731551602,-0.0570214184949306,0.0857358406483765,0.0259192463225236,0.0757989439210807,-0.136631848135316,0.289151281118393,0.87196946144104,1.68171656131744,0.00481121218678957,0.00953218751219083,0.101233973256916,-0.33927559852631,-0.234758853912567,-0.1053774356843,-0.0551199783564389,0.0543606680061032,-0.000595885387048843,0.225748739464759,0.225748739464759,-0.0172632997953528,0.225748739464759,3044,31.5968895
-0.655710800582436,-0.567548777656644,1.48319458961487,0.0207175854593515,-0.00247538113035262,-1.64427011542323,-0.26751731551602,-0.0570214184949306,0.0857358406483765,0.0181434724257665,0.0530592607447565,-0.0956422936947211,0.273199051618576,0.861054122447968,1.67645668983459,-0.00109211270392553,0.0109015489330337,0.107250647275205,-0.319044589995177,-0.218306779860656,-0.1051974296566,-0.118066497813872,0.0273872284167573,0.120333480365348,0.273415693961374,0.273415693961374,-0.0174665882229795,0.273415693961374,3044.05,31.6636094
-0.6625906764639,-0.566656299294391,1.44603788852692,0.00887333508580923,-0.0172300394624472,-1.65043538146022,-0.206396276443907,0.0267743508675812,0.401328440661477,0.119298684059917,0.16993340751018,-0.011462211253419,0.243553906679153,0.841669976711273,1.67068767547607,-0.0126081076783754,0.0211083818243811,0.119362745060965,-0.296451449394496,-0.19384145736712,-0.0576901435852576,-0.115159949744603,0.102068328913567,0.121120977857703,0.316282072473077,0.316282072473077,-0.0186189838144941,0.316282072473077,3044.15,31.7303075
-0.669470552345364,-0.565763820932138,1.44603788852692,0.00887333508580923,-0.0172300394624472,-1.65043538146022,-0.206396276443907,0.0267743508675812,0.0669181308699119,0.0835090788419421,0.118953385257126,-0.00802354787739331,0.2300184071064,0.833415806293488,1.66905450820923,-0.0166281425107297,0.022639879465328,0.127325203194583,-0.270709991454093,-0.165083408355112,-0.0326633453367952,-0.0804006966467942,0.0306299528188271,0.159249162671794,0.352373903854119,0.352373903854119,-0.0206915315416816,0.352373903854119,3044.2,31.7968727
-0.676350428226827,-0.564871342569886,1.44603788852692,0.00887333508580923,-0.0172300394624472,-1.65043538146022,-0.206396276443907,0.0267743508675812,0.0669181308699119,0.0584563551893595,0.0832673696799884,-0.00561648351417532,0.217292636632919,0.826528668403625,1.66699290275574,-0.0214591155454207,0.022878963738251,0.140075957118107,-0.254515409470993,-0.137742757797993,-0.0412321090700492,-0.0966194606943468,0.00478168545848652,0.255015078471871,0.380702781145885,0.380702781145885,-0.0236201476305292,0.380702781145885,3044.25,31.864238
-0.680540363971501,-0.566867430700942,1.44603788852692,0.00887333508580923,-0.0172300394624472,-1.65043538146022,-0.125698072340215,-0.0598826439316839,0.0585009467324156,0.0409194486325516,0.0582871587759919,-0.00393153845992272,0.204280868172646,0.820488154888153,1.66371655464172,-0.0282407224589302,0.0279600045916554,0.157498434041663,-0.260235369204528,-0.120810270309009,-0.0655269622800351,-0.135632138269697,0.101620817067717,0.348449538469844,0.399861262984688,0.399861262984688,-0.0271619266707852,0.399861262984688,3044.3,31.9309225
-0.684730299716175,-0.568863518831998,1.44603788852692,0.00887333508580923,-0.0172300394624472,-1.65043538146022,-0.125698072340215,-0.0598826439316839,0.0585009467324156,0.0286436140427861,0.0408010111431943,-0.00275207692194591,0.181861609220505,0.812527477741241,1.65561664104462,-0.0376699730626997,0.0334652810667258,0.20000557785184,-0.224192589521612,-0.0796067714691886,-0.080999135971143,-0.0942925060377804,0.0550527647507544,0.425071438102162,0.410026552922527,0.410026552922527,-0.0311036974716476,0.410026552922527,3044.4,31.997607
-0.688931755855924,-0.570645832980489,1.43710219860077,-0.011412606574595,-0.0363669320940971,-1.68926923804286,-0.12604368419248,-0.0534694244547318,0.14154350215873,0.202624004773588,0.200792741485086,0.347578255398412,0.172120064496994,0.810512840747833,1.65079391002655,-0.0389198788483211,0.0357231669804184,0.223017599364733,-0.194830894469506,-0.0402927398680175,-0.0964546203609772,-0.0249981157123374,0.0451577182736869,0.460240430256173,0.411576815706972,0.411576815706972,-0.0351711515829397,0.411576815706972,3044.45,32.0643433
-0.689980916621414,-0.572655594925094,1.42687809467316,-0.011412606574595,-0.0363669320940971,-1.68926923804286,-0.0314748229647014,-0.0602928583381472,0.185113377736484,0.141836803341512,0.14055491903956,0.243304778778889,0.155498370528221,0.810453951358795,1.63797068595886,-0.0466055977409469,0.0326094109297662,0.278124625641545,-0.16621693968788,-0.000588893890381395,-0.128232240676997,-0.0768571889263278,-0.0311375605065506,0.551070262768619,0.405306258937934,0.405306258937934,-0.0390660277625252,0.405306258937934,3044.55,32.1310244
-0.691030077386904,-0.574665356869699,1.42687809467316,-0.011412606574595,-0.0363669320940971,-1.68926923804286,-0.0314748229647014,-0.0602928583381472,0.093096442387973,0.0992857623390582,0.098388443327692,0.170313345145222,0.148753747344017,0.81268185377121,1.6304497718811,-0.0514918095500696,0.0295537047775818,0.307879791583489,-0.134892463683591,0.0445580482481289,-0.150418281554629,-0.0977242361820985,-0.0611141230434641,0.595103318836724,0.392277162056613,0.392277162056613,-0.0425131844232254,0.392277162056613,3044.6,32.1977321
-0.692079238152394,-0.576675118814304,1.42687809467316,-0.011412606574595,-0.0363669320940971,-1.68926923804286,-0.0314748229647014,-0.0602928583381472,0.093096442387973,0.0695000336373407,0.0688719103293844,0.119219341601655,0.142955049872398,0.816376090049744,1.62207055091858,-0.056900048486911,0.0268342762416157,0.337840348031529,-0.115973949433006,0.0738847255710819,-0.167584419251403,-0.108164778737419,-0.0543885707196189,0.599211128964064,0.373666721551222,0.373666721551222,-0.0452675244973299,0.373666721551222,3044.65,32.2644411
-0.689560164048769,-0.58055508717559,1.42687809467316,-0.011412606574595,-0.0363669320940971,-1.68926923804286,0.0755722231087497,-0.116399050838595,0.138176425305499,0.0486500235461385,0.0482103372305691,0.0834535391211588,0.132551982998848,0.829149901866913,1.60386669635773,-0.0642216821573815,0.00846684248326583,0.39949799008542,-0.104030668735599,0.127738118171808,-0.182038545608686,-0.0732163367047719,-0.183674337583666,0.616576420539476,0.350623359245933,0.350623359245933,-0.0471426491903542,0.350623359245933,3044.75,32.33113
-0.687041089945144,-0.584435055536877,1.42687809467316,-0.011412606574595,-0.0363669320940971,-1.68926923804286,0.0755722231087497,-0.116399050838595,0.138176425305499,0.034055016482297,0.0337472360613984,0.0584174773848111,0.127898246049881,0.837767899036407,1.59289574623108,-0.0581876583700773,0.00604590841172203,0.433262262629777,-0.093074738979001,0.172359943389266,-0.219419002532161,0.120680475745646,-0.0484186814306998,0.675285450884681,0.324123607058367,0.324123607058367,-0.0480266964306719,0.324123607058367,3044.8,32.3978253
-0.685188261828393,-0.588733837542397,1.39929115772247,-0.0363864712417126,-0.0468120612204075,-1.8933829598904,0.0555848435025302,-0.1289634601656,0.385638406317614,0.248603293541666,0.117629227379772,1.87791573079718,0.124295592308044,0.847939193248749,1.58227562904358,-0.0490251735512361,-0.00098312019066361,0.463306432076375,-0.0720530748364688,0.203425884246086,-0.212402343749227,0.183249696376156,-0.140580572047201,0.600883388929767,0.294911170525618,0.294911170525618,-0.0478873847543869,0.294911170525618,3044.85,32.4645383
-0.681495603020041,-0.595353837437231,1.35443735122681,-0.0363864712417126,-0.0468120612204075,-1.8933829598904,0.110779764250555,-0.198599996845025,0.567636042314162,0.174022305479166,0.0823404591658404,1.31454101155802,0.120533853769302,0.859329462051392,1.57115519046783,-0.0499014331262152,-0.00556665560701853,0.495680158959445,-0.0752347707752519,0.2278053760541,-0.222408771516106,-0.017525191499677,-0.0916707083275987,0.64747453766493,0.263487166137761,0.263487166137761,-0.0467740825738013,0.263487166137761,3044.9,32.5312318
-0.67780294421169,-0.601973837332065,1.35443735122681,-0.0363864712417126,-0.0468120612204075,-1.8933829598904,0.110779764250555,-0.198599996845025,0.163951783853164,0.121815613835416,0.0576383214160883,0.920178708090616,0.113695450127125,0.885726988315582,1.54935812950134,-0.0407423449878422,-0.0131805874087337,0.558453447920654,-0.068384036421838,0.263975262642147,-0.217970609665115,0.0915908813838126,-0.0761393180172208,0.627732889612663,0.230094182802515,0.230094182802515,-0.0448103933664279,0.230094182802515,3045,32.5979012
-0.675098054644067,-0.609112758085865,1.35443735122681,-0.0332529954612255,-0.0332041680812836,-2.02774422698024,0.0811466870286687,-0.214167622613987,0.162844562680517,0.057069647660408,-0.0821242132608535,1.85337649947202,0.110501863062382,0.901201844215393,1.53800332546234,-0.0328644953439529,-0.0168957668444574,0.586284586097917,-0.0638717412946285,0.30949711799509,-0.227096080779203,0.157556992877215,-0.0743035887142036,0.556622763543235,0.19474037130611,0.19474037130611,-0.0421745057007845,0.19474037130611,3045.05,32.6646359
-0.675261121740487,-0.617868803362674,1.3173246383667,-0.0332529954612255,-0.0332041680812836,-2.02774422698024,-0.004892012892578,-0.262681358304271,0.495192990743639,0.0399487533622856,-0.0574869492825974,1.29736354963042,0.104076057672501,0.93436723947525,1.51432752609253,-0.0212383751400285,-0.0188269294594403,0.639582934906313,-0.0642580538988698,0.331653952598873,-0.236757993698335,0.11626120203935,-0.0193116261498469,0.53298348808445,0.157418950806401,0.157418950806401,-0.0390884091458698,0.157418950806401,3045.15,32.7313786
-0.675424188836906,-0.626624848639483,1.3173246383667,-0.0332529954612255,-0.0332041680812836,-2.02774422698024,-0.004892012892578,-0.262681358304271,0.161178575002672,0.0279641273535999,-0.0402408644978182,0.908154484741292,0.101266577839851,0.951759696006775,1.50246179103851,-0.0135813782406176,-0.0195585837702684,0.661866995496233,-0.0561895966527802,0.347849130629228,-0.237314701079459,0.153139937987659,-0.0146330862165089,0.445681211796769,0.118140392413626,0.118140392413626,-0.0357908378260057,0.118140392413626,3045.2,32.7980933
-0.6767493163184,-0.635357322899128,1.3173246383667,-0.0261579062789679,-0.0191160943359137,-2.14918952517512,-0.0397538244448149,-0.261974227789372,0.159366464449923,-0.0442809134927989,-0.154961268856802,1.72871582307287,0.0979463905096054,0.970568776130676,1.49125421047211,-0.0119615870519542,-0.0184377001072978,0.685823985915283,-0.0664037466052818,0.37618160248008,-0.224151611329348,0.0323958237734449,0.0224176732595339,0.479139808383625,0.0769997089193765,0.0769997089193765,-0.0325088610788482,0.0769997089193765,3045.25,32.8648302
-0.678074443799893,-0.644089797158774,1.3173246383667,-0.0261579062789679,-0.0191160943359137,-2.14918952517512,-0.0397538244448149,-0.261974227789372,0.159366464449923,-0.0309966394449593,-0.108472888199761,1.21010107615101,0.0945483893156052,0.989542186260223,1.48039782047272,-0.0115854106099735,-0.017963217654376,0.706712446321264,-0.0679600238797577,0.379468202589562,-0.217127799987003,0.00752352883958634,0.0094896490584016,0.417769208118087,0.0343896885724335,0.0343896885724335,-0.0294459450131622,0.0343896885724335,3045.3,32.9315241
-0.679399571281387,-0.65282227141842,1.3173246383667,-0.0261579062789679,-0.0191160943359137,-2.14918952517512,-0.0397538244448149,-0.261974227789372,0.159366464449923,-0.0216976476114715,-0.0759310217398329,0.847070753305707,0.0872038602828979,1.02817893028259,1.45927238464355,-0.00291134471159466,-0.0138040173596584,0.740956313805057,-0.0734452903271389,0.386367440224045,-0.211254358291818,0.0867406589838677,0.0415920029472143,0.342438674838245,-0.00909564768505242,-0.00909564768505242,-0.0267526131940795,-0.00909564768505242,3045.4,32.9982455
-0.679640777314732,-0.661614784323857,1.27205801010132,-0.0180241428315639,-0.0153237329795957,-2.24687808089259,-0.00723618100032992,-0.263775387163119,0.54669012626959,-0.0883922243546652,-0.087282967424745,1.47214652877121,0.0835327878594398,1.04781723022461,1.44853341579437,0.00252789940955941,-0.0137087433629481,0.754784595831192,-0.0734214484688949,0.392765998838903,-0.214779376982861,0.108784882422686,0.00190547993419867,0.276565640521697,-0.052480931043046,-0.052480931043046,-0.0245268094416916,-0.052480931043046,3045.45,33.0649385
-0.681075317852113,-0.671393550319582,1.23604261875153,-0.0180241428315639,-0.0153237329795957,-2.24687808089259,-0.0430362161214537,-0.293362979871743,0.446770369460381,-0.0618745570482657,-0.0610980771973215,1.03050257013985,0.0760041996836662,1.08728921413422,1.43031322956085,0.0159674903961985,-0.0078660229306849,0.774993893499512,-0.0752858817578047,0.394719839096428,-0.182201862335371,0.134395909866513,0.0584272043226853,0.20209297668338,-0.0946007167692907,-0.0946007167692907,-0.0227995903617638,-0.0946007167692907,3045.55,33.1316638
-0.682509858389495,-0.681172316315307,1.23604261875153,-0.0180241428315639,-0.0153237329795957,-2.24687808089259,-0.0430362161214537,-0.293362979871743,0.122631847312249,-0.043312189933786,-0.0427686540381251,0.721351799097892,0.0725899487733841,1.10662043094635,1.42214238643646,0.022646498680797,-0.00585925825507669,0.779014819779453,-0.0682850182053943,0.386624336241269,-0.163416862487198,0.133580165691485,0.0401352935120182,0.0804185255985185,-0.134013954640436,-0.134013954640436,-0.0215459679957673,-0.134013954640436,3045.6,33.1983303
-0.684709035099451,-0.690828746380699,1.23604261875153,-0.000172789295902476,-0.000993596739135683,-2.31197052531245,-0.0659753012986695,-0.289692901961759,0.121908964515861,-0.190980714774603,-0.158909283990827,1.09077825914727,0.0682794451713562,1.12639534473419,1.41491281986237,0.0268940720875154,-0.0109861849914115,0.787493736579645,-0.0862100720410283,0.395498275758994,-0.144591331482723,0.0849514681348323,-0.102538534727255,0.169578336004767,-0.16935933307175,-0.16935933307175,-0.0206855729790784,-0.16935933307175,3045.65,33.2650791
-0.689946925015072,-0.703915484831247,1.23604261875153,-0.000172789295902476,-0.000993596739135683,-2.31197052531245,-0.157136697468633,-0.392602153516433,0.10161416964847,-0.133686500342222,-0.111236498793579,0.763544781403088,0.0646601393818855,1.14473128318787,1.40663349628448,0.035366460316321,-0.00578332716152789,0.787927329509287,-0.0723861157891501,0.366718769072152,-0.165586471557015,0.169447764575494,0.104057156597293,0.00867185859281204,-0.199222604754691,-0.199222604754691,-0.0201062201431148,-0.199222604754691,3045.7,33.331794
-0.695184814930693,-0.717002223281794,1.23604261875153,-0.000172789295902476,-0.000993596739135683,-2.31197052531245,-0.157136697468633,-0.392602153516433,0.10161416964847,-0.0935805502395557,-0.0778655491555054,0.534481346982161,0.0574523285031319,1.17980408668518,1.39089214801788,0.0507467910826298,0.00147590515672087,0.783354496132394,-0.0720781087876022,0.350728034973463,-0.157413482666159,0.153803307663229,0.0725923231825536,-0.045728333768969,-0.222520618559943,-0.222520618559943,-0.0196755853032369,-0.222520618559943,3045.8,33.3984773
-0.700840672173093,-0.729945183335493,1.20686769485474,0.0158747099339962,0.0113867251202464,-2.33656483225825,-0.169675717271986,-0.388288801610954,0.362413741382998,-0.209933878236777,-0.165928781143293,0.59548570539972,0.0541228987276554,1.19599986076355,1.38419544696808,0.0570902007486994,0.000456354101204548,0.776390247628483,-0.0665885955092869,0.323915481566204,-0.133934020995607,0.126868193320929,-0.0203910211102522,-0.139284970077708,-0.238583417181524,-0.238583417181524,-0.0192631397888872,-0.238583417181524,3045.85,33.4651739
-0.702639110378576,-0.741235803384026,1.20686769485474,0.0158747099339962,0.0113867251202464,-2.33656483225825,-0.0539531461644896,-0.338718601455989,0.0985916718734799,-0.146953714765744,-0.116150146800305,0.416839993779804,0.0476157553493977,1.22546744346619,1.37109160423279,0.0637811888624711,-0.00320645105199191,0.758555156528617,-0.0650714337826367,0.294675827026635,-0.131038427353024,0.0669098811377786,-0.0366280515319979,-0.178350910998821,-0.247246677016722,-0.247246677016722,-0.0187580902492233,-0.247246677016722,3045.95,33.5319767
-0.704437548584059,-0.752526423432559,1.20686769485474,0.0158747099339962,0.0113867251202464,-2.33656483225825,-0.0539531461644896,-0.338718601455989,0.0985916718734799,-0.102867600336021,-0.0813051027602134,0.291787995645863,0.0452069975435734,1.23669373989105,1.36295247077942,0.0687489516410845,-0.00316812867686469,0.742008282164707,-0.0481751561167485,0.22452592849854,-0.162782669068271,0.0993552555728096,0.0007664475025486,-0.33093748728001,-0.248908563191798,-0.248908563191798,-0.0180878992396622,-0.248908563191798,3046,33.5986405
-0.706170620293093,-0.763792054635519,1.16053652763367,0.0475689694285393,0.0241918619722128,-2.31683033041957,-0.0519921512710342,-0.337968936088792,0.517333337476337,-0.357255655686102,-0.172159803599847,0.0266410804039472,0.0427763015031815,1.24766397476196,1.35699093341827,0.0651782767563236,-0.00196979200570006,0.726159736760425,-0.0486139208076616,0.219404697417415,-0.119230747222467,-0.0714134976949576,0.0239667334232054,-0.316970908084497,-0.244605362661434,-0.244605362661434,-0.0172212944843112,-0.244605362661434,3046.05,33.6654266
-0.709573307396622,-0.771191258074589,1.16053652763367,0.0475689694285393,0.0241918619722128,-2.31683033041957,-0.102080613105855,-0.221976103172127,0.0736495963895965,-0.250078958980272,-0.120511862519893,0.018648756282763,0.0398610159754753,1.25709712505341,1.35204458236694,0.0662579272949005,-0.00280019697146699,0.710366209063912,-0.0583057105539108,0.188663005828171,-0.0989270210262514,0.0215930107714579,-0.0166080993152782,-0.315870553929104,-0.235908239182118,-0.235908239182118,-0.0161813377027544,-0.235908239182118,3046.1,33.7321662
-0.71297599450015,-0.77859046151366,1.16053652763367,0.0475689694285393,0.0241918619722128,-2.31683033041957,-0.102080613105855,-0.221976103172127,0.0736495963895965,-0.17505527128619,-0.0843583037639249,0.0130541293979341,0.0358146280050278,1.27194464206696,1.34163808822632,0.0690524954888659,-0.00463774314438246,0.672759087816987,-0.0404638797045122,0.148475170135633,-0.104064941406345,0.0279456819396797,-0.0183754617291714,-0.376071212469595,-0.224813230045483,-0.224813230045483,-0.0150364614081794,-0.224813230045483,3046.2,33.7988696
-0.715988886363488,-0.78616443822967,1.1436482667923,0.0569869689643383,0.0293757002800703,-2.25961762003902,-0.090386755900128,-0.227219301480279,0.22529537803586,-0.207300685722524,-0.105705357405465,-0.50577650284643,0.033814612776041,1.27691006660461,1.33663272857666,0.0679770348683768,-0.00610412243215069,0.651775036437279,-0.0400003045799531,0.0993084907537158,-0.10010719299371,-0.0215092124099,-0.0293275857555248,-0.419681027596453,-0.213538989522482,-0.213538989522482,-0.0138915552196573,-0.213538989522482,3046.25,33.8656156
-0.719001778226825,-0.793738414945679,1.1436482667923,0.0569869689643383,0.0293757002800703,-2.25961762003902,-0.090386755900128,-0.227219301480279,0.0733010304635328,-0.145110480005767,-0.0739937501838255,-0.354043551992501,0.0284782983362675,1.28299617767334,1.32867527008057,0.0685168617642258,-0.016907319139956,0.615058343835782,-0.0533631443975415,0.0608611106870344,-0.079574584960648,0.00539826895847035,-0.10803196707766,-0.367166926013625,-0.204351715424548,-0.204351715424548,-0.0128774302500765,-0.204351715424548,3046.35,33.9323365
-0.722014670090163,-0.801312391661688,1.1436482667923,0.0569869689643383,0.0293757002800703,-2.25961762003902,-0.090386755900128,-0.227219301480279,0.0733010304635328,-0.101577336004037,-0.0517956251286779,-0.247830486394751,0.0265194419771433,1.28337967395782,1.32364046573639,0.0574234564553765,-0.0154051222914602,0.592739853031104,-0.0391771271826975,0.00766992568973912,-0.100696086884094,-0.221868106178196,0.0300439369700805,-0.446369816095997,-0.199287234895536,-0.199287234895536,-0.0121283052328216,-0.199287234895536,3046.4,33.9990883
-0.724336981873184,-0.802393408858376,1.119668841362,0.05981470271945,0.0335423611104488,-2.18111603789333,-0.0696693534906327,-0.0324305159006294,0.268904774921163,-0.0965537389988311,-0.0737568850634813,-0.879995579787544,0.0242716111242771,1.28261864185333,1.31842935085297,0.0551005163207132,-0.0120448849749258,0.569993796288187,-0.0449566170571599,-0.0152206420897884,-0.104222297668078,-0.0464588026930962,0.0672047463304431,-0.454921134856695,-0.199948401448733,-0.199948401448733,-0.0117655701482334,-0.199948401448733,3046.45,34.0658012
-0.725928906307997,-0.801961899637214,1.09244084358215,0.05981470271945,0.0335423611104488,-2.18111603789333,-0.0477577330443768,0.0129452766348345,0.296076259959845,-0.0675876172991818,-0.0516298195444369,-0.615996905851281,0.0213402025401592,1.28163111209869,1.31520247459412,0.0470460106018577,-0.0130249864573342,0.554812182478959,-0.0586281716826777,-0.0197505950928812,-0.0645375251773541,-0.161090114377989,-0.0196020296482741,-0.303632276186219,-0.20728916019364,-0.20728916019364,-0.0118763987709863,-0.20728916019364,3046.5,34.1325303
-0.727520830742809,-0.801530390416053,1.09244084358215,0.05981470271945,0.0335423611104488,-2.18111603789333,-0.0477577330443768,0.0129452766348345,0.0510242799412292,-0.0473113321094272,-0.0361408736811058,-0.431197834095896,0.0152696743607521,1.27609658241272,1.30812168121338,0.0416412088492088,-0.0161841010051564,0.520689556916417,-0.0607052817938504,-0.0553452968595399,-0.0708079338071154,-0.0540480175262923,-0.0315911454781075,-0.341226255624171,-0.221468474095224,-0.221468474095224,-0.0124994998035552,-0.221468474095224,3046.6,34.199216
-0.729117613166302,-0.801234808284588,1.09244084358215,0.0501959919929504,0.0294191315770149,-2.09882503085139,-0.047903472704791,0.00886746394394681,0.0513831723085587,0.053450464061897,0.0118104542241312,-1.04245754724451,0.0119043495506048,1.2717273235321,1.30611979961395,0.0435780648187586,-0.0161671642220381,0.504051162924051,-0.067306496203313,-0.0873851776127815,-0.0400376319887439,0.0387371193912072,0.000338735662367809,-0.332767879849142,-0.241809325300268,-0.241809325300268,-0.0136154854119054,-0.241809325300268,3046.65,34.2659244
-0.730714395589795,-0.800939226153124,1.09244084358215,0.0501959919929504,0.0294191315770149,-2.09882503085139,-0.047903472704791,0.00886746394394681,0.0513831723085587,0.0374153248433279,0.00826731795689181,-0.729720283071155,0.00435034465044737,1.2595899105072,1.3008486032486,0.0409255863138061,-0.0200527165360766,0.468251343157541,-0.0755400490016432,-0.121374130249134,-0.0527119636536124,-0.0265247850495492,-0.0388555231404197,-0.357998197665424,-0.266848142125979,-0.266848142125979,-0.0151464038859454,-0.266848142125979,3046.75,34.3328189
-0.732311178013288,-0.800643644021659,1.09144616127014,0.0501959919929504,0.0294191315770149,-2.09882503085139,-0.047903472704791,0.00886746394394681,0.0603353131166641,0.0261907273903295,0.00578712256982426,-0.510804198149809,0.000238073989748955,1.25227570533752,1.29779183864594,0.0408207688875633,-0.0192874027686023,0.453683095254599,-0.0822454132136691,-0.146284103393023,-0.0611352920530003,-0.00209634852484945,0.0153062753494289,-0.291364958057796,-0.294421101024221,-0.294421101024221,-0.0169592057458131,-0.294421101024221,3046.8,34.4001662
-0.735062894433909,-0.797905990155117,1.09144616127014,0.0513477735221386,0.0312622338533401,-2.02571456961635,-0.0825514926186291,0.0821296159962524,0.0254906796796208,0.00796747541053725,-0.01253693468805,-1.01555708982028,-0.00420942716300488,1.24307692050934,1.29480588436127,0.0457753385226283,-0.0221987594786061,0.434654164796574,-0.088950023054753,-0.183975696563051,-0.0597190856931421,0.0990913927009409,-0.0582271341998634,-0.380578609159113,-0.321191497967205,-0.321191497967205,-0.0188302963635661,-0.321191497967205,3046.85,34.4668766
-0.73979766688149,-0.792621084586317,1.09144616127014,0.0513477735221386,0.0312622338533401,-2.02571456961635,-0.142043173427416,0.158547167063983,0.0283400677442975,0.00557723278737608,-0.00877585428163503,-0.710889962874199,-0.0151529833674431,1.22130477428436,1.28892540931702,0.0581852837428454,-0.0328025430574753,0.392681569085077,-0.109435562044482,-0.217721462249954,-0.0588047504425584,0.124099452202283,-0.106037835788788,-0.419725957115347,-0.344221319683607,-0.344221319683607,-0.0205508734408806,-0.344221319683607,3046.95,34.5335521
-0.744532439329071,-0.787336179017518,1.09144616127014,0.0513477735221386,0.0312622338533401,-2.02571456961635,-0.142043173427416,0.158547167063983,0.0283400677442975,0.00390406295116325,-0.00614309799714452,-0.497622974011939,-0.0202558990567923,1.21015071868896,1.28496205806732,0.0569880132338563,-0.0384332651665305,0.376087810675784,-0.10205831378754,-0.223081111909176,-0.079267024994329,-0.023945410179912,-0.112614442181719,-0.331875168187682,-0.360323624133274,-0.360323624133274,-0.0218877013025521,-0.360323624133274,3047,34.6002863
-0.749639110298162,-0.782410328531497,1.07554423809052,0.0536415874958038,0.0377868749201298,-1.95407872729304,-0.153200129072735,0.147775514580629,0.171505618028247,-0.0179114816971729,-0.0630219381991078,-0.993058662718086,-0.0271622091531754,1.19697248935699,1.27926123142242,0.057633682563908,-0.041395998494228,0.355712984720541,-0.138126201927159,-0.263564586638445,-0.114016532897534,0.0129133866009858,-0.0592546665537348,-0.407496519103374,-0.36652509331285,-0.36652509331285,-0.0226151526321705,-0.36652509331285,3047.05,34.6669834
-0.756380582716995,-0.776001647208649,1.07554423809052,0.0536415874958038,0.0377868749201298,-1.95407872729304,-0.202244172564996,0.192260439685434,0.061333038120789,-0.012538037188021,-0.0441153567393755,-0.69514106390266,-0.0424522683024406,1.16719901561737,1.26642441749573,0.0609306561518454,-0.056400563989523,0.307620189785275,-0.152900591492792,-0.297734737396511,-0.128368139267085,0.0329697358794039,-0.150045654953086,-0.480927949353095,-0.360421570524202,-0.360421570524202,-0.0225445866628034,-0.360421570524202,3047.15,34.7338337
-0.763122055135828,-0.769592965885801,1.06610012054443,0.0536415874958038,0.0377868749201298,-1.95407872729304,-0.202244172564996,0.192260439685434,0.146330096035523,-0.0087766260316147,-0.0308807497175628,-0.486598744731862,-0.0519686117768288,1.1506530046463,1.26072573661804,0.0620402341865501,-0.0544988209582985,0.284719451242691,-0.19032686948707,-0.330920219420183,-0.113973617553296,0.022191560694014,0.0380348606243515,-0.458014770850021,-0.340392923889769,-0.340392923889769,-0.0215396810061878,-0.340392923889769,3047.2,34.8007004
-0.770379870631289,-0.763789043301238,1.06610012054443,0.0546827204525471,0.0482918135821819,-1.87168734602931,-0.217734464863837,0.174117677536915,0.0618957669421558,-0.0155138348328195,-0.116160972760763,-1.0821415526859,-0.0624723806977272,1.13367509841919,1.25515913963318,0.0665036093301637,-0.0618331259977133,0.26099983561982,-0.210075378419115,-0.339558124544089,-0.111331939697873,0.0892675028727591,-0.146686100789097,-0.474392312459999,-0.305937334351016,-0.305937334351016,-0.0195439114553359,-0.305937334351016,3047.25,34.86743
-0.777637686126751,-0.757985120716674,1.06610012054443,0.0546827204525471,0.0482918135821819,-1.87168734602931,-0.217734464863837,0.174117677536915,0.0618957669421558,-0.0108596843829736,-0.0813126809325344,-0.75749908688013,-0.0866306349635124,1.0960146188736,1.24238240718842,0.0578886195283434,-0.0611688396095857,0.203543497429298,-0.241582542656973,-0.376604795454563,-0.127767324447167,-0.0861498980178895,0.00664286388125134,-0.574563381903129,-0.257559752624165,-0.257559752624165,-0.0165772058287422,-0.257559752624165,3047.35,34.9341279
-0.784895501622212,-0.75218119813211,1.03607499599457,0.0546827204525471,0.0482918135821819,-1.87168734602931,-0.217734464863837,0.174117677536915,0.332121887890947,-0.00760177906808153,-0.0569188766527741,-0.530249360816091,-0.100225068628788,1.07588529586792,1.23625421524048,0.050312226330973,-0.0571914110268112,0.173512958097747,-0.271888673306995,-0.402586460115722,-0.122563838959409,-0.151527863948235,0.0795485716559238,-0.600610786634299,-0.196858341068783,-0.196858341068783,-0.0127412601428412,-0.196858341068783,3047.4,35.0008023
-0.796190927206073,-0.747154220259086,1.03607499599457,0.0554304197430611,0.0610062405467033,-1.77101319365504,-0.338862767515847,0.150809336190711,0.0654559378112438,-0.012050538962283,-0.154273056337635,-1.27724192393967,-0.115579105913639,1.05568969249725,1.23088765144348,0.0413215102171319,-0.0475272380374064,0.148429278234758,-0.307080745695904,-0.403912067411861,-0.107331275939551,-0.179814322276168,0.193283459787393,-0.501673597257966,-0.126345512309215,-0.126345512309215,-0.00820819530693159,-0.126345512309215,3047.45,35.0675117
-0.809844538111921,-0.741791738438928,1.03607499599457,0.0554304197430611,0.0610062405467033,-1.77101319365504,-0.409608327175446,0.160874454604757,0.0387071250765705,-0.0084353772735981,-0.107991139436344,-0.89406934675777,-0.150019779801369,1.01387751102448,1.22374963760376,0.0340127610000385,-0.0478204219994551,0.0938305991161041,-0.34440673887761,-0.418121814728164,-0.0713801383972817,-0.0730874921710005,-0.00293183962048939,-0.545986791187032,-0.049459987331493,-0.049459987331493,-0.003219558531604,-0.049459987331493,3047.55,35.1341781
-0.82349814901777,-0.736429256618769,1.00562942028046,0.0554304197430611,0.0610062405467033,-1.77101319365504,-0.409608327175446,0.160874454604757,0.312717306503573,-0.00590476409151867,-0.0755937976054409,-0.625848542730439,-0.169112175703049,0.992357909679413,1.2213009595871,0.0276956710449112,-0.042164681651806,0.0672158936530039,-0.381847918032211,-0.430392026899679,-0.0489735603330738,-0.126341799102087,0.113114806952571,-0.532294109260067,0.0300209480747821,0.0300209480747821,0.00195460936624946,0.0300209480747821,3047.6,35.2008904
-0.837632807302448,-0.732647419080484,1.00562942028046,0.0346544906497002,0.0511691309511662,-1.65757363371852,-0.424039748540344,0.113455126148553,0.0444675440675738,0.182850026976185,0.035618328036026,-1.45905001934002,-0.189502477645874,0.971587181091309,1.21991837024689,0.0200032291189738,-0.0345621693101471,0.0457236467825641,-0.407806038858732,-0.415414571764352,-0.0276517868043501,-0.153848838519587,0.152050246834007,-0.429844937411141,0.107983025578472,0.107983025578472,0.00701977596623155,0.107983025578472,3047.65,35.2676268
-0.851767465587126,-0.728865581542199,1.00562942028046,0.0346544906497002,0.0511691309511662,-1.65757363371852,-0.424039748540344,0.113455126148553,0.0444675440675738,0.12799501888333,0.0249328296252182,-1.02133501353801,-0.229479074478149,0.930637776851654,1.21945345401764,0.00426689442487803,-0.020944756664337,0.00667432555431847,-0.399765968323118,-0.409494042396918,-0.0046491622924847,-0.157363346941101,0.136174126458225,-0.390493212282812,0.18038311352474,0.18038311352474,0.0116876172539034,0.18038311352474,3047.75,35.3343179
-0.865902123871804,-0.725083744003914,0.988528370857239,0.0346544906497002,0.0511691309511662,-1.65757363371852,-0.424039748540344,0.113455126148553,0.198376988876534,0.0895965132183307,0.0174529807376528,-0.714934509476609,-0.250798135995865,0.91155481338501,1.22071635723114,-0.00983766409258856,-0.0143643621659349,-0.000288017461779263,-0.426381230352758,-0.381659269331497,0.0252580642699276,-0.282091170348306,0.131607889967564,-0.139246860321448,0.243794303537897,0.243794303537897,0.0157153520673656,0.243794303537897,3047.8,35.4010439
-0.882735736202798,-0.722508021795156,0.988528370857239,0.0196707043796778,0.0290277265012264,-1.56036227278712,-0.505008369929832,0.0772716662627258,0.0115143781012214,0.197571635683033,0.211489726565815,-1.37535640501619,-0.271327555179596,0.893536686897278,1.22298288345337,-0.0165684598061594,-0.00259759099180183,-0.00797401778014729,-0.410588383673128,-0.360362529753328,0.0453305244444152,-0.134615914270927,0.235335423481805,-0.153720006366801,0.295398555553107,0.295398555553107,0.0189085380321085,0.295398555553107,3047.85,35.4677812
-0.890809653102815,-0.72237999743919,0.988528370857239,0.0196707043796778,0.0290277265012264,-1.56036227278712,-0.242217507000491,0.00384073067897177,-0.0266736548603858,0.138300144978123,0.14804280859607,-0.962749483511336,-0.312270492315292,0.860923409461975,1.22801554203033,-0.0283868902782876,0.0120961330189474,-0.00884343619513392,-0.409429371357336,-0.326132774353324,0.0503265857696991,-0.118184304721389,0.146937240107626,-0.00869418414987419,0.333341448126558,0.333341448126558,0.0211461699205714,0.333341448126558,3047.95,35.5345195
-0.898883570002831,-0.722251973083225,0.984790921211243,0.0196707043796778,0.0290277265012264,-1.56036227278712,-0.242217507000491,0.00384073067897177,0.00696339195357906,0.0968101014846861,0.103629966017249,-0.673924638457935,-0.33223482966423,0.846254229545593,1.23248875141144,-0.0296168957230434,0.0236069324833619,3.61622354396849e-05,-0.399286746980939,-0.293383598329238,0.0894641876225585,-0.0246001088952515,0.230215989289546,0.177591968612441,0.356833053347954,0.356833053347954,0.022388023264362,0.356833053347954,3048,35.6011949
-0.906990279932604,-0.722472351915778,0.984790921211243,-0.0114321019500494,-0.0046761897392571,-1.52259080939296,-0.24320129789318,-0.0066113649766006,-0.0215242698343553,0.347692328006825,0.375876222376426,-0.81169041746804,-0.351928651332855,0.832883834838867,1.23758840560913,-0.0313163920899133,0.0317458830555849,0.0122836168294521,-0.393876433371065,-0.267407894133549,0.101993083953486,-0.0339899273372736,0.162779011443867,0.244949091879357,0.366238288141411,0.366238288141411,0.0226785764132286,0.366238288141411,3048.05,35.6678857
-0.917943057503746,-0.720467916903761,0.984790921211243,-0.0114321019500494,-0.0046761897392571,-1.52259080939296,-0.328583327134263,0.0601330503605257,-0.0661775504697949,0.243384629604777,0.263113355663498,-0.568183292227628,-0.386136054992676,0.811091244220734,1.24864685535431,-0.0404597587278571,0.045148834578663,0.0493776281293254,-0.342074036598517,-0.217925906181534,0.110584497451883,-0.0914336663795215,0.134029515230903,0.370940112999071,0.362892803867923,0.362892803867923,0.0221334116750696,0.362892803867923,3048.15,35.7345882
-0.928895835074888,-0.718463481891743,1.00460934638977,-0.0114321019500494,-0.0046761897392571,-1.52259080939296,-0.328583327134263,0.0601330503605257,-0.244543377076545,0.170369240723344,0.184179348964449,-0.39772830455934,-0.401845365762711,0.80196076631546,1.2543910741806,-0.0453512780083613,0.0476682435931172,0.071321569677512,-0.314186215399553,-0.182609558104804,0.114884376525461,-0.0978303856097267,0.0503881802889013,0.438878830962135,0.34899646002376,0.34899646002376,0.0209283983304732,0.34899646002376,3048.2,35.801304
-0.939788054617102,-0.7161325156879,1.00460934638977,-0.0202873330563307,-0.0374984741210938,-1.56181352667812,-0.326766586266429,0.0699289861152986,-0.0658677749623414,0.198955548462872,0.424326103711644,0.0745946423748686,-0.41604807972908,0.794153213500977,1.25959002971649,-0.0462881034942639,0.0480833483730544,0.0972261539215081,-0.284054279328943,-0.156151056290525,0.103979110718341,-0.0187365097181557,0.00830209559878912,0.51809168488275,0.327383281616998,0.327383281616998,0.0192805325230696,0.327383281616998,3048.25,35.868021
-0.950680274159316,-0.713801549484056,1.00460934638977,-0.0202873330563307,-0.0374984741210938,-1.56181352667812,-0.326766586266429,0.0699289861152986,-0.0658677749623414,0.139268883924011,0.297028272598151,0.052216249662408,-0.439930140972137,0.783100426197052,1.26962125301361,-0.0414718551043246,0.0420298551392904,0.152604686077106,-0.238820612429704,-0.110527873038844,0.100312232970826,0.0481624838992182,-0.0605349323374198,0.553785321553959,0.301225177658174,0.301225177658174,0.0174241632687533,0.301225177658174,3048.35,35.9347559
-0.960586690097836,-0.71666980801113,1.03176653385162,-0.0202873330563307,-0.0374984741210938,-1.56181352667812,-0.297192478155593,-0.0860477558122192,-0.3122727242173,0.0974882187468075,0.207919790818706,0.0365513747636856,-0.450152486562729,0.77961266040802,1.2742874622345,-0.0386017361907709,0.0412801898704743,0.180669467498664,-0.204446911812944,-0.0697553157810203,0.0933241844182339,0.057402378271388,-0.0149933053764035,0.561295628434234,0.273774416609994,0.273774416609994,0.0155906424654266,0.273774416609994,3048.4,36.0014273
-0.970745508898029,-0.718644516525782,1.03176653385162,-0.0288451928645372,-0.0486262813210487,-1.65386455588344,-0.304764564005796,-0.0592412554395642,-0.0654190856312888,0.145262491396624,0.245694118372689,0.85404522518248,-0.459083378314972,0.777825713157654,1.27850484848022,-0.0394205859920584,0.0372535445798582,0.207479368370302,-0.178617835044211,-0.0357389450071942,0.0843477249142439,-0.0163769960256911,-0.0805329058120284,0.536198017430813,0.247981318808349,0.247981318808349,0.0139803268172015,0.247981318808349,3048.45,36.0680561
-0.971935190953399,-0.718542848741519,1.03176653385162,-0.0288451928645372,-0.0486262813210487,-1.65386455588344,-0.0356904616610882,0.00305003352788944,-0.0407166739084683,0.101683743977637,0.171985882860882,0.597831657627736,-0.474381983280182,0.776670753955841,1.28488063812256,-0.0443896033771862,0.0277085128253847,0.26538694085997,-0.152986049652239,-0.0115495920181379,0.0637578964233978,-0.0496901738513236,-0.0954503175448224,0.579075724897207,0.226223033883907,0.226223033883907,0.0127450518039175,0.226223033883907,3048.55,36.1348534
-0.973124873008769,-0.718441180957256,1.03176653385162,-0.0288451928645372,-0.0486262813210487,-1.65386455588344,-0.0356904616610882,0.00305003352788944,-0.0407166739084683,0.0711786207843459,0.120390118002617,0.418482160339415,-0.480486154556274,0.778195083141327,1.28788340091705,-0.043227558028241,0.0258704354786655,0.288986401321032,-0.122083425521406,0.0304865837096059,0.0600552558896741,0.02324090697882,-0.036761546934249,0.471989209219526,0.21033773083837,0.21033773083837,0.0119891419432954,0.21033773083837,3048.6,36.2015426
-0.974280978590857,-0.718191021914069,1.03176653385162,-0.023062014952302,-0.0434608720242977,-1.77347415022853,-0.0346831674626495,0.00750477129562144,-0.0408600401846654,-0.00222356666107523,0.037784398931073,1.36942386134343,-0.485961377620697,0.780486524105072,1.29034566879272,-0.0382620985809024,0.0205500091976699,0.313320609314803,-0.10950446128905,0.0458288192751524,0.0492453575136965,0.099309188947314,-0.106408525620493,0.486684159878073,0.201192760465914,0.201192760465914,0.0117462767176824,0.201192760465914,3048.65,36.2683012
-0.975437084172945,-0.717940862870882,1.03176653385162,-0.023062014952302,-0.0434608720242977,-1.77347415022853,-0.0346831674626495,0.00750477129562144,-0.0408600401846654,-0.00155649666275266,0.0264490792517511,0.958596702940398,-0.495088249444962,0.789022207260132,1.29451155662537,-0.0297544121287466,0.0131471519275199,0.351155941086805,-0.0912687182427283,0.0853568315506758,0.0416588783264539,0.0850768645216358,-0.0740285727015675,0.378353317720366,0.198857249439477,0.198857249439477,0.0119924925214819,0.198857249439477,3048.75,36.335
-0.972934659715551,-0.720354238584702,1.05661582946777,-0.023062014952302,-0.0434608720242977,-1.77347415022853,0.0750727337218165,-0.0724012714146149,-0.255624959600411,-0.00108954766392686,0.0185143554762258,0.671017692058279,-0.499313294887543,0.794537961483002,1.29747700691223,-0.029269328543387,0.0105450488340598,0.381587862882816,-0.0845009088513161,0.110315084456996,0.0593090057370889,0.00970167170715653,-0.052042061869014,0.60863843591799,0.202561011552539,0.202561011552539,0.0126514767280605,0.202561011552539,3048.8,36.4017311
-0.970695207252419,-0.722998717506001,1.05661582946777,-0.0243000816553831,-0.0316881202161312,-1.87839549117091,0.0671835738939676,-0.0793343676389707,-0.0325152751822506,0.0103799169629814,-0.0929947174401405,1.41400445292224,-0.503271222114563,0.800763666629791,1.29824900627136,-0.0268129359974436,0.00731585754071175,0.400189934655317,-0.0791585445401173,0.124514102935338,0.015439987182561,0.0491278509186889,-0.0645838258667252,0.372041435448683,0.210863746069611,0.210863746069611,0.0136100349730772,0.210863746069611,3048.85,36.468501
-0.967776937419129,-0.729064243630979,1.05661582946777,-0.0243000816553831,-0.0316881202161312,-1.87839549117091,0.0875480949987156,-0.181965783749345,-0.0330005138114529,0.00726594187408696,-0.0650963022080984,0.989803117045568,-0.509320914745331,0.816444456577301,1.30361616611481,-0.0244701767660006,0.00280870428242393,0.441539493396674,-0.0604969263077332,0.15680789947524,0.0536715984344971,0.0234275923144512,-0.0450715325829192,0.413495587413939,0.221799050364245,0.221799050364245,0.0147330646867331,0.221799050364245,3048.95,36.535188
-0.964858667585838,-0.735129769755957,1.06281471252441,-0.0243000816553831,-0.0316881202161312,-1.87839549117091,0.0875480949987156,-0.181965783749345,-0.0887904613212185,0.00508615931186087,-0.0455674115456688,0.692862181931898,-0.512417674064636,0.825493991374969,1.30582070350647,-0.0217551326358873,0.00344318531766108,0.456568232125226,-0.0619351863864464,0.180990695954357,0.0440907478334926,0.0543008826025627,0.0126896207048122,0.300574774572687,0.233143841395996,0.233143841395996,0.0158876545733501,0.233143841395996,3049,36.6017985
-0.962469583524333,-0.74141261287607,1.06281471252441,-0.0214402042329311,-0.0209466908127069,-1.96577053599361,0.0716725218451572,-0.188485293603372,-0.0338258462025933,-0.0221785852837651,-0.128570052712787,1.27137893075656,-0.515166938304901,0.83512270450592,1.3082754611969,-0.0212869690586174,0.00157434767732536,0.475442111729283,-0.0549852848050978,0.192574262618318,0.0490951538084151,0.00936327154536336,-0.0373767528065784,0.377477592079763,0.242684126662372,0.242684126662372,0.0169645677195524,0.242684126662372,3049.05,36.6686005
-0.960485785789961,-0.749459565796159,1.06281471252441,-0.0214402042329311,-0.0209466908127069,-1.96577053599361,0.0595139320311706,-0.24140858760267,-0.0456478838285291,-0.0155250096986356,-0.0899990368989506,0.889965251529595,-0.520693719387054,0.856227457523346,1.31234765052795,-0.0255228294648235,0.00500312123404419,0.512255808700133,-0.0552678108215835,0.211047530174447,0.0407218933105839,-0.042358604062099,0.0342877355672195,0.368136969708832,0.248301604936476,0.248301604936476,0.0178792239219705,0.248301604936476,3049.15,36.7352693
-0.959095078998021,-0.757621288879204,1.08594727516174,-0.0204282253980637,-0.0153582002967596,-2.03981810145381,0.0417212037581956,-0.244851692491358,-0.254517585476359,-0.0199753163028522,-0.113295740472792,1.28940376521256,-0.52306467294693,0.868201613426208,1.31399941444397,-0.0269874995622322,0.00268908344323957,0.531852690674285,-0.0474190711973373,0.23948311805638,0.0330352783201923,-0.0292934019480672,-0.0462807558159239,0.391937639481625,0.248331303702767,0.248331303702767,0.0185994005910434,0.248331303702767,3049.2,36.8018827
-0.957704372206081,-0.76578301196225,1.08594727516174,-0.0204282253980637,-0.0153582002967596,-2.03981810145381,0.0417212037581956,-0.244851692491358,-0.0463245217403966,-0.0139827214119966,-0.079307018330954,0.902582635648793,-0.525144994258881,0.880859732627869,1.31642460823059,-0.0306564969747352,-0.000674443986502246,0.550630523960651,-0.0416064262392407,0.253162384034585,0.0485038757326866,-0.0733799482504608,-0.0672705485952035,0.375556665729362,0.241586221472969,0.241586221472969,0.0191425257121801,0.241586221472969,3049.25,36.8686392
-0.956313665414141,-0.773944735045295,1.08594727516174,-0.0204282253980637,-0.0153582002967596,-2.03981810145381,0.0417212037581956,-0.244851692491358,-0.0463245217403966,-0.00978790498839759,-0.0555149128316678,0.631807844954155,-0.530268847942352,0.909345328807831,1.32409238815308,-0.0333830920696655,-0.00358036253086531,0.588750997132184,-0.0512385368345304,0.284855961798585,0.0766777992245746,-0.0272659509492046,-0.0290591854435249,0.381204731713942,0.227495851987095,0.227495851987095,0.0195695990617896,0.227495851987095,3049.35,36.9353123
-0.954922958622201,-0.78210645812834,1.08594727516174,-0.0204282253980637,-0.0153582002967596,-2.03981810145381,0.0417212037581956,-0.244851692491358,-0.0463245217403966,-0.00685153349187831,-0.0388604389821675,0.442265491467909,-0.532982349395752,0.924696266651154,1.32816660404205,-0.0314007288749962,-0.00638797108499962,0.609830164999623,-0.0542700290682893,0.30701875686813,0.0814843177799857,0.039647263893603,-0.0561521710829927,0.421583357351088,0.206053676371405,0.206053676371405,0.0199834915176528,0.206053676371405,3049.4,37.0020324
-0.953349214837765,-0.790384167083277,1.09561038017273,-0.0327363945543766,-0.0196915473788977,-2.11572008662227,0.0472123135330715,-0.248331268648113,-0.151720429399958,0.105977448962502,0.0117978164517253,0.99270371054365,-0.535919845104218,0.941011190414429,1.33267140388489,-0.0285467797880857,-0.00591343188195171,0.631358885471349,-0.0587499141690978,0.326298475264316,0.0900959968563617,0.0570789817380029,0.00949078406092359,0.430574409432946,0.177806131875473,0.177806131875473,0.0205109820120435,0.177806131875473,3049.45,37.0687986
-0.951615669144274,-0.801794543908591,1.09561038017273,-0.0327363945543766,-0.0196915473788977,-2.11572008662227,0.0520063708047422,-0.342311304759406,-0.0862443421912341,0.0741842142737512,0.00825847151620773,0.694892597380555,-0.54223769903183,0.976601958274841,1.34137403964996,-0.0227562314029715,-0.00504847076628171,0.669764307263828,-0.0631785392761805,0.35590767860445,0.087026357650836,0.0579054838511946,0.00864961115670786,0.384054217925144,0.143798885396676,0.143798885396676,0.0212847329715346,0.143798885396676,3049.55,37.1355077
-0.949882123450783,-0.813204920733904,1.09561038017273,-0.0327363945543766,-0.0196915473788977,-2.11572008662227,0.0520063708047422,-0.342311304759406,-0.0862443421912341,0.0519289499916258,0.00578093006134541,0.486424818166388,-0.545602142810822,0.995620369911194,1.34533417224884,-0.0167920230017935,-0.00487643330277737,0.691039786676398,-0.0672888755795892,0.380368232725667,0.0792026519772509,0.119284168023126,0.00344074927007437,0.425509588249857,0.105313347082884,0.105313347082884,0.0224255398979162,0.105313347082884,3049.6,37.2022054
-0.949069420837528,-0.824719208151363,1.13292634487152,-0.0296986121684313,-0.0176668707281351,-2.19737618498805,0.0243810783976369,-0.345428622523755,-0.421992299263852,0.00901022352063018,-0.0141754388139212,1.07540225800853,-0.549166619777679,1.01515316963196,1.34808099269867,-0.0131676593289041,-0.00535224563255643,0.707929781161665,-0.0712895393375472,0.390655994417415,0.0549364089968818,0.0724872734581837,-0.00951624659563309,0.337799889707182,0.0637740170735619,0.0637740170735619,0.0240226186732362,0.0637740170735619,3049.65,37.2689066
-0.948256718224273,-0.836233495568821,1.13292634487152,-0.0296986121684313,-0.0176668707281351,-2.19737618498805,0.0243810783976369,-0.345428622523755,-0.0861486169747281,0.00630715646444113,-0.00992280716974487,0.752781580605968,-0.557268142700195,1.0549224615097,1.35481441020966,-0.00384848773024727,-0.00385456333783117,0.746295894278466,-0.0810152292252324,0.397692918777828,0.0673341751099245,0.0931917159866532,0.0149768229472662,0.383661131168356,0.0205996920080091,0.0205996920080091,0.0261173741454099,0.0205996920080091,3049.75,37.3356029
-0.947444015611019,-0.84774778298628,1.13292634487152,-0.0296986121684313,-0.0176668707281351,-2.19737618498805,0.0243810783976369,-0.345428622523755,-0.0861486169747281,0.00441500952510879,-0.00694596501882141,0.526947106424177,-0.561461567878723,1.07556748390198,1.35789358615875,-0.00243610144526839,-0.00043414451360071,0.759513066604951,-0.0838685035702515,0.412900447843957,0.0615835189817096,0.0282477256994749,0.0684083764843604,0.264343446528736,-0.0229754324559397,-0.0229754324559397,0.0286948684162708,-0.0229754324559397,3049.8,37.4023369
-0.950063199760453,-0.859515453844475,1.14630424976349,-0.0190916061401367,-0.00912454724311829,-2.27512770228389,-0.0785755244830176,-0.353030125745856,-0.18779873377929,-0.0923725475870749,-0.0817430868783264,1.06862663015946,-0.565592586994171,1.09591281414032,1.36224770545959,0.00733957897377725,0.00130574669341113,0.770520331140094,-0.0826203823086594,0.406906604765365,0.0870823860165289,0.195513608380202,0.0347978241401102,0.220145290702066,-0.0657983614704816,-0.0657983614704816,0.0316662505135271,-0.0657983614704816,3049.85,37.4688928
-0.952648039622341,-0.872474451687504,1.14630424976349,-0.0190916061401367,-0.00912454724311829,-2.27512770228389,-0.0775451958566426,-0.38876993529088,-0.0664686274136583,-0.0646607833109524,-0.0572201608148285,0.748038641111622,-0.574918448925018,1.1369172334671,1.37293684482574,0.0242512094148941,-0.000517563325162282,0.789503568029794,-0.0932586193085565,0.410044193268195,0.106891393661596,0.169116304411322,-0.0182331001857507,0.189832368897172,-0.10746900650816,-0.10746900650816,0.0349155059270269,-0.10746900650816,3049.95,37.5357719
-0.955232879484229,-0.885433449530534,1.14630424976349,-0.0190916061401367,-0.00912454724311829,-2.27512770228389,-0.0775451958566426,-0.38876993529088,-0.0664686274136583,-0.0452625483176667,-0.0400541125703799,0.523627048778136,-0.579350769519806,1.15690851211548,1.37996518611908,0.0290267662414817,0.00200927046790786,0.795145232314731,-0.0886464118962357,0.399825572969711,0.140566825867466,0.0955111365322736,0.0505366758616786,0.112833285699357,-0.14724792652432,-0.14724792652432,0.0382295472564411,-0.14724792652432,3050,37.602475
-0.958433428298824,-0.898247137081093,1.1415708065033,0.00215087831020355,0.00526907853782177,-2.32921093039516,-0.0960164644378447,-0.384410626516775,-0.024471706479965,-0.222866143875429,-0.157580510827726,0.853287987146095,-0.583949327468872,1.1760493516922,1.38850891590118,0.038371650942243,0.0057369819704496,0.794471181662405,-0.0919711589809886,0.382816791533031,0.170874595641468,0.186897694014546,0.0745542300505636,-0.01348101304647,-0.185127433984807,-0.185127433984807,0.0413977501656259,-0.185127433984807,3050.05,37.6692811
-0.961556456790342,-0.9112929416844,1.1415708065033,0.00215087831020355,0.00526907853782177,-2.32921093039516,-0.0936908547455498,-0.391374138099216,-0.126908222135977,-0.1560063007128,-0.110306357579409,0.597301591002266,-0.593455910682678,1.21226561069489,1.40914404392242,0.0530760030060184,0.0117938603456598,0.79362312006584,-0.095065832138148,0.362162590027185,0.20635128021259,0.147043520637888,0.0605687837521573,-0.00848061596566468,-0.220977474351171,-0.220977474351171,0.0441732060513093,-0.220977474351171,3050.15,37.7359868
-0.96467948528186,-0.924338746287707,1.1415708065033,0.00215087831020355,0.00526907853782177,-2.32921093039516,-0.0936908547455498,-0.391374138099216,-0.126908222135977,-0.10920441049896,-0.0772144503055859,0.418111113701586,-0.597862124443054,1.22883796691895,1.42165684700012,0.0566120973614007,0.011627946495297,0.791590631783573,-0.0881242752071989,0.331447124479995,0.250256061553045,0.0707218871073896,-0.00331827700724385,-0.0406497656451741,-0.254918067089708,-0.254918067089708,0.0463349899987338,-0.254918067089708,3050.2,37.8027384
-0.96779374538397,-0.937382596085051,1.16009736061096,0.0271057300269604,0.0206416100263596,-2.34149818949702,-0.0934278030632963,-0.391315493920305,-0.29383071234596,-0.301036752800084,-0.19240289861075,0.40326311150792,-0.60235857963562,1.24419212341309,1.434978723526,0.0622226482449424,0.0128869810859834,0.784210557770268,-0.0899291038518091,0.307083129884488,0.266437530519032,0.112211017671446,0.0251806918138655,-0.147601480266918,-0.286952298767731,-0.286952298767731,0.0476881847986272,-0.286952298767731,3050.25,37.8695973
-0.97090800548608,-0.950426445882394,1.16009736061096,0.0271057300269604,0.0206416100263596,-2.34149818949702,-0.0934278030632963,-0.391315493920305,-0.127091725376966,-0.210725726960059,-0.134682029027525,0.282284178055544,-0.610830247402191,1.27098155021667,1.46108305454254,0.064082559206591,0.0168652072002746,0.764408177562076,-0.0847166776654023,0.267894268034914,0.261043310164456,0.0185991096164181,0.0397822611427668,-0.198023802081193,-0.31707212854664,-0.31707212854664,0.048087187557369,-0.31707212854664,3050.35,37.9369977
-0.97402226558819,-0.963470295679738,1.16009736061096,0.0271057300269604,0.0206416100263596,-2.34149818949702,-0.0934278030632963,-0.391315493920305,-0.127091725376966,-0.147508008872041,-0.0942774203192676,0.197598924638881,-0.614683270454407,1.28244805335999,1.47373461723328,0.0663483535702184,0.0177013257946832,0.750430385902005,-0.077060461044732,0.229330062867462,0.253031253816078,0.0453158872727949,0.0167223718882626,-0.279555833202965,-0.344376751705821,-0.344376751705821,0.0474553426864417,-0.344376751705821,3050.4,38.0038759
-0.97742628253587,-0.967422486345364,1.21952533721924,0.0474491901695728,0.0285782497376204,-2.31317024760249,-0.102120508430386,-0.118565719968785,-0.725427370865456,-0.286346747493941,-0.137423951624835,-0.116632229803565,-0.618397951126099,1.29209160804749,1.48618185520172,0.0740569022094886,0.0188917020150154,0.7336854053313,-0.0742936134335676,0.192871093749298,0.248944759367991,0.154170972784843,0.0238075244065582,-0.334899611412867,-0.368356357986141,-0.368356357986141,0.0458170725361243,-0.368356357986141,3050.45,38.0705685
-0.980724337760639,-0.967160282691158,1.21952533721924,0.0474491901695728,0.0285782497376204,-2.31317024760249,-0.0989416567430877,0.00786610962619456,-0.186864734217517,-0.200442723245759,-0.0961967661373841,-0.0816425608624954,-0.625206172466278,1.30735325813293,1.51098608970642,0.0772135325511598,0.00843483363335639,0.696472058030827,-0.0680822134018564,0.152616500854631,0.248042345047223,0.0315663034167406,-0.104568683816685,-0.372133473005075,-0.388166511556199,-0.388166511556199,0.0432640551461387,-0.388166511556199,3050.55,38.1372914
-0.984022392985409,-0.966898079036951,1.21952533721924,0.0474491901695728,0.0285782497376204,-2.31317024760249,-0.0989416567430877,0.00786610962619456,-0.186864734217517,-0.140309906272031,-0.0673377362961689,-0.0571497926037468,-0.628144204616547,1.31283891201019,1.52338516712189,0.079539520251004,0.00515134975510881,0.673178275216912,-0.0587606430051573,0.109713077544767,0.247981548308424,0.046519753996715,-0.0656696775647126,-0.465875656276595,-0.402691427923832,-0.402691427923832,0.0399632893896512,-0.402691427923832,3050.6,38.2040647
-0.987201486612894,-0.966868651767947,1.27119481563568,0.0598943866789341,0.0361897498369217,-2.24733107619289,-0.0953728088245604,0.000882818070109116,-0.652876764852615,-0.210223702974673,-0.11563991630103,-0.632557397509081,-0.631298780441284,1.31610345840454,1.53590822219849,0.0826557557704141,0.00451371007853849,0.646999361081085,-0.0630915164950953,0.0652909278873192,0.250461101533349,0.0623247103885422,-0.012752793531476,-0.523578282719407,-0.410727887215843,-0.410727887215843,0.0361503998806835,-0.410727887215843,3050.65,38.2708009
-0.99038058024038,-0.966839224498944,1.27119481563568,0.0598943866789341,0.0361897498369217,-2.24733107619289,-0.0953728088245604,0.000882818070109116,-0.187851459104629,-0.147156592082271,-0.0809479414107212,-0.442790178256357,-0.637249290943146,1.31846380233765,1.56010019779205,0.0893481022529059,-0.00719093115372624,0.595438845721847,-0.0595051050186698,0.0236034393310762,0.241919755935889,0.0669234648249787,-0.117046412322754,-0.515605153592845,-0.41118109005315,-0.41118109005315,0.0321017414161736,-0.41118109005315,3050.75,38.3374661
-0.993559673867865,-0.96680979722994,1.27119481563568,0.0598943866789341,0.0361897498369217,-2.24733107619289,-0.0953728088245604,0.000882818070109116,-0.187851459104629,-0.10300961445759,-0.0566635589875048,-0.30995312477945,-0.640528380870819,1.31656360626221,1.5719405412674,0.0946452075489298,-0.0128143669022418,0.564953176705106,-0.0655817985532282,-0.0380039215086508,0.236806869505974,0.105942105920093,-0.112468714969902,-0.609713380332604,-0.403174695222989,-0.403174695222989,0.0281000760570042,-0.403174695222989,3050.8,38.4042042
-0.993387352127464,-0.964704377340173,1.29031455516815,0.064550869166851,0.0498614087700844,-2.14906077914241,0.00516965221202963,0.0631625966930233,-0.306707654456047,-0.114015072511565,-0.162709421689718,-1.1013998607999,-0.644907116889954,1.31297874450684,1.58391749858856,0.0959512856257191,-0.0177354822601819,0.53784020101475,-0.0875747203823718,-0.071697235107161,0.239539146422468,0.0261215615356918,-0.0984223071584438,-0.542259513805151,-0.386227153443446,-0.386227153443446,0.0244366663139124,-0.386227153443446,3050.85,38.4708842
-0.993215030387063,-0.962598957450405,1.29031455516815,0.064550869166851,0.0498614087700844,-2.14906077914241,0.00516965221202963,0.0631625966930233,-0.134629998663811,-0.0798105507580958,-0.113896595182802,-0.77097990255993,-0.654862523078918,1.30054497718811,1.60537016391754,0.0949617630848488,-0.0284490486110553,0.473474124155838,-0.099554061889739,-0.124337673187369,0.21452665328999,-0.00989522540871269,-0.107135663508832,-0.643660768589705,-0.360339057818217,-0.360339057818217,0.0213574304332806,-0.360339057818217,3050.95,38.5375853
-0.993042708646662,-0.960493537560638,1.29031455516815,0.064550869166851,0.0498614087700844,-2.14906077914241,0.00516965221202963,0.0631625966930233,-0.134629998663811,-0.055867385530667,-0.0797276166279616,-0.539685931791951,-0.66160261631012,1.29156744480133,1.61398327350616,0.0925761851663544,-0.0304660235828262,0.439149641009688,-0.134801864624759,-0.179550647736576,0.172262191773401,-0.0477115583701471,-0.0403394994356375,-0.686489662926742,-0.326023180939167,-0.326023180939167,0.0190548372075307,-0.326023180939167,3051,38.604453
-0.995422200807205,-0.956253431418586,1.34237635135651,0.0697643682360649,0.067157007753849,-2.02045290999416,-0.071384764816291,0.127203184261555,-0.596008414626218,-0.0860286614943917,-0.211469722493455,-1.53525097458866,-0.668468773365021,1.28109180927277,1.62279951572418,0.0873850056089669,-0.0347500694733096,0.410309183357792,-0.137323141097523,-0.209512710570527,0.17632484435971,-0.103823591147372,-0.085680917809357,-0.576809153035825,-0.284668076436783,-0.284668076436783,0.0176653089328543,-0.284668076436783,3051.05,38.6711621
-0.997801692967748,-0.952013325276534,1.34237635135651,0.0697643682360649,0.067157007753849,-2.02045290999416,-0.071384764816291,0.127203184261555,-0.127452248931027,-0.0602200630460742,-0.148028805745418,-1.07467568221206,-0.687118351459503,1.2558925151825,1.63868045806885,0.076443728487654,-0.0404646866068059,0.349507225727366,-0.186495780944994,-0.251992940902939,0.1588094234468,-0.109412771213229,-0.0571461713350149,-0.608019576304811,-0.23805151881247,-0.23805151881247,0.0172268359733324,-0.23805151881247,3051.15,38.7377989
-1.00018118512829,-0.947773219134482,1.34237635135651,0.0697643682360649,0.067157007753849,-2.02045290999416,-0.071384764816291,0.127203184261555,-0.127452248931027,-0.0421540441322519,-0.103620164021793,-0.752272977548441,-0.697073638439178,1.24113214015961,1.64561939239502,0.0618328108190134,-0.041926037671579,0.320714965677212,-0.199105739592782,-0.29520750045669,0.138778686522933,-0.292218353371749,-0.0292270212953555,-0.575845201000977,-0.188287781601088,-0.188287781601088,0.0177022857381996,-0.188287781601088,3051.2,38.8045713
-1.00692734737451,-0.941286548659331,1.38621819019318,0.0593083687126637,0.0647376924753189,-1.89015882544521,-0.202384867386604,0.194600114254523,-0.509010233880171,0.064596164818035,-0.050760277308484,-1.69923784522446,-0.706251442432404,1.22576463222504,1.65233397483826,0.0570199124090945,-0.0452041253536758,0.285942701171461,-0.183556079865504,-0.307350158693083,0.134291648865479,-0.0962579681989029,-0.0655617536422938,-0.69544529011883,-0.138121150936655,-0.138121150936655,0.0189785402876324,-0.138121150936655,3051.25,38.871237
-1.01367350962073,-0.934799878184181,1.38621819019318,0.0593083687126637,0.0647376924753189,-1.89015882544521,-0.202384867386604,0.194600114254523,-0.114433684350142,0.0452173153726245,-0.0355321941159388,-1.18946649165712,-0.732581913471222,1.1933069229126,1.66273176670074,0.0391082829089799,-0.0421440922429319,0.231137800665371,-0.263304710387226,-0.324577093123209,0.1039779186245,-0.179116295000494,0.0306003311073276,-0.548049005058904,-0.0901238082291486,-0.0901238082291486,0.020882742481081,-0.0901238082291486,3051.35,38.9379075
-1.02041967186695,-0.92831320770903,1.38621819019318,0.0593083687126637,0.0647376924753189,-1.89015882544521,-0.202384867386604,0.194600114254523,-0.114433684350142,0.0316521207608371,-0.0248725358811571,-0.832626544159986,-0.746137142181396,1.17616093158722,1.6682186126709,0.0306023272946471,-0.0408279376883153,0.206091313313822,-0.271104574204971,-0.34291982650944,0.109736919403675,-0.170119112287584,0.0263230910924751,-0.500929747033702,-0.0467238433820582,-0.0467238433820582,0.0232047828586245,-0.0467238433820582,3051.4,39.0047165
-1.03258135424296,-0.922909753408719,1.42271661758423,0.0343100167810917,0.0519867837429047,-1.77143614821437,-0.364850471280131,0.162103629009319,-0.423448766178378,0.247141651916734,0.0973474034749182,-1.6513426759895,-0.759692370891571,1.15951180458069,1.67396306991577,0.0260035679959397,-0.0463248624967923,0.1893255691235,-0.271104574202505,-0.332982540129404,0.114889144897043,-0.0919751859738143,-0.109938496169139,-0.335314883805228,-0.0102138982574282,-0.0102138982574282,0.0257011615112266,-0.0102138982574282,3051.45,39.0714175
-1.04474303661896,-0.917506299108409,1.42271661758423,0.0343100167810917,0.0519867837429047,-1.77143614821437,-0.364850471280131,0.162103629009319,-0.0949629196589075,0.172999156341714,0.0681431824324428,-1.15593987319265,-0.790640354156494,1.12597334384918,1.68550968170166,0.00968335043315358,-0.0347077965429685,0.150440073979401,-0.309479832649512,-0.335384607315369,0.115466117858992,-0.163202175628009,0.116170659538343,-0.388854951441346,0.0179231707454814,0.0179231707454814,0.0281415052350413,0.0179231707454814,3051.55,39.1380335
-1.05690471899496,-0.912102844808098,1.42271661758423,0.0343100167810917,0.0519867837429047,-1.77143614821437,-0.364850471280131,0.162103629009319,-0.0949629196589075,0.121099409439199,0.0477002277027099,-0.809157911234857,-0.806564450263977,1.10977256298065,1.69102418422699,0.00417187223744517,-0.0306531696153482,0.14023546467488,-0.3184819221485,-0.324015617369427,0.110290050506191,-0.110229563913767,0.0810925385521117,-0.204092186089679,0.037015048795674,0.037015048795674,0.0303297820055914,0.037015048795674,3051.6,39.2048119
-1.06963989912373,-0.909188346102924,1.44177377223969,0.0130603965371847,0.0356671437621117,-1.68301718764308,-0.382055403862975,0.0874349611552165,-0.264166957281001,0.276016168802602,0.180266919219034,-1.362181183006,-0.82316392660141,1.09369707107544,1.69588077068329,-0.00154339562306884,-0.0351706464230616,0.135338509060971,-0.331989526750469,-0.321509838106003,0.0971317291265066,-0.114305357210904,-0.0903495361547606,-0.0979391122787081,0.0470796008293659,0.0470796008293659,0.0320969745972323,0.0470796008293659,3051.65,39.2715098
-1.0823750792525,-0.90627384739775,1.44177377223969,0.0130603965371847,0.0356671437621117,-1.68301718764308,-0.382055403862975,0.0874349611552165,-0.0926525653818922,0.193211318161822,0.126186843453324,-0.953526828104201,-0.855817079544067,1.06428754329681,1.71040391921997,-0.00616146147003544,-0.021337400460387,0.1217703120924,-0.326531529426872,-0.294095277786522,0.145231485366953,-0.046180658469708,0.138332459626871,-0.135681969685832,0.049133909183998,0.049133909183998,0.033341999073163,0.049133909183998,3051.75,39.3381909
-1.09511025938126,-0.903359348692576,1.44177377223969,0.0130603965371847,0.0356671437621117,-1.68301718764308,-0.382055403862975,0.0874349611552165,-0.0926525653818922,0.135247922713275,0.0883307904173267,-0.667468779672941,-0.871647715568542,1.05067932605743,1.719482421875,-0.00625164478444691,-0.0174007629671211,0.118338893297939,-0.31661272048835,-0.272164344786608,0.181570053099925,-0.00180366628822278,0.0787327498650326,-0.068628375888967,0.0449865635755325,0.0449865635755325,0.0340240591424337,0.0449865635755325,3051.8,39.4048468
-1.10750038938581,-0.899473825160375,1.44482862949371,0.000278765364782885,0.0150737082585692,-1.64491813712123,-0.371703900136289,0.116565705966042,-0.120960787026086,0.209708226450909,0.247172472824011,-0.810119600467714,-0.888178825378418,1.03777146339417,1.72998142242432,-0.00052950521851958,-0.0192723024157029,0.116453704323483,-0.330622196196307,-0.258157253264442,0.209980010985564,0.11444279131813,-0.0374307889714992,-0.0377037794889792,0.037089664499516,0.037089664499516,0.0341632926752351,0.037089664499516,3051.85,39.471605
-1.11989051939035,-0.895588301628174,1.44482862949371,0.000278765364782885,0.0150737082585692,-1.64491813712123,-0.371703900136289,0.116565705966042,-0.0934670717398308,0.146795758515636,0.173020730976807,-0.5670837203274,-0.918936610221863,1.01288533210754,1.75260734558105,0.000522829057557815,-0.0211360748038775,0.118440765973331,-0.307577848434728,-0.248861312866437,0.226259231567589,0.0105233427607835,-0.0186377238817639,0.0198706164984901,0.0283687371460017,0.0283687371460017,0.0338312007957468,0.0283687371460017,3051.95,39.5383173
-1.13228064939489,-0.891702778095972,1.44482862949371,0.000278765364782885,0.0150737082585692,-1.64491813712123,-0.371703900136289,0.116565705966042,-0.0934670717398308,0.102757030960945,0.121114511683765,-0.39695860422918,-0.934932231903076,1.00137519836426,1.76443243026733,-0.00408198907741183,-0.0170102428141447,0.122394056983355,-0.319912433626013,-0.230202674866979,0.236501693726877,-0.0920963626998954,0.0825166397951072,0.0790658202009271,0.0218964543861506,0.0218964543861506,0.0331387744692431,0.0218964543861506,3052,39.6050664
-1.14276651754953,-0.889266465074382,1.4568110704422,0.00757946912199259,0.014515901915729,-1.64025514655116,-0.314576044639251,0.0730893906477197,-0.234346731291151,0.00622358785777447,0.0898004152641973,-0.319837938091041,-0.950265645980835,0.990537583827972,1.77690970897675,-0.00686971607456593,-0.00994810031567202,0.123967024673328,-0.30666828155406,-0.216752290724919,0.249545574187325,-0.0557545399428792,0.14124284996894,0.0314593537993298,0.0206276775578575,0.0206276775578575,0.0322188591346522,0.0206276775578575,3052.05,39.6717768
-1.15325238570418,-0.886830152052791,1.4568110704422,0.00757946912199259,0.014515901915729,-1.64025514655116,-0.314576044639251,0.0730893906477197,-0.126504762754775,0.00435651150044213,0.0628602906849381,-0.223886556663729,-0.980257391929626,0.969763219356537,1.80059969425201,-0.00429288560717503,-0.00907698384022947,0.129378799621533,-0.299917459488188,-0.207743644714544,0.236899852752901,0.0257683046739325,0.00871116475443335,0.0541177494821055,0.0270672378279846,0.0270672378279846,0.0312049515167978,0.0270672378279846,3052.15,39.7384514
-1.16373825385882,-0.8843938390312,1.4568110704422,0.00757946912199259,0.014515901915729,-1.64025514655116,-0.314576044639251,0.0730893906477197,-0.126504762754775,0.00304955805030949,0.0440022034794567,-0.15672058966461,-0.994392514228821,0.960378170013428,1.81245851516724,0.00265853196474171,-0.0118296385188844,0.128082950919035,-0.282702445982858,-0.1877009868615,0.237176418303581,0.139028351437829,-0.0550530935728981,-0.02591697404988,0.0430661952866618,0.0430661952866618,0.0302104696746982,0.0430661952866618,3052.2,39.805241
-1.17104594684197,-0.884316349440458,1.52004325389862,0.00187648844439536,0.00184501265175641,-1.64854209952357,-0.219230789494621,0.00232468772227391,-0.720812108146178,0.0534615167335917,0.144839545811373,-0.035121836013518,-1.00887167453766,0.950944840908051,1.8238000869751,0.00362148186272663,-0.0161125195216148,0.127686108659197,-0.289583206178338,-0.188666582108573,0.226831436158464,0.0192589979598035,-0.085657620055075,-0.00793684519679373,0.0695411233269314,0.0695411233269314,0.0293196144139689,0.0695411233269314,3052.25,39.8720288
-1.17835363982512,-0.884238859849715,1.52004325389862,0.00187648844439536,0.00184501265175641,-1.64854209952357,-0.219230789494621,0.00232468772227391,-0.15172245703839,0.0374230617135142,0.101387682067961,-0.0245852852094626,-1.03646266460419,0.933720111846924,1.84763789176941,-0.000399881984036963,-0.0194875370677926,0.127951802741291,-0.275909900664279,-0.17224729061064,0.238378047942248,-0.0402136384674896,-0.0337501754616551,0.00265694082093181,0.106332464022126,0.106332464022126,0.0285708307275501,0.106332464022126,3052.35,39.9387371
-1.18566133280828,-0.884161370258973,1.52004325389862,0.00187648844439536,0.00184501265175641,-1.64854209952357,-0.219230789494621,0.00232468772227391,-0.15172245703839,0.0261961431994599,0.070971377447573,-0.0172096996466238,-1.04994904994965,0.925179660320282,1.8581554889679,-0.00820202496948574,-0.0200831286023973,0.130852941607019,-0.269727706910652,-0.170809030533769,0.210351943970874,-0.156042859709827,-0.0119118306921596,0.0580227773148797,0.152304874563385,0.152304874563385,0.0279508472619735,0.152304874563385,3052.4,40.0054543
-1.19165811201616,-0.885625631554808,1.54128885269165,0.00187648844439536,0.00184501265175641,-1.64854209952357,-0.17990337623646,-0.0439278388750559,-0.32168221794526,0.0183373002396219,0.0496799642133011,-0.0120467897526367,-1.06417524814606,0.917429447174072,1.86732935905457,-0.0138797929884848,-0.0170106038455845,0.131972416428058,-0.284523963927188,-0.15500426292363,0.183477401732731,-0.113555360379568,0.0614504951360329,0.0223894964206818,0.205310620914102,0.205310620914102,0.0273997492963051,0.205310620914102,3052.45,40.0721863
-1.19762343961805,-0.886989051441481,1.54128885269165,0.00684401020407677,0.0145405465736985,-1.65257232718471,-0.178959828056607,-0.0409025966002028,-0.131584818313072,-0.0318715856693973,-0.0794838303481683,0.0278392961233496,-1.09179651737213,0.904103398323059,1.88535904884338,-0.020113545513089,-0.00514884792297617,0.138882113611528,-0.276212692260993,-0.133260488510253,0.180296897888348,-0.0623375252460988,0.118617559226191,0.0690969718347654,0.262341900615459,0.262341900615459,0.026818306099301,0.262341900615459,3052.55,40.1389001
-1.20358876721993,-0.888352471328155,1.54128885269165,0.00684401020407677,0.0145405465736985,-1.65257232718471,-0.178959828056607,-0.0409025966002028,-0.131584818313072,-0.0223101099685781,-0.0556386812437178,0.0194875072863448,-1.10488128662109,0.898851573467255,1.89461040496826,-0.020338493439981,-0.00258285775040376,0.145623669919575,-0.261695384978296,-0.105036497115707,0.185027122496885,-0.00449895853782357,0.0513198034512614,0.134831126160444,0.319850556894047,0.319850556894047,0.0260810987772352,0.319850556894047,3052.6,40.2056142
-1.20965047446705,-0.889745041737,1.57302296161652,-0.00574513012543321,0.000900690793059766,-1.66075366072658,-0.181851217413401,-0.041777112265343,-0.415098080214935,0.0976851859875851,0.0838116251551463,0.0872732569772724,-1.11698687076569,0.894385516643524,1.90445029735565,-0.0163729066084243,-0.00129030340940375,0.148545263826987,-0.242111682893167,-0.0893211364750968,0.196797847748877,0.079311736631566,0.0258510868201413,0.0584318781485745,0.373985348286739,0.373985348286739,0.025054969685085,0.373985348286739,3052.65,40.2723182
-1.21571218171416,-0.891137612145844,1.57302296161652,-0.00574513012543321,0.000900690793059766,-1.66075366072658,-0.181851217413401,-0.041777112265343,-0.129491099891144,0.0683796301913096,0.0586681376086024,0.0610912798840907,-1.14223694801331,0.887815713882446,1.92493295669556,-0.0358931667321081,0.0151656138877507,0.176274336580085,-0.252500772476426,-0.0656980276108386,0.204826593399234,-0.195202601237015,0.164559172971694,0.277290727531233,0.42096777410355,0.42096777410355,0.0236177176186071,0.42096777410355,3052.75,40.3390314
-1.22177388896128,-0.892530182554689,1.57302296161652,-0.00574513012543321,0.000900690793059766,-1.66075366072658,-0.181851217413401,-0.041777112265343,-0.129491099891144,0.0478657411339167,0.0410676963260217,0.0427638959188635,-1.15200066566467,0.886531233787537,1.93548178672791,-0.0417837343530616,0.0152907068312396,0.19188170779306,-0.195274353026633,-0.0256896018980999,0.210976600646205,-0.117811352418641,0.00250185886976914,0.312147424258361,0.457363383701746,0.457363383701746,0.0216785119201042,0.457363383701746,3052.8,40.4057266
-1.22393769616887,-0.89577836796337,1.5987776517868,-0.0145087754353881,-0.0204214379191399,-1.69358151488307,-0.0649142162279619,-0.0974455622604177,-0.33004006785654,0.112378826583336,0.220646545838012,0.325385414551652,-1.1631942987442,0.886261105537415,1.94556593894958,-0.0480680413962065,0.0217026567010252,0.213790490000834,-0.223872661589762,-0.00540256500242175,0.20168304443286,-0.125686140862443,0.128238997395245,0.438175644153877,0.480481291380895,0.480481291380895,0.0191848478342865,0.480481291380895,3052.85,40.4725948
-1.22610150337647,-0.89902655337205,1.5987776517868,-0.0145087754353881,-0.0204214379191399,-1.69358151488307,-0.0649142162279619,-0.0974455622604177,-0.0982478563239474,0.0786651786083349,0.154452582086608,0.227769790186156,-1.18127119541168,0.891261279582977,1.96801459789276,-0.0553983525120182,0.0237925898165753,0.261600337196121,-0.180768966674969,0.0500017404556729,0.224486589431967,-0.0733031111581829,0.0208993311555202,0.478098471953309,0.488358144979119,0.488358144979119,0.0161602264012507,0.488358144979119,3052.95,40.539335
-1.22826531058407,-0.902274738780731,1.5987776517868,-0.0145087754353881,-0.0204214379191399,-1.69358151488307,-0.0649142162279619,-0.0974455622604177,-0.0982478563239474,0.0550656250258345,0.108116807460626,0.159438853130309,-1.18792927265167,0.896442532539368,1.97975432872772,-0.0613329602674538,0.0186048742955242,0.293601808637478,-0.133161544800531,0.103625059128373,0.2347946167005,-0.11869215510936,-0.103754310421589,0.640029428830622,0.480272627082448,0.480272627082448,0.012676954678345,0.480272627082448,3053,40.6060591
-1.22984268687615,-0.908410002957573,1.62149167060852,-0.0333125777542591,-0.0367075130343437,-1.77569215826991,-0.0473212887622955,-0.184057925305275,-0.302714223125976,0.207780158387923,0.222256441259273,0.850602987672784,-1.19565165042877,0.902487218379974,1.98998534679413,-0.0660264487864654,0.0197992746664281,0.326807490407779,-0.15444755554143,0.120893716811694,0.204620361327381,-0.0938697703798915,0.0238880074179905,0.664113635403607,0.456571546975727,0.456571546975727,0.00887181370118142,0.456571546975727,3053.05,40.6727607
-1.23142006316822,-0.914545267134416,1.62149167060852,-0.0333125777542591,-0.0367075130343437,-1.77569215826991,-0.0473212887622955,-0.184057925305275,-0.0982880537305292,0.145446110871546,0.155579508881491,0.595422091370949,-1.20721995830536,0.920363366603851,2.00790786743164,-0.0705619410332929,0.0097493041963229,0.397480390507469,-0.115683078765974,0.178761482238932,0.179225206375285,-0.045354922468316,-0.100499704701143,0.706729000997541,0.418674993117658,0.418674993117658,0.00493238181770284,0.418674993117658,3053.15,40.7394352
-1.2329974394603,-0.920680531311258,1.62149167060852,-0.0333125777542591,-0.0367075130343437,-1.77569215826991,-0.0473212887622955,-0.184057925305275,-0.0982880537305292,0.101812277610082,0.108905656217044,0.416795463959664,-1.21282362937927,0.931896388530731,2.01552772521973,-0.0684879671997738,0.00990831363657722,0.433039676176164,-0.112073421477864,0.230660438536759,0.152397155761164,0.0414794766702315,0.00318018880507481,0.711185713371324,0.36898996377596,0.36898996377596,0.00108500452658266,0.36898996377596,3053.2,40.8060094
-1.23352359147828,-0.929767733445018,1.66942656040192,-0.0452694185078144,-0.0392691120505333,-1.90544407896999,-0.0157845605393218,-0.272616064012791,-0.50560021038511,0.178880161109055,0.0992883504976367,1.45952411107242,-1.21762025356293,0.944899201393127,2.02227592468262,-0.0668817174409496,0.00488453891604499,0.471114365122003,-0.0959324836736192,0.260056257249344,0.134963989258549,0.0321249951766585,-0.100475494411193,0.761493778920931,0.309965406231754,0.309965406231754,-0.00246852818806122,0.309965406231754,3053.25,40.8731605
-1.23404974349626,-0.938854935578778,1.66942656040192,-0.0452694185078144,-0.0392691120505333,-1.90544407896999,-0.0157845605393218,-0.272616064012791,-0.0741862022445464,0.125216112776339,0.0695018453483457,1.0216668777507,-1.22683966159821,0.975138545036316,2.03360199928284,-0.0598896528168127,-0.00584033063768232,0.545261029090246,-0.0921940803524478,0.302393436430785,0.113260746001785,0.0699206462411146,-0.107248695536883,0.741466639679734,0.245999215182935,0.245999215182935,-0.00544201359276375,0.245999215182935,3053.35,40.9398485
-1.23457589551423,-0.947942137712537,1.66942656040192,-0.0452694185078144,-0.0392691120505333,-1.90544407896999,-0.0157845605393218,-0.272616064012791,-0.0741862022445464,0.0876512789434371,0.048651291743842,0.715166814425488,-1.23125636577606,0.992182791233063,2.03802680969238,-0.0541057375649836,-0.0109860614142995,0.580873230518975,-0.0883340835576109,0.340884923936797,0.0884962081914009,0.115678305037213,-0.102914615532905,0.712244028578467,0.179266996427768,0.179266996427768,-0.00769307333298849,0.179266996427768,3053.4,41.0076274
-1.23266411445796,-0.959814535922196,1.69931292533875,-0.0452694185078144,-0.0392691120505333,-1.90544407896999,0.0573534316882962,-0.356171946289761,-0.304263059649241,0.061355895260406,0.0340559042206894,0.500616770097841,-1.23577129840851,1.01031339168549,2.04167938232422,-0.0459918831920669,-0.0176175825560071,0.61653742812718,-0.0902986526485973,0.362612009047143,0.073051452636453,0.162277087457745,-0.13263042283367,0.713283952161504,0.115309108393299,0.115309108393299,-0.0090044475932886,0.115309108393299,3053.45,41.074431
-1.23253152131843,-0.97182422561611,1.69931292533875,-0.0429116375744343,-0.0282115768641233,-2.05519609980586,0.00397779418587524,-0.360290690817416,-0.0374592127863368,0.021729098281863,-0.075678683723207,1.69819992659138,-1.24432551860809,1.0483363866806,2.04394054412842,-0.0140266182792822,-0.018842043975555,0.676740274955564,-0.0855422019959274,0.380229949951518,0.0226116180420128,0.319652649128138,-0.0122446141954901,0.602028468284393,0.0562542032430546,0.0562542032430546,-0.00934000615514933,0.0562542032430546,3053.55,41.141152
-1.2323989281789,-0.983833915310024,1.69931292533875,-0.0429116375744343,-0.0282115768641233,-2.05519609980586,0.00397779418587524,-0.360290690817416,-0.0374592127863368,0.0152103687973041,-0.0529750786062449,1.18873994861396,-1.24864709377289,1.06788206100464,2.04320931434631,-0.00379111427544095,-0.0152655704033332,0.703257451519181,-0.086431503295584,0.390913486479291,-0.0146245956420366,0.20471008007608,0.0715294714441755,0.530343531270405,0.00438185043495501,0.00438185043495501,-0.00870782629542404,0.00438185043495501,3053.6,41.2078355
-1.23403893935478,-0.997572844026747,1.70353925228119,-0.0192307755351067,-0.000706297403667122,-2.19073205523494,-0.0492003352763503,-0.412167861501697,-0.00665210377669033,-0.202480500195836,-0.284630070168477,2.05194156289147,-1.25286996364594,1.08748114109039,2.04167938232422,0.00333938951374803,-0.0164352477536016,0.72558212609508,-0.0844573974613984,0.391981601717227,-0.0305986404420615,0.142610075784558,-0.0233935470054951,0.446493491520404,-0.0388566162248794,-0.0388566162248794,-0.00719417349140758,-0.0388566162248794,3053.65,41.2745633
-1.23567895053065,-1.01131177274347,1.70353925228119,-0.0192307755351067,-0.000706297403667122,-2.19073205523494,-0.0492003352763503,-0.412167861501697,0.0313848387053043,-0.141736350137085,-0.199241049117934,1.43635909402403,-1.26179921627045,1.12542843818665,2.0373957157135,0.00942122058977778,-0.0158075796164408,0.763228861499636,-0.0892925262451984,0.37947297096287,-0.0428366661072167,0.0608183107603528,0.00627668137161334,0.376467354045902,-0.072781755874923,-0.072781755874923,-0.00496367831786881,-0.072781755874923,3053.75,41.3412657
-1.23731896170653,-1.02505070146019,1.70353925228119,-0.0192307755351067,-0.000706297403667122,-2.19073205523494,-0.0492003352763503,-0.412167861501697,0.0313848387053043,-0.0992154450959595,-0.139468734382554,1.00545136581682,-1.26594221591949,1.14365863800049,2.03392219543457,0.0184828005259955,-0.0147720757154168,0.776624665318714,-0.0828599929806556,0.364603996275529,-0.0694704055783606,0.181231598723694,0.0207100780204059,0.267916076380601,-0.0976350905989333,-0.0976350905989333,-0.00224324816769479,-0.0976350905989333,3053.8,41.4079476
-1.24140084101281,-1.03622304918459,1.72160756587982,-0.00382760399952531,0.0127782542258501,-2.27675347857478,-0.122456379188275,-0.335170431732012,-0.126668710877385,-0.208079355387404,-0.218989078733443,1.47800876613037,-1.26978290081024,1.16149485111237,2.03078198432922,0.0277822198763773,-0.0103991996751559,0.782768093650568,-0.076813697814662,0.356724262236251,-0.0628042221067051,0.18598838700696,0.0874575208048994,0.122868566636617,-0.114411508050614,-0.114411508050614,0.000697199686037719,-0.114411508050614,3053.85,41.4746123
-1.24548272031908,-1.04739539690899,1.72160756587982,-0.00382760399952531,0.0127782542258501,-2.27675347857478,-0.122456379188275,-0.335170431732012,0.03594611151031,-0.145655548771183,-0.15329235511341,1.03460613629126,-1.27773034572601,1.19419872760773,2.02623796463013,0.0330306109977974,-0.00389397499149181,0.794394974033173,-0.0794744491577871,0.327038764953911,-0.0454401969910081,0.0524839112142491,0.0650522468367,0.116268803826164,-0.124713313995077,-0.124713313995077,0.00357633997856303,-0.124713313995077,3053.95,41.5414526
-1.24956459962536,-1.05856774463339,1.72160756587982,-0.00382760399952531,0.0127782542258501,-2.27675347857478,-0.122456379188275,-0.335170431732012,0.03594611151031,-0.101958884139828,-0.107304648579387,0.72422429540388,-1.28120648860931,1.20921111106873,2.02376198768616,0.0346146163579745,-0.00254626900983782,0.796815813337776,-0.069522857666395,0.300247669221609,-0.0495195388796648,0.0316801072037141,0.0269541196332268,0.0484167860923157,-0.130447155729143,-0.130447155729143,0.00609803288391152,-0.130447155729143,3054,41.608196
-1.25364885447815,-1.06699191752413,1.74051237106323,0.018765889108181,0.018516905605793,-2.30987971358302,-0.122527645583769,-0.252725186722084,-0.164043105920176,-0.274712656867236,-0.126761116425057,0.80509312185687,-1.28432178497314,1.22333538532257,2.02068781852722,0.0329746456750002,-0.00302361063082804,0.794180455612534,-0.0623059272763847,0.282485485075877,-0.0614833831784873,-0.0327994136593661,-0.00954683241976969,-0.0527071545046401,-0.13373220142045,-0.13373220142045,0.00801256281143242,-0.13373220142045,3054.05,41.6748769
-1.25773310933095,-1.07541609041487,1.74051237106323,0.018765889108181,0.018516905605793,-2.30987971358302,-0.122527645583769,-0.252725186722084,0.00610014073052002,-0.192298859807065,-0.0887327814975399,0.563565185299809,-1.29022371768951,1.24935126304626,2.01580882072449,0.0335073611237889,-0.00839451790084756,0.781556264862805,-0.05901932716375,0.260158777237175,-0.0487899780273881,0.00532715448789147,-0.053709072700244,-0.126241907497406,-0.136590057182124,-0.136590057182124,0.00912479980366581,-0.136590057182124,3054.15,41.7416323
-1.26181736418374,-1.0838402633056,1.74051237106323,0.018765889108181,0.018516905605793,-2.30987971358302,-0.122527645583769,-0.252725186722084,0.00610014073052002,-0.134609201864946,-0.0621129470482779,0.394495629709866,-1.29292905330658,1.26078128814697,2.01517248153687,0.0326420870936317,-0.00922113378558333,0.77416473130191,-0.0541067123411118,0.228600502013329,-0.0127267837523951,-0.0173054806030814,-0.0165323176946554,-0.147830671217363,-0.140740098342347,-0.140740098342347,0.00930379092457767,-0.140740098342347,3054.2,41.8083229
-1.26629715342874,-1.08958280644544,1.71846425533295,0.0165085196495056,0.0217264108359814,-2.29586570792201,-0.13439367735021,-0.172276294195006,0.211254113214855,-0.0739101161773836,-0.0723646100054899,0.15002088984781,-1.29554080963135,1.27159261703491,2.01562333106995,0.0315066708534448,-0.00992062106497979,0.762996301555966,-0.0522351264956464,0.216226577759969,0.0090169906616703,-0.0227083248038619,-0.0139897455880056,-0.223368594920112,-0.147465144877606,-0.147465144877606,0.0085028403593733,-0.147465144877606,3054.25,41.8749989
-1.27077694267375,-1.09532534958527,1.71846425533295,0.0165085196495056,0.0217264108359814,-2.29586570792201,-0.13439367735021,-0.172276294195006,0.0128210716422844,-0.0517370813241685,-0.0506552270038429,0.105014622893467,-1.3003294467926,1.29072403907776,2.01742506027222,0.0310934367665543,-0.00608581175413386,0.743976772652227,-0.0478863716123746,0.191314220427771,0.0180172920226395,-0.00413234086888917,0.0383480931083198,-0.190195289036696,-0.157513713384954,-0.157513713384954,0.00675480454423891,-0.157513713384954,3054.35,41.9416895
-1.27525673191876,-1.1010678927251,1.71846425533295,0.0165085196495056,0.0217264108359814,-2.29586570792201,-0.13439367735021,-0.172276294195006,0.0128210716422844,-0.0362159569269179,-0.03545865890269,0.0735102360254267,-1.30272829532623,1.29907715320587,2.01911067962646,0.0324926712230702,-0.00373405319211386,0.733556878580012,-0.0479769706728692,0.167062282563168,0.0337123870851449,0.0279846891304704,0.0470351712406567,-0.208397881445433,-0.171068996731272,-0.171068996731272,0.00416796426593782,-0.171068996731272,3054.4,42.0083939
-1.27946293101727,-1.10571437577608,1.71138870716095,0.0165085196495056,0.0217264108359814,-2.29586570792201,-0.126185972955342,-0.139394491529307,0.0500063429872241,-0.0253511698488426,-0.024821061231883,0.0514571652177987,-1.30472195148468,1.30622291564941,2.0206892490387,0.0349685588432537,-0.00388440247016325,0.723171624374818,-0.0398731231688003,0.14291524887033,0.0315713882445141,0.0495177524034901,-0.00300698556097701,-0.207705084103122,-0.1877877405144,-0.1877877405144,0.000912739035612744,-0.1877877405144,3054.45,42.0751205
-1.28347817702255,-1.11052918540899,1.71138870716095,0.0167202185839415,0.0189078617841005,-2.255275779295,-0.120457380158401,-0.144444288987388,-0.0133028816741869,-0.0196511093041124,0.00799219860460943,-0.329289341990664,-1.30850970745087,1.31877648830414,2.02226257324219,0.0426877663491004,-0.00866801231067366,0.700469814857623,-0.0378775596618997,0.125535726547355,0.0157332420349264,0.0771920750585368,-0.0478360984051475,-0.227018095172157,-0.206872412094788,-0.206872412094788,-0.00279349481110617,-0.206872412094788,3054.55,42.1418202
-1.28749342302783,-1.11534399504191,1.71419870853424,0.0167202185839415,0.0189078617841005,-2.255275779295,-0.120457380158401,-0.144444288987388,-0.038592894033806,-0.0137557765128787,0.0055945390232266,-0.230502539393465,-1.31025636196136,1.32380139827728,2.02219915390015,0.0438794346460655,-0.00948183844285806,0.688538750734345,-0.0349330902098339,0.100498199462525,-0.0012683868408157,0.0238333659392161,-0.0162765226436288,-0.238621282464702,-0.227240270860445,-0.227240270860445,-0.00671604302573264,-0.227240270860445,3054.6,42.2085206
-1.28978075003133,-1.11831519172254,1.71419870853424,0.0272661540657282,0.0289239659905434,-2.20575445227626,-0.0686198101050002,-0.0891359004189241,0.00482394296746613,-0.104542462895096,-0.0862287605417269,-0.607043720744066,-1.31181287765503,1.32796967029572,2.02128386497498,0.0443713940292371,-0.010159496666159,0.676013080899643,-0.0311303138734609,0.0833654403691073,-0.0183057785035179,0.00983918766348525,-0.0135531644660926,-0.250513396695395,-0.247676327396481,-0.247676327396481,-0.0106259743751428,-0.247676327396481,3054.65,42.2753004
-1.29206807703483,-1.12128638840317,1.71419870853424,0.0272661540657282,0.0289239659905434,-2.20575445227626,-0.0686198101050002,-0.0891359004189241,0.00482394296746613,-0.0731797240265669,-0.0603601323792088,-0.424930604520846,-1.31461000442505,1.33381915092468,2.0171377658844,0.0518861628420698,-0.015959966179403,0.639407225837681,-0.0279712677002208,0.0584948062897261,-0.0414609909057994,0.075147688128395,-0.0580046951324931,-0.366058550619958,-0.266917563317876,-0.266917563317876,-0.01430847800934,-0.266917563317876,3054.75,42.3420661
-1.29435540403833,-1.1242575850838,1.71419870853424,0.0272661540657282,0.0289239659905434,-2.20575445227626,-0.0686198101050002,-0.0891359004189241,0.00482394296746613,-0.0512258068185969,-0.0422520926654462,-0.297451423164592,-1.31616628170013,1.33510482311249,2.01360058784485,0.0530279553163692,-0.0174151277447607,0.629133208442916,-0.0311255455015958,0.02571344375601,-0.0707435607907583,0.0228358494859047,-0.0291032313070481,-0.205480347894556,-0.283866771468367,-0.283866771468367,-0.017595521287474,-0.283866771468367,3054.8,42.4087683
-1.29637481514727,-1.12471435608605,1.7093585729599,0.0333157442510128,0.0350049883127213,-2.150255375433,-0.0605823332683044,-0.0137031300676117,0.0891871764960963,-0.0903043764405793,-0.0843056657654133,-0.70770768780457,-1.31720471382141,1.33503794670105,2.00962495803833,0.0577721199736602,-0.0191043621355996,0.615254405115246,-0.0207686424254616,-0.0013375282287549,-0.0795125961300818,0.0948832931454753,-0.033784687816655,-0.27757606655239,-0.297711744712416,-0.297711744712416,-0.0203812455285785,-0.297711744712416,3054.85,42.475465
-1.29839422625622,-1.12517112708831,1.7093585729599,0.0333157442510128,0.0350049883127213,-2.150255375433,-0.0605823332683044,-0.0137031300676117,0.0456259563270289,-0.0632130635084055,-0.0590139660357893,-0.495395381463199,-1.32175278663635,1.33068013191223,2.00035619735718,0.0671914868037456,-0.0175636291869368,0.578559196219159,-0.0454807281494554,-0.0435781478882232,-0.0926876068116077,0.0941936683009394,0.0154073294866423,-0.366952088961199,-0.307938181830033,-0.307938181830033,-0.02261902286215,-0.307938181830033,3054.95,42.5421623
-1.30041363736516,-1.12562789809056,1.7093585729599,0.0333157442510128,0.0350049883127213,-2.150255375433,-0.0605823332683044,-0.0137031300676117,0.0456259563270289,-0.0442491444558839,-0.0413097762250525,-0.346776767024239,-1.32429420948029,1.32641899585724,1.99466812610626,0.0634015718999189,-0.0184561133100256,0.563976291852862,-0.0508284568789395,-0.0852227211003186,-0.113761425018931,-0.0757982980769476,-0.0178496824618741,-0.291658087327537,-0.314355368557507,-0.314355368557507,-0.0243232950959756,-0.314355368557507,3055,42.6088657
-1.30354194384046,-1.12267013128104,1.69542860984802,0.0474849008023739,0.0439689047634602,-2.08112853102687,-0.0938491942588636,0.0887330042855155,0.199736246451718,-0.158496810081368,-0.109592091414187,-0.864885336572119,-1.3269647359848,1.32136225700378,1.9884866476059,0.0595032341211831,-0.0245652231867459,0.544351120777069,-0.0534105300901377,-0.101134777068724,-0.123629570006874,-0.0779667555744305,-0.12218219753396,-0.392503421514429,-0.317058256610816,-0.317058256610816,-0.0255615448499858,-0.317058256610816,3055.05,42.6755694
-1.30667025031575,-1.11971236447153,1.69542860984802,0.0474849008023739,0.0439689047634602,-2.08112853102687,-0.0938491942588636,0.0887330042855155,0.0743665784448205,-0.110947767056958,-0.0767144639899309,-0.605419735600483,-1.33396971225739,1.30695021152496,1.97409403324127,0.0617209239116921,-0.0362301738679547,0.499690379968763,-0.0700497627258938,-0.144120454788339,-0.143926143646371,0.0221768979051098,-0.116649506812194,-0.446607408083469,-0.316350183706903,-0.316350183706903,-0.0264415236771869,-0.316350183706903,3055.15,42.7423045
-1.30979855679105,-1.11675459766201,1.69542860984802,0.0474849008023739,0.0439689047634602,-2.08112853102687,-0.0938491942588636,0.0887330042855155,0.0743665784448205,-0.0776634369398705,-0.0537001247929516,-0.423793814920338,-1.33879160881042,1.29787397384644,1.96745669841766,0.0652209519373089,-0.0327616481446581,0.47593360659902,-0.0964379310604402,-0.181524753569896,-0.132746696471685,0.0700005605120804,0.0693705144656796,-0.475135467393115,-0.312637155564076,-0.312637155564076,-0.0270920459840463,-0.312637155564076,3055.2,42.8090245
-1.3148933923269,-1.11281470995374,1.66347825527191,0.0398271158337593,0.0538490451872349,-1.99232440524104,-0.152845066075569,0.118196631247999,0.387054081355449,0.0145556588596218,-0.126511351169039,-1.09589280251669,-1.34411001205444,1.28775596618652,1.96042621135712,0.0724763693038173,-0.0363948638455704,0.446240234577915,-0.106368064880952,-0.202360153199346,-0.140609741211705,0.145108347330961,-0.072664314018643,-0.593867440425351,-0.306313784828328,-0.306313784828328,-0.0276451986751553,-0.306313784828328,3055.25,42.8757153
-1.31998822786275,-1.10887482224548,1.66347825527191,0.0398271158337593,0.0538490451872349,-1.99232440524104,-0.152845066075569,0.118196631247999,0.0995008901704512,0.0101889612017353,-0.088557945818327,-0.76712496176168,-1.35718309879303,1.26294088363647,1.94560420513153,0.0642106630622044,-0.0431458928889714,0.398647533564364,-0.130730867385389,-0.248150825499586,-0.14822006225532,-0.0826570624158287,-0.0675102904337637,-0.475927010133776,-0.297645627217232,-0.297645627217232,-0.0282166908346847,-0.297645627217232,3055.35,42.9423919
-1.3250830633986,-1.10493493453721,1.66347825527191,0.0398271158337593,0.0538490451872349,-1.99232440524104,-0.152845066075569,0.118196631247999,0.0995008901704512,0.00713227284121469,-0.0619905620728289,-0.536987473233176,-1.36441826820374,1.24870216846466,1.93849980831146,0.0551051258128682,-0.0439687999494365,0.376388027860773,-0.144703388214901,-0.284774303437833,-0.142087936402143,-0.182110744987717,-0.0164581412093937,-0.445190114074261,-0.28667428299916,-0.28667428299916,-0.0288901214938595,-0.28667428299916,3055.4,43.0091187
-1.33259875470854,-1.09807745223769,1.64605474472046,0.0398271158337593,0.0538490451872349,-1.99232440524104,-0.225470739298043,0.205724468985636,0.24420956213367,0.00499259098885028,-0.0433933934509802,-0.375891231263223,-1.3729305267334,1.23337411880493,1.93048226833344,0.0483647298453675,-0.0457156553557291,0.351572400226969,-0.170245170592642,-0.306560993193465,-0.160350799559964,-0.134807919349524,-0.0349371081257249,-0.496312552674268,-0.273202992802143,-0.273202992802143,-0.0297036786350001,-0.273202992802143,3055.45,43.0758127
-1.34082157400164,-1.09204010403724,1.64605474472046,0.0486935898661613,0.0597257390618324,-1.88888972334865,-0.246684578793198,0.181120446013431,0.0859897932630399,-0.0763034525994232,-0.0832656202870641,-1.19403599891581,-1.39315783977509,1.20093870162964,1.91399192810059,0.0388371213606058,-0.0510086136589385,0.303368198397954,-0.202273130417054,-0.324354171753225,-0.164903402328641,-0.0952760848477042,-0.0529295830321413,-0.482042018290591,-0.256745681936197,-0.256745681936197,-0.030647715505466,-0.256745681936197,3055.55,43.1425392
-1.34904439329475,-1.08600275583679,1.64605474472046,0.0486935898661613,0.0597257390618324,-1.88888972334865,-0.246684578793198,0.181120446013431,0.0859897932630399,-0.0534124168195962,-0.0582859342009449,-0.835825199241068,-1.40476405620575,1.18396878242493,1.90486812591553,0.0377080493450039,-0.0534109629628447,0.279404729573621,-0.232124328612437,-0.339398384093004,-0.182476043700508,-0.0225814403119558,-0.0480469860779504,-0.479269376484912,-0.236633422294572,-0.236633422294572,-0.0316626266892685,-0.236633422294572,3055.6,43.2092256
-1.36135487778814,-1.08097019842391,1.6180180311203,0.029719389975071,0.0564268939197063,-1.78831856780055,-0.369314534801765,0.15097672238648,0.363034471197742,0.133379107246096,-0.0111105476615267,-1.49021803940161,-1.41777229309082,1.16650021076202,1.89474010467529,0.0348119015430286,-0.054144245982392,0.254448190075909,-0.260164737702836,-0.349371433259963,-0.202560424805793,-0.0579229560398217,-0.014665660391025,-0.499130789956958,-0.212049110260012,-0.212049110260012,-0.0326501718962047,-0.212049110260012,3055.65,43.2759135
-1.37366536228154,-1.07593764101103,1.6180180311203,0.029719389975071,0.0564268939197063,-1.78831856780055,-0.369314534801765,0.15097672238648,0.110704048796314,0.0933653750722673,-0.00777738336306866,-1.04315262758113,-1.44690132141113,1.13024628162384,1.87577033042908,0.029378400399577,-0.0589269968369233,0.210439756763855,-0.29129028320339,-0.362539291382166,-0.189697742462331,-0.054335011434565,-0.0478275085453563,-0.440084333120945,-0.18216814386338,-0.18216814386338,-0.0334852924925328,-0.18216814386338,3055.75,43.342656
-1.38597584677493,-1.07090508359814,1.6180180311203,0.029719389975071,0.0564268939197063,-1.78831856780055,-0.369314534801765,0.15097672238648,0.110704048796314,0.0653557625505871,-0.00544416835414806,-0.730206839306788,-1.46265602111816,1.11215925216675,1.86721074581146,0.0281588377417888,-0.052148010315959,0.180780952462944,-0.315093994139479,-0.36174058914053,-0.171191692351672,-0.0243912531556753,0.135579730418792,-0.59317608601605,-0.146374451372426,-0.146374451372426,-0.0340317935913036,-0.146374451372426,3055.8,43.4093888
-1.39981313188339,-1.06733936542854,1.58131623268127,0.029719389975071,0.0564268939197063,-1.78831856780055,-0.415118553253814,0.106971545088046,0.434141575556098,0.045749033785411,-0.00381091784790364,-0.511144787514752,-1.47968852519989,1.09374761581421,1.85838162899017,0.0248981373704802,-0.0473256517835353,0.159486833480003,-0.340650081633282,-0.368232727049442,-0.176582336425139,-0.0652140074259359,0.0964471706481237,-0.425882379657282,-0.104340249779123,-0.104340249779123,-0.0341646671777833,-0.104340249779123,3055.85,43.4761169
-1.41392868159131,-1.06518947174681,1.58131623268127,0.0275031551718712,0.056566309183836,-1.68740838103297,-0.423466491237531,0.0644968104520909,0.104490161423596,0.0519704368785856,-0.0039223798706993,-1.26599303216853,-1.51649260520935,1.05725908279419,1.84222686290741,0.0188279582289742,-0.0493908575175063,0.118835265234106,-0.368040800094939,-0.364885330200527,-0.161547660827784,-0.0607017914151148,-0.0206520573397294,-0.406515682459336,-0.0562133983596162,-0.0562133983596162,-0.0337884300999104,-0.0562133983596162,3055.95,43.5428045
-1.42804423129922,-1.06303957806507,1.58131623268127,0.0275031551718712,0.056566309183836,-1.68740838103297,-0.423466491237531,0.0644968104520909,0.104490161423596,0.0363793058150099,-0.00274566590948951,-0.886195122517971,-1.53770971298218,1.03941690921783,1.83448076248169,0.0134232902279626,-0.0443664346744876,0.100788222773548,-0.424342155458859,-0.356843471529047,-0.15492200851525,-0.108093360020821,0.100488456860923,-0.360940849213121,-0.00261386878965066,-0.00261386878965066,-0.0328526940513058,-0.00261386878965066,3056,43.6095113
-1.44432012946965,-1.06245771350859,1.53098130226135,0.0240185931324959,0.0452229790389538,-1.60003393225673,-0.488276945112765,0.0174559366944233,0.553827369648072,0.0568265724248847,0.100168005167297,-1.40670662474879,-1.55772411823273,1.02151596546173,1.82639253139496,0.00784505432436481,-0.0391444868349468,0.0816987925570899,-0.40028810500953,-0.358018875120768,-0.161764621734031,-0.111564718071551,0.104438956790436,-0.381788604327782,0.0551954242125248,0.0551954242125248,-0.0313645591610921,0.0551954242125248,3056.05,43.676211
-1.46059602764007,-1.06187584895211,1.53098130226135,0.0240185931324959,0.0452229790389538,-1.60003393225673,-0.488276945112765,0.0174559366944233,0.100812995868775,0.0397786006974193,0.070117603617108,-0.98469463732415,-1.60057365894318,0.987034142017365,1.8109667301178,-0.00423005042162806,-0.0227541440662743,0.0601787129501387,-0.428495407104882,-0.344818234443978,-0.154258012771747,-0.120751047460038,0.163903427686874,-0.215200796069707,0.115554634250999,0.115554634250999,-0.0293883774702824,0.115554634250999,3056.15,43.7430645
-1.4768719258105,-1.06129398439563,1.50202238559723,0.0240185931324959,0.0452229790389538,-1.60003393225673,-0.488276945112765,0.0174559366944233,0.361443245845887,0.0278450204881935,0.0490823225319756,-0.689286246126905,-1.62189865112305,0.970632374286652,1.80335402488708,-0.00647107271569531,-0.0199071124115431,0.053494789406259,-0.426499843595861,-0.328035354613064,-0.152254104613704,-0.044820445881182,0.0569406330944171,-0.133678470877108,0.176326314905916,0.176326314905916,-0.0270464039320483,0.176326314905916,3056.2,43.8102398
-1.48669078937444,-1.06332724647953,1.50202238559723,0.00957373436540365,0.0192314740270376,-1.54179637961391,-0.294565906918076,-0.0609978625170393,0.102807755889927,0.149495243245566,0.268281170879628,-1.00663834607423,-1.64418601989746,0.954260528087616,1.7958310842514,-0.0120686190243242,-0.0110275860225057,0.0498538937192384,-0.445747375490714,-0.3274369239825,-0.150458812714444,-0.111950926173188,0.177590527781718,-0.0728179137408097,0.234194770014954,0.234194770014954,-0.0245500766488719,0.234194770014954,3056.25,43.8769739
-1.49650965293837,-1.06536050856343,1.50202238559723,0.00957373436540365,0.0192314740270376,-1.54179637961391,-0.294565906918076,-0.0609978625170393,0.102807755889927,0.104646670271896,0.18779681961574,-0.704646842251964,-1.68764936923981,0.924635648727417,1.78331255912781,-0.0225430833652115,0.000352026290994865,0.0509304420433214,-0.434633493421881,-0.296248793600912,-0.125185251235507,-0.104744643408492,0.113796123134591,0.0107654832407912,0.286803825593652,0.286803825593652,-0.0221057664459945,0.286803825593652,3056.35,43.9436744
-1.50632851650231,-1.06739377064733,1.50202238559723,0.00957373436540365,0.0192314740270376,-1.54179637961391,-0.294565906918076,-0.0609978625170393,0.102807755889927,0.0732526691903271,0.131457773731018,-0.493252789576374,-1.70959901809692,0.911445379257202,1.77715039253235,-0.0273109871821239,0.00728027203283502,0.0584960437223682,-0.43899297714473,-0.263805389405736,-0.123243331909852,-0.0953580763387691,0.138564914837559,0.151312033581761,0.331836983126834,0.331836983126834,-0.0199346634425053,0.331836983126834,3056.4,44.0108296
-1.51053804293931,-1.06906447805904,1.50202238559723,0.00957373436540365,0.0192314740270376,-1.54179637961391,-0.126285793110019,-0.050121222351224,0.0675957974935039,0.051276868433229,0.0920204416117125,-0.345276952703462,-1.73039519786835,0.89923632144928,1.77070379257202,-0.0300395356022705,0.0167726340482371,0.0668465275882103,-0.415923595426954,-0.244181156157559,-0.128931999206074,-0.0545709684027337,0.18984724030735,0.167009677316233,0.366415844433429,0.366415844433429,-0.0182958148234813,0.366415844433429,3056.45,44.0775561
-1.5146745999818,-1.07069108041914,1.48457026481628,-0.0078214081004262,-0.00843713711947203,-1.53027241759303,-0.124096711274904,-0.0487980708031124,0.227082645806284,0.192450090095729,0.313431809446786,-0.34540952508029,-1.77139329910278,0.878165006637573,1.75774204730988,-0.037994351152266,0.0287941243258467,0.0932390346260959,-0.409981012344733,-0.210713148117257,-0.129617452621578,-0.0795481555000273,0.120214902776206,0.263925070379096,0.389158015372978,0.389158015372978,-0.0173731679707346,0.389158015372978,3056.55,44.144254
-1.5188111570243,-1.07231768277925,1.44052159786224,-0.0078214081004262,-0.00843713711947203,-1.53027241759303,-0.124096711274904,-0.0487980708031124,0.466451561364145,0.13471506306701,0.21940226661275,-0.241786667556203,-1.79080975055695,0.870161533355713,1.75226294994354,-0.0464142346218493,0.0362046212148864,0.113462749174111,-0.388329029081839,-0.160069465636625,-0.109581947326262,-0.168397669391054,0.148209937780255,0.404474290958825,0.399151265548,0.399151265548,-0.0173127329667262,0.399151265548,3056.6,44.210936
-1.52297697863163,-1.07365934560026,1.44052159786224,-0.0191602893173695,-0.0381595566868782,-1.57427638106349,-0.124974648219981,-0.0402498846304771,0.071886980000831,0.196350475099397,0.421083362735581,0.226785003944789,-1.80852997303009,0.863292992115021,1.74825310707092,-0.051437504648607,0.0463439711839089,0.136094343269862,-0.354404449464825,-0.137370824814592,-0.0801968574528302,-0.100465400535701,0.202786999381557,0.452631881917494,0.396348818464539,0.396348818464539,-0.018193571680207,0.396348818464539,3056.65,44.2776628
-1.52714280023897,-1.07500100842128,1.44052159786224,-0.0191602893173695,-0.0381595566868782,-1.57427638106349,-0.124974648219981,-0.0402498846304771,0.071886980000831,0.137445332569578,0.294758353914906,0.158749502761352,-1.84023141860962,0.85459691286087,1.74127185344696,-0.0555818037886581,0.0423604436572476,0.187547189706921,-0.317014455795576,-0.086960792541583,-0.0698125362396875,-0.0414429914005486,-0.0398352752666497,0.514528464371061,0.381632028199156,0.381632028199156,-0.0200139117665405,0.381632028199156,3056.75,44.3443406
-1.5313086218463,-1.07634267124229,1.44072735309601,-0.0191602893173695,-0.0381595566868782,-1.57427638106349,-0.124974648219981,-0.0402498846304771,0.0700351828969492,0.0962117327987043,0.206330847740434,0.111124651932947,-1.85533142089844,0.852127194404602,1.73691260814667,-0.0585517100571362,0.0443733727248677,0.220905294572321,-0.302000045775269,-0.0493943691251865,-0.0871849060055422,-0.0593981253693466,0.0402585813522564,0.667162097305572,0.356747425359338,0.356747425359338,-0.022692996217458,0.356747425359338,3056.8,44.4110457
-1.53870866113802,-1.07363174353082,1.44072735309601,-0.0191602893173695,-0.0381595566868782,-1.57427638106349,-0.22200117875158,0.081327831344185,0.0540668069546693,0.067348212959093,0.144431593418304,0.0777872563530626,-1.86859488487244,0.851851761341095,1.731276512146,-0.0602839765184811,0.0408038622151217,0.25041099541605,-0.265269279479015,-0.00550866127012156,-0.112721920013018,-0.0346453292267723,-0.0713902101946614,0.590114016872421,0.324202153007919,0.324202153007919,-0.0260716772356858,0.324202153007919,3056.85,44.477764
