0.0042718117702079,-0.0018949477349409,0.962168753147125,0.0130339059978724,0.0037231189198792,-1.51591938601073,0.0640771765531185,-0.0284242160241135,0.0288210898275728,-0.0821136077865958,-0.023455649195239,9.5502921318676,0.113490901887417,-0.536624014377594,0.942361652851105,0.00137041898348246,-0.020269880247689,0.0206430455502228,-0.0151447250562554,-0.0214584135013918,0.0321453815393244,5.07964873558906e-05,-0.000764845836010029,0.000788110009113274,0,0,0,0,3532.35,7.0401916
0.00640771765531184,-0.00284242160241135,0.962168753147125,0.0130339059978724,0.0037231189198792,-1.51591938601073,0.0640771765531185,-0.0284242160241135,0.0288210898275728,-0.0574795254506171,-0.0164189544366673,6.68520449230732,0.111727997660637,-0.535087466239929,0.940597414970398,0.00242236322848231,-0.0218755775035445,0.0213362131761906,-0.0352580845357912,0.0307309627534636,-0.0352847576143283,0.0210388849001119,-0.0321139451172858,0.0138633525194323,0,0,0,0,3532.4,7.1078082
0.00871769680569768,-0.00258640831838192,0.953396499156952,0.0105687733739614,0.00808118097484112,-1.51570242510375,0.0692993745115751,0.00768039852088285,0.0817816878770292,-0.0180494742002338,-0.0507158266003244,4.67769049645228,0.106913305819035,-0.531328737735748,0.936621248722076,0.00368350818217425,-0.0152995014851595,0.0223851457996225,-0.048146918416067,0.0375872850418433,-0.0397616624832515,0.0126114495369309,0.0657607601839099,0.0104893262343284,0,0,0,0,3532.5,7.1744843
0.00959404674493026,-0.00331292584064017,0.953396499156952,0.0105687733739614,0.00808118097484112,-1.51570242510375,0.0262904981769772,-0.0217955256677474,0.00902791620241964,-0.0126346319401637,-0.0355010786202271,3.2743833475166,0.104507461190224,-0.529855251312256,0.935064315795898,0.00436474612461239,-0.0141799125813407,0.0224497462194651,-0.0481168925760426,0.0294697284697414,-0.0311386585234463,0.0136247588487132,0.0223917780762949,0.00129200839684826,0,0,0,0,3532.55,7.2411594
0.0104703966841628,-0.00403944336289841,0.953396499156952,0.0105687733739614,0.00808118097484112,-1.51570242510375,0.0262904981769772,-0.0217955256677474,0.00902791620241964,-0.00884424235811457,-0.0248507550341589,2.29206834326162,0.10199885815382,-0.52844774723053,0.933773636817932,0.00562999056682606,-0.014017812647195,0.0224153534709757,-0.0501720607278906,0.0281500816344191,-0.0258135795592323,0.0253048888441813,0.00324199868290048,-0.000687854969785985,0,0,0,0,3532.6,7.3078804
0.0113465068174873,-0.00476427536680371,0.935375273227692,0.0106458701193333,0.00386678194627166,-1.51584881411132,0.0262833039997343,-0.0217449601171587,0.171288692906485,-0.00688484035902656,0.0205340627332139,1.60576534135125,0.0962852239608765,-0.525142431259155,0.930385589599609,0.00471177849976319,-0.0134692622466845,0.023006570669408,-0.0571363419294877,0.0330531597137752,-0.0338804721832584,-0.00918212067063707,0.00548550400511063,0.00591217198432855,0,0,0,0,3532.7,7.3746142
0.0122226169508118,-0.005489107370709,0.935375273227692,0.0106458701193333,0.00386678194627166,-1.51584881411132,0.0262833039997343,-0.0217449601171587,0.00909765954314272,-0.00481938825131859,0.0143738439132497,1.12403573894587,0.0936599969863892,-0.523733615875244,0.928585350513458,0.00384929652762643,-0.0130527219834393,0.02310960287141,-0.0525045394900326,0.0281763076783764,-0.0360047817232189,-0.0172496394428291,0.00833080526494908,0.00206064404005044,0,0,0,0,3532.75,7.4412852
0.0130987270841363,-0.00621393937461429,0.935375273227692,0.0106458701193333,0.00386678194627166,-1.51584881411132,0.0262833039997343,-0.0217449601171587,0.00909765954314272,-0.00337357177592302,0.0100616907392748,0.786825017262111,0.0911035239696503,-0.522808253765106,0.927162408828735,0.00537208933295211,-0.0126641084559615,0.021447108984551,-0.0511294603345918,0.0185072422026915,-0.0284588336943545,0.0304558561064028,0.00777227054952794,-0.033249877737059,0,0,0,0,3532.8,7.5080474
0.0136183888725624,-0.00778101421241595,0.931534707546234,0.0105140777304769,0.00262574548833072,-1.51614469156798,0.0155898536527853,-0.0470122451340497,0.040718226997824,-0.00117536874343841,0.0182125116389608,0.553440409193463,0.0851236581802368,-0.519743800163269,0.92402708530426,0.00299957005499881,-0.0127846044190019,0.0229170767197676,-0.0597986578941889,0.0306445360183995,-0.0313532352447795,-0.0237251927795546,-0.00120495963040561,0.0146996773521794,0,0,0,0,3532.9,7.5747477
0.0141380506609886,-0.0093480890502176,0.931534707546234,0.0105140777304769,0.00262574548833072,-1.51614469156798,0.0155898536527853,-0.0470122451340497,0.00615313586470635,-0.000822758120406889,0.0127487581472726,0.387408286435424,0.0824927911162376,-0.518801093101501,0.922508955001831,0.000934596814311919,-0.0105351283851715,0.0237477102752477,-0.0526173412797921,0.018854141235283,-0.0303626060484735,-0.0412994648135875,0.0449895206764451,0.0166126711095429,0,0,0,0,3532.95,7.6414573
0.0146577124494148,-0.0109151638880193,0.931534707546234,0.0105140777304769,0.00262574548833072,-1.51614469156798,0.0155898536527853,-0.0470122451340497,0.00615313586470635,-0.000575930684284822,0.00892413070309079,0.271185800504797,0.0794656723737717,-0.517327070236206,0.921741425991058,0.000587844351097793,-0.00993392454458178,0.0211368667731925,-0.0605423748496498,0.0294804573060691,-0.0153505802155379,-0.00693504926432037,0.01202407681186,-0.0522168700413889,0,0,0,0,3533,7.7081392
0.0146956055103142,-0.0116134722530438,0.928394973278046,0.0104200141504407,0.0019559811335057,-1.51591461763915,0.00113679182698174,-0.0209492509507372,0.0281790692282047,0.000443420741326095,0.0122747706855887,0.187759394993861,0.073425181210041,-0.515137016773224,0.920940339565277,-0.00108394739883191,-0.00843898494085396,0.0201176663791067,-0.0604049116370865,0.0219005346297421,-0.00801086425778336,-0.0167179174992362,0.0149493960372239,-0.0101920039408211,0,0,0,0,3533.1,7.7748171
0.0147334985712136,-0.0123117806180684,0.928394973278046,0.0104200141504407,0.0019559811335057,-1.51591461763915,0.00113679182698174,-0.0209492509507372,-7.85391854915835e-05,0.000310394518928266,0.00859233947991211,0.131431576495703,0.0705596208572388,-0.513876438140869,0.920921623706818,-0.0012111569363759,-0.00934109951645729,0.0215756051515887,-0.0573112070563583,0.0252115726472323,-0.000374317169191496,-0.00254419075089359,-0.018042291512165,0.0291587754497991,0,0,0,0,3533.15,7.8416333
0.014771391632113,-0.013010088983093,0.924924314022064,0.0104200141504407,0.0019559811335057,-1.51591461763915,0.00113679182698174,-0.0209492509507372,0.0311573941183414,0.000217276163249786,0.00601463763593848,0.0920021035469917,0.0673330202698708,-0.512650907039642,0.920879721641541,-0.000251961575795052,-0.00958621757676871,0.0221146301876756,-0.0645320117471255,0.024510622024447,-0.000838041305538943,0.0191839072115471,-0.0049023612062106,0.0107805007216994,0,0,0,0,3533.2,7.908525
0.0143930389261825,-0.0133107411980696,0.924924314022064,0.0100968666374683,0.00140929105691612,-1.51616376505431,-0.011350581177914,-0.00901956644929981,-0.0206449630784492,0.00306042093102604,0.00913045703446319,0.0666437992193444,0.0613031610846519,-0.510052144527435,0.920152246952057,0.00134788791873951,-0.0106277282970738,0.022351278421247,-0.0602985918522429,0.0259876251220939,-0.00727474689484304,0.0159984949453601,-0.0104151072030604,0.00236648233571526,0,0,0,0,3533.3,7.9752124
0.014014686220252,-0.0136113934130463,0.924924314022064,0.0100968666374683,0.00140929105691612,-1.51616376505431,-0.011350581177914,-0.00901956644929981,-0.0206449630784492,0.00214229465171823,0.00639131992412423,0.0466506594535411,0.0583024024963379,-0.508626401424408,0.919454634189606,0.0015009287369183,-0.00957902078011594,0.0235187303144961,-0.0600151717660628,0.0285148620604431,-0.0139522552489727,0.00306081636356472,0.0209741503390811,0.0233490378648973,0,0,0,0,3533.35,8.0418925
0.0136363335143216,-0.013912045628023,0.924924314022064,0.0100968666374683,0.00140929105691612,-1.51616376505431,-0.011350581177914,-0.00901956644929981,-0.0206449630784492,0.00149960625620276,0.00447392394688696,0.0326554616174788,0.055174432694912,-0.507387459278107,0.91897588968277,0.00210947218041939,-0.0105566889932603,0.0230791105558839,-0.0625593960288601,0.0247788429261606,-0.009574890136771,0.0121708688700881,-0.0195533642629947,-0.00879239517229135,0,0,0,0,3533.4,8.1084831
0.0127119246681681,-0.014009184391941,0.921689391136169,0.00970656797289848,0.0006753183552064,-1.51570337877806,-0.0277322653846041,-0.00291416291754021,0.0185137108335177,0.00456241236047063,0.00973750107820833,0.0187153466460291,0.0489719286561012,-0.504797518253326,0.917945027351379,0.00178842377273304,-0.0109085183938766,0.0223556231716294,-0.0620250403881637,0.0258994102478263,-0.0103086233139132,-0.00321048407686638,-0.00351829400616584,-0.00723487384255153,0,0,0,0,3533.5,8.1752816
0.0117875158220146,-0.014106323155859,0.921689391136169,0.00970656797289848,0.0006753183552064,-1.51570337877806,-0.0277322653846041,-0.00291416291754021,-0.0106005951395353,0.00319368865232944,0.00681625075474583,0.0131007426522204,0.0460450910031796,-0.503310680389404,0.917502820491791,0.00177765206402275,-0.0108811015969536,0.0231289463081215,-0.0585367530582206,0.0297367572783342,-0.00884413719174029,-0.000215434174204991,0.00054833593845725,0.0154664627297855,0,0,0,0,3533.55,8.2418359
0.0108631069758612,-0.014203461919777,0.913354396820068,0.00970656797289848,0.0006753183552064,-1.51570337877806,-0.0277322653846041,-0.00291416291754021,0.0644143537053744,0.00223558205663061,0.00477137552832208,0.00917051985655424,0.0427302420139313,-0.501774251461029,0.917571008205414,0.00190709289258035,-0.0102508604131396,0.0245188142288702,-0.0662969797847243,0.0307285785673931,0.00136375427245598,0.00258881657114257,0.012604823676235,0.0277973584148737,0,0,0,0,3533.6,8.3091001
0.00947407271965329,-0.0141678283851102,0.913354396820068,0.0108054876327515,0.00102377193979919,-1.51535481081542,-0.0416710276862361,0.00106900604000218,-0.00364807741951155,-0.00832536949903541,0.000203880608490353,0.00328225223576961,0.0365875326097012,-0.499153286218643,0.917929232120514,0.0029530986795947,-0.0113969406614478,0.0240168658145368,-0.061427094042357,0.0262096524238825,0.00358223915100423,0.010460057870153,-0.0114608024830924,-0.00501948414333846,0,0,0,0,3533.7,8.3757811
0.00808503846344542,-0.0141321948504435,0.913354396820068,0.0108054876327515,0.00102377193979919,-1.51535481081542,-0.0416710276862361,0.00106900604000218,-0.00364807741951155,-0.00582775864932479,0.000142716425943247,0.00229757656503873,0.0333408340811729,-0.498141199350357,0.918051719665527,0.0040046033699745,-0.0120403373474858,0.023513159604487,-0.0649339705709186,0.0202417373658331,0.00244975090028192,0.0210300938077108,-0.0128679337208294,-0.0100741242010521,0,0,0,0,3533.75,8.4424499
0.00669600420723755,-0.0140965613157768,0.912846922874451,0.0108054876327515,0.00102377193979919,-1.51535481081542,-0.0416710276862361,0.00106900604000218,0.000919188091047529,-0.00407943105452735,9.99014981602728e-05,0.00160830359552711,0.0302837342023849,-0.496954381465912,0.918264269828796,0.0032805216774635,-0.0128321313331377,0.0229109777389972,-0.0611419975755375,0.0237363576888175,0.00425100326536539,-0.0144816338501673,-0.015835879712981,-0.012043637309751,0,0,0,0,3533.8,8.5091881
0.00592885692447687,-0.0142922227305451,0.912846922874451,0.0101631367579103,4.24324534833431e-05,-1.51573008165892,-0.0230144184828206,-0.00586984244304953,-0.0178432614120918,0.00292555613540177,0.00890198642555481,0.00450325010842171,0.0239468347281218,-0.494134366512299,0.918342530727386,0.00285383720630394,-0.0110972935405635,0.0255801612344832,-0.0633689947426895,0.0282001495361585,0.000782608985901591,-0.00426684471159945,0.0173483779257571,0.0266918349548842,0,0,0,0,3533.9,8.5758924
0.00516170964171618,-0.0144878841453134,0.912846922874451,0.0101631367579103,4.24324534833431e-05,-1.51573008165892,-0.0230144184828206,-0.00586984244304953,-0.0178432614120918,0.00204788929478124,0.00623139049788837,0.0031522750758952,0.0210340712219477,-0.493177056312561,0.917783260345459,0.00392562379866871,-0.0123979514254405,0.0263185621500711,-0.0582552701232698,0.0191462039946813,-0.0111854076385091,0.0214357318472173,-0.0260131576974444,0.0147680183117034,0,0,0,0,3533.95,8.6425799
0.00439456235895549,-0.0146835455600817,0.927679181098938,0.0101631367579103,4.24324534833431e-05,-1.51573008165892,-0.0230144184828206,-0.00586984244304953,-0.151333585432478,0.00143352250634687,0.00436197334852186,0.00220659255312664,0.0178765840828419,-0.491497397422791,0.91727876663208,0.00302552226931631,-0.0108489193199517,0.0254043778986908,-0.0631497427824605,0.0335931777955935,-0.0100898742676332,-0.0180020305871462,0.0309806421099448,-0.0182836850277065,0,0,0,0,3534,8.7092754
0.00439115755401555,-0.0158910404874331,0.927679181098938,0.00814802199602127,0.000338008627295494,-1.51665776835021,-0.000102144148198234,-0.0362248478205417,-0.0244155656513328,0.0191394986114436,0.000393195779655941,0.00989379500874627,0.0115741305053234,-0.488829523324966,0.915444612503052,0.00586166257869281,-0.0119934929767574,0.0237579870874055,-0.0630245357749553,0.0266787409781439,-0.0183415412902165,0.0283614030936618,-0.0114457365680151,-0.0164639081127924,0,0,0,0,3534.1,8.775992
0.00438775274907561,-0.0170985354147845,0.927679181098938,0.00814802199602127,0.000338008627295494,-1.51665776835021,-0.000102144148198234,-0.0362248478205417,-0.0244155656513328,0.0133976490280105,0.000275237045759159,0.00692565650612239,0.00853805243968964,-0.487348973751068,0.914314687252045,0.00602558693287631,-0.00976765433327304,0.0250818990257123,-0.0607215613130068,0.0296109914781279,-0.0225985050202649,0.00327848708368799,0.0445167728699298,0.0264782387662804,0,0,0,0,3534.15,8.8427795
0.00438434794413567,-0.0183060303421359,0.916045248508453,0.00814802199602127,0.000338008627295494,-1.51665776835021,-0.000102144148198234,-0.0362248478205417,0.0802898276630288,0.00937835431960738,0.000192665932031411,0.00484795955428567,0.00546285882592201,-0.486381947994232,0.913525819778442,0.00752481649238405,-0.0107629556751471,0.0258779616472889,-0.0615038722751287,0.0193405151366484,-0.0157773494719885,0.0299845911900457,-0.0199060268374081,0.0159212524314732,0,0,0,0,3534.2,8.9095804
0.00438454781801164,-0.019514273936366,0.916045248508453,0.010647882707417,-0.000442496035248041,-1.51611631975707,5.99621627895165e-06,-0.036247307826904,-0.024399331047148,-0.0159338983788365,0.00715940811531381,-0.00147946565025687,-0.000673569738864899,-0.484007865190506,0.911995768547058,0.00629846675416275,-0.0123377999830724,0.0267439860434882,-0.0613642856479249,0.0237408280372836,-0.0153005123138567,-0.0122634973822241,-0.0157484430792675,0.00866024396200146,0,0,0,0,3534.3,8.9763347
0.0043847476918876,-0.0207225175305961,0.916045248508453,0.010647882707417,-0.000442496035248041,-1.51611631975707,5.99621627895165e-06,-0.036247307826904,-0.024399331047148,-0.0111537288651855,0.00501158568071966,-0.00103562595517981,-0.00380849093198776,-0.482792735099792,0.911374568939209,0.00438728071737399,-0.0110230188097116,0.0248353334070241,-0.0626984238622292,0.0243026018141816,-0.0124239921569372,-0.0382237207356363,0.0262956234671202,-0.0381730527291445,0,0,0,0,3534.35,9.0430602
0.00480844945081722,-0.0211393702670151,0.915245771408081,0.010647882707417,-0.000442496035248041,-1.51611631975707,0.0127110527678885,-0.0125055820925694,-0.00461969824954423,-0.00780761020562988,0.00350810997650376,-0.000724938168625865,-0.00671442458406091,-0.481157094240189,0.911123216152191,0.000950873355354414,-0.00806254489311005,0.0252493394725559,-0.05811867304178,0.0327128171922561,-0.00502705574038388,-0.0687281472407665,0.059209478332354,0.00828012131068112,0,0,0,0,3534.4,9.109802
0.00523167083563017,-0.0215556285101021,0.915245771408081,0.0100467754527926,0.000834488891996443,-1.51636427507933,0.0126966415443884,-0.0124877472926089,-0.0118318161749878,-5.53618523216164e-05,-0.00903718736164773,0.00172414118235252,-0.0128883197903633,-0.479561507701874,0.911637008190155,0.00156791701915502,-0.00911273712907941,0.0247919183229533,-0.0617389520630802,0.0159558653831627,0.00513792037964335,0.0061704366380117,-0.0105019223597032,-0.00457421149602965,0,0,0,0,3534.5,9.1764755
0.00565489222044311,-0.0219718867531891,0.915245771408081,0.0100467754527926,0.000834488891996443,-1.51636427507933,0.0126966415443884,-0.0124877472926089,-0.0118318161749878,-3.87532966251315e-05,-0.00632603115315341,0.00120689882764676,-0.0162368193268776,-0.477785766124725,0.912420809268951,0.0015070091989448,-0.0106609774447504,0.0239886566669116,-0.066969990730042,0.0355148315428395,0.0156760215758707,-0.00121815640419992,-0.0309648063133078,-0.0160652331207754,0,0,0,0,3534.55,9.2431734
0.00575975379034783,-0.022316120555274,0.914101958274841,0.0100467754527926,0.000834488891996443,-1.51636427507933,0.00314584709714139,-0.0103270140625488,-0.0151217400113649,-2.7127307637592e-05,-0.00442822180720739,0.000844829179352735,-0.019408205524087,-0.476092100143433,0.91315370798111,0.00263498195315517,-0.0130339493920361,0.0242176126289743,-0.0634277239439564,0.0338733196257313,0.0146579742431107,0.0225594550841252,-0.0474594389455398,0.00457911924123623,0,0,0,0,3534.6,9.3098703
0.005864826995992,-0.022660282643281,0.914101958274841,0.0102315321564674,0.000885850633494556,-1.51638811693724,0.00315219616932517,-0.0103248626402107,-0.0254161010504694,-0.00168179944841945,-0.00356201093852818,0.00080595714673832,-0.0260190796107054,-0.473832905292511,0.914294302463531,0.0053468795853948,-0.0136937667034617,0.0259808640476261,-0.0661087408662444,0.0225919485092369,0.0114059448242291,0.027118976322421,-0.00659817311426244,0.0176325141865346,1,-0,-0,-0,3534.7,9.3765906
0.00596990020163617,-0.0230044447312881,0.914101958274841,0.0102315321564674,0.000885850633494556,-1.51638811693724,0.00315219616932517,-0.0103248626402107,-0.0254161010504694,-0.00117725961389362,-0.00249340765696973,0.000564170002716824,-0.0291339699178934,-0.472586452960968,0.914577066898346,0.00548166793362172,-0.0147395096307281,0.0246806385916115,-0.0622978061441006,0.0249290466309954,0.00565528869631992,0.00269576696455318,-0.0209148585454423,-0.0260045091204342,1,-0,-0,-0,3534.75,9.4432868
0.00671932413612991,-0.023985686769545,0.90709662437439,0.0102315321564674,0.000885850633494556,-1.51638811693724,0.022482718034812,-0.029437261147707,0.0502722529336924,-0.000824081729725532,-0.00174538535987881,0.000394919001901777,-0.031851127743721,-0.471496611833572,0.915067911148071,0.00734532125212155,-0.00344950699491316,0.024807565016647,-0.0543431565163543,0.0217968225478333,0.00981688499447112,0.0372730663698609,0.225800052715477,0.00253852850070033,1,-0,-0,-0,3534.8,9.5100092
0.00746886141837982,-0.0249671683645459,0.90709662437439,0.010173637419939,0.000330818118527532,-1.51625555620726,0.0224861184674976,-0.029444447850027,-0.012764699953343,-5.5804582052303e-05,0.00377352288278805,-0.000916603268492975,-0.0352732501924038,-0.469539791345596,0.916260898113251,0.0052326561059262,0.0530991858440931,0.0242171476980725,-0.034221224486859,0.0195682048797785,0.0119298696518053,-0.0211266514619726,0.565486928390576,-0.00590417318574991,1,-0,-0,-0,3534.9,9.5766955
0.00821839870062975,-0.0259486499595468,0.90709662437439,0.010173637419939,0.000330818118527532,-1.51625555620726,0.0224861184674976,-0.029444447850027,-0.012764699953343,-3.90632074366121e-05,0.00264146601795164,-0.000641622287945082,-0.0351085811853409,-0.468813806772232,0.917536497116089,0.00570810320852615,0.0675494833036307,0.0246352406577606,0.00329338014124626,0.0145196914672323,0.0255119800566699,0.00950894205196428,0.289005949189702,0.00836185919373106,1,-0,-0,-0,3534.95,9.6434279
0.00975525285109752,-0.0247752701523602,0.897943377494812,0.010173637419939,0.000330818118527532,-1.51625555620726,0.0461056245140331,0.0352013942155973,0.0551055725693327,-2.73442452056284e-05,0.00184902621256615,-0.000449135601561558,-0.0333907157182693,-0.468219697475433,0.919689953327179,0.00644647365126974,0.0755496158293398,0.0239377777482833,0.0343573093416182,0.011882185936039,0.0430691242220368,0.0147674088549525,0.160002650515054,-0.0139492581896228,1,-0,-0,-0,3535,9.7101544
0.0112981963755274,-0.0236976688611532,0.897943377494812,0.011539114639163,-0.072654128074646,-1.51533406839904,0.0462883057328951,0.0323280387362105,-0.0288211569787079,-0.0123084359446597,0.658158834087358,-0.00860778519514094,-0.023499658331275,-0.467578917741776,0.924378454685211,0.0130388968842568,0.0844223524976823,0.0244596111672137,0.0989105738695838,0.00640779733655506,0.0468850135801517,0.065924232329631,0.0887273666831022,0.0052183341892855,1,-0,-0,-0,3535.1,9.7768688
0.0128411398999572,-0.0226200675699461,0.897943377494812,0.011539114639163,-0.072654128074646,-1.51533406839904,0.0462883057328951,0.0323280387362105,-0.0288211569787079,-0.00861590516126181,0.460711183861151,-0.00602544963659866,-0.0155290449038148,-0.467106908559799,0.92656284570694,0.0138713895030115,0.089158084545631,0.0235892433837812,0.159412268550074,0.00944018363957788,0.0436878204348087,0.0166498523751844,0.0947146409594915,-0.0174073556687453,1,-0,-0,-0,3535.15,9.8435985
0.014384083424387,-0.0215424662787391,0.890732109546661,0.011539114639163,-0.072654128074646,-1.51533406839904,0.0462883057328951,0.0323280387362105,0.0360802545546478,-0.00603113361288327,0.322497828702805,-0.00421781474561906,-0.00473765842616558,-0.467306226491928,0.928977131843567,0.0137530349985899,0.0947120287759507,0.0258858417826534,0.215827729552199,-0.00398635864256362,0.0482857227323683,-0.00236709008842369,0.111078884605989,0.0459319679772764,1,-0,-0,-0,3535.2,9.910291
0.0159306437508395,-0.0205014450233241,0.890732109546661,0.0125887161120772,-0.0990130230784416,-1.51556795702513,0.0463968097935744,0.0312306376624512,-0.0293241962766548,-0.0136682067852463,0.462978535126124,-0.000847472687045647,0.0239156428724527,-0.46731698513031,0.935552000999451,0.0153340081906021,0.0940487373519274,0.0235696272764531,0.286533012986444,-0.000107586383819678,0.0657486915588977,0.0158097319201362,-0.00663291424023819,-0.0231621450620242,1,-0,-0,-0,3535.3,9.9769958
0.017477204077292,-0.0194604237679091,0.890732109546661,0.0125887161120772,-0.0990130230784416,-1.51556795702513,0.0463968097935744,0.0312306376624512,-0.0293241962766548,-0.00956774474967238,0.324084974588287,-0.000593230880931953,0.0418168380856514,-0.468414306640625,0.938577592372894,0.0150929381949225,0.0943617806855274,0.0221246583865788,0.358023904262671,-0.021946430206219,0.0605118274686519,-0.00482139991357462,0.00626086667197682,-0.0288993777973807,1,-1,-0,-0,3535.35,10.0436571
0.0267381183555171,-0.0108894279978375,0.900548934936523,0.012916436418891,-0.109343655407429,-1.51515859232482,0.277827428346752,0.257129873102147,-0.142963987085966,-0.00964690408609412,0.319835173172685,-0.00409954391950881,0.0625536888837814,-0.469143509864807,0.941194176673889,0.0146935342160526,0.0968875072156514,0.0240899089008858,0.414737015964864,-0.0145840644837222,0.052331686020183,-0.00798807957744078,0.0505145306027555,0.0393050102863544,-0,-1,-0,-0,3535.4,10.1135654
0.0359990326337421,-0.00231843222776589,0.900548934936523,0.012916436418891,-0.109343655407429,-1.51515859232482,0.277827428346752,0.257129873102147,-0.0546125585772079,-0.00675283286026588,0.223884621220879,-0.00286968074365617,0.110204920172691,-0.47188925743103,0.945882856845856,0.0380487833226934,0.097374960346056,0.0207645820745497,0.476512312889532,-0.0274574756622564,0.0468868017197082,0.233552491066621,0.00487453130405018,-0.0332532682633912,-0,-1,-0,-0,3535.5,10.1802395
0.0452599469119672,0.00625256354230569,0.900548934936523,0.012916436418891,-0.109343655407429,-1.51515859232482,0.277827428346752,0.257129873102147,-0.0546125585772079,-0.00472698300218612,0.156719234854616,-0.00200877652055932,0.136946454644203,-0.474881589412689,0.948989808559418,0.0635024277041148,0.0727912193860033,0.0182403514574117,0.534830689428291,-0.059846639632961,0.0621390342710142,0.509072887626575,-0.491674819199265,-0.0504846123425763,-0,-1,-0,-0,3535.55,10.2470493
0.0564676442087802,0.0199880822364521,0.912404954433441,0.0558260567486286,-0.100585266947746,-1.51523583994445,0.33623091890439,0.412065560824391,-0.150631611701779,-0.389495471069169,0.0308779682610887,-0.000710914987731366,0.164520636200905,-0.479388803243637,0.952372431755066,0.0858868546983825,0.039726575628291,0.0203238478891484,0.551483631132027,-0.0901442766186296,0.0676524639127177,0.447688539883726,-0.66129287515184,0.0416699286345836,-0,-1,-0,-0,3535.6,10.3136708
0.0676753415055932,0.0337236009305985,0.912404954433441,0.0558260567486286,-0.100585266947746,-1.51523583994445,0.33623091890439,0.412065560824391,-0.0439274362295193,-0.272646829748419,0.0216145777827621,-0.000497640491411956,0.223608419299126,-0.493905335664749,0.957021474838257,0.0987938043727604,0.0114831242758259,0.0225485430575422,0.590877830982746,-0.145165324211253,0.0464904308319515,0.129069496743896,-0.282434513524908,0.0222469516839577,-0,-1,-0,-0,3535.7,10.3804771
0.0788830388024062,0.0474591196247448,0.912404954433441,0.0558260567486286,-0.100585266947746,-1.51523583994445,0.33623091890439,0.412065560824391,-0.0439274362295193,-0.190852780823893,0.0151302044479335,-0.000348348343988369,0.253730833530426,-0.504387199878693,0.958805203437805,0.102028862942813,0.0061575132770504,0.0234684005859572,0.602448284629295,-0.209637284280014,0.0356745719911615,0.0647011714013993,-0.106512219976091,0.0183971505684011,0,0,0,0,3535.75,10.4471718
0.0883901258151671,0.0655075961736292,0.916423618793488,0.107691265642643,-0.0203719940036535,-1.51530378923949,0.285212610382826,0.541454296466531,-0.0476547824469436,-0.600383826622854,-0.711328313383281,0.000367699814603649,0.283539295196533,-0.516685843467712,0.960793793201447,0.106982421251486,-0.0021632193812339,0.0248340754484291,0.596169233319975,-0.245972871779501,0.0397717952726825,0.0990711661730963,-0.16641465316508,0.0273134972493392,0,0,0,0,3535.8,10.5138435
0.097897212827928,0.0835560727225136,0.916423618793488,0.107691265642643,-0.0203719940036535,-1.51530378923949,0.285212610382826,0.541454296466531,-0.0114868032065261,-0.420268678635998,-0.497929819368297,0.000257389870222555,0.343001157045364,-0.547910749912262,0.964157700538635,0.083840464884926,-0.00784333375554463,0.0226448200617216,0.594618618488853,-0.31224906444578,0.0336390733719178,-0.231419563665806,-0.056801143743159,-0.0218925538670957,-0,0.453138828699606,-0,-0,3535.9,10.5805637
0.107404299840689,0.101604549271398,0.916423618793488,0.107691265642643,-0.0203719940036535,-1.51530378923949,0.285212610382826,0.541454296466531,-0.0114868032065261,-0.294188075045199,-0.348550873557808,0.000180172909155788,0.372043460607529,-0.565759718418121,0.965538918972015,0.0565575722443832,-0.00814521798715464,0.0230236065368672,0.580846071241173,-0.356979370115889,0.027624368667502,-0.54565785280887,-0.00603768463217826,0.00757572950288581,-0,1,-0,-0,3535.95,10.6472706
0.110085573658862,0.122802845555121,0.943835318088531,0.0775494426488876,-0.00534681556746364,-1.51535147295531,0.0804382145451858,0.635948888511704,-0.282077528736586,0.065344754412159,-0.379212217416175,0.000555274478791864,0.400991410017014,-0.584806740283966,0.96613210439682,0.0242301965132888,-0.00573441243046941,0.0227874524080092,0.578958988192857,-0.380940437318973,0.0118637084961585,-0.646547514625417,0.0482161111339678,-0.00472308257718569,-0,1,-0,-0,3536,10.7139997
0.112766847477035,0.144001141838845,0.943835318088531,0.0775494426488876,-0.00534681556746364,-1.51535147295531,0.0804382145451858,0.635948888511704,-0.03537223508119,0.0457413280885113,-0.265448552191322,0.000388692135154305,0.458017200231552,-0.621879100799561,0.967446386814117,-0.0446908161890976,0.00381873017392661,0.0232756116399121,0.570257902143311,-0.370723605154596,0.0131428241729258,-0.689210127021356,0.0955314260436126,0.00488159231901122,-0,1,-0,-0,3536.1,10.7806467
0.115448121295207,0.165199438122568,0.943835318088531,0.0775494426488876,-0.00534681556746364,-1.51535147295531,0.0804382145451858,0.635948888511704,-0.03537223508119,0.0320189296619579,-0.185813986533925,0.000272084494608013,0.486233472824097,-0.639162302017212,0.96758496761322,-0.068599745767225,0.00094504011941065,0.0269382422144745,0.564325451853971,-0.345664024354914,0.00277161598207079,-0.478178591565157,-0.0574738010906328,0.0732526114916474,-0,1,-0,-0,3536.15,10.8473442
0.117871674098378,0.186393307687357,0.953801512718201,-0.0475142002105713,-0.00205404357984662,-1.51385801897582,0.072706584095107,0.635816086943651,-0.133446650933344,1.1479860364985,-0.159704738462301,-0.0132506266692041,0.513761281967163,-0.654489755630493,0.967077970504761,-0.0831619689269377,6.18006792866334e-05,0.0273066724460181,0.550556182859325,-0.30654907226451,-0.0101399421691526,-0.291244463193196,-0.0176647888024161,0.00736860463084429,-0,1,-0,-0,3536.2,10.9140802
0.120295226901548,0.207587177252145,0.953801512718201,-0.0475142002105713,-0.00205404357984662,-1.51385801897582,0.072706584095107,0.635816086943651,-0.0437508992663217,0.803590225548951,-0.111793316923611,-0.00927543866844286,0.568486154079437,-0.678918480873108,0.966462731361389,-0.09314296313161,-0.00177874031450902,0.0245663287912832,0.547248721123239,-0.24428725242637,-0.00615239143372142,-0.0998099420468129,-0.0184054099379732,-0.027403436547374,-0,1,-0,-0,3536.3,10.9808001
0.122718779704718,0.228781046816933,0.953801512718201,-0.0475142002105713,-0.00205404357984662,-1.51385801897582,0.072706584095107,0.635816086943651,-0.0437508992663217,0.562513157884265,-0.0782553218465275,-0.00649280706791,0.594970643520355,-0.687714159488678,0.966173231601715,-0.0996050762584751,4.84829786896633e-05,0.0253544419761441,0.529689788816432,-0.175913572310761,-0.00578999519346038,-0.129242262536834,0.0365444658638407,0.0157622636971617,-0,1,-0,-0,3536.35,11.0474681
0.132759996828225,0.242811978065934,0.952902257442474,-0.0859521776437759,0.00130905432160944,-1.51426070795592,0.301236513705193,0.420927937470012,-0.0264198762498957,0.739701007417828,-0.0850466064056737,-0.000920764126614146,0.621866405010223,-0.693899273872375,0.966109395027161,-0.101466118044402,-0.000758304638537124,0.025194458795763,0.537915229800299,-0.123702287674625,-0.00127673149109583,-0.0372208357187461,-0.0161357523446238,-0.00319966360764011,-0,1,-0,-0,3536.4,11.1141553
0.142801213951731,0.256842909314934,0.952902257442474,-0.0859521776437759,0.00130905432160944,-1.51426070795592,0.301236513705193,0.420927937470012,-0.0345131737314325,0.517790705192479,-0.0595326244839716,-0.000644534888629902,0.674430072307587,-0.698777973651886,0.964733779430389,-0.105217947737073,-0.000150967500077132,0.0256979159672253,0.525636672974111,-0.0487869977951494,-0.0137561559677249,-0.0375182969267405,0.00607337138460544,0.00503457171462742,-0,1,-0,-0,3536.5,11.1808467
0.152842431075237,0.270873840563935,0.952902257442474,-0.0859521776437759,0.00130905432160944,-1.51426070795592,0.301236513705193,0.420927937470012,-0.0345131737314325,0.362453493634735,-0.0416728371387801,-0.000451174422040932,0.700837910175323,-0.696965575218201,0.963518619537354,-0.105926351896021,0.001879883926286,0.0256860698944748,0.528156757352815,0.0362479686735742,-0.0243031978606294,-0.0141680831789069,0.0406170285271148,-0.000236921455009266,-0,1,-0,-0,3536.55,11.2475566
0.167257462039546,0.276995069855944,0.963608086109161,-0.0974282175302505,0.000318892300128937,-1.5147377835327,0.432450928929252,0.183636878760279,-0.138044574444911,0.357001804522586,-0.0202595278038216,0.00397785809561139,0.726309180259705,-0.693141222000122,0.962268352508545,-0.106964470036278,0.0011283056040837,0.0238439474122414,0.509425401685769,0.076487064361294,-0.0250053405760809,-0.0207623628050618,-0.0150315664439912,-0.0368424496445337,-0,1,-0,-0,3536.6,11.3142833
0.181672493003854,0.283116299147953,0.963608086109161,-0.0974282175302505,0.000318892300128937,-1.5147377835327,0.432450928929252,0.183636878760279,-0.0416921164447283,0.24990126316581,-0.0141816694626751,0.00278450066692797,0.777125716209412,-0.677963674068451,0.96040540933609,-0.106493014493068,-0.00286811315515676,0.0250559524793561,0.508165359497532,0.151775479316849,-0.0186294317245653,0.00471455543209943,-0.039964187592441,0.0121200506711581,-0,1,-0,-0,3536.7,11.3809765
0.196087523968163,0.289237528439963,0.963608086109161,-0.0974282175302505,0.000318892300128937,-1.5147377835327,0.432450928929252,0.183636878760279,-0.0416921164447283,0.174930884216067,-0.00992716862387257,0.00194915046684958,0.802163243293762,-0.666154623031616,0.960084438323975,-0.105301538403582,-0.00248397829296365,0.0241349705498384,0.500750541689744,0.236181020737983,-0.0064194202423446,0.0238295217898545,0.00768269724390427,-0.018419638590454,0,0,0,0,3536.75,11.4477104
0.222797666735594,0.288572359623597,0.950291037559509,-0.0968299135565758,0.00234631658531725,-1.51527994738158,0.801304283022953,-0.0199550644909602,0.0601402903275647,0.117066883188174,-0.0251958366034057,0.00624387996668728,0.82732367515564,-0.652557373046875,0.959557175636292,-0.10165042775618,-0.00122236821942009,0.0243624016759634,0.503208637235718,0.271944999693835,-0.0105452537536237,0.0730222129477795,0.0252322014707794,0.00454862252248268,0,0,0,0,3536.8,11.514419
0.249507809503026,0.287907190807232,0.950291037559509,-0.0968299135565758,0.00234631658531725,-1.51527994738158,0.801304283022953,-0.0199550644909602,-0.0597131466193042,0.0819468182317219,-0.017637085622384,0.0043707159766811,0.876263082027435,-0.619537591934204,0.956883668899536,-0.0782089855876986,0.00330434462390586,0.0236072310442614,0.489394068718402,0.330197811127009,-0.026735067367578,0.234414421685025,0.0452671284333006,-0.00755170631702696,0,0,0,0,3536.9,11.581101
0.276217952270458,0.287242021990866,0.950291037559509,-0.0968299135565758,0.00234631658531725,-1.51527994738158,0.801304283022953,-0.0199550644909602,-0.0597131466193042,0.0573627727622053,-0.0123459599356688,0.00305950118367677,0.900520384311676,-0.60078364610672,0.95423811674118,-0.0536378814396778,0.000611809251472992,0.0231471236985147,0.485146045683049,0.375078916548318,-0.0529110431669218,0.491422082958629,-0.0538507074484614,-0.00920214691489899,0,0,0,0,3536.95,11.647834
0.284904843301213,0.28903808335011,0.971391141414642,-0.0467733256518841,-0.00240045087412,-1.51462334261473,0.260606730922641,0.053881840777309,-0.214989115397717,-0.410355350208682,0.0340787351799671,-0.00376779207303759,0.924309551715851,-0.581386506557465,0.951041042804718,-0.033079807260465,0.000431043484232129,0.0215461975132835,0.475783348086092,0.387942790987224,-0.063941478729597,0.4111614835865,-0.00361531534483699,-0.0320185237047985,0,0,0,0,3537,11.7146213
0.293591734331967,0.290834144709354,0.971391141414642,-0.0467733256518841,-0.00240045087412,-1.51462334261473,0.260606730922641,0.053881840777309,-0.0250881807015194,-0.287248745146077,0.023855114625977,-0.00263745445112631,0.972553670406342,-0.540189921855927,0.944246530532837,-0.0241133229010245,-0.00148966322304831,0.0208145888202743,0.482441186903152,0.411965847013882,-0.0679451227185639,0.0896648435940788,-0.0192070670727345,-0.00731608693006566,-1,-0,-0,-0,3537.1,11.7813183
0.302278625362722,0.292630206068597,0.971391141414642,-0.0467733256518841,-0.00240045087412,-1.51462334261473,0.260606730922641,0.053881840777309,-0.0250881807015194,-0.201074121602254,0.0166985802381839,-0.00184621811578842,0.995973944664001,-0.518874168395996,0.940988421440125,-0.024754122375395,-0.00401892739230135,0.022088877095384,0.468405485155754,0.426315069200935,-0.0651621818546036,-0.0128159894874814,-0.0505852833853369,0.0254857655023319,-1,-0,-0,-0,3537.15,11.8480045
0.311002127745517,0.29442287228234,0.959389686584473,-0.0129828462377191,-0.000854237121529877,-1.51547974215087,0.261705071483836,0.0537799864122785,0.089206480021478,-0.444866199849063,-0.00222691760658236,0.00641524314414342,1.01903665065765,-0.497516542673111,0.938260018825531,-0.0239276237458745,-0.0146793871352773,0.0229873311752681,0.461254119871369,0.427152514456149,-0.0545680522916716,0.0165299725903513,-0.213209194858743,0.0179690815976179,-1,-0,-0,-0,3537.2,11.9147333
0.319725630128311,0.296215538496083,0.959389686584473,-0.0129828462377191,-0.000854237121529877,-1.51547974215087,0.261705071483836,0.0537799864122785,-0.0188066134500491,-0.311406339894344,-0.00155884232460765,0.00449067020090039,1.06155693531036,-0.455051928758621,0.934651732444763,-0.018152473371088,-0.072996001832971,0.0209551430951908,0.425202846527486,0.424646139145284,-0.036082863807711,0.0577515037479173,-0.583166146977468,-0.0203218808007914,-1,-0,-0,-0,3537.3,11.9814687
0.328449132511106,0.298008204709825,0.959389686584473,-0.0129828462377191,-0.000854237121529877,-1.51547974215087,0.261705071483836,0.0537799864122785,-0.0188066134500491,-0.217984437926041,-0.00109118962722535,0.00314346914063028,1.08092832565308,-0.433928221464157,0.932722091674805,-0.0134607633234535,-0.088212719980697,0.0203160318997383,0.387427806852839,0.422474145887745,-0.0385928153990295,0.0938342009523487,-0.304334362953413,-0.0127822239090032,-1,-0,-0,-0,3537.35,12.0481545
0.342906369838665,0.296767227343551,0.960512042045593,-0.0129828462377191,-0.000854237121529877,-1.51547974215087,0.433717119826772,-0.0372293209882335,-0.0202973602928648,-0.152589106548229,-0.000763832739057748,0.00220042839844119,1.09810078144073,-0.412226319313049,0.930803298950195,-0.0102348857965813,-0.095660023700139,0.0178639526302645,0.343449115755048,0.434038043024524,-0.0383758544923969,0.0645175505377965,-0.148946074389652,-0.0490415853897447,-1,-0,-0,-0,3537.4,12.1148905
0.357363607166224,0.295526249977276,0.960512042045593,-0.0129828462377191,-0.000854237121529877,-1.51547974215087,0.433717119826772,-0.0372293209882335,-0.0101961611427793,-0.10681237458376,-0.000534682917340424,0.00154029987890883,1.12574946880341,-0.369787037372589,0.926523685455322,-0.0129696743580097,-0.0976988682829995,0.0176044818260372,0.27648687362696,0.424392819404988,-0.0427961349487694,-0.027347885614309,-0.0203884458286233,-0.00259470804227571,-1,-0,-0,-0,3537.5,12.1816056
0.371822533141036,0.29430401725295,0.960512042045593,-0.00163223955314606,0.0783964991569519,-1.51641505823668,0.433767779244377,-0.0366669817297997,-0.0101385340694971,-0.176924122369789,-0.713630904548474,0.00949605468757505,1.13576447963715,-0.348723292350769,0.925302684307098,-0.0132035719595456,-0.102319489754214,0.0195217325979471,0.200300216674076,0.421274900434869,-0.0244200229643887,-0.00467795203070208,-0.0924124294239483,0.038345015438059,-0.875026703695791,-0.406262398144475,0.726584673604541,-0,3537.55,12.2483229
0.3815345294687,0.286119860052039,0.942459166049957,0.00322084594517946,0.100016668438911,-1.51533478365477,0.29135988982992,-0.245524716027336,0.13668258198116,-0.167524655143782,-0.694123156721568,-0.00307523295588008,1.14321160316467,-0.327457934617996,0.924593150615692,-0.0117078087095454,-0.105967885866503,0.0193916303716464,0.148942470549995,0.425307154653909,-0.0141906738280734,0.0299152649998964,-0.0729679222455197,-0.00260204452600371,-0,-0.406262398144475,1,-0,3537.6,12.3150351
0.391246525796364,0.277935702851127,0.942459166049957,0.00322084594517946,0.100016668438911,-1.51533478365477,0.29135988982992,-0.245524716027336,-0.0257933019795639,-0.117267258600647,-0.485886209705097,-0.00215266306911606,1.14965045452118,-0.286031395196915,0.934986352920532,0.00577768884319736,-0.099053351085036,0.0237157279618126,0.064388513565122,0.414265394211192,0.103932023048495,0.174854975527586,0.0691453478147325,0.0432409759017015,-0,-0.406262398144475,1,-0,3537.7,12.3817683
0.400958522124028,0.269751545650216,0.942459166049957,0.00322084594517946,0.100016668438911,-1.51533478365477,0.29135988982992,-0.245524716027336,-0.0257933019795639,-0.0820870810204532,-0.340120346793568,-0.00150686414838124,1.14894533157349,-0.266306191682816,0.955247104167938,0.0189301126900697,-0.070876953259083,0.0248103750793059,-0.0141024589539344,0.394504070284135,0.405215024950331,0.263048476938883,0.563527956522135,0.0218929423499852,-0,-0,1,-0,3537.75,12.4484906
0.404164151910378,0.257874047287336,0.950821280479431,0.0310845747590065,0.0709915235638618,-1.52610581980284,0.0961688935904904,-0.356324950886408,-0.46530917781308,-0.308234516038761,0.0231420611199486,0.0958845204287748,1.145951628685,-0.247249618172646,0.988624811172485,0.0194785197443342,-0.0352802710844997,0.0193319404817147,-0.0598740577695576,0.381131470202013,0.667554140088514,0.0109681410852494,0.711933643489076,-0.109568691951426,-0,-0,0.835963011566515,-0,3537.8,12.5152104
0.407369781696728,0.245996548924456,0.950821280479431,0.0310845747590065,0.0709915235638618,-1.52610581980284,0.0961688935904904,-0.356324950886408,-0.390050147947815,-0.215764161227132,0.016199442783964,0.0671191643001423,1.13642084598541,-0.211729884147644,1.09235906600952,-0.0133445338010931,-0.00798271750687488,0.0148928698022223,-0.0953078269959363,0.355197340250338,1.0373425483713,-0.328230535454571,0.272975535776497,-0.044390706794964,0,0,0,0,3537.9,12.5819274
0.410575411483078,0.234119050561575,0.950821280479431,0.0310845747590065,0.0709915235638618,-1.52610581980284,0.0961688935904904,-0.356324950886408,-0.390050147947815,-0.151034912858993,0.0113396099487748,0.0469834150100996,1.13186538219452,-0.194124937057495,1.1624368429184,-0.0226521513367201,0.00153304285517776,0.0133439034374362,-0.0911092758175396,0.352098941801698,1.40155553817239,-0.186152350711863,0.19031520724036,-0.0309793272956104,0,0,0,0,3537.95,12.6486468
0.411607214309325,0.223350390051699,1.14064180850983,-0.00973516702651978,-0.00331468833610415,-1.51947539911803,0.0309540847874206,-0.323059815296289,-2.74872361825325,0.261653237068442,0.676693634063837,-0.0267853956562604,1.12720489501953,-0.17642305791378,1.24200868606567,-0.019579181069667,0.00226323559611117,0.00906157634452905,-0.0932097435002645,0.35403758287623,1.59143686295424,0.0614594053413968,0.0146038548187479,-0.0856465418586098,-0.484389782403027,-0,-0,-0,3538,12.7153502
0.412639017135572,0.212581729541823,1.14064180850983,-0.00973516702651978,-0.00331468833610415,-1.51947539911803,0.0309540847874206,-0.323059815296289,-1.04033886597969,0.183157265947909,0.473685543844686,-0.0187497769593822,1.11795711517334,-0.14107272028923,1.39301764965057,0.00445957240520198,-0.0281640571718939,0.00947047996321255,-0.0924777984615776,0.353503376244213,1.51008963584351,0.240387534747816,-0.304272927678944,0.00408903618682011,-1,-0,-0,-0,3538.1,12.7820685
0.41367081996182,0.201813069031947,1.14064180850983,-0.00973516702651978,-0.00331468833610415,-1.51947539911803,0.0309540847874206,-0.323059815296289,-1.04033886597969,0.128210086163536,0.33157988069128,-0.0131248438715676,1.11369121074677,-0.124676629900932,1.45794868469238,0.00884642746459889,-0.0381047522863448,0.0127011400363723,-0.0853180885319597,0.32792180776775,1.29862070084327,0.0877371011884169,-0.198813902290103,0.0646132014635475,0,0,0,0,3538.15,12.8487812
0.416353831677196,0.192979586410939,1.40285873413086,0.0239758267998695,0.0334951877593994,-1.51081722841796,0.0804903514612827,-0.26500447863023,-3.4070094557746,-0.213651884123028,-0.0991829683756363,-0.0871109270107565,1.10873126983643,-0.105876103043556,1.51123750209808,0.0263134260156373,-0.0624222854282267,0.00802939195200424,-0.0991988182064262,0.376010537146154,1.06577634811014,0.349339971019498,-0.486350662835869,-0.0934349616870212,0,0,0,0,3538.2,12.9155059
0.419036843392572,0.184146103789931,1.40285873413086,0.0239758267998695,0.0334951877593994,-1.51081722841796,0.0804903514612827,-0.26500447863023,-1.0470571251853,-0.14955631888612,-0.0694280778629454,-0.0609776489075295,1.10095989704132,-0.0652799904346466,1.57757699489594,0.024341132138737,-0.0784068056138978,0.0158284442621553,-0.0777137279511205,0.405961126089465,0.663394927979119,-0.0197229387690208,-0.159845201856856,0.0779905231015817,0,0,0,0,3538.3,12.9822391
0.421719855107948,0.175312621168923,1.40285873413086,0.0239758267998695,0.0334951877593994,-1.51081722841796,0.0804903514612827,-0.26500447863023,-1.0470571251853,-0.104689423220284,-0.0485996545040618,-0.0426843542352707,1.09011876583099,-0.0517962276935577,1.59191846847534,-0.00804990228702045,-0.0486861561813531,0.0149589228040716,-0.216822624205754,0.269675254820796,0.286829471587091,-0.647820688512793,0.594412988648731,-0.0173904291616116,0,0,0,0,3538.35,13.0489292
0.427201633114902,0.17009561049451,1.5107399225235,0.0239758267998695,0.0334951877593994,-1.51081722841796,0.16445334020861,-0.156510320232409,-1.13796328000334,-0.0732825962541987,-0.0340197581528432,-0.0298790479646895,1.08278346061707,-0.034009575843811,1.60299742221832,-0.00105689250302912,-0.022448812988539,0.0233457696092483,-0.146706104279365,0.355733036996875,0.221579074860828,0.13986019568059,0.524746863859147,0.16773693610445,0,0,0,0,3538.4,13.1156227
0.432683411121855,0.164878599820096,1.5107399225235,0.0239758267998695,0.0334951877593994,-1.51081722841796,0.16445334020861,-0.156510320232409,-0.167032584469583,-0.0512978173779391,-0.0238138307069903,-0.0209153335752826,1.06625151634216,0.000782022252678871,1.6204479932785,0.000600858291363622,-0.0119127267173441,0.0208622870667992,-0.165319442749174,0.347915980965215,0.174505710601965,0.0165775079439425,0.105360862712045,-0.0248348254245135,0,0,0,0,3538.5,13.1823373
0.438082170095139,0.159756223418347,1.5107399225235,0.0157829690724611,0.0472626015543938,-1.51328748331603,0.161962769198521,-0.153671292052465,-0.169498486497549,0.0378272473821183,-0.140576405649842,0.00759156057994377,1.05507910251617,0.0146393142640591,1.628089427948,0.000725317324951177,-0.0152614138971204,0.0227245464664404,-0.223448276518962,0.277145840226596,0.152828693389337,0.00248918067174204,-0.0669737435952831,0.0372451879926895,-0,-0,-1,-0,3538.55,13.2490567
0.436352942651082,0.151319282088837,1.54889345169067,0.0146567085757852,0.0159278437495232,-1.51433676348265,-0.0518768233217086,-0.253108239885314,-0.420756956769487,0.0366154176375665,0.183609336288946,0.0147576139055944,1.04528999328613,0.0304546654224396,1.63566219806671,0.00102903110903207,-0.0168503670064239,0.019752397592875,-0.195782184600118,0.316307023166459,0.151455402373717,0.00607427568159575,-0.0317790621859533,-0.059442977471093,-0,-0,-1,-0,3538.6,13.3157822
0.434623715207025,0.142882340759326,1.54889345169067,0.0146567085757852,0.0159278437495232,-1.51433676348265,-0.0518768233217086,-0.253108239885314,-0.077375194264909,0.0256307923462966,0.128526535402262,0.0103303297339161,1.02721750736237,0.0621363557875156,1.64371657371521,0.025532850908042,-0.0355634132041452,0.0043963105087319,-0.180724859237835,0.316816903651049,0.0805437564850586,0.245038197990322,-0.187130461977384,-0.15356087084157,-0,-0,-1,-0,3538.7,13.382512
0.432894487762968,0.134445399429816,1.54889345169067,0.0146567085757852,0.0159278437495232,-1.51433676348265,-0.0518768233217086,-0.253108239885314,-0.077375194264909,0.0179415546424076,0.0899685747815834,0.00723123081374127,1.01370537281036,0.0723706483840942,1.63495099544525,0.0329479491880914,-0.0420128188321334,0.0174232669299582,-0.270242691041514,0.204685851932689,-0.175311565400127,0.148301965601797,-0.128988112560468,0.260539128425947,-0,-0,-0.617206335642567,-0,3538.75,13.449229
0.432942810614069,0.123432573269581,1.53834116458893,0.0146567085757852,0.0159278437495232,-1.51433676348265,0.0014496855330177,-0.330384784807045,0.346824169169929,0.0125590882496853,0.0629780023471084,0.00506186156961889,1.00152730941772,0.082743264734745,1.61317789554596,-0.0192238237028259,-0.00168026654274397,0.0332759936305188,-0.243561267851897,0.207452327012261,-0.435461997984256,-1.04343545781455,0.806651045784855,0.31705453401006,0,0,0,0,3538.8,13.5159388
0.43299113346517,0.112419747109346,1.53834116458893,0.0146567085757852,0.0159278437495232,-1.51433676348265,0.0014496855330177,-0.330384784807045,0.251853585254218,0.00879136177477972,0.0440846016429759,0.00354330309873322,0.975823938846588,0.111533515155315,1.52719104290009,-0.000204486125283079,-0.0174823724498173,0.0210699329028101,-0.257033705711599,0.287902504205966,-0.859868526459522,0.190193375775601,-0.158021059070877,-0.122060607277199,0,0,0,0,3538.9,13.5826237
0.433132075904802,0.101458740481882,1.53834116458893,0.010434053838253,0.0118873855099082,-1.51031726465758,0.00422827318897181,-0.328830198823932,0.252833251259456,0.0441578458801351,0.0672233453066178,-0.0336951772565459,0.964758813381195,0.126220434904099,1.47469878196716,-0.00146147031890017,-0.0139949508589771,0.0235924574810402,-0.221302509307056,0.293738394974594,-1.04984521865463,-0.0251396838722504,0.0697484318165512,0.0504504915644188,0,0,0,0,3538.95,13.6493599
0.43207287442152,0.0931893601526686,1.40398502349854,0.0144061148166656,0.0013973203022033,-1.51796287165221,-0.0317760444984454,-0.248081409876397,1.94626666346286,-0.00483805668961912,0.141466928583977,0.045223838872078,0.954312026500702,0.139402389526367,1.42645668983459,-0.00318855605646833,-0.0079045488645886,0.0246051118225798,-0.208935737611003,0.263639092446812,-0.964841842656632,-0.0345417147515516,0.121808039888434,0.0202530868309025,0,0,0,0,3539,13.7160841
0.431013672938239,0.0849199798234554,1.40398502349854,0.0144061148166656,0.0013973203022033,-1.51796287165221,-0.0317760444984454,-0.248081409876397,0.73706139364932,-0.00338663968273338,0.0990268500087836,0.0316566872104546,0.934322774410248,0.166987627744675,1.35474848747253,-0.00830124949826119,0.00212188363447484,0.0210046337042413,-0.199892520903814,0.275852382182071,-0.717082023617997,-0.0511269344177426,0.10026432499027,-0.0360047811832535,1,-0,-0,-0,3539.1,13.7828047
0.429954471454957,0.0766505994942422,1.40398502349854,0.0144061148166656,0.0013973203022033,-1.51796287165221,-0.0317760444984454,-0.248081409876397,0.73706139364932,-0.00237064777791337,0.0693187950061485,0.0221596810473182,0.926864802837372,0.180970132350922,1.33807253837585,-0.00395264098594397,-0.0421787965804901,0.0126114206895408,-0.149159431458333,0.279650092126465,-0.333518981935414,0.086972170246819,-0.886013604304133,-0.167864260294927,1,-0,-0,-0,3539.15,13.8495202
0.42977297249944,0.0691863157856474,1.30465054512024,-0.0124210845679045,-0.0200702920556068,-1.52109545336302,-0.00544496866552264,-0.223928511257844,1.63517555808689,0.239785341016592,0.241731667724595,0.0437050121304616,0.918295085430145,0.195126459002495,1.33331024646759,-0.0226421305804966,0.023206034245691,0.0134871639854276,-0.171394348143908,0.283126533030434,-0.0952458381649367,-0.373789791889692,1.30769661651886,0.0175148659176725,1,-0,-0,-0,3539.2,13.9162248
0.429591473543922,0.0617220320770526,1.30465054512024,-0.0124210845679045,-0.0200702920556068,-1.52109545336302,-0.00544496866552264,-0.223928511257844,0.741165252682225,0.167849738711614,0.169212167407217,0.0305935084913231,0.907664895057678,0.22305166721344,1.3310661315918,-5.7228728917408e-06,0.052977017000164,0.0132252907444215,-0.106301903724767,0.279252082109705,-0.022441148757955,0.226364077076254,0.297709827545001,-0.00261873241006312,1,-0,-0,-0,3539.3,13.9829279
0.429409974588405,0.0542577483684578,1.30465054512024,-0.0124210845679045,-0.0200702920556068,-1.52109545336302,-0.00544496866552264,-0.223928511257844,0.741165252682225,0.11749481709813,0.118448517185052,0.0214154559439262,0.904315590858459,0.237277179956436,1.33069837093353,0.00875419220670868,0.0625402545379709,0.0142437774099738,-0.0669860839841313,0.284510254858889,-0.00735521316525645,0.175198301591371,0.191264750755443,0.0203697333109708,1,-0,-0,-0,3539.35,14.049645
0.433495170729828,0.0489698613200519,1.30465054512024,-0.0124210845679045,-0.0200702920556068,-1.52109545336302,0.122555884242697,-0.158636611452176,-0.0267675549564582,0.082246371968691,0.0829139620295362,0.0149908191607483,0.902619779109955,0.251222491264343,1.33004081249237,0.0120554966860962,0.072721272264114,0.0151721553740266,-0.0339162349702779,0.278906226159664,-0.013151168823314,0.06602608958811,0.203620354523972,0.018567559281159,1,-0,-0,-0,3539.4,14.1163499
0.437580366871251,0.0436819742716461,1.30465054512024,-0.0124210845679045,-0.0200702920556068,-1.52109545336302,0.122555884242697,-0.158636611452176,-0.0267675549564582,0.0575724603780837,0.0580397734206753,0.0104935734125238,0.905146479606628,0.277609050273895,1.325767993927,0.00699214230615922,0.0818908644837459,0.0170421462803828,0.0252670049667588,0.26386559009576,-0.0427281856537254,-0.0506335437994154,0.0916959221964028,0.018699909063579,1,-0,-0,-0,3539.5,14.1830726
0.441746325622712,0.0383752523705344,1.30968773365021,0.0153521737083793,-0.0739696770906448,-1.51335328684386,0.124978762543816,-0.159201657033349,-0.0636274733735626,-0.209658602221895,0.525722306709815,-0.0623339972837187,0.909682810306549,0.290087848901749,1.32188880443573,0.0048462405074649,0.0865317993373235,0.0166015216085909,0.090726613998083,0.24957597255616,-0.0775837898251572,-0.0429180359737302,0.0928186970712137,-0.00881249343580748,0.890652180547502,-0,-0,-0,3539.55,14.2497504
0.447384595770481,0.041965262814043,1.32093513011932,0.0119424061849713,-0.0979457795619965,-1.51442688570555,0.16914810443308,0.107700313305255,-0.0975308312054087,-0.116073113844655,0.583790536939035,-0.0339714083433541,0.916197180747986,0.302225947380066,1.3175585269928,0.00424696458198623,0.091185188765221,0.0170410362222441,0.130287408828261,0.242761969565462,-0.0866055488583275,-0.0119855185095297,0.0930677885576118,0.00879029227303375,0.210943937498093,-0,-0,-0,3539.6,14.3164654
0.453022865918251,0.0455552732575515,1.32093513011932,0.0119424061849713,-0.0979457795619965,-1.51442688570555,0.16914810443308,0.107700313305255,0.00369573701663717,-0.0812511796912586,0.408653375857324,-0.0237799858403478,0.936090648174286,0.325871109962463,1.30962228775024,0.00555071344537538,0.0902393230260117,0.0158206605347034,0.198934674263181,0.23645162582419,-0.0793623924256093,0.0130374886339033,-0.00945865739210183,-0.0122037568754185,0,0,0,0,3539.7,14.3832077
0.45866113606602,0.04914528370106,1.32093513011932,0.0119424061849713,-0.0979457795619965,-1.51442688570555,0.16914810443308,0.107700313305255,0.00369573701663717,-0.056875825783881,0.286057363100127,-0.0166459900882435,0.949233829975128,0.337064236402512,1.3071403503418,0.00502013709019242,0.0725973940927506,0.015773739586316,0.26286363601828,0.223862528802186,-0.0496387481692162,-0.0106115271037171,-0.352838578667147,-0.000938418967752333,-0,1,-0,-0,3539.75,14.4499227
0.468664776702728,0.0583681767394346,1.31117832660675,0.0119424061849713,-0.0979457795619965,-1.51442688570555,0.30010921910125,0.276686791151238,0.0693304867465951,-0.0398130780487167,0.200240154170089,-0.0116521930617704,0.96390700340271,0.347859084606171,1.3049703836441,0.00266263688128209,0.0427439266695576,0.0152464049594041,0.293463468550568,0.215896964072396,-0.0433993339536995,-0.0471500041780351,-0.597069348461688,-0.0105466925382013,-0,1,-0,-0,3539.8,14.5166504
0.478668417339437,0.0675910697778092,1.31117832660675,0.0119424061849713,-0.0979457795619965,-1.51442688570555,0.30010921910125,0.276686791151238,-0.0184807448665641,-0.0278691546341017,0.140168107919062,-0.00815653514323931,0.99674117565155,0.369870096445084,1.29990458488464,-0.0229308273046628,0.00637710106752708,0.0136026146376079,0.328341722488702,0.22011011838933,-0.0506579875946506,-0.255934641859682,-0.363668256020636,-0.0164379032179761,-0,1,-0,-0,3539.9,14.5833487
0.488666476533477,0.0768351380071856,1.31117832660675,0.0104216793552041,-0.0757167115807533,-1.51392811403807,0.299941775821211,0.277322046881292,-0.0147756951648216,-0.00582186677596614,-0.101943936287845,-0.0101985196075917,1.01403141021729,0.381752908229828,1.29589009284973,-0.0513411331776676,0.000932584563135651,0.0140315036974629,0.345804691313439,0.237656235694021,-0.0802898406979501,-0.56820611745803,-0.108890330087432,0.00857778119706712,-0,1,-0,-0,3539.95,14.6500284
0.500318938308566,0.0843161437690375,1.30514979362488,-0.0529933497309685,-0.0139388712123036,-1.51231449709471,0.34957385325267,0.224430172855558,0.0536965616738673,0.566659955032377,-0.627361318717539,-0.0216615162155486,1.03146207332611,0.39514148235321,1.29185426235199,-0.0747581783998221,-0.000620297072691059,0.0155843765261787,0.348613262178416,0.267771482469113,-0.0807166099552745,-0.468340904445645,-0.0310576327167037,0.0310574565744856,-0,1,-0,-0,3540,14.7167508
0.511971400083655,0.0917971495308895,1.30514979362488,-0.0529933497309685,-0.0139388712123036,-1.51231449709471,0.34957385325267,0.224430172855558,-0.00056023516298578,0.396661968522664,-0.439152923102277,-0.015163061350884,1.06660747528076,0.426109403371811,1.28385055065155,-0.100831841540652,-0.00207637415023093,0.0190220810426405,0.35145401954523,0.309679210184878,-0.0800371170041034,-0.260736631407351,-0.0145607707753458,0.0343770451644935,-0,1,-0,-0,3540.1,14.7834591
0.523623861858744,0.0992781552927414,1.30514979362488,-0.0529933497309685,-0.0139388712123036,-1.51231449709471,0.34957385325267,0.224430172855558,-0.00056023516298578,0.277663377965865,-0.307407046171594,-0.0106141429456188,1.08403587341309,0.444729506969452,1.28055548667908,-0.102817992142397,-0.00267323718635472,0.0181174978871717,0.348567962648387,0.372402071954852,-0.0659012794498225,-0.039723012035113,-0.0119372607225409,-0.0180916631094748,-0,1,-0,-0,3540.15,14.8501612
0.535291439294019,0.106727354312588,1.28848028182983,-0.0883800014853477,0.00122100708540529,-1.51502960787352,0.350027323058257,0.223475970595407,0.142657775030096,0.512844230365519,-0.351623836999496,0.0170060969473442,1.10163021087646,0.465155601501465,1.27716851234436,-0.102113207631726,-0.00297865188117924,0.0177933877214424,0.351886749266298,0.408521890638773,-0.0677394866940895,0.0140956902133758,-0.00610829389646823,-0.00648220331456236,-0,1,-0,-0,3540.2,14.9168548
0.546959016729294,0.114176553332435,1.28848028182983,-0.0883800014853477,0.00122100708540529,-1.51502960787352,0.350027323058257,0.223475970595407,-0.00736783112529945,0.358990961255863,-0.246136685899647,0.0119042678631409,1.13641059398651,0.512736558914185,1.27133572101593,-0.110905095940145,-0.00303467514986183,0.0177436676761786,0.34780383110078,0.47580957412763,-0.0583279132843548,-0.0879188830842776,-0.000560232686826381,-0.000497200452638792,0,0,0,0,3540.3,14.9835747
0.55862659416457,0.121625752352282,1.28848028182983,-0.0883800014853477,0.00122100708540529,-1.51502960787352,0.350027323058257,0.223475970595407,-0.00736783112529945,0.251293672879104,-0.172295680129753,0.00833298750419865,1.15357184410095,0.54021018743515,1.26885724067688,-0.115947228099946,-0.00473256618088739,0.0181268547197812,0.34322500228757,0.549472570417313,-0.0495696067808255,-0.100842643195654,-0.0339578206203876,0.00766374087202407,0,0,0,0,3540.35,15.0502672
0.575892408638939,0.119884331872917,1.28848028182983,-0.0883800014853477,0.00122100708540529,-1.51502960787352,0.517974434231087,-0.0522426143809614,-0.016239969282583,0.175905571015373,-0.120606976090827,0.00583309125293905,1.17074906826019,0.569584727287292,1.26663780212402,-0.11194275259086,-0.00689521970256383,0.0185393049157483,0.343544483186689,0.587490797046053,-0.0443887710573711,0.0800895101821676,-0.043253070433765,0.00824900391938643,0,0,0,0,3540.4,15.1169512
0.593158223113309,0.118142911393551,1.28848028182983,-0.0883800014853477,0.00122100708540529,-1.51502960787352,0.517974434231087,-0.0522426143809614,-0.016239969282583,0.123133899710761,-0.084424883263579,0.00408316387705734,1.20447325706482,0.632452785968781,1.26428878307343,-0.0576086331616239,-0.0132734723678255,0.0194950585401007,0.337241888046571,0.628680586815452,-0.0234901905060028,0.543341194292854,-0.0637825266526745,0.00955753624353328,-0,-1,-0,-0,3540.5,15.1836695
0.610410552541081,0.11639170938071,1.26562130451202,-0.102187938988209,0.00293494807556272,-1.51567405329283,0.517569882833168,-0.0525360603852447,0.184424769226062,0.210465167323282,-0.0745228871959221,0.00865822348774385,1.22067391872406,0.665794670581818,1.26377284526825,-0.0266498144695836,-0.00786884152124958,0.0175393971216657,0.324013233183636,0.666837692258316,-0.0103187561034781,0.619176373838552,0.108092616931125,-0.039113228368558,-0,-1,-0,-0,3540.55,15.2503839
0.630419820954241,0.115856885517341,1.25200283527374,-0.0116232708096504,0.00262842490337789,-1.51632279024657,0.600278052394808,-0.0160447159010748,0.0974581744019615,-0.667756396480728,-0.0494073124874821,0.0118993890250389,1.23706531524658,0.699286162853241,1.26459980010986,-0.00692359717226138,-0.00714908445801735,0.0177775189532662,0.327827930449247,0.66982984542603,0.0165390968322152,0.394524345945009,0.0143951412645923,0.00476243663199297,-0,-1,-0,-0,3540.6,15.3171097
0.650429089367402,0.115322061653972,1.25200283527374,-0.0116232708096504,0.00262842490337789,-1.51632279024657,0.600278052394808,-0.0160447159010748,-0.0251080487425698,-0.46742947753651,-0.0345851187412374,0.0083295723175272,1.26824510097504,0.762754023075104,1.2654892206192,0.0447945192773088,-0.0120231423374605,0.016057545699055,0.311797857284829,0.634678602219205,0.00889420509339188,0.517181164496172,-0.0487405787944758,-0.0171997325421278,-0,-1,-0,-0,3540.7,15.3837542
0.670438357780562,0.114787237790602,1.25200283527374,-0.0116232708096504,0.00262842490337789,-1.51632279024657,0.600278052394808,-0.0160447159010748,-0.0251080487425698,-0.327200634275557,-0.0242095831188662,0.00583070062226904,1.28335571289062,0.792881667613983,1.26507902145386,0.0671466620294785,-0.0111600557795282,0.0134710445898462,0.302212238313417,0.602552890780876,-0.00820398330692954,0.447042855045834,0.0172617311587404,-0.0517300221844582,-0,-1,-0,-0,3540.75,15.4505419
0.688112475222167,0.11376347911811,1.26367926597595,-0.0116232708096504,0.00262842490337789,-1.51632279024657,0.530223523248161,-0.0307127601747792,-0.121051731057832,-0.22904044399289,-0.0169467081832063,0.00408149043558833,1.29805994033813,0.821280956268311,1.2647500038147,0.080962659945376,-0.0101778924586233,0.0149674686619286,0.294084548949125,0.567985773084482,-0.00658035278317919,0.276319958316946,0.0196432664180254,0.029928481441539,-0,-1,-0,-0,3540.8,15.517236
0.705786592663773,0.112739720445617,1.26367926597595,-0.0116232708096504,0.00262842490337789,-1.51632279024657,0.530223523248161,-0.0307127601747792,-0.0159638547379465,-0.160328310795023,-0.0118626957282444,0.00285704330491183,1.32592523097992,0.870475947856903,1.2640665769577,0.0921063841773326,-0.00947976541685291,0.0168206528365361,0.2786529064181,0.491949915886373,-0.0068342685699525,0.111437242319667,0.00698127041771074,0.0185318417460919,-0,-1,-0,-0,3540.9,15.5839484
0.723454466622932,0.111711615174948,1.26367926597595,0.0823886319994926,0.0056319423019886,-1.51615065203246,0.530036218774762,-0.030843158120082,0.0186606893096097,-0.958336942838804,-0.0353355435972675,0.000450686386436327,1.33961653709412,0.891416668891907,1.26356649398804,0.0958981900777282,-0.00857324217313762,0.0171283491480104,0.273826122282939,0.41881442069855,-0.0100016593932742,0.0758361180076358,0.0181304648742398,0.00615392622946356,-0,-1,-0,-0,3540.95,15.650684
0.732230576769203,0.111326942637487,1.25089907646179,0.1061901897192,0.00468679005280137,-1.51758497820433,0.263283304388157,-0.0115401761238193,0.131981520293436,-0.88504987946453,-0.0162285102754022,0.0132244160173804,1.3531459569931,0.909991562366486,1.26358187198639,0.0995472868537452,-0.0110474783260382,0.0149275579586392,0.270588397981213,0.371497869493604,0.000307559967042694,0.0729819355207375,-0.0494847230582826,-0.0440158237876644,-0,-1,-0,-0,3541,15.7174026
0.741006686915475,0.110942270100026,1.25089907646179,0.1061901897192,0.00468679005280137,-1.51758497820433,0.263283304388157,-0.0115401761238193,0.0169598146659949,-0.619534915625171,-0.0113599571927815,0.0092570912121663,1.37703216075897,0.93771106004715,1.26484024524689,0.106831500255501,-0.010955750378998,0.0174103267214733,0.238862037657822,0.277194976805632,0.0125837326049347,0.072842134017296,0.00091727947039904,0.0248276876282506,-0,-1,-0,-0,3541.1,15.7841062
0.749782797061747,0.110557597562566,1.25089907646179,0.1061901897192,0.00468679005280137,-1.51758497820433,0.263283304388157,-0.0115401761238193,0.0169598146659949,-0.43367444093762,-0.00795197003494707,0.00647996384851641,1.38869094848633,0.948043823242188,1.26562345027924,0.111799224780782,-0.00852327665366505,0.0185388078347932,0.233175754548392,0.206655263901885,0.0156641006470581,0.0993544905061642,0.0486494745069247,0.0225696222665216,-0,-1,-0,-0,3541.15,15.8508446
0.758548206805193,0.1101705139408,1.25468790531158,0.118309669196606,0.00238886708393693,-1.51797932253417,0.26296229230336,-0.0116125086529706,-0.0148747099645201,-0.412647423952984,0.015114927695317,0.00808507366246735,1.39965915679932,0.955290496349335,1.26620900630951,0.110606605985996,-0.00709610643163654,0.017270672533045,0.219364166258968,0.144933462142417,0.0117111206054261,-0.0238523758956414,0.0285434044404663,-0.0253627060348731,-0,-1,-0,-0,3541.2,15.9175215
0.767313616548638,0.109783430319034,1.25468790531158,0.118309669196606,0.00238886708393693,-1.51797932253417,0.26296229230336,-0.0116125086529706,0.0192247496836122,-0.288853196767089,0.0105804493867219,0.00565955156372714,1.42082953453064,0.96122419834137,1.26682448387146,0.109797924201759,-0.0157044925918559,0.0142569932265434,0.211703777313425,0.0593370199204031,0.00615477561951243,-0.00808681784238194,-0.0860838616022724,-0.0301367930650431,-0,-1,-0,-0,3541.3,15.9842271
0.776079026292083,0.109396346697269,1.25468790531158,0.118309669196606,0.00238886708393693,-1.51797932253417,0.26296229230336,-0.0116125086529706,0.0192247496836122,-0.202197237736962,0.00740631457070534,0.003961686094609,1.43102133274078,0.960323095321655,1.26719796657562,0.112434738572429,-0.0164234471423601,0.014890753450108,0.203835964202139,-0.0180220603942215,0.00746965408322478,0.0527362874132189,-0.0143790910100315,0.0126752044712457,-0,-1,-0,-0,3541.35,16.0509935
0.773197890778174,0.116586960263074,1.25468790531158,0.118309669196606,0.00238886708393693,-1.51797932253417,-0.0864340654172655,0.215718406974167,-0.0198530573646142,-0.141538066415873,0.00518442019949374,0.0027731802662263,1.44135415554047,0.957283735275269,1.26715314388275,0.112327678057633,-0.014498516375252,0.0141768659466422,0.20665645599478,-0.0607872009280661,-0.000896453857426767,-0.00214121029593314,0.0384986153423729,-0.0142777500693928,-0,-1,-0,-0,3541.4,16.1177116
0.770316755264265,0.12377757382888,1.25468790531158,0.118309669196606,0.00238886708393693,-1.51797932253417,-0.0864340654172655,0.215718406974167,-0.0198530573646142,-0.0990766464911113,0.00362909413964562,0.00194122618635841,1.45947086811066,0.941279530525208,1.26702547073364,0.108356279309697,-0.0106982530680211,0.0136053912081859,0.181167125702069,-0.160042047500756,-0.00127673149109003,-0.0397139874793999,0.0380026330723437,-0.00571474738456867,0,0,0,0,3541.5,16.1844119
0.767435619750356,0.130968187394685,1.25963270664215,0.118309669196606,0.00238886708393693,-1.51797932253417,-0.0864340654172655,0.215718406974167,-0.0643562693397119,-0.0693536525437779,0.00254036589775193,0.00135885833045089,1.46834516525269,0.929833650588989,1.26660346984863,0.106407749780645,-0.00749377347437421,0.0152294102199563,0.17748594283993,-0.228917598723532,-0.00844001770016461,-0.0389705905808957,0.0640895918727043,0.0324803802352897,0.296884060182501,-0,-0,-0,3541.55,16.2510916
0.761022643058515,0.140733800297851,1.2664270401001,0.118309669196606,0.00238886708393693,-1.51797932253417,-0.192389300755242,0.292968387094968,-0.0931970041046913,-0.0485475567806445,0.00177825612842635,0.000951200831315621,1.47737514972687,0.916500091552734,1.26532363891602,0.0981120032595387,-0.00512379181990754,0.0165103250022007,0.180599689482986,-0.266671180724127,-0.0255966186522506,-0.165914930421516,0.0473996330891611,0.025618295644796,0.406262398144475,-0,-0,-0,3541.6,16.3178236
0.754609666366674,0.150499413201017,1.2664270401001,0.118309669196606,0.00238886708393693,-1.51797932253417,-0.192389300755242,0.292968387094968,-0.0320480029831703,-0.0339832897464512,0.00124477928989845,0.000665840581920934,1.49471843242645,0.884800553321838,1.26433038711548,0.0574199974338272,0.00826634793837108,0.0194471615933395,0.173432826996007,-0.316995382309248,-0.00993251800538013,-0.406920058257485,0.133901397582908,0.0293683659114146,0.890652180547502,-0,-0,-0,3541.7,16.3845141
0.74816960660676,0.16024278948753,1.2664270401001,0.117734558880329,-0.000705439655575901,-1.51526754961547,-0.193201792797407,0.29230128859541,-0.0326324145698593,-0.0186123099760269,0.0287201061585444,-0.0239398678609659,1.50465190410614,0.866911053657532,1.26271426677704,0.0295962382343279,0.0253421623491009,0.0125785215494583,0.198669433594834,-0.357789993288085,-0.0323224067689752,-0.556475183993022,0.341516288216461,-0.137372800878374,1,-0,-0,-0,3541.75,16.4512272
0.742145861725203,0.170744690992513,1.2664270401001,0.117734558880329,-0.000705439655575901,-1.51526754961547,-0.180712346446721,0.315057045149496,-0.0149605839306726,-0.0130286169832188,0.0201040743109811,-0.0167579075026761,1.51459300518036,0.848316013813019,1.26101243495941,0.0146110177566957,0.0499388723927646,0.0159385117097365,0.198822021483652,-0.371900796888906,-0.0340366363524152,-0.299704409551554,0.491934200871483,0.0671998032053184,1,-0,-0,-0,3541.8,16.5179195
0.736122116843645,0.181246592497497,1.2664270401001,0.117734558880329,-0.000705439655575901,-1.51526754961547,-0.180712346446721,0.315057045149496,-0.0149605839306726,-0.00912003188825316,0.0140728520176867,-0.0117305352518733,1.53829920291901,0.810816824436188,1.26034617424011,0.0177287809725708,0.0841990319537988,0.0150359596900048,0.23706197738669,-0.374991893768652,-0.00666260719299922,0.0311776321587795,0.342601595610654,-0.00902552019732521,1,-0,-0,-0,3541.9,16.5846067
0.73006042180356,0.191728285279497,1.24672889709473,0.0267299432307482,-0.0443437583744526,-1.51550453768309,-0.181850851202574,0.314450783459999,0.162841552960997,0.812657518524451,0.402595864882271,-0.00607848206766872,1.5529762506485,0.791717290878296,1.26070058345795,0.0179457578402049,0.0902355126695574,0.016038272416242,0.293540954588776,-0.381990671156447,0.00708818435666367,0.00433953735266505,0.120729614314731,0.0200462545246723,1,-0,-0,-0,3541.95,16.6513377
0.728761939058739,0.204521050218194,1.2390855550766,0.0267299432307482,-0.0443437583744526,-1.51550453768309,-0.0389544823446339,0.383782948160922,0.0421572321919993,0.568860262967116,0.28181710541759,-0.00425493744736811,1.56941473484039,0.77294933795929,1.26191079616547,0.0123607653740512,0.0945429551011283,0.0158331485362075,0.328769683839685,-0.375359058382175,0.0242042541505227,-0.111699849323682,0.0861488486318892,-0.00410247760071298,0,0,0,0,3542,16.7180442
0.727463456313917,0.217313815156891,1.2390855550766,0.0267299432307482,-0.0443437583744526,-1.51550453768309,-0.0389544823446339,0.383782948160922,-0.0266328459711477,0.398202184076981,0.197271973792313,-0.00297845621315767,1.61017417907715,0.735034704208374,1.26364552974701,0.00988285859643774,0.101818702475182,0.0166543930293948,0.407594442366071,-0.379146337507776,0.0173473358153666,-0.0247790677760449,0.0727574737402721,0.00821244493184273,0,0,0,0,3542.1,16.7847865
0.726156197893775,0.230020741439312,1.2390855550766,0.0181661248207092,-0.0974156260490417,-1.51491254435118,-0.0392177526042842,0.381207788472615,-0.0407984190485033,0.355815894544237,0.615737190725921,-0.00741285933639299,1.63323760032654,0.716170251369476,1.2647716999054,0.0110499810672979,0.0884230698734661,0.0169443806230916,0.46126842499031,-0.377289056780013,0.0225234031678475,0.0233424494173298,-0.267912652035781,0.00579975187396824,0,0,0,0,3542.15,16.8514578
0.724848939473632,0.242727667721732,1.26089513301849,0.0181661248207092,-0.0974156260490417,-1.51491254435118,-0.0392177526042842,0.381207788472615,-0.237084620525554,0.249071126180966,0.431016033508145,-0.00518900153547509,1.65760231018066,0.69729083776474,1.26585710048676,0.00979409194890371,0.0607884138599492,0.0157715090719824,0.487294197080747,-0.377588272093353,0.0217080116271183,-0.0251177823677917,-0.552693120268327,-0.0234574310220983,0,0,0,0,3542.2,16.9181288
0.723541681053489,0.255434594004153,1.26089513301849,0.0181661248207092,-0.0974156260490417,-1.51491254435118,-0.0392177526042842,0.381207788472615,-0.0407984190485033,0.174349788326676,0.301711223455701,-0.00363230107483256,1.71010494232178,0.660027384757996,1.26620185375214,0.00729430263113843,0.0251781240771815,0.0157104298105293,0.52502632141161,-0.372634530067783,0.00344753265381173,-0.0249978931776755,-0.356102897828001,-0.000610792614531564,0,0,0,0,3542.3,16.9848738
0.722244079592128,0.268189323354748,1.26089513301849,0.0136209074407816,-0.0713605880737305,-1.51611918078002,-0.0389280438408395,0.382641880517842,-0.0337467524805141,0.162951808248022,-0.0232974853588105,0.00831711710711428,1.73732912540436,0.641703188419342,1.26580703258514,0.00879773133951746,0.0175530473095862,0.0169177919245261,0.54448366164963,-0.366483926771738,-0.00789642333981502,0.0300685741674711,-0.15250153535135,0.024147242279848,0,0,0,0,3542.35,17.0513576
0.720946478130767,0.280944052705342,1.26089513301849,0.0136209074407816,-0.0713605880737305,-1.51611918078002,-0.0389280438408395,0.382641880517842,-0.0337467524805141,0.114066265773615,-0.0163082397511674,0.00582198197497999,1.76442897319794,0.623065590858459,1.26577699184418,0.00881219377049873,0.0135010721059989,0.0175235289049149,0.54199695587454,-0.372751951219685,-0.000600814819339216,0.00028924861962697,-0.0810395040721895,0.0121147396078432,-0.867213965269936,-0,-0,-0,3542.4,17.1185174
0.719648876669405,0.293698782055937,1.26089513301849,0.0136209074407816,-0.0713605880737305,-1.51611918078002,-0.0389280438408395,0.382641880517842,-0.0337467524805141,0.0798463860415308,-0.0114157678258172,0.00407538738248599,1.81940019130707,0.586642503738403,1.26629912853241,0.00961905808036502,0.00801844754944709,0.0173054332305671,0.549712181091809,-0.364230871200893,0.00522136688232897,0.00806864309867024,-0.0548262455655678,-0.00218095674348086,-0.867213965269936,-0,-0,-0,3542.5,17.1852548
0.722921941502782,0.304638553527212,1.25672852993011,0.0138595420867205,-0.0196423102170229,-1.51588195429381,0.0981919450013,0.328193144138234,0.0272089104374312,0.0537447584156217,-0.47345553818844,0.000717732791885704,1.84661412239075,0.569054245948792,1.26771235466003,0.00811102988201675,-0.00751738262898657,0.0162588880718727,0.544278621671604,-0.351765155790957,0.0282645225523874,-0.0301605639668557,-0.310716603567543,-0.0209309031738103,-0.867213965269936,-0,-0,-0,3542.55,17.2519822
0.738074771173808,0.312381923358267,1.25043714046478,0.0138595420867205,-0.0196423102170229,-1.51588195429381,0.454584890130779,0.23230109493165,0.0428719666499212,0.0376213308909352,-0.331418876731908,0.000502412954319993,1.87293696403503,0.551617622375488,1.26956260204315,0.00487653014349022,-0.0355050619430665,0.017148150161202,0.526456832883827,-0.348732471464796,0.0370049476622189,-0.0646899947702953,-0.559753586279562,0.0177852417865204,-0.867213965269936,-0,-0,-0,3542.6,17.3186598
0.753227600844834,0.320125293189322,1.25043714046478,0.0138595420867205,-0.0196423102170229,-1.51588195429381,0.454584890130779,0.23230109493165,-0.0137505385380671,0.0263349316236546,-0.231993213712336,0.000351689068023995,1.92194414138794,0.516462504863739,1.27346885204315,0.00431043566490806,-0.0740547127792993,0.0138171989573175,0.490071773529498,-0.351551175117812,0.0390625000000355,-0.00566094478582669,-0.385496508362679,-0.0333095120388749,-0.867213965269936,-0,-0,-0,3542.7,17.3853294
0.768397445406496,0.327856296252147,1.25043714046478,0.0141447354108095,0.0277452636510134,-1.51822274790343,0.455095336849856,0.231930091884777,-0.00677808083876372,0.0158677122197568,-0.588883414410961,0.0213133248341891,1.94335985183716,0.498690605163574,1.27474820613861,0.00878082869253153,-0.0818021185252722,0.0144362172341821,0.428314208986712,-0.355437994005236,0.0255870819093193,0.0894078605529573,-0.154948114920303,0.0123803655373593,-0.867213965269936,-0,-0,-0,3542.75,17.451355
0.783567289968158,0.335587299314973,1.25043714046478,0.0141447354108095,0.0277452636510134,-1.51822274790343,0.455095336849856,0.231930091884777,-0.00677808083876372,0.0111073985538298,-0.412218390087673,0.0149193273839323,1.96266674995422,0.481128126382828,1.27550005912781,0.00866913876044565,-0.0851482184587069,0.0142673239388439,0.386137962339904,-0.351249575613651,0.0150370597838808,-0.00223379864170942,-0.0669219986684516,-0.00337786590675272,-0.867213965269936,-0,-0,-0,3542.8,17.5187955
0.79873713452982,0.343318302377799,1.25043714046478,0.0141447354108095,0.0277452636510134,-1.51822274790343,0.455095336849856,0.231930091884777,-0.00677808083876372,0.00777517898768082,-0.288552873061371,0.0104435291687526,1.9954479932785,0.446782737970352,1.27682781219482,0.00285877512446327,-0.0880361319555022,0.0140281172991078,0.327812433243096,-0.343453884125068,0.0132775306701781,-0.0581036363598767,-0.0288791349679789,-0.00239206639736303,-0.867213965269936,-0,-0,-0,3542.9,17.5854877
0.796546073361626,0.357015639813619,1.2622926235199,0.0247115306556225,0.0798321515321732,-1.51668399439391,-0.0657318350457974,0.410920123074575,-0.102963327432655,-0.0896585319119401,-0.670769002073398,-0.00653831116756651,2.0077919960022,0.429640740156174,1.27725052833557,-0.0017382641682617,-0.0926638121424853,0.0128499023754723,0.246880054472979,-0.342839956282322,0.00845432281491065,-0.0919407858541649,-0.0925536037393248,-0.0235642984726234,-0.867213965269936,-0,-0,-0,3542.95,17.6521856
0.788221501301082,0.363479099249647,1.26284873485565,0.0247115306556225,0.0798321515321732,-1.51668399439391,-0.249737161816337,0.193903783080846,-0.0109888628457471,-0.0627609723383581,-0.469538301451379,-0.00457681781729656,2.01831746101379,0.41305223107338,1.27750670909882,-0.0040114204426633,-0.0955911438987892,0.0127304970499519,0.210509300233082,-0.331770181657694,0.00512361526492054,-0.0454631254882801,-0.0585466351263975,-0.00238810651042159,-0.867213965269936,-1,-0,-0,3543,17.7188839
0.779896929240537,0.369942558685675,1.26284873485565,0.0247115306556225,0.0798321515321732,-1.51668399439391,-0.249737161816337,0.193903783080846,-0.00598386082395757,-0.0439326806368507,-0.328676811015965,-0.00320377247210759,2.03158330917358,0.380226284265518,1.27853178977966,-0.00641907413152285,-0.0937162566096675,0.0136965235275596,0.132658481597418,-0.328259468077419,0.0102508068084344,-0.0240765368885079,0.018748872891148,0.00966026477604182,-0.867213965269936,-1,-0,-0,3543.1,17.7856148
0.77156549530079,0.376402853166268,1.26284873485565,0.0135897463187575,0.0955266952514648,-1.51694005594786,-0.24994301819241,0.193808834417788,-0.00185534571958248,0.0693431825859891,-0.371324661184801,6.19132551203903e-05,2.03454875946045,0.364541620016098,1.27889180183411,0.00262716829641272,-0.0988395452322813,0.0156478677676961,0.0593090057376283,-0.313693284990115,0.00720024108890648,0.180924848559699,-0.102465772452835,0.039026884802944,-0,-1,-0,-0,3543.15,17.8523867
0.763234061361043,0.382863147646861,1.26193749904633,0.0135897463187575,0.0955266952514648,-1.51694005594786,-0.24994301819241,0.193808834417788,0.00634577656435307,0.0485402278101924,-0.25992726282936,4.33392785842732e-05,2.03515577316284,0.347559183835983,1.27929985523224,0.0331467319622562,-0.100582638587293,0.0187637741840354,0.0121402740478074,-0.339648723601059,0.00816106796261679,0.61039127331465,-0.034861867100098,0.0623181283265581,-0,-1,-0,-0,3543.2,17.9191008
0.754902627421296,0.389323442127454,1.26193749904633,0.0135897463187575,0.0955266952514648,-1.51694005594786,-0.24994301819241,0.193808834417788,-0.00185534571958248,0.0339781594671347,-0.181949083980552,3.03374950089913e-05,2.02958178520203,0.312091112136841,1.27931845188141,0.0812940026979745,-0.0823131324377952,0.0194312688651933,-0.055739879608205,-0.354680716991747,0.000185966491699388,0.481472707357621,0.18269506149514,0.00667494681158471,-0,-1,-0,-0,3543.3,17.9858052
0.746604242768872,0.395816988125369,1.26193749904633,0.0465749874711037,0.0946213230490685,-1.51778477297362,-0.248951539572722,0.194806379937457,-0.00747418552736341,-0.273082458744121,-0.119216008964819,0.00762368947831782,2.02458262443542,0.293172538280487,1.27864384651184,0.0994171005567761,-0.0614113240235606,0.0170864691585339,-0.0999832153316675,-0.378371477125699,-0.0134921073913083,0.362461957174713,0.41803616828317,-0.0468959941330174,0,0,0,0,3543.35,18.0525133
0.738305858116448,0.402310534123284,1.26193749904633,0.0465749874711037,0.0946213230490685,-1.51778477297362,-0.248951539572722,0.194806379937457,-0.00747418552736341,-0.191157721120885,-0.0834512062753733,0.00533658263482247,2.01795864105225,0.270936220884323,1.27835381031036,0.094588944437571,-0.0316674036478201,0.0156585602042638,-0.132479667664297,-0.444726347925706,-0.00580072402957267,-0.0965631223846293,0.594878407518057,-0.0285581790855568,0,0,0,0,3543.4,18.1192672
0.730007473464024,0.408804080121199,1.26193749904633,0.0465749874711037,0.0946213230490685,-1.51778477297362,-0.248951539572722,0.194806379937457,-0.00747418552736341,-0.133810404784619,-0.0584158443927613,0.00373560784437573,2.00187683105469,0.223138242959976,1.27658593654633,0.0837654573972735,-0.0295066530802416,0.0115455222611911,-0.160818099975732,-0.477979779243904,-0.0176787376403969,-0.108234870403074,0.0216075056758047,-0.041130379430764,0,0,0,0,3543.5,18.1859927
0.71710067912485,0.411146350325552,1.27208340167999,0.107206918299198,0.0328497663140297,-1.51829284296569,-0.387203830175217,0.0702681061305839,-0.143114793976859,-0.639354660802084,0.515052919540416,0.00718755541965188,1.99335765838623,0.196991801261902,1.27618181705475,0.0638822535474853,-0.024414839128913,0.012223544702822,-0.170383453368521,-0.522928833959584,-0.00808238983151357,-0.397664076994318,0.101836279026202,0.0135604488325677,0,0,0,0,3543.55,18.2527338
0.70069509551068,0.416546034911413,1.26716816425323,0.107206918299198,0.0328497663140297,-1.51829284296569,-0.492167508425112,0.161990537575832,0.0120809234488384,-0.447548262561459,0.360537043678291,0.00503128879375632,1.98430562019348,0.170143380761147,1.27489066123962,0.0426756431554001,-0.0193924391927956,0.0119576619572526,-0.181040763854322,-0.536968410013153,-0.0258231163023963,-0.424132207840161,0.100447998721983,-0.00531765491136837,0,0,0,0,3543.6,18.3194563
0.684289511896509,0.421945719497274,1.26716816425323,0.107206918299198,0.0328497663140297,-1.51829284296569,-0.492167508425112,0.161990537575832,-0.0321562133919819,-0.313283783793021,0.252375930574804,0.00352190215562942,1.96531939506531,0.114908203482628,1.27217161655426,0.015635995040088,-0.00647635989456542,0.0118957915880403,-0.189862251281911,-0.552351772785689,-0.0271904468536624,-0.270396481153367,0.129160792982419,-0.000618703692123666,0,0,0,0,3543.7,18.3861905
0.667811013126129,0.42729800586892,1.26716816425323,0.0448157265782356,0.00852583535015583,-1.51855081186827,-0.494354963111403,0.160568591149371,-0.0141901188226653,0.342222076833548,0.395578530077227,0.00478705163223161,1.95607089996338,0.0869528949260712,1.27191007137299,0.0150466705261761,-0.00422114052932733,0.0130370720853295,-0.184969902039584,-0.559106171134185,-0.00523090362551683,-0.0117864902783013,0.045104387305008,0.0228256099459085,0,0,0,0,3543.75,18.452953
0.659305601656373,0.43457361092123,1.26716816425323,0.0448157265782356,0.00852583535015583,-1.51855081186827,-0.255162344092691,0.218268151569296,-0.00546413142129586,0.239555453783484,0.276904971054059,0.00335093614256213,1.94688010215759,0.0591963455080986,1.27168452739716,0.0132665102489575,-0.00207211862459548,0.014084383418982,-0.183815956115054,-0.555130988357432,-0.00451087951658515,-0.0356032055442418,0.0429804380944807,0.0209462266729748,0,0,0,0,3543.8,18.519686
0.650800190186616,0.44184921597354,1.26716816425323,0.0448157265782356,0.00852583535015583,-1.51855081186827,-0.255162344092691,0.218268151569296,-0.00546413142129586,0.167688817648438,0.193833479737841,0.00234565529979349,1.92904126644135,0.00482722464948893,1.2712117433548,0.00837679430327299,-0.00344507645644812,0.0148641281241055,-0.178388357162638,-0.543691208586591,-0.00472784042358828,-0.0488971594568899,-0.0137295783185389,0.00779744705124199,0,0,0,0,3543.9,18.5864151
0.642284518257697,0.449115442088177,1.25677728652954,0.0234074499458075,-0.00252255541272461,-1.5178214894348,-0.255470157867576,0.217986783439118,0.0899143865488766,0.31005666204576,0.235118952682413,-0.00492194319138968,1.92030477523804,-0.0224689096212387,1.27111196517944,0.0089091650619256,-0.00624711157040709,0.0131782857563288,-0.174729824065526,-0.545922685412567,-0.00199556350707282,0.0106474151730134,-0.0560407022789756,-0.0337168473554122,0,0,0,0,3543.95,18.6531156
0.642769337682752,0.45361265318474,1.25677728652954,0.0234074499458075,-0.00252255541272461,-1.5178214894348,0.0145445827516352,0.134916332896881,0.010986042390618,0.217039663432032,0.164583266877689,-0.00344536023397277,1.91161334514618,-0.0494901835918427,1.27117490768433,0.00824045320754142,-0.00554207079186741,0.0140853883929025,-0.173828601838107,-0.540425479415028,0.00125885009766312,-0.0133742370877566,0.0141008155708705,0.0181420527315733,0,0,0,0,3544,18.7197953
0.643254157107806,0.458109864281303,1.25677728652954,0.0234074499458075,-0.00252255541272461,-1.5178214894348,0.0145445827516352,0.134916332896881,0.010986042390618,0.151927764402423,0.115208286814382,-0.00241175216378094,1.89443027973175,-0.102229133248329,1.27243590354919,0.0118054156390891,-0.00753344039524677,0.0162296031558017,-0.171830654143662,-0.527389496562947,0.0126099586486358,0.0356496243153467,-0.0199136960337212,0.0214421476289135,0,0,0,0,3544.1,18.7864836
0.643747921571712,0.462606308663359,1.25059628486633,0.0145972538739443,-0.0014911392936483,-1.51876491175231,0.0148129339171703,0.134893331461707,0.0665777039952326,0.185641199728464,0.0713630556983808,0.00680257434289729,1.88607537746429,-0.12828554213047,1.27364611625671,0.0148627500151818,-0.0080594073858733,0.0163715762203676,-0.167098045350033,-0.521128177645666,0.0242042541505227,0.0611466875221882,-0.0105193398125879,0.00283946129133526,0,0,0,0,3544.15,18.8531852
0.644241686035618,0.467102753045416,1.25059628486633,0.0145972538739443,-0.0014911392936483,-1.51876491175231,0.0148129339171703,0.134893331461707,0.0109486890263605,0.129948839809925,0.0499541389888666,0.0047618020400281,1.87793755531311,-0.154140368103981,1.27496075630188,0.016918451201684,-0.00830743050296367,0.0170256658168282,-0.16275644302309,-0.517096519468334,0.0262928009032247,0.041114023729894,-0.00496046234178929,0.0130817919291627,0,0,0,0,3544.2,18.9198538
0.644735450499523,0.471599197427473,1.25059628486633,0.0145972538739443,-0.0014911392936483,-1.51876491175231,0.0148129339171703,0.134893331461707,0.0109486890263605,0.0909641878669476,0.0349678972922066,0.00333326142801967,1.86098670959473,-0.205954611301422,1.27660655975342,0.0167967641505371,-0.0119272348063635,0.0157175087004534,-0.169508457183992,-0.518142431974882,0.0164580345153958,-0.00121687051146967,-0.0361980430340309,-0.013081571163759,0,0,0,0,3544.3,18.986552
0.645226617189003,0.476092556283931,1.26483738422394,0.0221125110983849,0.00362605135887861,-1.51904147730406,0.0147350006843853,0.13480076569374,-0.116627159578608,-0.00396238351310189,-0.0215771877681976,0.00482237296543408,1.85248017311096,-0.231578260660172,1.27690529823303,0.015543273545718,-0.0132806386606503,0.0150425852485347,-0.170130729674674,-0.512472987173123,0.00597476959226342,-0.0250698120962904,-0.0270680770856381,-0.0134984690383264,0,0,0,0,3544.35,19.0532849
0.645717783878482,0.480585915140389,1.26483738422394,0.0221125110983849,0.00362605135887861,-1.51904147730406,0.0147350006843853,0.13480076569374,0.0115427346398367,-0.00277366845917133,-0.0151040314377383,0.00337566107580386,1.84424364566803,-0.257095873355865,1.27722585201263,0.0155207229135409,-0.011676521698851,0.0157774080667411,-0.164730548859541,-0.510352253916664,0.006411075592076,-0.000451012643545715,0.0320823392361618,0.0146964563642084,-0,0.953154087954344,-0,-0,3544.4,19.1199646
0.646208950567962,0.485079273996847,1.26483738422394,0.0221125110983849,0.00362605135887861,-1.51904147730406,0.0147350006843853,0.13480076569374,0.0115427346398367,-0.00194156792141993,-0.0105728220064168,0.0023629627530627,1.82752680778503,-0.307804614305496,1.27787101268768,0.0174020874491039,-0.00907990536770093,0.0167456602319785,-0.167168378830108,-0.507087409496769,0.00645160675049415,0.0188136453556472,0.0259661633115238,0.00968252165238325,-0,1,-0,-0,3544.5,19.1866905
0.643903690646971,0.486213949182076,1.26837301254272,0.0232784990221262,0.00293394876644015,-1.51917928324279,-0.0691577976297196,0.0340402555568612,-0.0397330731997701,-0.011852988858666,-0.00117205207254565,0.00289432737563022,1.81940412521362,-0.333310693502426,1.27839040756226,0.00628715044085671,-0.011377429686605,0.015910351582004,-0.162453651427632,-0.510121583936743,0.0103878974914173,-0.222298740164135,-0.045950486377914,-0.0167061729994288,-0,1,-0,-0,3544.55,19.2533962
0.638673206947895,0.490366302760259,1.26837301254272,0.0232784990221262,0.00293394876644015,-1.51917928324279,-0.156914510972296,0.124570607345504,-7.46972382906878e-05,-0.00829709220106621,-0.000820436450781952,0.00202602916294115,1.81111717224121,-0.357791006565094,1.27922821044922,-0.0175661335157567,-0.0129124511814299,0.0148719120252012,-0.165739059447639,-0.489606261251576,0.0167560577391969,-0.477065679130532,-0.0307004298963863,-0.0207687911359809,-0,1,-0,-0,3544.6,19.320059
0.633442723248818,0.494518656338443,1.26837301254272,0.0232784990221262,0.00293394876644015,-1.51917928324279,-0.156914510972296,0.124570607345504,-7.46972382906878e-05,-0.00580796454074635,-0.000574305515547367,0.00141822041405881,1.79523813724518,-0.402347266674042,1.2791246175766,-0.0699579436378428,-0.00967649320633852,0.0178754983091792,-0.158790349960472,-0.445562601089883,-0.00103592872619723,-0.523918101221338,0.0323595797509431,0.0300358628398071,-0,1,-0,-0,3544.7,19.3867738
0.628211149751917,0.498664923382685,1.27275061607361,-0.0167150590568781,0.0031715624500066,-1.51810353861388,-0.156947204907024,0.12438801132728,-0.0352448376828421,0.355876447532516,-0.00254053701298122,-0.00868894737031509,1.78732419013977,-0.422286987304688,1.27940285205841,-0.0822875302194575,-0.00558922798421711,0.0207911771435458,-0.158278942109018,-0.398794412615091,0.00556468963626084,-0.246591731633638,0.0817453044428743,0.0583135766876492,-0,1,-0,-0,3544.75,19.4534794
0.622979576255016,0.502811190426928,1.27275061607361,-0.0167150590568781,0.0031715624500066,-1.51810353861388,-0.156947204907024,0.12438801132728,0.00415359409511198,0.249113513272761,-0.00177837590908685,-0.00608226315922056,1.77997148036957,-0.43973246216774,1.2797064781189,-0.0874432505660142,-0.00184722969678053,0.0207028184246782,-0.147054195403518,-0.348909497259778,0.00607252120969471,-0.103114406930759,0.0748399657484594,-0.00176717437734448,-0,1,-0,-0,3544.8,19.5202509
0.617748002758115,0.506957457471171,1.27275061607361,-0.0167150590568781,0.0031715624500066,-1.51810353861388,-0.156947204907024,0.12438801132728,0.00415359409511198,0.174379459290933,-0.0012448631363608,-0.00425758421145439,1.76502895355225,-0.467072516679764,1.2800920009613,-0.0917592411797676,0.000410871137729259,0.0196622541802082,-0.149425268173354,-0.273400545120488,0.00385522842407577,-0.0431599061375734,0.0225810083451184,-0.0104056424447092,-0,1,-0,-0,3544.9,19.5869906
0.60938594119225,0.512459542612171,1.27527892589569,-0.072810210287571,0.00229120650328696,-1.51887124643859,-0.250861846975967,0.165062554229995,-0.0264608902513873,0.626921982579889,0.00705179932502426,0.00392906147434521,1.75784695148468,-0.477201610803604,1.28007972240448,-0.0965849526541914,-0.000783198883418314,0.0190321455479806,-0.143640041350796,-0.20258188247607,-0.000245571136473716,-0.0965142294881241,-0.0238814004228646,-0.0126021726445063,-0,1,-0,-0,3544.95,19.6536981
0.606512862754439,0.511364000363305,1.27527892589569,-0.072810210287571,0.00229120650328696,-1.51887124643859,-0.0861923531343195,-0.0328662674659674,-0.00769786786691819,0.438845387805922,0.00493625952751698,0.00275034303204165,1.74466514587402,-0.489275991916656,1.27992415428162,-0.103979322993447,-0.000167847206477375,0.0199267349428298,-0.131818056106687,-0.120743811130633,-0.00155568122863911,-0.0739437033926265,0.006153516769415,0.00894589394850013,-0,1,-0,-0,3545.05,19.7204507
0.603639784316628,0.51026845811444,1.27527892589569,-0.072810210287571,0.00229120650328696,-1.51887124643859,-0.0861923531343195,-0.0328662674659674,-0.00769786786691819,0.307191771464146,0.00345538166926189,0.00192524012242915,1.73817670345306,-0.491424322128296,1.27988827228546,-0.105965536788094,-0.000688504642629808,0.0204384214550092,-0.129768848418717,-0.0429666042326318,-0.000717639923093092,-0.0397242758927886,-0.0104131487230108,0.0102337302435495,-0,1,-0,-0,3545.1,19.787138
0.600760637576702,0.509170277936277,1.2829954624176,-0.0935038179159164,0.00242459261789918,-1.51811379061278,-0.0863744021978082,-0.0329454053448891,-0.0758762310982089,0.401276708680011,0.00121829213697333,-0.00546943434655057,1.73241770267487,-0.490952610969543,1.27982020378113,-0.107020287059753,0.000118422974825832,0.0204900239564868,-0.115180015564593,0.00943422317510031,-0.00136137008667735,-0.0210950054332956,0.0161385523492009,0.00103205002955785,-0,1,-0,-0,3545.15,19.8539453
0.597881490836775,0.508072097758114,1.2829954624176,-0.0935038179159164,0.00242459261789918,-1.51811379061278,-0.0863744021978082,-0.0329454053448891,-0.0064274024010043,0.280893696076008,0.000852804495881328,-0.0038286040425854,1.72109508514404,-0.481964200735092,1.28006482124329,-0.107507725933234,0.00117974246643204,0.0208597150510259,-0.113226175308331,0.0898841023445947,0.00244617462158426,-0.00487438873481682,0.0106131949160717,0.00369691094539458,-0,1,-0,-0,3545.25,19.9206631
0.595002344096848,0.506973917579951,1.2829954624176,-0.0935038179159164,0.00242459261789918,-1.51811379061278,-0.0863744021978082,-0.0329454053448891,-0.0064274024010043,0.196625587253206,0.00059696314711693,-0.00268002282980978,1.71550762653351,-0.473819881677628,1.28014445304871,-0.108426427038054,-0.00123161153477824,0.0206086945957095,-0.111749172210287,0.162886381148699,0.00159263610839264,-0.0183740220963264,-0.0482270800240302,-0.00502040910631064,-0,1,-0,-0,3545.3,19.9873768
0.592122851607464,0.505873093795014,1.27763605117798,-0.0975297316908836,0.00113784545101225,-1.51735871897277,-0.0863847746815194,-0.0330247135480913,0.0420808581226595,0.173871135051949,0.0119985987049642,-0.00867166074099868,1.71070635318756,-0.462720185518265,1.27986717224121,-0.110465556838304,0.000115201930733608,0.0214759477515602,-0.096025466918596,0.221993923186448,-0.00554561614988217,-0.0407825960048551,0.026936269310139,0.0173450631169525,-0,1,-0,-0,3545.35,20.0540522
0.58924335911808,0.504772270010078,1.27763605117798,-0.0975297316908836,0.00113784545101225,-1.51735871897277,-0.0863847746815194,-0.0330247135480913,-0.00615384303395668,0.121709794536364,0.00839901909347493,-0.00607016251869908,1.70583951473236,-0.449379801750183,1.27963316440582,-0.110533160535703,-3.50276958670371e-05,0.0216671329962458,-0.0973367691045351,0.266807675363089,-0.00468015670778921,-0.00135207394798236,-0.0030045925320293,0.00382370489373158,-0,0.812524796288949,-0,-0,3545.4,20.1207328
0.586363866628696,0.503671446225141,1.27763605117798,-0.0975297316908836,0.00113784545101225,-1.51735871897277,-0.0863847746815194,-0.0330247135480913,-0.00615384303395668,0.0851968561754548,0.00587931336543245,-0.00424911376308935,1.69650387763977,-0.414965271949768,1.27956891059875,-0.109278955191264,-0.000536886268778798,0.022992252040853,-0.0933563709259882,0.344145298004463,-0.000642538070679295,0.0125420534443993,-0.00501858572912217,0.0132511904460839,-0,-0,-0,-0.99609375,3545.5,20.187456
0.592681672272273,0.496568129424279,1.27763605117798,-0.100251756608486,0.00236338959075511,-1.5172020779663,0.189534169307315,-0.213099504025883,-0.00770207999480892,0.0841360235812412,-0.00691437790188295,-0.00438414869239009,1.69233858585358,-0.394480854272842,1.27992630004883,-0.106151008753867,-0.00134577085357505,0.0215653407132869,-0.0833058357235739,0.409688353537023,0.00714778900143884,0.0625589287477133,-0.0161776916958662,-0.0285382265512178,-0,-0,-0,-0.99609375,3545.55,20.2541763
0.601281341609101,0.486193703742676,1.27763605117798,-0.100251756608486,0.00236338959075511,-1.5172020779663,0.257990080104833,-0.311232770448089,-0.02942438838804,0.0588952165068688,-0.00484006453131806,-0.00306890408467306,1.68484306335449,-0.348119288682938,1.28075563907623,-0.0641781178931368,-0.00429477145852216,0.0163380424739987,-0.0749552249909129,0.46361565589947,0.00829339027405539,0.419728908607683,-0.0294900060494979,-0.052272982392929,-0,-0,-0,-0.99609375,3545.65,20.3209018
0.609881010945928,0.475819278061073,1.27763605117798,-0.100251756608486,0.00236338959075511,-1.5172020779663,0.257990080104833,-0.311232770448089,-0.02942438838804,0.0412266515548082,-0.00338804517192264,-0.00214823285927114,1.6812127828598,-0.323142945766449,1.28044474124908,-0.0352832929711431,0.00189556737771224,0.00243128606330871,-0.0726056098935347,0.499526858327956,-0.00621795654294613,0.577896498437772,0.123806776724237,-0.278135128212788,-0,-0,-0,-0.99609375,3545.7,20.3872483
0.618523705856202,0.465462410487416,1.27238893508911,-0.0818629264831543,0.00290659861639142,-1.51535528765258,0.259280847308215,-0.310706027209711,0.0207824444525922,-0.136640815039621,-0.00726051285107269,-0.0181248758249761,1.67804765701294,-0.29765048623085,1.27993261814117,-0.0110892353304502,0.0120284033808424,-0.0217330327279053,-0.0633025169376013,0.509849190714757,-0.010242462158259,0.483881152816498,0.202656720063709,-0.483286375826917,-0,-0,-0,-0.99609375,3545.75,20.454275
0.627166400766476,0.455105542913759,1.27238893508911,-0.0818629264831543,0.00290659861639142,-1.51535528765258,0.259280847308215,-0.310706027209711,-0.0264416003472124,-0.0956485705277348,-0.00508235899575088,-0.0126874130774833,1.67508566379547,-0.272640019655228,1.27874279022217,0.00020012764355067,0.01783563823189,-0.0597956143940601,-0.0592398643491497,0.500209331510631,-0.0237965583800404,0.225787259479196,0.116144697020531,-0.761251633320328,0,0,0,0,3545.8,20.5209603
0.63580909567675,0.444748675340102,1.27238893508911,-0.0818629264831543,0.00290659861639142,-1.51535528765258,0.259280847308215,-0.310706027209711,-0.0264416003472124,-0.0669539993694144,-0.00355765129702562,-0.0088811891542383,1.6705516576767,-0.223196968436241,1.27719724178314,-0.00194142339311975,0.0264223710963666,-0.160695140142127,-0.0453400611877854,0.494430512190315,-0.0154554843902728,-0.0214155103667237,0.0858673286448431,-1.00899525748158,0,0,0,0,3545.9,20.5876425
0.646449528748697,0.434323501605122,1.28156805038452,-0.00415537925437093,-0.0174763593822718,-1.43559020624694,0.319212992158416,-0.312755212049383,-0.0874864810597248,-0.746235724617641,0.180956266080051,-0.724102565058724,1.66970336437225,-0.198844239115715,1.27726411819458,-0.0031546334124024,0.0320797940169528,-0.218050403052981,-0.0169658660888055,0.487054586408751,0.0013375282287549,-0.0242642003855646,0.113148458411314,-1.14710525821291,0,0,0,0,3545.95,20.6543927
0.660105591598352,0.424595816681408,1.28156805038452,-0.00415537925437093,-0.0174763593822718,-1.43559020624694,0.409681885489655,-0.291830547711431,-0.00941080001455838,-0.522365007232348,0.126669386256036,-0.506871795541107,1.67073655128479,-0.150585800409317,1.27892780303955,-0.00784226821744108,0.0413112108739036,-0.320187491018914,0.0103318691253756,0.482584387064419,0.0166368484497222,-0.0468763480504295,0.0923141685695913,-1.02137087966026,-0,-0,-0,-0.99609375,3546.05,20.7210893
0.673761654448007,0.414868131757693,1.28156805038452,-0.00415537925437093,-0.0174763593822718,-1.43559020624694,0.409681885489655,-0.291830547711431,-0.00941080001455838,-0.365655505062644,0.0886685703792249,-0.354810256878775,1.67265689373016,-0.1263337880373,1.27979326248169,-0.0118848343463776,0.041991304065953,-0.355636448711616,0.038406848907331,0.485040247438574,0.0173091888427105,-0.0808513225784356,0.0136018638409389,-0.708979153851469,0,0,0,0,3546.1,20.7875509
0.689195326276487,0.408309334628935,1.27537798881531,-0.0116435410454869,-0.0368306934833527,-1.21783417330321,0.4630101548544,-0.196763913862763,0.0490470940130528,-0.188565397423807,0.236257006175185,-2.20817147630867,1.67594361305237,-0.101807810366154,1.28006410598755,-0.0134656392769829,0.0389448501549275,-0.383510598590967,0.0657343864444505,0.490519553425605,0.00541687011721706,-0.0316160986122798,-0.0609290782208414,-0.557482997590056,0,0,0,0,3546.15,20.8547002
0.704628998104967,0.401750537500176,1.27537798881531,-0.0116435410454869,-0.0368306934833527,-1.21783417330321,0.4630101548544,-0.196763913862763,-0.00666346010987201,-0.131995778196665,0.16537990432263,-1.54572003341607,1.67989814281464,-0.0773587748408318,1.28047049045563,-0.0126006292389901,0.031944828396272,-0.405566724188108,0.0790905952450736,0.48898071050466,0.0081276893615427,0.0173002007597937,-0.140000435172602,-0.441122511941212,-0,-0,-0,0.99609375,3546.2,20.921433
0.720062669933447,0.395191740371417,1.27537798881531,-0.0116435410454869,-0.0368306934833527,-1.21783417330321,0.4630101548544,-0.196763913862763,-0.00666346010987201,-0.0923970447376653,0.115765933025841,-1.08200402339125,1.6900988817215,-0.0291484333574772,1.28026700019836,-0.00431647759646576,0.0225101246252689,-0.452493843409761,0.102007389068696,0.482103414833984,-0.00203490257263369,0.0828415164253188,-0.0943470377101168,-0.469271192216959,-0,-0,-0,0.99609375,3546.3,20.9881247
0.736221190801722,0.39070952328434,1.27859914302826,-0.00681073823943734,-0.0280905608087778,-1.08693069086608,0.484755626048252,-0.134466512612315,-0.0365230193512797,-0.108173156570812,0.00237495904691493,-1.93553415830808,1.69582951068878,-0.0052079064771533,1.28009307384491,-0.00184003200705955,0.0202147102931803,-0.472085202636612,0.114612579345286,0.478810537604736,-0.00347852706907914,0.049528911787944,-0.0459082866416043,-0.391827184535587,-0,-0,-0,0.99609375,3546.35,21.0548128
0.752379711669997,0.386227306197263,1.27859914302826,-0.00681073823943734,-0.0280905608087778,-1.08693069086608,0.484755626048252,-0.134466512612315,-0.00753263143471475,-0.0757212095995684,0.00166247133284045,-1.35487391081566,1.7094429731369,0.0420634374022484,1.28002226352692,-0.013256233349842,0.0189825761129352,-0.484980001989753,0.136134624481325,0.472713438794447,-0.000708103179932285,-0.114162013427928,-0.0123213418024626,-0.128947993531527,-0,-0,-0,0.99609375,3546.45,21.1215447
0.768538232538272,0.381745089110186,1.27859914302826,-0.00681073823943734,-0.0280905608087778,-1.08693069086608,0.484755626048252,-0.134466512612315,-0.00753263143471475,-0.0530048467196978,0.00116372993298831,-0.948411737570959,1.71692049503326,0.0660586133599281,1.28010380268097,-0.0204542114974949,0.0140721515741611,-0.467545045098271,0.149550437928062,0.479903519156214,0.00163078308106359,-0.143959562953844,-0.0982084907760178,0.348699137831535,-0,-0,-0,0.99609375,3546.5,21.1882957
0.779885754268878,0.38249846911513,1.27143633365631,0.00717896083369851,-0.01820651255548,-1.00611561403807,0.34042565191817,0.0226014001483422,0.0628980282852802,-0.163010684362011,-0.0881418233265884,-1.3912239077517,1.72477650642395,0.090272881090641,1.28070616722107,-0.0258412837442377,0.00745554686275146,-0.433037925915193,0.157120227813149,0.484285354612496,0.0120472908019581,-0.107741444934463,-0.132332094227711,0.69014238365905,-0,-0,-0,0.99609375,3546.55,21.2549958
0.787222977188954,0.382671138331014,1.27143633365631,0.00717896083369851,-0.01820651255548,-1.00611561403807,0.220116687602282,0.00518007647650647,-0.0200029591235935,-0.114107479053408,-0.0616992763286119,-0.973856735426188,1.73281764984131,0.114445060491562,1.28127360343933,-0.027126711483165,0.000277420487977806,-0.389511494511121,0.160822868346583,0.483443588016659,0.0113487243651931,-0.0257085547784522,-0.143562527494951,0.870528628078264,-0,-0,-0,0.99609375,3546.6,21.3216631
0.79456020010903,0.382843807546897,1.27143633365631,0.00717896083369851,-0.01820651255548,-1.00611561403807,0.220116687602282,0.00518007647650647,-0.0200029591235935,-0.0798752353373855,-0.0431894934300283,-0.681699714798332,1.74780011177063,0.164032548666,1.28267562389374,-0.0212948967495227,-0.0134266155339648,-0.278606900352399,0.149824619293349,0.495874881744836,0.0140202045440801,0.0583181473364753,-0.137040360219551,1.10904594158823,-0,-0,-0,0.99609375,3546.7,21.3883526
0.801866494037406,0.382324504013211,1.27259409427643,0.00717518292367458,0.00991286057978868,-1.10390990839537,0.219188817851277,-0.0155791060106015,-0.0326475853088155,-0.0558786635459545,-0.283307003618438,0.402958848856866,1.75475513935089,0.188906073570251,1.28354394435883,-0.0183611879360033,-0.0184773530579792,-0.218143528104165,0.139100551605984,0.497470498087737,0.0173664093018526,0.058674176270708,-0.101014750480838,1.20926744497128,0,0,0,0,3546.75,21.4550895
0.809172787965782,0.381805200479524,1.27259409427643,0.00717518292367458,0.00991286057978868,-1.10390990839537,0.219188817851277,-0.0155791060106015,-0.0222277397277608,-0.0391150644821681,-0.198314902532907,0.282071194199806,1.76630222797394,0.238733291625977,1.28442859649658,-0.0141549221574804,-0.0266669759592203,-0.0898078694521794,0.115470886230049,0.498272180555438,0.00884652137753129,0.0420626577850759,-0.0818962290121131,1.28335658651519,0,0,0,0,3546.85,21.5217879
0.816479081894158,0.381285896945837,1.27259409427643,0.00717518292367458,0.00991286057978868,-1.10390990839537,0.219188817851277,-0.0155791060106015,-0.0222277397277608,-0.0273805451375177,-0.138820431773035,0.197449835939864,1.77091479301453,0.263216227293015,1.28439438343048,-0.0132884281054502,-0.0324177385095064,-0.0263310839840003,0.092251300812271,0.489658713343431,-0.000684261322025218,0.0173298810406989,-0.11501525100635,1.26953570937051,-1,-0,-0,-0,3546.9,21.5885203
0.824803556548071,0.379077590948732,1.27182567119598,0.0141665386036038,0.022487698122859,-1.34357112513121,0.249734239617406,-0.0662491799131628,-0.00258166681084332,-0.0820885827156257,-0.210347840128757,2.29516583578046,1.77430653572083,0.287545651197433,1.28394055366516,-0.00966188271526343,-0.0363172740808145,0.0308932668850082,0.0678348541257298,0.486588478086609,-0.00907659530636346,0.0725309078034722,-0.077990711425879,1.14448701737601,-1,-0,-0,-0,3546.95,21.6552795
0.831829703611232,0.372812378140705,1.27182567119598,0.0141665386036038,0.022487698122859,-1.34357112513121,0.21078441189482,-0.187956384240801,0.00285958833562869,-0.057462007900938,-0.14724348809013,1.60661608504632,1.77703309059143,0.311291545629501,1.28368544578552,-0.00408329919268752,-0.0429069596386861,0.077230621820608,0.0545310974124069,0.474917888643949,-0.00510215759280128,0.111571670452127,-0.131793711158151,0.926747098717053,-1,-0,-0,-0,3547,21.7219632
0.838855850674393,0.366547165332678,1.27182567119598,0.0141665386036038,0.022487698122859,-1.34357112513121,0.21078441189482,-0.187956384240801,0.00285958833562869,-0.0402234055306566,-0.103070441663091,1.12463125953243,1.77699565887451,0.356858521699905,1.28325605392456,0.011176899490768,-0.0907148474334616,0.135296597708964,-0.000374317169188091,0.455669760702383,-0.00429391860960352,0.152601986834,-0.478078877946016,0.580659758881451,-1,-0,-0,-0,3547.1,21.7886455
0.844212246232074,0.358804874410628,1.2726469039917,0.00732688698917627,0.0437331534922123,-1.58113235102233,0.16069186673044,-0.232268727661505,-0.00874139641917889,0.0334004806583885,-0.263358407488343,2.92529291469272,1.77431285381317,0.378620892763138,1.28230166435242,0.0161355904435576,-0.103975330591516,0.149639992939124,-0.0536561012270994,0.435247421267024,-0.0190877914429753,0.0991738190563333,-0.265209663162536,0.286867904604761,-1,-0,-0,-0,3547.15,21.855326
0.849568641789755,0.351062583488578,1.2726469039917,0.00732688698917627,0.0437331534922123,-1.58113235102233,0.16069186673044,-0.232268727661505,-0.0013503012577409,0.023380336460872,-0.18435088524184,2.0477050402849,1.76979112625122,0.399905413389206,1.28198897838593,0.0161520728665009,-0.103748953869114,0.159884359626502,-0.0904345512386847,0.425690412519814,-0.00625371932981123,0.000329648458864248,0.00452753444802685,0.204887333746807,-1,-0,-0,-0,3547.2,21.9220214
0.854925037347437,0.343320292566528,1.2726469039917,0.00732688698917627,0.0437331534922123,-1.58113235102233,0.16069186673044,-0.232268727661505,-0.0013503012577409,0.0163662355226104,-0.129045619669288,1.43339352819943,1.75366508960724,0.440611869096756,1.28158676624298,0.0173719175265777,-0.102100779122536,0.166423660419099,-0.161260366439966,0.407064557075871,-0.00402212142944702,0.0121984466007794,0.0164817474657938,0.0653930079260266,-0.757835627307962,-0,-0,-0,3547.3,21.9886847
0.859654924895187,0.335194961322802,1.2666552066803,0.00944455713033676,0.101342402398586,-1.66008013353881,0.141896626432508,-0.243759937311774,0.0435237539528628,-0.00760266640461714,-0.608815173925868,1.71390551238792,1.74192368984222,0.460288047790527,1.28045630455017,0.020067578010531,-0.107983209972573,0.166685619808947,-0.234827995299439,0.393523573873996,-0.0226092338561189,0.0539132096788701,-0.117648617000316,0.00523918779694747,-0.734397412030396,-0,-0,-0,3547.35,22.0553997
0.864384812442937,0.327069630079076,1.2666552066803,0.00944455713033676,0.101342402398586,-1.66008013353881,0.141896626432508,-0.243759937311774,-0.0104015218497495,-0.00532186648323199,-0.426170621748107,1.19973385867154,1.71147441864014,0.497505843639374,1.27800035476685,0.0160590340699631,-0.10312645089112,0.164926958105437,-0.304492712021151,0.372177958488803,-0.0245594978332743,-0.0400854394057161,0.048567590814579,-0.0175866170351168,-0.382824182866909,-0,-0,-0,3547.45,22.1221253
0.869114699990687,0.318944298835351,1.2666552066803,0.00944455713033676,0.101342402398586,-1.66008013353881,0.141896626432508,-0.243759937311774,-0.0104015218497495,-0.0037253065382624,-0.298319435223675,0.83981370107008,1.69304060935974,0.514958024024963,1.27722251415253,0.0129177283413969,-0.0964609533681734,0.162155921623196,-0.368676185609922,0.349043607713697,-0.0155568122864618,-0.0628261145716671,0.133309950459654,-0.0554207296451169,0,0,0,0,3547.5,22.1888294
0.866734790505095,0.3053445961213,1.27148842811584,0.00971630774438381,0.106630437076092,-1.67154735193785,-0.0713972845677777,-0.407991081421504,-0.0756298843054241,-0.00505347010320713,-0.256415916754122,0.691074556340486,1.67253434658051,0.532609105110168,1.27529561519623,0.0149210263943097,-0.0905211506678799,0.159673885059715,-0.410125255583225,0.353021621702817,-0.0385379791258364,0.0400659610581112,0.118796054005437,-0.049640731269439,0,0,0,0,3547.55,22.2554591
0.860169924148073,0.291288761655013,1.27148842811584,0.00971630774438381,0.106630437076092,-1.67154735193785,-0.196945990710665,-0.421675033988627,-0.0193900150907851,-0.00353742907224499,-0.179491141727885,0.48375218943834,1.65151715278625,0.550321698188782,1.27372443675995,0.00527839158373482,-0.043974862915445,0.157263057003668,-0.420343875883481,0.354251861570977,-0.0314235687254716,-0.192852696210796,0.930925755045312,-0.0482165611207575,0.742210150456252,0.796899319437239,-0,-0,3547.6,22.3221708
0.85360505779105,0.277232927188725,1.27148842811584,0.00971630774438381,0.106630437076092,-1.67154735193785,-0.196945990710665,-0.421675033988627,-0.0193900150907851,-0.00247620035057149,-0.12564379920952,0.338626532606838,1.60269784927368,0.581498861312866,1.27326822280884,0.0037290384880093,-0.027714469901636,0.154449442205153,-0.488193035126176,0.311771631241128,-0.00456213951111255,-0.0154935309572693,0.162603930138237,-0.0281361479851839,1,1,-0,-0,3547.7,22.3889044
0.847085889803001,0.263128291878604,1.24723565578461,0.00810559932142496,0.0630403012037277,-1.66818660364684,-0.195575039641474,-0.423139059303625,0.212477653356751,0.0127630355612296,0.304360563404613,0.206791838205646,1.57804250717163,0.597894251346588,1.27352607250214,-0.00363761252595331,-0.0117835038293182,0.154495029738637,-0.493106842043706,0.327907800676228,0.00515699386599494,-0.147333020280056,0.318619321448096,0.000911750669698709,1,1,-0,-0,3547.75,22.4556229
0.840566721814952,0.249023656568484,1.24723565578461,0.00810559932142496,0.0630403012037277,-1.66818660364684,-0.195575039641474,-0.423139059303625,-0.00579729762438932,0.00893412489286073,0.213052394383229,0.144754286743952,1.53073239326477,0.63225257396698,1.27549993991852,-0.0571681107232987,0.0399042842666226,0.155166805374478,-0.473101139066882,0.343583226202669,0.0197386741637466,-0.535304981971507,0.516877880957528,0.00671775635837811,1,1,-0,-0,3547.85,22.5224257
0.834047553826903,0.234919021258363,1.24723565578461,0.00810559932142496,0.0630403012037277,-1.66818660364684,-0.195575039641474,-0.423139059303625,-0.00579729762438932,0.00625388742500251,0.14913667606826,0.101328000720767,1.50887703895569,0.651181042194366,1.27642726898193,-0.0846801844947589,0.0627314384822696,0.158954595403296,-0.437107086184026,0.378569364549795,0.0185465812684118,-0.550241475432206,0.45654308431543,0.075755800576792,1,1,-0,-0,3547.9,22.5891096
0.829139703191796,0.221674705463546,1.23943710327148,-0.031903188675642,-0.0299406610429287,-1.66584437952574,-0.147235519053213,-0.397329473844503,0.0714661042150325,0.364456813171105,0.94122433346769,0.0498495834146929,1.4885333776474,0.671418249607086,1.27800178527832,-0.0966717044342777,0.0718560015271043,0.159096820946961,-0.406873226164291,0.404744148252922,0.0314903259276198,-0.239830398789505,0.182491260896031,0.00284451087328517,1,1,-0,-0,3547.95,22.6557782
0.830317484939629,0.210440424016388,1.23943710327148,-0.031903188675642,-0.0299406610429287,-1.66584437952574,0.0353334524349889,-0.337028443414744,-0.00610868039776014,0.255119769219773,0.658857033427383,0.034894708390285,1.47017860412598,0.693415224552155,1.27969944477081,-0.101252439744584,0.0767387716980184,0.160218818362509,-0.36709547043047,0.439939498903768,0.0339531898500388,-0.0916147062066159,0.0976554034188151,0.022439948311083,1,1,-0,-0,3548,22.7226212
0.831495266687462,0.19920614256923,1.23943710327148,-0.031903188675642,-0.0299406610429287,-1.66584437952574,0.0353334524349889,-0.337028443414744,-0.00610868039776014,0.178583838453841,0.461199923399168,0.0244262958731995,1.44076371192932,0.744774699211121,1.28315544128418,-0.101555987410889,0.0834512280199979,0.158906735394596,-0.294148921965483,0.513594746587792,0.0345599651335413,-0.00303547666304491,0.0671245632195502,-0.0131208296790891,1,1,-0,-0,3548.1,22.7893508
0.8326518198114,0.18796932564319,1.24774634838104,-0.0860405415296555,-0.0921101421117783,-1.66439503298339,0.03469659371814,-0.337104507781206,-0.0689485137531881,0.61224486260381,0.882365275999064,0.00405428823001407,1.42949867248535,0.773525178432465,1.28405523300171,-0.108935185055901,0.0903017594884274,0.159708247396512,-0.225300788880624,0.575009584430018,0.0179958343506841,-0.147583952901048,0.137010629369339,0.0160302400384175,1,0.781273842585528,-0,-0,3548.15,22.8560924
0.833808372935338,0.176732508717149,1.24774634838104,-0.0860405415296555,-0.0921101421117783,-1.66439503298339,0.03469659371814,-0.337104507781206,0.00583469223283487,0.428571403822667,0.617655693199345,0.00283800176100985,1.41442084312439,0.838180303573608,1.28518319129944,-0.115474875740882,0.0944273147686704,0.16000051843882,-0.150778293609756,0.646551251412026,0.0112795829773052,-0.0653969068498662,0.0412555528024675,0.00292271042308045,1,0.320322275460067,-0,-0,3548.25,22.9227797
0.834964926059276,0.165495691791109,1.24774634838104,-0.0860405415296555,-0.0921101421117783,-1.66439503298339,0.03469659371814,-0.337104507781206,0.00583469223283487,0.299999982675867,0.432358985239541,0.00198660123270689,1.41088104248047,0.873968780040741,1.28549826145172,-0.113652655236903,0.0966884504924087,0.159003816980005,-0.0707960128781604,0.715769529340047,0.00630140304563137,0.0364444100794515,0.0452227144746007,-0.0199340291762286,0.914090395825068,-0,-0,-0,3548.3,22.9894583
0.836125661491296,0.154263544355032,1.24450099468231,-0.0996945425868034,-0.107205927371979,-1.66312473879393,0.0348220629605975,-0.336964423082312,0.0379282025295894,0.332885997387439,0.438513357009483,-0.0100420268421833,1.40981733798981,0.911638081073761,1.28629803657532,-0.100605590105067,0.0984956761406991,0.155131599478605,-0.021274089813155,0.75338602065766,0.0159955024718656,0.260941302635767,0.036144512965676,-0.0774443500277047,0,0,0,0,3548.35,23.0561276
0.837286396923316,0.143031396918955,1.24450099468231,-0.0996945425868034,-0.107205927371979,-1.66312473879393,0.0348220629605975,-0.336964423082312,0.00872001924101516,0.233020198171207,0.306959349906638,-0.00702941878952831,1.41165018081665,0.991383790969849,1.28773653507233,-0.0545640128312646,0.0962336447758621,0.149860307252028,0.0366568565370653,1.59491419793046,0.0287699699403425,0.920831545481071,-0.0452406272969856,-0.105425844532123,0,0,0,0,3548.4,23.1228795
0.838447132355336,0.131799249482878,1.24450099468231,-0.0996945425868034,-0.107205927371979,-1.66312473879393,0.0348220629605975,-0.336964423082312,0.00872001924101516,0.163114138719845,0.214871544934647,-0.00492059315266982,1.42160856723785,1.03274214267731,1.2883232831955,-0.0292847092113998,0.081261508535791,0.146417572877924,0.0995838642121267,0.413583517074961,0.00586748123169479,0.252793036198877,-0.149721362400848,-0.0344273437410724,0,0,0,0,3548.5,23.1895922
0.854218139674385,0.120724766739995,1.25332963466644,-0.0505082756280899,-0.113603949546814,-1.65948289499816,0.473130219571489,-0.332234482286494,-0.0741142201249782,-0.32849650552453,0.20799228102777,-0.0362210093688562,1.42925560474396,1.07444596290588,1.28958475589752,-0.0218847109181178,0.0484990706274269,0.143487084123031,0.152940750121514,0.834076404568499,0.0252294540404356,0.147999965865102,-0.655248758164899,-0.0586097750976455,0,0,0,0,3548.55,23.2563322
0.869989146993435,0.109650283997112,1.25332963466644,-0.0505082756280899,-0.113603949546814,-1.65948289499816,0.473130219571489,-0.332234482286494,0.00534353973219956,-0.229947553867171,0.145594596719439,-0.0253547065581993,1.44875967502594,1.1577764749527,1.29113233089447,-0.0161557954124391,0.013922625182535,0.140468156078664,0.195040702820002,0.833305120468897,0.0154757499694965,0.0572891550568399,-0.345764454449233,-0.0301892804436995,0,0,0,0,3548.65,23.3232161
0.885760154312485,0.0985758012542285,1.25332963466644,-0.0505082756280899,-0.113603949546814,-1.65948289499816,0.473130219571489,-0.332234482286494,0.00534353973219956,-0.16096328770702,0.101916217703607,-0.0177482945907395,1.45922148227692,1.19895994663239,1.29254281520844,-0.0162555192494244,0.00737937577940944,0.139254625624312,0.20923614501877,0.823669433590754,0.0282096862791942,-0.00199447673969965,-0.130864988062035,-0.0242706090869504,0,0,0,0,3548.7,23.3903454
0.911382176320606,0.0932031249764008,1.24565327167511,-0.00660298019647598,-0.0336467996239662,-1.65945547686156,0.768660660243656,-0.161180288334834,0.0840380606244689,-0.507821960279439,-0.648272996913105,-0.0126705694428878,1.4700345993042,1.24000895023346,1.29407393932343,-0.0148114160128883,0.00233174427766465,0.139638184838722,0.216262340546834,0.820980072025964,0.0306224822999718,0.0288820647308797,-0.100952630035447,0.0076711842882451,0.54689168980987,-1,-0,-0,3548.75,23.4570631
0.937004198328728,0.087830448698573,1.24565327167511,-0.00660298019647598,-0.0336467996239662,-1.65945547686156,0.768660660243656,-0.161180288334834,0.0149507937024718,-0.355475372195607,-0.453791097839173,-0.00886939861002145,1.49183583259583,1.3209867477417,1.29769992828369,-0.00488767051409193,-0.00261239967244113,0.138377993504754,0.218012332915467,0.809777975079451,0.0362598896025292,0.0992374549876027,-0.0494414395008779,-0.012601913339639,0.54689168980987,-1,-0,-0,3548.85,23.5237788
0.96262622033685,0.0824577724207452,1.24565327167511,-0.00660298019647598,-0.0336467996239662,-1.65945547686156,0.768660660243656,-0.161180288334834,0.0149507937024718,-0.248832760536925,-0.317653768487421,-0.00620857902701501,1.50307238101959,1.36020410060883,1.29967796802521,0.00621137725586576,-0.00297069464214059,0.137212224593772,0.224730968476568,0.784347057346809,0.0395607948305381,0.221980955400365,-0.00716589939402839,-0.023315378219766,0.54689168980987,-1,-0,-0,3548.9,23.590476
0.998113638463815,0.076064914347002,1.24977827072144,0.000476285465992987,-0.0068845977075398,-1.65819591150817,1.06462254380894,-0.191785742212296,-0.027595217120115,-0.237896323338068,-0.463217455189033,-0.0156820934994525,1.5143518447876,1.39781618118286,1.30087041854858,0.0360112854935716,0.0109785264918303,0.133419571001843,0.225589275359287,0.752241611477976,0.0238490104674425,0.595998164751949,0.278984422678403,-0.0758530718382988,0.54689168980987,-1,-0,-0,3548.95,23.6572089
1.03360105659078,0.0696720562732588,1.24977827072144,0.000476285465992987,-0.0068845977075398,-1.65819591150817,1.06462254380894,-0.191785742212296,0.00952977429681613,-0.166527426336648,-0.324252218632323,-0.0109774654496168,1.53854012489319,1.46846830844879,1.30298566818237,0.088807585085924,0.043211710194216,0.132488278551939,0.241882801056128,0.706521272659944,0.0211524963379099,0.527962995924004,0.322331837024151,-0.0093129244990485,0.54689168980987,-1,-0,-0,3549.05,23.7232268
1.06908847471774,0.0632791981995156,1.24977827072144,0.000476285465992987,-0.0068845977075398,-1.65819591150817,1.06462254380894,-0.191785742212296,0.00952977429681613,-0.116569198435653,-0.226976553042626,-0.00768422581473173,1.55226266384125,1.50039875507355,1.30402612686157,0.0973261329683341,0.0484341694696247,0.132919529316449,0.274450778960183,0.638608932492794,0.0208091735839087,0.170370957647581,0.104449185507794,0.0086250152901776,0.914090395825068,-0.203131199072237,-0,-0,3549.1,23.7905748
1.09333336201205,0.056884628252488,1.24682915210724,0.0932370573282242,-0.0405891127884388,-1.65936797724303,0.72734661882923,-0.191837098410827,0.083845490350372,-0.916445385665038,0.144457048598253,0.00516963354345733,1.56663656234741,1.52895057201385,1.3057347536087,0.0943818351784772,0.0488043489280661,0.131414338110891,0.28747797012486,0.571036338809269,0.0341725349428134,-0.0588859557974577,0.00740358916886856,-0.0301038241113305,0,0,0,0,3549.15,23.8572731
1.11757824930636,0.0504900583054604,1.24682915210724,0.0932370573282242,-0.0405891127884388,-1.65936797724303,0.72734661882923,-0.191837098410827,0.057303422822601,-0.641511769965527,0.101119934018777,0.00361874348042013,1.59943902492523,1.57940626144409,1.30764973163605,0.0750810988266476,0.0609481985427984,0.130918562390752,0.328024625778497,0.504556894302827,0.0191497802734549,-0.193007363518472,0.121438496147433,-0.00495775720139736,0,0,0,0,3549.25,23.9241342
1.14182313660067,0.0440954883584329,1.24682915210724,0.0932370573282242,-0.0405891127884388,-1.65936797724303,0.72734661882923,-0.191837098410827,0.057303422822601,-0.449058238975869,0.0707839538131439,0.00253312043629409,1.61720132827759,1.60131227970123,1.30875909328461,0.055515828551297,0.0601434189837142,0.134296205773975,0.355246067045827,0.438120365141228,0.0221872329711107,-0.391305405505588,-0.0160955911816246,0.0675528676642169,0,0,0,0,3549.3,23.9914499
1.16606660011413,0.0377314257535079,1.2648264169693,0.0927789434790611,-0.0630064606666565,-1.66063254938658,0.727303905403892,-0.190921878147748,-0.102934899450751,-0.310217742640641,0.25130489857316,0.0131543335973981,1.63638556003571,1.62182760238647,1.30998229980469,0.039047948558082,0.0335219707505034,0.136702958575423,0.383684635160958,0.410306453703341,0.0244641304015223,-0.329357599863102,-0.532428964662279,0.0481350560287777,-0,-1,-0,-0,3549.35,24.0581749
1.19031006362759,0.031367363148583,1.2648264169693,0.0927789434790611,-0.0630064606666565,-1.66063254938658,0.727303905403892,-0.190921878147748,0.0590404843077937,-0.217152419848448,0.175913429001212,0.00920803351817864,1.67647647857666,1.65833163261414,1.31236624717712,0.024513723491881,-0.00364643976417659,0.132512522850363,0.40090918540991,0.365040302276943,0.0238394737243869,-0.145342250662143,-0.371684105147138,-0.041904357250637,-0,-1,-0,-0,3549.45,24.1248837
1.21455352714106,0.025003300543658,1.2648264169693,0.0927789434790611,-0.0630064606666565,-1.66063254938658,0.727303905403892,-0.190921878147748,0.0590404843077937,-0.152006693893914,0.123139400300848,0.00644562346272505,1.69683480262756,1.67490220069885,1.31290829181671,0.0404098822719138,-0.00560853092242889,0.132055919181207,0.407166481020288,0.331411361696144,0.0108408927918072,0.317923175602391,-0.0392418231652602,-0.00913207338316278,-0,-1,-0,-0,3549.5,24.1915967
1.23271234396373,0.025422234649789,1.2648264169693,0.0354830026626587,-0.0100175831466913,-1.66192811594542,0.544764504680135,0.0125680231839284,0.0249822204302812,0.409258781621882,-0.390702317469093,0.0161720354534485,1.71693801879883,1.68897521495819,1.3137274980545,0.0602269536874699,-0.000944101630042345,0.134187329638772,0.40206432342383,0.281460285185744,0.0163841247557998,0.39634142830968,0.0932885858473915,0.042628209151148,-0,-1,-0,-0,3549.55,24.2582813
1.2508711607864,0.0258411687559199,1.2648264169693,0.0354830026626587,-0.0100175831466913,-1.66192811594542,0.544764504680135,0.0125680231839284,0.0249822204302812,0.286481147135318,-0.273491622228365,0.011320424817414,1.75684189796448,1.71199178695679,1.31568264961243,0.100170442701562,0.00532620273774591,0.132293940937773,0.399038791656857,0.230165719986171,0.0195515155792414,0.399434890141285,0.0627030436779396,-0.0189338870100067,0.218756675923948,-1,-0,-0,3549.65,24.3250079
1.26902997760907,0.0262601028620509,1.2648264169693,0.0354830026626587,-0.0100175831466913,-1.66192811594542,0.544764504680135,0.0125680231839284,0.0249822204302812,0.200536802994722,-0.191444135559855,0.00792429737218979,1.77691185474396,1.72041690349579,1.31743025779724,0.10386200512235,0.00666549181343862,0.13267839832861,0.401399135588139,0.168502330779416,0.0349521636961619,0.0738312484155011,0.0267857815137568,0.00768914781670383,0.218756675923948,-1,-0,-0,3549.7,24.3917215
1.27741093244139,0.0296685334439413,1.25042462348938,0.103065572679043,0.00146532489452511,-1.66377514467772,0.251428644969502,0.102252917456714,0.164008879245756,-0.467867368051151,-0.237357067262847,0.0221702667512311,1.79693031311035,1.72593677043915,1.31962585449219,0.101222213055384,0.0126767938901773,0.131957657709718,0.400369167330066,0.11039733886779,0.0439119338991654,-0.0527958413396262,0.12022604153543,-0.0144148123779057,0.226569414349803,-1,-0,-0,3549.75,24.4584399
1.2857918872737,0.0330769640258318,1.25042462348938,0.103065572679043,0.00146532489452511,-1.66377514467772,0.251428644969502,0.102252917456714,0.0343927379264811,-0.327507157635806,-0.166149947083993,0.0155191867258618,1.83752810955048,1.72894477844238,1.32459652423859,0.105703184474896,0.0288495721830668,0.126644056185584,0.405977964399768,0.0300800800322392,0.0497066974638084,0.0448097141949633,0.161727782928306,-0.0531360152411532,0.226569414349803,-1,-0,-0,3549.85,24.5251461
1.29417284210602,0.0364853946077223,1.25042462348938,0.103065572679043,0.00146532489452511,-1.66377514467772,0.251428644969502,0.102252917456714,0.0343927379264811,-0.229255010345064,-0.116304962958795,0.0108634307081032,1.85866963863373,1.72710514068604,1.3261479139328,0.110432383423158,0.0365271869522687,0.126652465553438,0.422830581667346,-0.0367927551271539,0.0310277938844467,0.0945839789657534,0.153552295384878,0.000168187357093371,0.234382152775658,-1,-0,-0,3549.9,24.5918042
1.29708425374155,0.0399336300078571,1.25933504104614,0.1130076572299,-0.0158121511340141,-1.66412132845458,0.0873423490657546,0.103447062004046,-0.0832459604431594,-0.249957268199263,0.0740838101856967,0.0107200554873715,1.87979471683502,1.7223516702652,1.32744145393372,0.114271840360316,0.0403449361680801,0.124601266693622,0.422501564024342,-0.0950694084164022,0.0258708000182164,0.0767891387428772,0.0763549843159491,-0.0410239771961849,0.26563310647908,-1,-0,-0,3549.95,24.6585302
1.29999566537707,0.043381865407992,1.25933504104614,0.1130076572299,-0.0158121511340141,-1.66412132845458,0.0873423490657546,0.103447062004046,-0.00305220243229512,-0.174970087739484,0.0518586671299877,0.00750403884116004,1.92458951473236,1.70539176464081,1.32940828800201,0.113862043521802,0.0407971424875253,0.123309576938395,0.447947978973796,-0.169599056244051,0.0196683406830013,-0.00409796838513871,0.00452206319445587,-0.0129168975522792,0,0,0,0,3550.05,24.7252348
1.3029070770126,0.0468301008081268,1.25933504104614,0.1130076572299,-0.0158121511340141,-1.66412132845458,0.0873423490657546,0.103447062004046,-0.00305220243229512,-0.122479061417639,0.0363010669909914,0.00525282718881203,1.94779515266418,1.69261527061462,1.33068597316742,0.11599055429451,0.0432219602538643,0.120836474186711,0.464112758634786,-0.255529880522752,0.0255537033080125,0.0425702154539898,0.0484963553266047,-0.0494620550335014,0,0,0,0,3550.1,24.7919217
1.30087011213135,0.0532651581529448,1.2518025636673,0.122885458171368,-0.030053960159421,-1.6632346497589,-0.0611089464372877,0.193051720344537,0.0752535706808247,-0.174635551465553,0.153587028122356,-0.00430312922893998,1.97212898731232,1.67765188217163,1.33241736888885,0.104822180511137,0.0394718409126657,0.122110152504451,0.486676692965302,-0.299267768861496,0.0346279144288999,-0.223367475668675,-0.075002386824381,0.0254735663549504,-0.734397412030396,-0.679708243049409,-0,-0,3550.15,24.8585867
1.29883314725011,0.0597002154977627,1.2518025636673,0.122885458171368,-0.030053960159421,-1.6632346497589,-0.0611089464372877,0.193051720344537,0.0074612742712178,-0.122244886025887,0.107510919685649,-0.00301219046025799,2.02163505554199,1.64301931858063,1.33751833438873,0.0568361193472933,0.0172258550913967,0.123027012178569,0.495060682297203,-0.346325635910349,0.0510096549988257,-0.479860611638872,-0.222459858212892,0.00916859674118768,-0.734397412030396,-0.718771935178686,-0,-0,3550.25,24.9253211
1.29679618236887,0.0661352728425806,1.2518025636673,0.122885458171368,-0.030053960159421,-1.6632346497589,-0.0611089464372877,0.193051720344537,0.0074612742712178,-0.0855714202181208,0.0752576437799542,-0.00210853332218059,2.04693007469177,1.62286877632141,1.3403697013855,0.0480094265764699,-0.00608062497562745,0.123540004184007,0.505900382993765,-0.40301084518286,0.0570273399350953,-0.176533855415826,-0.466129601338788,0.010259840108718,-0.734397412030396,-0.726584673604541,-0,-0,3550.3,24.9920099
1.29477534467527,0.0725640026562525,1.25795042514801,0.0765563771128654,-0.0225863549858332,-1.66142123804625,-0.060625130808011,0.192861894410158,-0.0443568883745364,0.357061735373835,-0.0145280959163223,-0.0177966787393448,2.07163095474243,1.601731300354,1.34273970127106,0.0595309607034823,-0.0347225212478663,0.121879656043024,0.494017601011386,-0.422749519346607,0.0473999977110092,0.23043068253941,-0.572837925442693,-0.0332069628195505,-0.734397412030396,-0.726584673604541,-0,-0,3550.35,25.0586711
1.29275450698167,0.0789927324699245,1.25795042514801,0.0765563771128654,-0.0225863549858332,-1.66142123804625,-0.060625130808011,0.192861894410158,0.0109738649518796,0.249943214761685,-0.0101696671414256,-0.0124576751175413,2.11777019500732,1.55554580688477,1.34544324874878,0.0882400510746873,-0.064174870837282,0.126984790461079,0.461392402649345,-0.461854934692803,0.0270354747772463,0.287090903712311,-0.294523495894425,0.0510513441806036,-0.734397412030396,-0.734397412030396,-0,-0,3550.45,25.1253599
1.29073366928807,0.0854214622835964,1.25795042514801,0.0765563771128654,-0.0225863549858332,-1.66142123804625,-0.060625130808011,0.192861894410158,0.0109738649518796,0.174960250333179,-0.00711876699899791,-0.00872037258227894,2.13876676559448,1.52998828887939,1.34615838527679,0.0964708043759328,-0.0745236558237969,0.126280968753813,0.419931411745456,-0.511150360110211,0.0143027305603808,0.164615066025807,-0.206975699731426,-0.0140764341454044,-0.734397412030396,-0.734397412030396,-0,-0,3550.5,25.1920641
1.28768131371356,0.102052990022019,1.27721238136292,0.0902008563280106,0.0611473694443703,-1.65979784594115,-0.0915706672352364,0.498945832152673,-0.156657253690773,-0.000328137703080544,-0.75858665677113,-0.0207147897535181,2.1584165096283,1.50270807743073,1.34676027297974,0.0944124410702014,-0.0775465720305904,0.127692248192313,0.39299488067484,-0.545604228971404,0.0120377540587941,-0.0411672661144778,-0.0604583241356517,0.0282255887699073,-0.734397412030396,-0.734397412030396,-0,-0,3550.55,25.2587826
1.28462895813905,0.118684517760441,1.27721238136292,0.0902008563280106,0.0611473694443703,-1.65979784594115,-0.0915706672352364,0.498945832152673,0.0167003522433703,-0.000229696392156381,-0.531010659739791,-0.0145003528274627,2.19022417068481,1.44333052635193,1.34723627567291,0.0982355524952328,-0.0694301264587854,0.126882271908036,0.318076610565475,-0.593775510788504,0.00476002693176702,0.0382311142503488,0.0811644557181246,-0.00809976284278189,-0.734397412030396,-0.734397412030396,-0,-0,3550.65,25.3254872
1.28157660256454,0.135316045498864,1.27721238136292,0.0902008563280106,0.0611473694443703,-1.65979784594115,-0.0915706672352364,0.498945832152673,0.0167003522433703,-0.000160787474509467,-0.371707461817853,-0.0101502469792239,2.20356798171997,1.41120862960815,1.3484365940094,0.0982731534528301,-0.0780520681450236,0.124920676420506,0.266876220702154,-0.642437934873151,0.024006366729649,0.000752019151943657,-0.172438833724137,-0.0392319097504475,-0.734397412030396,-0.734397412030396,-0,-0,3550.7,25.392192
1.277806814515,0.154884969808172,1.25738406181335,0.0996312275528908,0.0824259743094444,-1.66112869844969,-0.113093641486156,0.587067729279265,0.238652930582152,-0.0849858922560786,-0.451702667058165,0.00487249969144759,2.21362900733948,1.37678802013397,1.34974002838135,0.102802575184014,-0.0822188031919415,0.127394230082631,0.201220512391235,-0.688412189487399,0.0260686874391071,0.0905884346241714,-0.0833347009388142,0.0494710732427505,-0.734397412030396,-1,-0,-0,3550.75,25.45892
1.27403702646547,0.174453894117481,1.25738406181335,0.0996312275528908,0.0824259743094444,-1.66112869844969,-0.113093641486156,0.587067729279265,0.0601980546361067,-0.059490124579255,-0.316191866940715,0.00341074978401331,2.22761201858521,1.30228352546692,1.35357248783112,0.114237825310518,-0.0965423978822347,0.125657603379899,0.139830112456767,-0.745044946667822,0.0383245944975412,0.114352501264623,-0.14323594690241,-0.017366267027248,-0.734397412030396,-1,-0,-0,3550.85,25.5256518
1.27026723841593,0.19402281842679,1.25738406181335,0.0996312275528908,0.0824259743094444,-1.66112869844969,-0.113093641486156,0.587067729279265,0.0601980546361067,-0.0416430872054785,-0.221334306858501,0.00238752484880932,2.23278331756592,1.26329386234283,1.35332262516022,0.105323467694079,-0.0870060275131327,0.120832608251927,0.103425979614822,-0.779793262485945,-0.00499725341799602,-0.178287152329753,0.19072740738308,-0.0964999025599745,-0.734397412030396,-1,-0,-0,3550.9,25.592376
1.2584382762522,0.212074760623501,1.27050697803497,0.106564968824387,0.0938514620065689,-1.65919417009886,-0.35486886491181,0.541558265901338,-0.111629156240939,-0.0915538324872973,-0.257763404075071,-0.0157394877633042,2.2339653968811,1.22189557552338,1.35448312759399,0.112813211723271,-0.085875422070533,0.122613390587528,0.0236415863036249,-0.827965736386148,0.0232100486754527,0.149794880583306,0.022612108851912,0.0356156467118871,-0.476577043977172,-1,-0,-0,3550.95,25.6591237
1.24660931408847,0.230126702820213,1.27050697803497,0.106564968824387,0.0938514620065689,-1.65919417009886,-0.35486886491181,0.541558265901338,0.00647708975362922,-0.0640876827411081,-0.18043438285255,-0.0110176414343129,2.22984027862549,1.13136899471283,1.35531520843506,0.123619583738858,-0.0753631309387636,0.124516688791022,-0.0412511825561899,-0.905265808106292,0.0083208084106521,0.10806372015596,0.10512291131779,0.0190329820349626,0,0,0,0,3551.05,25.7259036
1.23478035192475,0.248178645016924,1.27050697803497,0.106564968824387,0.0938514620065689,-1.65919417009886,-0.35486886491181,0.541558265901338,0.00647708975362922,-0.0448613779187757,-0.126304067996785,-0.00771234900401905,2.22414755821228,1.08295106887817,1.35316669940948,0.122050345024385,-0.07288591879983,0.125987022813863,-0.113854408263746,-0.968358516689592,-0.0429701805113183,-0.0313847742893296,0.0495442427784908,0.0294066804567138,0,0,0,0,3551.1,25.7928094
1.21620473324932,0.263527521245606,1.29266142845154,0.122009314596653,0.0940109714865685,-1.66079133616027,-0.557268560262724,0.460466286860461,-0.215606206510043,-0.17040207649354,-0.0898484329177452,0.00897585024979897,2.21719598770142,1.03301358222961,1.35126447677612,0.111703941472844,-0.0643601804712329,0.122832881549018,-0.139031410218044,-0.998749732976642,-0.0380444526674439,-0.206928071031965,0.170514766572872,-0.063082825297261,0,0,0,0,3551.15,25.8595471
1.1976291145739,0.278876397474288,1.29266142845154,0.122009314596653,0.0940109714865685,-1.66079133616027,-0.557268560262724,0.460466286860461,-0.0162161527609581,-0.119281453545478,-0.0628939030424216,0.00628309517485928,2.19968247413635,0.929389894008636,1.34845042228699,0.055285324200729,-0.0260296118430442,0.117966275210774,-0.175135135650794,-1.03623688221072,-0.028140544891383,-0.564186172721659,0.383305686282236,-0.0486660633824817,0,0,0,0,3551.25,25.926252
1.17905349589847,0.29422527370297,1.29266142845154,0.122009314596653,0.0940109714865685,-1.66079133616027,-0.557268560262724,0.460466286860461,-0.0162161527609581,-0.0834970174818348,-0.0440257321296951,0.0043981666224015,2.19030690193176,0.877401113510132,1.34701335430145,0.0376183418702909,-0.0109873845147271,0.115557588351678,-0.187511444091115,-1.03977560996631,-0.0287413597105888,-0.353339646607476,0.300844546565247,-0.0481737371817313,0,0,0,0,3551.3,25.9929476
1.1604472511878,0.309544218128566,1.2947074174881,0.0734524950385094,0.0345879532396793,-1.66434258089598,-0.558187341320324,0.459568332767869,-0.0312822838577828,0.378563463786008,0.503989151731216,0.035039919257141,2.17912220954895,0.82392019033432,1.34522604942322,0.0288014015538205,-0.00748370416793251,0.117344882090545,-0.223693847655436,-1.06961846351234,-0.0357460975645672,-0.176338806328767,0.0700736069356371,0.0357458747772103,1,-0,-0,-0,3551.35,26.0596261
1.14184100647712,0.324863162554161,1.2947074174881,0.0734524950385094,0.0345879532396793,-1.66434258089598,-0.558187341320324,0.459568332767869,-0.0128683825287423,0.264994424650206,0.352792406211851,0.0245279434799987,2.15667343139648,0.717511475086212,1.34073233604431,0.0214492699544143,0.000858686169402344,0.116590278366743,-0.224487781524862,-1.06408715248205,-0.0449371337891034,-0.0735213159941288,0.0834239033734244,-0.0075460372380335,1,-0,-0,-0,3551.45,26.1266348
1.12323476176644,0.340182106979757,1.2947074174881,0.0734524950385094,0.0345879532396793,-1.66434258089598,-0.558187341320324,0.459568332767869,-0.0128683825287423,0.185496097255144,0.246954684348296,0.0171695604359991,2.14632129669189,0.665268361568451,1.33860230445862,0.0190264095399909,0.0265531736939508,0.11742594108501,-0.207042694092927,-1.04486227036093,-0.0426006317140997,-0.0484572082887329,0.513889750493774,0.0167132543654374,1,-0,-0,-0,3551.5,26.1933364
1.10067409674712,0.350989768692863,1.30342435836792,0.029247559607029,0.00379203981719911,-1.66308277712401,-0.676819950579641,0.324229851393191,-0.0759762436670479,0.527691686961924,0.450031499846129,0.000680458357445457,2.13661193847656,0.614125490188599,1.33512246608734,0.0180644474972786,0.0530849564668496,0.117462392367005,-0.194187164305934,-1.02285742759332,-0.0695967674252839,-0.0192392408541766,0.530635655456046,0.000729025639887427,1,-0,-0,-0,3551.55,26.2600164
1.0781134317278,0.36179743040597,1.30342435836792,0.029247559607029,0.00379203981719911,-1.66308277712401,-0.676819950579641,0.324229851393191,0.00247622425134807,0.369384180873347,0.31502204989229,0.00047632085021182,2.12105822563171,0.512698411941528,1.32990491390228,0.0204341799238896,0.0898239892021629,0.11745068230571,-0.155537128448628,-1.01427078247163,-0.0521755218506334,0.0236973242661314,0.367390327353467,-0.000117100612950334,1,-0,-0,-0,3551.65,26.3267043
1.05555276670848,0.372605092119076,1.30342435836792,0.029247559607029,0.00379203981719911,-1.66308277712401,-0.676819950579641,0.324229851393191,0.00247622425134807,0.258568926611343,0.220515434924603,0.000333424595148274,2.11638903617859,0.46282097697258,1.32746875286102,0.0236756506391596,0.0941600279221586,0.117873500811082,-0.0933837890621603,-0.997548699375338,-0.0487232208250181,0.0648294143051648,0.0867207743995972,0.00845637010742283,0,0,0,0,3551.7,26.3933856
1.03697287704928,0.377895377016556,1.29011809825897,0.0265685636550188,-0.086216501891613,-1.66264623270568,-0.557396689775934,0.15870854692441,0.125099775092897,0.205109212196031,0.964437679826531,-0.00369550254841086,2.11440563201904,0.413389176130295,1.3249146938324,0.0241551764204662,0.0983102707799502,0.116106130632025,-0.0396680831911344,-0.988636016851098,-0.0510811805727885,0.0095905156261847,0.0830048571562855,-0.0353474035813384,0,0,0,0,3551.75,26.4600248
1.01839298739008,0.383185661914037,1.29011809825897,0.0265685636550188,-0.086216501891613,-1.66264623270568,-0.557396689775934,0.15870854692441,0.00534343411236729,0.143576448537222,0.675106375878572,-0.0025868517838876,2.11677217483521,0.315781950950623,1.3229888677597,0.024071016157206,0.0725805414263541,0.118889116849024,0.023665428161535,-0.976072251793171,-0.0192582607268586,-0.000841602632598885,-0.257297293535024,0.0278298621698899,0,0,0,0,3551.85,26.5268133
0.999813097730883,0.388475946811517,1.29011809825897,0.0265685636550188,-0.086216501891613,-1.66264623270568,-0.557396689775934,0.15870854692441,0.00534343411236729,0.100503513976055,0.472574463115,-0.00181079624872132,2.12056493759155,0.267164885997772,1.32186734676361,0.0235956270227612,0.050167259719571,0.119818315372986,0.0758552551273671,-0.972341299062313,-0.0224304199219974,-0.00950778268894793,-0.448265634138109,0.0185839704793462,-0.882839442121647,-0,-0,-0,3551.9,26.5935442
0.991731063800169,0.402103247160314,1.27508270740509,0.0304142106324434,-0.0882624983787537,-1.66530507669982,-0.242461017921432,0.408819010463915,0.134153826006914,0.0357416369864172,0.349216092564766,0.0226620385731607,2.12617659568787,0.21924039721489,1.32118260860443,0.0250864421444939,0.0337816623447888,0.117549551599617,0.112233161925861,-0.958489775654167,-0.0136947631835439,0.0298163024345448,-0.327711947494451,-0.0453752754672141,-0.882839442121647,-0,-0,-0,3551.95,26.6602395
0.983649029869454,0.415730547509111,1.27508270740509,0.0304142106324434,-0.0882624983787537,-1.66530507669982,-0.242461017921432,0.408819010463915,-0.00116469167802222,0.025019145890492,0.244451264795336,0.0158634270012125,2.13847470283508,0.124460227787495,1.32079184055328,0.0305287166801771,-0.0126701124540359,0.118858143179232,0.12298107147228,-0.947801694274811,-0.00390768051147816,0.0544227453568821,-0.46451774798867,0.013085915796155,-0.882839442121647,-0,-0,-0,3552.05,26.7269138
0.97556699593874,0.429357847857909,1.27508270740509,0.0304142106324434,-0.0882624983787537,-1.66530507669982,-0.242461017921432,0.408819010463915,-0.00116469167802222,0.0175134021233444,0.171115885356735,0.0111043989008487,2.14458465576172,0.0769492760300636,1.3202064037323,0.0354124602228294,-0.0441768345025077,0.117356876627672,0.12219905853227,-0.950219035145164,-0.0117087364196351,0.0976748708526896,-0.630134440967143,-0.0300253310310826,-0.882839442121647,-0,-0,-0,3552.1,26.7936467
0.979117945701188,0.430379847684065,1.2829726934433,0.0290038082748652,-0.00424245046451688,-1.66596788034972,0.10652849287344,0.0306599947846967,-0.0660009395701114,0.0249530027045456,-0.636399311478416,0.0137383120797152,2.14989733695984,0.0307274591177702,1.31858432292938,0.038012771131143,-0.0635421815257134,0.116847685283191,0.106253623962982,-0.924436338250913,-0.0324416160585266,0.0520062181665565,-0.387306940466228,-0.0101838268896696,-0.882839442121647,-0,-0,-0,3552.15,26.8603825
0.982668895463636,0.431401847510222,1.2829726934433,0.0290038082748652,-0.00424245046451688,-1.66596788034972,0.10652849287344,0.0306599947846967,0.00500893477376073,0.0174671018931819,-0.445479518034891,0.00961681845580065,2.15524625778198,-0.0626524686813354,1.31479120254517,0.0409130193117585,-0.0809666176065228,0.115154461536083,0.0534892082214842,-0.933799277991906,-0.0379312038421976,0.0290024818061808,-0.174244360808252,-0.016932237471096,-0.882839442121647,-0,-0,-0,3552.25,26.9270656
0.986219845226084,0.432423847336378,1.2829726934433,0.0290038082748652,-0.00424245046451688,-1.66596788034972,0.10652849287344,0.0306599947846967,0.00500893477376073,0.0122269713252273,-0.311835662624424,0.00673177291906045,2.15539407730103,-0.109722331166267,1.31251084804535,0.0399339864470266,-0.0916159353220087,0.112405858438062,0.00295639038084862,-0.941397249695214,-0.045607089996172,-0.019580657294566,-0.212986354308943,-0.0549720619602199,-0.882839442121647,-0,-0,-0,3552.3,26.9938251
0.989761881494254,0.433431264619343,1.29401612281799,0.0409243106842041,0.0757964253425598,-1.66272061930236,0.106261088045114,0.0302225184889458,-0.0912654794423294,-0.0987256417563914,-0.938634846100787,-0.0245131083829272,2.1535632610321,-0.156174525618553,1.30968463420868,0.037428827978287,-0.096592995458817,0.112982144403908,-0.0366163253782848,-0.929043889042335,-0.0565242767331928,-0.0501031693746097,-0.0995412027358048,0.0115257193168736,-0.882839442121647,-0.789086581011383,-0,-0,3552.35,27.0605234
0.993303917762425,0.434438681902308,1.29401612281799,0.0409243106842041,0.0757964253425598,-1.66272061930236,0.106261088045114,0.0302225184889458,0.00812538492992406,-0.069107949229474,-0.657044392270551,-0.0171591758680491,2.14294767379761,-0.24922938644886,1.30254030227661,0.0326654342445565,-0.106592543979074,0.111687957190442,-0.106155872345067,-0.930548608303916,-0.0714433193207437,-0.0476339373373479,-0.0999954852026643,-0.0129418721346748,0,0,0,0,3552.45,27.1275756
0.996845954030596,0.435446099185273,1.29401612281799,0.0409243106842041,0.0757964253425598,-1.66272061930236,0.106261088045114,0.0302225184889458,0.00812538492992406,-0.0483755644606318,-0.459931074589386,-0.0120114231076343,2.13454580307007,-0.2961765229702,1.29854547977448,0.043268059877243,-0.113276939607623,0.11441722801402,-0.168037414551698,-0.938942730431912,-0.0798964500431606,0.212052512654887,-0.133687912571699,0.0545854164718646,0,0,0,0,3552.5,27.1944719
0.980654721762739,0.454178970902984,1.30018579959869,0.0328784994781017,0.0990695953369141,-1.66026657686766,-0.485736968035705,0.56198615153134,-0.0184626694957711,0.0385494057324791,-0.531410282161758,-0.0304943780875755,2.1242663860321,-0.342948019504547,1.29412293434143,0.0605056421952291,-0.10696763674074,0.122757624602978,-0.205588340758529,-0.935429930683548,-0.0884509086605669,0.344751646358468,0.126186057337203,0.166807931778544,-0,0.421887874996185,-0,-0,3552.55,27.2611743
0.964463489494882,0.472911842620696,1.30018579959869,0.0328784994781017,0.0990695953369141,-1.66026657686766,-0.485736968035705,0.56198615153134,0.037064421530535,0.0269845840127354,-0.371987197513231,-0.0213460646613028,2.09688138961792,-0.437122821807861,1.28417658805847,0.0448248635708016,-0.0542705905191133,0.113399195343869,-0.273849964142095,-0.941748023033999,-0.0994634628296803,-0.156807786244418,0.526970462216743,-0.0935842925911697,-0,1,-0,-0,3552.65,27.3279164
0.948272257227025,0.491644714338407,1.30018579959869,0.0328784994781017,0.0990695953369141,-1.66026657686766,-0.485736968035705,0.56198615153134,0.037064421530535,0.0188892088089148,-0.260391038259262,-0.014942245262912,2.08157324790955,-0.483996212482452,1.27976250648499,0.0169829152981458,-0.0382960054457728,0.113343750380432,-0.306162834166367,-0.937467813488411,-0.0882816314694054,-0.55683896545109,0.319491701465649,-0.00110889926874204,-0,1,-0,-0,3552.7,27.3946446
0.929071085329509,0.507015634467964,1.27803289890289,0.0526402965188026,0.048574086278677,-1.66493052111205,-0.576035156925485,0.461127603886707,0.214061239301,-0.164633727200068,0.272185854742651,0.0315159265154245,2.0657696723938,-0.529946267604828,1.27582347393036,-0.0157914841294996,-0.0302726804281203,0.113478852285989,-0.316071510316666,-0.919001102452525,-0.0787806510929592,-0.655487988556486,0.160466500353924,0.00270203811116396,-0,1,-0,-0,3552.75,27.4604892
0.909869913431993,0.522386554597521,1.27803289890289,0.0526402965188026,0.048574086278677,-1.66493052111205,-0.576035156925485,0.461127603886707,0.0146851330387931,-0.115243609040048,0.190530098319855,0.0220611485607972,2.03333187103271,-0.617228269577026,1.26728057861328,-0.0680547639741505,-0.0196735633632761,0.114367702319595,-0.32437801360966,-0.87282001971881,-0.0854289531704656,-0.522632798444608,0.105991170648057,0.00888850033602242,-0,1,-0,-0,3552.85,27.5282078
0.890668741534477,0.537757474727078,1.27803289890289,0.0526402965188026,0.048574086278677,-1.66493052111205,-0.576035156925485,0.461127603886707,0.0146851330387931,-0.0806705263280333,0.133371068823899,0.015442803992558,2.01687669754028,-0.657889842987061,1.26400339603424,-0.0766377412189925,-0.0188355959541276,0.114945917981641,-0.329103469850429,-0.813231468205121,-0.0655436515811682,-0.171659544897776,0.0167593481830598,0.0115643132409808,-0,1,-0,-0,3552.9,27.5950255
0.8705092052747,0.54848231344085,1.26627230644226,-0.0600660666823387,0.012425753287971,-1.66545075045165,-0.604786087793288,0.321745161413181,0.163696222225766,0.957887900380649,0.418694745093083,0.0154920268511871,2.00027894973755,-0.6956587433815,1.26061677932739,-0.0790950295861806,-0.0172261466417389,0.114663709349557,-0.33195495605348,-0.755378007886046,-0.0677323341367165,-0.0491457673435827,0.0321889862476569,-0.00564417264166257,-0,1,-0,-0,3552.95,27.661726
0.850349669014924,0.559207152154623,1.26627230644226,-0.0600660666823387,0.012425753287971,-1.66545075045165,-0.604786087793288,0.321745161413181,0.0578508900800749,0.670521530266454,0.293086321565158,0.010844418795831,1.96688830852509,-0.762800276279449,1.2532479763031,-0.0832591517342908,-0.0118109126791052,0.113228966009861,-0.333906412124937,-0.671415328980103,-0.0736880302429869,-0.0416412214811405,0.054152339626387,-0.0143474333969712,-0,1,-0,-0,3553.05,27.7284128
0.830190132755148,0.569931990868396,1.26627230644226,-0.0600660666823387,0.012425753287971,-1.66545075045165,-0.604786087793288,0.321745161413181,0.0578508900800749,0.469365071186518,0.205160425095611,0.00759109315708167,1.95018267631531,-0.792210698127747,1.24944424629211,-0.0886437877642627,-0.0112725178450397,0.11261390414437,-0.334112644194341,-0.588208436963803,-0.0760746002194498,-0.107692720599045,0.0107678966812709,-0.0123012373097691,-0,1,-0,-0,3553.1,27.7951787
0.816908175019302,0.57930512592301,1.25870335102081,-0.0726324990391731,0.00160036305896938,-1.66219681368407,-0.39845873207537,0.281194051638421,0.121947805929506,0.441653441042072,0.241040809627942,-0.023971665698246,1.93345987796783,-0.818564116954803,1.24620580673218,-0.0960072091561883,-0.0128445205655029,0.112099169858421,-0.334455966951288,-0.527068376544014,-0.0647687911990839,-0.147268427839315,-0.0314400544094367,-0.0102946857190435,-0,1,-0,-0,3553.15,27.8618816
0.803626217283457,0.588678260977624,1.25870335102081,-0.0726324990391731,0.00160036305896938,-1.66219681368407,-0.39845873207537,0.281194051638421,0.0538272071364767,0.309157408729451,0.16872856673956,-0.0167801659887722,1.90066850185394,-0.862225353717804,1.24157583713531,-0.0992280842983357,-0.0140911100241216,0.114766180102417,-0.327913761139214,-0.436612367630402,-0.04629969596867,-0.0322087514215033,-0.0124658945861981,0.0266701024399879,-0,1,-0,-0,3553.25,27.92856
0.790344259547611,0.598051396032238,1.25870335102081,-0.0726324990391731,0.00160036305896938,-1.66219681368407,-0.39845873207537,0.281194051638421,0.0538272071364767,0.216410186110615,0.118109996717692,-0.0117461161921405,1.88476741313934,-0.8796067237854,1.24002003669739,-0.0986672258693192,-0.0135917874678889,0.118506786959613,-0.318021774290835,-0.347627401350664,-0.0311160087584317,0.0112171685802889,0.00998645112461761,0.0748121371436368,-0,1,-0,-0,3553.3,27.9952604
0.777115468988829,0.607418212251537,1.24511110782623,-0.0910650491714478,0.0044785849750042,-1.66270512209471,-0.396863716763462,0.281004486578969,0.182089533818277,0.317380081467902,0.0567730004580708,-0.00364750563869758,1.86799490451813,-0.893607795238495,1.23821377754211,-0.0965438350635487,-0.0114267755382785,0.116858176937872,-0.335450172423096,-0.280021429060871,-0.0361251831053373,0.0424678161152551,0.0433002385920508,-0.0329722004347005,-0,1,-0,-0,3553.35,28.0618871
0.763886678430047,0.616785028470836,1.24511110782623,-0.0910650491714478,0.0044785849750042,-1.66270512209471,-0.396863716763462,0.281004486578969,0.0597593450670567,0.222166057027532,0.0397411003206496,-0.00255325394708831,1.83490169048309,-0.912382364273071,1.23584759235382,-0.0986029148378029,-0.00879504717770889,0.113986703007431,-0.330932140350643,-0.187745690345935,-0.0236618518829561,-0.0205907977425604,0.0263172836057198,-0.0287147393044365,-0,1,-0,-0,3553.45,28.1286416
0.750657887871265,0.626151844690135,1.24511110782623,-0.0910650491714478,0.0044785849750042,-1.66270512209471,-0.396863716763462,0.281004486578969,0.0597593450670567,0.155516239919272,0.0278187702244547,-0.00178727776296181,1.81921625137329,-0.917227029800415,1.23541069030762,-0.102149066406432,-0.00671122905030786,0.114747503717445,-0.313708782197757,-0.0968933105474037,-0.00873804092411995,-0.0709230313729782,0.041676362548248,0.015216014200381,-0,1,-0,-0,3553.5,28.1953855
0.739292248569659,0.624460954854215,1.24511110782623,-0.0910650491714478,0.0044785849750042,-1.66270512209471,-0.340969179048172,-0.0507266950775939,0.0259847964356101,0.108861367943491,0.0194731391571183,-0.00125109443407327,1.80364465713501,-0.919118821620941,1.2351291179657,-0.104273886493901,-0.00596890537961622,0.116146073748241,-0.311431884764492,-0.0378358364103848,-0.00563144683835842,-0.0424964017492108,0.0148464734137788,0.0279714006158142,-0,1,-0,-0.99609375,3553.55,28.2620779
0.727928068254694,0.622781361408801,1.24511110782623,-0.092437744140625,-0.000344216823577881,-1.66318696604308,-0.340925409448938,-0.0503878033624314,0.0265824203928955,0.0885572122830386,0.0570364135972215,0.00346082943142703,1.77360868453979,-0.914530158042908,1.23570013046265,-0.1023731238178,-0.00904894035252063,0.119112689499294,-0.300359725952422,0.0458866357803762,0.00571012496948762,0.0190076267610222,-0.030800349729072,0.0296661575105509,-0,1,-0,-0.99609375,3553.65,28.3287456
0.71656388793973,0.621101767963386,1.24511110782623,-0.092437744140625,-0.000344216823577881,-1.66318696604308,-0.340925409448938,-0.0503878033624314,0.0265824203928955,0.061990048598127,0.0399254895180551,0.00242258060199892,1.75869274139404,-0.907631933689117,1.23652791976929,-0.0986895908762612,-0.00925307342765446,0.116743954856128,-0.298318862913954,0.137964487075304,0.0165557861327523,0.0736706588305123,-0.00408266150266175,-0.0473746928631425,-0,1,-0,-0.99609375,3553.7,28.3954941
0.716882259791914,0.6120716403282,1.21992361545563,-0.0952169373631477,-0.00407653674483299,-1.66412776575621,0.00955115556552073,-0.270903829055603,0.243607935113812,0.0684057730213935,0.0615387219539345,0.0101630038396121,1.74402785301208,-0.898233890533447,1.23771810531616,-0.0963265454668792,-0.0100587010675416,0.110281922365276,-0.293297767640761,0.187960863114429,0.0238037109376299,0.0472609081878975,-0.0161125527978299,-0.129240649817753,-0,1,-0,-0.99609375,3553.75,28.4622009
0.717200631644098,0.603041512693013,1.21992361545563,-0.0952169373631477,-0.00407653674483299,-1.66412776575621,0.00955115556552073,-0.270903829055603,0.0169205037783623,0.0478840411149755,0.0430771053677542,0.0071141026877285,1.71581184864044,-0.872253000736237,1.24010419845581,-0.0954913696305265,-0.00134005842588176,0.0653941688647738,-0.282160043715404,0.259808897971162,0.0238609313963976,0.00835175836349623,0.0871864264162807,-0.448877535003384,-0,1,-0,-0,3553.85,28.5289347
0.717519003496282,0.594011385057826,1.21992361545563,-0.0952169373631477,-0.00407653674483299,-1.66412776575621,0.00955115556552073,-0.270903829055603,0.0169205037783623,0.0335188287804828,0.0301539737574279,0.00497987188140995,1.70210516452789,-0.855632245540619,1.24113786220551,-0.0918698009327836,0.0113851969840701,0.0246796859107009,-0.274133682252472,0.332415103914168,0.0206732749940093,0.0724313739552535,0.254505108200426,-0.814289659085902,-0,0.468764305551317,-0,-0,3553.9,28.5956093
0.720210615284415,0.581834352519434,1.22270536422729,-0.0902442410588264,-0.00334556843154132,-1.61859530077513,0.0807483536439891,-0.365310976151761,-0.0276165117247883,-0.0212910865925536,0.0145290668105745,-0.406306274512725,1.68938624858856,-0.836553931236267,1.24293255805969,-0.0894053505959111,0.027441372465562,-0.0235979559586909,-0.254378318785696,0.381566286085648,0.0358939170836097,0.0492890067372714,0.321123509628671,-0.965552837384322,0,0,0,0,3553.95,28.6627825
0.722902227072548,0.569657319981042,1.22270536422729,-0.0902442410588264,-0.00334556843154132,-1.61859530077513,0.0807483536439891,-0.365310976151761,-0.002580772779781,-0.0149037606147875,0.0101703467674022,-0.284414392158907,1.66676783561707,-0.791578710079193,1.2474946975708,-0.0836464345597512,0.0426427221414588,-0.117383000551827,-0.226184129715172,0.449752211571149,0.0456213951111255,0.0575891603616512,0.152013496759106,-0.937850445932217,0,0,0,0,3554.05,28.7293569
0.725593838860681,0.55748028744265,1.22270536422729,-0.0902442410588264,-0.00334556843154132,-1.61859530077513,0.0807483536439891,-0.365310976151761,-0.002580772779781,-0.0104326324303513,0.00711924273718152,-0.199090074511235,1.65718257427216,-0.766324281692505,1.25004065036774,-0.0655422658520634,0.0409554307269621,-0.153833033813635,-0.191705226897496,0.505088567731927,0.0509190559385355,0.362083374152438,-0.0337458282898124,-0.7290006652335,0,0,0,0,3554.1,28.7962458
0.734767538265741,0.54260781276296,1.23467707633972,-0.0858503952622414,-0.0287659056484699,-1.43286865816649,0.275210982151811,-0.446174240390689,-0.138137130603953,-0.0468474548705117,0.233766504868384,-1.81090283563565,1.64890873432159,-0.739342212677002,1.2516382932663,-0.044092781935838,0.0384400594785563,-0.181521671518397,-0.165476799012133,0.539641380313003,0.0319528579713658,0.428989678326849,-0.0503074249683901,-0.553772754098259,0,0,0,0,3554.15,28.8629597
0.743941237670801,0.527735338083271,1.23467707633972,-0.0858503952622414,-0.0287659056484699,-1.43286865816649,0.275210982151811,-0.446174240390689,-0.0303917215921121,-0.0327932184093582,0.163636553407869,-1.26763198494495,1.63612163066864,-0.681914985179901,1.25270545482635,-0.0178744047435082,0.0276708769358141,-0.211375172556829,-0.127871036529657,0.574272274971531,0.0106716156005956,0.262183771923537,-0.10769182542752,-0.298535010384591,0,0,0,0,3554.25,28.9296248
0.753114937075862,0.512862863403581,1.23467707633972,-0.0858503952622414,-0.0287659056484699,-1.43286865816649,0.275210982151811,-0.446174240390689,-0.0303917215921121,-0.0229552528865507,0.114545587385508,-0.887342389461467,1.6308296918869,-0.65256005525589,1.25181806087494,-0.0132949304481342,0.0204688081790412,-0.222246511969741,-0.105838775634381,0.587098598478089,-0.0177478790282557,0.091589485907147,-0.144041375134933,-0.21742678825746,-0,-0,-0,-0.99609375,3554.3,28.9963452
0.763848142329264,0.499028869987589,1.24765956401825,-0.0104237729683518,-0.0277443509548903,-1.33256119356688,0.32199615760208,-0.415019802479745,-0.136324399995265,-0.694908277665591,0.0709879189276388,-1.52390685401951,1.62671613693237,-0.623154401779175,1.2512127161026,-0.00835566566522451,0.0148603095197949,-0.226726478342658,-0.0822710990902769,0.588113069532162,-0.0121068954467333,0.0987852956578342,-0.112169973184518,-0.089599327458003,-0,-0,-0,-0.99609375,3554.35,29.0630514
0.774581347582667,0.485194876571598,1.24765956401825,-0.0104237729683518,-0.0277443509548903,-1.33256119356688,0.32199615760208,-0.415019802479745,-0.0194820108885148,-0.486435794365914,0.0496915432493472,-1.06673479781366,1.62015068531036,-0.564913094043732,1.25069582462311,-0.00405389452960109,0.00738644051041883,-0.233182842478126,-0.0656545162201525,0.582413077354961,-0.00516891479492658,0.0430177113562733,-0.0747386900938289,-0.0645636413547453,0,0,0,0,3554.45,29.1298133
0.78531455283607,0.471360883155606,1.24765956401825,-0.0104237729683518,-0.0277443509548903,-1.33256119356688,0.32199615760208,-0.415019802479745,-0.0194820108885148,-0.34050505605614,0.034784080274543,-0.746714358469561,1.61741840839386,-0.536312580108643,1.25049042701721,-0.00043388896345152,0.00516564263577617,-0.242481024136793,-0.0546455383303763,0.572010278704904,-0.00410795211794234,0.0724001113233865,-0.0444159574930956,-0.185963633174349,0,0,0,0,3554.5,29.1965302
0.798698527795933,0.461679909152817,1.24268245697021,-0.0104237729683518,-0.0277443509548903,-1.33256119356688,0.401519248795886,-0.290429220083681,0.0540918107016027,-0.238353539239298,0.0243488561921801,-0.522700050928692,1.61500787734985,-0.508433938026428,1.24982011318207,0.00287402082588538,0.00410398530905114,-0.262091601327222,-0.0482106208799516,0.557572841642259,-0.0134062767028321,0.0661581957864974,-0.0212331465344233,-0.392211543807149,0,0,0,0,3554.55,29.2632643
0.812240799190331,0.452223302868451,1.24268245697021,0.0112841092050076,-0.0119590386748314,-1.31562322245177,0.406268141831958,-0.28369818853098,0.0100176404554203,-0.362218417027743,-0.125023611186004,-0.518331775686095,1.61107063293457,-0.45438340306282,1.24797868728638,0.0115630223242926,0.0129440773932357,-0.315643900672895,-0.0393724441528678,0.540505349636569,-0.0184142589569259,0.0868900149841508,0.0884009208419258,-0.535522993457223,-0,-0,-0,0.99609375,3554.65,29.3299197
0.82578307058473,0.442766696584085,1.24268245697021,0.0112841092050076,-0.0119590386748314,-1.31562322245177,0.406268141831958,-0.28369818853098,0.0100176404554203,-0.25355289191942,-0.0875165278302026,-0.362832242980267,1.61002159118652,-0.428179949522018,1.24743413925171,0.00989517235437452,0.0164509978814326,-0.341834010545799,-0.0209808349608612,0.524069070814133,-0.0108909606933198,-0.0333569993982396,0.0701384097636826,-0.523802197456164,-0,-0,-0,0.99609375,3554.7,29.3966196
0.841173242585359,0.435725204841613,1.24254012107849,0.0180889405310154,-0.0228678584098816,-1.23599260912474,0.461705160018872,-0.211244752274152,0.0152028765337116,-0.238730506277665,0.03691780813431,-0.970658090029424,1.60955095291138,-0.402193814516068,1.24723541736603,0.00472126942987772,0.0162802053791495,-0.360855289597126,-0.00941276550298105,0.519722700121855,-0.00397443771364474,-0.103478058490501,-0.00341585004568078,-0.380425581028613,-0,-0,-0,0.99609375,3554.75,29.4633509
0.856563414585988,0.428683713099142,1.24254012107849,0.0180889405310154,-0.0228678584098816,-1.23599260912474,0.461705160018872,-0.211244752274152,0.0139218535081989,-0.167111354394365,0.025842465694017,-0.679460663020597,1.60924983024597,-0.350318282842636,1.24633240699768,-0.0092941955995175,0.00844900594331446,-0.364012319584305,-0.00301122665404178,0.518755316732427,-0.00903010368343883,-0.140154650293442,-0.0783119943580652,-0.0315702998716789,0,0,0,0,3554.85,29.530055
0.871953586586617,0.42164222135667,1.24254012107849,0.0180889405310154,-0.0228678584098816,-1.23599260912474,0.461705160018872,-0.211244752274152,0.0139218535081989,-0.116977948076056,0.0180897259858119,-0.475622464114418,1.61018860340118,-0.324560582637787,1.24523448944092,-0.014013871987946,0.00262615385960575,-0.344510909813805,0.0187754631043505,0.515154004099796,-0.0219583511353737,-0.0943935277690853,-0.11645704167481,0.39002819541214,0,0,0,0,3554.9,29.5967905
0.886365024213768,0.414745055144962,1.25670492649078,0.0180889405310154,-0.0228678584098816,-1.23599260912474,0.432343128814537,-0.206914986351248,-0.120780028669668,-0.081884563653239,0.0126628081900683,-0.332935724880092,1.61133337020874,-0.298688739538193,1.24469971656799,-0.0148794382430727,-0.00757342885474265,-0.311472343816433,0.0228953361510398,0.51743686199,-0.0106954574584572,-0.0173113251024709,-0.203991654286226,0.660771319945034,0,0,0,0,3554.95,29.6634666
0.901120679475486,0.408611490158069,1.25670492649078,0.0112421009689569,-0.0112757012248039,-1.18340295420226,0.442669657851519,-0.184006949606763,0.00233315872482132,0.00430236150125878,-0.0954654489326512,-0.706361901718433,1.61227250099182,-0.246868669986725,1.24555778503418,-0.00678535876061519,-0.0252147487056345,-0.232390399362087,0.00939130783081909,0.51820069551515,0.00858068466187304,0.0809407948246487,-0.176413198509079,0.790819444544181,-0,-0,-0,0.99609375,3555.05,29.7301391
0.915876334737203,0.402477925171177,1.25670492649078,0.0112421009689569,-0.0112757012248039,-1.18340295420226,0.442669657851519,-0.184006949606763,0.00233315872482132,0.00301165305088114,-0.0668258142528558,-0.494453331202903,1.61248195171356,-0.221398130059242,1.24590754508972,-0.00154870383818961,-0.0262513228003938,-0.199830929716982,0.00418901443479921,0.509410798547799,0.0069952011108144,0.104733098448131,-0.0207314818951113,0.651189392899728,-0,-0,-0,0.99609375,3555.1,29.796801
0.9221682962744,0.399143167124282,1.25165569782257,0.0222807917743921,0.0206151828169823,-1.31488388643798,0.188758846115904,-0.100042741406847,0.0225946475527031,-0.0972400601132998,-0.333796026353075,0.837211058279428,1.61189103126526,-0.196477681398392,1.24597537517548,0.00259419972069813,-0.0237746412680983,-0.176351419304889,-0.0118184089661289,0.49840897321973,0.00135660171509529,0.0828580711782071,0.0495336306461807,0.469590208244407,-0,-0,-0,0.99609375,3555.15,29.8639977
0.928460257811597,0.395808409077388,1.25165569782257,0.0222807917743921,0.0206151828169823,-1.31488388643798,0.188758846115904,-0.100042741406847,-0.0228484104612129,-0.0680680420793099,-0.233657218447152,0.5860477407956,1.60967493057251,-0.147444874048233,1.24591064453125,0.00263367962427496,-0.0181058622647209,-0.131652398832383,-0.0221610069275104,0.490328073502033,-0.000647306442261331,0.000394799035768606,0.0566877900338261,0.446990204725476,-0,-0,-0,0.99609375,3555.25,29.930669
0.934752219348793,0.392473651030493,1.25165569782257,0.0222807917743921,0.0206151828169823,-1.31488388643798,0.188758846115904,-0.100042741406847,-0.0228484104612129,-0.0476476294555169,-0.163560052913007,0.41023341855692,1.60817861557007,-0.12319540977478,1.2449244260788,0.00610354588808108,-0.0244772067526125,-0.103598406133867,-0.0299263000487193,0.484989285467291,-0.0197243690490005,0.0693973252758699,-0.127426889757369,0.561079853968278,-0,-0,-0,0.99609375,3555.3,29.9973808
0.940655457625597,0.38848444422637,1.25545227527618,0.0222602915018797,0.0155223766341805,-1.42123073206481,0.177097148304121,-0.119676204123675,-0.0565042018846643,-0.0331688381662499,-0.0686567813938891,1.24428500363132,1.60583901405334,-0.099049836397171,1.24314856529236,0.00658143504597516,-0.0281313580693429,-0.0598527281869781,-0.0467920303343024,0.482911467550428,-0.0355172157286306,0.00955778315784692,-0.0730830263343434,0.874913558934588,-0,-0,-0,0.99609375,3555.35,30.0640473
0.946558695902401,0.384495237422248,1.25545227527618,0.0222602915018797,0.0155223766341805,-1.42123073206481,0.177097148304121,-0.119676204123675,-0.0223350048021448,-0.0232181867163749,-0.0480597469757224,0.870999502541926,1.60008573532104,-0.050567202270031,1.24072813987732,0.0183006275848382,-0.0340827014138587,0.0488616264395718,-0.0575327873230504,0.484826341271841,-0.0242042541504126,0.117191925388737,-0.059513433445212,1.08714354626649,-0,-0,-0,0.99609375,3555.45,30.1307224
0.952461934179206,0.380506030618125,1.25545227527618,0.0222602915018797,0.0155223766341805,-1.42123073206481,0.177097148304121,-0.119676204123675,-0.0223350048021448,-0.0162527307014625,-0.0336418228830057,0.609699651779348,1.59680390357971,-0.0271344874054193,1.23932325839996,0.019149517260299,-0.0350037544800364,0.10632241422117,-0.0656366348270183,0.46865429729479,-0.0280976295472725,0.0169777935093072,-0.0184210613236543,1.14921575563823,-0,-0,-0,0.921875,3555.5,30.1973703
0.956912186371003,0.375759572053988,1.25354611873627,0.0222602915018797,0.0155223766341805,-1.42123073206481,0.133507565753936,-0.142393756924111,0.00923363163377725,-0.0113769114910237,-0.023549276018104,0.426789756245544,1.59270691871643,-0.00393596012145281,1.23791563510895,0.0153189204686286,-0.0328316895921485,0.167667775505638,-0.0819396972653269,0.463970545677643,-0.0281524658202101,-0.0766119358331277,0.0434412977576009,1.2269072256849,0,0,0,0,3555.55,30.2643096
0.960434779759495,0.370289725918734,1.25354611873627,0.0270659755915403,0.0202410630881786,-1.6025874005371,0.105677801654741,-0.164095384057612,-0.00807976533916599,-0.0512149948506624,-0.0589526712986556,1.93096284562249,1.58193910121918,0.0409545972943306,1.2350367307663,0.0160860305681489,-0.0363471450373418,0.29809343396314,-0.107678174972632,0.448905574158242,-0.0287890434265399,0.00767110099520994,-0.0351545544519655,1.30425658457621,0,0,0,0,3555.65,30.3310094
0.963957373147986,0.364819879783481,1.25354611873627,0.0270659755915403,0.0202410630881786,-1.6025874005371,0.105677801654741,-0.164095384057612,-0.00807976533916599,-0.0358504963954637,-0.0412668699090589,1.35167399193574,1.57568299770355,0.0626327991485596,1.23427128791809,0.0230017666034924,-0.0428664398094953,0.363065233735881,-0.125122070312045,0.433564037083002,-0.0153088569640556,0.138314720706366,-0.130385895442595,1.2994359954501,0,0,0,0,3555.7,30.3976926
0.96371503139055,0.352617610164294,1.23149263858795,0.0171136278659105,0.032391682267189,-1.85576265917357,-0.00727025272308193,-0.366068088575589,0.199582558720881,0.0644757820538437,-0.138242381547435,3.22474912208329,1.56885540485382,0.0829939246177673,1.23331320285797,0.0321908953212495,-0.0454648269534121,0.423113355888806,-0.136551856995374,0.407222509386377,-0.0191617012024971,0.183782574356146,-0.0519677428786195,1.20096244306507,0,0,0,0,3555.75,30.4644293
0.963472689633114,0.340415340545108,1.23149263858795,0.0171136278659105,0.032391682267189,-1.85576265917357,-0.00727025272308193,-0.366068088575589,0.0011012373860418,0.0451330474376906,-0.0967696670832043,2.2573243854583,1.55353128910065,0.121082864701748,1.23039662837982,0.048228566494216,-0.037683836893988,0.507868535976774,-0.153241157531181,0.38088940083842,-0.029165744781388,0.160376711729081,0.0778099005939577,0.847551800876592,0,0,0,0,3555.85,30.5311144
0.963230347875678,0.328213070925922,1.23149263858795,0.0171136278659105,0.032391682267189,-1.85576265917357,-0.00727025272308193,-0.366068088575589,0.0011012373860418,0.0315931332063834,-0.067738766958243,1.58012706982081,1.54571449756622,0.138066500425339,1.22945630550385,0.0512857563800806,-0.0383904095322604,0.533425201259142,-0.15633583068933,0.339672714473671,-0.0188064575196339,0.0611437977176266,-0.0141314527655246,0.511133305650145,-1,-0,-0,-0,3555.9,30.5977939
0.95906004059052,0.311928987588354,1.239138007164,0.0278836041688919,0.0403891168534756,-2.06724482641753,-0.125109218554729,-0.488522500127042,-0.0765208735320964,-0.074814593482364,-0.119394048147349,3.00942845407019,1.53667521476746,0.15391843020916,1.22683763504028,0.052091790761129,-0.0289365620638452,0.551320468649189,-0.180785655974684,0.317038595675269,-0.0523734092710497,0.0161206876209097,0.189076949367617,0.357905347799649,-1,-0,-0,-0,3555.95,30.664516
0.954889733305363,0.295644904250786,1.239138007164,0.0278836041688919,0.0403891168534756,-2.06724482641753,-0.125109218554729,-0.488522500127042,-0.0077125563476481,-0.0523702154376548,-0.0835758337031443,2.10659991784913,1.51766979694366,0.181676641106606,1.22403264045715,0.0587688797946045,-0.0392197877058033,0.565079949486495,-0.190054178238088,0.277582108974709,-0.0280499458313243,0.0667708903348151,-0.102832256419675,0.137594808373181,-1,-0,-0,-0,3556.05,30.7312408
0.950719426020205,0.279360820913218,1.239138007164,0.0278836041688919,0.0403891168534756,-2.06724482641753,-0.125109218554729,-0.488522500127042,-0.0077125563476481,-0.0366591508063584,-0.058503083592201,1.47461994249439,1.5066636800766,0.193473473191261,1.22270095348358,0.0722354406286973,-0.0615970664106516,0.56960452343324,-0.220122337340508,0.235936641692257,-0.0266337394713387,0.269331216680877,-0.447545574095338,0.0904914789345728,-1,-0,-0,-0,3556.1,30.7979212
0.946506652230793,0.272157029852162,1.23023664951324,0.0294206831604242,0.0565478019416332,-2.12143951521453,-0.126383213682369,-0.216113731831659,0.0602198545940888,-0.0394951164882418,-0.18638032430796,1.51998615891905,1.49516689777374,0.203734010457993,1.22254526615143,0.0736407848171269,-0.0783867390134248,0.572647018135677,-0.229935646058384,0.205210745335745,-0.0031137466430834,0.028106883768745,-0.335793452057297,0.0608498940490699,-1,-0,-0,-0,3556.15,30.8646174
0.94229387844138,0.264953238791107,1.23023664951324,0.0294206831604242,0.0565478019416332,-2.12143951521453,-0.126383213682369,-0.216113731831659,-0.0198923642627228,-0.0276465815417692,-0.130466227015572,1.06399031124333,1.46730577945709,0.220430731773376,1.22237086296082,0.0688548848300483,-0.0963564631217274,0.572656513289904,-0.278611183166757,0.166967213153991,-0.00174403190612952,-0.0478589998708299,-0.179697241083189,9.49515422655509e-05,-1,-0,-0,-0,3556.25,30.9313518
0.938081104651968,0.257749447730052,1.23023664951324,0.0294206831604242,0.0565478019416332,-2.12143951521453,-0.126383213682369,-0.216113731831659,-0.0198923642627228,-0.0193526070792385,-0.0913263589109002,0.744793217870333,1.45036840438843,0.226458460092545,1.22216558456421,0.0675964057505861,-0.100425180252619,0.571979143318199,-0.338747501372059,0.120554566382923,-0.00410556793211397,-0.025169581589152,-0.0813743426175316,-0.0135473994340325,-1,-0,-0,-0,3556.3,30.9980025
0.933865950074594,0.250613280713676,1.21980965137482,0.0101171042770147,0.105656445026398,-2.12484568224486,-0.126454637321213,-0.214085010491261,0.0653034213507148,0.160185384995219,-0.505906239000511,0.552010755782243,1.43169927597046,0.230741322040558,1.22358918190002,0.0667043808872953,-0.101133978607467,0.574167220475456,-0.373382568358017,0.0856572389599545,0.028471946716205,-0.0178404972657504,-0.01417596709691,0.0437615431449674,0,0,0,0,3556.35,31.0647221
0.92965079549722,0.243477113697301,1.21980965137482,0.0101171042770147,0.105656445026398,-2.12484568224486,-0.126454637321213,-0.214085010491261,-0.0285395618951348,0.112129769496653,-0.354134367300357,0.38640752904757,1.38882291316986,0.236807465553284,1.22372281551361,0.0749784431610601,-0.104475384176796,0.57766021971572,-0.428763628006371,0.0606614351273135,0.00133633613586547,0.0827406227377231,-0.0334140556933184,0.0349299924026765,0,0,0,0,3556.45,31.1314521
0.925435640919847,0.236340946680926,1.21980965137482,0.0101171042770147,0.105656445026398,-2.12484568224486,-0.126454637321213,-0.214085010491261,-0.0285395618951348,0.0784908386476571,-0.24789405711025,0.270485270333299,1.36452233791351,0.237128034234047,1.22479403018951,0.0705189113765246,-0.0981140733793327,0.576061421219674,-0.486011505129605,0.00641137361529988,0.0214242935181833,-0.089190635691198,0.127226215949954,-0.0319759699210955,0,0,0,0,3556.5,31.1981366
0.912329742994111,0.235798559402482,1.21980965137482,0.0101171042770147,0.105656445026398,-2.12484568224486,-0.393176937772066,-0.0162716183533155,-0.0284826661606258,0.05494358705336,-0.173525839977175,0.189339689233309,1.33907771110535,0.23614439368248,1.22680878639221,0.0540303386534422,-0.0803827629095997,0.568979170205735,-0.508892536161479,-0.01967281103127,0.0402951240538085,-0.329771454460448,0.354626209393369,-0.141645020278265,0,0,0,0,3556.55,31.2648127
0.899236997030243,0.235250710278324,1.21563196182251,0.014344522729516,0.115719355642796,-2.12327486143645,-0.392782378916036,-0.0164354737247215,0.00660583926213909,0.00041374486484029,-0.212034283531603,0.118400395187621,1.28420102596283,0.232459872961044,1.2271625995636,0.0330220560914354,-0.0374411307161282,0.575718918834355,-0.54876685142567,-0.036845207214389,0.00353813171387041,-0.210082825620259,0.429416321935106,0.0673974862862583,1,-0,-0,-0,3556.65,31.331426
0.886144251066375,0.234702861154167,1.21563196182251,0.014344522729516,0.115719355642796,-2.12327486143645,-0.392782378916036,-0.0164354737247215,-0.0309933667086251,0.000289621405388203,-0.148423998472122,0.0828802766313346,1.25609183311462,0.228877514600754,1.22795248031616,0.0294529940133779,-0.0289534182902427,0.574206844336423,-0.562183856962066,-0.0716471672055499,0.0157976150512121,-0.0713812415608895,0.169754248517092,-0.0302414899585345,1,-0,-0,-0,3556.7,31.398237
0.8751046350686,0.240130896702533,1.2239785194397,0.0149877099320292,0.0306627415120602,-2.11891335115966,-0.331188479933257,0.162841066450988,-0.109499212731077,-0.00558594983884722,0.661612728246133,0.0187626011507843,1.22815525531769,0.224690571427345,1.22867500782013,0.0262452570068856,-0.01617590733957,0.570224075730307,-0.55873155594177,-0.0837388634686271,0.0144505500794246,-0.0641547401301975,0.25555021901485,-0.0796553721227417,1,-0,-0,-0,3556.75,31.4650599
0.864065019070825,0.245558932250899,1.2239785194397,0.0149877099320292,0.0306627415120602,-2.11891335115966,-0.331188479933257,0.162841066450988,-0.0343801941763892,-0.00391016488719305,0.463128909772293,0.013133820805549,1.17560374736786,0.218281090259552,1.23018503189087,-0.0024972709580442,0.0354749696109724,0.574560783959316,-0.525515079496379,-0.0640948116776996,0.0151002407073425,-0.287425279648252,0.516508769503545,0.04336708228993,1,-0,-0,-0,3556.85,31.5317914
0.85302540307305,0.250986967799266,1.2239785194397,0.0149877099320292,0.0306627415120602,-2.11891335115966,-0.331188479933257,0.162841066450988,-0.0343801941763892,-0.00273711542103514,0.324190236840605,0.0091936745638843,1.15072429180145,0.214900314807892,1.22970235347748,-0.0122674205415965,0.0541135380504868,0.572492773120477,-0.49758911133084,-0.0676155090335721,-0.00965356826787495,-0.195402991672112,0.372771368792322,-0.0413602167770147,1,-0,-0,-0,3556.9,31.5985288
0.843962889424881,0.251243921462684,1.2281858921051,0.0149877099320292,0.0306627415120602,-2.11891335115966,-0.271875409445045,0.00770860990256521,-0.0697481527254058,-0.0019159807947246,0.226933165788424,0.00643557219471901,1.12745344638824,0.212456494569778,1.22880291938782,-0.0182859472905417,0.065649751302902,0.573779643933284,-0.465416908262467,-0.0488764047620903,-0.0179886817931474,-0.120370534978468,0.230724265047465,0.0257374162560438,1,-0,-0,-0,3556.95,31.6652855
0.834826969690111,0.251378515527073,1.2281858921051,0.00629668170586228,-0.0659548565745354,-2.11615210638579,-0.274077592043106,0.00403782193164162,-0.0211767801329115,0.0768780674791955,1.02841159883126,-0.0203463024284794,1.0881108045578,0.209372833371162,1.22863602638245,-0.0313245267030622,0.074504288016723,0.574173682191086,-0.393426418304801,-0.0308366119861883,-0.00166893005371246,-0.130385794125323,0.0885453671382907,0.00394038257802401,0,0,0,0,3557.05,31.7320439
0.825691049955341,0.251513109591461,1.2281858921051,0.00629668170586228,-0.0659548565745354,-2.11615210638579,-0.274077592043106,0.00403782193164162,-0.0211767801329115,0.0538146472354368,0.719888119181879,-0.0142424116999356,1.07173347473145,0.209502130746841,1.22898316383362,-0.0360881517381859,0.0749486959937636,0.574247270780964,-0.327546596525908,0.00258594751357091,0.00694274902341224,-0.0952725007021268,0.00888815954077929,0.00147177179756672,-0,-0,-0,-0.99609375,3557.1,31.7987484
0.827155886164733,0.251179647018718,1.21771192550659,0.00516019854694605,-0.0953430160880089,-2.114529667955,0.0439450862817671,-0.010003877182274,0.091228407641175,0.0478986014950519,0.768415119048577,-0.0245716340670301,1.05722284317017,0.210970222949982,1.22952556610107,-0.0301481259419597,0.0637429663308766,0.572444211610713,-0.29021263122717,0.0293618440629654,0.0108480453491803,0.118800515925171,-0.224114593258962,-0.0360611834052285,-0,-0,-0,-0.99609375,3557.15,31.8654791
0.828620722374125,0.250846184445976,1.21771192550659,0.00516019854694605,-0.0953430160880089,-2.114529667955,0.0439450862817671,-0.010003877182274,-0.0030372917454217,0.0335290210465363,0.537890583334004,-0.0172001438469211,1.03307318687439,0.214248403906822,1.2330961227417,-0.00923889970266379,0.0178828850947015,0.574241823454317,-0.241496562957983,0.032781809568435,0.0357055664062825,0.209092262393149,-0.458600812362169,0.0179761184360635,-0,-0,-0,-0.99609375,3557.25,31.9322199
0.830085558583518,0.250512721873233,1.21771192550659,0.00516019854694605,-0.0953430160880089,-2.114529667955,0.0439450862817671,-0.010003877182274,-0.0030372917454217,0.0234703147325754,0.376523408333803,-0.0120401006928448,1.02271008491516,0.217080891132355,1.23403203487396,-0.00120548558663494,0.0027678447097671,0.567253768602858,-0.207262039183816,0.0566497445104445,0.0187182426451956,0.160668282319992,-0.302300807697587,-0.139761097028681,0,0,0,0,3557.3,31.9989468
0.831555691390558,0.250191075423476,1.21383368968964,0.00295407907105982,-0.0256282370537519,-2.11171918974456,0.044103984211203,-0.00964939349271257,0.0324992614183533,0.0362842955957788,-0.363866625474651,-0.0337223743790343,1.01306080818176,0.219265654683113,1.23565936088562,0.00466751373368537,-0.00116924707918219,0.548081198692834,-0.192985534667267,0.0436952710150083,0.0325465202330359,0.117459986405979,-0.0787418357786994,-0.383451398199072,0,0,0,0,3557.35,32.0656312
0.833025824197598,0.249869428973719,1.21383368968964,0.00295407907105982,-0.0256282370537519,-2.11171918974456,0.044103984211203,-0.00964939349271257,-0.00240486093424682,0.0253990069170452,-0.254706637832256,-0.023605662065324,0.996057510375977,0.223570019006729,1.23781394958496,0.0198850712120108,0.00266038206330102,0.480952252573632,-0.170032978058016,0.0430436432361994,0.0215458869934278,0.152175574783393,0.0382962914248669,-0.671289461192633,0,0,0,0,3557.45,32.1323076
0.834495957004638,0.249547782523962,1.21383368968964,0.00295407907105982,-0.0256282370537519,-2.11171918974456,0.044103984211203,-0.00964939349271257,-0.00240486093424682,0.0177793048419316,-0.178294646482579,-0.0165239634457268,0.987973690032959,0.225488498806953,1.23911774158478,0.0235216466301311,0.00367865569642846,0.440700989627891,-0.161676406861234,0.0383695960046955,0.0260758399964802,0.0727315083628024,0.0203654726626601,-0.805025258919216,0,0,0,0,3557.5,32.1989874
0.835966089811678,0.249226136074205,1.21383368968964,0.00295407907105982,-0.0256282370537519,-2.11171918974456,0.044103984211203,-0.00964939349271257,-0.00240486093424682,0.0124455133893521,-0.124806252537805,-0.0115667744120088,0.980524837970734,0.227617919445038,1.24116194248199,0.0202894184469604,-0.00238438878550103,0.404054719180906,-0.148977041243965,0.0425884127615333,0.0408840179441872,-0.064644563663179,-0.121260889638149,-0.732925408937033,-0,-0,-0,0.99609375,3557.55,32.2657155
0.837464452252538,0.249070165426628,1.22077429294586,0.0132384691387415,-0.0091294702142477,-2.00107067690428,0.0449508732257995,-0.00467911942731285,-0.0643951736951111,-0.0838476512365885,-0.235853278332002,-1.00393335765085,0.96528559923172,0.231991335749626,1.243044257164,0.00712470098334402,-0.0140150957507725,0.351946963175733,-0.152392387390275,0.043734163045923,0.0188231468200855,-0.131647174636284,-0.11630706965282,-0.5210775600522,-0,-0,-0,0.99609375,3557.65,32.3324393
0.838962814693398,0.248914194779051,1.22077429294586,0.0132384691387415,-0.0091294702142477,-2.00107067690428,0.0449508732257995,-0.00467911942731285,-0.00192974438908085,-0.058693355865612,-0.165097294832401,-0.702753350355591,0.957429826259613,0.234736293554306,1.24295556545258,0.00165013817502472,-0.0156356517068074,0.340447628352762,-0.157115459441567,0.0548991560933977,-0.00177383422850917,-0.109491256165988,-0.0324111191205799,-0.229986696458589,0,0,0,0,3557.7,32.3991614
0.837441063612701,0.247985616831261,1.23513650894165,0.0132384691387415,-0.0091294702142477,-2.00107067690428,-0.0456525324209042,-0.0278573384336747,-0.148835867415001,-0.0410853491059284,-0.115568106382681,-0.491927345248914,0.949775755405426,0.237770467996597,1.24228715896606,-0.00363698119106415,-0.0132728185286025,0.339229056959739,-0.153081417084576,0.0606834888461563,-0.0133681297302976,-0.105742387322354,0.0472566635643562,-0.0243714278605986,-0,-0,-0,-0.99609375,3557.75,32.4656481
0.836030247936938,0.246899568021649,1.23513650894165,-0.00222271168604493,0.00433952454477549,-1.88218873606261,-0.0423244702728988,-0.0325814642883791,-0.0196667299216421,0.110390883048928,-0.202118627299085,-1.41428660924931,0.933889806270599,0.245149970054626,1.24123442173004,-0.00389278915583004,-0.0120729482847035,0.378489538830479,-0.158859491347689,0.0737950205800233,-0.0105273723601912,-0.00255807964764961,0.0119987024389463,0.392604818705975,-0,-0,-0,-0.99609375,3557.85,32.5327534
0.834619432261175,0.245813519212036,1.23513650894165,-0.00222271168604493,0.00433952454477549,-1.88218873606261,-0.0423244702728988,-0.0325814642883791,-0.0196667299216421,0.0772736181342496,-0.14148303910936,-0.990000626474519,0.925730228424072,0.24915386736393,1.24182879924774,0.000977855606399613,-0.011801421922242,0.408123250338405,-0.163191556931433,0.0800779461865027,0.0118875503540688,0.0974128952451247,0.00543052724925973,0.592674230161744,-0,-0,-0,-0.99609375,3557.9,32.5994527
0.833083839684085,0.244747558608257,1.23513650894165,-0.00222271168604493,0.00433952454477549,-1.88218873606261,-0.0460677773126746,-0.0319788181133889,-0.0064608634313693,0.0540915326939747,-0.0990381273765518,-0.693000438532163,0.917785167694092,0.252456247806549,1.24276614189148,0.00794768682217427,-0.0113353323265769,0.432841715894864,-0.158901214599031,0.0660476088521462,0.0187468528746877,0.139396624314986,0.00932179191326743,0.494369311127397,0,0,0,0,3557.95,32.6661684
0.831506801219187,0.243745442236014,1.2199125289917,0.00608116341754794,0.00128918990958482,-1.92429655657347,-0.0473111539469614,-0.0300634911672705,0.130452393784408,-0.0368708030465536,-0.0418736774468703,-0.106129922374736,0.901793599128723,0.258064895868301,1.24399363994598,0.0293567906644602,-0.00667865523044589,0.433757853463134,-0.159915685653832,0.0560864806175742,0.0122749805450551,0.214091038423055,0.0465667709613524,0.0091613756826986,0,0,0,0,3558.05,32.7329333
0.829929762754288,0.242743325863772,1.2199125289917,0.00608116341754794,0.00128918990958482,-1.92429655657347,-0.0473111539469614,-0.0300634911672705,-0.00656342576515245,-0.0258095621325875,-0.0293115742128092,-0.0742909456623152,0.893932402133942,0.259923815727234,1.24455010890961,0.0288181718787712,-0.00371447555111928,0.406346780903904,-0.157223939895058,0.0371783971785146,0.0111293792724204,-0.0107723757137419,0.0592835935863166,-0.548221451182597,0,0,0,0,3558.1,32.7996114
0.827126806526419,0.241303783306365,1.22530210018158,0.00608116341754794,0.00128918990958482,-1.92429655657347,-0.0840886868360741,-0.0431862767222173,-0.0574782075027824,-0.0180666934928112,-0.0205181019489664,-0.0520036619636206,0.88676643371582,0.261210471391678,1.24483585357666,0.0213424476039506,-0.001256034789951,0.371988003965959,-0.143319368363209,0.0257331132890198,0.00571489334109564,-0.149514485497227,0.0491688152236339,-0.687175538762647,0,0,0,0,3558.15,32.8663386
0.824294705950274,0.239930117768876,1.22530210018158,0.0151169961318374,0.00334618496708572,-1.94785934553679,-0.0849630172843333,-0.0412099661246659,-0.00947634896092336,-0.0939691798735727,-0.0328756268817846,0.175662537295326,0.871823847293854,0.263564079999924,1.24653303623199,0.00741661693784513,-0.00272392729553403,0.30914897991196,-0.149425864219801,0.0235360860824799,0.0169718265533602,-0.139258306661182,-0.0146789250558437,-0.628390240540565,-1,-0,-0,-0,3558.25,32.9329362
0.82146260537413,0.238556452231387,1.22530210018158,0.0151169961318374,0.00334618496708572,-1.94785934553679,-0.0849630172843333,-0.0412099661246659,-0.00947634896092336,-0.0657784259115009,-0.0230129388172492,0.122963776106728,0.86439436674118,0.265036404132843,1.2472585439682,0.00107115564487963,-0.00821160821153688,0.287995099534172,-0.148589611052926,0.0294464826582791,0.0145101547240683,-0.126909225858848,-0.109753618319658,-0.423077607554213,-1,-0,-0,-0,3558.3,32.9997441
0.818630504797985,0.237182786693898,1.22809708118439,0.0151169961318374,0.00334618496708572,-1.94785934553679,-0.0849630172843333,-0.0412099661246659,-0.0346311779861919,-0.0460448981380506,-0.0161090571720744,0.0860746432747099,0.856747567653656,0.266852527856827,1.24830734729767,-5.98347780152405e-05,-0.0195755788850062,0.276658105661233,-0.152935981749932,0.0363224744795432,0.0209760665892792,-0.0226198084578152,-0.227279413468559,-0.226739877457965,-1,-0,-0,-0,3558.35,33.0664453
0.815979367302304,0.235476807105913,1.22809708118439,0.00275125843472779,-0.000790949037764221,-1.82682531939086,-0.0795341248704439,-0.05117938763955,-0.0087215789202981,0.0790602105773508,0.0259578660231974,-1.02905398502112,0.839424610137939,0.270515948534012,1.25038135051727,0.0102148119499778,-0.0681876539431013,0.261972931441373,-0.173229575157323,0.0366342067718839,0.0207400321960638,0.102746467280024,-0.486120750581394,-0.146851742198733,-1,-0,-0,-0,3558.45,33.1331734
0.813328229806622,0.233770827517928,1.22809708118439,0.00275125843472779,-0.000790949037764221,-1.82682531939086,-0.0795341248704439,-0.05117938763955,-0.0087215789202981,0.0553421474041456,0.0181705062162382,-0.720337789514783,0.828707695007324,0.271920204162598,1.25109612941742,0.015488283448373,-0.0883864192755945,0.260109321345265,-0.214338302613474,0.0280851125718696,0.0142955780030077,0.105469429968479,-0.403975306652069,-0.0372722019223517,0,0,0,0,3558.5,33.1998863
0.810677092310941,0.232064847929943,1.22809708118439,0.00275125843472779,-0.000790949037764221,-1.82682531939086,-0.0795341248704439,-0.05117938763955,-0.0087215789202981,0.0387395031829019,0.0127193543513667,-0.504236452660348,0.816937744617462,0.273502558469772,1.25178349018097,0.0221097935435501,-0.101443609548764,0.25968499848273,-0.235399007796385,0.0316470861433785,0.0137472152709461,0.13243020190306,-0.261143805462439,-0.00848645725066509,0,0,0,0,3558.55,33.266605
0.806456427788962,0.229089334909721,1.24291026592255,0.00467745121568441,0.0744867250323296,-1.78890102968749,-0.126619935659372,-0.0892653906066616,-0.144965194082295,0.00978191719942169,-0.668595518584887,-0.694284124192566,0.788486421108246,0.275977343320847,1.25187528133392,0.0152511093193442,-0.080129635446601,0.257747164058004,-0.284513235092422,0.0247478485107647,0.00091791152954185,-0.0685868422421216,0.213139741021824,-0.0193783442472815,0,0,0,0,3558.65,33.333104
0.802235763266983,0.226113821889499,1.23678839206696,0.00467745121568441,0.0744867250323296,-1.78890102968749,-0.126619935659372,-0.0892653906066616,0.0434503332614545,0.00684734203959518,-0.468016863009421,-0.485998886934796,0.772151708602905,0.276616603136063,1.2494922876358,0.0166079489260074,-0.0579407314529028,0.25697797618005,-0.326694250105623,0.0127851963042748,-0.047659873962229,0.0271367921331656,0.443778079872349,-0.0153837575590261,-0,-0,0.804712057863094,-0,3558.7,33.4008978
0.793898039473055,0.22016653452873,1.23678839206696,0.00467745121568441,0.0744867250323296,-1.78890102968749,-0.250131713817839,-0.178418620823056,-0.00948040872390758,0.00479313942771663,-0.327611804106595,-0.340199220854357,0.754340529441833,0.27728533744812,1.24820506572723,0.0205213418456092,-0.0365323215239198,0.257459420832663,-0.356223583223379,0.0133746862412229,-0.0257444381715272,0.0782678583924645,0.428168198581996,0.00962889305230955,-0,-0,1,-0,3558.75,33.4676107
0.78558872631965,0.214169174410424,1.23678839206696,0.00964212883263826,0.047571524977684,-1.78378504381713,-0.249279394602142,-0.179920803549185,-0.00588962486850674,-0.041326900953183,0.0129085376171935,-0.284183327431302,0.718154489994049,0.277352869510651,1.25463473796844,0.00531088818289837,-0.0170431794887526,0.264159735058545,-0.361860394476528,0.000675320625302719,0.0642967224118755,-0.152104536626555,0.194891420350963,0.0670031422585765,-0,-0,1,-0,3558.85,33.534288
0.777279413166245,0.208171814292118,1.23678839206696,0.00964212883263826,0.047571524977684,-1.78378504381713,-0.249279394602142,-0.179920803549185,-0.00588962486850674,-0.0289288306672281,0.00903597633203548,-0.198928329201912,0.699728071689606,0.277658104896545,1.27368032932281,-0.0144682292562614,-0.000258855260338142,0.263958092880765,-0.368528366090878,0.00610470771792882,0.380911827089481,-0.395582348785354,0.335686484570122,-0.00403284355561453,-0,-0,1,-0,3558.9,33.6010033
0.765794465423468,0.205183963052642,1.23678839206696,0.00964212883263826,0.047571524977684,-1.78378504381713,-0.344548432283332,-0.0896355371842868,-0.287384526254374,-0.0202501814670597,0.00632518343242484,-0.139249830441338,0.682609498500824,0.27886039018631,1.30366182327271,-0.033483503233315,0.0135286075997038,0.263511104218596,-0.342371463774389,0.0240457057952006,0.599629878995621,-0.380305479539688,0.275749257199836,-0.00893977324335461,-0,-0,1,-0,3558.95,33.6677194
0.754023121820665,0.2016712597703,1.24112176895142,0.00119917339179665,-0.00222576782107353,-1.79317802057799,-0.353140308084088,-0.105381098470264,-0.318549969401661,0.0618114719406328,0.452603263591515,-0.0129380904611583,0.650465846061707,0.283532977104187,1.39725649356842,-0.0447884061590998,0.0168879774327877,0.25689685710266,-0.321436524391467,0.0467258691788145,0.935946702958005,-0.113049029257951,0.0335936983308696,-0.0661424711594157,0,0,0,0,3559.05,33.7344021
0.742251778217862,0.198158556487958,1.40841925144196,0.00119917339179665,-0.00222576782107353,-1.79317802057799,-0.353140308084088,-0.105381098470264,-1.78522691985637,0.0432680303584429,0.316822284514061,-0.0090566633228108,0.636252224445343,0.288456499576569,1.46092236042023,-0.0423554266140773,0.0205655956383286,0.25391752812648,-0.284272432326236,0.0984704494472736,1.2733173370315,0.0486595909002742,0.07355236411055,-0.0595865795233849,0,0,0,0,3559.1,33.8011344
0.736596022541912,0.190267539743526,1.40841925144196,0.00119917339179665,-0.00222576782107353,-1.79317802057799,-0.169672670278489,-0.236730502332955,-0.909056311808055,0.0302876212509101,0.221775599159843,-0.00633966432596756,0.623071670532227,0.294979363679886,1.53538382053375,-0.0318650459456369,0.0181843031985301,0.252716367123062,-0.263611078263768,0.130457282067057,1.48922920227863,0.209807613369952,-0.0476258487962289,-0.0240232200684954,0,0,0,0,3559.15,33.8678764
0.729190129792743,0.181375439645485,1.40841925144196,-0.0353782586753368,-0.0327938795089722,-1.78394096956786,-0.222176782475071,-0.266763002941221,-0.899384727737212,0.350398223479838,0.430355924602978,-0.0875712241193638,0.598412334918976,0.307816922664642,1.6814740896225,0.0116436298626407,-0.00654992008127338,0.251872139201564,-0.246593356132732,0.128375589847681,1.46090269088878,0.435086758083171,-0.24734223279826,-0.00844227921498621,0,0,0,0,3559.25,33.9346658
0.721784237043574,0.172483339547444,1.67236256599426,-0.0353782586753368,-0.0327938795089722,-1.78394096956786,-0.222176782475071,-0.266763002941221,-3.27487455870798,0.245278756435887,0.301249147222084,-0.0612998568835547,0.586400151252747,0.31530237197876,1.74439001083374,0.0366120779925914,-0.0244164503155933,0.253362505569325,-0.240243673323711,0.149708986281804,1.25831842422028,0.499368962597198,-0.357330604685098,0.0298073273551006,-0,-0,-1,-0,3559.3,34.0013779
0.714378344294405,0.163591239449404,1.67236256599426,-0.0353782586753368,-0.0327938795089722,-1.78394096956786,-0.222176782475071,-0.266763002941221,-0.899384727737212,0.171695129505121,0.210874403055459,-0.0429098998184883,0.574145555496216,0.322341084480286,1.79508399963379,0.0421723947869381,-0.00880686382653166,0.258522392513218,-0.245091915129724,0.140774250030005,1.01387977599729,0.111206335886529,0.312191729780096,0.103197738877498,-0,-0,-1,-0,3559.35,34.068091
0.709870243417786,0.155849353830393,1.67236256599426,0.023041183128953,0.00800292193889618,-1.77678269014891,-0.135243026298556,-0.232256568570321,-0.912444843517833,-0.405588385585024,-0.219559130891994,-0.0944614446434496,0.550020039081573,0.336085230112076,1.85388946533203,0.0237004596033894,-0.0187886580800616,0.261218379518851,-0.241255164146643,0.137441456318027,0.588054656982957,-0.184719351835654,-0.0998179425353903,0.0269598700563562,-0,-0,-1,-0,3559.45,34.1348173
0.705362142541168,0.148107468211382,1.67236256599426,0.023041183128953,0.00800292193889618,-1.77678269014891,-0.135243026298556,-0.232256568570321,-0.912444843517833,-0.283911869909517,-0.153691391624396,-0.0661230112504147,0.538904368877411,0.344402462244034,1.86754274368286,0.001573488324777,0.0115986030589269,0.263254216899049,-0.222313404084465,0.166344642640068,0.273065567018092,-0.442539425574664,0.607745222783087,0.040716747604176,0,0,0,0,3559.5,34.2015107
0.700854041664549,0.140365582592372,1.67236256599426,0.023041183128953,0.00800292193889618,-1.77678269014891,-0.135243026298556,-0.232256568570321,-0.912444843517833,-0.198738308936662,-0.107583974137077,-0.0462861078752903,0.528507769107819,0.352805465459824,1.86710095405579,0.0232927179323152,-0.0233680579515535,0.2782305443229,-0.207931995391089,0.168060064315184,-0.00883579254147176,0.434384592149184,-0.699333220207064,0.299526548475936,0,0,0,0,3559.55,34.2682471
0.693900860436866,0.126708031873107,1.7916556596756,0.0141171459108591,0.00342021510004997,-1.77885788546141,-0.208595436830494,-0.409726521577941,-1.19604327948946,-0.0588004812928183,-0.034064420346338,-0.0137235177002032,0.500757694244385,0.361028432846069,1.83958053588867,0.0375976856144997,-0.00787813542163376,0.267037351866209,-0.277500748634591,0.0822296738625321,-0.275204181671393,0.143049676821975,0.154899225299338,-0.111931924567016,0,0,0,0,3559.65,34.334983
0.686419709049967,0.120174688821026,1.77885460853577,0.0141171459108591,0.00342021510004997,-1.77885788546141,-0.22443454160696,-0.196000291562429,0.235517464339063,-0.0411603369049728,-0.0238450942424366,-0.00960646239014224,0.489223927259445,0.366143524646759,1.82906377315521,0.0288723639071053,-0.00123560321743328,0.268260934999554,-0.230675339697952,0.102301836013422,-0.210335254668424,-0.174506434147253,0.132850644083526,0.0244716626668093,0,0,0,0,3559.7,34.4017536
0.678938557663069,0.113641345768945,1.77885460853577,0.0141171459108591,0.00342021510004997,-1.77885788546141,-0.22443454160696,-0.196000291562429,0.120308004080579,-0.028812235833481,-0.0166915659697056,-0.00672452367309957,0.477658987045288,0.370874851942062,1.82545852661133,0.0189651995069909,0.00646257888729587,0.265772836079703,-0.231298804284404,0.0946265459065833,-0.072104930878079,-0.198143288003369,0.153963642095423,-0.0497619783972898,0,0,0,0,3559.75,34.4684673
0.671355464947275,0.107248742740688,1.77885460853577,0.023529464378953,-0.00683981319889426,-1.78839939699706,-0.227492781473816,-0.191778090847708,0.120826537189816,-0.104879431296282,0.0806561585117042,0.0811664372496311,0.456236362457275,0.379563719034195,1.82945811748505,0.0162487206059463,-0.00718081365215502,0.263813115862234,-0.214226245879348,0.0868886709210096,0.0399959087370371,-0.0271647890103475,-0.136433925394013,-0.0195972021746213,-0,-0,-0.445326090273751,-0,3559.85,34.5351904
0.663772372231481,0.100856139712431,1.77885460853577,0.023529464378953,-0.00683981319889426,-1.78839939699706,-0.227492781473816,-0.191778090847708,0.120826537189816,-0.0734156019073971,0.0564593109581929,0.0568165060747418,0.445404708385468,0.383164882659912,1.83266508579254,0.0137186596149101,-0.0106513579619679,0.263268284780032,-0.216633081437339,0.0720232725147363,0.0641393661502524,-0.0506012198209986,-0.0694108861966369,-0.0108966216440893,0,0,0,0,3559.9,34.6019335
0.656189279515687,0.0944635366841741,1.77885460853577,0.023529464378953,-0.00683981319889426,-1.78839939699706,-0.227492781473816,-0.191778090847708,0.120826537189816,-0.051390921335178,0.039521517670735,0.0397715542523192,0.434590637683868,0.387703508138657,1.83441781997681,0.022782178669,-0.00311987841224446,0.268193257603287,-0.216281414031196,0.0907725095745599,0.0350546836851752,0.181270381081137,0.150629590993921,0.0984994564647382,0,0,0,0,3559.95,34.6685882
0.651403393793981,0.0875863329838896,1.78813076019287,0.0185010638087988,0.0021467765327543,-1.78205293283995,-0.143576571651174,-0.206316111008536,-0.114664646598461,0.00928196019676315,-0.0532142452153226,-0.029278089437317,0.41427606344223,0.394632697105408,1.82115972042084,0.0180329245174015,-0.00964162479126902,0.265788390901766,-0.203145742416567,0.069291889667574,-0.132580995559813,-0.0474925415160277,-0.0652174637903049,-0.0240486670152298,0,0,0,0,3560.05,34.7353398
0.646144458140694,0.0832896278276349,1.78813076019287,0.0185010638087988,0.0021467765327543,-1.78205293283995,-0.157768069598631,-0.128901154687641,0.0067302788590845,0.00649737213773421,-0.0372499716507258,-0.0204946626061219,0.404038518667221,0.396651238203049,1.81554412841797,0.00992412481858691,-0.00607169386722572,0.268051985912446,-0.204750895499438,0.040370821952673,-0.112311840056964,-0.162175993975702,0.0713986184806063,0.0452719002134324,-0,-0,-1,-0,3560.1,34.8020694
0.640885522487406,0.0789929226713802,1.78813076019287,0.0185010638087988,0.0021467765327543,-1.78205293283995,-0.157768069598631,-0.128901154687641,0.0067302788590845,0.00454816049641394,-0.0260749801555081,-0.0143462638242853,0.393829494714737,0.399305135011673,1.81358873844147,0.0103812605915394,-0.0031942797893886,0.267781339110462,-0.204180479050797,0.053077936172775,-0.0391077995302427,0.00914271545910072,0.0575482815570565,-0.00541293603971327,-0,-0,-1,-0,3560.15,34.8687513
0.635608868800201,0.0747221138354964,1.7922865152359,0.0144954808056355,-0.00424387911334634,-1.78661030397948,-0.158299610616149,-0.128124265076514,-0.0296031672942811,0.0392339593759598,0.0392634147060501,0.0309739555787376,0.373724430799484,0.404685646295547,1.80713701248169,0.0215055519945989,-0.00022620867460619,0.265512572432411,-0.20105063915271,0.0538051128387941,-0.064517259597837,0.111242914030696,0.0296807111478511,-0.0226876667805305,0,0,0,0,3560.25,34.9354354
0.630332215112996,0.0704513049996126,1.7922865152359,0.0144954808056355,-0.00424387911334634,-1.78661030397948,-0.158299610616149,-0.128124265076514,0.00779862809298697,0.0274637715631719,0.0274843902942351,0.0216817689051163,0.365019917488098,0.408090740442276,1.78931021690369,0.00518397468589374,0.0180330712941773,0.268706287288647,-0.174090266227089,0.0681018829343226,-0.356535911558762,-0.326431546172917,0.36518559937434,0.0638742971244862,0,0,0,0,3560.3,35.0021412
0.625055561425791,0.0661804961637288,1.7922865152359,0.0144954808056355,-0.00424387911334634,-1.78661030397948,-0.158299610616149,-0.128124265076514,0.00779862809298697,0.0192246400942203,0.0192390732059646,0.0151772382335814,0.354220509529114,0.409362494945526,1.762375831604,0.0112630457467604,-0.0139856482452647,0.271851364409343,-0.215988159178902,0.0254350900649099,-0.538687705991693,0.121581421216892,-0.64037439078651,0.0629015424136957,-0,-0,-0.296884060182501,-0,3560.35,35.0688728
0.619796674511653,0.0618824046959576,1.77278006076813,0.0178841687738895,0.00609215814620256,-1.78202789888915,-0.157766607424144,-0.128942744033137,0.181903811550088,-0.0170409436483326,-0.0795569840917649,-0.0306175790494813,0.334727913141251,0.412905722856522,1.72040963172913,-0.0119877721198652,0.016300009437578,0.274774736387836,-0.194925963878809,0.0354322791099871,-0.419661998749161,-0.232508178666468,0.302856576828703,0.0292337197849556,-0,-0,-1,-0,3560.45,35.1355435
0.614537787597515,0.0575843132281863,1.77278006076813,0.0178841687738895,0.00609215814620256,-1.78202789888915,-0.157766607424144,-0.128942744033137,0.00634572134012752,-0.0119286605538328,-0.0556898888642355,-0.0214323053346369,0.326120436191559,0.415261775255203,1.70818209648132,-0.0106093706874402,0.00917314393429697,0.270128323947248,-0.172149538994775,0.04712104797389,-0.244550704957389,0.0275680286486512,-0.142537310066399,-0.0929282488122604,-0,-0,-1,-0,3560.5,35.2022331
0.609278900683377,0.0532862217604151,1.77278006076813,0.0178841687738895,0.00609215814620256,-1.78202789888915,-0.157766607424144,-0.128942744033137,0.00634572134012752,-0.00835006238768297,-0.0389829222049648,-0.0150026137342458,0.316938847303391,0.416847378015518,1.69470453262329,-0.00506057491721382,0.00371947396716826,0.269790504580038,-0.183631777762699,0.0317120552061835,-0.269551277159664,0.110975915404124,-0.109073399342177,-0.006756387344181,0,0,0,0,3560.55,35.2689192
0.606424261439929,0.0498286862686003,1.69475471973419,-0.00868145748972893,-0.0165887363255024,-1.78471726046141,-0.085639177303418,-0.103726064754442,0.889398505474872,0.233245592701188,0.176840004701869,0.0137024245364185,0.307964026927948,0.425817519426346,1.63729870319366,0.0373312969189925,0.0104838957344517,0.239879781584687,-0.0897482037545067,0.089701414108358,-0.574058294296787,0.423918718362449,0.0676442176728957,-0.299107229953787,0,0,0,0,3560.65,35.335638
0.603833281722845,0.0478647411316541,1.69475471973419,-0.00868145748972893,-0.0165887363255024,-1.78471726046141,-0.0777293915125274,-0.0589183541083863,0.485420668383166,0.163271914890832,0.123788003291309,0.00959169717549298,0.291339784860611,0.424398154020309,1.59223556518555,0.0101153282835355,-0.00130356731956064,0.275314918697306,-0.332484841345531,-0.0283873081206243,-0.901262760159075,-0.544319372707159,-0.235749261079389,0.708702742249812,0,0,0,0,3560.7,35.4023722
0.601242302005761,0.0459007959947079,1.69475471973419,-0.00868145748972893,-0.0165887363255024,-1.78471726046141,-0.0777293915125274,-0.0589183541083863,0.485420668383166,0.114290340423582,0.086651602303916,0.00671418802284509,0.283001840114594,0.427598088979721,1.55695986747742,-0.00149142871877276,0.00629469063627226,0.27587590890648,-0.166758894921259,0.0639986991885817,-0.705513954166448,-0.232135140047433,0.151965159117487,0.0112198041835389,-0,-0,-0.742210150456252,-0,3560.75,35.4690913
0.59795836325984,0.043801808892129,1.58787965774536,0.0187610983848572,-0.00381522113457322,-1.79060906038817,-0.0985181623776322,-0.0629696130773679,1.44519317409413,-0.166979764574767,-0.0543055151056214,0.0577261309568119,0.269553631544113,0.434806108474731,1.52072012424469,-0.0390391492832772,0.0199388964053496,0.273140186680923,-0.134482085704314,0.0720801949498415,-0.362397432325952,-0.375477205643679,0.136442057690277,-0.0273572222554673,-0,-0,-0.437513351847896,-0,3560.85,35.5357808
0.594674424513919,0.0417028217895501,1.58787965774536,0.0187610983848572,-0.00381522113457322,-1.79060906038817,-0.0985181623776322,-0.0629696130773679,0.483317616194652,-0.116885835202337,-0.038013860573935,0.0404082916697683,0.263803392648697,0.439206212759018,1.51027297973633,-0.0311947962870199,0.00804948425088124,0.264463634742949,-0.115004777908953,0.0880020856862102,-0.208942890168377,0.156887059926003,-0.237788243090664,-0.17353103876044,0,0,0,0,3560.9,35.602294
0.591390485767998,0.0396038346869711,1.58787965774536,0.0187610983848572,-0.00381522113457322,-1.79060906038817,-0.0985181623776322,-0.0629696130773679,0.483317616194652,-0.0818200846416361,-0.0266097024017545,0.0282858041688378,0.257772475481033,0.441949844360352,1.4994421005249,-0.0201120825922344,-0.00519462596845578,0.265313924819103,-0.120618343352833,0.0548726320264727,-0.216617584227728,0.221654273894903,-0.264882204385777,0.0170058015230226,0,0,0,0,3560.95,35.6692203
0.592560023338376,0.0310078624108033,1.50780534744263,-0.0225933734327555,-0.0153437368571758,-1.77981394396361,0.0350861271113512,-0.257879168285036,0.897403658782016,0.314916187109369,0.0851298498221953,-0.0773559849028585,0.248109385371208,0.452933013439178,1.45384228229523,0.0607394005293158,-0.0380238946174084,0.272972022137454,-0.0966309010983392,0.109831690788369,-0.455998182297168,0.808514831216238,-0.328292686489825,0.0765809731835795,-0,-0,-0,0.99609375,3561.05,35.7358862
0.592239367284306,0.0270383090212048,1.50780534744263,-0.0225933734327555,-0.0153437368571758,-1.77981394396361,-0.00961968162211497,-0.119086601687953,0.140307000955721,0.220441330976558,0.0595908948755367,-0.0541491894320009,0.242314592003822,0.457922637462616,1.43483316898346,0.0591868300984443,-0.021812221436698,0.272982809106678,-0.115895867347296,0.099792480468387,-0.380182266233968,-0.0310514086173169,0.324233463613029,0.000215739384474049,-0,-0,-0,0.99609375,3561.1,35.8049199
0.591918711230235,0.0230687556316064,1.50780534744263,-0.0225933734327555,-0.0153437368571758,-1.77981394396361,-0.00961968162211497,-0.119086601687953,0.140307000955721,0.154308931683591,0.0417136264128757,-0.0379044326024006,0.234231859445572,0.468796640634537,1.41766273975372,0.00537928770704418,-0.00835229173611667,0.272915124095539,-0.0808273255825778,0.108740031719307,-0.171704292297519,-0.538075423914491,0.134599297005935,-0.000676850111389132,-0,-0,-0,0.99609375,3561.2,35.8717476
0.591328252271466,0.0191368608437554,1.42340242862701,0.00956461392343044,-0.0130433598533273,-1.79459494219359,-0.0177137687630835,-0.11795684363553,0.900014552679951,-0.18140563402716,0.00849614545437601,0.106495881248144,0.230434864759445,0.47305366396904,1.41633462905884,0.00894437059533386,-0.0143076991729463,0.279724521745768,-0.0759398937229486,0.0851404666905281,-0.02656221389785,0.0713016577661828,-0.119108148737242,0.136187953005333,-0,-0,-0,0.99609375,3561.25,35.9384966
0.590737793312696,0.0152049660559044,1.42340242862701,0.00956461392343044,-0.0130433598533273,-1.79459494219359,-0.0177137687630835,-0.11795684363553,0.140388283339436,-0.126983943819012,0.00594730181806321,0.0745471168737007,0.226213410496712,0.477694571018219,1.41604292392731,0.0135473077919305,-0.0161863077022286,0.299458665911339,-0.084429085254362,0.0928181409832439,-0.00583410263059401,0.092058743931597,-0.0375721705855088,0.394682883309981,0,0,0,0,3561.3,36.0052132
0.590147334353927,0.0112730712680533,1.42340242862701,0.00956461392343044,-0.0130433598533273,-1.79459494219359,-0.0177137687630835,-0.11795684363553,0.140388283339436,-0.0888887606733083,0.00416311127264425,0.0521829818115905,0.221843630075455,0.48242774605751,1.41612553596497,0.0170058312671279,-0.0171395969351002,0.334628300088115,-0.0873956084248224,0.0946635007854833,0.00165224075316782,0.0691704695036972,-0.0190657846573639,0.703392683532956,0,0,0,0,3561.35,36.0718844
0.589292627124356,0.00722842321686071,1.40061795711517,0.0239391922950745,0.011692026630044,-1.82781714067992,-0.0256412168871233,-0.121339441535779,0.343421483548969,-0.191593337816112,-0.21970430045949,0.335527873645066,0.212495639920235,0.490517765283585,1.41850411891937,0.0159317026212876,-0.0184200893832187,0.428181998233243,-0.0934799015522853,0.0809001922608158,0.023785829544089,-0.0107412864584128,-0.0128049244811966,0.935536981452132,0,0,0,0,3561.45,36.1386067
0.588437919894785,0.00318377516566808,1.40061795711517,0.0239391922950745,0.011692026630044,-1.82781714067992,-0.0256412168871233,-0.121339441535779,0.138361239942401,-0.134115336471278,-0.153793010321643,0.234869511551547,0.20746186375618,0.49394479393959,1.42051112651825,0.0185650600714126,-0.0170752306459385,0.475979591520794,-0.100675523281647,0.0685405731204912,0.0401401519777581,0.052667149002787,0.0268971747457513,0.95595186575624,0.726584673604541,-0,-0,-0,3561.5,36.2052659
0.587583212665215,-0.000860872885524548,1.40061795711517,0.0239391922950745,0.011692026630044,-1.82781714067992,-0.0256412168871233,-0.121339441535779,0.138361239942401,-0.0938807355298949,-0.10765510722515,0.164408658086083,0.197539135813713,0.498122662305832,1.42452394962311,0.0303160347575702,-0.0114913492946998,0.548365756917368,-0.0992272794243064,0.0417786836622626,0.040128231048438,0.117509746861148,0.0558388135121843,0.723861653963104,1,-0,-0,-0,3561.6,36.2720015
0.586973502221458,-0.00159286910645609,1.38746631145477,0.0231254380196333,0.0130629586055875,-2.01149707899626,-0.0182913133126871,-0.0219598866279463,0.108422423212179,-0.0583927263919559,-0.0876969628374967,1.76820550550736,0.192885041236877,0.498670935630798,1.42589771747589,0.0295567442847523,0.00585107239583311,0.572191547575189,-0.0930818915372206,0.0109654664993885,0.027475357055814,-0.01518580945644,0.34684843381255,0.476515813159018,1,-0,-0,-0,3561.65,36.3387121
0.586363791777702,-0.00232486532738764,1.38746631145477,0.0231254380196333,0.0130629586055875,-2.01149707899626,-0.0182913133126871,-0.0219598866279463,-0.00994238773142412,-0.0408749084743691,-0.0613878739862477,1.23774385385516,0.188867628574371,0.499742269515991,1.42742824554443,0.0226063349438925,0.0325990982937974,0.585832073125535,-0.0803482532498298,0.0214266777037795,0.0306105613707383,-0.139008186816691,0.53496051795734,0.272810511005925,1,-0,-0,-0,3561.7,36.4054122
0.585754081333946,-0.00305686154831918,1.38746631145477,0.0231254380196333,0.0130629586055875,-2.01149707899626,-0.0182913133126871,-0.0219598866279463,-0.00994238773142412,-0.0286124359320584,-0.0429715117903734,0.866420697698609,0.186565428972244,0.500473856925964,1.42751586437225,0.0156107133000989,0.0568625623751429,0.593841701349275,-0.0460439920427928,0.0146317481995427,0.00175237655640605,-0.139912432876636,0.485269281629558,0.160192564475678,1,-0,-0,-0,3561.75,36.4721068
0.58503950060698,-0.00384823595479632,1.39570474624634,0.0265723504126072,-0.0489972159266472,-2.1095659123474,-0.0214374218089726,-0.0237412321943142,-0.0764445578396463,-0.051050916689206,0.528461512536851,1.48911398854924,0.18571150302887,0.501672208309174,1.42771923542023,-0.012410741459179,0.071211341896877,0.603002299092357,-0.00853925943371527,0.0119835138320487,0.00203371047972893,-0.280214547591759,0.143487795216819,0.0916059774304854,1,-0,-0,-0,3561.85,36.5387974
0.584324919880014,-0.00463961036127346,1.39570474624634,0.0265723504126072,-0.0489972159266472,-2.1095659123474,-0.0214374218089726,-0.0237412321943142,-0.00229864471556179,-0.0357356416824442,0.369923058775796,1.04237979198447,0.18814118206501,0.503384709358215,1.42892348766327,-0.0187592171768703,0.0728834120697067,0.603639455545773,0.048593580723074,0.0342500209810219,0.0240850448609713,-0.126969514354519,0.0334414034567777,0.0127431290683984,1,-0,-0,-0,3561.9,36.6055067
0.583610339153049,-0.0054309847677506,1.39570474624634,0.0265723504126072,-0.0489972159266472,-2.1095659123474,-0.0214374218089726,-0.0237412321943142,-0.00229864471556179,-0.0250149491777109,0.258946141143057,0.729665854389129,0.192649140954018,0.505476534366608,1.43006491661072,-0.0226036000934029,0.0778047181561465,0.603881231967156,0.0901591777798234,0.0418365001676945,0.0228285789488916,-0.0768876583303721,0.0984261217284376,0.00483552842764929,1,-0,-0,-0.99609375,3561.95,36.6722312
0.587511517678147,-0.0082155493207674,1.39459252357483,0.0194910932332277,-0.0892045199871063,-2.12511068449553,0.117035355752961,-0.0835369365905039,0.00788585236343062,0.0462208501900175,0.543128035344272,0.650669047405581,0.208108022809029,0.511866390705109,1.43216252326965,-0.0286490860347879,0.0843023471988572,0.603864979561348,0.15458881855025,0.0638985633850679,0.0209760665893745,-0.060454859413905,0.0649762904271654,-0.000162524058089512,1,-0,-0,-0.99609375,3562.05,36.7389118
0.591412696203246,-0.0110001138737842,1.39459252357483,0.0194910932332277,-0.0892045199871063,-2.12511068449553,0.117035355752961,-0.0835369365905039,-0.00212415168014848,0.0323545951330123,0.38018962474099,0.455468333183907,0.21892586350441,0.516730844974518,1.43301212787628,-0.0290903117222512,0.0870815136267122,0.604656970286438,0.216356813906836,0.0972890853878297,0.0169920921325065,-0.00882451374923559,0.0555833285568978,0.015839814501757,1,-0,-0,-0.99609375,3562.1,36.8055767
0.595313874728345,-0.013784678426801,1.39459252357483,0.0194910932332277,-0.0892045199871063,-2.12511068449553,0.117035355752961,-0.0835369365905039,-0.00212415168014848,0.0226482165931086,0.266132737318693,0.318827833228735,0.247420102357864,0.527782618999481,1.43451452255249,-0.0281751474517993,0.0881822652201663,0.586751719561417,0.284942388534805,0.110517740249734,0.0150239467620986,0.00915164270452812,0.0110075159345513,-0.179052507250376,1,-0,-0,-0,3562.2,36.8723078
0.604468335186436,-0.0159762938094788,1.39488911628723,0.0182846803218126,-0.106365233659744,-2.12186139689025,0.274633813742747,-0.0657484614803333,-0.00564455299681965,0.0267114678179119,0.340739339176827,0.193935894812544,0.264771580696106,0.534260630607605,1.43491697311401,-0.0218458675360067,0.091925321794892,0.558941815713702,0.347029566766725,0.129560232163183,0.00804901123051267,0.126585598316543,0.0748611314949218,-0.556198076957341,0,0,0,0,3562.25,36.939008
0.613622795644528,-0.0181679091921565,1.39488911628723,0.0182846803218126,-0.106365233659744,-2.12186139689025,0.274633813742747,-0.0657484614803333,-0.00297521858519855,0.0186980274725383,0.238517537423779,0.135755126368781,0.28484708070755,0.541067600250244,1.43514823913574,-0.0115000215664959,0.0977171548521354,0.5206883701144,0.401510000227421,0.136139392852288,0.00462532043455349,0.206916919389464,0.115836661144447,-0.765068911983241,0,0,0,0,3562.3,37.0058334
0.622777256102619,-0.0203595245748343,1.39488911628723,0.0182846803218126,-0.106365233659744,-2.12186139689025,0.274633813742747,-0.0657484614803333,-0.00297521858519855,0.0130886192307768,0.166962276196645,0.0950285884581464,0.307163685560226,0.547524154186249,1.43492102622986,0.0246914325888044,0.0810163152752601,0.440963424192114,0.446332097051904,0.129131078719623,-0.00454425811765925,0.723829083103371,-0.334016791536291,-1.59449891843992,0,0,0,0,3562.35,37.0725454
0.632099522850969,-0.0216717528033978,1.40844070911407,0.0318073257803917,-0.108687713742256,-2.02811747656401,0.27966800245048,-0.0393668468569055,-0.122556969748305,-0.112541775665668,0.137775914080259,-0.777175271015394,0.356400012969971,0.561151921749115,1.43528258800507,0.0324143662513645,0.0533677971171805,0.407099596946053,0.49236327409789,0.136277675628786,0.00361561775207848,0.0772293366256718,-0.276485181581047,-0.338638272460922,0,0,0,0,3562.45,37.1392576
0.641421789599318,-0.0229839810319614,1.40844070911407,0.0318073257803917,-0.108687713742256,-2.02811747656401,0.27966800245048,-0.0393668468569055,-0.000592634306715898,-0.0787792429659675,0.0964431398561811,-0.544022689710776,0.382531374692917,0.567911982536316,1.43545377254486,0.0308351553346921,0.0336656453330501,0.380180224114242,0.522627234461775,0.135201215744756,0.00342369079591712,-0.0315842183336217,-0.394043035684757,-0.53838745663915,-0,-0,1,-0,3562.5,37.205969
0.650744056347668,-0.0242962092605249,1.40844070911407,0.0318073257803917,-0.108687713742256,-2.02811747656401,0.27966800245048,-0.0393668468569055,-0.000592634306715898,-0.0551454700761772,0.0675101978993267,-0.380815882797543,0.436768144369125,0.580621778964996,1.43539440631866,0.0130969328566417,0.0101822884641978,0.355524240076662,0.542367696760112,0.127097964286342,-0.000593662261960731,-0.177382224779858,-0.234833568687669,-0.246559840374906,-0,-0,1,-0,3562.6,37.2727307
0.666194330490312,-0.0210809770364351,1.41244447231293,0.0389290973544121,-0.0266871675848961,-1.89338749514159,0.463508224279321,0.0964569667226919,-0.02974638919171,-0.102697773219508,-0.690747776886712,-1.4791409507601,0.464192062616348,0.587287783622742,1.44133067131042,0.0144157060685631,0.00796639041278591,0.351335468688824,0.548478364947451,0.133320093155635,0.118725299835853,0.0263754642385714,-0.04431796102848,-0.0837754277572164,-0,-0,1,-0,3562.65,37.33943
0.681644604632956,-0.0178657448123454,1.41244447231293,0.0389290973544121,-0.0266871675848961,-1.89338749514159,0.463508224279321,0.0964569667226919,0.00628747959796289,-0.0718884412536553,-0.483523443820698,-1.03539866553207,0.491579800844193,0.592870354652405,1.4581344127655,0.00608338816450386,0.00968844790931251,0.346060431301384,0.547754764554892,0.111651420592856,0.33607482910034,-0.166646358080578,0.0344411499304067,-0.105500747748421,-0,-0,1,-0,3562.7,37.406148
0.6970948787756,-0.0146505125882557,1.41244447231293,0.0389290973544121,-0.0266871675848961,-1.89338749514159,0.463508224279321,0.0964569667226919,0.00628747959796289,-0.0503219088775587,-0.338466410674489,-0.724779065872449,0.546648323535919,0.603862583637238,1.53248286247253,-0.0149568572789339,0.0134211489267505,0.342740266344668,1.10137045384054,0.219844579697855,1.48696899414874,-0.420804908871052,0.0746540203491681,-0.066403299134689,-0,-0,1,-0,3562.75,37.4728523
0.712052860949225,-0.00622803657766998,1.43204259872437,0.0148438718169928,-0.0149440737441182,-1.86901706324156,0.448739465208754,0.252674280317571,-0.56484750999422,0.181541693622483,-0.342614332039143,-0.726679233210934,0.574847340583801,0.609515011310577,1.59121191501617,-0.0540364662253622,0.00570828492794128,0.338001315512869,0.281990170477795,0.0565242767331928,0.587290525434265,-0.390796089462862,-0.0771286399878121,-0.0473895083178108,0,0,0,0,3562.85,37.5395693
0.72701084312285,0.00219443943291572,1.43204259872437,0.0148438718169928,-0.0149440737441182,-1.86901706324156,0.448739465208754,0.252674280317571,-0.388464372291278,0.127079185535738,-0.2398300324274,-0.508675463247654,0.602527379989624,0.618756651878357,1.6620147228241,-0.0230331908853026,0.0168714848146333,0.342226638631014,0.553600788119476,0.184832811356599,1.41605615616617,0.620065506804577,0.223263997735059,0.0845064623633578,0,0,0,0,3562.9,37.6063222
0.741968825296475,0.0106169154435014,1.43204259872437,0.0148438718169928,-0.0149440737441182,-1.86901706324156,0.448739465208754,0.252674280317571,-0.388464372291278,0.0889554298750166,-0.16788102269918,-0.356072824273357,0.659368753433228,0.636006832122803,1.81858503818512,-0.00211281074608673,0.0132729923733675,0.337968148950653,0.568413734436552,0.172501802444615,1.56570315361165,0.209203801392349,-0.0359849244126906,-0.0425848968036478,0,0,0,0,3563,37.6730196
0.754893315593179,0.0161762861448014,1.62577426433563,-0.0222136918455362,-0.034600242972374,-1.86389416323241,0.387734708901116,0.166781121038999,-2.84171168005339,0.395786873875273,0.0593888071648757,-0.295357077073748,0.686980724334717,0.644147396087646,1.88910162448883,0.0184841533156177,0.00414468374411433,0.337342918835342,0.552239418027776,0.162811279296283,1.41033172606909,0.411939281232591,-0.182566172584399,-0.0125046023061837,0,0,0,0,3563.05,37.7397912
0.767817805889882,0.0217356568461014,1.62577426433563,-0.0222136918455362,-0.034600242972374,-1.86389416323241,0.387734708901116,0.166781121038999,-1.09812668955199,0.277050811712691,0.041572165015413,-0.206749953951623,0.715075135231018,0.653938114643097,1.95189356803894,0.0283558166727067,-0.00927943669742955,0.338644632589645,0.561888217923981,0.195814371108296,1.25583887099763,0.19743326714106,-0.268482408829901,0.0260342750859651,-1,-0,-0,-0,3563.1,37.8064682
0.780742296186586,0.0272950275474014,1.62577426433563,-0.0222136918455362,-0.034600242972374,-1.86389416323241,0.387734708901116,0.166781121038999,-1.09812668955199,0.193935568198884,0.0291005155107891,-0.144724967766136,0.76950067281723,0.671556234359741,2.03582262992859,0.0164087053039203,0.00998710914862847,0.34497278972712,0.544255375862617,0.176181197166603,0.839290618897248,-0.119471113687972,0.192665458460755,0.0632815713748084,-1,-0,-0,-0,3563.2,37.8731742
0.79357205328198,0.0284751661553282,1.88231241703033,0.0336439423263073,0.00236617983318865,-1.85823219881591,0.384892712861823,0.0354041582378047,-2.96643457799449,-0.366963809807373,-0.312327444392511,-0.152265157184831,0.796047151088715,0.680405020713806,2.05887532234192,0.0140691558839098,0.00511128134246525,0.34788041319782,0.530929565432585,0.176975727082265,0.461053848269117,-0.0467909884004655,-0.0975165561237964,0.0581524694143219,-1,-0,-0,-0,3563.25,37.9398503
0.806401810377375,0.029655304763255,1.88231241703033,0.0336439423263073,0.00236617983318865,-1.85823219881591,0.384892712861823,0.0354041582378047,-0.65759120374217,-0.256874666865161,-0.218629211074758,-0.106585610029381,0.819937229156494,0.688678920269012,2.07024598121643,0.0261280353321271,-0.058551111091618,0.344764218474733,0.477801561353853,0.165477991103524,0.227413177489407,0.24117758896347,-1.27324784867703,-0.0623238944615198,-1,-0,-0,-0,3563.3,38.0065907
0.819231567472769,0.0308354433711818,1.88231241703033,0.0336439423263073,0.00236617983318865,-1.85823219881591,0.384892712861823,0.0354041582378047,-0.65759120374217,-0.179812266805613,-0.15304044775233,-0.074609927020567,0.866178095340729,0.70299756526947,2.08325815200806,0.0387890885936478,-0.0980218477358545,0.34819802624944,0.462408661842767,0.143186450004708,0.130121707916378,0.126610532615322,-0.394707366442724,0.0343380777471082,-1,-0,-0,-0,3563.4,38.0732843
0.832107312825144,0.03403183397979,1.99142682552338,0.0157833397388458,0.066274493932724,-1.8632542477661,0.386272360571263,0.0958917182582464,-1.63625700436237,0.0348768365232242,-0.68230314032245,-0.00702850836263907,0.886301398277283,0.709218263626099,2.08581876754761,0.0361398301592856,-0.098763870818373,0.348760370513451,0.402466058729615,0.124413967132116,0.0512123107908293,-0.0529851686870524,-0.0148404616503157,0.0112468852801619,-0.84377574999237,-0,-0,-0,3563.45,38.1399703
0.84498305817752,0.0372282245883982,1.99142682552338,0.0157833397388458,0.066274493932724,-1.8632542477661,0.386272360571263,0.0958917182582464,-0.654227327924989,0.024413785566257,-0.477612198225715,-0.00491995585384735,0.904220163822174,0.71465677022934,2.08817052841187,0.0363243394402177,-0.101931381341007,0.348693648273645,0.358375310899783,0.108770132065413,0.0470352172854129,0.00369018561866276,-0.0633502104530327,-0.00133444479612783,-0,-0,-1,-0,3563.5,38.2066437
0.857858803529895,0.0404246151970065,1.99142682552338,0.0157833397388458,0.066274493932724,-1.8632542477661,0.386272360571263,0.0958917182582464,-0.654227327924989,0.0170896498963799,-0.334328538758,-0.00344396909769315,0.931650876998901,0.723098576068878,2.09116959571838,0.0406041849567999,-0.101322968979521,0.345347968915849,0.274307131766275,0.0844180583950786,0.0299906730650764,0.0427984551656661,0.00608412361484588,-0.0334567935778311,-0,-0,-1,-0,3563.6,38.2733173
0.86274647455162,0.0409078185559834,2.01338839530945,0.0197298172861338,0.0994855239987373,-1.86451119051512,0.146630130651753,0.014496100769309,-0.195925856567097,-0.0235555429981256,-0.53292924772472,0.00890170637282574,0.94272780418396,0.726278424263,2.09017729759216,0.0346080426523711,-0.0962241133258273,0.339907797392345,0.221538543702381,0.0635969638827933,-0.0198459625245224,-0.119922846089229,0.101977113074422,-0.108803430470686,-0,-0,-1,-0,3563.65,38.3399808
0.867634145573345,0.0413910219149604,2.01338839530945,0.0197298172861338,0.0994855239987373,-1.86451119051512,0.146630130651753,0.014496100769309,0.00172827150754878,-0.0164888800986879,-0.373050473407304,0.00623119446097802,0.952405333518982,0.72940456867218,2.08103799819946,0.0222886970474905,-0.0522560973396755,0.34830504621605,0.193550586699735,0.0625228881833663,-0.182785987853339,-0.246386912096716,0.879360319719836,0.167944976473493,-0,-0,-1,-0,3563.7,38.406706
0.87252181659507,0.0418742252739374,2.01338839530945,0.0197298172861338,0.0994855239987373,-1.86451119051512,0.146630130651753,0.014496100769309,0.00172827150754878,-0.0115422160690815,-0.261135331385113,0.00436183612268461,0.96789824962616,0.734900176525116,2.02798581123352,0.0159753485126382,-0.0461308249087231,0.344243041177606,0.154929161071918,0.0549560785294079,-0.530521869659906,-0.0631334853485807,0.0612527243095794,-0.0406200503844742,0,0,0,0,3563.8,38.4734499
0.872992778183936,0.0473832580004904,1.92021656036377,0.0168100446462631,0.0467235334217548,-1.85993164644774,0.0141288476659819,0.165270981796592,1.21170233434397,0.0181984025104787,0.292063183223263,-0.0381626113205661,0.96789824962616,0.734900176525116,2.02798581123352,0.0159753485126382,-0.0461308249087231,0.344243041177606,0.154929161071918,0.0549560785294079,-0.530521869659906,-0.0631334853485807,0.0612527243095794,-0.0406200503844742,0,0,0,0,3563.85,38.5401398
0.873463739772802,0.0528922907270435,1.92021656036377,0.0168100446462631,0.0467235334217548,-1.85993164644774,0.0141288476659819,0.165270981796592,0.373155819832859,0.0127388817573351,0.204444228256284,-0.0267138279243963,0.96789824962616,0.734900176525116,2.02798581123352,0.0159753485126382,-0.0461308249087231,0.344243041177606,0.154929161071918,0.0549560785294079,-0.530521869659906,-0.0631334853485807,0.0612527243095794,-0.0406200503844742,0,0,0,0,3563.9,38.6068206
0.873934701361668,0.0584013234535966,1.92021656036377,0.0168100446462631,0.0467235334217548,-1.85993164644774,0.0141288476659819,0.165270981796592,0.373155819832859,0.00891721723013458,0.143110959779399,-0.0186996795470774,0.96789824962616,0.734900176525116,2.02798581123352,0.0159753485126382,-0.0461308249087231,0.344243041177606,0.154929161071918,0.0549560785294079,-0.530521869659906,-0.0631334853485807,0.0612527243095794,-0.0406200503844742,0,0,0,0,3563.95,38.6735451
0.873708667799215,0.058395961833896,1.75837242603302,0.0111285028979182,0.00907232612371445,-1.87199920282897,-0.0067810068736,-0.000160848591016062,2.18980606414452,0.0573759277961983,0.439038537527943,0.0955182317480761,1.00144302845001,0.749354183673859,1.81205570697784,-0.0325310539266253,0.00986551055348732,0.353205587926203,0.13417911529541,0.0578160285949707,-0.863720417022705,-0.194025609757054,0.223985341848842,0.0358501869943866,0,0,0,0,3564.05,38.7402548
0.873482634236762,0.0583906002141955,1.75837242603302,0.0111285028979182,0.00907232612371445,-1.87199920282897,-0.0067810068736,-0.000160848591016062,0.733208855167774,0.0401631494573388,0.30732697626956,0.0668627622236533,1.00781404972076,0.75481241941452,1.79582238197327,-0.0550609302170623,0.00841038193077777,0.347608346522153,0.127420425414576,0.109164714812835,-0.324666500090372,-0.450597525807101,-0.029102572454085,-0.111944828080596,0,0,0,0,3564.1,38.8070036
0.873256600674308,0.0583852385944949,1.75837242603302,0.0111285028979182,0.00907232612371445,-1.87199920282897,-0.0067810068736,-0.000160848591016062,0.733208855167774,0.0281142046201372,0.215128883388692,0.0468039335565573,1.02325940132141,0.767331957817078,1.789177775383,-0.0221384749996501,0.00448532136660714,0.33422316868452,0.15445351600661,0.125195384025688,-0.0664460659027704,0.329224552174421,-0.039250605641742,-0.133851778376447,0,0,0,0,3564.2,38.8736866
0.875025286197897,0.0542658468632068,1.64984905719757,-0.0405941344797611,-0.032901220023632,-1.86677735910948,0.053060565707664,-0.123581751938645,1.0947299135712,0.48518367963321,0.528352133698203,-0.0142338399857517,1.03085577487946,0.776168525218964,1.79334270954132,0.00779848668123939,-0.00244253128702562,0.338363707894253,0.151927471161718,0.176731348038684,0.0832986831669585,0.598739233621057,-0.138557053073411,0.0828107841951009,0,0,0,0,3564.25,38.9404154
0.876793971721486,0.0501464551319186,1.64984905719757,-0.0405941344797611,-0.032901220023632,-1.86677735910948,0.053060565707664,-0.123581751938645,0.118019594052156,0.339628575743247,0.369846493588742,-0.00996368799002619,1.03866589069366,0.784019649028778,1.79786109924316,0.0244215776384465,-0.00600608249368865,0.340233683250644,0.156202316283611,0.157022476195718,0.0903677940365365,0.332461819142932,-0.0712710241330014,0.0373995071276916,0,0,0,0,3564.3,39.0071017
0.878562657245075,0.0460270634006305,1.64984905719757,-0.0405941344797611,-0.032901220023632,-1.86677735910948,0.053060565707664,-0.123581751938645,0.118019594052156,0.237740003020273,0.258892545512119,-0.00697458159301833,1.05382978916168,0.799517631530762,1.80723834037781,0.0423335370239811,-0.0094634560613908,0.341345634616461,0.151638984680314,0.154979825019977,0.0937724113465208,0.179119593855509,-0.0345737356770529,0.0111195136581828,0,0,0,0,3564.4,39.073772
0.87991109134478,0.0418240099908453,1.6456857919693,0.0287154521793127,0.00473188236355782,-1.86386698351439,0.0404530229911456,-0.126091602293554,0.156630069101182,-0.457368277817473,-0.157473139626225,-0.0310755874709478,1.06139516830444,0.806323409080505,1.81109297275543,0.0384514668018035,-0.00929658674550354,0.340532639818932,0.151307582854674,0.136115550994378,0.0770926475522098,-0.07764140444327,0.00333738631773308,-0.0162598959505264,0,0,0,0,3564.45,39.1404862
0.881259525444484,0.0376209565810602,1.6456857919693,0.0287154521793127,0.00473188236355782,-1.86386698351439,0.0404530229911456,-0.126091602293554,0.119160682046739,-0.320157794472231,-0.110231197738358,-0.0217529112296635,1.06852197647095,0.81321781873703,1.81477069854736,0.0356110965523062,-0.0102995355649948,0.340958221967261,0.142536163330856,0.137888193131246,0.0735545158390244,-0.0568074049902554,-0.0200589763899345,0.00851164296662969,0,0,0,0,3564.5,39.2074794
0.882607959544189,0.0334179031712751,1.6456857919693,0.0287154521793127,0.00473188236355782,-1.86386698351439,0.0404530229911456,-0.126091602293554,0.119160682046739,-0.224110456130562,-0.0771618384168504,-0.0152270378607644,1.0818464756012,0.825664699077606,1.82173192501068,0.0330856698749121,-0.0124594015958981,0.340294094350986,0.133244991302005,0.124468803405309,0.0696122646329255,-0.0252542667738487,-0.0215986603089548,-0.00664127616272851,0,0,0,0,3564.6,39.2743351
0.886354148144793,0.0325113734774824,1.63907063007355,0.0287154521793127,0.00473188236355782,-1.86386698351439,0.11238565801812,-0.0271958908137803,0.0604685705334973,-0.156877319291393,-0.0540132868917953,-0.0106589265025351,1.08870434761047,0.830555319786072,1.8249979019165,0.030915191260823,-0.0126679290393192,0.337943588297205,0.137157440186295,0.0978124141698453,0.0653195381168115,-0.04340957228202,-0.00417054886844365,-0.0470101210758823,0,0,0,0,3564.65,39.3410535
0.890100761515811,0.0316061089071887,1.63907063007355,0.0257167965173721,0.00478034419938922,-1.86353415117797,0.112398401130521,-0.0271579371088096,0.000689993497540321,-0.0828262225465101,-0.0382454573467393,-0.0104567395796066,1.09501433372498,0.835542023181915,1.82823121547699,0.0283068210081978,-0.010953632950774,0.339342061856157,0.12619972228958,0.0997340679165073,0.0646662712094815,-0.0521674050523137,0.0342859217707792,0.0279694711789395,0,0,0,0,3564.7,39.4077343
0.893847374886828,0.0307008443368951,1.63907063007355,0.0257167965173721,0.00478034419938922,-1.86353415117797,0.112398401130521,-0.0271579371088096,0.000689993497540321,-0.0579783557825571,-0.0267718201427175,-0.00731971770572462,1.10727989673615,0.8444744348526,1.83528077602386,0.0209976786607662,-0.00884098004406914,0.339442414032462,0.122655630111806,0.0893241167069294,0.0704956054688141,-0.0730914234743826,0.0211265290670675,0.00100352176305587,0,0,0,0,3564.8,39.4744578
0.897448159169412,0.0306562019733752,1.63094091415405,0.0256509631872177,0.00467407004907727,-1.86508577929076,0.108023528477504,-0.00133927090559542,0.0787629639729739,-0.0399923490764002,-0.0177838067470947,0.00884085062112949,1.11310315132141,0.847946226596832,1.83926737308502,0.0215032737634879,-0.00781364092708126,0.337674097420681,0.116465091704899,0.069435834884391,0.0797319412228545,0.0101119020543981,0.0205467823396829,-0.0353663322354904,0,0,0,0,3564.85,39.5411519
0.901048943451995,0.0306115596098554,1.63094091415405,0.0256509631872177,0.00467407004907727,-1.86508577929076,0.108023528477504,-0.00133927090559542,0.00559552069752218,-0.0279946443534801,-0.0124486647229663,0.00618859543479064,1.11888086795807,0.851369798183441,1.84275925159454,0.0206918971631334,-0.00676076599382984,0.338154701250198,0.115554332733785,0.0684714317325514,0.0698375701908108,-0.0162275320071791,0.0210574986651433,0.00961207659039092,0,0,0,0,3564.9,39.6078153
0.904649727734579,0.0305669172463355,1.63094091415405,0.0256509631872177,0.00467407004907727,-1.86508577929076,0.108023528477504,-0.00133927090559542,0.00559552069752218,-0.0195962510474361,-0.00871406530607642,0.00433201680435345,1.12973320484161,0.857420325279236,1.84908473491669,0.0200533201247303,-0.00502827851289123,0.338535240335027,0.108523368835548,0.0605052709580018,0.0632548332214931,-0.00638577038403689,0.0173248748094019,0.00380539084829614,-0,-1,-0,-0,3565,39.6746429
0.906880822946237,0.0301824720873276,1.64584839344025,0.0247267093509436,0.00242188246920705,-1.86537951098021,0.0669328563497539,-0.0115333547702371,-0.14063720500529,-0.00539909120673794,0.0141698425045785,0.00567599696812554,1.13489079475403,0.859898567199707,1.85211253166199,0.020759282261165,-0.00490833735978734,0.337874905836749,0.103151798247916,0.0495648384092435,0.0605559349057856,0.0141192427286434,0.002398823062069,-0.0132066899655122,-0,-1,-0,-0,3565.05,39.7413229
0.909111918157895,0.0297980269283197,1.64584839344025,0.0247267093509436,0.00242188246920705,-1.86537951098021,0.0669328563497539,-0.0115333547702371,-0.00646989142954539,-0.00377936384471655,0.00991888975320497,0.00397319787768788,1.1402416229248,0.862131237983704,1.855348944664,0.0325555335827294,-0.00452279347347387,0.338448011227555,0.107016563415138,0.0446534156797692,0.0647282600400477,0.235925026430429,0.0077108777262414,0.011462107816072,-0,-1,-0,-0,3565.1,39.8080244
0.911343013369554,0.0294135817693118,1.64584839344025,0.0247267093509436,0.00242188246920705,-1.86537951098021,0.0669328563497539,-0.0115333547702371,-0.00646989142954539,-0.00264555469130159,0.00694322282724348,0.00278123851438151,1.15114998817444,0.862299203872681,1.86056900024414,0.0878381217405372,0.012206643235096,0.336679053688038,0.109083652496437,0.00167965888977204,0.0522005558014391,0.552825881578581,0.167294367085851,-0.0176895753951822,-0,-1,-0,-0,3565.2,39.8747558
0.913074792919313,0.0297134659113627,1.64501571655273,0.0659599974751472,0.000534031540155411,-1.86457508669432,0.0519533864927719,0.00899652426152782,0.0101388532591539,-0.372951481401744,0.0218509143405352,-0.00529295161293099,1.15683233737946,0.860026657581329,1.86286950111389,0.105543432697058,0.0176879877535186,0.336428146773892,0.113646984100962,-0.0454509258272744,0.0460100173952706,0.354106219132338,0.109626890369049,-0.00501813828295135,-0,-1,-0,-0,3565.25,39.9414841
0.914806572469072,0.0300133500534137,1.64501571655273,0.0659599974751472,0.000534031540155411,-1.86457508669432,0.0519533864927719,0.00899652426152782,0.00264476127154404,-0.261066036981221,0.0152956400383746,-0.00370506612905169,1.16326117515564,0.856060683727264,1.86516630649567,0.11823776596787,0.018991786683496,0.336612096336698,0.128576755523214,-0.0793194770810103,0.0459361076353309,0.253886665415321,0.0260759785994543,0.00367899125609521,0,0,0,0,3565.3,40.0081836
0.916538352018831,0.0303132341954646,1.64501571655273,0.0659599974751472,0.000534031540155411,-1.86457508669432,0.0519533864927719,0.00899652426152782,0.00264476127154404,-0.182746225886855,0.0107069480268622,-0.00259354629033618,1.17698955535889,0.840761959552765,1.86887502670288,0.121521821654311,0.0156126483855838,0.336395275836832,0.137283802032596,-0.152987241745134,0.0370872020721773,0.0328405568644411,-0.0337913829791536,-0.00216820499865797,0,0,0,0,3565.4,40.0748946
0.918261278850342,0.0306174399215789,1.66420221328735,0.119321450591087,0.000313322991132736,-1.86356872187194,0.0516878049453227,0.00912617178342856,-0.168281787928642,-0.608175436164259,0.00948124056000764,-0.0108727658047246,1.18426728248596,0.829850971698761,1.87015283107758,0.105188621726734,0.0107600772495111,0.335273474246553,0.145554542540974,-0.218219757079284,0.0255560874938035,-0.326663998550355,-0.0970514227211009,-0.0224360318054978,0,0,0,0,3565.45,40.1416297
0.919984205681853,0.0309216456476932,1.66420221328735,0.119321450591087,0.000313322991132736,-1.86356872187194,0.0516878049453227,0.00912617178342856,0.00439668268293007,-0.425722805314981,0.00663686839200534,-0.00761093606330721,1.19204187393188,0.817417562007904,1.87066125869751,0.0818462880029696,0.00488589702350036,0.338259759578627,0.155491828919306,-0.248668193818496,0.0101685523987371,-0.466846674477829,-0.117483604520855,0.0597257066417984,0,0,0,0,3565.5,40.2083354
0.921707132513363,0.0312258513738074,1.66420221328735,0.119321450591087,0.000313322991132736,-1.86356872187194,0.0516878049453227,0.00912617178342856,0.00439668268293007,-0.298005963720487,0.00464580787440374,-0.00532765524431505,1.20766997337341,0.789182245731354,1.8701479434967,0.0473777200831884,-0.00386506351422486,0.336756721681664,0.156280994414715,-0.282353162764476,-0.00513315200803797,-0.344685679196558,-0.0875096053769338,-0.0150303789695708,0,0,0,0,3565.6,40.2750509
0.920300603130328,0.0414627104791316,1.66420221328735,0.119321450591087,0.000313322991132736,-1.86356872187194,-0.0421958814910577,0.307105773159723,-0.00348751887577801,-0.208604174604341,0.00325206551208262,-0.00372935867102053,1.21561074256897,0.774050951004028,1.86914455890656,0.0451904626428553,-0.00305726081719827,0.337050120861982,0.158815383911999,-0.30262589454816,-0.020067691803088,-0.043745148806902,0.0161560539406199,0.00586798360639889,0,0,0,0,3565.65,40.3417232
0.918894073747293,0.0516995695844557,1.66420221328735,0.119321450591087,0.000313322991132736,-1.86356872187194,-0.0421958814910577,0.307105773159723,-0.00348751887577801,-0.146022922223039,0.00227644585845783,-0.00261055106971437,1.22336494922638,0.758223831653595,1.8689728975296,0.0403652263560016,-0.00561397590111833,0.337041195678796,0.155084133147629,-0.316542387007515,-0.00343322753905001,-0.0965047257367223,-0.0511343016782152,-0.000178503663737412,0,0,0,0,3565.7,40.408446
0.917485807620115,0.0619369329397572,1.67425680160522,0.0529449842870235,-0.00057804404059425,-1.86356133089598,-0.0422479838153443,0.307120900659048,-0.0881559180951647,0.495172151180447,0.00961581538646336,-0.0018939045323694,1.2394779920578,0.726215004920959,1.86521875858307,0.0310180791925015,-0.00525207264777188,0.336123939668666,0.161130428314356,-0.320088267326646,-0.0375413894653662,-0.0934714716350865,0.00361903253346784,-0.00917256010130209,0,0,0,0,3565.8,40.475123
0.918614127771165,0.0735900381910967,1.67845571041107,0.0332295931875706,-0.00262333755381405,-1.86395639048155,0.033849604531493,0.349593157540183,-0.0187882539133782,0.52405902572139,0.0251387123895026,0.00222980309748302,1.24669110774994,0.709814310073853,1.86298418045044,0.0264342567720306,-0.00717461644325217,0.338887890909287,0.144262313842249,-0.328013896940945,-0.0446915626524253,-0.0916764484090828,-0.0384508759094659,0.0552790248122224,0,0,0,0,3565.85,40.5418575
0.919742447922214,0.0852431434424361,1.67845571041107,0.0332295931875706,-0.00262333755381405,-1.86395639048155,0.033849604531493,0.349593157540183,0.0190019253392463,0.366841318004973,0.0175970986726518,0.00156086216823812,1.25430023670197,0.693538069725037,1.86046230792999,0.023361661118762,-0.00777774105848986,0.339877898461511,0.152182579041358,-0.325524806978095,-0.0504374504092108,-0.0614519130657089,-0.0120624923048197,0.0198001510445892,0,0,0,0,3565.9,40.6085681
0.920870768073264,0.0968962486937755,1.67845571041107,0.0332295931875706,-0.00262333755381405,-1.86395639048155,0.033849604531493,0.349593157540183,0.0190019253392463,0.256788922603481,0.0123179690708563,0.00109260351776668,1.26884543895721,0.661232709884644,1.85486435890198,0.0138470564874669,-0.00418798242309593,0.339390661206027,0.145452022552623,-0.323053598404224,-0.0559794902802023,-0.0951460463130375,0.035897586353972,-0.00487237255485106,0,0,0,0,3566,40.6752481
0.922095112830193,0.105126417974567,1.68134319782257,0.0332295931875706,-0.00262333755381405,-1.86395639048155,0.0367303427078519,0.246905078423758,0.00162583958512815,0.179752245822437,0.00862257834959939,0.000764822462436677,1.27570819854736,0.645207583904266,1.85190343856812,0.0170951028290127,-0.00447404176213732,0.338794860897605,0.137255191802479,-0.320502519606378,-0.0592184066770307,0.0649609268306802,-0.00572118678080703,-0.0119160061683842,0,0,0,0,3566.05,40.7419754
0.923319457587121,0.113356587255359,1.68134319782257,0.0332295931875706,-0.00262333755381405,-1.86395639048155,0.0367303427078519,0.246905078423758,0.0276132262886194,0.125826572075706,0.00603580484471957,0.000535375723705674,1.28257131576538,0.629148185253143,1.84938013553619,0.0175646648256638,-0.00543099101362108,0.338660115262897,0.137262344359852,-0.321187973021292,-0.0504660606382441,0.00939123993298712,-0.0191389850296055,-0.00269491269414909,0,0,0,0,3566.1,40.808672
0.924573142980934,0.121576714676128,1.68134319782257,0.0213752314448357,-0.000132269226014614,-1.86578649149474,0.037610561814375,0.246603822623072,0.0283421236326399,0.194767856137608,-0.0181945515588913,0.0168456721252463,1.29611277580261,0.597368776798248,1.84477555751801,0.0151743246396691,-0.00538296990479359,0.340048136261625,0.135414600372438,-0.317794084549239,-0.0460457801819266,-0.0239034018599687,0.000480211088275329,0.013880209987293,0,0,0,0,3566.2,40.8753407
0.92553837983627,0.131380128943819,1.6637989282608,0.0201388150453568,-7.27642327547073e-06,-1.86769765482482,0.0289571056600961,0.29410242803071,0.190973822297251,0.147465246891636,-0.0138611213158762,0.0289924404583755,1.30280530452728,0.581789970397949,1.843297123909,0.0146892689755013,-0.00547106633219278,0.34015301031006,0.133850574494139,-0.311576128007682,-0.0295686721803371,-0.00970111328340822,-0.00176192854799355,0.00209748096870833,0,0,0,0,3566.25,40.9420654
0.926503616691607,0.141183543211509,1.6637989282608,0.0201388150453568,-7.27642327547073e-06,-1.86769765482482,0.0289571056600961,0.29410242803071,0.0330753962413426,0.103225672824145,-0.00970278492111332,0.0202947083208629,1.30922722816467,0.566256880760193,1.84228682518005,0.0171663973562202,-0.00458759802317235,0.340456200428675,0.128438472747335,-0.310661792753997,-0.0202059745787839,0.0495425676141978,0.0176693661803444,0.00606380237226493,0,0,0,0,3566.3,41.0087685
0.927468853546943,0.150986957479199,1.6637989282608,0.0201388150453568,-7.27642327547073e-06,-1.86769765482482,0.0289571056600961,0.29410242803071,0.0330753962413426,0.0722579709769016,-0.00679194944477932,0.014206295824604,1.32230758666992,0.535593688488007,1.8403252363205,0.0194378442486085,-0.0038238362230674,0.341900608788882,0.130803585052609,-0.306631922722142,-0.0196158885955989,0.022714468923904,0.00763761800105644,0.0144440836020896,0,0,0,0,3566.4,41.0754248
0.928448192570364,0.160790290767401,1.66784143447876,0.0214838590472937,-0.000587698130402714,-1.86931532488402,0.0293801707026233,0.294099998646039,-0.00347984170773501,0.0384751836663989,0.000469430752799664,0.0245034376100597,1.32831585407257,0.520302474498749,1.83931493759155,0.0180846412590269,-0.00373998609187889,0.342287190180383,0.120165348052541,-0.305824279784044,-0.0202059745787839,-0.0270640597915339,0.00167700262376415,0.00773162782998512,0,0,0,0,3566.45,41.1421194
0.929427531593785,0.170593624055602,1.66784143447876,0.0214838590472937,-0.000587698130402714,-1.86931532488402,0.0293801707026233,0.294099998646039,0.0329027142538739,0.0269326285664792,0.000328601526959764,0.0171524063270418,1.33421301841736,0.504836201667786,1.83826434612274,0.0168187134467242,-0.00613117557252196,0.341526879274304,0.117943286896396,-0.309325456620951,-0.0210118293763354,-0.0253185562461932,-0.0478237896131225,-0.0152062181216614,0,0,0,0,3566.5,41.2088422
0.930406870617205,0.180396957343803,1.66784143447876,0.0214838590472937,-0.000587698130402714,-1.86931532488402,0.0293801707026233,0.294099998646039,0.0329027142538739,0.0188528399965355,0.000230021068871835,0.0120066844289293,1.34608840942383,0.47491255402565,1.83532810211182,0.0175951022646452,-0.00694753066420029,0.342936703987633,0.118753910064265,-0.299236476420268,-0.0293624401091461,0.00776388817918173,-0.0081635509167536,0.0140982471332344,0,0,0,0,3566.6,41.2755886
0.930988679746548,0.187933509907842,1.66784143447876,0.0214838590472937,-0.000587698130402714,-1.86931532488402,0.0174542738802721,0.226096576921174,0.0152006293064398,0.0131969879975748,0.000161014748210285,0.00840467910025048,1.3517678976059,0.460179656744003,1.83378374576569,0.0181117066424131,-0.0056424257901703,0.343263454020284,0.113589763641977,-0.294657945634543,-0.030887126922776,0.0103320875554154,0.0261020974807422,0.00653500065307191,0,0,0,0,3566.65,41.3422576
0.93157048887589,0.195470062471882,1.66784143447876,0.0214838590472937,-0.000587698130402714,-1.86931532488402,0.0174542738802721,0.226096576921174,0.0152006293064398,0.00923789159830237,0.000112710323747199,0.00588327537017534,1.35741114616394,0.445365965366364,1.83188045024872,0.0189999528792346,-0.00488902182566883,0.342991490720919,0.112864971160478,-0.296273827551718,-0.038065910339217,0.0177649247363643,0.0150680792899747,-0.00543926598729391,0,0,0,0,3566.7,41.4089797
0.932149151603,0.203007236261334,1.66373980045319,0.0201658364385366,-0.00142094912007451,-1.86875241861876,0.0173598818132966,0.226115213683563,0.0520322376212368,0.0183287275976248,0.00757815613366921,-0.000947863628206365,1.36845588684082,0.416421443223953,1.82698631286621,0.0185987938730741,-0.00294585171323968,0.342104904557432,0.110447406768899,-0.289445221424366,-0.0489413738251178,-0.00401159006160834,0.0194317011243092,-0.0088658616348772,0,0,0,0,3566.8,41.4757025
0.932803454435223,0.208992450338943,1.6726096868515,0.0211214851588011,-0.00124920008238405,-1.86929195986327,0.0196290849666799,0.179556422328287,-0.0662893938772581,0.00422927083595747,0.0037589679543543,0.00419236666081707,1.37355804443359,0.402074337005615,1.82437777519226,0.0182273483789403,-0.00394445878284953,0.342617193822289,0.102043151855098,-0.286942124365716,-0.0521707534788141,-0.00742890988264831,-0.0199721413921243,0.0102457852971132,0,0,0,0,3566.85,41.5425191
0.933457757267445,0.214977664416553,1.6726096868515,0.0211214851588011,-0.00124920008238405,-1.86929195986327,0.0196290849666799,0.179556422328287,0.0135395837075808,0.00296048958517023,0.00263127756804801,0.00293465666257195,1.37896299362183,0.388027787208557,1.82178854942322,0.017574341944067,-0.00424616222157248,0.342253198975195,0.108098983765238,-0.280930995942695,-0.051784515381142,-0.0130601286975376,-0.00603406877449208,-0.00727989694193607,0,0,0,0,3566.9,41.6092627
0.934112060099668,0.220962878494162,1.6726096868515,0.0211214851588011,-0.00124920008238405,-1.86929195986327,0.0196290849666799,0.179556422328287,0.0135395837075808,0.00207234270961916,0.00184189429763361,0.00205425966380036,1.38950181007385,0.360349297523499,1.81741678714752,0.0176144848525684,-0.00477589962816616,0.343717719855404,0.10538816452036,-0.276784896850838,-0.0437176227569978,0.00040142908501446,-0.00529737406594156,0.0146452088021071,1,-0,-0,-0,3567,41.6759328
0.933866719266755,0.229147406251671,1.65601825714111,0.0211214851588011,-0.00124920008238405,-1.86929195986327,-0.00736022498738473,0.245535832725255,0.169482401112659,0.00145063989673341,0.00128932600834352,0.00143798176466025,1.3946681022644,0.346747934818268,1.81530177593231,0.0170670218416201,-0.00294988110101472,0.343780669763552,0.103325843810659,-0.272027254103625,-0.0423002243040453,-0.010949260218926,0.036520370542896,0.0012589981629639,1,-0,-0,-0,3567.05,41.7426469
0.933621378433842,0.237331934009179,1.65601825714111,0.0211214851588011,-0.00124920008238405,-1.86929195986327,-0.00736022498738473,0.245535832725255,0.0201595337191652,0.00101544792771339,0.000902528205840467,0.00100658723526218,1.40023458003998,0.333643078804016,1.81319844722748,0.0111766913669253,0.0112351241713356,0.343907969706292,0.11132955551107,-0.262097120284081,-0.0420665740965267,-0.117806609493468,0.283700105445973,0.00254599885477897,1,-0,-0,-0,3567.1,41.8093822
0.933394548668174,0.245516208358726,1.65601825714111,0.0192545205354691,-0.00102213979698718,-1.87134951220091,-0.00680489297005605,0.245528230486399,0.020300014024437,0.0175134951593876,-0.00141177282448354,0.0192225821035019,1.41363430023193,0.308998912572861,1.80837774276733,-0.00430530110358948,0.0663072951720453,0.345631095428249,0.133997201919678,-0.246441662311778,-0.0482070446014843,-0.154819924705288,0.550721710007598,0.0172312572195933,0,0,0,0,3567.2,41.8761137
0.933144377687086,0.253883230185972,1.64779043197632,0.0172581374645233,-0.0554035827517509,-1.87247246370848,-0.00750512943264339,0.25101065481739,0.0780942006795894,0.030226894250083,0.488444745615735,0.0235623710405666,1.42211651802063,0.297195643186569,1.80622363090515,-0.000560377535501797,0.0822025215570596,0.347251944292474,0.169644355774852,-0.236065387727118,-0.0430822372438874,0.0748984713621624,0.31790452770202,0.0324169772846687,0,0,0,0,3567.25,41.9428104
0.932894206705998,0.262250252013219,1.64779043197632,0.0172581374645233,-0.0554035827517509,-1.87247246370848,-0.00750512943264339,0.25101065481739,0.0040437741964351,0.0211588259750581,0.341911321931015,0.0164936597283966,1.43188345432281,0.285912364721298,1.80503761768341,0.00638419166988806,0.0750160377837964,0.346606362387835,0.195338726042991,-0.225665569304599,-0.0237202644347282,0.138891384107292,-0.14372967546474,-0.0129116380927393,0,0,0,0,3567.3,42.0095073
0.932644035724909,0.270617273840465,1.64779043197632,0.0172581374645233,-0.0554035827517509,-1.87247246370848,-0.00750512943264339,0.25101065481739,0.0040437741964351,0.0148111781825407,0.23933792535171,0.0115455618098776,1.45483243465424,0.264591813087463,1.80444574356079,0.0214108074160591,0.0238611742175243,0.345018256808432,0.229489803314418,-0.213205516338542,-0.00591874122620167,0.150266157461847,-0.511548635663186,-0.0158810557940392,0,0,0,0,3567.4,42.0762219
0.932393591525491,0.27898178233162,1.63388681411743,0.0261905547231436,-0.0411434061825275,-1.8732320653015,-0.00751332598256427,0.25093525473465,0.131034823424207,-0.0700239305998039,0.0391949586231866,0.0149183076040725,1.46780061721802,0.25415500998497,1.80426287651062,0.0170129795056426,0.0122839352633392,0.342540616935894,0.259363651274691,-0.208736062049106,-0.00365734100340466,-0.0879565582080091,-0.23154477908286,-0.0495527974505801,0,0,0,0,3567.45,42.1429595
0.932143147326072,0.287346290822775,1.63388681411743,0.0261905547231436,-0.0411434061825275,-1.8732320653015,-0.00751332598256427,0.25093525473465,0.00590226269422663,-0.0490167514198627,0.0274364710362306,0.0104428153228508,1.48095834255219,0.243812322616577,1.80349111557007,0.0136613239347331,0.00505875238845963,0.342640368937152,0.263154506684786,-0.206853747368988,-0.0154352188111194,-0.0670331114185564,-0.144503657498379,0.00199504002517537,0,0,0,0,3567.5,42.2097105
0.931892703126653,0.29571079931393,1.63388681411743,0.0261905547231436,-0.0411434061825275,-1.8732320653015,-0.00751332598256427,0.25093525473465,0.00590226269422663,-0.0343117259939039,0.0192055297253614,0.00730997072599554,1.50873231887817,0.225120976567268,1.80295181274414,0.0107829086347706,-0.000887885328197629,0.34524928823196,0.277739763258877,-0.186913460492408,-0.00539302825925772,-0.0287841529995198,-0.0594663771663562,0.0260891929479756,-0.625019074068422,-0,-0,-0,3567.6,42.2764072
0.931642258927234,0.304075307805085,1.63388681411743,0.0261905547231436,-0.0411434061825275,-1.8732320653015,-0.00751332598256427,0.25093525473465,0.00590226269422663,-0.0240182081957327,0.013443870807753,0.00511697950819688,1.52252924442291,0.215841725468636,1.80196571350098,0.0163075752352724,-0.000192000791586289,0.345043435055815,0.275938510896281,-0.185585021973669,-0.0197219848633889,0.110493332010638,0.0139176907323027,-0.00411706352291845,-1,-0,-0,-0,3567.65,42.3430761
0.931391814727816,0.31243981629624,1.63388681411743,0.0261905547231436,-0.0411434061825275,-1.8732320653015,-0.00751332598256427,0.25093525473465,0.00590226269422663,-0.0168127457370129,0.0094107095654271,0.00358188565573781,1.53568387031555,0.206441447138786,1.8005336523056,0.0256044637062539,-0.0129141779695496,0.344145592114184,0.263092517851826,-0.188005566596301,-0.0286412239073665,0.185937769418954,-0.254443543558341,-0.0179568588325542,-1,-0,-0,-0,3567.7,42.4097842
0.938297154453356,0.319401166731243,1.63480341434479,0.0160677153617144,-0.0116797769442201,-1.87124222384032,0.207160191766206,0.208840513050079,-0.0024512214920621,0.0793366322369539,-0.258585166448968,-0.0154012531916183,1.55937170982361,0.187518119812012,1.79841697216034,0.0404412856687849,-0.0681684069350132,0.347567449023193,0.236878395080782,-0.189233273267918,-0.021166801452656,0.148368219625445,-0.552542289655138,0.0342185690901226,-1,-0,-0,-0,3567.8,42.4764991
0.942592127648379,0.324739347285126,1.62638199329376,0.0160677153617144,-0.0116797769442201,-1.87124222384032,0.128849195850702,0.160145416616511,0.101697726134355,0.0555356425658677,-0.181009616514278,-0.0107808772341328,1.56893837451935,0.177517130970955,1.79670071601868,0.042054945727617,-0.0859964214266608,0.346271295181834,0.191333293914099,-0.200019776820409,-0.0343251228331271,0.0322732011765242,-0.356560289831655,-0.0259230768270769,-0.703146458326975,-0,-0,-0,3567.85,42.5433877
0.946887100843402,0.33007752783901,1.62638199329376,0.0160677153617144,-0.0116797769442201,-1.87124222384032,0.128849195850702,0.160145416616511,0.0259049366751268,0.0388749497961074,-0.126706731559994,-0.00754661406389296,1.57661426067352,0.166932582855225,1.79540467262268,0.0409419274763511,-0.0937617051768022,0.343145229538011,0.153517723084334,-0.211690962315761,-0.0259208679200633,-0.0222603650254407,-0.155305675003676,-0.0625213128768113,0,0,0,0,3567.9,42.6103961
0.951141246662383,0.33532607761692,1.62638199329376,0.0230307932943106,0.0560195744037628,-1.8707153187805,0.127624374569422,0.157456493337309,0.0352626581207971,-0.0354552365360907,-0.697988874223842,-0.0100247753830552,1.58605301380157,0.144541159272194,1.79281806945801,0.041118295122592,-0.0933102429983352,0.344412879247051,0.0943875312806034,-0.223914235830511,-0.025866031646752,0.00176367646241148,0.00451462178467471,0.0126764970904168,0,0,0,0,3568,42.6771068
0.947951891862249,0.337769709715808,1.64427185058594,0.0230307932943106,0.0560195744037628,-1.8707153187805,-0.095680644004016,0.0733089629666387,-0.177185226091208,-0.0248186655752635,-0.488592211956689,-0.00701734276813861,1.58798789978027,0.132912993431091,1.79134094715118,0.0345019440613272,-0.0775334413428878,0.341855148606704,0.0386977195738338,-0.232563316821206,-0.0295424461363671,-0.132327021224816,0.315536033107799,-0.0511546128067601,0,0,0,0,3568.05,42.743783
0.944762537062116,0.340213341814696,1.64427185058594,0.0230307932943106,0.0560195744037628,-1.8707153187805,-0.095680644004016,0.0733089629666387,-0.0161765104616302,-0.0173730659026844,-0.342014548369683,-0.00491213993769702,1.58877551555634,0.121155090630054,1.78820943832397,0.0295167626729066,-0.0521112107645364,0.342105873926471,0.0157523155211829,-0.235158056019881,-0.0626301765439616,-0.0997036277680482,0.508444611565178,0.00501450639532838,0,0,0,0,3568.1,42.8104914
0.941575386106199,0.342678617610492,1.64427185058594,0.0197872705757618,0.0917228758335114,-1.86961239443358,-0.0956145286774967,0.073958273873862,-0.0148668052163835,0.0170305583350599,-0.560739896726515,-0.0133648170787024,1.5864132642746,0.0967255458235741,1.782222032547,0.0256235020400629,-0.0189386503739233,0.341977852574096,-0.0236225128174043,-0.244295448065026,-0.0598740577698298,-0.0389326063284732,0.331725603906432,-0.00128021352375834,0,0,0,0,3568.2,42.8771676
0.934085138049356,0.345829635080359,1.63353157043457,0.0197872705757618,0.0917228758335114,-1.86961239443358,-0.224707441705298,0.094530524096032,0.0948662277033964,0.0119213908345419,-0.39251792770856,-0.00935537195509166,1.58413445949554,0.0842055529356003,1.77962327003479,0.0269319292817857,-0.0167393381907691,0.341248882849241,-0.0455760955813034,-0.250399857760842,-0.0519752502444243,0.0261685448345988,0.043986243663324,-0.0145793944971647,1,-0,-0,-0,3568.25,42.944204
0.926594889992512,0.348980652550227,1.63353157043457,0.0197872705757618,0.0917228758335114,-1.86961239443358,-0.224707441705298,0.094530524096032,-0.00179629365890832,0.00834497358417934,-0.274762549395992,-0.00654876036856416,1.58191001415253,0.0715571939945221,1.77827119827271,0.0274233706656093,-0.0171891900657542,0.340583918351133,-0.0444889068601897,-0.252967178820643,-0.0270414352416008,0.00982882767643777,-0.00899703749966835,-0.0132992899621258,1,-0,-0,-0,3568.3,43.011106
0.919104100059721,0.352125377685551,1.63353157043457,0.0267338082194328,0.0228050872683525,-1.86965578661498,-0.224723697983743,0.0943417540597238,-0.00413725415545082,-0.0566773572841138,0.427926312509235,-0.00419360262542655,1.57729768753052,0.0460195913910866,1.77264416217804,0.00763747567382306,0.0132883627186345,0.340552838850011,-0.0461232662201347,-0.255376026034587,-0.0562703609467064,-0.197858949918043,0.304775527844164,-0.000310795011216064,1,-0,-0,-0,3568.4,43.0777538
0.91161331012693,0.355270102820875,1.61985456943512,0.0267338082194328,0.0228050872683525,-1.86965578661498,-0.224723697983743,0.0943417540597238,0.118955754839605,-0.0396741500988797,0.299548418756465,-0.00293552183779859,1.5760213136673,0.0337774306535721,1.77001571655273,-0.00319904057893681,0.0464273115293983,0.340907100422494,-0.0255274772643114,-0.244843214749399,-0.0525689125059123,-0.216730325054409,0.662778976212866,0.00708523144964033,1,-0,-0,-0,3568.45,43.1445777
0.904122520194138,0.358414827956199,1.61985456943512,0.0267338082194328,0.0228050872683525,-1.86965578661498,-0.224723697983743,0.0943417540597238,-0.00413725415545082,-0.0277719050692158,0.209683893129525,-0.00205486528645901,1.57575261592865,0.0221730023622513,1.76730811595917,-0.00775902086929197,0.0693762609349411,0.340631907633767,-0.00537395477297854,-0.232088565827683,-0.0541520118716334,-0.091199605807601,0.458978988113361,-0.00550385577457352,1,-0,-0,-0,3568.5,43.2112656
0.896624692373705,0.361544642620348,1.61985456943512,0.0195058472454548,-0.00906175468116999,-1.8683983670288,-0.224934834612983,0.0938944399244472,-0.00344309750678208,0.0456113152173514,0.43358030273637,-0.0127551819761561,1.58022689819336,0.000745758414268494,1.76197147369385,-0.0013525858517464,0.0859845551514058,0.338675336218162,0.044742822646932,-0.214272439479048,-0.0533664226530041,0.0640643501752226,0.166082942164042,-0.0195657141559773,1,-0,-0,-0,3568.6,43.2779413
0.889126864553273,0.364674457284496,1.61985456943512,0.0195058472454548,-0.00906175468116999,-1.8683983670288,-0.224934834612983,0.0938944399244472,-0.00344309750678208,0.0319279206521459,0.303506211915459,-0.00892862738330925,1.58540773391724,-0.00949562340974808,1.75958657264709,-0.00166800650451923,0.0863205625345931,0.338269967961049,0.103616714478104,-0.204827636481449,-0.0476980209353189,-0.00630841305549108,0.00672014766378352,-0.00810736514231453,0.476577043977172,-0,-0,-0,3568.65,43.3446902
0.88162903673284,0.367804271948644,1.6206351518631,0.0195058472454548,-0.00906175468116999,-1.8683983670288,-0.224934834612983,0.0938944399244472,-0.0104683393585887,0.0223495444565022,0.212454348340821,-0.00625003916831648,1.59315705299377,-0.0191434286534786,1.75734233856201,-0.00636335708257058,0.0922469018340671,0.338866945622998,0.154986381530198,-0.192956104873909,-0.0448846817014969,-0.0939070115606853,0.118526785989049,0.011939553238942,0,0,0,0,3568.7,43.4113722
0.881537580365735,0.371481338981904,1.6206351518631,0.0223834943026304,-0.0934619978070259,-1.86862939463195,-0.00274369101314138,0.110312010997785,-0.00145230783844363,-0.0102541423950292,0.908320231971278,-0.00229577898947681,1.61479270458221,-0.0360282175242901,1.754350066185,0.000619910868451993,0.0769689099515201,0.339189590612713,0.216356515884596,-0.168847888708268,-0.0299227237701688,0.0698326795102893,-0.152779918825609,0.00322644989715586,0,0,0,0,3568.8,43.4780432
0.888411054008912,0.376485467188138,1.61032247543335,0.0223834943026304,-0.0934619978070259,-1.86862939463195,0.206204209295312,0.150123846187045,0.0882925993739088,-0.00717789967652045,0.635824162379895,-0.00160704529263376,1.62811458110809,-0.0442023426294327,1.75266933441162,0.0110180515082586,0.0543956493052874,0.337130239366948,0.266437530516609,-0.163482502102257,-0.033614635467407,0.207962812795375,-0.451465212923011,-0.0411870249151536,0,0,0,0,3568.85,43.544783
0.895284527652089,0.381489595394373,1.61032247543335,0.0223834943026304,-0.0934619978070259,-1.86862939463195,0.206204209295312,0.150123846187045,-0.00452148849382799,-0.00502452977356432,0.445076913665926,-0.00112493170484363,1.64296054840088,-0.0518112853169441,1.75114345550537,0.0167572824447627,0.0320142743725287,0.335381711110777,0.296919345857333,-0.152178853751059,-0.0305175781251665,0.114784618730709,-0.447627498657617,-0.0349705651236197,0,0,0,0,3568.9,43.611472
0.902156268859675,0.386495720176479,1.61032247543335,0.0209972336888313,-0.0937071442604065,-1.86821478472289,0.206152236227564,0.15018374346316,-0.00470439490292696,0.00895917468269684,0.313760157646574,-0.0045189413749091,1.67509186267853,-0.0662598460912704,1.74775397777557,0.0136014234500513,0.0147637520285899,0.335234549247308,0.321313142776781,-0.144485607743395,-0.0338947772980045,-0.0315585899471425,-0.172505223439545,-0.00147161863468993,0,0,0,0,3569,43.6781869
0.91186223202334,0.392587146759776,1.61032247543335,0.0209972336888313,-0.0937071442604065,-1.86821478472289,0.291178894909951,0.182742797498907,-0.00660468806922894,0.00627142227788779,0.219632110352602,-0.00316325896243637,1.6916002035141,-0.0734107568860054,1.74571025371552,0.0131395804602956,0.0101479438122662,0.334749811970719,0.330166816710225,-0.143018215894179,-0.0408744812010232,-0.00923685979508164,-0.0923161643261387,-0.00969474553174336,0,0,0,0,3569.05,43.7449758
0.921568195187005,0.398678573343072,1.61315441131592,0.0209972336888313,-0.0937071442604065,-1.86821478472289,0.291178894909951,0.182742797498907,-0.0320921110123442,0.00438999559452145,0.153742477246821,-0.00221428127370546,1.70835447311401,-0.0801330208778381,1.74361848831177,0.0144089612410027,0.00560230425917014,0.333477767121164,0.335085391997072,-0.134445279836166,-0.041835308074799,0.0253876156140502,-0.0909127910615909,-0.0254408969910143,0,0,0,0,3569.1,43.8116874
0.93127410125143,0.404770568816087,1.61315441131592,0.0204683542251587,-0.0218009632080793,-1.86815899477538,0.291177181932751,0.182759864190433,0.00640734959466176,0.00783291208921876,-0.53953589539817,-0.00205210641918171,1.74183988571167,-0.093218982219696,1.74040043354034,0.0187678335894636,-0.000241933334745537,0.331514404666108,0.334854125976867,-0.130859613418698,-0.0321805477142627,0.043588723484649,-0.0584423759392099,-0.0196336245505758,0,0,0,0,3569.2,43.8784169
0.939953978837979,0.407911772747809,1.59637677669525,0.0204683542251587,-0.0218009632080793,-1.86815899477538,0.26039632759648,0.0942361179516673,0.156763870155403,0.00548303846245313,-0.377675126778719,-0.0014364744934272,1.75821542739868,-0.100148320198059,1.73971927165985,0.0188985096984788,-0.00214614593716425,0.331646010361966,0.327510833742022,-0.138586759568017,-0.0136232376099376,0.00261352218031846,-0.038084252048582,0.00263211391716915,0,0,0,0,3569.25,43.9453024
0.948633856424528,0.411052976679531,1.59637677669525,0.0204683542251587,-0.0218009632080793,-1.86815899477538,0.26039632759648,0.0942361179516673,0.00576515856940433,0.00383812692371719,-0.264372588745103,-0.00100553214539904,1.77499032020569,-0.106823921203613,1.73906672000885,0.0192051124629809,-0.00183978813273432,0.330558066740303,0.335497856138916,-0.133512020110598,-0.0130510330199721,0.00613205529001997,0.00612715608857622,-0.021758872433166,0,0,0,0,3569.3,44.012011
0.957308226153878,0.414201620545875,1.59637677669525,0.0188365839421749,-0.00559140415862203,-1.86670201883849,0.260231091880486,0.0944593159903216,0.00739951702653394,0.0173726213934561,-0.330946843566688,-0.0138166559337862,1.8079891204834,-0.120518423616886,1.73995244503021,0.0187454495014278,-0.00286457863062547,0.328992105588212,0.3299880027774,-0.136945024132853,0.0088572502136311,-0.00459662961553567,-0.0102479049789208,-0.0156596115209288,0,0,0,0,3569.4,44.0786761
0.965982595883228,0.41735026441222,1.58310377597809,0.0188365839421749,-0.00559140415862203,-1.86670201883849,0.260231091880486,0.0944593159903216,0.126856523481002,0.0121608349754192,-0.231662790496682,-0.00967165915365032,1.82379257678986,-0.127164587378502,1.74083638191223,0.0184099588993646,-0.00313819402422252,0.331109153534128,0.316069126128001,-0.132923275231831,0.0176787376403165,-0.00670981204124019,-0.00547230787192111,0.0423409589181592,0,0,0,0,3569.45,44.1453857
0.974656965612577,0.420498908278564,1.58310377597809,0.0188365839421749,-0.00559140415862203,-1.86670201883849,0.260231091880486,0.0944593159903216,0.00739951702653394,0.00851258448279347,-0.162163953347677,-0.00677016140755522,1.83970987796783,-0.134238034486771,1.74130463600159,0.0181667081268423,-0.00196701415110305,0.331318852518272,0.318346023561308,-0.141468942166147,0.00936508178716048,-0.0048650154504713,0.0234235974625173,0.00419397968290893,0,0,0,0,3569.5,44.2121012
0.983324669681109,0.423660598341737,1.58310377597809,0.0206094365566969,6.36754557490349e-05,-1.86499088869628,0.260031122055967,0.0948507018951965,0.0083321757664312,-0.0099968643927424,-0.164410483872714,-0.0201392842651959,1.87097668647766,-0.148182928562164,1.74202561378479,0.0186773510937707,-0.00139778592732969,0.331717765372664,0.312668085097129,-0.139448940753429,0.00720977783200502,0.00510642966926508,0.00569228223771292,0.00398912854390857,-0,-0,-0.687520981475265,-0,3569.6,44.2787915
0.991992373749642,0.42682228840491,1.58310377597809,0.0206094365566969,6.36754557490349e-05,-1.86499088869628,0.260031122055967,0.0948507018951965,0.0083321757664312,-0.00699780507491968,-0.115087338710899,-0.0140974989856371,1.88666009902954,-0.155169889330864,1.74216330051422,0.0186152476718248,0.000757416630804093,0.33009492506554,0.313668251039309,-0.139739215374755,0.00275373458863807,-0.00124206843892379,0.0431040511629108,-0.032456806142665,-0,-0,-1,-0,3569.65,44.3455037
0.995644217928294,0.425820340581275,1.57854676246643,0.0206094365566969,6.36754557490349e-05,-1.86499088869628,0.109555325359567,-0.0300584347090619,0.0489234531353258,-0.00489846355244377,-0.0805611370976296,-0.00986824928994598,1.90275156497955,-0.16278113424778,1.74043965339661,0.015091114822295,-0.00683223522694045,0.333380385632606,0.321829318999073,-0.152224898337764,-0.0344729423521695,-0.0704826569903405,-0.151793037154339,0.0657092113410859,-0,-0,-1,-0,3569.7,44.4122286
0.999296526407723,0.424820112837369,1.57854676246643,0.0206425804644823,-0.000492432154715061,-1.86457580195006,0.109569254382878,-0.0300068323171724,0.00791179699908295,-0.00372721965677938,-0.0513878274741639,-0.0106435552189046,1.93504095077515,-0.180459201335907,1.7108736038208,0.0153072591944918,0.0134293769770701,0.334040550720117,0.322893857956226,-0.176780670881432,-0.295660495758326,0.00216144372197011,0.202616122040289,0.00660165087511645,0,0,0,0,3569.8,44.4789672
1.00374286172963,0.431883216348409,1.53750538825989,0.0206425804644823,-0.000492432154715061,-1.86457580195006,0.133390059657318,0.211893105331213,0.739305122929882,-0.00260905375974557,-0.0359714792319147,-0.0074504886532332,1.94922971725464,-0.185508415102959,1.673583984375,0.0128757108028511,-0.0226215112486092,0.31718191540111,0.283775329588811,-0.100984275340667,-0.745792388913302,-0.0486309678326367,-0.721017764510962,-0.33717270637891,0,0,0,0,3569.85,44.5456599
1.00818919705154,0.43894631985945,1.53750538825989,0.0206425804644823,-0.000492432154715061,-1.86457580195006,0.133390059657318,0.211893105331213,0.369932755070995,-0.0018263376318219,-0.0251800354623403,-0.00521534205726324,1.96407425403595,-0.191278666257858,1.62924492359161,0.020110063108796,-0.0148284931395096,0.340316857122276,0.296890735627841,-0.115405023098622,-0.886781215672564,0.144687046119686,0.155860362182843,0.462698834425837,0,0,0,0,3569.9,44.6123922
1.012583749559,0.446032740635437,1.53750538825989,0.0226073935627937,-0.000576926453504711,-1.86188191042479,0.13183657522371,0.212592623279612,0.370008969357666,-0.0189617542270781,-0.0168655761345314,-0.0278957631675013,1.99108743667603,-0.200732961297035,1.54595196247101,-0.00817717572392848,-0.000349441895425826,0.345310896682928,0.270131826401003,-0.0945429503918554,-0.832929611206812,-0.282872388327502,0.144790512440969,0.0499403956065657,0,0,0,0,3570,44.6791599
1.01508521156463,0.448403590538639,1.53750538825989,0.0226073935627937,-0.000576926453504711,-1.86188191042479,0.0750438601689974,0.0711254970960562,0.472030755291668,-0.0132732279589547,-0.0118059032941719,-0.0195270342172509,2.00607562065125,-0.204645767807961,1.51953744888306,-0.0404173267873012,0.0165059344483828,0.347389253454847,0.299763679503304,-0.0782561302182212,-0.528290271757111,-0.644803021265109,0.337107526874945,0.0415671354382394,0,0,0,0,3570.05,44.745847
1.01825342705922,0.450893721844347,1.39283490180969,-0.00198578066192567,-0.0158324912190437,-1.87764137850341,0.0950464648374531,0.0747039391712328,1.7720239832545,0.212047308451206,0.129035950583931,0.128166288755444,2.02159571647644,-0.207846581935883,1.50498151779175,-0.0562973618162872,0.0199998819351834,0.341293816589786,0.310401916502777,-0.0640162825582083,-0.291118621825113,-0.317600700578564,0.0698789497357593,-0.121908737300778,-1,-0,-0,-0,3570.1,44.8125845
1.0214216425538,0.453383853150054,1.39283490180969,-0.00198578066192567,-0.0158324912190437,-1.87764137850341,0.0950464648374531,0.0747039391712328,0.469989605202746,0.148433115915844,0.0903251654087516,0.0897164021288108,2.05460071563721,-0.209753125905991,1.49637627601624,-0.00649532524347718,0.000457366362926118,0.331013569065296,0.330049991607966,-0.0190654397010977,-0.0860524177552052,0.498020365728553,-0.195425155722751,-0.102802475244996,-1,-0,-0,-0,3570.2,44.8793605
1.03385341904041,0.456221159756995,1.33850979804993,-0.00198578066192567,-0.0158324912190437,-1.87764137850341,0.372953294598242,0.0851191982082339,0.516531572558196,0.103903181141091,0.0632276157861261,0.0628014814901675,2.07061338424683,-0.209614172577858,1.49686992168427,0.0211426842938383,-0.0251451518053399,0.334463704476093,0.32025337219413,0.00277906656266775,0.00987291336064958,0.552760190749325,-0.512050363368114,0.0690027082163049,-1,-0,-0,-0,3570.25,44.9460754
