-0.000268678238518934,-9.99293570116999e-05,1.00988984107971,0.0213160868734121,0.00337534444406629,-1.56842184066246,-0.00403017357778401,-0.0014989403551755,-0.0248548535650921,-0.134291347302496,-0.0212646699976176,9.88105759617347,2.15735697746277,-0.873782992362976,1.0085836648941,0.0250617518946079,-0.00397908101198712,-0.0223477303574174,0,0,0,0,0,0,0,0,0,0,3107,7.0343803
-0.000403017357778401,-0.00014989403551755,1.00988984107971,0.0213160868734121,0.00337534444406629,-1.56842184066246,-0.00403017357778401,-0.0014989403551755,-0.0248548535650921,-0.0940039431117475,-0.0148852689983323,6.91674031732143,2.15677094459534,-0.874531805515289,1.0098295211792,0.0251214876107692,-0.00268227084722191,-0.0241305865922077,-0.0117206573485902,-0.0149762630462102,0.0249171257018137,0.00119471432322093,0.0259362032952099,-0.035657124695676,0,0,0,0,3107.05,7.1019183
-0.000603902864679128,6.51016570223569e-05,1.00988984107971,0.0213160868734121,0.00337534444406629,-1.56842184066246,-0.00602656520702181,0.0064498707761972,-0.012949267252195,-0.0658027601782232,-0.0104196882988326,4.841718222125,2.15658664703369,-0.875351369380951,1.01245450973511,0.0215071233232583,-0.00803814972425615,-0.021398647478873,-0.00184297561645675,-0.00819563865662367,0.0262498855591059,-0.0361436428751413,-0.0535587887703912,0.0273193911333724,0,0,0,0,3107.15,7.1686244
-0.000804788371579855,0.000280097349562264,1.00988984107971,0.0213160868734121,0.00337534444406629,-1.56842184066246,-0.00602656520702181,0.0064498707761972,-0.012949267252195,-0.0460619321247563,-0.00729378180918283,3.3892027554875,2.15618991851807,-0.87615954875946,1.01377618312836,0.0201568537775882,-0.00785413297584647,-0.02294153051749,-0.00793457031247113,-0.0161635875701316,0.0264334678648941,-0.0270053909133031,0.00368033496818028,-0.0308576607722284,0,0,0,0,3107.2,7.2353566
-0.00100308203952947,0.00049464939426912,1.01081395149231,0.025770291686058,0.00288182194344699,-1.56767320632408,-0.00594881003848837,0.00643656134120568,-0.021287106473481,-0.0723311958011426,-0.000663944760854352,2.36570421979584,2.15579175949097,-0.87697970867157,1.0152370929718,0.0198039924668522,-0.00627154824453091,-0.0234635844831514,-0.00796318054203564,-0.016403198242277,0.0292181968690559,-0.00705722621475967,0.0316516946264839,-0.0104410793132849,0,0,0,0,3107.25,7.3021263
-0.00129245718039903,0.000755425087112075,1.02035570144653,0.0201974660158157,0.00258238101378083,-1.56697154044578,-0.00868125422608687,0.00782327078528867,-0.104819435521689,-0.000476406028619029,0.00223020703439741,1.64967796095243,2.15513849258423,-0.878655552864075,1.01777172088623,0.0207003937166852,-0.00598669877305062,-0.0251501906950951,-0.00653266906735905,-0.0167584419249879,0.0253462791441949,0.00896401249829777,0.00284849471479257,-0.0168660621193753,0,0,0,0,3107.35,7.3689358
-0.00158183232126859,0.00101620077995503,1.02035570144653,0.0201974660158157,0.00258238101378083,-1.56697154044578,-0.00868125422608687,0.00782327078528867,-0.0189436859336761,-0.000333484220033321,0.00156114492407819,1.1547745726667,2.15474796295166,-0.879251062870026,1.01849758625031,0.0207447105868307,-0.00602407292710422,-0.024218774955425,-0.00781059265140981,-0.0119102001190835,0.0145173072815734,0.000886337402913586,-0.000747483081076034,0.0186283147935039,0,0,0,0,3107.4,7.4356766
-0.00187120746213815,0.00127697647279799,1.02035570144653,0.0201974660158157,0.00258238101378083,-1.56697154044578,-0.00868125422608687,0.00782327078528867,-0.0189436859336761,-0.000233438954023324,0.00109280144685473,0.808342200866688,2.15441942214966,-0.87986034154892,1.01895296573639,0.0206511677731258,-0.00591541368349804,-0.0246997509986312,-0.00657081604001516,-0.0121855735778365,0.00910758972164655,-0.0018708562740903,0.00217318487211557,-0.00961952086408907,0,0,0,0,3107.45,7.5024043
-0.00212215925943622,0.00149458369116429,1.03107726573944,0.0201974660158157,0.00258238101378083,-1.56697154044578,-0.00752855391894188,0.00652821655098911,-0.107328255872086,-0.000163407267816327,0.000764961012798311,0.565839540606682,2.15365862846375,-0.881026804447174,1.01870799064636,0.019649462791717,-0.00586500518446323,-0.0246824548772337,-0.00760793685913778,-0.0116646289825546,-0.00244975090027078,-0.0100170498140975,0.00050408499034862,0.000172961213975085,0,0,0,0,3107.55,7.5689992
-0.00237311105673428,0.00171219090953059,1.03107726573944,0.0201974660158157,0.00258238101378083,-1.56697154044578,-0.00752855391894188,0.00652821655098911,-0.010834177235917,-0.000114385087471429,0.000535472708958817,0.396087678424677,2.15313243865967,-0.88155072927475,1.01867198944092,0.0178395087148121,-0.00667767545563112,-0.0247256168135696,-0.0105237960815047,-0.0104784965514756,-0.000720024108884099,-0.0361990815379662,-0.0162534054232987,-0.000863238726716546,0,0,0,0,3107.6,7.6358707
-0.00262412544423933,0.00192938781608854,1.03107726573944,0.0205357447266579,0.00231759971939027,-1.5658771991677,-0.00753043162515146,0.00651590719673841,-0.0108371683427953,-0.00312457795880919,0.00275786254578621,0.267412303394588,2.15270066261292,-0.882040858268738,1.01838076114655,0.0152463646153028,-0.00645797552381085,-0.0244054297057202,-0.00863552093510572,-0.00980257987981423,-0.00582456588748296,-0.0518628819904693,0.00439399863642932,0.0064037421570232,0,0,0,0,3107.65,7.7025791
-0.0028781227045417,0.0021468233687415,1.03246903419495,0.0151103911921382,0.00322658754885197,-1.56504154204795,-0.00761991780907123,0.00652306657958862,-0.0233302744650005,0.0466409772395106,-0.0062503866831049,0.179667698298453,2.15174055099487,-0.882503688335419,1.01714611053467,0.0118756155055865,-0.0104051988450179,-0.0210244088967974,-0.00960111618042865,-0.00462830066681329,-0.0123465061187856,-0.0337074910971934,-0.0394722332121063,0.0338102080892595,0,0,0,0,3107.75,7.7693081
-0.00313211996484408,0.00236425892139445,1.03246903419495,0.0151103911921382,0.00322658754885197,-1.56504154204795,-0.00761991780907123,0.00652306657958862,-0.0108043583654522,0.0326486840676574,-0.00437527067817343,0.125767388808917,2.15112471580505,-0.882792592048645,1.01669466495514,0.0156548684829635,-0.0111912377954927,-0.0230854043420475,-0.0123167037963419,-0.00577807426450535,-0.00902891159054332,0.0755850595472648,-0.0157207790094397,-0.0412199089048529,0,0,0,0,3107.8,7.8360023
-0.00338611722514645,0.0025816944740474,1.03246903419495,0.0151103911921382,0.00322658754885197,-1.56504154204795,-0.00761991780907123,0.00652306657958862,-0.0108043583654522,0.0228540788473602,-0.0030626894747214,0.088037172166242,2.15063977241516,-0.882790684700012,1.01611948013306,0.020093271770636,-0.0103388308736232,-0.022235698073733,-0.00969886779781628,3.81469726561112e-05,-0.0115036964416085,0.0887680657531281,0.0170481384373296,0.0169941253662277,0,0,0,0,3107.85,7.9036853
-0.00363614803665496,0.00280044504293718,1.0172199010849,0.0225803256034851,0.00545905716717243,-1.56557965278099,-0.00750092434525512,0.00656251706669329,0.12640878423624,-0.0512315545089701,-0.0222361091971892,0.0664690171136594,2.14928102493286,-0.883384466171265,1.01543653011322,0.021972913447397,-0.00746302329140049,-0.0248818751889191,-0.0135874748230104,-0.00593781471252981,-0.00682950019837047,0.0187964167676271,0.0287580758222528,-0.0264617711518844,0,0,0,0,3107.95,7.9707248
-0.00388617884816346,0.00301919561182696,1.0172199010849,0.0225803256034851,0.00545905716717243,-1.56557965278099,-0.00750092434525512,0.00656251706669329,-0.0108334137541774,-0.0358620881562791,-0.0155652764380324,0.0465283119795616,2.14859628677368,-0.883658885955811,1.01577258110046,0.0208469658627209,-0.00694006165450948,-0.025506364330934,-0.0136947631836685,-0.00548839569094792,0.00672101974490972,-0.0225189516936465,0.0104592327378773,-0.012489782840367,0,0,0,0,3108,8.0373872
-0.00413620965967196,0.00323794618071673,1.0172199010849,0.0225803256034851,0.00545905716717243,-1.56557965278099,-0.00750092434525512,0.00656251706669329,-0.0108334137541774,-0.0251034617093953,-0.0108956935066227,0.0325698183856931,2.14767789840698,-0.883798599243164,1.01663398742676,0.0183990359696969,-0.00642871549000064,-0.0231922408945598,-0.0183677673339176,-0.00279426574706015,0.0172281265258162,-0.0489585978603011,0.0102269232901396,0.0462824687273164,0,0,0,0,3108.05,8.1042187
-0.00442936241465133,0.00319577311914122,1.0172199010849,0.0225803256034851,0.00545905716717243,-1.56557965278099,-0.00879458264938111,-0.00126519184726543,-0.0072542020786122,-0.0175724231965767,-0.00762698545463588,0.0227988728699852,2.14634346961975,-0.884603142738342,1.01873600482941,0.0194080436923013,-0.00810233154463301,-0.0247303444922373,-0.0133442878723266,-0.00804543495178954,0.0210201740265084,0.0100900772260528,-0.0167361605463389,-0.0153810359767897,0,0,0,0,3108.15,8.1710863
-0.0047225151696307,0.0031536000575657,1.0172199010849,0.0225803256034851,0.00545905716717243,-1.56557965278099,-0.00879458264938111,-0.00126519184726543,-0.0072542020786122,-0.0123006962376037,-0.00533888981824512,0.0159592110089896,2.14558577537537,-0.884730696678162,1.02026975154877,0.0181106075708834,-0.00765633822361056,-0.0218040045687583,-0.0151538848876402,-0.00255107879637744,0.0306749343870954,-0.0259487224282621,0.00891986642041647,0.0585267984693679,0,0,0,0,3108.2,8.2377554
-0.00501680330186337,0.00311127859015246,1.01582956314087,0.0193892735987902,0.00430719135329127,-1.56646060943077,-0.00882864396698006,-0.00126964402239729,0.00527952330456664,0.0201089806759319,0.00662956945215885,0.0191000575543152,2.14494228363037,-0.885000050067902,1.02188634872437,0.0144329844886039,-0.00578276234576722,-0.0214070667311266,-0.0128698348999726,-0.0053870677948292,0.0323319435121393,-0.0735524616459927,0.0374715175570713,0.00793875675267691,0,0,0,0,3108.25,8.3044581
-0.00516973658499374,0.00311015991556456,1.00797057151794,0.0164676979184151,0.00121940101962537,-1.5658669471688,-0.00458799849391096,-3.35602376371109e-05,0.0605306640541556,0.0403704675965282,0.0324308116195044,0.00802707993035462,2.14387464523315,-0.885785043239594,1.02605473995209,0.0177289059196631,-0.00710331090749016,-0.0283688936387882,-0.0106763839721291,-0.00784993171689039,0.04168391227707,0.0329592143104728,-0.0132054856171814,-0.0696182690763626,0,0,0,0,3108.35,8.3711692
-0.0053226698681241,0.00310904124097665,1.00797057151794,0.0164676979184151,0.00121940101962537,-1.5658669471688,-0.00458799849391096,-3.35602376371109e-05,-0.0102002605521677,0.0282593273175697,0.0227015681336531,0.00561895595124824,2.14334583282471,-0.886293768882751,1.02755260467529,0.0221202395305258,-0.00691992938567961,-0.0299722827462031,-0.010576248169003,-0.0101745128632147,0.0299572944642748,0.0878266722177334,0.0036676304362309,-0.0320677821484733,0,0,0,0,3108.4,8.4378812
-0.00547560315125447,0.00310792256638875,1.00797057151794,0.0164676979184151,0.00121940101962537,-1.5658669471688,-0.00458799849391096,-3.35602376371109e-05,-0.0102002605521677,0.0197815291222988,0.0158910976935571,0.00393326916587376,2.14278817176819,-0.886287987232208,1.03037333488464,0.0239927963341053,-0.00992043128693177,-0.0273111347620084,-0.0111532211303305,0.000115633010863837,0.0564146041868065,0.0374511360714533,-0.0600100380248248,0.0532229596837005,0,0,0,0,3108.45,8.5046053
-0.00558612834084005,0.00307119883399897,1.00728213787079,0.0164676979184151,0.00121940101962537,-1.5658669471688,-0.00331575568756739,-0.00110171197169341,-0.0024508212763053,0.0138470703856092,0.01112376838549,0.00275328841611164,2.14220857620239,-0.886828362941742,1.03412401676178,0.0209444027006111,-0.00762526907135394,-0.0256273329633519,-0.00579595565796426,-0.00540375709534183,0.0375068187713964,-0.0304839363349699,0.0229516221557992,0.0168380179865806,0,0,0,0,3108.55,8.5712953
-0.00569665353042563,0.00303447510160919,1.00728213787079,0.0164676979184151,0.00121940101962537,-1.5658669471688,-0.00331575568756739,-0.00110171197169341,-0.00864672410070716,0.00969294926992642,0.007786637869843,0.00192730189127814,2.14171481132507,-0.887605905532837,1.03590857982635,0.0204415391547293,-0.00790427398540285,-0.0288112287278995,-0.00987529754635079,-0.0155508518218428,0.0356912612913741,-0.0100572709175987,-0.00558009828095788,-0.0636779152907211,0,0,0,0,3108.6,8.6380469
-0.00580328203936473,0.0029991164072286,1.00728213787079,0.0257711242884398,0.00498585635796189,-1.56389832496116,-0.00319885526817295,-0.00106076083141772,-0.00867077820895909,-0.0769457728412737,-0.0284474515361387,-0.0163684885448797,2.1409056186676,-0.888506293296814,1.03719460964203,0.0194250839476547,-0.0081317653291855,-0.0307063361786443,-0.0161838531495024,-0.0180077552796393,0.0257205963136169,-0.0203291041416033,-0.00454982687567772,-0.0379021490151024,0,0,0,0,3108.65,8.7047641
-0.00591182373845213,0.00296386769662491,1.02489423751831,0.0209573339670897,0.005851817317307,-1.56177234649131,-0.00325625097262202,-0.00105746131811072,-0.167169397776126,-0.0105379280967407,-0.027706864709403,-0.0305917482100535,2.13938593864441,-0.890081286430359,1.03868114948273,0.0147480590118966,-0.00868674870325469,-0.0303171849967931,-0.0151968002319474,-0.0157499313354635,0.0148653984069959,-0.0467702493576235,-0.00554983374069699,0.00389151181851545,0,0,0,0,3108.75,8.771493
-0.00602036543753953,0.00292861898602122,1.02489423751831,0.0209573339670897,0.005851817317307,-1.56177234649131,-0.00325625097262202,-0.00105746131811072,-0.00866050094842849,-0.00737654966771847,-0.0193948052965821,-0.0214142237470374,2.13862490653992,-0.890742719173431,1.0388514995575,0.0127651204082336,-0.00976567468265084,-0.0290924006070563,-0.0152206420897884,-0.0132286548614021,0.00340700149534893,-0.0396587720731165,-0.0215785195878444,0.0244956877946472,0,0,0,0,3108.8,8.8381881
-0.00612890713662693,0.00289337027541753,1.02489423751831,0.0209573339670897,0.005851817317307,-1.56177234649131,-0.00325625097262202,-0.00105746131811072,-0.00866050094842849,-0.00516358476740293,-0.0135763637076075,-0.0149899566229262,2.13759875297546,-0.892071187496185,1.03818809986115,0.0116260935047806,-0.00654883142173047,-0.0332475184212023,-0.0205230712889878,-0.0265693664549815,-0.0132679939269537,-0.0227805380689765,0.0643368652181732,-0.0831023562826174,0,0,0,0,3108.85,8.9048952
-0.00679817493697818,0.00301314662282718,1.03122508525848,0.0138737997040153,0.00557966576889157,-1.56078433989952,-0.0200780340105376,0.00359329042228968,-0.0550672909364658,0.0601372990304875,-0.00705409065958642,-0.0193850289622202,2.13585090637207,-0.89311408996582,1.03746783733368,0.00878064069314354,-0.00926564937032384,-0.0329650849494619,-0.0174784660339514,-0.0104290246963596,-0.00720262527466475,-0.0284545281163967,-0.0271681794859584,0.00282433471740618,0,0,0,0,3108.95,8.9716043
-0.00746744273732943,0.00313292297023684,1.03122508525848,0.0138737997040153,0.00557966576889157,-1.56078433989952,-0.0200780340105376,0.00359329042228968,0.00191033872509426,0.0420961093213413,-0.00493786346171049,-0.0135695202735542,2.13423299789429,-0.893813908100128,1.03652608394623,0.00886749301675944,-0.0057628015518961,-0.0307517769727284,-0.0323581695558406,-0.0139963626862336,-0.0188350677491262,0.00173704647232741,0.0700569563689371,0.0442661595349109,0,0,0,0,3109,9.0383226
-0.00813671053768068,0.00325269931764649,1.03122508525848,0.0138737997040153,0.00557966576889157,-1.56078433989952,-0.0200780340105376,0.00359329042228968,0.00191033872509426,0.0294672765249389,-0.00345650442319734,-0.00949866419148791,2.13337564468384,-0.894229650497437,1.03648030757904,0.0129636742547764,-0.00710038971731083,-0.0327852502362607,-0.017147064208922,-0.00831484794613674,-0.000915527343746669,0.081923624760042,-0.0267517633081971,-0.0406694652704974,0,0,0,0,3109.05,9.1050107
-0.00850054559158424,0.0030178195822215,1.03122508525848,0.0138737997040153,0.00557966576889157,-1.56078433989952,-0.0109150516171067,-0.00704639206274975,-0.00161155104035935,0.0206270935674572,-0.00241955309623814,-0.00664906493404154,2.1311469078064,-0.895272195339203,1.03534531593323,0.0174080856730424,-0.00589828336737664,-0.0330717982170833,-0.0222873687744343,-0.0104254484176731,-0.0113499164581402,0.0444441141827002,0.0120210634993528,-0.00286547980822862,0,0,0,0,3109.15,9.1717186
-0.00886438064548779,0.00278293984679651,1.03122508525848,0.0138737997040153,0.00557966576889157,-1.56078433989952,-0.0109150516171067,-0.00704639206274975,-0.00161155104035935,0.0144389654972201,-0.0016936871673667,-0.00465434545382907,2.13029742240906,-0.89564448595047,1.03487193584442,0.017000438034292,-0.00725398315145313,-0.0349686950135748,-0.0169897079467155,-0.00744581222531471,-0.0094676017760886,-0.00815295277497842,-0.0271139956814311,-0.0379379359296927,0,0,0,0,3109.2,9.2384248
-0.00922832091540565,0.00254858214345746,1.02986180782318,0.0177793744951487,0.00410897703841329,-1.56250476836631,-0.0109182080975357,-0.00703073110017155,0.010635069242268,-0.0250428972721466,0.0120506175571479,0.0122258143834915,2.12872767448425,-0.896334290504456,1.03414976596832,0.0134981219560186,-0.00591078561774527,-0.0319807940332128,-0.0313949584962651,-0.0137960910797872,-0.0144433975220515,-0.0700463215658506,0.0268639506743038,0.0597580196075671,0,0,0,0,3109.25,9.3051336
-0.00976673941580631,0.00255784448069442,1.02882635593414,0.016412565484643,0.00461561745032668,-1.56243157386253,-0.0161525550120199,0.000277870117108804,0.0128544267548419,-0.00522874699595153,0.00387566858278297,0.00789931953438645,2.12628412246704,-0.897453188896179,1.03311502933502,0.012849998515521,-0.00965325247233136,-0.0337977776037428,-0.0244355201720302,-0.0111889839171956,-0.0103473663329702,-0.00648123440495264,-0.0374246685457247,-0.0181698357052338,0,0,0,0,3109.35,9.3718098
-0.010305157916207,0.00256710681793138,1.02882635593414,0.016412565484643,0.00461561745032668,-1.56243157386253,-0.0161525550120199,0.000277870117108804,0.00353535975349917,-0.00366012289716607,0.00271296800794808,0.00552952367407051,2.12489867210388,-0.897992074489594,1.03209567070007,0.0121474640859931,-0.00908680769644626,-0.0344511911914347,-0.0277090072633348,-0.0107777118683449,-0.0203871726990859,-0.0140506885906347,0.0113288955177639,-0.0130682717539095,0,0,0,0,3109.4,9.4385402
-0.0108435764166076,0.00257636915516834,1.02882635593414,0.016412565484643,0.00461561745032668,-1.56243157386253,-0.0161525550120199,0.000277870117108804,0.00353535975349917,-0.00256208602801625,0.00189907760556365,0.00387066657184936,2.12349414825439,-0.898061871528625,1.03067970275879,0.00972301778232359,-0.00860235026478757,-0.030222050301207,-0.0280904769896439,-0.00139594078063457,-0.0283193588255806,-0.0484889260732134,0.00968914863313842,0.084582817804245,0,0,0,0,3109.45,9.5052333
-0.0113883676145109,0.0022525118329167,1.03996646404266,0.016412565484643,0.00461561745032668,-1.56243157386253,-0.016343735937098,-0.0097157196675492,-0.0960970872488134,-0.00179346021961137,0.00132935432389456,0.00270946660029455,2.12061238288879,-0.89938896894455,1.02691686153412,0.012772854193131,-0.00607239270544568,-0.0349707608194224,-0.0288176536560321,-0.0132709741592528,-0.0376284122467383,0.030498364108102,0.0252995755934419,-0.047487105182197,0,0,0,0,3109.55,9.5719619
-0.0119331588124142,0.00192865451066506,1.03996646404266,0.016412565484643,0.00461561745032668,-1.56243157386253,-0.016343735937098,-0.0097157196675492,0.00416388572787115,-0.00125542215372796,0.000930548026726191,0.00189662662020619,2.11902189254761,-0.900048315525055,1.02474439144135,0.0136225783220975,-0.00657611605750266,-0.0345132435654527,-0.0318098068236147,-0.0131869316100594,-0.0434494018553107,0.0169944825792675,-0.010074467041103,0.00915034507936121,0,0,0,0,3109.6,9.6386896
-0.0124773282079924,0.00160398625403926,1.03996646404266,0.0158398989588022,0.00440438184887171,-1.56086587905357,-0.0163250818673472,-0.00974004769877404,0.00417188523821939,0.00427520322495726,0.00255250403180309,-0.0127636146464953,2.1171817779541,-0.900331735610962,1.02376997470856,0.0133128158090181,-0.0101018895848275,-0.0310606028794211,-0.036802291870318,-0.00566840171817058,-0.0194883346558681,-0.00619525026162098,-0.0705154705468808,0.0690528137210087,0,0,0,0,3109.65,9.7053649
-0.0130214976035707,0.00127931799741346,1.02772748470306,0.0158398989588022,0.00440438184887171,-1.56086587905357,-0.0163250818673472,-0.00974004769877404,0.114322699294616,0.00299264225747008,0.00178675282226216,-0.00893453025254672,2.11394381523132,-0.901916921138763,1.02039361000061,0.0142491570186011,-0.00905630966222701,-0.0312639104063774,-0.0323796272278127,-0.0158518552780296,-0.0337636470794985,0.00936341209583805,0.0104557992260141,-0.00203307526956528,0,0,0,0,3109.75,9.7721382
-0.0135656669991489,0.000954649740787656,1.02772748470306,0.0158398989588022,0.00440438184887171,-1.56086587905357,-0.0163250818673472,-0.00974004769877404,0.00417188523821939,0.00209484958022906,0.00125072697558352,-0.00625417117678271,2.11222887039185,-0.90257465839386,1.01904535293579,0.0160460658377383,-0.00637546001030997,-0.0308197981011871,-0.034298896789426,-0.0131547451018809,-0.0269651412962886,0.0359381763826132,0.0536169930381456,0.00888224610377542,0,0,0,0,3109.8,9.8388694
-0.014110760206918,0.000630726610940219,1.02772748470306,0.0165623985230923,0.0072997254319489,-1.56328463553855,-0.0163527962330721,-0.00971769389542311,0.00414415097389797,-0.00503610137245008,-0.0251825833647863,0.0173908885411203,2.11064958572388,-0.903092265129089,1.01738119125366,0.0162647933196726,-0.00180839659377448,-0.0294358279324477,-0.0315856933592601,-0.0103521347045522,-0.033283233642457,0.00437454963867099,0.0913412683303775,0.0276794033746871,0,0,0,0,3109.85,9.9055666
-0.0147056310462087,0.000392063095172772,1.02825224399567,0.0164322480559349,-0.00106162228621542,-1.56741118430564,-0.0178461251787222,-0.0071599054730234,0.00924869809130136,-0.00235391675629878,0.0576243211081285,0.0493125608825928,2.10791707038879,-0.90426105260849,1.01376938819885,0.0179204628914295,-0.00326699742765386,-0.0293661049680612,-0.0273251533508549,-0.011687874794017,-0.0361180305481286,0.0165566957175841,-0.0145860083388071,0.000697229643865381,0,0,0,0,3109.95,9.9722268
-0.0153005018854994,0.000153399579405326,1.02825224399567,0.0164322480559349,-0.00106162228621542,-1.56741118430564,-0.0178461251787222,-0.0071599054730234,0.0139715317247242,-0.00164774172940915,0.04033702477569,0.034518792617815,2.10643672943115,-0.904930174350739,1.01198196411133,0.0183964016862367,-0.0041929285002881,-0.0293811514952026,-0.0296068191529936,-0.0133824348450437,-0.0357484817506834,0.00951877589619604,-0.0185186214527859,-0.000300930542829249,-0.000188363879783199,-0.000188363879783199,-1.22655549027408e-05,-0.000188363879783199,3110,10.0389288
-0.0158953727247902,-8.52639363621211e-05,1.02825224399567,0.0164322480559349,-0.00106162228621542,-1.56741118430564,-0.0178461251787222,-0.0071599054730234,0.0139715317247242,-0.0011534192105864,0.028235917342983,0.0241631548324705,2.105220079422,-0.905448794364929,1.01007616519928,0.0175230453316786,-0.00428569351888736,-0.0289572300654261,-0.0243330001830169,-0.0103724002837757,-0.0381159782408281,-0.017467127091099,-0.00185530037197836,0.0084784285954979,0.0788715739087776,0.0788715739087776,0.00513134695943433,0.0788715739087776,3110.05,10.1056904
-0.0164902435640809,-0.000323927452129568,1.02825224399567,0.0164322480559349,-0.00106162228621542,-1.56741118430564,-0.0178461251787222,-0.0071599054730234,0.0139715317247242,-0.000807393447410482,0.0197651421400881,0.0169142083827293,2.10316824913025,-0.906446695327759,1.00549066066742,0.0158946732005438,-0.00349645984706851,-0.0338377588664514,-0.0205183029174991,-0.00997900962830497,-0.0458550453186452,-0.016283721311363,0.00789233671819566,-0.0488052880102975,0.153823795022239,0.153823795022239,0.00998137311335167,0.153823795022239,3110.15,10.1723987
-0.0170851144033717,-0.000562590967897014,1.02825224399567,0.0164322480559349,-0.00106162228621542,-1.56741118430564,-0.0178461251787222,-0.0071599054730234,0.0139715317247242,-0.000565175413187337,0.0138355994980617,0.0118399458679105,2.10234427452087,-0.906635880470276,1.00273203849792,0.014188401679058,-0.00169476038299248,-0.0343174931265756,-0.01647949218744,-0.00378370285032803,-0.0551724433896919,-0.0341254304295916,0.0360339892813894,-0.00959468520244914,0.220995281673273,0.220995281673273,0.0142765841967583,0.220995281673273,3110.2,10.2390892
-0.0174727985599361,-0.00060591712643674,1.033527135849,0.0159015990793705,0.000395410228520632,-1.56559276580284,-0.0116305246969339,-0.00129978475619176,-0.0392416335035222,0.00438021799984853,-0.00342837298398135,-0.00807780441773119,2.10134768486023,-0.906787931919098,0.999592781066895,0.010386474679716,0.00223460489237418,-0.0341071142524178,-0.0199317932129994,-0.00304102897645702,-0.0627851486209481,-0.076038539987255,0.0785873055077622,0.00420757748317894,0.27733047908534,0.27733047908534,0.0178034782520976,0.27733047908534,3110.25,10.3057945
-0.0175549636062744,-0.000690708202210516,1.03726863861084,0.0159015990793705,0.000395410228520632,-1.56559276580284,-0.00246495139014926,-0.00254373227321328,-0.0339010888408808,0.00306615259989397,-0.00239986108878694,-0.00565446309241183,2.10067105293274,-0.905745327472687,0.994792878627777,-0.00384454546318354,0.0116150286463748,-0.0265113247919349,-0.00676631927487773,0.0104260444640734,-0.0479990243909997,-0.142310201428478,0.0938042375396651,0.0759578946045535,0.320620029908915,0.320620029908915,0.0204135888597888,0.320620029908915,3110.35,10.3725456
-0.0176371286526128,-0.000775499277984292,1.03726863861084,0.0159015990793705,0.000395410228520632,-1.56559276580284,-0.00246495139014926,-0.00254373227321328,-0.000227563984313427,0.00214630681992578,-0.00167990276215086,-0.00395812416468828,2.1008894443512,-0.903860688209534,0.993692457675934,-0.0118999258427897,0.0166285992002923,-0.0177283625277853,0.00436782836916446,0.0376927852632672,-0.0220084190369853,-0.161107607593002,0.100271411078896,0.175659245283949,0.34964238674647,0.34964238674647,0.0220340252894197,0.34964238674647,3110.4,10.4393285
-0.0177193265590954,-0.000860474405078694,1.03726863861084,0.00444354210048914,-0.0102829523384571,-1.56459236144493,-0.00246593719448018,-0.00254925381283207,-0.000188743686589317,0.10462492758388,0.0949293311692941,-0.0117743261364732,2.10195469856262,-0.902161419391632,0.993372738361359,-0.0144095707904478,0.0245104827897412,-0.0139545497497833,0.0213050842284381,0.0339853763579086,-0.00639438629148064,-0.0501928989529795,0.157637671788404,0.0754762555597664,0.364274696328831,0.364274696328831,0.0226747207498375,0.364274696328831,3110.45,10.5060316
-0.0158487435426179,-0.00122641190528605,1.03726863861084,0.00444354210048914,-0.0102829523384571,-1.56459236144493,0.0561174904943257,-0.0109781250062207,-0.0288949114883249,0.0732374493087162,0.0664505318185058,-0.00824202829553124,2.10631513595581,-0.894898235797882,0.997033476829529,-0.0278894263115972,0.0281559191545809,0.0203573631674472,0.0436043739319244,0.0726318359375661,0.036607384681735,-0.134798555211616,0.0364543636484308,0.343119129172617,0.365530162545099,0.365530162545099,0.0224272894226366,0.365530162545099,3110.55,10.572773
-0.0139781605261404,-0.0015923494054934,1.03726863861084,0.00444354210048914,-0.0102829523384571,-1.56459236144493,0.0561174904943257,-0.0109781250062207,-0.0288949114883249,0.0512662145161013,0.0465153722729541,-0.00576941980687187,2.10930633544922,-0.889964878559113,0.999596893787384,-0.0329895386671533,0.0327828705798912,0.0406648393974627,0.0598239898679464,0.0986671447750317,0.051268339156918,-0.10200224711075,0.0925390285058692,0.406149524598832,0.355308634361689,0.355308634361689,0.0214473313241212,0.355308634361689,3110.6,10.639497
-0.01215419249452,-0.00205117204383207,1.01775133609772,-0.018190149217844,-0.0297106523066759,-1.59996104239891,0.0547190409486128,-0.0137646791501601,0.146040161583787,0.239589572026269,0.207410060305037,0.314279534721005,2.11335730552673,-0.884410798549652,1.0013200044632,-0.0372994485479094,0.0396349537921014,0.0631980146784104,0.0810194015507351,0.111081600189815,0.0344622135164234,-0.0861981976155942,0.137041664244952,0.450663505621413,0.336259305661893,0.336259305661893,0.0199404559594066,0.336259305661893,3110.65,10.7061715
-0.0103302244628995,-0.00250999468217074,1.04483544826508,-0.018190149217844,-0.0297106523066759,-1.59996104239891,0.0547190409486128,-0.0137646791501601,-0.273372570540541,0.167712700418388,0.145187042213526,0.219995674304704,2.12417793273926,-0.867602705955505,1.0097873210907,-0.0487373535976751,0.039438180859864,0.119412519462533,0.108206272125343,0.16808092594162,0.0846731662751014,-0.114379050497761,-0.00196772932237617,0.562145047841741,0.311438543697968,0.311438543697968,0.0181353209748976,0.311438543697968,3110.75,10.7728928
-0.0085062564312791,-0.00296881732050941,1.04483544826508,-0.018190149217844,-0.0297106523066759,-1.59996104239891,0.0547190409486128,-0.0137646791501601,-0.0296155610343159,0.117398890292872,0.101630929549468,0.153996972013293,2.13170790672302,-0.857351124286652,1.01232826709747,-0.0412606734408724,0.0393576871578902,0.14173839933168,0.150599479674745,0.205031633376329,0.0508189201353132,0.149533603135511,-0.00160987403946985,0.446517597381313,0.284115044389072,0.284115044389072,0.0162680325628581,0.284115044389072,3110.8,10.8395711
-0.00676390782477288,-0.00360518374372231,1.04483544826508,-0.0398582033813,-0.0431260764598846,-1.68923830985496,0.0522704581951866,-0.0190909926963867,-0.0303265270224079,0.277191710676114,0.191880468063506,0.911293287513797,2.13921070098877,-0.845671534538269,1.01629984378815,-0.039151709601134,0.0332222817945909,0.172463126836687,0.150055885314396,0.233591794966802,0.0794315338131876,0.0421792767946147,-0.122708107265541,0.614494550097894,0.257345673894287,0.257345673894287,0.0145504218085497,0.257345673894287,3110.85,10.906293
0.00186949886803225,-0.00693063497863598,1.02950000762939,-0.0398582033813,-0.0431260764598846,-1.68923830985496,0.259002200784154,-0.0997635370474103,0.0987690519922824,0.19403419747328,0.134316327644454,0.637905301259658,2.15713834762573,-0.818401336669922,1.02378666400909,-0.0361202665517395,0.0177563611192451,0.228448896047287,0.179276466369792,0.27270197868372,0.0748682022095408,0.0303144304939721,-0.154659206753598,0.559857692106514,0.233819127812896,0.233819127812896,0.0131587364452294,0.233819127812896,3110.95,10.9730204
0.0105029055608374,-0.0102560862135497,1.02950000762939,-0.0398582033813,-0.0431260764598846,-1.68923830985496,0.259002200784154,-0.0997635370474103,-0.039249913728848,0.135823938231296,0.0940214293511181,0.44653371088176,2.16650533676147,-0.803811192512512,1.02684855461121,-0.0381376312778308,0.0162055068591497,0.255288277531822,0.187339782715866,0.291802883149786,0.0612378120425705,-0.0403472945220456,-0.0310170852020778,0.536787629693621,0.215570500635914,0.215570500635914,0.0122147100975251,0.215570500635914,3111,11.0397353
0.0187001043550605,-0.0145640714884556,1.02950000762939,-0.0332942716777325,-0.0361075177788734,-1.80738186835716,0.245915963826694,-0.129239558247178,-0.038349332046736,0.0360013714297995,0.00264797241668184,1.37586562413701,2.1763756275177,-0.787484705448151,1.03053891658783,-0.0355877652158976,0.010484799664061,0.301299969207859,0.197405815123794,0.326529741286044,0.0738072395322022,0.0509973212384785,-0.114414143901358,0.920233833517393,0.203833350948288,0.203833350948288,0.0117779591234779,0.203833350948288,3111.05,11.1064239
0.0268973031492836,-0.0188720567633616,1.02950000762939,-0.0332942716777325,-0.0361075177788734,-1.80738186835716,0.245915963826694,-0.129239558247178,-0.038349332046736,0.0252009600008597,0.00185358069167729,0.963105936895906,2.19717502593994,-0.751538813114166,1.03703331947327,-0.0334795240983041,0.00389731130988771,0.333145357866044,0.207993984222601,0.359458923340171,0.0649440288544292,0.0210824111759538,-0.0658748835417927,0.318453886582146,0.198972493259353,0.198972493259353,0.0118458796834874,0.198972493259353,3111.15,11.1731577
0.0350945019435067,-0.0231800420382675,1.02950000762939,-0.0332942716777325,-0.0361075177788734,-1.80738186835716,0.245915963826694,-0.129239558247178,-0.038349332046736,0.0176406720006018,0.0012975064841741,0.674174155827134,2.20782399177551,-0.73225337266922,1.0402957201004,-0.0278341465572802,0.00170576047362371,0.354927666707395,0.212979316710651,0.385708808897523,0.0652480125424872,0.112907550820068,-0.0438310167251204,0.435646176825427,0.200527504432906,0.200527504432906,0.0123601168056022,0.200527504432906,3111.2,11.2398346
0.0451502140059912,-0.0310939990126832,1.04541659355164,-0.0382848419249058,-0.0236530527472496,-1.91630291938255,0.301671361874533,-0.237418709232471,-0.193632232399092,0.057263602624981,-0.111181930745693,1.45221136830751,2.21870636940002,-0.711969971656799,1.04354190826416,-0.0232928260948984,-0.00269061569486636,0.376461654848822,0.217647552491422,0.405668020250627,0.0649237632755008,0.0908264092481321,-0.0879275233702812,0.430679762830898,0.207288662655225,0.207288662655225,0.0132194862787569,0.207288662655225,3111.25,11.3065349
0.0576836654329528,-0.0413611915871322,1.04541659355164,-0.0382848419249058,-0.0236530527472496,-1.91630291938255,0.376003542808848,-0.308015777233471,-0.0518002217501498,0.0400845218374867,-0.0778273515219849,1.01654795781526,2.23945689201355,-0.669615864753723,1.04946827888489,-0.0206980261458514,-0.00302059395473399,0.417989845000427,0.207505226134499,0.423541069029221,0.0592637062070598,0.0259479994903755,-0.00329978259866432,0.415281901514532,0.217475116392684,0.217475116392684,0.0142959612577799,0.217475116392684,3111.35,11.3732357
0.0702171168599144,-0.0516283841615812,1.04541659355164,-0.0382848419249058,-0.0236530527472496,-1.91630291938255,0.376003542808848,-0.308015777233471,-0.0518002217501498,0.0280591652862407,-0.0544791460653894,0.71158357047068,2.25018262863159,-0.647164642810822,1.05214464664459,-0.0196672675797329,-0.00679637941528958,0.437985196332057,0.21451473236201,0.449024438860483,0.0535273551943839,0.0206151713224834,-0.0755157092115239,0.399907026634787,0.228950608688987,0.228950608688987,0.0154551620596221,0.228950608688987,3111.4,11.4399796
0.0817987467714395,-0.0629701131482147,1.06179165840149,-0.030380493029952,-0.0113978022709489,-2.00718128680656,0.347448897345754,-0.340251869599003,-0.198029467507342,-0.0514977243542151,-0.148432656532479,1.31601380614558,2.27112674713135,-0.600763320922852,1.05724239349365,-0.0131896157866084,-0.00557490052914752,0.470242326430039,0.209441184997749,0.464013218880122,0.050977468490647,0.0647765179313035,0.0122147888614317,0.322571300980118,0.23950319868375,0.23950319868375,0.0165811112075343,0.23950319868375,3111.5,11.5072205
0.0933803766829646,-0.0743118421348481,1.06179165840149,-0.030380493029952,-0.0113978022709489,-2.00718128680656,0.347448897345754,-0.340251869599003,-0.0506538838586602,-0.0360484070479505,-0.103902859572735,0.921209664301904,2.28098034858704,-0.576198160648346,1.05954337120056,-0.0144055323928883,-0.00535508630661378,0.489543314160262,0.197072029113053,0.491303205488325,0.0460195541380162,-0.0243183321255091,0.00439628445065871,0.386019754603054,0.246790601620228,0.246790601620228,0.0175619141410581,0.246790601620228,3111.55,11.573907
0.10496200659449,-0.0856535711214816,1.06179165840149,-0.030380493029952,-0.0113978022709489,-2.00718128680656,0.347448897345754,-0.340251869599003,-0.0506538838586602,-0.0252338849335654,-0.0727320017009147,0.644846765011333,2.29085278511047,-0.55106508731842,1.0619558095932,-0.0174687910484823,-0.00795093102021663,0.507067066642934,0.197448730468032,0.502661466596682,0.0482487678526077,-0.0612651731116583,-0.0519168942718682,0.350475049652154,0.249056908976182,0.249056908976182,0.0183559293933201,0.249056908976182,3111.6,11.6406287
0.116130875904671,-0.100299223387668,1.0764467716217,-0.023478901013732,-0.00990503653883934,-2.08096587657402,0.335066079305435,-0.439369567985589,-0.17785921169893,-0.0797780475994766,-0.0643472927796262,1.11545404341504,2.30087280273438,-0.49846938252449,1.06828606128693,-0.0244363359000462,-0.0123680942651844,0.544099296358543,0.200400352479121,1.05191409588434,0.126605033875203,-0.139350897032039,-0.0883432648998377,0.740644594316234,0.244922410803683,0.244922410803683,0.0189593815851829,0.244922410803683,3111.65,11.7073023
0.127299745214852,-0.114944875653854,1.0764467716217,-0.023478901013732,-0.00990503653883934,-2.08096587657402,0.335066079305435,-0.439369567985589,-0.0459631927169964,-0.0558446333196336,-0.0450431049457384,0.780817830390526,2.3197169303894,-0.471006602048874,1.07272589206696,-0.0230443569622395,-0.0113613251956801,0.566245966110385,0.188441276550464,0.274627804756414,0.0443983078003333,0.0139197893780804,0.0100676906950519,0.221466697518618,0.233583649774436,0.233583649774436,0.0194191033710821,0.233583649774436,3111.75,11.773977
0.138468614525033,-0.12959052792004,1.0764467716217,-0.023478901013732,-0.00990503653883934,-2.08096587657402,0.335066079305435,-0.439369567985589,-0.0459631927169964,-0.0390912433237435,-0.0315301734620169,0.546572481273368,2.32845544815063,-0.442902356386185,1.07851922512054,-0.0176951443371548,-0.0100798000743189,0.584363882981775,0.174770355223974,0.562084913251739,0.115866661071356,0.106984252501304,0.0256305024271307,0.362358337426488,0.214793497967543,0.214793497967543,0.0198247140107196,0.214793497967543,3111.8,11.8407816
0.148466783672062,-0.145030205817027,1.07274174690247,-0.0361761972308159,-0.0125434240326285,-2.15675485133598,0.299945074410869,-0.463190336909608,-0.0167134325956711,0.0869117956271349,0.00167436602069097,1.06470150974902,2.34572505950928,-0.385349154472351,1.09136343002319,-0.00973503612346206,-0.0089481386462675,0.62454771028538,0.172696113586583,0.57553201913886,0.128442049026606,0.0796010821369998,0.0113166142805248,0.401838273036413,0.188920013819969,0.188920013819969,0.0202954493884033,0.188920013819969,3111.9,11.9076257
0.158464952819091,-0.160469883714014,1.07274174690247,-0.0361761972308159,-0.0125434240326285,-2.15675485133598,0.299945074410869,-0.463190336909608,-0.0500586550688156,0.0608382569389945,0.00117205621448368,0.745291056824317,2.35414361953735,-0.355947345495224,1.09815955162048,-0.00902598775435067,-0.00641576974484708,0.644556495539566,0.168371200560911,0.588036179540402,0.135922431945306,0.0141809673821764,0.050647378028224,0.40017570508226,0.156898112735288,0.156898112735288,0.0209634212644521,0.156898112735288,3111.95,11.9743395
0.16846312196612,-0.175909561611001,1.07274174690247,-0.0361761972308159,-0.0125434240326285,-2.15675485133598,0.299945074410869,-0.463190336909608,-0.0500586550688156,0.0425867798572961,0.000820439350138577,0.521703739777022,2.3624095916748,-0.326047629117966,1.1050831079483,-0.0106407201553265,-0.00629465105754335,0.663651868928936,0.165319442749926,0.597994327548429,0.138471126557152,-0.0322946480196929,0.00242237374608779,0.381907467789485,0.119877412775293,0.119877412775293,0.0219574473134811,0.119877412775293,3112,12.0410737
0.177233324161608,-0.192097524933568,1.08383941650391,-0.0256441701203585,-0.00652761105448008,-2.23623335360954,0.263106065864648,-0.485638899676993,-0.147129863062762,-0.0649774980940095,-0.0535680092582391,1.08049913830595,2.37806534767151,-0.265485465526581,1.11867141723633,-0.00758258597416958,-0.0119123661289564,0.7020281545246,0.156557559966471,0.605621635911646,0.135883092879755,0.0305813418114579,-0.0561771507139261,0.383762855955245,0.0793278730988337,0.0793278730988337,0.0233778741967302,0.0793278730988337,3112.1,12.1077151
0.186003526357097,-0.208285488256134,1.08383941650391,-0.0256441701203585,-0.00652761105448008,-2.23623335360954,0.263106065864648,-0.485638899676993,-0.0472508366497985,-0.0454842486658067,-0.0374976064807674,0.756349396814166,2.3853964805603,-0.234534099698067,1.12484037876129,-0.00348714765185825,-0.0127673815039055,0.720795578878326,0.146622657776679,0.61902731657366,0.123379230499941,0.0819087664466735,-0.0171003074990745,0.375348487076573,0.0365749805695125,0.0365749805695125,0.0252892736432785,0.0365749805695125,3112.15,12.1744487
0.194773728552585,-0.2244734515787,1.08383941650391,-0.0256441701203585,-0.00652761105448008,-2.23623335360954,0.263106065864648,-0.485638899676993,-0.0472508366497985,-0.0318389740660647,-0.0262483245365372,0.529444577769916,2.39234232902527,-0.204030722379684,1.13078916072845,0.00379058442422707,-0.0120261572708921,0.73672486043294,0.138916969298811,0.610067546365426,0.118975639342829,0.145554641521177,0.0148244846602127,0.318585631091111,-0.00697027073482302,-0.00697027073482302,0.0276942343787914,-0.00697027073482302,3112.2,12.2411456
0.197189070332564,-0.240233230453489,1.12414157390594,-0.025322088971734,-0.00462869042530656,-2.31343984603355,0.0724602533993748,-0.472793366243648,-0.465189866461806,-0.025186012183865,-0.0354641128381377,1.06546963625504,2.40577483177185,-0.142836898565292,1.14287686347961,0.0154822118224515,-0.0127396559229188,0.763594233281094,0.134325027465942,0.611938238144477,0.120877027511707,0.116916273982351,-0.00713498652027344,0.268693728481785,-0.050242948951336,-0.050242948951336,0.0305392965203564,-0.050242948951336,3112.3,12.3078823
0.196984337847902,-0.259916179424209,1.12414157390594,-0.025322088971734,-0.00462869042530656,-2.31343984603355,-0.00614197453987063,-0.590488469121612,-0.104348781106338,-0.0176302085287055,-0.0248248789866964,0.745828745378527,2.41171431541443,-0.112769283354282,1.14831066131592,0.0209940449377332,-0.0135279721186709,0.775737824928384,0.11878967285113,0.601352304218012,0.108675956725679,0.110236662305233,-0.0157663239149834,0.24287183294492,-0.0923856612488207,-0.0923856612488207,0.0337049188311113,-0.0923856612488207,3112.35,12.3746179
0.196779605363239,-0.27959912839493,1.12414157390594,-0.025322088971734,-0.00462869042530656,-2.31343984603355,-0.00614197453987063,-0.590488469121612,-0.104348781106338,-0.0123411459700939,-0.0173774152906875,0.522080121764969,2.41752886772156,-0.0830852314829826,1.15459167957306,0.027438197729326,-0.0112040496164258,0.783081174984162,0.116291046143213,0.593681037429235,0.125620365143508,0.12888305583256,0.0464784500451555,0.146867001116366,-0.132835652108192,-0.132835652108192,0.0370154191303901,-0.132835652108192,3112.4,12.4412954
0.195461533124612,-0.29922691400016,1.15676379203796,-0.0122895603999496,0.0103908944875002,-2.37506222724388,-0.039542167158813,-0.588833568156904,-0.398943739085675,-0.125931559325126,-0.147340454918742,0.920057516128423,2.4286675453186,-0.0262130368500948,1.1685733795166,0.0419726567478673,0.00274031045254236,0.790397581888385,0.11138677597056,0.568721946329396,0.139816999435552,0.145344590185545,0.139443600689808,0.0731640690422929,-0.171375526650715,-0.171375526650715,0.0402607831294844,-0.171375526650715,3112.5,12.5079797
0.194143460885985,-0.31885469960539,1.15676379203796,-0.0122895603999496,0.0103908944875002,-2.37506222724388,-0.039542167158813,-0.588833568156904,-0.105343775897504,-0.0881520915275883,-0.103138318443119,0.644040261289896,2.43403744697571,0.00111646577715874,1.17507243156433,0.0509366865185428,0.00972985324143511,0.791210200978758,0.107398033141699,0.546590052543082,0.129981040954117,0.179280595412858,0.139790855777346,0.0162523818073965,-0.207952785386125,-0.207952785386125,0.0432073241293478,-0.207952785386125,3112.55,12.5746904
0.192825388647358,-0.33848248521062,1.15676379203796,-0.0122895603999496,0.0103908944875002,-2.37506222724388,-0.039542167158813,-0.588833568156904,-0.105343775897504,-0.0617064640693118,-0.0721968229101836,0.450828182902927,2.43964266777039,0.0272047892212868,1.18199372291565,0.0577163758675916,0.0144953304901317,0.78874347235465,0.112104415893147,0.521766468880663,0.138425827025864,0.135593786980482,0.0953095449735861,-0.0493345724819764,-0.24258010596543,-0.24258010596543,0.0456199148085045,-0.24258010596543,3112.6,12.6413928
0.180553973603567,-0.358608778631633,1.19652581214905,0.0148761374875903,0.0181249249726534,-2.39656639098594,-0.368142451313727,-0.603788802630375,-0.499138424794617,-0.287685805836377,-0.120144050403507,0.509117201710638,2.45198893547058,0.0752502977848053,1.19570255279541,0.0725837272130871,0.0210515057231336,0.772427767863636,0.123462677002065,0.480455085635622,0.137088298797732,0.148673513455091,0.065561752330078,-0.163157044910291,-0.275289349442028,-0.275289349442028,0.0472907147467583,-0.275289349442028,3112.7,12.7081233
0.168282558559776,-0.378735072052645,1.19652581214905,0.0148761374875903,0.0181249249726534,-2.39656639098594,-0.368142451313727,-0.603788802630375,-0.141280243794861,-0.201380064085464,-0.0841008352824551,0.356382041197446,2.4588508605957,0.0968073531985283,1.20307505130768,0.0782015547089927,0.0247014891566588,0.760725943611749,0.13723850250319,0.431141108276813,0.147449970246166,0.112356549918725,0.0729996686709022,-0.234036485039011,-0.305934596368345,-0.305934596368345,0.0480562374261948,-0.305934596368345,3112.75,12.7748129
0.156011143515985,-0.398861365473658,1.19652581214905,0.0148761374875903,0.0181249249726534,-2.39656639098594,-0.368142451313727,-0.603788802630375,-0.141280243794861,-0.140966044859825,-0.0588705846977186,0.249467428838212,2.46616744995117,0.116817489266396,1.21063697338104,0.0827097149164498,0.0211565448039277,0.749128651156396,0.146331787108843,0.40020272135589,0.151238441466735,0.0901632041488124,-0.0708988870543641,-0.231945849106221,-0.334225996800123,-0.334225996800123,0.0478203990228149,-0.334225996800123,3112.8,12.8415353
0.144436669602496,-0.419434359944587,1.24282956123352,0.0518315993249416,0.0237063206732273,-2.37119853496025,-0.347234217404692,-0.617189834127887,-0.555555941598827,-0.431275387938039,-0.0914419705935683,-0.0536835040445135,2.48219203948975,0.149970918893814,1.2272344827652,0.0922559230840899,0.0212298073783528,0.712377123324546,0.160245895385888,0.331534296274487,0.165975093841704,0.0954620816764879,0.000732625744252175,-0.36751527831883,-0.359566359046265,-0.359566359046265,0.0465625588389663,-0.359566359046265,3112.9,12.9082624
0.142440928609081,-0.43530405140015,1.24282956123352,0.0518315993249416,0.0237063206732273,-2.37119853496025,-0.0598722298024304,-0.476090743666879,-0.142736859133404,-0.301892771556628,-0.0640093794154978,-0.0375784528311594,2.49084949493408,0.163446649909019,1.23665738105774,0.0973173453164205,0.0234455340716318,0.690680462419315,0.173149108886089,0.269514620303127,0.188457965850144,0.101228444646244,0.0443145338654185,-0.433933218103051,-0.381109932412711,-0.381109932412711,0.0443449614628702,-0.381109932412711,3112.95,12.9749891
0.140445187615667,-0.451173742855712,1.24282956123352,0.0518315993249416,0.0237063206732273,-2.37119853496025,-0.0598722298024304,-0.476090743666879,-0.142736859133404,-0.211324940089639,-0.0448065655908485,-0.0263049169818116,2.50025105476379,0.175111651420593,1.24744760990143,0.0994620918747127,0.0186652992696101,0.673338263191231,0.188031196595264,0.233300030232749,0.215804576874957,0.0428949311660788,-0.0956046960409553,-0.346843984563564,-0.397793980825026,-0.397793980825026,0.0413108876664378,-0.397793980825026,3113,13.0416769
0.139602950040829,-0.46719270371265,1.23991274833679,0.0721258446574211,0.0312440060079098,-2.30670535563896,-0.0252671272451308,-0.480568825708131,-0.114170606955587,-0.330575666055063,-0.0992037639257361,-0.59885205577887,2.51933431625366,0.190478414297104,1.27098560333252,0.112199478273232,0.00477780252117479,0.626523312729966,0.190832614897987,0.153667628764547,0.235379934310057,0.127373863984728,-0.138874967483848,-0.468149504610947,-0.408460389144011,-0.408460389144011,0.0376701369315576,-0.408460389144011,3113.1,13.108335
0.138760712465992,-0.483211664569588,1.23991274833679,0.0721258446574211,0.0312440060079098,-2.30670535563896,-0.0252671272451308,-0.480568825708131,-0.140421923026143,-0.231402966238544,-0.0694426347480153,-0.419196439045209,2.52873206138611,0.194989949464798,1.2833479642868,0.11504167395767,0.00325071694392342,0.603263096794185,0.187954902649951,0.0902307033543742,0.247247219087043,0.0568439136890652,-0.0305417115451942,-0.465204318718163,-0.411965993920543,-0.411965993920543,0.0336742879633622,-0.411965993920543,3113.15,13.1750973
0.137918474891154,-0.499230625426526,1.23991274833679,0.0721258446574211,0.0312440060079098,-2.30670535563896,-0.0252671272451308,-0.480568825708131,-0.140421923026143,-0.161982076366981,-0.0486098443236107,-0.293437507331646,2.53902506828308,0.196365028619766,1.29632222652435,0.11441071496581,-0.0149346566235424,0.570142570008477,0.205860137938704,0.0275015830992652,0.259485244750033,-0.012619179837151,-0.363707471347992,-0.662410535711745,-0.407305314806891,-0.407305314806891,0.0296180363740789,-0.407305314806891,3113.2,13.241838
0.145026795305813,-0.498805382018383,1.25764536857605,0.0860172882676125,0.0497501865029335,-2.2119029760308,0.213249612439765,0.012757302244261,-0.307916797792378,-0.238410445948609,-0.200582515481741,-1.05862767160554,2.55753898620605,0.19313982129097,1.31850183010101,0.111084563695526,-0.0297446117286661,0.511639470505737,0.185139179229905,-0.0322520732879932,0.221796035766803,-0.0332615127028715,-0.148099551051372,-0.585030995027928,-0.393822786320831,-0.393822786320831,0.0257905828709902,-0.393822786320831,3113.3,13.3085718
0.149777267309096,-0.491858734425294,1.25764536857605,0.0860172882676125,0.0497501865029335,-2.2119029760308,0.142514160098486,0.208399427792679,-0.136994301047217,-0.166887312164026,-0.140407760837219,-0.741039370123876,2.56589603424072,0.18834388256073,1.32824957370758,0.114385670724219,-0.0350131232307039,0.479440126359733,0.167140960692751,-0.0959187746044484,0.194954872130638,0.0660221405736296,-0.105370230040373,-0.643986882917755,-0.371335191522248,-0.371335191522248,0.0224592886920171,-0.371335191522248,3113.35,13.3752759
0.154527739312379,-0.484912086832205,1.25764536857605,0.0860172882676125,0.0497501865029335,-2.2119029760308,0.142514160098486,0.208399427792679,-0.136994301047217,-0.116821118514818,-0.0982854325860531,-0.518727559086713,2.57283806800842,0.18084380030632,1.33697152137756,0.110166739222368,-0.0410531592439931,0.44931905364341,0.138840675354762,-0.150001645089014,0.17443895340061,-0.0843786300374863,-0.120800720266443,-0.602421454329732,-0.340223149473093,-0.340223149473093,0.0198425112426085,-0.340223149473093,3113.4,13.4419527
0.158431529124029,-0.477320702209511,1.30872631072998,0.0779579654335976,0.0681387782096863,-2.09303879737327,0.117113694349504,0.227741538680819,-0.593389399061002,-0.0092408774542387,-0.234297128171012,-1.43288689927849,2.58523678779602,0.162167340517044,1.35041928291321,0.0989146994866171,-0.0492312631094185,0.3860582433413,0.123987197876089,-0.186764597892931,0.134477615356568,-0.11252039735761,-0.0817810386543285,-0.63260810302168,-0.30142911767131,-0.30142911767131,0.0180913402440227,-0.30142911767131,3113.5,13.5086813
0.162335318935679,-0.469729317586817,1.30872631072998,0.0779579654335976,0.0681387782096863,-2.09303879737327,0.117113694349504,0.227741538680819,-0.133660919675626,-0.00646861421796709,-0.164007989719709,-1.00302082949494,2.58924031257629,0.148882478475571,1.35652577877045,0.0903533187969718,-0.053609250935475,0.349807412097257,0.0800704956051775,-0.265697240828501,0.122129917144331,-0.171227613792282,-0.0875597565208113,-0.725016624878228,-0.256594556304714,-0.256594556304714,0.0172846160853911,-0.256594556304714,3113.55,13.5753589
0.166239108747329,-0.462137932964123,1.30872631072998,0.0779579654335976,0.0681387782096863,-2.09303879737327,0.117113694349504,0.227741538680819,-0.133660919675626,-0.00452802995257696,-0.114805592803796,-0.702114580646458,2.59198880195618,0.134814321994781,1.36218297481537,0.0821308121213723,-0.0536798158248746,0.315938012428075,0.0549697875974563,-0.28136312961476,0.113143920898026,-0.164450133511393,-0.0014112977879864,-0.677387993381175,-0.207760677786069,-0.207760677786069,0.0174151588647632,-0.207760677786069,3113.6,13.6420759
0.162565477675449,-0.451625255729534,1.34560477733612,0.0645451322197914,0.0707794427871704,-1.95920014380882,-0.110208932156407,0.315380317037663,-0.426572521176728,0.117545877957452,-0.104129896160014,-1.6960280885326,2.59407925605774,0.104122780263424,1.37102806568146,0.0651248823885861,-0.0600564602305134,0.260190276334718,0.020904541015644,-0.306915417313855,0.0884509086609691,-0.170059297328017,-0.0637664440564467,-0.557477360934076,-0.157426941119424,-0.157426941119424,0.0183994076329591,-0.157426941119424,3113.7,13.7087927
0.158891846603568,-0.441112578494945,1.34560477733612,0.0645451322197914,0.0707794427871704,-1.95920014380882,-0.110208932156407,0.315380317037663,-0.0946663217214665,0.0822821145702161,-0.07289092731201,-1.18721966197282,2.59304165840149,0.0876741409301758,1.37351477146149,0.0553082109596163,-0.0575579993895517,0.23379338403991,-0.0207519531251132,-0.328972786666758,0.0497341156008573,-0.196333428580467,0.0499692168195075,-0.527937845899029,-0.108260891358864,-0.108260891358864,0.0200849662927566,-0.108260891358864,3113.75,13.7754867
0.155218215531688,-0.430599901260357,1.34560477733612,0.0645451322197914,0.0707794427871704,-1.95920014380882,-0.110208932156407,0.315380317037663,-0.0946663217214665,0.0575974801991512,-0.051023649118407,-0.831053763380973,2.59135937690735,0.0700720921158791,1.37519860267639,0.0476049316757805,-0.053908407710126,0.20230784824493,-0.0336456298826901,-0.352040976284654,0.0336766242979732,-0.154065585676155,0.0729918335882494,-0.629710715897306,-0.0628189398644617,-0.0628189398644617,0.0222716479130001,-0.0628189398644617,3113.8,13.8422155
0.150149065692161,-0.420624534960993,1.4056670665741,0.0414617508649826,0.0663238987326622,-1.83481669425437,-0.152074495185822,0.299260988980902,-0.632407887251679,0.248068668332685,0.00438334210768899,-1.70118868035667,2.58316922187805,0.0353392288088799,1.37974774837494,0.0253237293161922,-0.0546249882782397,0.158274197081422,-0.0819015502930432,-0.347328633070308,0.045491456985515,-0.222812023596086,-0.00716580568114383,-0.440336511635483,-0.0234553103053638,-0.0234553103053638,0.0247267068786956,-0.0234553103053638,3113.9,13.9089028
0.14010673316418,-0.408741583722945,1.4056670665741,0.0414617508649826,0.0663238987326622,-1.83481669425437,-0.30126997583942,0.356488537141454,-0.102229623749888,0.17364806783288,0.00306833947538229,-1.19083207624967,2.57751774787903,0.0177042465656996,1.38087999820709,0.0203963078408691,-0.0497664189003256,0.143025973672913,-0.113029479980058,-0.352699644862322,0.022644996642984,-0.0985484295061021,0.0971713875579274,-0.30496446816907,0.00808774345314939,0.00808774345314939,0.0272171682232899,0.00808774345314939,3113.95,13.9756135
0.1300644006362,-0.396858632484896,1.4056670665741,0.0414617508649826,0.0663238987326622,-1.83481669425437,-0.30126997583942,0.356488537141454,-0.102229623749888,0.121553647483016,0.0021478376327676,-0.833582453374769,2.57113790512085,0.000365392304956913,1.38112986087799,0.0160136146540741,-0.0450107672818082,0.12973057738723,-0.127596855164271,-0.346777085216746,0.00499725341799602,-0.0876538637363795,0.0951130323708688,-0.265907925715124,0.0307156861429748,0.0307156861429748,0.029524220991497,0.0307156861429748,3114,14.0423062
0.118827818579062,-0.386059188413765,1.45635378360748,0.0211855750530958,0.0465958565473557,-1.74096059798667,-0.337097461714133,0.323983322133932,-0.556591159925232,0.267573135545092,0.179055866010696,-1.42821258377164,2.55678963661194,-0.0336787328124046,1.38016986846924,0.0055337663096863,-0.0323109305834486,0.107292541100876,-0.143482685088589,-0.340441251172377,-0.00959992408748949,-0.104798483443497,0.126998366983134,-0.22438036286272,0.0441977813256538,0.0441977813256538,0.0314686833418714,0.0441977813256538,3114.1,14.1089822
0.107591236521924,-0.375259744342634,1.45635378360748,0.0211855750530958,0.0465958565473557,-1.74096059798667,-0.337097461714133,0.323983322133932,-0.100410706624755,0.187301194881564,0.125339106207487,-0.999748808640148,2.54946947097778,-0.0499253943562508,1.38020205497742,9.07211987609012e-05,-0.0273576323206432,0.10024442139993,-0.146403312683904,-0.324933230878696,0.000643730163577732,-0.108860902219102,0.0990659652566478,-0.140962394019685,0.0491893371883946,0.0491893371883946,0.0329251192980451,0.0491893371883946,3114.15,14.1756925
0.0963546544647862,-0.364460300271503,1.45635378360748,0.0211855750530958,0.0465958565473557,-1.74096059798667,-0.337097461714133,0.323983322133932,-0.100410706624755,0.131110836417095,0.0877373743452412,-0.699824166048104,2.54116225242615,-0.0656766891479492,1.38074743747711,-0.00193385575774757,-0.023106246200979,0.0966761711864992,-0.16614437103211,-0.315025895832823,0.0109076499938568,-0.040491539130022,0.0850277223929755,-0.0713650042683593,0.0471856327689856,0.0471856327689856,0.033826390064831,0.0471856327689856,3114.2,14.2423644
0.0863131369938861,-0.357342245002686,1.47331118583679,0.00654766149818897,0.0194013472646475,-1.6925120353646,-0.301245524127004,0.213541658064518,-0.243157664019521,0.223518807486128,0.306166745586042,-0.925913979832305,2.52455401420593,-0.0952047482132912,1.38631772994995,-0.00066337784719323,-0.0208672670362713,0.0945640822939862,-0.166082382202299,-0.295280590653688,0.0557029247284442,0.0127047791055549,0.0223897916470976,-0.0211208889251494,0.0404191894312783,0.0404191894312783,0.0341702922767532,0.0404191894312783,3114.3,14.3090642
0.0810103133328263,-0.348327124214064,1.47331118583679,0.00654766149818897,0.0194013472646475,-1.6925120353646,-0.159084709831792,0.27045362365866,-0.121643079799215,0.15646316524029,0.21431672191023,-0.648139785882614,2.5161566734314,-0.109172314405441,1.39028978347778,-0.000105637941605244,-0.0202193856648927,0.0938570756716029,-0.167946815490112,-0.279351323841986,0.0794410705563516,0.0111547981117191,0.0129576274275236,-0.0141401324476144,0.0316601815810325,0.0316601815810325,0.0340097918126931,0.0316601815810325,3114.35,14.3757516
0.0757074896717666,-0.339312003425442,1.47331118583679,0.00654766149818897,0.0194013472646475,-1.6925120353646,-0.159084709831792,0.27045362365866,-0.121643079799215,0.109524215668203,0.150021705337161,-0.45369785011783,2.50714802742004,-0.123035334050655,1.39380669593811,-0.000771821896414897,-0.0161456189991575,0.0958436470668533,-0.180172920228034,-0.277260392905795,0.0703382492069268,-0.0133236790962658,0.081475333315149,0.0397314279052236,0.0239498237774713,0.0239498237774713,0.0334425408277049,0.0239498237774713,3114.4,14.4424804
0.0703178306668867,-0.330412961388215,1.48593783378601,0.0064742723479867,0.0074325785972178,-1.68377995490501,-0.161689770146396,0.266971261116807,-0.237351657408056,0.0773274533195624,0.21273411174288,-0.396177219218833,2.49006056785583,-0.148342132568359,1.40227496623993,-0.00809969214904034,-0.0113722676084598,0.105738242630516,-0.170874595642245,-0.25306798517727,0.0846827030182655,-0.0732787025263211,0.0477335139070205,0.0989459556367212,0.0203299389250947,0.0203299389250947,0.03259490425489,0.0203299389250947,3114.5,14.5091994
0.0649281716620068,-0.321513919350988,1.48593783378601,0.0064742723479867,0.0074325785972178,-1.68377995490501,-0.161689770146396,0.266971261116807,-0.123711825865087,0.0541292173236937,0.148913878220016,-0.277324053453183,2.48163723945618,-0.160643935203552,1.40626740455627,-0.00109389558889015,-0.0127874609500493,0.104800925329497,-0.168466567992551,-0.246036052702962,0.0798487663266138,0.140115931202494,-0.0283038668316879,-0.0187463460203211,0.0235156623128482,0.0235156623128482,0.0316021728715118,0.0235156623128482,3114.55,14.5759052
0.059538512657127,-0.312614877313761,1.48593783378601,0.0064742723479867,0.0074325785972178,-1.68377995490501,-0.161689770146396,0.266971261116807,-0.123711825865087,0.0378904521265856,0.104239714754011,-0.194126837417228,2.47336101531982,-0.172211915254593,1.41090667247772,0.00150509051697818,-0.0135154625104509,0.10812424425941,-0.165524482726449,-0.231359601019971,0.0927853584286175,0.0519797221171777,-0.0145600312079772,0.0664663785980198,0.0356146859164115,0.0356146859164115,0.0305893193491369,0.0356146859164115,3114.6,14.6425754
0.0571359659202416,-0.309569195970127,1.52043747901917,0.00281062535941601,0.00272470992058516,-1.69329667090843,-0.0720764021065605,0.0913704403090376,-0.443578823862657,0.0594961393857461,0.115338618417502,-0.050238342161298,2.45657968521118,-0.194202288985252,1.41848409175873,0.00692589295724606,-0.0135629774585372,0.11097624090411,-0.167813301086578,-0.219903737306795,0.0757741928101275,0.0542080244027281,-0.000475149480864098,0.0285199664470274,0.0579457119238967,0.0579457119238967,0.0296514724380076,0.0579457119238967,3114.7,14.7093246
0.0547334191833563,-0.306523514626492,1.52043747901917,0.00281062535941601,0.00272470992058516,-1.69329667090843,-0.0720764021065605,0.0913704403090376,-0.133082016764269,0.0416472975700223,0.0807370328922511,-0.0351668395129086,2.44799208641052,-0.204629823565483,1.42221307754517,0.00824959298548892,-0.00921759000462152,0.114158429971456,-0.171751976014121,-0.208550691605752,0.0745797157291667,0.0264740005650017,0.0869077490787882,0.0636437813472702,0.0908087943059191,0.0908087943059191,0.0288456803074976,0.0908087943059191,3114.75,14.7760882
0.0523308724464709,-0.303477833282857,1.52043747901917,0.00281062535941601,0.00272470992058516,-1.69329667090843,-0.0720764021065605,0.0913704403090376,-0.133082016764269,0.0291531082990156,0.0565159230245757,-0.024616787659036,2.43989753723145,-0.214586421847343,1.42619156837463,0.00964114706210144,-0.011620521393215,0.114899672021622,-0.161890983580954,-0.199131965636483,0.079569816589066,0.0278310815321491,-0.0480586277716941,0.0148248410032544,0.133371975900876,0.133371975900876,0.0281805143943181,0.133371975900876,3114.8,14.8427539
0.0500131660050337,-0.300410771708293,1.54487872123718,0.0112319830805063,0.00336195062845945,-1.70351243018577,-0.0695311932431158,0.0920118472369219,-0.353499432861085,-0.0553850436805019,0.0338259797463343,0.0747100821347685,2.4234926700592,-0.23368875682354,1.43303418159485,0.00397556628602216,-0.00565345549654081,0.121402989971458,-0.164048671722561,-0.191023349762137,0.0684261322022107,-0.0566558077608443,0.0596706589667959,0.0650331794984187,0.18390982258567,0.18390982258567,0.0276127651971177,0.18390982258567,3114.9,14.9094377
0.0476954595635965,-0.297343710133729,1.54487872123718,0.0112319830805063,0.00336195062845945,-1.70351243018577,-0.0695311932431158,0.0920118472369219,-0.133528252898927,-0.0387695305763513,0.023678185822434,0.052297057494338,2.41578507423401,-0.242483228445053,1.43607366085052,-0.000956114139600489,-0.00492068045753165,0.124349943454307,-0.154151916503345,-0.175889432429627,0.0607895851133042,-0.0986336085120941,0.0146555007801297,0.0589390696567769,0.239741572230302,0.239741572230302,0.0270572879753973,0.239741572230302,3114.95,14.9761317
0.0453777531221593,-0.294276648559165,1.54487872123718,0.0112319830805063,0.00336195062845945,-1.70351243018577,-0.0695311932431158,0.0920118472369219,-0.133528252898927,-0.0271386714034459,0.0165747300757038,0.0366079402460366,2.4081974029541,-0.250709593296051,1.439248919487,-0.00561375790516977,-0.00329491692738934,0.127783683592387,-0.151753425598973,-0.164527297020856,0.0635051727298387,-0.0931528753118939,0.0325152706030237,0.068674802761978,0.297527473845709,0.297527473845709,0.0263967569490981,0.297527473845709,3115,15.0428628
0.0431147388754721,-0.293704354896524,1.54905939102173,0.0062737031839788,-0.00395962176844478,-1.7140283584542,-0.067890427400616,0.0171688098792371,-0.124787349879867,0.0256274490863356,0.0774964626251308,0.120268912588119,2.39357733726501,-0.264459520578384,1.44712913036346,-0.0152133918907218,0.00160014913806732,0.14443743807967,-0.146200656890337,-0.137499272822834,0.0788021087643618,-0.0959963398551716,0.0489506606543886,0.16653754487222,0.353448499442909,0.353448499442909,0.0254992144996028,0.353448499442909,3115.1,15.1095755
0.0408517246287849,-0.293132061233883,1.54905939102173,0.0062737031839788,-0.00395962176844478,-1.7140283584542,-0.067890427400616,0.0171688098792371,-0.0871613218189536,0.0179392143604349,0.0542475238375915,0.0841882388116834,2.38684773445129,-0.270012378692627,1.45144248008728,-0.0188580055139729,0.00547687938046398,0.156800210020418,-0.134592056275149,-0.111057162285457,0.0862669944767891,-0.0728922724654194,0.0775346048483563,0.247255438816308,0.403648529908314,0.403648529908314,0.0242363686068913,0.403648529908314,3115.15,15.1762613
0.0385887103820977,-0.292559767571242,1.54905939102173,0.0062737031839788,-0.00395962176844478,-1.7140283584542,-0.067890427400616,0.0171688098792371,-0.0871613218189536,0.0125574500523044,0.0379732666863141,0.0589317671681784,2.38067221641541,-0.274385064840317,1.45580279827118,-0.0244416988887897,0.0107525754350599,0.169643454025145,-0.123510360717324,-0.0874537229534782,0.0872063636776613,-0.111673867495929,0.105513921091534,0.256864880093611,0.444557889004656,0.444557889004656,0.0225021300977136,0.444557889004656,3115.2,15.2429587
0.0380661577506706,-0.293079560108898,1.57963764667511,0.0062737031839788,-0.00395962176844478,-1.7140283584542,-0.0156765789428138,-0.0155937761297061,-0.388157660501058,0.00879021503661311,0.0265812866804198,0.0412522370177249,2.37081027030945,-0.279291868209839,1.46542692184448,-0.0383297236077201,0.021162356327075,0.209363245523055,-0.09861946105966,-0.0490680336952656,0.0962412357331198,-0.138880247189431,0.104097808920246,0.39719791497946,0.473137481691651,0.473137481691651,0.0202305932068772,0.473137481691651,3115.3,15.3096881
0.0374279023309151,-0.293667964493286,1.57963764667511,-0.00907729752361774,-0.0229514185339212,-1.7465310096688,-0.0191476625926644,-0.017652131531615,-0.11254199070817,0.144312156893998,0.189533071565582,0.321400426843804,2.36603045463562,-0.279694885015488,1.47131681442261,-0.0425402342911835,0.0308097661068527,0.239597502473119,-0.0955963134762147,-0.00806033611294675,0.117797851562071,-0.0842102136689605,0.192948195594852,0.604685138999072,0.487102400699015,0.487102400699015,0.0174318257928063,0.487102400699015,3115.35,15.3759791
0.0367896469111596,-0.294256368877673,1.56039214134216,-0.00907729752361774,-0.0229514185339212,-1.7465310096688,-0.0191476625926644,-0.017652131531615,0.0606675572883514,0.101018509825799,0.132673150095907,0.224980298790663,2.36379790306091,-0.277817696332932,1.47862458229065,-0.0477423373112195,0.0268021192198816,0.264779445073477,-0.0446510314943843,0.0375437736513279,0.146155357361637,-0.104042060401288,-0.0801529377398605,0.503638852009913,0.485336356758237,0.485336356758237,0.0140857428672614,0.485336356758237,3115.4,15.443339
0.0381095001154086,-0.294927921353753,1.56039214134216,-0.0297064948827028,-0.0421856343746185,-1.82200217246482,0.0395955961274691,-0.0201465742824111,-0.0879008173862823,0.256375733109825,0.265979147633411,0.836726674317649,2.35994386672974,-0.270895332098007,1.49444949626923,-0.0582393987433778,0.0258268327315655,0.328008905064704,-0.0385403633118026,0.0692236423493061,0.158249139785911,-0.104970614321679,-0.00975286488317013,0.632294599912845,0.467617155745184,0.467617155745184,0.010385034924478,0.467617155745184,3115.5,15.5100773
0.0394293533196576,-0.295599473829834,1.56039214134216,-0.0297064948827028,-0.0421856343746185,-1.82200217246482,0.0395955961274691,-0.0201465742824111,-0.0879008173862823,0.179463013176877,0.186185403343388,0.585708672022354,2.35946321487427,-0.264154940843582,1.50251317024231,-0.0634922492685297,0.0216926531207769,0.36290109762094,-0.00961303710934003,0.134807825088011,0.161273479461083,-0.105057010502656,-0.0826835922154708,0.697843851122185,0.435022377765022,0.435022377765022,0.00647216911830828,0.435022377765022,3115.55,15.5767782
0.0407492065239066,-0.296271026305914,1.57786476612091,-0.0297064948827028,-0.0421856343746185,-1.82200217246482,0.0395955961274691,-0.0201465742824111,-0.24515444039501,0.125624109223814,0.130329782340371,0.409996070415648,2.35901975631714,-0.25617852807045,1.50972008705139,-0.0648638925959219,0.0216601625017003,0.398535396979335,-0.00886917114254586,0.159528255462066,0.144138336181116,-0.0274328665477429,-0.000649812381529331,0.712685987165312,0.389548423258551,0.389548423258551,0.00255678185721116,0.389548423258551,3115.6,15.6434662
0.0442013176959466,-0.30116970854413,1.57786476612091,-0.0454471483826637,-0.0493527613580227,-1.94332182406852,0.103563335161201,-0.146960467146494,-0.0911829670490804,0.229602757956318,0.155734990488897,1.37887411372424,2.36044478416443,-0.233462944626808,1.52437520027161,-0.0606555716440357,0.00923472403743434,0.474367034845416,0.0142502784729134,0.227155834436623,0.146551132202282,0.0420832095189002,-0.124254384642773,0.758316378661498,0.333973318317783,0.333973318317783,-0.00112863111568114,0.333973318317783,3115.7,15.7101714
0.0476534288679866,-0.306068390782347,1.57786476612091,-0.0454471483826637,-0.0493527613580227,-1.94332182406852,0.103563335161201,-0.146960467146494,-0.0911829670490804,0.160721930569423,0.109014493342228,0.965211879606969,2.36164283752441,-0.220085188746452,1.53005135059357,-0.0592922818755331,0.00138567401474892,0.510719946007178,0.0239610671998378,0.267555117608577,0.113523006439828,0.0272657953701992,-0.156981000454565,0.727058223239199,0.271613618161034,0.271613618161034,-0.00434981239658439,0.271613618161034,3115.75,15.7769254
0.0511055400400266,-0.310967073020563,1.6205575466156,-0.0454471483826637,-0.0493527613580227,-1.94332182406852,0.103563335161201,-0.146960467146494,-0.47541799150129,0.112505351398596,0.0763101453395597,0.675648315724878,2.36303687095642,-0.205149382352829,1.53465974330902,-0.0567968353424179,-0.00880290728367946,0.547595093087353,0.0278806686400353,0.29871612787138,0.0921678543087467,0.0499089306621233,-0.203771625967826,0.737502941600831,0.206157093526234,0.206157093526234,-0.00688963448488102,0.206157093526234,3115.8,15.8436472
0.0538058963392569,-0.316293930743384,1.6205575466156,-0.0459682121872902,-0.0415307320654392,-2.09254395961235,0.081010688976909,-0.159805731684604,-0.0917778945386412,0.0834433202206552,-0.0169811618955594,1.81595304090182,2.3656165599823,-0.171381965279579,1.54113721847534,-0.0472913343263519,-0.0122033838289576,0.61303515495417,0.0257968902588125,0.337674170732805,0.0647747516632669,0.0950550101607463,-0.0340047654528119,0.654400618668761,0.141163459920062,0.141163459920062,-0.00858120400569323,0.141163459920062,3115.9,15.9103417
0.0565062526384872,-0.321620788466204,1.6205575466156,-0.0459682121872902,-0.0415307320654392,-2.09254395961235,0.081010688976909,-0.159805731684604,-0.0917778945386412,0.0584103241544587,-0.0118868133268916,1.27116712863128,2.36683869361877,-0.152567863464355,1.54287981987,-0.0384854872893599,-0.0142801661348129,0.647077796480701,0.0244426727294033,0.376282036303105,0.0348520278929396,0.176116940739199,-0.041535646116956,0.680852830528139,0.0798084306916338,0.0798084306916338,-0.00932132531758982,0.0798084306916338,3115.95,15.9770527
0.0592066089377175,-0.326947646189024,1.63559293746948,-0.0459682121872902,-0.0415307320654392,-2.09254395961235,0.081010688976909,-0.159805731684604,-0.227096412223578,0.0408872269081211,-0.00832076932882411,0.889816990041894,2.36834502220154,-0.132455036044121,1.5431969165802,-0.0225338954747645,-0.014064773227806,0.674853467563526,0.0301265716554378,0.402256548406889,0.00634193420413617,0.319031836293649,0.00430785814016248,0.555513421659529,0.0247301419110028,0.0247301419110028,-0.00908111699297023,0.0247301419110028,3116,16.0437758
0.0612001204085295,-0.332564672384416,1.63559293746948,-0.0369893722236156,-0.0225643645972013,-2.23624074458549,0.0598053441243601,-0.168510785861765,-0.0921190602770962,-0.0521885008373862,-0.176521845744318,1.91614295778763,2.36940550804138,-0.0927426517009735,1.5409631729126,0.00474148228662481,-0.0101819780883716,0.717394811281281,0.0106048583983989,0.397123843430028,-0.0223374366759441,0.272753777612901,0.0388279513942019,0.425413437176009,-0.0222145246345305,-0.0222145246345305,-0.00791337887280974,-0.0222145246345305,3116.1,16.1105286
0.0631936318793415,-0.338181698579808,1.63559293746948,-0.0369893722236156,-0.0225643645972013,-2.23624074458549,0.0598053441243601,-0.168510785861765,-0.0921190602770962,-0.0365319505861703,-0.123565292021022,1.34130007045134,2.36959457397461,-0.0723601132631302,1.53920710086823,0.0115362025877489,-0.0104254160883644,0.736492067148958,0.00378131866457142,0.407650768759091,-0.0351214408876428,0.135894406023223,-0.004868759999882,0.381945117355624,-0.0599761165294077,-0.0599761165294077,-0.00595333549460224,-0.0599761165294077,3116.15,16.1772293
0.0651871433501535,-0.3437987247752,1.63799464702606,-0.0369893722236156,-0.0225643645972013,-2.23624074458549,0.0598053441243601,-0.168510785861765,-0.113734446286313,-0.0255723654103192,-0.0864957044147157,0.938910049315937,2.37000012397766,-0.0530656538903713,1.53704106807709,0.0189177178836477,-0.00738343735081258,0.747395460630281,0.00811100006100565,0.385889187453773,-0.0433206558225963,0.147630305917439,0.0608395747508154,0.218067869625653,-0.0884739493598473,-0.0884739493598473,-0.00340359335210205,-0.0884739493598473,3116.2,16.2439155
0.0667070049462563,-0.355734309274774,1.63799464702606,-0.0369893722236156,-0.0225643645972013,-2.23624074458549,0.0455958478830824,-0.358067534987202,0.0116601432316638,-0.0179006557872235,-0.060546993090301,0.657237034521156,2.36942529678345,-0.0136451870203018,1.53291034698486,0.0342639973242381,-0.00805365444961898,0.766897973320197,-0.0057482719421439,0.394204668701054,-0.0413072109222788,0.153462794406043,-0.00670217098807004,0.195025126899337,-0.108422063106957,-0.108422063106957,-0.000516154779223545,-0.108422063106957,3116.3,16.3106525
0.0670038805498879,-0.367761853069051,1.63799464702606,-0.00798441842198372,0.00487537030130625,-2.33660781382987,0.00890626810894822,-0.360826313828327,0.0119995971165499,-0.273575043265744,-0.289340509249779,1.36336954736427,2.36828446388245,0.00533014535903931,1.531334400177,0.0395461991830915,-0.00512185406371794,0.772507923571161,-0.0228166580199365,0.379506647585442,-0.0315189361571119,0.105644037176684,0.0586360077178074,0.112199005018887,-0.121148808854259,-0.121148808854259,0.00241994207353656,-0.121148808854259,3116.35,16.3773387
0.0673007561535195,-0.379789396863329,1.62912666797638,-0.00798441842198372,0.00487537030130625,-2.33660781382987,0.00890626810894822,-0.360826313828327,0.0918114085636935,-0.191502530286021,-0.202538356474845,0.954358683154988,2.36810851097107,0.0231505483388901,1.53031253814697,0.0480912389360638,-0.000821904382845409,0.773196183496879,-0.00351905822755827,0.35640805959896,-0.0204372406006975,0.170900795060378,0.08599899361792,0.0137651985144345,-0.128500032942591,-0.128500032942591,0.00511839125008601,-0.128500032942591,3116.4,16.4440407
0.0652087120948679,-0.393577640901865,1.62912666797638,0.0120842372998595,0.0205545779317617,-2.37563490867088,-0.0627613217595483,-0.413647321156081,0.000990434404454041,-0.314669672696804,-0.282889718206491,1.01929493177752,2.3670859336853,0.055711954832077,1.52992713451385,0.0557898220573197,0.00479294673677867,0.765025916700373,-0.0102257728576753,0.325614064932166,-0.00385403633118026,0.076985831212629,0.0561485111962919,-0.0817026679651411,-0.132538594634534,-0.132538594634534,0.00730965722720329,-0.132538594634534,3116.5,16.5107111
0.0631166680362163,-0.407365884940401,1.62912666797638,0.0120842372998595,0.0205545779317617,-2.37563490867088,-0.0627613217595483,-0.413647321156081,0.000990434404454041,-0.220268770887763,-0.198022802744544,0.713506452244265,2.3665828704834,0.0708066523075104,1.53049194812775,0.0561614332362754,0.00353676752845671,0.760874182514569,-0.0100612640380493,0.301893949507569,0.0112962722777909,0.00743222357908637,-0.0251235841663479,-0.0830346837157746,-0.135335874778446,-0.135335874778446,0.00877052647075286,-0.135335874778446,3116.55,16.5772645
0.0615639210140347,-0.417467474608414,1.62538599967957,0.0120842372998595,0.0205545779317617,-2.37563490867088,-0.0465824106654462,-0.303047690040409,0.0235524543170979,-0.154188139621434,-0.138615961921181,0.499454516570986,2.36628150939941,0.0845826417207718,1.53187799453735,0.0551631024363246,0.00547049103016935,0.753104566009138,-0.00602722167966557,0.275519788264226,0.0277209281920378,-0.0199666159989431,0.0386744700341122,-0.155392330108045,-0.138772670694801,-0.138772670694801,0.00934772188885671,-0.138772670694801,3116.6,16.6440957
0.0601073119728165,-0.427585958894638,1.62538599967957,0.0291286576539278,0.0264642238616943,-2.36644649505088,-0.0436982712365454,-0.303554528586699,-0.00890062469717086,-0.261331480921618,-0.15021798671422,0.266922439019734,2.36583685874939,0.108871445059776,1.53640067577362,0.0566711311093139,0.00551605273020172,0.738048888699943,-0.00444650650024819,0.242888033390266,0.045226812362712,0.0150802867299073,0.000455617000324159,-0.15055677309209,-0.14431484349791,-0.14431484349791,0.00895209434683525,-0.14431484349791,3116.7,16.7108219
0.0586507029315984,-0.437704443180861,1.62538599967957,0.0291286576539278,0.0264642238616943,-2.36644649505088,-0.0436982712365454,-0.303554528586699,-0.00890062469717086,-0.182932036645133,-0.105152590699954,0.186845707313814,2.36596846580505,0.11951258033514,1.53927302360535,0.0578506004335206,0.00762422757491322,0.726498952257934,0.00263214111329561,0.21282270550844,0.057446956634835,0.0235893864842626,0.0421634968944601,-0.230998728841431,-0.152941492598632,-0.152941492598632,0.0075852917052417,-0.152941492598632,3116.75,16.7775383
0.0571940938903802,-0.447822927467084,1.644082903862,0.0291286576539278,0.0264642238616943,-2.36644649505088,-0.0436982712365454,-0.303554528586699,-0.177172762339078,-0.128052425651593,-0.0736068134899677,0.13079199511967,2.36573553085327,0.128550142049789,1.54197561740875,0.0596910103817067,0.00875438578796853,0.718404093689112,-0.00465869903562758,0.180751234292326,0.0540518760679186,0.0368081989635885,0.0226031642610239,-0.161897171375862,-0.165067816034042,-0.165067816034042,0.0053261187670681,-0.165067816034042,3116.8,16.8442581
0.0560935130316777,-0.457989243457194,1.644082903862,0.0360228940844536,0.0221675392240286,-2.33125138282249,-0.0330174257610732,-0.304989479703296,-0.00726899886369965,-0.151684825830847,-0.0128546077039856,-0.225201613471773,2.36639046669006,0.144261091947556,1.5461083650589,0.0651208807395817,0.00695565985886368,0.695508535828428,0.00654935836792588,0.157109498977804,0.0413274765015024,0.0542987035787987,-0.0179872592910648,-0.22895557860705,-0.180563180986934,-0.180563180986934,0.00232084872982862,-0.180563180986934,3116.9,16.9110073
0.0549929321729753,-0.468155559447304,1.644082903862,0.0360228940844536,0.0221675392240286,-2.33125138282249,-0.0330174257610732,-0.304989479703296,-0.00726899886369965,-0.106179378081593,-0.00899822539278995,-0.157641129430241,2.36702752113342,0.150495201349258,1.54708385467529,0.0652346577802571,0.00286445207119785,0.682579938303923,0.0127410888671411,0.124682188033604,0.0195097923278099,0.00227554081350117,-0.0818241557530191,-0.258571950489149,-0.198790663317074,-0.198790663317074,-0.00122740926111607,-0.198790663317074,3116.95,16.9777138
0.0558759141718113,-0.470631845342149,1.65394568443298,0.0360228940844536,0.0221675392240286,-2.33125138282249,0.0264894599650795,-0.0742885768453406,-0.112852394540376,-0.0743255646571151,-0.00629875777495296,-0.110348790601169,2.36791467666626,0.156083449721336,1.54771077632904,0.0636515879292575,-0.00314439029195537,0.669094328265738,0.0177431106568351,0.111764967442169,0.0125384330750196,-0.0316613970201658,-0.12017684726372,-0.269712200765179,-0.21877281223548,-0.21877281223548,-0.00508935933675888,-0.21877281223548,3117,17.0444061
0.0568862633210395,-0.473060037827985,1.65394568443298,0.0407165847718716,0.0295489504933357,-2.28314220904777,0.0303104744768471,-0.0728457745750884,-0.0240390316341179,-0.0942711114467424,-0.0708418318662313,-0.510226717393288,2.36916875839233,0.163586109876633,1.54769241809845,0.0674092960078346,-0.00853865305440672,0.643073802055999,0.0125408172606966,0.0750266015526903,-0.000183582305907535,0.0375770807856345,-0.0539426276243172,-0.260205262096447,-0.239328494563261,-0.239328494563261,-0.00903064576814987,-0.239328494563261,3117.1,17.1111351
0.0578966124702678,-0.475488230313821,1.65394568443298,0.0407165847718716,0.0295489504933357,-2.28314220904777,0.0303104744768471,-0.0728457745750884,-0.0240390316341179,-0.0659897780127197,-0.0495892823063619,-0.357158702175301,2.36893510818481,0.164845794439316,1.54720962047577,0.0692659647019654,-0.00605000645727426,0.630465201832376,-0.00467300415041613,0.0251936912537996,-0.00965595245366597,0.0371333738828184,0.0497729319429208,-0.252172004473831,-0.259198871576181,-0.259198871576181,-0.0128286304626727,-0.259198871576181,3117.15,17.1778847
0.0595100043513834,-0.474727234347762,1.65343809127808,0.0407165847718716,0.0295489504933357,-2.28314220904777,0.0484017564334691,0.022829878981769,-0.00509102898173761,-0.0461928446089038,-0.0347124976144533,-0.250011091522711,2.36926746368408,0.165403410792351,1.54595720767975,0.0729281808789829,-0.00611861868165607,0.614893418902566,0.00664710998532738,0.0111523270606589,-0.025048255920319,0.0732443235400829,-0.0013722444876313,-0.31143565859506,-0.277197959003826,-0.277197959003826,-0.0162930319344807,-0.277197959003826,3117.2,17.2445643
0.061123396232499,-0.473966238381703,1.65343809127808,0.0407165847718716,0.0295489504933357,-2.28314220904777,0.0484017564334691,0.022829878981769,-0.00965936737590265,-0.0323349912262326,-0.0242987483301173,-0.175007764065898,2.36867904663086,0.162820652127266,1.54229247570038,0.0747185121295965,-0.0111880219893964,0.586448571299518,-0.00588417053223191,-0.0258275866508719,-0.0366473197937345,0.0179033125061523,-0.050694033077449,-0.284448476030744,-0.292409183524404,-0.292409183524404,-0.0192956649523452,-0.292409183524404,3117.3,17.311274
0.0626956361050645,-0.473118989776375,1.65343809127808,0.0433290265500546,0.0335137508809566,-2.22932720183799,0.0471671961769649,0.0254174581598642,-0.00948382162828886,-0.0461464698620097,-0.0526923273196705,-0.606840499734129,2.36768293380737,0.159307360649109,1.53862702846527,0.0750561114253261,-0.00856281234787668,0.568076752989261,-0.0199222564696541,-0.0702658295628852,-0.0733089447018817,0.00675198591456747,0.0525041928302026,-0.367436366203804,-0.30416812403535,-0.30416812403535,-0.0217606427566364,-0.30416812403535,3117.35,17.3779465
0.0633071184663559,-0.470103116362177,1.62856042385101,0.0433290265500546,0.0335137508809566,-2.22932720183799,0.0183444708387411,0.0904762024259228,0.264505669716163,-0.0323025289034068,-0.0368846291237693,-0.42478834981389,2.36679792404175,0.155447900295258,1.53637051582336,0.0795692481916885,-0.0140139810254166,0.549589409033508,-0.0177001953125966,-0.0771892070774476,-0.045130252838381,0.0902627353277421,-0.109023373551394,-0.369746879117065,-0.312167537445344,-0.312167537445344,-0.0236811322357209,-0.312167537445344,3117.4,17.4446891
0.0636982902332669,-0.467062536572214,1.62856042385101,0.0483576655387878,0.0426776930689812,-2.16246616839836,0.0117351530073308,0.0912173936988975,0.0409918010339468,-0.0678695211309844,-0.108294720078859,-0.899101145826449,2.3633086681366,0.142376661300659,1.52920031547546,0.0826512790612513,-0.0189979862353344,0.507696294735369,-0.0348925590515454,-0.130712389946103,-0.0717020034790691,0.0308203086956553,-0.049840052099223,-0.418931142981777,-0.316376669183793,-0.316376669183793,-0.0251006712651806,-0.316376669183793,3117.5,17.5113936
0.064089462000178,-0.464021956782251,1.62856042385101,0.0483576655387878,0.0426776930689812,-2.16246616839836,0.0117351530073308,0.0912173936988975,0.0409918010339468,-0.0475086647916891,-0.0758063040552014,-0.629370802078514,2.36099481582642,0.133718013763428,1.52511429786682,0.0852860777837584,-0.0244043188099664,0.484149677049403,-0.0462770462034449,-0.173172950743999,-0.0817203521725543,0.0526959744499506,-0.108126651492248,-0.470932353717589,-0.317030777375704,-0.317030777375704,-0.0261139078891162,-0.317030777375704,3117.55,17.5781307
0.0622680550742464,-0.458391441807349,1.63024568557739,0.0565175674855709,0.0521703362464905,-2.07610988616416,-0.0546422077779459,0.168915449247051,0.0211887821879811,-0.10669518287523,-0.138498201436225,-1.21776610156269,2.35791444778442,0.12383995950222,1.52053356170654,0.0853376922757899,-0.029498392672995,0.46331957584356,-0.0616073608396196,-0.197561085223433,-0.0916147232052331,0.00103228984062688,-0.101881477260201,-0.416602024115346,-0.314503961242753,-0.314503961242753,-0.026843172362715,-0.314503961242753,3117.6,17.6448987
0.0604466481483149,-0.452760926832447,1.63024568557739,0.0565175674855709,0.0521703362464905,-2.07610988616416,-0.0546422077779459,0.168915449247051,0.0363561377253957,-0.074686628012661,-0.0969487410053573,-0.852436271093881,2.34965109825134,0.0989829152822495,1.51153612136841,0.0860687251071522,-0.0416029292944477,0.420590980977681,-0.0826334953308857,-0.248570442199933,-0.0899744033814295,0.00731032831362914,-0.121045366214637,-0.427285948659181,-0.309201767305159,-0.309201767305159,-0.0274221171804709,-0.309201767305159,3117.7,17.7117276
0.0586252412223834,-0.447130411857546,1.63024568557739,0.0565175674855709,0.0521703362464905,-2.07610988616416,-0.0546422077779459,0.168915449247051,0.0363561377253957,-0.0522806396088627,-0.0678641187037501,-0.596705389765717,2.34487414360046,0.0845532044768333,1.5060076713562,0.0843537100164024,-0.0396189799523684,0.38934236297346,-0.0955390930180995,-0.288594216109897,-0.110569000244744,-0.0343003018151814,0.0396789868418026,-0.624972360087843,-0.301468625831755,-0.301468625831755,-0.0279743101770366,-0.301468625831755,3117.75,17.7784588
0.0562507145631854,-0.441720919814956,1.60604608058929,0.0559586137533188,0.0600183047354221,-1.97695624827812,-0.0712357997759389,0.162284761277695,0.254868726412039,-0.0315658641359348,-0.11813659949301,-1.31007651381043,2.33950519561768,0.069849357008934,1.50116217136383,0.0810181004241615,-0.0465492979397786,0.364465510656524,-0.107378959655371,-0.294076949356917,-0.0969099998470596,-0.0667121918445764,-0.138606359747699,-0.497537046336906,-0.291059181346764,-0.291059181346764,-0.0286225198259353,-0.291059181346764,3117.8,17.8474923
0.0538761879039875,-0.436311427772366,1.60604608058929,0.0559586137533188,0.0600183047354221,-1.97695624827812,-0.0712357997759389,0.162284761277695,0.0370722815191561,-0.0220961048951543,-0.082695619645107,-0.9170535596673,2.32268643379211,0.0349922850728035,1.49293386936188,0.0678614049434918,-0.0442691925967287,0.31739767660079,-0.168187618255768,-0.348570719361622,-0.0822830200196061,-0.131566954806817,0.0228010534305195,-0.470678340557765,-0.278516423276148,-0.278516423276148,-0.0293851100273727,-0.278516423276148,3117.9,17.914436
0.0515016612447895,-0.430901935729776,1.60604608058929,0.0559586137533188,0.0600183047354221,-1.97695624827812,-0.0712357997759389,0.162284761277695,0.0370722815191561,-0.015467273426608,-0.0578869337515749,-0.64193749176711,2.31363534927368,0.0165977496653795,1.48856210708618,0.0665527893859169,-0.0481869718502037,0.293024484254452,-0.181021690367994,-0.367890708147141,-0.0874352455135979,-0.0261723111514017,-0.0783555850692164,-0.48746384692498,-0.263179318263833,-0.263179318263833,-0.0302884170947293,-0.263179318263833,3117.95,17.9813802
0.0422628149454258,-0.424241696533712,1.59261345863342,0.0472910068929195,0.0580866672098637,-1.87533259391258,-0.277165388980909,0.199807175881923,0.15429120958398,0.0671813703449676,-0.0231361158960762,-1.36396913352683,2.30350279808044,-0.00271133333444595,1.48484933376312,0.0647315418667437,-0.0501126092174986,0.268352501091553,-0.202651023865852,-0.386181659998617,-0.0742554664615868,-0.0364249503836637,-0.038512747346107,-0.493439663260682,-0.244492469014672,-0.244492469014672,-0.0312872454790252,-0.244492469014672,3118,18.0481046
0.0330239686460622,-0.417581457337648,1.59261345863342,0.0472910068929195,0.0580866672098637,-1.87533259391258,-0.277165388980909,0.199807175881923,0.0333976119811358,0.0470269592414773,-0.0161952811272533,-0.954778393468783,2.27935338020325,-0.0442169308662415,1.47542130947113,0.0522609137754787,-0.0566752759364254,0.22385900995522,-0.241494178771094,-0.415055975316445,-0.0942802429195789,-0.124706280912196,-0.0656266671890293,-0.444934911361714,-0.221641444053387,-0.221641444053387,-0.0322985441001332,-0.221641444053387,3118.1,18.1148048
0.0237851223466986,-0.410921218141584,1.59261345863342,0.0472910068929195,0.0580866672098637,-1.87533259391258,-0.277165388980909,0.199807175881923,0.0333976119811358,0.0329188714690341,-0.0113366967890773,-0.668344875428148,2.26556301116943,-0.0665048360824585,1.47025370597839,0.048202970274377,-0.0569253119081982,0.196406316627657,-0.275807380677775,-0.445758104326773,-0.1033520698553,-0.0811588700224767,-0.00500071943548378,-0.549053866554248,-0.193794919528208,-0.193794919528208,-0.0332051323939987,-0.193794919528208,3118.15,18.1815188
0.0145462760473349,-0.40426097894552,1.59261345863342,0.0472910068929195,0.0580866672098637,-1.87533259391258,-0.277165388980909,0.199807175881923,0.0333976119811358,0.0230432100283239,-0.00793568775235413,-0.467841412799704,2.25157904624939,-0.0884086787700653,1.46380388736725,0.0408954241825482,-0.0559491189681124,0.172114148619741,-0.279679298399861,-0.438076853750543,-0.128996372222431,-0.146150921836045,0.0195238588016463,-0.485843360156551,-0.160233289332206,-0.160233289332206,-0.0338730069649612,-0.160233289332206,3118.2,18.2482474
0.00141807070454037,-0.394935271135314,1.5733677148819,0.0472910068929195,0.0580866672098637,-1.87533259391258,-0.393846160283836,0.279771234306169,0.2428662893392,0.0161302470198267,-0.00555498142664789,-0.327488988959793,2.21889305114746,-0.133040323853493,1.45041108131409,0.0265863417885086,-0.0542333918865822,0.129798733939065,-0.326859951019584,-0.44631645083468,-0.133928060531738,-0.143090823940526,0.0171572708153174,-0.423154146807146,-0.120507717486508,-0.120507717486508,-0.0341708207024723,-0.120507717486508,3118.3,18.3149693
-0.0125502371963196,-0.386976257992183,1.5733677148819,0.0391336716711521,0.058572631329298,-1.77564597129295,-0.419049237025798,0.238770394293917,0.0723230222559149,0.0847071899097855,-0.00826216407356273,-1.12642189584852,2.20124983787537,-0.15555202960968,1.44404828548431,0.0202742816944455,-0.0543982922299903,0.109686281175148,-0.352864265440611,-0.450234115122111,-0.127255916594996,-0.126241201880803,-0.00329800686815145,-0.402249055276876,-0.0745400280066285,-0.0745400280066285,-0.0339897819528089,-0.0745400280066285,3118.35,18.3817143
-0.0265185450971795,-0.379017244849053,1.5733677148819,0.0391336716711521,0.058572631329298,-1.77564597129295,-0.419049237025798,0.238770394293917,0.0723230222559149,0.0592950329368499,-0.00578351485149391,-0.788495327093961,2.18288826942444,-0.178323522210121,1.43789172172546,0.0132476746304591,-0.0528151623650227,0.0903388999331821,-0.367231369020559,-0.455429852011305,-0.123131275177674,-0.140532141280496,0.0316625972995266,-0.386947624841429,-0.0228241046428755,-0.0228241046428755,-0.0332614467872646,-0.0228241046428755,3118.4,18.4484264
-0.0436529765668994,-0.374165089645808,1.53788721561432,0.0235351100564003,0.0477179251611233,-1.68619132041404,-0.514032944091597,0.145564656097352,0.403040042617559,0.181893577588561,0.093643895117527,-1.35703858687593,2.14307332038879,-0.222545608878136,1.42574846744537,0.00491465192373751,-0.0443000456875954,0.0546064476125611,-0.398149490356807,-0.442220866680547,-0.121432542801014,-0.0833302270672912,0.0851511667743497,-0.357324523206535,0.0336526730468214,0.0336526730468214,-0.0319702407297372,0.0336526730468214,3118.5,18.5151619
-0.0607874080366193,-0.369312934442563,1.53788721561432,0.0235351100564003,0.0477179251611233,-1.68619132041404,-0.514032944091597,0.145564656097352,0.0837155492093561,0.127325504311993,0.0655507265822689,-0.94992701081315,2.12218689918518,-0.24383956193924,1.41936099529266,0.00180711668856529,-0.0371924472679962,0.0414131414258608,-0.417728424070746,-0.425879061220527,-0.127749443053734,-0.0621507047032183,0.142151968391467,-0.263866123733047,0.0932497737726207,0.0932497737726207,-0.0301632299318343,0.0932497737726207,3118.55,18.5818812
-0.0779218395063392,-0.364460779239318,1.53788721561432,0.0235351100564003,0.0477179251611233,-1.68619132041404,-0.514032944091597,0.145564656097352,0.0837155492093561,0.089127853018395,0.0458855086075882,-0.664948907569205,2.10085558891296,-0.264418333768845,1.41291689872742,-0.00175769505365362,-0.0310065222087857,0.0309277981288158,-0.426626205442784,-0.411575436590605,-0.128881931304463,-0.0712962348441187,0.12371850118376,-0.209706865940137,0.153890580049412,0.153890580049412,-0.0279476713771935,0.153890580049412,3118.6,18.6486363
-0.0975754049158552,-0.365939662531755,1.51371395587921,0.00854786951094866,0.0263800788670778,-1.62092876433799,-0.589606962285481,-0.0443664987731045,0.298225670673172,0.197274662021941,0.224160472671721,-1.05282723998289,2.05826330184937,-0.303699731826782,1.3997597694397,-0.00584335125084618,-0.0180259345143584,0.0153218317055298,-0.425922870636374,-0.392813980579733,-0.131571292877317,-0.0408565619719628,0.129805876944391,-0.156059664233002,0.213096040286401,0.213096040286401,-0.0254867033015574,0.213096040286401,3118.7,18.7154667
-0.117228970325371,-0.367418545824191,1.51371395587921,0.00854786951094866,0.0263800788670778,-1.62092876433799,-0.589606962285481,-0.0443664987731045,0.0806663330572051,0.138092263415359,0.156912330870205,-0.736979067988024,2.0362696647644,-0.322143644094467,1.39388453960419,-0.00651197954921172,-0.00564376494305946,0.0131578461554243,-0.439872741701619,-0.368878245355712,-0.117504596710846,-0.0133725659673837,0.24764339142733,-0.0432797110023459,0.267975789801682,0.267975789801682,-0.0229961332885791,0.267975789801682,3118.75,18.7821719
-0.136882535734887,-0.368897429116628,1.51371395587921,0.00854786951094866,0.0263800788670778,-1.62092876433799,-0.589606962285481,-0.0443664987731045,0.0806663330572051,0.0966645843907512,0.109838631609143,-0.515885347591617,2.01510620117188,-0.339752227067947,1.38878583908081,-0.00890150832192045,0.00505621736271852,0.0102074084270709,-0.423269271849046,-0.352171659468323,-0.101974010467158,-0.0477905754540008,0.213999646114781,-0.0590087545668546,0.315953132996558,0.315953132996558,-0.0207037231783265,0.315953132996558,3118.8,18.8488756
-0.15645501215477,-0.370707173984257,1.48152005672455,-0.00119980552699417,-0.00397426728159189,-1.59810090064476,-0.587174292596473,-0.0542923460288692,0.375942230087757,0.155394284415011,0.350076157464428,-0.566570516553268,1.97493064403534,-0.37150964140892,1.38067412376404,-0.0197072890202611,0.0219850217912584,0.0261946208810407,-0.401755571365722,-0.317574143410018,-0.0811171531677984,-0.108057806983504,0.169288044285553,0.159872124539844,0.354609037012302,0.354609037012302,-0.0188433141202095,0.354609037012302,3118.9,18.9155934
-0.176027488574652,-0.372516918851886,1.48152005672455,-0.00119980552699417,-0.00397426728159189,-1.59810090064476,-0.587174292596473,-0.0542923460288692,0.0861971376957887,0.108775999090508,0.245053310225099,-0.396599361587287,1.95673012733459,-0.386055260896683,1.37691605091095,-0.0233660392344577,0.0310162567680539,0.0367833754484299,-0.364010334013568,-0.290912389754191,-0.0751614570614941,-0.073175004283666,0.180624699535252,0.211775091347013,0.381992218896327,0.381992218896327,-0.0176285541921008,0.381992218896327,3118.95,18.9822898
-0.195599964994535,-0.374326663719515,1.48152005672455,-0.00119980552699417,-0.00397426728159189,-1.59810090064476,-0.587174292596473,-0.0542923460288692,0.0861971376957887,0.0761431993633555,0.17153731715757,-0.277619553111101,1.93907296657562,-0.399068474769592,1.37244868278503,-0.0290351687044057,0.0405267038561244,0.0503436395278315,-0.35314321518137,-0.260264277459611,-0.0893473625187981,-0.113382589399579,0.190208941762447,0.271205281589512,0.396879860877408,0.396879860877408,-0.0172275316308661,0.396879860877408,3119,19.0489719
-0.214127973162578,-0.378536678507665,1.47377562522888,-0.0158540904521942,-0.0376991331577301,-1.62472176551292,-0.555840245041299,-0.126300443644485,0.133088389342704,0.185188803881149,0.423599914895543,0.0452540966357059,1.90861344337463,-0.422225445508957,1.36503994464874,-0.0342630656254704,0.047608004266535,0.0826933590427385,-0.30459523200878,-0.231569707392804,-0.0740873813626455,-0.0522789692104567,0.0708130041038488,0.323497195147893,0.39888717290442,0.39888717290442,-0.0177460616558095,0.39888717290442,3119.1,19.1156614
-0.232655981330621,-0.382746693295814,1.47377562522888,-0.0158540904521942,-0.0376991331577301,-1.62472176551292,-0.555840245041299,-0.126300443644485,0.0633885058817053,0.129632162716804,0.29651994042688,0.0316778676449941,1.89522242546082,-0.431577324867249,1.36213982105255,-0.0355128932199933,0.048792760931009,0.104774837060419,-0.267820358277829,-0.187037587166853,-0.0580024719241446,-0.024996551890594,0.0236951332896097,0.441629560356023,0.388530476713206,0.388530476713206,-0.0192153731937308,0.388530476713206,3119.15,19.182379
-0.251183989498665,-0.386956708083964,1.47377562522888,-0.0158540904521942,-0.0376991331577301,-1.62472176551292,-0.555840245041299,-0.126300443644485,0.0633885058817053,0.0907425139017631,0.207563958298816,0.0221745073514959,1.88343024253845,-0.439400613307953,1.35826539993286,-0.0359931702759496,0.0458574612163081,0.130630689447106,-0.235843658446408,-0.156465768813518,-0.0774884223935169,-0.00960554111909098,-0.0587059942938041,0.517117047731861,0.367236752108744,0.367236752108744,-0.0215844285160791,0.367236752108744,3119.2,19.2491071
-0.25887095486785,-0.38882363843863,1.46396887302399,-0.0158540904521942,-0.0376991331577301,-1.62472176551292,-0.230608961075565,-0.0560079106399932,0.13947655981906,0.0635197597312342,0.145294770809171,0.0155221551460471,1.86319613456726,-0.450843781232834,1.34861981868744,-0.0402729174983807,0.0380868556689824,0.188854399164231,-0.202341079712098,-0.114431679248914,-0.0964558124543114,-0.0427974722243504,-0.0777060554733284,0.582237097171782,0.337277772805947,0.337277772805947,-0.0247192717434958,0.337277772805947,3119.3,19.3157881
-0.266656185569103,-0.390024561081645,1.46396887302399,-0.0244845133274794,-0.0553081333637238,-1.70497822761009,-0.233556921037602,-0.0360276792904443,0.0534193468214328,0.12213763768943,0.260187341420363,0.733173667476745,1.85497295856476,-0.454645574092865,1.34306204319,-0.0422102893256659,0.0356631773922334,0.219413231320322,-0.164463520049451,-0.0760358572003459,-0.111155509948326,-0.0387474365455632,-0.0484735655348037,0.611176643119586,0.301536677072776,0.301536677072776,-0.0284183810975658,0.301536677072776,3119.35,19.3824354
-0.274441416270357,-0.39122548372466,1.46396887302399,-0.0244845133274794,-0.0553081333637238,-1.70497822761009,-0.233556921037602,-0.0360276792904443,0.0534193468214328,0.0854963463826012,0.182131138994254,0.513221567233721,1.8474155664444,-0.457347512245178,1.33732712268829,-0.0436228861715333,0.0310601474516721,0.253432755826878,-0.151147842408051,-0.0540387630465595,-0.114698410034806,-0.0282519369175017,-0.0920605988117267,0.680390490134838,0.263150445614667,0.263150445614667,-0.0324412300580828,0.263150445614667,3119.4,19.4492725
-0.275623579914034,-0.390344621991296,1.45580518245697,-0.0282783228904009,-0.0555250197649002,-1.82554221152732,-0.0354649093103236,0.0264258520009117,0.142530409061058,0.0939917285341145,0.129443774906566,1.44433095231873,1.83523643016815,-0.457659602165222,1.32406306266785,-0.0419021474643053,0.0198171483576469,0.313805015446986,-0.121791362762562,-0.00312089920044229,-0.132640600204588,0.0172073870722956,-0.112429990940354,0.603722596201626,0.22564091676685,0.22564091676685,-0.0364870076871688,0.22564091676685,3119.5,19.5160398
-0.276805743557712,-0.389463760257932,1.45580518245697,-0.0282783228904009,-0.0555250197649002,-1.82554221152732,-0.0354649093103236,0.0264258520009117,0.0690571939579081,0.0657942099738802,0.090610642434596,1.01103166662311,1.83104622364044,-0.45612695813179,1.31694006919861,-0.037643521054358,0.0120913557364169,0.342276663940835,-0.0838041305538943,0.0306528806685286,-0.142459869384247,0.0851725281986361,-0.154515852424039,0.569432969874915,0.192172339507848,0.192172339507848,-0.0402646269337384,0.192172339507848,3119.55,19.5827405
-0.277987907201389,-0.388582898524568,1.45580518245697,-0.0282783228904009,-0.0555250197649002,-1.82554221152732,-0.0354649093103236,0.0264258520009117,0.0690571939579081,0.0460559469817161,0.0634274497042172,0.707722166636179,1.82751929759979,-0.453548789024353,1.30884230136871,-0.0332428120280972,0.00823814414487233,0.370606324945132,-0.0705385208127317,0.0515633821485551,-0.161955356597311,0.088014180524897,-0.0770642318306105,0.566593220083866,0.165369281243195,0.165369281243195,-0.0435078717824336,0.165369281243195,3119.6,19.6494474
-0.276847392764673,-0.391212971438638,1.41973125934601,-0.0264005865901709,-0.0365775488317013,-1.95089697837303,0.0342154331014859,-0.078902187422097,0.438866768147158,0.015339536185131,-0.126128023605838,1.62359841825665,1.82026326656342,-0.44595268368721,1.29195070266724,-0.0257101113513695,0.00116685585428506,0.420644500386558,-0.0725603103638355,0.0759610533714985,-0.168915987014924,0.0753270067673446,-0.070712882905937,0.500381754414723,0.147148917529003,0.147148917529003,-0.0459898971155198,0.147148917529003,3119.7,19.7161589
-0.275706878327957,-0.393843044352708,1.41973125934601,-0.0264005865901709,-0.0365775488317013,-1.95089697837303,0.0342154331014859,-0.078902187422097,0.1142014601485,0.0107376753295917,-0.0882896165240868,1.13651889277966,1.81741452217102,-0.440875649452209,1.2828596830368,-0.0172870006851918,-0.00326727294345854,0.440896968800607,-0.0569748878482113,0.101540684700566,-0.181820392609635,0.168462213324475,-0.0886825759553558,0.40504936828319,0.138491547941617,0.138491547941617,-0.0475471678484204,0.138491547941617,3119.75,19.7828671
-0.274566363891241,-0.396473117266778,1.41973125934601,-0.0264005865901709,-0.0365775488317013,-1.95089697837303,0.0342154331014859,-0.078902187422097,0.1142014601485,0.00751637273071421,-0.0618027315668608,0.79556322494576,1.81501972675323,-0.434881806373596,1.27344417572021,-0.00999658237885843,-0.0112540814696242,0.454172781134537,-0.0478959083555386,0.11987686157183,-0.188310146331102,0.145808366126136,-0.159736170522733,0.265516246677634,0.139333270953186,0.139333270953186,-0.04809308094083,0.139333270953186,3119.8,19.8495293
-0.273773318935008,-0.399292660152541,1.38339924812317,-0.0210736226290464,-0.0153772719204426,-2.05121266841362,0.0237913486869816,-0.0845862865728746,0.440491013382293,-0.0426812147386198,-0.234064404298131,1.45973546782733,1.8106609582901,-0.422240227460861,1.2525372505188,-0.00229338670221964,-0.00956269320206824,0.491928394405487,-0.0435876846313873,0.126415789127465,-0.20906925201435,0.077031956766458,0.0169138826755755,0.37755613270984,0.148576509628682,0.148576509628682,-0.0476236804679285,0.148576509628682,3119.9,19.9162338
-0.272980273978775,-0.402112203038303,1.38339924812317,-0.0210736226290464,-0.0153772719204426,-2.05121266841362,0.0237913486869816,-0.0845862865728746,0.113502912376739,-0.0298768503170339,-0.163845083008692,1.02181482747913,1.80800998210907,-0.415142178535461,1.2416718006134,-0.00179491471772112,-0.0108764951518312,0.510296379158523,-0.0530195236204126,0.141960978507479,-0.21730899810712,0.00996943968993424,-0.0262760389951636,0.367359695059392,0.164175215717525,0.164175215717525,-0.0462136042379035,0.164175215717525,3119.95,19.982915
-0.272187229022542,-0.404931745924066,1.38339924812317,-0.0210736226290464,-0.0153772719204426,-2.05121266841362,0.0237913486869816,-0.0845862865728746,0.113502912376739,-0.0209137952219237,-0.114691558106084,0.71527037923539,1.8060907125473,-0.407698154449463,1.23106861114502,-0.000987121952536796,-0.0129646434138678,0.522981404317768,-0.038385391235561,0.148880481720783,-0.212063789368833,0.0161558553037746,-0.0417629652409599,0.253700503186275,0.183360230655189,0.183360230655189,-0.044003368245915,0.183360230655189,3120,20.0496837
-0.271658731968516,-0.40782735482233,1.34843468666077,-0.012556659989059,-0.0039337114430964,-2.11917662620018,0.0158549116207888,-0.0868682669479242,0.428018488453383,-0.0912923204152338,-0.183276134970375,1.11236488554381,1.80077767372131,-0.39167708158493,1.20893621444702,-0.005162590948203,-0.0179912797455518,0.546832801298321,-0.0531303882596944,0.160210728644742,-0.221323966979175,-0.0417546899565102,-0.0502663633166572,0.238513969804659,0.202793209244667,0.202793209244667,-0.0411938438541742,0.202793209244667,3120.1,20.1164029
-0.27113023491449,-0.410722963720594,1.34843468666077,-0.012556659989059,-0.0039337114430964,-2.11917662620018,0.0158549116207888,-0.0868682669479242,0.113337435291762,-0.0639046242906637,-0.128293294479262,0.77865541988067,1.79761266708374,-0.383288025856018,1.19785332679749,-0.00650632388282102,-0.0190057867924562,0.559999912159466,-0.0633001327518103,0.167781114579163,-0.221657752991932,-0.026874658692507,-0.0202901409381992,0.263342217224341,0.218997625190488,0.218997625190488,-0.0380122028748833,0.218997625190488,3120.15,20.1831241
-0.270601737860464,-0.413618572618858,1.34843468666077,-0.012556659989059,-0.0039337114430964,-2.11917662620018,0.0158549116207888,-0.0868682669479242,0.113337435291762,-0.0447332370034646,-0.0898053061354835,0.545058793916469,1.79451847076416,-0.373961627483368,1.18739950656891,-0.00975900606117501,-0.0184740399885596,0.572437538714772,-0.0618839263913764,0.186527967452324,-0.209076404570773,-0.0650536435668431,0.0106349360778942,0.248752531105211,0.22862042648391,0.22862042648391,-0.034696237259594,0.22862042648391,3120.2,20.2498297
-0.269375119427572,-0.423501406584182,1.30798411369324,-0.012556659989059,-0.0039337114430964,-2.11917662620018,0.0367985529867502,-0.29648501895972,0.5026267872663,-0.0313132659024252,-0.0628637142948384,0.381541155741528,1.78865802288055,-0.353077441453934,1.16870939731598,-0.00844754414696253,-0.0171158658151553,0.601238481452633,-0.0586044788361129,0.208841860294532,-0.186901092529467,0.0131146191421368,0.0135817417340556,0.288009427378876,0.228772661727762,0.228772661727762,-0.031466838968551,0.228772661727762,3120.3,20.316542
-0.26857683403159,-0.433428384773833,1.30798411369324,-0.0178545191884041,-0.00809651520103216,-2.16685020923088,0.0239485618794602,-0.297809345689539,0.138560243874596,0.0257614466624084,-0.00653936618496504,0.696141056295376,1.78521275520325,-0.341466426849365,1.1591374874115,-0.0129580746386046,-0.0137048081218626,0.618094899056826,-0.0689053535458919,0.232220292090525,-0.191438198088903,-0.0902106098325138,0.0682211538656042,0.337128352082631,0.217294375522718,0.217294375522718,-0.0285115305296978,0.217294375522718,3120.35,20.3832412
-0.267778548635608,-0.443355362963485,1.30798411369324,-0.0178545191884041,-0.00809651520103216,-2.16685020923088,0.0239485618794602,-0.297809345689539,0.138560243874596,0.0180330126636859,-0.00457755632947553,0.487298739406763,1.78201019763947,-0.328832030296326,1.14966511726379,-0.0130053286992832,-0.0116311425483474,0.636639633746708,-0.0640511512759843,0.25268793106217,-0.189447402955135,-0.000945081213576728,0.0414733114705304,0.370894693799665,0.192981112224016,0.192981112224016,-0.0259664918632569,0.192981112224016,3120.4,20.4499035
-0.267643798429303,-0.45182604478176,1.27195656299591,-0.0189772862941027,-0.0158730708062649,-2.22244262694786,0.00404250618915224,-0.254120454548265,0.445138802239542,0.0227280128158674,0.0667847110164616,0.841440877037554,1.7753621339798,-0.302507638931274,1.13350474834442,-0.0135513720792978,-0.00916181985373185,0.67109584684267,-0.0664806365967402,0.263243913650752,-0.161603689193873,-0.00546043380015046,0.0246932269461783,0.34456213095993,0.155624361456375,0.155624361456375,-0.02390337868156,0.155624361456375,3120.5,20.5166288
-0.267509048222998,-0.460296726600036,1.27195656299591,-0.0189772862941027,-0.0158730708062649,-2.22244262694786,0.00404250618915224,-0.254120454548265,0.120890845963602,0.0159096089711072,0.0467492977115231,0.589008613926288,1.77199959754944,-0.287944406270981,1.12677121162415,-0.0110471103463806,-0.0117129833138245,0.691011231067221,-0.0672507286069331,0.291264653204812,-0.134670734405028,0.0500852346581612,-0.0510232692016677,0.398307684489581,0.106186500158325,0.106186500158325,-0.022338130519633,0.106186500158325,3120.55,20.5833196
-0.267374298016693,-0.468767408418311,1.27195656299591,-0.0189772862941027,-0.0158730708062649,-2.22244262694786,0.00404250618915224,-0.254120454548265,0.120890845963602,0.011136726279775,0.0327245083980662,0.412306029748401,1.76811528205872,-0.272729307413101,1.11932229995728,-0.0138505856536355,-0.00950224271606749,0.715925688526138,-0.0776863098141705,0.304301977156486,-0.14897823333686,-0.0560695061448936,0.0442148119549797,0.498289149176531,0.0465593044786153,0.0465593044786153,-0.0212242862814445,0.0465593044786153,3120.6,20.6500233
-0.267638642763843,-0.478700277452431,1.23394846916199,-0.0185954961925745,-0.0154021494090557,-2.2971731424279,-0.00793034241451314,-0.29798607102359,0.434110009926978,0.004359597482089,0.0186688633037638,0.961188860144251,1.76177644729614,-0.24199104309082,1.10729789733887,-0.00450296281594881,-0.0123799805344704,0.75196544725288,-0.0633883476257901,0.307382643223088,-0.120244026184191,0.0934762283769515,-0.0287773781840549,0.360397587267744,-0.0204863030545346,-0.0204863030545346,-0.0204706027948217,-0.0204863030545346,3120.7,20.7167243
-0.267902987510994,-0.48863314648655,1.23394846916199,-0.0185954961925745,-0.0154021494090557,-2.2971731424279,-0.00793034241451314,-0.29798607102359,0.0920371654216675,0.0030517182374623,0.0130682043126347,0.672832202100975,1.75805151462555,-0.226308912038803,1.10130941867828,0.00307237926292003,-0.0110556976860304,0.76918545388713,-0.0744986534122718,0.313642621042056,-0.119769573212323,0.151506841578204,0.026485656968943,0.344400132686885,-0.0916316040935674,-0.0916316040935674,-0.0199547713040809,-0.0916316040935674,3120.75,20.7834602
-0.268167332258144,-0.49856601552067,1.23394846916199,-0.0185954961925745,-0.0154021494090557,-2.2971731424279,-0.00793034241451314,-0.29798607102359,0.0920371654216675,0.00213620276622361,0.00914774301884427,0.470982541470683,1.75465178489685,-0.210596233606339,1.09568679332733,0.0136230439850233,-0.00772182370846965,0.782324610675623,-0.0679945945737273,0.314253568648149,-0.112452507018634,0.211013294441298,0.0666774795509732,0.262783135768906,-0.163125251789521,-0.163125251789521,-0.0195438016676057,-0.163125251789521,3120.8,20.850156
-0.269177114746934,-0.508457589851379,1.19748401641846,-0.00454519689083099,-0.00171109405346215,-2.36380934714744,-0.0302934746637057,-0.296747229921268,0.419902525334505,-0.124957351779335,-0.116816078087151,0.929413621505369,1.74753332138062,-0.179628908634186,1.08360362052917,0.031253169335522,-0.00420647324845151,0.802793878697048,-0.0711846351624183,0.309673249721809,-0.120831727981677,0.176301253505147,0.0351535046002134,0.204692680214434,-0.231372707662372,-0.231372707662372,-0.0191116087648533,-0.231372707662372,3120.9,20.9168877
-0.270186897235724,-0.518349164182088,1.19748401641846,-0.00454519689083099,-0.00171109405346215,-2.36380934714744,-0.0302934746637057,-0.296747229921268,0.0917224506427321,-0.0874701462455345,-0.0817712546610058,0.650589535053758,1.74423778057098,-0.165286779403687,1.07728588581085,0.0409579416325767,-0.00465490327586788,0.806378764600269,-0.0659108161923872,0.286842584608942,-0.126354694365995,0.194095445940388,-0.00896860054829493,0.0716977180641532,-0.292946480212142,-0.292946480212142,-0.0185586213553126,-0.292946480212142,3120.95,20.9836095
-0.271196679724514,-0.528240738512797,1.19748401641846,-0.00454519689083099,-0.00171109405346215,-2.36380934714744,-0.0302934746637057,-0.296747229921268,0.0917224506427321,-0.0612291023718742,-0.057239878262704,0.455412674537631,1.74130618572235,-0.151421874761581,1.07075428962708,0.0513532862364853,-0.00358147323036464,0.80668984198536,-0.0586318969729762,0.277298092843615,-0.13063192367625,0.207906892079306,0.021468600910182,0.00622154770185743,-0.345037917517669,-0.345037917517669,-0.0178245029500494,-0.345037917517669,3121,21.0503312
-0.274595571550571,-0.536543769847637,1.18851566314697,0.0237910784780979,0.0198714565485716,-2.39354193210075,-0.101966754781682,-0.249090940045191,0.160331965844036,-0.297886849980672,-0.234310870202196,0.586382136756115,1.73533451557159,-0.127824261784554,1.05673718452454,0.0689146300972698,0.00134961528887976,0.79281163667882,-0.0597167015073511,0.23597612976942,-0.140171051024881,0.175613438607206,0.0493108851922646,-0.138782053064899,-0.385591826818237,-0.385591826818237,-0.0168967869739119,-0.385591826818237,3121.1,21.1170573
-0.277994463376627,-0.544846801182476,1.18851566314697,0.0237910784780979,0.0198714565485716,-2.39354193210075,-0.101966754781682,-0.249090940045191,0.0796167864006766,-0.20852079498647,-0.164017609141538,0.41046749572928,1.73279356956482,-0.118000768125057,1.04913735389709,0.077651338008795,0.00111676098553315,0.783966100358201,-0.0508189201357754,0.196469873190998,-0.151996612549658,0.174734158231457,-0.00465708606695746,-0.176910726413346,-0.413429890225388,-0.413429890225388,-0.0158129232185375,-0.413429890225388,3121.15,21.183776
-0.281393355202683,-0.553149832517316,1.18851566314697,0.0237910784780979,0.0198714565485716,-2.39354193210075,-0.101966754781682,-0.249090940045191,0.0796167864006766,-0.145964556490529,-0.114812326399076,0.287327247010496,1.73024046421051,-0.11011103540659,1.04213929176331,0.083697913506161,0.00245600219298386,0.770463460179541,-0.0510621070859959,0.15779465436878,-0.139961242675272,0.12093150994688,0.0267848241489166,-0.270052803572213,-0.428310525054849,-0.428310525054849,-0.0146546007075522,-0.428310525054849,3121.2,21.2505078
-0.283250533477928,-0.557825266819305,1.18851566314697,0.0237910784780979,0.0198714565485716,-2.39354193210075,-0.0557153482573692,-0.140263029059676,0.0623773862566256,-0.102175189543371,-0.0803686284793534,0.201129072907347,1.72600567340851,-0.0997164621949196,1.02944576740265,0.09984179439043,0.00225468542405947,0.722177101432303,-0.042347908020058,0.103945732116794,-0.126935243606683,0.161438808842837,-0.00201316768924568,-0.482863587472821,-0.430855547463427,-0.430855547463427,-0.0135381501636765,-0.430855547463427,3121.3,21.3172156
-0.285063016671195,-0.562531917867483,1.17781352996826,0.0538985058665276,0.0385787934064865,-2.36147522925804,-0.0543744957980086,-0.141199531445347,0.158239389312254,-0.342489479176226,-0.224624071656782,-0.147809974549269,1.72375476360321,-0.0971515327692032,1.02297222614288,0.100721316868577,-0.00249949618335512,0.694979806214971,-0.0450181961057933,0.0512985885141414,-0.129470825194841,0.0175904495628844,-0.0950836321479459,-0.543945904344651,-0.422440895945028,-0.422440895945028,-0.0125960294974907,-0.422440895945028,3121.35,21.3839671
-0.286875499864462,-0.567238568915662,1.17781352996826,0.0538985058665276,0.0385787934064865,-2.36147522925804,-0.0543744957980086,-0.141199531445347,0.0619201907038555,-0.239742635423358,-0.157236850159747,-0.103466982184488,1.72160947322845,-0.0967397838830948,1.01681137084961,0.100217380445804,-0.0118334856582445,0.665539365028215,-0.0429058074953513,0.00823497772221291,-0.123217105866151,-0.0100787284555285,-0.186679789498806,-0.588808823738341,-0.405109784125186,-0.405109784125186,-0.0119637255799059,-0.405109784125186,3121.4,21.4503942
-0.290180187324527,-0.566484635128176,1.16008138656616,0.0645774081349373,0.0546932034194469,-2.26682293414543,-0.0991406238019373,0.0226180136245644,0.208766479298369,-0.263929965212038,-0.255095485228467,-0.924297543542626,1.71643602848053,-0.101819641888142,1.00380623340607,0.103576862926272,-0.0236512443255608,0.605410418088147,-0.0517344474792951,-0.0507985800505146,-0.130051374435543,0.0335948248047165,-0.118177586673271,-0.601289469401229,-0.380839998632932,-0.380839998632932,-0.0117467113272015,-0.380839998632932,3121.5,21.5174732
-0.293484874784591,-0.565730701340691,1.16008138656616,0.0645774081349373,0.0546932034194469,-2.26682293414543,-0.0991406238019373,0.0226180136245644,0.0491771886794726,-0.184750975648427,-0.178566839659927,-0.647008280479838,1.71328318119049,-0.107324331998825,0.99736088514328,0.104827999311091,-0.027753712056615,0.565640908060698,-0.0630569458005519,-0.110093802213268,-0.128906965255268,0.0250227276962742,-0.082049354620786,-0.795390200546084,-0.352332997082285,-0.352332997082285,-0.0120247692807963,-0.352332997082285,3121.55,21.5842271
-0.296789562244656,-0.564976767553205,1.16008138656616,0.0645774081349373,0.0546932034194469,-2.26682293414543,-0.0991406238019373,0.0226180136245644,0.0491771886794726,-0.129325682953899,-0.124996787761949,-0.452905796335887,1.70955502986908,-0.114397197961807,0.990621864795685,0.103404774301548,-0.0293534252434808,0.533900264056116,-0.0745630264279514,-0.141457319259129,-0.134780406951414,-0.0284645001907521,-0.0319942637371989,-0.634812880089321,-0.321770485265371,-0.321770485265371,-0.0128157973938804,-0.321770485265371,3121.6,21.6509443
-0.298195589241139,-0.560350429556113,1.13425374031067,0.0645774081349373,0.0546932034194469,-2.26682293414543,-0.0421808098944884,0.138790139912772,0.286102978461486,-0.0905279780677292,-0.0874977514333641,-0.317034057435121,1.69983911514282,-0.133679777383804,0.978133797645569,0.0920375693547943,-0.0414032896757361,0.474127914662686,-0.0971591472626616,-0.192825794220146,-0.124880671501273,-0.113672049467638,-0.120498644322663,-0.597723493934847,-0.291075699006487,-0.291075699006487,-0.0140798779721106,-0.291075699006487,3121.7,21.7176824
-0.30022079562792,-0.555967540864441,1.13425374031067,0.0684952735900879,0.0657959803938866,-2.13485240935752,-0.0607561916034287,0.131486660750168,0.0539359239462092,-0.0986303737437658,-0.161173418773312,-1.40965856329571,1.69356572628021,-0.145249053835869,0.971500813961029,0.0850471168948498,-0.0498870627869803,0.445915045239895,-0.125467777252882,-0.231385529042553,-0.13265967369152,-0.139809049199654,-0.16967546222581,-0.564257388458898,-0.261753009167742,-0.261753009167742,-0.0157135274090135,-0.261753009167742,3121.75,21.7844095
-0.302246002014701,-0.551584652172768,1.13425374031067,0.0684952735900879,0.0657959803938866,-2.13485240935752,-0.0607561916034287,0.131486660750168,0.0539359239462092,-0.0690412616206361,-0.112821393141318,-0.986760994306997,1.68550992012024,-0.159591138362885,0.966464698314667,0.0759155844077786,-0.0407661531726521,0.419676943484872,-0.161116123198877,-0.28684169053927,-0.10072231292688,-0.182630649740759,0.1824181922859,-0.524762035098552,-0.23475164150382,-0.23475164150382,-0.0175568721866327,-0.23475164150382,3121.8,21.8511301
-0.304794171552112,-0.547518405300961,1.09570503234863,0.0526357069611549,0.062276728451252,-2.00267577170799,-0.0764450861223436,0.121987406154216,0.402021674656333,0.0944072165259513,-0.0473017077152114,-1.88032243486072,1.67008030414581,-0.189538389444351,0.957007229328156,0.0667012346695072,-0.0526732877049768,0.360773193470236,-0.154296159744403,-0.299472510814939,-0.0945746898651983,-0.0921434973827979,-0.119071345323355,-0.589037500146892,-0.210476543651664,-0.210476543651664,-0.0194053901024968,-0.210476543651664,3121.9,21.9178315
-0.307342341089524,-0.543452158429154,1.09570503234863,0.0526357069611549,0.062276728451252,-2.00267577170799,-0.0764450861223436,0.121987406154216,0.0550833029980074,0.0660850515681659,-0.033111195400648,-1.31622570440251,1.66035711765289,-0.206025689840317,0.950557053089142,0.0617680860900467,-0.0514145072509515,0.329758097734965,-0.194463729857691,-0.329746007918112,-0.129003524779804,-0.0986629715888513,0.0251756090804153,-0.620301914703165,-0.188825720086706,-0.188825720086706,-0.0210291399971151,-0.188825720086706,3121.95,21.9845164
-0.309890510626935,-0.539385911557347,1.09570503234863,0.0526357069611549,0.062276728451252,-2.00267577170799,-0.0764450861223436,0.121987406154216,0.0550833029980074,0.0462595360977162,-0.0231778367804536,-0.921357993081754,1.64938199520111,-0.223616749048233,0.944292008876801,0.0583246635588668,-0.0510551826950829,0.301886190706236,-0.219502449036842,-0.351821184160245,-0.12530088424751,-0.0688684506239742,0.00718649111741112,-0.557438140577633,-0.169297811409779,-0.169297811409779,-0.0221944779127217,-0.169297811409779,3122,22.051195
-0.315963592296901,-0.529415465988776,1.08032810688019,0.0479511208832264,0.0558447875082493,-1.8871252536721,-0.18219245009897,0.299113367057112,0.205843825753706,0.0745429499697582,0.0416629827407068,-1.68490525748023,1.62349188327789,-0.260220468044281,0.928035616874695,0.0574916821238798,-0.0544709811665176,0.261078466889351,-0.258901119231236,-0.366037189959148,-0.162563920020466,-0.00832981434983943,-0.0341579847142232,-0.408077238167364,-0.151123689833885,-0.151123689833885,-0.0226870819007354,-0.151123689833885,3122.1,22.1179098
-0.322036673966866,-0.519445020420206,1.08032810688019,0.0479511208832264,0.0558447875082493,-1.8871252536721,-0.18219245009897,0.299113367057112,0.0674514965377022,0.0521800649788307,0.0291640879184948,-1.17943368023616,1.60974299907684,-0.278921037912369,0.919855952262878,0.0515732733373091,-0.0535164484683063,0.243679917393224,-0.274977684022497,-0.374011397363796,-0.163593292237221,-0.118368175732059,0.0190906539643304,-0.347970989924435,-0.133458385565813,-0.133458385565813,-0.0223338141864845,-0.133458385565813,3122.15,22.1845876
-0.328109755636832,-0.509474574851635,1.08032810688019,0.0479511208832264,0.0558447875082493,-1.8871252536721,-0.18219245009897,0.299113367057112,0.0674514965377022,0.0365260454851815,0.0204148615429463,-0.825603576165311,1.5941663980484,-0.29887467622757,0.911713719367981,0.0413538575104344,-0.0502845961271648,0.223651217826459,-0.311532020567714,-0.399072766302564,-0.162844657897357,-0.204388316536752,0.0646370468225959,-0.40057399133384,-0.115454842605836,-0.115454842605836,-0.0210223632430218,-0.115454842605836,3122.2,22.251319
-0.33231906681721,-0.495157571028584,1.08032810688019,0.0479511208832264,0.0558447875082493,-1.8871252536721,-0.126279335411336,0.42951011469155,0.0935937301864367,0.0255682318396271,0.0142904030800624,-0.577922503315717,1.56042397022247,-0.338214635848999,0.896647036075592,0.0247396736139735,-0.0537093191536222,0.189371728193471,-0.337424278259584,-0.393399596214652,-0.150666832924026,-0.16614183896476,-0.0342472302646055,-0.342794896330197,-0.0964899715006152,-0.0964899715006152,-0.0187184043190956,-0.0964899715006152,3122.3,22.3179958
-0.337752592064053,-0.481254049077152,1.04156422615051,0.0364120677113533,0.046711128205061,-1.79674220084617,-0.163005757405305,0.417105658542961,0.442147179842359,0.121749240834597,0.0922062158847386,-1.21799322775435,1.54220998287201,-0.357721358537674,0.889846682548523,0.0208588674760639,-0.0544484169958019,0.176378294121712,-0.364279747007952,-0.390134453772079,-0.136007070540887,-0.0776161227579099,-0.0147819568435394,-0.259868681434217,-0.07615731451527,-0.07615731451527,-0.0154662928857233,-0.07615731451527,3122.35,22.3846731
-0.343186117310897,-0.46735052712572,1.04156422615051,0.0364120677113533,0.046711128205061,-1.79674220084617,-0.163005757405305,0.417105658542961,0.093272253275281,0.0852244685842177,0.064544351119317,-0.852595259428046,1.52354085445404,-0.3769750893116,0.883498311042786,0.0157669980420749,-0.0496453255198202,0.164114545372205,-0.373382568361413,-0.385074615480617,-0.126967430115439,-0.101837388680335,0.0960618295201564,-0.245274974991491,-0.0543545812777291,-0.0543545812777291,-0.0113886177274105,-0.0543545812777291,3122.4,22.4513907
-0.357734321385252,-0.456561697139902,0.992603063583374,0.0237468425184488,0.044533509761095,-1.73246383666465,-0.43644612223066,0.323664899574536,0.520178264572857,0.173644154745093,0.0647796117792151,-1.1753219592333,1.48294055461884,-0.415259093046188,0.874389708042145,0.00879625027823837,-0.0459248565827103,0.138509291679188,-0.40600299835242,-0.382840037346234,-0.0910860300064915,-0.0697074776384288,0.0372046893711331,-0.256052536930398,-0.0312971020665435,-0.0312971020665435,-0.00668288526737254,-0.0312971020665435,3122.5,22.5181196
-0.372282525459608,-0.445772867154084,0.992603063583374,0.0237468425184488,0.044533509761095,-1.73246383666465,-0.43644612223066,0.323664899574536,0.0795278014686085,0.121550908321565,0.0453457282454506,-0.822725371463309,1.46151328086853,-0.433645665645599,0.872153341770172,0.00566396832204992,-0.0434060186789725,0.127899975336021,-0.428545475004544,-0.367731451986882,-0.0447273254392904,-0.0626456391235411,0.0503767580745736,-0.212186326862563,-0.00745158126793121,-0.00745158126793121,-0.00160418965279123,-0.00745158126793121,3122.55,22.584813
-0.386830729533963,-0.434984037168266,0.992603063583374,0.0237468425184488,0.044533509761095,-1.73246383666465,-0.43644612223066,0.323664899574536,0.0795278014686085,0.0850856358250954,0.0317420097718154,-0.575907760024317,1.44053447246552,-0.452019095420837,0.869817137718201,0.00811800768327363,-0.0424329082382106,0.116286489872178,-0.419576168058776,-0.367468595503424,-0.0467240810392587,0.0490807872242956,0.0194622088151662,-0.232269709276017,0.016594393230743,0.016594393230743,0.00356566962296461,0.016594393230743,3122.6,22.65151
-0.396541292280393,-0.428307964743337,0.959522724151611,0.0237468425184488,0.044533509761095,-1.73246383666465,-0.291316882392906,0.200282172747854,0.329227622138044,0.0595599450775668,0.0222194068402708,-0.403135432017022,1.39498448371887,-0.487425804138184,0.869558811187744,0.00911967900550645,-0.0290601808240815,0.0987563409027307,-0.455499887466845,-0.354067087173784,-0.00258326530456778,0.0100167132223373,0.133727274141413,-0.175301489694637,0.0402010500717324,0.0402010500717324,0.00853383877692416,0.0402010500717324,3122.7,22.7182061
-0.40653743054271,-0.422081867739747,0.959522724151611,0.0115801366046071,0.030365576967597,-1.68534231185386,-0.299884147869504,0.186782910107708,0.0327260615624206,0.151192314778872,0.143064979929672,-0.706288525709034,1.3713835477829,-0.5038782954216,0.871006548404694,0.00642675241104951,-0.0284732906634839,0.0942644339142001,-0.472018718722058,-0.329049825670131,0.0289547443391473,-0.0538585318894327,0.011737803212017,-0.0898381397711016,0.0628129449482795,0.0628129449482795,0.0130257259573178,0.0628129449482795,3122.75,22.7849025
-0.416533568805027,-0.415855770736157,0.959522724151611,0.0115801366046071,0.030365576967597,-1.68534231185386,-0.299884147869504,0.186782910107708,0.0327260615624206,0.105834620345211,0.10014548595077,-0.494401967996324,1.34827101230621,-0.520121157169342,0.873144745826721,0.0044350692247083,-0.0256648881637001,0.0881404652024786,-0.46225070953201,-0.324857234953652,0.0427639484403962,-0.0398336637266794,0.0561680499954715,-0.122479374233985,0.0840616761787752,0.0840616761787752,0.0168082294327818,0.0840616761787752,3122.8,22.8515928
-0.426685883935206,-0.409858100818438,0.968756675720215,0.0162748787552118,0.0168596841394901,-1.6604874134011,-0.30456945390538,0.179930097531582,-0.052862082964331,0.0318315548862049,0.191654875618501,-0.569775463672256,1.3005542755127,-0.551771283149719,0.880160570144653,0.00594834118219701,-0.0181559639969609,0.0867684164162003,-0.477167367935615,-0.31650125980406,0.0701582431793851,0.0151327195749009,0.0750892416674599,-0.0137204878627953,0.103854809157743,0.103854809157743,0.0197113573759814,0.103854809157743,3122.9,22.9182971
-0.436838199065385,-0.403860430900718,0.968756675720215,0.0162748787552118,0.0168596841394901,-1.6604874134011,-0.30456945390538,0.179930097531582,0.0302434811531007,0.0222820884203434,0.134158412932951,-0.398842824570579,1.27643918991089,-0.566856682300568,0.884399652481079,0.00233492091976041,-0.0158045184417647,0.0872273301969692,-0.482301712034378,-0.30170798301587,0.0847816467282072,-0.072268405248469,0.047028911103754,0.00917827561534459,0.122403699675297,0.122403699675297,0.0216394846686164,0.122403699675297,3122.95,22.9850374
-0.446990514195565,-0.397862760982999,0.968756675720215,0.0162748787552118,0.0168596841394901,-1.6604874134011,-0.30456945390538,0.179930097531582,0.0302434811531007,0.0155974618942404,0.0939108890530656,-0.279189977199405,1.25251424312592,-0.581504762172699,0.889024138450623,-0.00207773610590641,-0.0103150523533844,0.0905740583158994,-0.478498935702074,-0.292961597444226,0.0924897193913738,-0.0882531405138181,0.109789321768204,0.0669345623789691,0.14018877908261,0.14018877908261,0.022576813562678,0.14018877908261,3123,23.0517454
-0.456807445749234,-0.398473668199485,0.99064713716507,0.00481813913211226,0.000694960413966328,-1.66253018378685,-0.294507946610067,-0.0183272164945943,-0.290297453211903,0.114028879933864,0.21122013586686,-0.177048050567904,1.20564901828766,-0.608193576335907,0.899096071720123,-0.0116342758571193,-0.00260788229778878,0.100865381151445,-0.468652248380863,-0.266888141631109,0.100719332694641,-0.0955653975117811,0.0770717005556759,0.102913228355081,0.157953788436063,0.157953788436063,0.0225907093983141,0.157953788436063,3123.1,23.1184678
-0.466624377302903,-0.399084575415972,0.99064713716507,0.00481813913211226,0.000694960413966328,-1.66253018378685,-0.294507946610067,-0.0183272164945943,-0.0932833002082108,0.0798202159537051,0.147854095106802,-0.123933635397533,1.18309283256531,-0.621271729469299,0.903960943222046,-0.00773855828249508,-0.00157786953107476,0.105351159529593,-0.451123714449483,-0.261563062669274,0.0972974300389831,0.0779143514929092,0.0206002553343928,0.0897155675634456,0.176554963383643,0.176554963383643,0.0218175581693817,0.176554963383643,3123.15,23.1852029
-0.476441308856571,-0.399695482632458,0.99064713716507,0.00481813913211226,0.000694960413966328,-1.66253018378685,-0.294507946610067,-0.0183272164945943,-0.0932833002082108,0.0558741511675935,0.103497866574761,-0.086753544778273,1.15984201431274,-0.632341623306274,0.909853935241699,-0.00780796762914278,0.000599243641148526,0.118942692137535,-0.465016365049578,-0.221397876738697,0.117859840392638,-0.00138818693294884,0.0435422634443072,0.27183065215785,0.19681496349756,0.19681496349756,0.0204501751747741,0.19681496349756,3123.2,23.2518818
-0.48625824041024,-0.400306389848945,0.99064713716507,0.00481813913211226,0.000694960413966328,-1.66253018378685,-0.294507946610067,-0.0183272164945943,-0.0932833002082108,0.0391119058173155,0.072448506602333,-0.0607274813447911,1.11642038822174,-0.653510868549347,0.919622838497162,-0.00505318281258147,0.00547033234627678,0.136369418949765,-0.434216260910429,-0.211692452430918,0.0976890325547153,0.0275478481656381,0.0487108870513269,0.174267268122466,0.219435411307615,0.219435411307615,0.0187121032618352,0.219435411307615,3123.3,23.3185915
-0.494530448328682,-0.402579053061855,1.00865972042084,0.000329950038576499,-0.00885926745831966,-1.68910431861351,-0.248166237553249,-0.0681798963872967,-0.249444033385314,0.0677720359139427,0.136702005472207,0.196657976498588,1.09479737281799,-0.662883937358856,0.923927783966064,-0.0067486823286739,0.00980817993608059,0.151385444110776,-0.432460308073378,-0.187461376189504,0.0860989093777385,-0.0339099903217252,0.0867569517957605,0.300320503219126,0.244768214223847,0.244768214223847,0.0168392437111696,0.244768214223847,3123.35,23.385304
-0.502802656247124,-0.404851716274764,1.00865972042084,0.000329950038576499,-0.00885926745831966,-1.68910431861351,-0.248166237553249,-0.0681798963872967,-0.0873307840834035,0.0474404251397599,0.0956914038305449,0.137660583549011,1.0743293762207,-0.671655595302582,0.928529024124146,-0.00816351571123077,0.0114220785963417,0.161814042712216,-0.409359931948035,-0.175433158875469,0.0920248031621233,-0.0282966676512917,0.0322779732053977,0.208571972029941,0.272709668447433,0.272709668447433,0.0150554677324104,0.272709668447433,3123.4,23.4519707
-0.506649264814164,-0.405601649210404,1.03817093372345,0.000329950038576499,-0.00885926745831966,-1.68910431861351,-0.115398257011208,-0.0224979880691932,-0.355708779051301,0.0332082975978319,0.0669839826813814,0.096362408484308,1.03407788276672,-0.686489641666412,0.935115814208984,-0.0123936076584119,0.0108451121132138,0.191073146362189,-0.402514934540161,-0.148340463638441,0.0658679008484486,-0.0423009194718503,-0.00576966483128427,0.292591036499992,0.30266436759238,0.30266436759238,0.0135483337607,0.30266436759238,3123.5,23.5186277
-0.510552092774999,-0.406227787494264,1.03817093372345,-0.003354616696015,-0.0229018311947584,-1.73575639724205,-0.11708483882507,-0.0187841485158013,-0.0894562513916699,0.0564069089298058,0.173271861504916,0.487322393595876,1.01562750339508,-0.692452728748322,0.93728107213974,-0.015324667189482,0.0126392312974116,0.207166253686256,-0.369007587431519,-0.11926174163775,0.0433051586149548,-0.0586211906211872,0.0358823836838255,0.321862146480166,0.333521858379053,0.333521858379053,0.0124552236492276,0.333521858379053,3123.55,23.5853799
-0.514454920735835,-0.406853925778124,1.03817093372345,-0.003354616696015,-0.0229018311947584,-1.73575639724205,-0.11708483882507,-0.0187841485158013,-0.0894562513916699,0.0394848362508641,0.121290303053441,0.341125675517113,0.997080504894257,-0.697829723358154,0.938508152961731,-0.0190450341815692,0.0143744173063349,0.228715745494273,-0.37093997001513,-0.107539892196264,0.0245416164397301,-0.0744073398414745,0.0347037201783404,0.430989836158773,0.36354554815231,0.36354554815231,0.0118582364116847,0.36354554815231,3123.6,23.6520951
-0.514623708625984,-0.411562620644921,1.03817093372345,-0.003354616696015,-0.0229018311947584,-1.73575639724205,-0.00506363670445578,-0.14126084600389,-0.0505552992871874,0.0276393853756049,0.0849032121374087,0.238787972861979,0.963534235954285,-0.703858017921448,0.93841826915741,-0.0272199221359229,0.0177935989949431,0.268844177586339,-0.335462689400024,-0.0602829456329894,-0.000898838043213708,-0.081748879543611,0.0341918168861128,0.401284320921028,0.390672117278139,0.390672117278139,0.0117732881998909,0.390672117278139,3123.7,23.7188299
-0.515142693091714,-0.416262753783093,1.05908918380737,-0.0153434379026294,-0.0315751992166042,-1.80300021171043,-0.0155695339719056,-0.141003994145163,-0.238115490679227,0.127246960622453,0.137492560692798,0.77234591121884,0.947220146656036,-0.705780744552612,0.938542604446411,-0.0295872692418558,0.0182214593159691,0.290407193085381,-0.326281785966746,-0.0384545326235009,0.00248670578004287,-0.047346942118917,0.00855720642056835,0.431260309983195,0.412562713457287,0.412562713457287,0.0121589312133585,0.412562713457287,3123.75,23.7855945
-0.515661677557444,-0.420962886921265,1.05908918380737,-0.0153434379026294,-0.0315751992166042,-1.80300021171043,-0.0155695339719056,-0.141003994145163,-0.0498512399239169,0.0890728724357169,0.0962447924849589,0.540642137853188,0.932197093963623,-0.707017004489899,0.938557028770447,-0.0315264468546653,0.0190807872704738,0.309857209670157,-0.300461053847174,-0.0247251987456376,0.000288486480711841,-0.0387835522560488,0.0171865590900311,0.389000331694092,0.426809199834828,0.426809199834828,0.0129240472588084,0.426809199834828,3123.8,23.8522634
-0.516180662023174,-0.425663020059437,1.06921768188477,-0.0153434379026294,-0.0315751992166042,-1.80300021171043,-0.0155695339719056,-0.141003994145163,-0.14100772262045,0.0623510107050018,0.0673713547394712,0.378449496497231,0.902904152870178,-0.704549133777618,0.938868224620819,-0.0401710610105233,0.0175074199169971,0.365402318158745,-0.292929410934715,0.0246787071228252,0.00311195850372597,-0.0864461415586584,-0.0157336735347814,0.555451084886386,0.431269006727126,0.431269006727126,0.013947805988145,0.431269006727126,3123.9,23.9189629
-0.517143733809525,-0.430307544301002,1.06921768188477,-0.0243098419159651,-0.0388956218957901,-1.89230251311729,-0.0288921535905179,-0.13933572724694,-0.0492347482162459,0.124343343613523,0.113043752430303,1.06863536020981,0.889658570289612,-0.701231420040131,0.938787281513214,-0.0442684542765018,0.0158755567762184,0.395088931706799,-0.264911651610364,0.0663542747495145,-0.00161886215209372,-0.0819478653192727,-0.0326372628154563,0.593732270958932,0.424184318960388,0.424184318960388,0.0150947040784739,0.424184318960388,3123.95,23.9856489
-0.518106805595875,-0.434952068542566,1.06921768188477,-0.0243098419159651,-0.0388956218957901,-1.89230251311729,-0.0288921535905179,-0.13933572724694,-0.0492347482162459,0.0870403405294658,0.0791306267012119,0.748044752146864,0.877025723457336,-0.696779429912567,0.938692152500153,-0.0495105254872883,0.0161866013871346,0.426310985980432,-0.252656936646887,0.0890398025517554,-0.00190258026124085,-0.104841424216301,0.00622089221835905,0.624441085476063,0.404451500799203,0.404451500799203,0.0162360555249424,0.404451500799203,3124,24.0523215
-0.519069877382226,-0.439596592784131,1.064581990242,-0.0243098419159651,-0.0388956218957901,-1.89230251311729,-0.0288921535905179,-0.13933572724694,-0.00751352343139478,0.0609282383706261,0.0553914386908483,0.523631326502804,0.853452384471893,-0.682381629943848,0.938953578472137,-0.0584191697001997,0.0113168414127912,0.492021361731058,-0.235733389853574,0.143977999686671,0.00261425971983912,-0.0890864421287897,-0.0486975997432566,0.657103757503873,0.371771118960275,0.371771118960275,0.0172675173543362,0.371771118960275,3124.1,24.1189818
-0.520586623970793,-0.44410417991802,1.064581990242,-0.0387831963598728,-0.0459780655801296,-2.00437033175895,-0.0455023976570076,-0.135227614016659,-0.0486954925653488,0.172909956854608,0.10251600024265,1.37515229632693,0.8428875207901,-0.672929406166077,0.939969956874847,-0.0597321927521625,0.0066658449082442,0.52182451149576,-0.211297273637017,0.189044475556452,0.0203275680543101,-0.0262604610393993,-0.0930199300914486,0.596062995297284,0.326692896215777,0.326692896215777,0.0181239652364216,0.326692896215777,3124.15,24.1856968
-0.52210337055936,-0.448611767051908,1.064581990242,-0.0387831963598728,-0.0459780655801296,-2.00437033175895,-0.0455023976570076,-0.135227614016659,-0.0486954925653488,0.121036969798226,0.0717612001698547,0.962606607428849,0.83271586894989,-0.662094831466675,0.941460847854614,-0.0553417101713349,0.00165106613704301,0.555086607895963,-0.203433036803459,0.216691493987249,0.0298178195952284,0.0878096516162319,-0.100295575423659,0.665241928001637,0.270783781400317,0.270783781400317,0.018785411305131,0.270783781400317,3124.2,24.2523773
-0.523620117147927,-0.453119354185797,1.064581990242,-0.0387831963598728,-0.0459780655801296,-2.00437033175895,-0.0455023976570076,-0.135227614016659,-0.0486954925653488,0.0847258788587579,0.0502328401188983,0.673824625200194,0.811884939670563,-0.636386871337891,0.945687413215637,-0.0476494463272807,0.000574655684510758,0.618986535584349,-0.208309292793463,0.257079601288076,0.0422656536102679,0.0769226384406122,-0.0107641045253323,0.638999276884439,0.206387854270745,0.206387854270745,0.0192832330929469,0.206387854270745,3124.3,24.3190522
-0.524985503556478,-0.460039755923923,1.06843161582947,-0.0493906326591969,-0.0430039316415787,-2.13627994059989,-0.0409615922565293,-0.207612052143788,-0.0850094367089853,0.154775041895047,0.00839578263627024,1.65886371720862,0.802178621292114,-0.62133914232254,0.949312746524811,-0.0424437353079089,-0.00544102954172216,0.648317164944318,-0.194126367568263,0.300954580305912,0.0725066661832079,0.104114220387057,-0.120313704524221,0.586612587197259,0.136512110337773,0.136512110337773,0.0196939899275131,0.136512110337773,3124.35,24.3857634
-0.526350889965029,-0.46696015766205,1.06843161582947,-0.0493906326591969,-0.0430039316415787,-2.13627994059989,-0.0409615922565293,-0.207612052143788,-0.0503628064218149,0.108342529326533,0.00587704784538917,1.16120460204603,0.791572153568268,-0.604843139648438,0.954312920570374,-0.036258078473906,-0.0135412662675321,0.682436170383051,-0.212129354478086,0.329920053483856,0.100003480911801,0.123713136680733,-0.162004734517083,0.682380108778375,0.0646885692164245,0.0646885692164245,0.020128858877335,0.0646885692164245,3124.4,24.4524959
-0.52821168069175,-0.478772412465615,1.07951402664185,-0.0493906326591969,-0.0430039316415787,-2.13627994059989,-0.055823721801636,-0.354367644106963,-0.18838534801835,0.0758397705285729,0.00411393349177242,0.812843221432222,0.771955490112305,-0.57169783115387,0.964336037635803,-0.0109554583102917,-0.0197525247733484,0.729886312244231,-0.19616663455981,0.33145308494598,0.100231170654388,0.253026201636373,-0.0621125850582193,0.474501418612228,-0.00537700375444688,-0.00537700375444688,0.0207189003488104,-0.00537700375444688,3124.5,24.5192567
-0.531482432272894,-0.490212471948243,1.07951402664185,-0.0421957522630692,-0.0247791055589914,-2.26376152038047,-0.098122547434334,-0.343201784478847,-0.0921060943263894,-0.0116660841951483,-0.161143681299045,1.71632447302776,0.760971963405609,-0.554207623004913,0.969815671443939,-0.00418348823629751,-0.0201532557145891,0.759104337713411,-0.219670534133112,0.349804162977853,0.109592676162321,0.135439401479391,-0.00801461882478446,0.584360509381484,-0.0699879737053244,-0.0699879737053244,0.0215946099103753,-0.0699879737053244,3124.55,24.5859429
-0.534753183854039,-0.501652531430871,1.07951402664185,-0.0421957522630692,-0.0247791055589914,-2.26376152038047,-0.098122547434334,-0.343201784478847,-0.0921060943263894,-0.00816625893660378,-0.112800576909331,1.20142713111943,0.75065004825592,-0.536649167537689,0.975307106971741,0.00601781926669164,-0.0170761791540208,0.778508232187738,-0.206438302993023,0.351169109343205,0.109828710555631,0.204026150059041,0.061541531211142,0.388077889485124,-0.12608596878703,-0.12608596878703,0.0228699043347497,-0.12608596878703,3124.6,24.6526615
-0.538508312119084,-0.512547091854901,1.07951402664185,-0.0421957522630692,-0.0247791055589914,-2.26376152038047,-0.112653847951363,-0.326836812720878,-0.101709310597748,-0.00571638125562264,-0.0789604038365318,0.840998991783604,0.729636311531067,-0.501968681812286,0.987187027931213,0.0258302266770152,-0.0110537440140025,0.806458878642761,-0.210137367248726,0.346804857254344,0.118799209594835,0.198124074103416,0.0602243514002378,0.279506464550487,-0.171170929482533,-0.171170929482533,0.0246204929305523,-0.171170929482533,3124.7,24.7193866
-0.543120815603747,-0.523020914060496,1.09582018852234,-0.0147541984915733,0.00300515280105174,-2.36226844787071,-0.138375104539885,-0.314214666167862,-0.252328985871322,-0.250975450822398,-0.305330607925961,1.47526164166063,0.719237208366394,-0.485746145248413,0.993310332298279,0.0327619608337094,-0.00667207328796973,0.813517559713286,-0.207982063294592,0.324450731279236,0.122466087341977,0.138634683134639,0.0876334145211328,0.141173621411275,-0.203705221605975,-0.203705221605975,0.0268733975211267,-0.203705221605975,3124.75,24.7861839
-0.54773331908841,-0.533494736266092,1.11178147792816,-0.0147541984915733,0.00300515280105174,-2.36226844787071,-0.138375104539885,-0.314214666167862,-0.249225133599288,-0.175682815575679,-0.213731425548173,1.03268314916244,0.708573579788208,-0.470337450504303,0.999306678771973,0.0421887424497487,-0.00657897553601773,0.818150692738408,-0.213272571562945,0.308173894881081,0.119926929473441,0.1885356323201,0.00186195503903323,0.0926626605020946,-0.22314861650781,-0.22314861650781,0.0295975075689914,-0.22314861650781,3124.8,24.8531342
-0.552345822573073,-0.543968558471687,1.11178147792816,-0.0147541984915733,0.00300515280105174,-2.36226844787071,-0.138375104539885,-0.314214666167862,-0.105573528946883,-0.122977970902975,-0.149611997883721,0.722878204413708,0.68778520822525,-0.442644774913788,1.01224362850189,0.0519319811737536,0.00290776838337979,0.81304049588762,-0.207883715629767,0.276926755905403,0.129369497299312,0.0974323872401377,0.0948674391940615,-0.0511019685079249,-0.229990153621384,-0.229990153621384,0.0326808174307919,-0.229990153621384,3124.9,24.9199284
-0.557186516168223,-0.554299521471098,1.11178147792816,0.0137525228783488,0.0221104249358177,-2.40016019343803,-0.145220807854526,-0.309928889982342,-0.107262285119603,-0.342645071961382,-0.276675847731498,0.847040453195491,0.677756309509277,-0.430234223604202,1.02015519142151,0.0551118204825564,0.0064974675637352,0.804065505316896,-0.200577974318728,0.248211026190808,0.158231258391758,0.0635967861758256,0.0717939836068471,-0.179499811413839,-0.225912047061317,-0.225912047061317,0.0359666173664727,-0.225912047061317,3124.95,24.9866152
-0.562027209763374,-0.56463048447051,1.11178147792816,0.0137525228783488,0.0221104249358177,-2.40016019343803,-0.145220807854526,-0.309928889982342,-0.107262285119603,-0.239851550372967,-0.193673093412049,0.592928317236844,0.668377935886383,-0.418969064950943,1.02846884727478,0.0606090514860624,0.00914156571960165,0.793968784038922,-0.187567472458909,0.225303173066415,0.166273117066337,0.10994462007072,0.0528819631176175,-0.201934425560567,-0.213397504881521,-0.213397504881521,0.0392586583363638,-0.213397504881521,3125,25.0533259
-0.567426355601613,-0.570824429051068,1.16423904895782,0.0137525228783488,0.0221104249358177,-2.40016019343803,-0.161974375147157,-0.185818337416742,-0.632388652111358,-0.167896085261077,-0.135571165388434,0.415049822065791,0.649572789669037,-0.400516390800476,1.04484176635742,0.0624156962166528,0.00838039328172075,0.763783925826897,-0.188051462172778,0.184526741503998,0.16372919082582,0.0180664473058384,-0.0076117243787813,-0.30184858211916,-0.195560700547112,-0.195560700547112,0.04232386891369,-0.195560700547112,3125.1,25.1199983
-0.572517404955869,-0.57726301815301,1.16423904895782,0.0362704582512379,0.0260246377438307,-2.37294304370353,-0.152731480627683,-0.19315767305827,-0.16046508692806,-0.320188678038755,-0.130127731044021,0.0455805278355798,0.640880763530731,-0.393479555845261,1.05285429954529,0.0600901002848039,0.00685814851757197,0.747998351881842,-0.173840522767062,0.140736699105077,0.160250663758199,-0.046511918637232,-0.0304448952831418,-0.315711478902816,-0.175915136510205,-0.175915136510205,0.044918341363631,-0.175915136510205,3125.15,25.1863879
-0.577608454310125,-0.583701607254953,1.16423904895782,0.0362704582512379,0.0260246377438307,-2.37294304370353,-0.152731480627683,-0.19315767305827,-0.16046508692806,-0.224132074627129,-0.0910894117308144,0.0319063694849059,0.632511794567108,-0.387808442115784,1.0619512796402,0.0587407916400071,0.00766594588724967,0.730582503324159,-0.167379379271852,0.113422274589126,0.181939601897531,-0.0269861728958375,0.0161559473934953,-0.348316971152383,-0.157556059726438,-0.157556059726438,0.0468623974348634,-0.157556059726438,3125.2,25.2537751
-0.582699503664381,-0.590140196356895,1.16423904895782,0.0362704582512379,0.0260246377438307,-2.37294304370353,-0.152731480627683,-0.19315767305827,-0.16046508692806,-0.15689245223899,-0.0637625882115701,0.0223344586394341,0.616822123527527,-0.380636900663376,1.08310949802399,0.0551402995168461,-0.000691342897947086,0.69520004512689,-0.156896710395956,0.0717154145241436,0.211582183838083,-0.0360049212316432,-0.0835728878520436,-0.353824581973014,-0.144113897265123,-0.144113897265123,0.0479227483048627,-0.144113897265123,3125.3,25.3204936
-0.586901819094691,-0.592318168686407,1.19024550914764,0.0381409637629986,0.0251415520906448,-2.30955159663627,-0.126069462909298,-0.065339169885353,-0.40361513595438,-0.126659266173139,-0.0366860408694265,-0.554888902557743,0.609167158603668,-0.378593683242798,1.09406673908234,0.0520120079829616,-0.00204777250537747,0.676757720768015,-0.153099298476616,0.0408643484114114,0.219144821166195,-0.0625658306774623,-0.0271285921485091,-0.368846487176166,-0.137929396063082,-0.137929396063082,0.0480036951704708,-0.137929396063082,3125.35,25.3871882
-0.591104134525001,-0.594496141015919,1.22461652755737,0.0381409637629986,0.0251415520906448,-2.30955159663627,-0.126069462909298,-0.065339169885353,-0.478896159933567,-0.0886614863211976,-0.0256802286085985,-0.38842223179042,0.601911544799805,-0.377368777990341,1.10561740398407,0.0488338704133106,-0.00610890527880681,0.657885888900447,-0.145112276078062,0.024498105049267,0.231013298035929,-0.063562751393366,-0.08122265546903,-0.377436637353418,-0.140688980851667,-0.140688980851667,0.0470613326964143,-0.140688980851667,3125.4,25.4538709
-0.597900319124496,-0.593816418936346,1.22461652755737,0.0381409637629986,0.0251415520906448,-2.30955159663627,-0.203885537984854,0.0203916623871895,-0.197157185388421,-0.0620630404248383,-0.017976160026019,-0.271895562253294,0.585249662399292,-0.378064304590225,1.12945735454559,0.0372919716306872,-0.00713457277553032,0.63051662359425,-0.166618824005278,-0.00695526599884666,0.238399505615451,-0.115418987826339,-0.0102566749672444,-0.273692653062213,-0.153104374739279,-0.153104374739279,0.0451306783986154,-0.153104374739279,3125.5,25.5206004
-0.604809149766282,-0.593610571214885,1.22461652755737,0.0286920908838511,0.0232159420847893,-2.23434519767234,-0.207264919253586,0.00617543164383051,-0.195895885982796,0.0415957276149409,0.00474717803448677,-0.867184484252656,0.57744824886322,-0.379482328891754,1.14108943939209,0.0349640764556828,-0.00722334418331079,0.61755229083991,-0.156028270720868,-0.0283604860304754,0.232641696929085,-0.0465579034999198,-0.00177542815560292,-0.259286655085858,-0.174828467119307,-0.174828467119307,0.0423295589931362,-0.174828467119307,3125.55,25.5873303
-0.611717980408068,-0.593404723493424,1.22461652755737,0.0286920908838511,0.0232159420847893,-2.23434519767234,-0.207264919253586,0.00617543164383051,-0.195895885982796,0.0291170093304587,0.00332302462414074,-0.607029138976859,0.569731175899506,-0.381423890590668,1.15318858623505,0.0352045018025672,-0.00815936570927682,0.592639688329664,-0.15434145927373,-0.0388312339781302,0.241982936858251,0.0048085069376709,-0.0187204305192524,-0.498252050203118,-0.204494403334678,-0.204494403334678,0.038848751583472,-0.204494403334678,3125.6,25.6540449
-0.614780754768659,-0.589375469055414,1.22461652755737,0.0286920908838511,0.0232159420847893,-2.23434519767234,-0.0918832308177374,0.12087763314028,-0.17194145683236,0.0203819065313211,0.00232611723689852,-0.424920397283801,0.553107738494873,-0.388069808483124,1.1786527633667,0.0335335815913977,-0.00783945951306128,0.57949458185863,-0.166234374046477,-0.066459178924621,0.25464177131676,-0.0167092021117096,0.00319906196215828,-0.131451064710457,-0.23985154172955,-0.23985154172955,0.0349364084888226,-0.23985154172955,3125.7,25.7207209
-0.618149330741869,-0.585555470531239,1.24712634086609,0.0232819747179747,0.0178657751530409,-2.17224621772239,-0.101057279196291,0.114599955725261,-0.374113495464427,0.0629583800648122,0.0497797844515645,-0.856335097648221,0.545272707939148,-0.391847044229507,1.19097518920898,0.0394803158584034,-0.012970577693091,0.565513213069833,-0.156700611115357,-0.0755447149280856,0.246448516847048,0.118934685340763,-0.102622363601154,-0.279627375777467,-0.278052791483689,-0.278052791483689,0.030869050148076,-0.278052791483689,3125.75,25.7874416
-0.621517906715079,-0.581735472007063,1.27592194080353,0.0232819747179747,0.0178657751530409,-2.17224621772239,-0.101057279196291,0.114599955725261,-0.430685575122935,0.0440708660453686,0.0348458491160951,-0.599434568353755,0.537172794342041,-0.39671191573143,1.20308125019073,0.0434125861050435,-0.0129331717536608,0.552197190107769,-0.161998271941549,-0.0972974300380982,0.242121219634129,0.0786454049325145,0.00074811878860064,-0.266320459240312,-0.315765894032356,-0.315765894032356,0.0269440178596348,-0.315765894032356,3125.8,25.8541108
-0.624886482688289,-0.577915473482888,1.27592194080353,0.0232819747179747,0.0178657751530409,-2.17224621772239,-0.101057279196291,0.114599955725261,-0.171525175685984,0.030849606231758,0.0243920943812666,-0.419604197847628,0.520058274269104,-0.40945091843605,1.22731375694275,0.051857534957768,-0.0233501764322359,0.521076272043737,-0.171145200729526,-0.127390027046319,0.242325067520362,0.084449488527322,-0.104170046785846,-0.311209180640599,-0.349683357275593,-0.349683357275593,0.0234312950229644,-0.349683357275593,3125.9,25.9208329
-0.628394284418741,-0.574251437439111,1.27592194080353,0.027782378718257,0.0251695942133665,-2.11803054809043,-0.105234051913579,0.109921081313323,-0.171794743873515,-0.01890891164031,-0.048659905476044,-0.781663965180962,0.511437356472015,-0.416880905628204,1.23789060115814,0.0582052986051401,-0.0302974389059985,0.50712302025083,-0.172418355941145,-0.148599743842538,0.211536884307092,0.126955272946982,-0.138945249474746,-0.279065035857128,-0.376613895340356,-0.376613895340356,0.0205712841291968,-0.376613895340356,3125.95,25.9875311
-0.631902086149194,-0.570587401395333,1.27592194080353,0.027782378718257,0.0251695942133665,-2.11803054809043,-0.105234051913579,0.109921081313323,-0.171794743873515,-0.013236238148217,-0.0340619338332308,-0.547164775626673,0.502319872379303,-0.434675455093384,1.25821101665497,0.0660661612568873,-0.0360250650288922,0.467369365325905,-0.182349681855243,-0.355890989305531,0.406408309938741,0.1572172530358,-0.1145525224585,-0.795073098502846,-0.393908488127264,-0.393908488127264,0.018538774185996,-0.393908488127264,3126,26.0542137
-0.636377640822593,-0.563178218654177,1.27592194080353,0.027782378718257,0.0251695942133665,-2.11803054809043,-0.134266640201981,0.222275482234699,-0.125237831882997,-0.0092653667037519,-0.0238433536832616,-0.383015342938671,0.481492191553116,-0.445821672677994,1.26823735237122,0.0681276799452215,-0.0419066510785027,0.447944676993945,-0.208276808261114,-0.111462175845694,0.100263357162111,0.0206151868832672,-0.0588158604958903,-0.194246883318892,-0.399626902426128,-0.399626902426128,0.0174342876865376,-0.399626902426128,3126.1,26.1208812
-0.641249527622902,-0.556016444424697,1.318150639534,0.0376394800841808,0.0457789041101933,-2.04801237582634,-0.146156604009257,0.214853226884385,-0.50512043826716,-0.0951996689859413,-0.202174136649724,-0.898274290433962,0.47022944688797,-0.457963466644287,1.27746844291687,0.0682905351426468,-0.0443512363993485,0.424436861329665,-0.225254893304147,-0.242835879327192,0.184621810914093,0.00325710394852464,-0.0488917064171828,-0.470156313288158,-0.392691938419746,-0.392691938419746,0.017276842556795,-0.392691938419746,3126.15,26.1875126
-0.64612141442321,-0.548854670195218,1.318150639534,0.0376394800841808,0.0457789041101933,-2.04801237582634,-0.146156604009257,0.214853226884385,-0.125062149692941,-0.0666397682901589,-0.141521895654807,-0.628792003303773,0.458308786153793,-0.471538603305817,1.28612923622131,0.0695258793511058,-0.0486168399624979,0.398457149790266,-0.238413214682665,-0.271502733229603,0.173215866088237,0.0247068841690898,-0.0853120712626784,-0.519594230786101,-0.372894176472141,-0.372894176472141,0.0180072401184556,-0.372894176472141,3126.2,26.2542628
-0.650993301223519,-0.541692895965738,1.318150639534,0.0376394800841808,0.0457789041101933,-2.04801237582634,-0.146156604009257,0.214853226884385,-0.125062149692941,-0.0466478378031112,-0.0990653269583647,-0.440154402312641,0.431778252124786,-0.505011856555939,1.30150067806244,0.0583045010044207,-0.0662606257072547,0.328495956373326,-0.265305340290311,-0.334732532501525,0.153714418411395,-0.112213783466953,-0.176437857447728,-0.699611934170039,-0.341006559757962,-0.341006559757962,0.0194922032708843,-0.341006559757962,3126.3,26.3209387
-0.659055973134598,-0.534163752607145,1.35592889785767,0.0427352860569954,0.0595243275165558,-1.94768977164695,-0.241880157332363,0.225874300757782,-0.437904713796223,-0.0785157402175089,-0.193054539528118,-1.21101151923329,0.417300790548325,-0.5201575756073,1.30631124973297,0.0580726231067324,-0.0629065438595351,0.304859470848378,-0.289549231528182,-0.30291438102612,0.0962114334102945,-0.00463755795374852,0.0670816369541462,-0.472729710497227,-0.2985063733845,-0.2985063733845,0.0215455677702982,-0.2985063733845,3126.35,26.3876569
-0.670410410619358,-0.524761797785174,1.38850486278534,0.0427352860569954,0.0595243275165558,-1.94768977164695,-0.340633124542814,0.282058644659148,-0.407412710255898,-0.0549610181522562,-0.135138177669683,-0.847708063463303,0.383728742599487,-0.556426346302032,1.32109558582306,0.047866002418723,-0.0691769451644882,0.242190143875051,-0.335720479488678,-0.362687706947657,0.147843360901013,-0.102066206880187,-0.0627040130495877,-0.626693269733846,-0.247554936610644,-0.247554936610644,0.0239429455910585,-0.247554936610644,3126.45,26.4543814
-0.681764848104119,-0.515359842963202,1.38850486278534,0.0427352860569954,0.0595243275165558,-1.94768977164695,-0.340633124542814,0.282058644659148,-0.114229025906838,-0.0384727127065794,-0.0945967243687778,-0.593395644424312,0.364368975162506,-0.575949192047119,1.32854890823364,0.0402027097327253,-0.068763874484644,0.20482669513006,-0.387195348741737,-0.390456914903864,0.149066448212483,-0.153265853720791,0.00826141359692929,-0.747268974903887,-0.190725186048648,-0.190725186048648,0.0264472986873039,-0.190725186048648,3126.5,26.5210938
-0.694232551897933,-0.507381258247324,1.38850486278534,0.033480204641819,0.0675096735358238,-1.82422614097068,-0.374031113814416,0.239357541476359,-0.110736860536924,0.056364833841982,-0.138085821231557,-1.52654962718344,0.34407052397728,-0.596065580844879,1.33575510978699,0.0331834588070482,-0.0679362029566544,0.176008903015699,-0.405969023703052,-0.402327775953737,0.14412403106637,-0.140385018513031,0.0165534305597323,-0.576355842285123,-0.130755153039261,-0.130755153039261,0.0288329080559387,-0.130755153039261,3126.55,26.5877833
-0.711893123150265,-0.49924334494,1.38850486278534,0.033480204641819,0.0675096735358238,-1.82422614097068,-0.529817137569975,0.244137399219717,-0.11270754762995,0.0394553836893874,-0.0966600748620898,-1.06858473902841,0.300954729318619,-0.636350274085999,1.35038864612579,0.0147317573542374,-0.0689368717671958,0.116019912458317,-0.431157946587001,-0.40284693241156,0.146335363388195,-0.184517014528276,-0.0100066881054233,-0.599889905574368,-0.0702690565841976,-0.0702690565841976,0.0309078863348542,-0.0702690565841976,3126.65,26.6544861
-0.729553694402598,-0.491105431632676,1.38850486278534,0.033480204641819,0.0675096735358238,-1.82422614097068,-0.529817137569975,0.244137399219717,-0.11270754762995,0.0276187685825712,-0.0676620524034628,-0.748009317319888,0.276704967021942,-0.656118869781494,1.35771369934082,0.00187991275676097,-0.0622639725923559,0.0915642056849434,-0.484995245931768,-0.395371913908474,0.146501064300004,-0.257036891948593,0.133457983496312,-0.489114135465694,-0.0116570616379362,-0.0116570616379362,0.0325271932202981,-0.0116570616379362,3126.7,26.7211887
-0.748137851163365,-0.485169346275075,1.42261338233948,0.0206698011606932,0.065128281712532,-1.70369267463157,-0.557524702823032,0.178082560728012,-0.414709719496241,0.134626769337932,-0.025930910272798,-1.60840771917592,0.252286612987518,-0.67583554983139,1.36547923088074,-0.00396670687147986,-0.0537426644688645,0.071625141574816,-0.488367080691142,-0.394333601000077,0.155310630799187,-0.116932392565455,0.170426162470759,-0.398781282204723,0.0431385252844083,0.0431385252844083,0.0336054705815915,0.0431385252844083,3126.75,26.7878833
-0.766722007924133,-0.479233260917475,1.45719516277313,0.0206698011606932,0.065128281712532,-1.70369267463157,-0.557524702823032,0.178082560728012,-0.41896906741189,0.0942387385365526,-0.0181516371909586,-1.12588540342315,0.226062834262848,-0.694477438926697,1.3738135099411,-0.0125657751048973,-0.047820336825357,0.0522443456117038,-0.5244755744915,-0.372837781904772,0.166685581206669,-0.171981364667723,0.118446552869719,-0.387615919260834,0.0927733217212613,0.0927733217212613,0.0341206896350211,0.0927733217212613,3126.8,26.8546322
-0.785306164684901,-0.473297175559875,1.45719516277313,0.0206698011606932,0.065128281712532,-1.70369267463157,-0.557524702823032,0.178082560728012,-0.107733043508997,0.0659671169755868,-0.012706146033671,-0.788119782396202,0.172042578458786,-0.729965209960938,1.39313292503357,-0.0201299281803863,-0.0312765539960687,0.0240601637060678,-0.54020255804111,-0.35487771034273,0.193194150924858,-0.0756415307549587,0.165437828293033,-0.281841819056617,0.136385084255109,0.136385084255109,0.0341086037996855,0.136385084255109,3126.9,26.9213672
-0.804475449700849,-0.469158254761167,1.45719516277313,-0.00442584836855531,0.0416250117123127,-1.61542391776512,-0.575078550478456,0.124167623961237,-0.0992441103228365,0.272037827646147,0.202635127778404,-1.34610265947544,0.144572883844376,-0.746310412883759,1.40196692943573,-0.0234875444254105,-0.0221827940398554,0.0160365051655959,-0.549393892286209,-0.326904058455232,0.17668008804257,-0.0671523249002398,0.181875199123604,-0.160473170808854,0.173716002371036,0.173716002371036,0.0336556186113403,0.173716002371036,3126.95,26.9880629
-0.824964628055625,-0.472813901532628,1.47772634029388,-0.00442584836855531,0.0416250117123127,-1.61542391776512,-0.614675350643283,-0.109669403143848,-0.313842391731979,0.190426479352303,0.141844589444883,-0.942271861632806,0.0906179398298264,-0.775699257850647,1.4232804775238,-0.0274028869908782,-0.00284306192632523,0.00779790466450604,-0.539549440145983,-0.293888449669152,0.213135480880931,-0.039153425654713,0.193397321135478,-0.0823860050109732,0.205030217464493,0.205030217464493,0.0328808604924362,0.205030217464493,3127.05,27.0547844
-0.845453806410402,-0.47646954830409,1.47772634029388,-0.00442584836855531,0.0416250117123127,-1.61542391776512,-0.614675350643283,-0.109669403143848,-0.129061794045212,0.133298535546612,0.0992912126114182,-0.659590303142964,0.0633536949753761,-0.788807034492493,1.43485355377197,-0.0279612646272,0.00367760308161438,0.0128485039270545,-0.545284897087021,-0.26215553283596,0.231461524962537,-0.0111675527263958,0.130413300158318,0.101011985250601,0.230878035465801,0.230878035465801,0.0319192901092644,0.230878035465801,3127.1,27.1214817
-0.865857712819376,-0.481121285798328,1.47772634029388,-0.0156877357512712,0.00450911140069366,-1.57767748832176,-0.612117192269238,-0.139552124827139,-0.120604699705656,0.194665961327072,0.403546951632564,-0.801431077190309,0.0380417257547379,-0.800314247608185,1.44607722759247,-0.0303740710199962,0.00899384467892134,0.0180553276220793,-0.506239384415528,-0.230144262315099,0.224473476411137,-0.048256127856187,0.106324831946719,0.104136473901066,0.252040358095665,0.252040358095665,0.0309007070104142,0.252040358095665,3127.15,27.188164
-0.886261619228351,-0.485773023292566,1.47772634029388,-0.0156877357512712,0.00450911140069366,-1.57767748832176,-0.612117192269238,-0.139552124827139,-0.120604699705656,0.13626617292895,0.282482866142795,-0.561001754033217,-0.0108805643394589,-0.820582509040833,1.46995532512665,-0.0336428281690643,0.0184029896192923,0.038836358744327,-0.489222900942413,-0.202682614326661,0.238780975342014,-0.0326875714907103,0.0940914494037952,0.207810311222666,0.269357878625731,0.269357878625731,0.0299309864953595,0.269357878625731,3127.25,27.2549141
-0.906665525637325,-0.490424760786804,1.47772634029388,-0.0156877357512712,0.00450911140069366,-1.57767748832176,-0.612117192269238,-0.139552124827139,-0.120604699705656,0.0953863210502652,0.197738006299956,-0.392701227823252,-0.0342497527599335,-0.828664898872375,1.48164343833923,-0.0370888730730009,0.01920660962827,0.0510274152675382,-0.46738376840779,-0.161647796630271,0.233762264250859,-0.0689208980784816,0.0160724001794949,0.243821130463337,0.283536760432514,0.283536760432514,0.0290810299704407,0.283536760432514,3127.3,27.3216638
-0.922977540943029,-0.488653706771313,1.52536499500275,-0.0179727375507355,-0.0219677686691284,-1.59604763984153,-0.489360459171112,0.0531316204647321,-0.57458573199453,0.0873354409303637,0.376708525038368,-0.109559495798298,-0.0561320446431637,-0.835915565490723,1.49286258220673,-0.0392757235254414,0.0235016621503954,0.0677190332717079,-0.437645837663012,-0.145013332366416,0.224382877349037,-0.0437370090486504,0.0859010504421966,0.333832360082179,0.295108338479383,0.295108338479383,0.0283740125232121,0.295108338479383,3127.35,27.3883938
-0.930263206951909,-0.493273556544658,1.5723739862442,-0.0179727375507355,-0.0219677686691284,-1.59604763984153,-0.218569980266405,-0.138595493200343,-0.542527463204103,0.0611348086512546,0.263695967526858,-0.0766916470588083,-0.0767044574022293,-0.841678023338318,1.50342297554016,-0.0410002667710764,0.0255283378785131,0.0850692863198027,-0.411448255183558,-0.115249156952533,0.211207866669854,-0.0344908649128879,0.0405335145625748,0.347005060963788,0.304363416162423,0.304363416162423,0.0277822388128634,0.304363416162423,3127.4,27.455193
-0.937548872960789,-0.497893406318002,1.5723739862442,-0.0179727375507355,-0.0219677686691284,-1.59604763984153,-0.218569980266405,-0.138595493200343,-0.119446542031007,0.0427943660558782,0.1845871772688,-0.0536841529411658,-0.117755949497223,-0.851755201816559,1.51839220523834,-0.0401007508353025,0.00737753146724794,0.121319113356493,-0.410514920950309,-0.100771784782501,0.149692296981948,0.00899515935774662,-0.181508064112817,0.362498270367238,0.311297342442068,0.311297342442068,0.0272335720148697,0.311297342442068,3127.5,27.5219668
-0.945153802749822,-0.502156095958429,1.5723739862442,-0.0276002585887909,-0.0367380455136299,-1.65445685386131,-0.22814789367098,-0.127880689212789,-0.116490419040386,0.116603745581614,0.262143515688674,0.488104019119163,-0.134157210588455,-0.852773904800415,1.53080201148987,-0.0385471855315721,0.0258522983879795,0.136488205163175,-0.328025221823453,-0.0203740596770499,0.248196125029615,0.0310713060744956,0.369495338413287,0.303381836132526,0.315691052805018,0.315691052805018,0.0266194884168028,0.315691052805018,3127.55,27.5886547
-0.95102302511539,-0.510049371803866,1.5723739862442,-0.0276002585887909,-0.0367380455136299,-1.65445685386131,-0.176076670967038,-0.236798275363137,-0.0887917819858614,0.0816226219071295,0.183500460982072,0.341672813383414,-0.167190134525299,-0.854101538658142,1.54789686203003,-0.0363047961704026,0.023624443407083,0.179790994217149,-0.330329239368739,-0.0132763385772826,0.170948505401767,0.0224238936117155,-0.0222785498089855,0.433027890540134,0.317183137942252,0.317183137942252,0.0257881811318269,0.317183137942252,3127.65,27.6568473
-0.956892247480958,-0.517942647649304,1.5723739862442,-0.0276002585887909,-0.0367380455136299,-1.65445685386131,-0.176076670967038,-0.236798275363137,-0.0887917819858614,0.0571358353349906,0.12845032268745,0.23917096936839,-0.182286351919174,-0.853606700897217,1.5563428401947,-0.0367540204383384,0.0230559530709139,0.202606593545342,-0.301924347876404,0.00989675521846986,0.168919563292842,-0.00898448535868283,-0.0113698067233405,0.456311986562205,0.315281579865532,0.315281579865532,0.0246401192846552,0.315281579865532,3127.7,27.7236351
-0.963418921983928,-0.525291510269331,1.60220324993134,-0.0269761942327023,-0.0350299440324306,-1.74115729331443,-0.195800235089093,-0.22046587860079,-0.357622705422521,0.0343785055296957,0.0745423125504217,0.947723633635998,-0.195873439311981,-0.850821197032928,1.56429779529572,-0.03654420599329,0.0223990618883642,0.230780284765859,-0.271741747857623,0.0557100772860706,0.159099102021132,0.00419628890099014,-0.0131378236510652,0.563473824413414,0.309722841588146,0.309722841588146,0.0230493233973374,0.309722841588146,3127.75,27.7903122
-0.969945596486897,-0.532640372889357,1.63624715805054,-0.0269761942327023,-0.0350299440324306,-1.74115729331443,-0.195800235089093,-0.22046587860079,-0.395554505311132,0.024064953870787,0.0521796187852952,0.663406543545199,-0.208059340715408,-0.846660435199738,1.57150971889496,-0.0366070252302452,0.0181091453247566,0.263962048859747,-0.243718028067656,0.0832152366635156,0.144238471984339,-0.00125638473909951,-0.0857983312718395,0.663635281875333,0.300354310316559,0.300354310316559,0.0209359778924358,0.300354310316559,3127.8,27.8569968
-0.976472270989867,-0.539989235509383,1.63624715805054,-0.0269761942327023,-0.0350299440324306,-1.74115729331443,-0.195800235089093,-0.22046587860079,-0.0891593322383165,0.0168454677095509,0.0365257331497066,0.464384580481639,-0.231516003608704,-0.835778892040253,1.58724617958069,-0.0322584756934072,0.0124543026789065,0.316027266934502,-0.234566628933166,0.108815431594948,0.157364606857443,0.0434854953684199,-0.056548426458552,0.520652180748032,0.287293516952127,0.287293516952127,0.018272143201324,0.287293516952127,3127.9,27.9236992
-0.983694436332889,-0.546649888405851,1.63624715805054,-0.0255584307014942,-0.0347923114895821,-1.84128308295677,-0.216664960290646,-0.199819586894047,-0.0893552157039365,-0.000968044384186729,0.0234293203191574,1.22620131311815,-0.242034792900085,-0.828912138938904,1.59451758861542,-0.0306467042735056,0.010554929287212,0.338688990275516,-0.210375785826871,0.137335062026478,0.145428180694051,0.0322354283979132,-0.0379874678337529,0.453234466818615,0.270983144798487,0.270983144798487,0.0150908647236442,0.270983144798487,3127.95,27.9904051
-0.99091660167591,-0.55331054130232,1.63624715805054,-0.0255584307014942,-0.0347923114895821,-1.84128308295677,-0.216664960290646,-0.199819586894047,-0.0893552157039365,-0.00067763106893071,0.0164005242234102,0.858340919182707,-0.260787457227707,-0.811283946037292,1.60745024681091,-0.0307112180381058,0.00243356409511476,0.381856267593488,-0.187526643276385,0.176281929016274,0.129326581955074,-0.000645137646002391,-0.0812136519210461,0.431672773180112,0.252117957339214,0.252117957339214,0.0114746267253849,0.252117957339214,3128.05,28.0573435
-0.998138767018932,-0.559971194198788,1.63624715805054,-0.0255584307014942,-0.0347923114895821,-1.84128308295677,-0.216664960290646,-0.199819586894047,-0.0893552157039365,-0.000474341748251497,0.0114803669563871,0.600838643427895,-0.269153147935867,-0.800774276256561,1.61289608478546,-0.0282729480322769,-0.00401289816827071,0.40784150574883,-0.167313814162599,0.210193395613859,0.108916759490571,0.0487654001164014,-0.12892924526724,0.519704763104963,0.231807516058214,0.231807516058214,0.00759145152224199,0.231807516058214,3128.1,28.1242412
-1.0060016183716,-0.565812879267046,1.66449868679047,-0.0251340828835964,-0.027019988745451,-1.94566142558525,-0.2358855405801,-0.175250552047736,-0.345024985683676,-0.00415116958485622,-0.0619146478277088,1.35999213405584,-0.277083039283752,-0.790042161941528,1.61819791793823,-0.0271336770171719,-0.00687689212457968,0.430133098135001,-0.158597826958568,0.21464228630183,0.106036663055999,0.0227854203022233,-0.057279879126492,0.445831847725856,0.21126292429036,0.21126292429036,0.00364193149230967,0.21126292429036,3128.15,28.1911329
-1.01386446972427,-0.571654564335304,1.66449868679047,-0.0251340828835964,-0.027019988745451,-1.94566142558525,-0.2358855405801,-0.175250552047736,-0.0907612270243135,-0.00290581870939935,-0.0433402534793962,0.951994493839086,-0.293642550706863,-0.766624331474304,1.62693989276886,-0.0248098298608715,-0.0118390583510508,0.476525746136945,-0.16559511423126,0.234178304672454,0.0874197483063539,0.023238471563025,-0.0496216622647564,0.46392648001986,0.191778137672225,0.191778137672225,-0.00013569076752903,0.191778137672225,3128.25,28.2578991
-1.02172732107694,-0.577496249403562,1.66449868679047,-0.0251340828835964,-0.027019988745451,-1.94566142558525,-0.2358855405801,-0.175250552047736,-0.0907612270243135,-0.00203407309657955,-0.0303381774355773,0.66639614568736,-0.301540970802307,-0.753832340240479,1.62996733188629,-0.0232401327309823,-0.0143044460030351,0.498646605702015,-0.1579684019083,0.255839824675583,0.0605487823484125,0.0313939425976715,-0.0493077530395068,0.442417191299777,0.17446443277717,0.17446443277717,-0.00350854685446857,0.17446443277717,3128.3,28.324618
-1.02144889275036,-0.584850020271953,1.6736513376236,-0.0250449515879154,-0.0148239647969604,-2.04679048060844,0.00835284979742181,-0.220613126051729,-0.120332848320302,-0.00222603282873468,-0.13100093974132,1.37663879718989,-0.309022158384323,-0.740342915058136,1.63179993629456,-0.0161765131926598,-0.0175714169885042,0.514923466879952,-0.149623751639776,0.269788503645869,0.0366520881651499,0.141272390765934,-0.0653394197091443,0.325537223557557,0.160171535925796,0.160171535925796,-0.00625779825185499,0.160171535925796,3128.35,28.3913372
-1.0227824631191,-0.595943744486641,1.6736513376236,-0.0250449515879154,-0.0148239647969604,-2.04679048060844,-0.040007111062168,-0.332811726440645,-0.0135408404319292,-0.00155822298011428,-0.0917006578189238,0.963647158032925,-0.316110104322433,-0.725728929042816,1.63442039489746,-0.0155579972176162,-0.0180712779006562,0.559099103201262,-0.141758918762981,0.292279720307991,0.0524091720583915,0.0123703195009404,-0.00999721824309458,0.88351272643102,0.14935387081766,0.14935387081766,-0.00820043821209522,0.14935387081766,3128.4,28.4580435
-1.02411603348784,-0.607037468701329,1.6736513376236,-0.0250449515879154,-0.0148239647969604,-2.04679048060844,-0.040007111062168,-0.332811726440645,-0.0135408404319292,-0.00109075608607999,-0.0641904604732467,0.674553010623047,-0.330846697092056,-0.695893287658691,1.63360559940338,-0.00710686909859708,-0.0203214450107603,0.577965331793374,-0.147365927696362,0.298356413841519,-0.00814795494080331,0.084511281190268,-0.0225016711010614,0.188662285921292,0.14194758248911,0.14194758248911,-0.00921320166098002,0.14194758248911,3128.5,28.5247471
-1.02640194283515,-0.617968121025786,1.70481657981873,-0.0232980437576771,-0.00426060333848,-2.13366103171775,-0.0685772804193367,-0.327919569733703,-0.296207115750668,-0.0164856997324011,-0.140003575457596,1.25402206741996,-0.3385129570961,-0.680313408374786,1.63085103034973,-0.00606726071904608,-0.0232053214229657,0.592739049118298,-0.153325200080314,0.311597585676967,-0.0550913810727976,0.0207921675909443,-0.0576775282438985,0.295474346497419,0.137329473271424,0.137329473271424,-0.00924581990674429,0.137329473271424,3128.55,28.5914365
-1.02868785218246,-0.628898773350242,1.70481657981873,-0.0232980437576771,-0.00426060333848,-2.13366103171775,-0.0685772804193367,-0.327919569733703,-0.0157199359945037,-0.0115399898126808,-0.0980025028203171,0.877815447193971,-0.353258639574051,-0.648272275924683,1.62419521808624,-0.00948880389542975,-0.0134199454226449,0.626938005672337,-0.147456824779645,0.320411324501329,-0.0665581226349482,-0.0342154317638678,0.0978537600032973,0.341989565540695,0.134327336239522,0.134327336239522,-0.00832968219515432,0.134327336239522,3128.65,28.6581032
-1.03097376152977,-0.639829425674699,1.70481657981873,-0.0232980437576771,-0.00426060333848,-2.13366103171775,-0.0685772804193367,-0.327919569733703,-0.0157199359945037,-0.00807799286887653,-0.068601751974222,0.61447081303578,-0.360012620687485,-0.631467461585999,1.62090504169464,-0.00524949092583398,-0.0163463997220033,0.63934252216368,-0.135079622268185,0.336096286772459,-0.0658035278317919,0.0847862593916069,-0.0585290859869559,0.248090329825969,0.131295843799325,0.131295843799325,-0.00657293744383922,0.131295843799325,3128.7,28.7248783
-1.0344898757984,-0.648320443230161,1.70015561580658,-0.0191044602543116,-0.0033503791783005,-2.20029294490287,-0.10548342805896,-0.254730526663867,0.0838268146445883,-0.0433968465385032,-0.0562132438235708,1.02981678779112,-0.36613854765892,-0.614150404930115,1.61834442615509,-0.00179737801322564,-0.0184528715145641,0.651378866371662,-0.12251853942938,0.346341133119566,-0.0512123107912951,0.0690422582525436,-0.042129435851446,0.240726884160957,0.126273766180089,0.126273766180089,-0.00416354898671616,0.126273766180089,3128.75,28.7916012
-1.03800599006704,-0.656811460785624,1.70015561580658,-0.0191044602543116,-0.0033503791783005,-2.20029294490287,-0.10548342805896,-0.254730526663867,0.0418781385352743,-0.0303777925769523,-0.0393492706764996,0.720871751453786,-0.373338490724564,-0.580414593219757,1.61378300189972,-0.00391448299826612,-0.0156139743886661,0.673982131946758,-0.143998861312342,0.674716234204699,-0.09122848510709,-0.0423420997006556,0.0567779425177538,0.452065311500261,0.117159684600476,0.117159684600476,-0.00134326393797456,0.117159684600476,3128.8,28.8583155
-1.04152210433567,-0.665302478341086,1.70015561580658,-0.0191044602543116,-0.0033503791783005,-2.20029294490287,-0.10548342805896,-0.254730526663867,0.0418781385352743,-0.0212644548038666,-0.0275444894735497,0.50461022601765,-0.388568162918091,-0.563050925731659,1.6133918762207,-0.00631653397834169,-0.0158014144476646,0.689047595435683,-0.152296721935411,0.173636674881139,-0.00391125679016469,-0.0240205098007776,-0.00187440058998607,0.150654634889389,0.101944568147061,0.101944568147061,0.00160943345617557,0.101944568147061,3128.9,28.9250334
-1.0454886513733,-0.673589108452435,1.68083155155182,-0.0121034048497677,-0.00330708734691143,-2.25266790389488,-0.118996411129058,-0.248598903340487,0.216102680839034,-0.0778946170036015,-0.0196707691139864,0.824601789140395,-0.396183580160141,-0.545871794223785,1.61373388767242,-0.00882240920396527,-0.0172967610508958,0.703074772363729,-0.152308344840449,0.343582630156221,0.00684022903439894,-0.0501175045122892,-0.0299069320645159,0.280543538559897,0.0789592481968158,0.0789592481968158,0.00440259776112596,0.0789592481968158,3128.95,28.991725
-1.04921887165158,-0.681403386544914,1.68083155155182,-0.0121034048497677,-0.00330708734691143,-2.25266790389488,-0.111906608348296,-0.234428342774364,-0.0185526057569295,-0.0545262319025211,-0.0137695383797905,0.577221252398276,-0.410216629505157,-0.510519742965698,1.61436378955841,0.000692503777611376,-0.0209029600370093,0.725975471303496,-0.140330493450292,0.353520512581193,0.00629901885986901,0.095149129815853,-0.036061989861168,0.229006989397883,0.0470534649231708,0.0470534649231708,0.00676185693838273,0.0470534649231708,3129.05,29.0584416
-1.05294909192986,-0.689217664637393,1.68083155155182,-0.0121034048497677,-0.00330708734691143,-2.25266790389488,-0.111906608348296,-0.234428342774364,-0.0185526057569295,-0.0381683623317647,-0.00963867686585334,0.404054876678793,-0.417440950870514,-0.492768317461014,1.61439108848572,0.00278037545895656,-0.016585471834172,0.737835957467698,-0.144486427306603,0.355028510092397,0.000545978546140592,0.0417574336267518,0.0863497640564312,0.237209723283172,0.005815381057115,0.005815381057115,0.00844852140992068,0.005815381057115,3129.1,29.1251762
-1.05707069282958,-0.696827897965474,1.69804465770721,-0.0146634764969349,0.000955220893956721,-2.30349838733146,-0.123648026991596,-0.22830699984244,-0.17433287453421,-0.00367720880773045,-0.0451078479739107,0.740312764604412,-0.424662619829178,-0.474842369556427,1.6151317358017,0.0040034764102624,-0.0161991444175013,0.748900120827709,-0.144433379174067,0.358518958093692,0.0148129463196609,0.0244620190262503,0.00772654833345693,0.221283267201417,-0.0442611825242162,-0.0442611825242162,0.00928280651749223,-0.0442611825242162,3129.15,29.1918521
-1.0611922937293,-0.704438131293556,1.69804465770721,-0.0146634764969349,0.000955220893956721,-2.30349838733146,-0.123648026991596,-0.22830699984244,-0.0194149191356503,-0.00257404616541132,-0.0315754935817375,0.518218935223088,-0.439167618751526,-0.439585417509079,1.6181343793869,0.0111007112917434,-0.0167256991911809,0.769424196816716,-0.145049989223612,0.352569520473801,0.0300264358520781,0.0709723488148749,-0.0052655477368007,0.205240759890263,-0.101918817308907,-0.101918817308907,0.00916180550621275,-0.101918817308907,3129.25,29.258563
-1.06531389462902,-0.712048364621637,1.69804465770721,-0.0146634764969349,0.000955220893956721,-2.30349838733146,-0.123648026991596,-0.22830699984244,-0.0194149191356503,-0.00180183231578792,-0.0221028455072162,0.362753254656162,-0.446442246437073,-0.422532349824905,1.61992228031158,0.0172283793044864,-0.0184385553479444,0.775236219335284,-0.145492553710408,0.341061353682231,0.0357580184935223,0.122553360254414,-0.0342571231351465,0.11624045037094,-0.164952588630282,-0.164952588630282,0.00806205570854666,-0.164952588630282,3129.3,29.3252562
-1.06955200665834,-0.72281161936446,1.7030394077301,-0.00628800597041845,0.00585697218775749,-2.34510195254753,-0.127143360879765,-0.32289764228469,-0.0841015941700701,-0.0766405173596995,-0.0595877534992583,0.628359365203893,-0.453508615493774,-0.405950874090195,1.62250471115112,0.024685993314666,-0.017001057166352,0.78090272659867,-0.141327381133519,0.331629514693007,0.0516486167905836,0.149152280203048,0.0287499636317453,0.113330145267301,-0.230507966352037,-0.230507966352037,0.00604104843261811,-0.230507966352037,3129.35,29.3919519
-1.07355850209694,-0.730155904981876,1.7030394077301,-0.00628800597041845,0.00585697218775749,-2.34510195254753,-0.120194863157982,-0.220328568522492,-0.0398940861276529,-0.0536483621517896,-0.0417114274494808,0.439851555642725,-0.467142760753632,-0.375068813562393,1.62795746326447,0.0411159171037875,-0.0101595340228339,0.784009514015225,-0.136341452598696,0.308820605278296,0.0545275211334724,0.164299237891364,0.0684152314352432,0.0310678741655817,-0.295246650935791,-0.295246650935791,0.00322663999554939,-0.295246650935791,3129.45,29.4586885
-1.07756499753554,-0.737500190599293,1.7030394077301,-0.00628800597041845,0.00585697218775749,-2.34510195254753,-0.120194863157982,-0.220328568522492,-0.0398940861276529,-0.0375538535062528,-0.0291979992146366,0.307896088949908,-0.473923236131668,-0.360898613929749,1.63040459156036,0.0473738315017882,-0.00778350328807169,0.777955830363262,-0.13560950756147,0.28340399265444,0.0489425659182358,0.125158287960697,0.0475206146955027,-0.121073673039921,-0.355475249583119,-0.355475249583119,-0.000190757062124646,-0.355475249583119,3129.5,29.5253846
-1.08163643176917,-0.744787375576047,1.69712066650391,0.0157055091112852,0.0220980737358332,-2.36084306239555,-0.122143027008762,-0.218615549302641,0.0116917189286224,-0.22422933318971,-0.166608513382927,0.357197250897137,-0.481053650379181,-0.348324000835419,1.63225364685059,0.0553372882203273,-0.00822128701946477,0.773597491786548,-0.142608284949738,0.251492261885682,0.0369811058043088,0.159269134370204,-0.00875567462782969,-0.087166771533969,-0.40774625862855,-0.40774625862855,-0.00399404738730784,-0.40774625862855,3129.55,29.5921696
-1.08570786600279,-0.752074560552802,1.69712066650391,0.0157055091112852,0.0220980737358332,-2.36084306239555,-0.122143027008762,-0.218615549302641,-0.0415769521071442,-0.156960533232797,-0.116625959368049,0.250038075627996,-0.493842154741287,-0.327062398195267,1.63411736488342,0.0716108629317734,-0.00803787840057924,0.748562281933489,-0.12788504362118,0.212616026401713,0.0186371803283861,0.162735747114609,0.00183408618885696,-0.250352098530816,-0.448765210500376,-0.448765210500376,-0.0079384987578897,-0.448765210500376,3129.65,29.6589212
-1.08977930023642,-0.759361745529557,1.69712066650391,0.0157055091112852,0.0220980737358332,-2.36084306239555,-0.122143027008762,-0.218615549302641,-0.0415769521071442,-0.109872373262958,-0.0816381715576341,0.175026652939597,-0.49959996342659,-0.318773418664932,1.63386273384094,0.0762843260379062,-0.00922468667155183,0.731780198466088,-0.115156173705636,0.165779590606086,-0.00509262084959085,0.0934692621223165,-0.0237361654193655,-0.335641669346811,-0.476024209979367,-0.476024209979367,-0.0117966375940181,-0.476024209979367,3129.7,29.7256598
-1.09396306074234,-0.764298217586145,1.71272146701813,0.042006641626358,0.0399344675242901,-2.33203148841331,-0.125512815177602,-0.148094161697654,-0.161478804202917,-0.313620853919726,-0.217674264186456,-0.136785508782431,-0.505704760551453,-0.312513500452042,1.63192617893219,0.0786635043471478,-0.0113671060421515,0.709816984726015,-0.12209594249792,0.125198364258496,-0.0387310981752602,0.0475835661850917,-0.0428483874122275,-0.439264274803851,-0.487892891496977,-0.487892891496977,-0.0153739905748337,-0.487892891496977,3129.75,29.7924422
-1.09814682124826,-0.769234689642734,1.71272146701813,0.042006641626358,0.0399344675242901,-2.33203148841331,-0.125512815177602,-0.148094161697654,-0.0210715995749267,-0.219534597743808,-0.152371984930519,-0.0957498561477016,-0.51612913608551,-0.306570887565613,1.62838804721832,0.0942845728761536,-0.016508256208833,0.652357522834002,-0.104243755340197,0.0594261288640721,-0.0353813171385432,0.156210685289489,-0.0514115016666281,-0.574594618918039,-0.483760761360651,-0.483760761360651,-0.0185164230692776,-0.483760761360651,3129.85,29.8591827
-1.10233058175418,-0.774171161699322,1.71272146701813,0.042006641626358,0.0399344675242901,-2.33203148841331,-0.125512815177602,-0.148094161697654,-0.0210715995749267,-0.153674218420666,-0.106660389451363,-0.0670248993033911,-0.522355973720551,-0.306437075138092,1.62462341785431,0.0949982947489817,-0.0183177216689451,0.621859341766314,-0.124536752701485,0.00267624855042964,-0.0752925872806843,0.0142744374566397,-0.0361893092024387,-0.60996362135709,-0.464165749391889,-0.464165749391889,-0.0211353994496911,-0.464165749391889,3129.9,29.9259109
-1.10602072772103,-0.779466565627551,1.71063816547394,0.0615942627191544,0.0568401403725147,-2.23999524115989,-0.110704379005476,-0.158862117846874,-0.00445465845481317,-0.283860542729633,-0.226813328249976,-0.875243654793132,-0.528238773345947,-0.308523267507553,1.61958026885986,0.0958455218635705,-0.0211509824282936,0.586889679192385,-0.117655992507507,-0.0417238473890694,-0.100862979888549,0.0169445422917155,-0.0566652151867649,-0.699393251476026,-0.430750829601957,-0.430750829601957,-0.0232021756780091,-0.430750829601957,3129.95,29.9925703
-1.10971087368788,-0.78476196955578,1.71063816547394,0.0615942627191544,0.0568401403725147,-2.23999524115989,-0.110704379005476,-0.158862117846874,-0.0232043723525183,-0.198702379910743,-0.158769329774983,-0.612670558355192,-0.541999816894531,-0.317793130874634,1.60789000988007,0.0889767415993807,-0.0349826478576079,0.516924416549654,-0.137610435485965,-0.0926986336708912,-0.11690258979808,-0.0686878026419606,-0.138316654293268,-0.699652626427947,-0.386018593715116,-0.386018593715116,-0.0247524803193663,-0.386018593715116,3130.05,30.0592686
-1.11340101965473,-0.79005737348401,1.71063816547394,0.0615942627191544,0.0568401403725147,-2.23999524115989,-0.110704379005476,-0.158862117846874,-0.0232043723525183,-0.13909166593752,-0.111138530842488,-0.428869390848634,-0.550668001174927,-0.324815660715103,1.60109961032867,0.0836614916382156,-0.0409192543257588,0.484661968707363,-0.173363685607279,-0.140450596808876,-0.135807991027338,-0.106304999222915,-0.118732129362587,-0.645248956843484,-0.33326951599448,-0.33326951599448,-0.0258665622992873,-0.33326951599448,3130.1,30.1259621
-1.1190636659893,-0.786893718689611,1.70095229148865,0.0611369498074055,0.0635469183325768,-2.10371363162468,-0.16987939003734,0.0949096438319673,0.144281952879996,-0.0932483499505241,-0.1381579732303,-1.526743059411,-0.559586226940155,-0.33418396115303,1.59331369400024,0.0828648113524417,-0.0483391810053462,0.447782371258957,-0.178364515305539,-0.187366008759567,-0.155718326569453,-0.0159336057155649,-0.148398533592558,-0.737591948972129,-0.276224648281406,-0.276224648281406,-0.0266608324016254,-0.276224648281406,3130.15,30.1926631
-1.12472631232388,-0.783730063895212,1.70095229148865,0.0611369498074055,0.0635469183325768,-2.10371363162468,-0.16987939003734,0.0949096438319673,0.0571090870123813,-0.0652738449653669,-0.09671058126121,-1.0687201415877,-0.578994810581207,-0.356112480163574,1.58009779453278,0.0677223510706866,-0.05698703915114,0.375629593737557,-0.194085836410699,-0.219285190105638,-0.132158994674803,-0.151424602817689,-0.0864785814580162,-0.72152777521466,-0.218726717278108,-0.218726717278108,-0.0272676935848915,-0.218726717278108,3130.25,30.2593909
-1.13038895865846,-0.780566409100813,1.70095229148865,0.0611369498074055,0.0635469183325768,-2.10371363162468,-0.16987939003734,0.0949096438319673,0.0571090870123813,-0.0456916914757568,-0.067697406882847,-0.74810409911139,-0.589945197105408,-0.368991196155548,1.57370507717133,0.0592545251637413,-0.0570123010174472,0.340069287433903,-0.219007730483212,-0.257574319838541,-0.127854347228539,-0.169356518138289,-0.000505237326141572,-0.711206126070502,-0.164481622908629,-0.164481622908629,-0.0278155161373775,-0.164481622908629,3130.3,30.326089
-1.13647527454815,-0.773866568554789,1.66656827926636,0.0611369498074055,0.0635469183325768,-2.10371363162468,-0.182589476690753,0.200995216380703,0.38837766170033,-0.0319841840330298,-0.0473881848179929,-0.523672869377973,-0.602228760719299,-0.382497370243073,1.56702101230621,0.047558116248468,-0.0572416879178671,0.309215669043287,-0.245671272276938,-0.270123481749506,-0.13368129730176,-0.233928178304617,-0.00458773800838263,-0.617072367810078,-0.116605427490651,-0.116605427490651,-0.0284116243458421,-0.116605427490651,3130.35,30.3927878
-1.14345772537905,-0.768178754462959,1.66656827926636,0.0486181788146496,0.0637334436178207,-1.9532496929116,-0.209473524926921,0.170634422754899,0.0811945138992353,0.0902800101116822,-0.0348504569397909,-1.72074645698224,-0.630258440971375,-0.411333292722702,1.55385088920593,0.0246683829585391,-0.0525849130198791,0.254232855875132,-0.280296802521007,-0.288359224796557,-0.131701231002927,-0.228897332899497,0.0465677489799224,-0.549828131682047,-0.0774534921463589,-0.0774534921463589,-0.029126699185787,-0.0774534921463589,3130.45,30.4595166
-1.15044017620995,-0.762490940371129,1.66656827926636,0.0486181788146496,0.0637334436178207,-1.9532496929116,-0.209473524926921,0.170634422754899,0.0811945138992353,0.0631960070781775,-0.0243953198578536,-1.20452251988757,-0.645632982254028,-0.426045298576355,1.54748117923737,0.0187615848144601,-0.0458803728924303,0.227184369375022,-0.307490825654754,-0.294240117074665,-0.127394199372033,-0.118135962882225,0.134090802549708,-0.540969730005144,-0.04847799456771,-0.04847799456771,-0.0299839490145503,-0.04847799456771,3130.5,30.5262079
-1.16227041826528,-0.760574292543095,1.63576638698578,0.0233668517321348,0.0519255995750427,-1.82736182212303,-0.354907261660171,0.0574994348410312,0.34955395172137,0.271499148697357,0.0891938724845046,-1.97615660101847,-0.661990463733673,-0.440668135881424,1.54087400436401,0.0137097587521552,-0.0401454801961294,0.207783601569663,-0.327149629591705,-0.292456746100315,-0.13214349746656,-0.101036521245729,0.114697853925601,-0.388015356105778,-0.030021838140162,-0.030021838140162,-0.0309577477581536,-0.030021838140162,3130.55,30.5928858
-1.17410066032062,-0.758657644715061,1.63576638698578,0.0233668517321348,0.0519255995750427,-1.82736182212303,-0.354907261660171,0.0574994348410312,0.0723369211961624,0.19004940408815,0.0624357107391532,-1.38330962071293,-0.696157693862915,-0.468040525913239,1.52602696418762,0.0019894916445905,-0.0354462241244378,0.181531707365687,-0.34167230129273,-0.273723900318395,-0.148470401764051,-0.117202671075754,0.0469925607169586,-0.262518942039996,-0.0214028941179762,-0.0214028941179762,-0.0319758991707895,-0.0214028941179762,3130.65,30.6595456
-1.18593090237596,-0.756740996887026,1.63576638698578,0.0233668517321348,0.0519255995750427,-1.82736182212303,-0.354907261660171,0.0574994348410312,0.0723369211961624,0.133034582861705,0.0437049975174073,-0.968316734499049,-0.713938891887665,-0.481399118900299,1.5172815322876,0.00258828404382399,-0.0308742967452788,0.170509347576039,-0.355623960493701,-0.267171859740239,-0.174908637999852,0.0119758479846261,0.0914385475828479,-0.220447195792167,-0.0210035375939109,-0.0210035375939109,-0.0329306203462179,-0.0210035375939109,3130.7,30.7262489
-1.19905395110512,-0.755160549655491,1.61722552776337,0.0131050208583474,0.0277870707213879,-1.74902319907615,-0.393691461874736,0.0474134169460697,0.260559504090923,0.18548068586728,0.247840257945079,-1.38286932157121,-0.73217898607254,-0.494466722011566,1.50820195674896,0.000713559057102853,-0.0288159611844945,0.163647076953821,-0.3648018836995,-0.261352062226768,-0.181591510773696,-0.0374944997346273,0.0411667112159117,-0.137245412445093,-0.0264647422189011,-0.0264647422189011,-0.0336906675869916,-0.0264647422189011,3130.75,30.7929538
-1.21217699983428,-0.753580102423955,1.61722552776337,0.0131050208583474,0.0277870707213879,-1.74902319907615,-0.393691461874736,0.0474134169460697,0.0936917710892142,0.129836480107096,0.173488180561555,-0.968008525099847,-0.768644332885742,-0.520239770412445,1.48979413509369,-0.00204998912720791,-0.0248633151856148,0.148988622892097,-0.364653468130692,-0.257730484007851,-0.184078216552065,-0.027635481843007,0.0395264599886534,-0.146584540616707,-0.0349207787290151,-0.0349207787290151,-0.0341219759309868,-0.0349207787290151,3130.85,30.859669
-1.22530004856344,-0.75199965519242,1.61722552776337,0.0131050208583474,0.0277870707213879,-1.74902319907615,-0.393691461874736,0.0474134169460697,0.0936917710892142,0.0908855360749673,0.121441726393089,-0.677605967569893,-0.787592947483063,-0.532288253307343,1.48119831085205,-0.000129225509841358,-0.0260153044991442,0.144958628845789,-0.378972291948479,-0.240969657899264,-0.171916484833702,0.0384152723475406,-0.023039786270715,-0.0805998809266075,-0.0432927048604076,-0.0432927048604076,-0.0341064987341228,-0.0432927048604076,3130.9,30.9263577
-1.23844224618486,-0.750775844135788,1.56890249252319,0.00967934168875217,0.0140104787424207,-1.71748232840965,-0.394265928642789,0.0367143316989557,0.529761894979913,0.0944509877788343,0.208998536285867,-0.75819201329746,-0.80655711889267,-0.543871998786926,1.47297406196594,0.00326273603421416,-0.0267559718787348,0.142090061598281,-0.379283428190759,-0.231674909590832,-0.16448497772157,0.0678392308808635,-0.0148133475917585,-0.0573713449499519,-0.0486084945648022,-0.0486084945648022,-0.033560722864348,-0.0486084945648022,3130.95,30.9930819
-1.25158444380629,-0.749552033079156,1.56890249252319,0.00967934168875217,0.0140104787424207,-1.71748232840965,-0.394265928642789,0.0367143316989557,0.0948545778183528,0.066115691445184,0.146298975400107,-0.530734409308222,-0.844918489456177,-0.566893339157104,1.45683562755585,0.00985538168659404,-0.0263109773585574,0.135742541879319,-0.38361370563542,-0.230213403701992,-0.161384344101099,0.0659264565238587,0.00444994520177813,-0.0634751971896799,-0.0482571528495001,-0.0482571528495001,-0.0324493596273854,-0.0482571528495001,3131.05,31.0598767
-1.26472664142772,-0.748328222022524,1.56890249252319,0.00967934168875217,0.0140104787424207,-1.71748232840965,-0.394265928642789,0.0367143316989557,0.0948545778183528,0.0462809840116288,0.102409282780075,-0.371514086515755,-0.864477157592773,-0.578024625778198,1.44867670536041,0.00890554584509804,-0.0237663856798098,0.133256215056027,-0.391173362730511,-0.222625732421065,-0.163178443908098,-0.0189967168298508,0.0508918335747681,-0.0497265364656519,-0.0402450652268921,-0.0402450652268921,-0.0307995289945299,-0.0402450652268921,3131.1,31.1266438
-1.28058805379591,-0.748986791176559,1.53812301158905,0.0192213598638773,0.0196046624332666,-1.70303320884178,-0.475842371045852,-0.0197570746210523,0.384740559825538,-0.053481474767986,0.0213388447284386,-0.390101936671869,-0.883784234523773,-0.588724076747894,1.44030344486237,0.00710784109099292,-0.0204137270493368,0.130274188558474,-0.386141538622102,-0.213989019395089,-0.167465209961851,-0.0359540950822987,0.0670531726098246,-0.0596405299513943,-0.0234040009368959,-0.0234040009368959,-0.0287030732695309,-0.0234040009368959,3131.15,31.1933199
-1.29644946616411,-0.749645360330594,1.53812301158905,0.0192213598638773,0.0196046624332666,-1.70303320884178,-0.475842371045852,-0.0197570746210523,0.10772523141825,-0.0374370323375902,0.014937191309907,-0.273071355670308,-0.922479569911957,-0.611063301563263,1.42355418205261,0.0080873750856732,-0.0143031281459195,0.119539367491542,-0.386953353882188,-0.22339224815389,-0.167492628097687,0.00979533994681177,0.0611059890342285,-0.107348210669409,0.00261705184315871,0.00261705184315871,-0.026303432724627,0.00261705184315871,3131.25,31.2600544
-1.3123108785323,-0.750303929484629,1.53812301158905,0.0192213598638773,0.0196046624332666,-1.70303320884178,-0.475842371045852,-0.0197570746210523,0.10772523141825,-0.0262059226363131,0.0104560339169349,-0.191149948969216,-0.942248821258545,-0.621478080749512,1.4166624546051,0.00865256160766015,-0.0105842917846624,0.1128546179586,-0.395385026930324,-0.208295583724218,-0.137834548949694,0.0113037304396979,0.0743767272248726,-0.133694990658359,0.0372331579109217,0.0372331579109217,-0.0237990747250139,0.0372331579109217,3131.3,31.3267632
-1.32446123731309,-0.749328339115704,1.52128601074219,0.0192213598638773,0.0196046624332666,-1.70303320884178,-0.364510763423829,0.0292677110677569,0.233674391881667,-0.0183441458454192,0.00731922374185443,-0.133804964278451,-0.962280333042145,-0.631228148937225,1.4100878238678,0.00752706818714582,-0.0091169262736421,0.10990930942653,-0.40063023567054,-0.195001363753563,-0.131492614745615,-0.0225098684102048,0.0293473102202988,-0.0589061706411872,0.0790850534412014,0.0790850534412014,-0.0214162529280663,0.0790850534412014,3131.35,31.393455
-1.33661043671862,-0.748444154308802,1.52128601074219,0.0177057329565287,0.00850763916969299,-1.69203782081077,-0.364475982165825,0.0265255442070501,0.0826716291062896,0.000799740074344272,0.104996665991461,-0.192621967273968,-0.999930918216705,-0.649285674095154,1.39844787120819,-0.00569555155734819,-0.00499377421301649,0.104137636601567,-0.376505851745948,-0.180575251579449,-0.116399526596175,-0.13222619744506,0.0412315206062936,-0.0577167282496845,0.126186405142531,0.126186405142531,-0.0193901430499568,0.126186405142531,3131.45,31.460154
-1.34875963612415,-0.747559969501901,1.52128601074219,0.0177057329565287,0.00850763916969299,-1.69203782081077,-0.364475982165825,0.0265255442070501,0.0826716291062896,0.000559818052040991,0.0734976661940226,-0.134835377091778,-1.01904189586639,-0.657346427440643,1.39262366294861,-0.00699321439032717,-0.00075643049905219,0.102782165755566,-0.38221955299586,-0.16121506691067,-0.116484165192286,-0.0259532566597211,0.0847468742797486,-0.027109416920168,0.176093641969466,0.176093641969466,-0.0179432984878951,0.176093641969466,3131.5,31.526853
-1.36493184662637,-0.750676604453036,1.48554348945618,0.00848045479506254,0.00277531263418496,-1.67788910865257,-0.485166315066599,-0.0934990485340589,0.401173470670089,0.0834193760896238,0.103039305155388,-0.221723173388073,-1.0372576713562,-0.664879441261292,1.38699150085449,-0.0105226558701439,0.00371257173298072,0.10384653465507,-0.364315509794817,-0.150660276412416,-0.112643241881914,-0.0705888295960778,0.0893800446403331,0.0212873779900014,0.226153152439439,0.226153152439439,-0.0172612049536537,0.226153152439439,3131.55,31.593539
-1.38110405712859,-0.753793239404171,1.48554348945618,0.00848045479506254,0.00277531263418496,-1.67788910865257,-0.485166315066599,-0.0934990485340589,0.0794907790959927,0.0583935632627367,0.0721275136087717,-0.155206221371651,-1.07335436344147,-0.678234577178955,1.37634098529816,-0.0166899033095287,0.0112481058585497,0.111272337546789,-0.360966920852989,-0.133551359176757,-0.106505155563451,-0.061672474393904,0.0753553412557583,0.0742580289172555,0.273438948909926,0.273438948909926,-0.0174669324284872,0.273438948909926,3131.65,31.6597455
-1.39727626763081,-0.756909874355307,1.48554348945618,0.00848045479506254,0.00277531263418496,-1.67788910865257,-0.485166315066599,-0.0934990485340589,0.0794907790959927,0.0408754942839157,0.0504892595261402,-0.108644354960156,-1.09116065502167,-0.683775722980499,1.37251710891724,-0.0195984919496753,0.0165612095522697,0.119222929300623,-0.356125831602708,-0.110822916030481,-0.07647752761813,-0.0581717728027215,0.106262073874013,0.159011835076113,0.316615904842033,0.316615904842033,-0.0186326672616721,0.316615904842033,3131.7,31.7269696
-1.40755035928896,-0.761337315863275,1.45359289646149,0.00104521482717246,-0.0141029050573707,-1.68337798118064,-0.308222749744367,-0.132823245239051,0.355601165713538,0.0955300057097517,0.187246440892299,-0.0266511957194233,-1.1071662902832,-0.687885224819183,1.36963891983032,-0.0235426199227405,0.0212047748044018,0.129688214898556,-0.32011270523246,-0.0821900367741301,-0.0575637817385954,-0.0788825594617333,0.0928713050431486,0.209305711959803,0.352719556443252,0.352719556443252,-0.0207184668039539,0.352719556443252,3131.75,31.7936893
-1.4178244509471,-0.765764757371243,1.45359289646149,0.00104521482717246,-0.0141029050573707,-1.68337798118064,-0.308222749744367,-0.132823245239051,0.068045828761328,0.0668710039968262,0.131072508624609,-0.0186558370035963,-1.13699376583099,-0.69278758764267,1.36284482479095,-0.0322856836983562,0.028573897284671,0.155216912596247,-0.29827475547682,-0.0490236282346849,-0.0679409503934296,-0.0874306377558395,0.0736912248024235,0.255286976975976,0.380728349960106,0.380728349960106,-0.0236236704176943,0.380728349960106,3131.85,31.8604122
-1.42809854260525,-0.770192198879212,1.45359289646149,0.00104521482717246,-0.0141029050573707,-1.68337798118064,-0.308222749744367,-0.132823245239051,0.068045828761328,0.0468097027977783,0.0917507560372264,-0.0130590859025174,-1.15049004554749,-0.693296372890472,1.35855829715729,-0.0359066588110239,0.0307116053812488,0.173403402857312,-0.269925594331307,-0.0101757049561102,-0.0857305526738077,-0.0724195022537489,0.0427541619317907,0.363729805223298,0.39988846986367,0.39988846986367,-0.0271689666356379,0.39988846986367,3131.9,31.9271486
-1.43849117169837,-0.774138227595471,1.43011283874512,-0.0114377057179809,-0.0348557233810425,-1.72350525855491,-0.311778872793683,-0.118380861487792,0.284310895495743,0.145113076864825,0.251000894139105,0.352004136236646,-1.16305267810822,-0.692975997924805,1.35381019115448,-0.0367682619255118,0.0344487407417095,0.193352232675647,-0.251252651213686,0.00640749931333118,-0.0949621200558069,-0.0172320622896956,0.0747427072089415,0.398976596365247,0.410039186644238,0.410039186644238,-0.0311126042473678,0.410039186644238,3131.95,31.9938557
-1.44888380079149,-0.778084256311731,1.43011283874512,-0.0114377057179809,-0.0348557233810425,-1.72350525855491,-0.311778872793683,-0.118380861487792,0.0729903760484162,0.101579153805377,0.175700625897373,0.246402895365652,-1.18479561805725,-0.686972081661224,1.34528338909149,-0.0473304414499149,0.0301069922537977,0.243337072036256,-0.217429399490554,0.0600391626358578,-0.0852680206299604,-0.105621795244126,-0.0434174848791579,0.499848393606541,0.411573407459379,0.411573407459379,-0.035176581951528,0.411573407459379,3132.05,32.0605353
-1.45927642988461,-0.782030285027991,1.43011283874512,-0.0114377057179809,-0.0348557233810425,-1.72350525855491,-0.311778872793683,-0.118380861487792,0.0729903760484162,0.0711054076637641,0.122990438128161,0.172482026755957,-1.19416666030884,-0.68193131685257,1.33907032012939,-0.0496772887455117,0.0251464579001878,0.270926027430324,-0.187420845031056,0.100815296172729,-0.124261379241491,-0.0469369459117659,-0.0992106870718366,0.551779107879349,0.405274043314909,0.405274043314909,-0.0390781755295564,0.405274043314909,3132.1,32.1273446
-1.46992368575577,-0.785025627482287,1.4207626581192,-0.0236123092472553,-0.0452685840427876,-1.81067347526023,-0.319417676134724,-0.0898602736288979,0.160801517377584,0.159345217128105,0.179809052645419,0.90525136907707,-1.20279371738434,-0.67540442943573,1.3316924571991,-0.053542726810468,0.0226492472826302,0.300615475859166,-0.172541141510951,0.130537748337504,-0.147557258606762,-0.0773087612995472,-0.0499442123514244,0.593788968580083,0.392222047674106,0.392222047674106,-0.0425239685261687,0.392222047674106,3132.15,32.1940636
-1.48057094162693,-0.788020969936584,1.4207626581192,-0.0236123092472553,-0.0452685840427876,-1.81067347526023,-0.319417676134724,-0.0898602736288979,0.0766498917443439,0.111541651989674,0.125866336851793,0.633675958353949,-1.21762192249298,-0.658018350601196,1.3145956993103,-0.0564440528602516,0.0195626705599759,0.365088524792947,-0.148282051086561,0.173860788345495,-0.170967578888095,-0.0290132604978624,-0.0308657672265707,0.644730489338394,0.373585962661591,0.373585962661591,-0.0452765093216364,0.373585962661591,3132.25,32.2607995
-1.49121819749809,-0.791016312390881,1.4207626581192,-0.0236123092472553,-0.0452685840427876,-1.81067347526023,-0.319417676134724,-0.0898602736288979,0.0766498917443439,0.0780791563927715,0.0881064357962551,0.443573170847764,-1.22447645664215,-0.647468328475952,1.30360925197601,-0.052284301880539,0.0161063060088953,0.393514729154206,-0.1370906829829,0.211000442504115,-0.219728946684992,0.0831950195939492,-0.0691272910213613,0.568524087223128,0.350505853900673,0.350505853900673,-0.0471491994856749,0.350505853900673,3132.3,32.3275465
-1.49137533897135,-0.795611634713839,1.40391635894775,-0.032875332981348,-0.0435391068458557,-1.92976474761436,-0.00471424419779289,-0.13785966968876,0.283438920417757,0.138022623081774,0.046109210284992,1.38232267078057,-1.23041045665741,-0.635320961475372,1.29205560684204,-0.0518624931500413,0.0126046657453584,0.42567986159624,-0.118680000304744,0.242947340010713,-0.231072902678603,0.00843617460992358,-0.0700328052704829,0.643302648838339,0.323992510444698,0.323992510444698,-0.0480284239627262,0.323992510444698,3132.35,32.3942401
-1.49153248044461,-0.800206957036798,1.40391635894775,-0.032875332981348,-0.0435391068458557,-1.92976474761436,-0.00471424419779289,-0.13785966968876,0.131822227874727,0.0966158361572421,0.0322764471994944,0.967625869546398,-1.24105083942413,-0.607567071914673,1.26968824863434,-0.0485417058736128,-0.00285737777786462,0.494346520396156,-0.106403827667333,0.277538895607247,-0.22367358207723,0.0332078727643145,-0.154620435232371,0.686666587999785,0.294762953611251,0.294762953611251,-0.0478842452999506,0.294762953611251,3132.45,32.4609658
-1.49168962191787,-0.804802279359757,1.40391635894775,-0.032875332981348,-0.0435391068458557,-1.92976474761436,-0.00471424419779289,-0.13785966968876,0.131822227874727,0.0676310853100695,0.0225935130396461,0.677338108682479,-1.24616742134094,-0.591784119606018,1.25788223743439,-0.0476780817203683,-0.00989851657951592,0.525177187258184,-0.10233163833674,0.315659046174818,-0.236120224000312,0.0172724830649843,-0.140822776033794,0.616613337243913,0.263313024436462,0.263313024436462,-0.0467656703910614,0.263313024436462,3132.5,32.5276919
-1.49029173014797,-0.815475784161429,1.35513198375702,-0.0351405218243599,-0.0284196194261312,-2.06271624564598,0.0419367530968285,-0.320205144050181,0.593077444631535,0.0677284593041553,-0.120259927649768,1.67070015836228,-1.25121521949768,-0.574823379516602,1.24597990512848,-0.0451306725850671,-0.0148148367319491,0.556047321953427,-0.100955963134398,0.339214801787096,-0.238046646117298,0.0509481827058403,-0.0983264030483068,0.617402693902623,0.22989391016718,0.22989391016718,-0.0447967860626105,0.22989391016718,3132.55,32.5943919
-1.48889383837808,-0.826149288963102,1.35513198375702,-0.0351405218243599,-0.0284196194261312,-2.06271624564598,0.0419367530968285,-0.320205144050181,0.154018067914921,0.0474099215129087,-0.0841819493548376,1.1694901108536,-1.26148295402527,-0.537929832935333,1.22020649909973,-0.0377966486490178,-0.0218684782422742,0.616102037196066,-0.102677345275972,0.368935465813019,-0.25773406028771,0.0733402393605597,-0.0705364151033151,0.600547152426935,0.194539417690678,0.194539417690678,-0.0421584607452157,0.194539417690678,3132.65,32.6611071
-1.48749594660818,-0.836822793764775,1.35513198375702,-0.0351405218243599,-0.0284196194261312,-2.06271624564598,0.0419367530968285,-0.320205144050181,0.154018067914921,0.0331869450590361,-0.0589273645483863,0.818643077597518,-1.26716315746307,-0.518290221691132,1.2066798210144,-0.0314571097821858,-0.027443162056804,0.643707721173539,-0.11360406875569,0.392792224882604,-0.270533561705559,0.126790777336179,-0.111493676290189,0.552113679547449,0.157224662986467,0.157224662986467,-0.0390720184977546,0.157224662986467,3132.7,32.7278191
-1.48525420969384,-0.856480373328078,1.33114993572235,-0.0403076447546482,-0.0120969684794545,-2.18864178657005,0.0672521074303062,-0.58972738689911,0.363777936593979,0.0697349679139201,-0.188153013703961,1.70638002263491,-1.27321588993073,-0.497460901737213,1.19266760349274,-0.0211412515337174,-0.0301707114391336,0.670031031660269,-0.121054649353688,0.416586399080642,-0.280244350434879,0.206317164970493,-0.0545509876468904,0.526466209737464,0.117938913365841,0.117938913365841,-0.0357741882396769,0.117938913365841,3132.75,32.7945294
-1.4830124727795,-0.876137952891382,1.33114993572235,-0.0403076447546482,-0.0120969684794545,-2.18864178657005,0.0672521074303062,-0.58972738689911,0.147939504281967,0.0488144775397441,-0.131707109592773,1.19446601584444,-1.28655767440796,-0.455639898777008,1.16664683818817,-0.00501168165129366,-0.0262834871218683,0.717693723259968,-0.133417844771854,0.418210029600529,-0.260207653044708,0.161295698823651,0.0388722431725115,0.476626915995261,0.0768018411585418,0.0768018411585418,-0.0324937625248654,0.0768018411585418,3132.85,32.8612469
-1.48077073586515,-0.895795532454686,1.33114993572235,-0.0403076447546482,-0.0120969684794545,-2.18864178657005,0.0672521074303062,-0.58972738689911,0.147939504281967,0.0341701342778209,-0.0921949767149409,0.836126211091107,-1.2941757440567,-0.434166371822357,1.1543425321579,-0.000693042700391047,-0.0257297554475226,0.737943316148404,-0.152361392975685,0.429470539095361,-0.246086120606812,0.0863727790185237,0.0110746334869741,0.404991857770923,0.0341607938624374,0.0341607938624374,-0.0294305820269561,0.0341607938624374,3132.9,32.9279798
-1.48076163467827,-0.915607346684422,1.27865672111511,-0.0224129613488913,0.00892973504960537,-2.29208171367118,0.0002730356066202,-0.594354426892086,0.618786619869229,-0.137133056657338,-0.253776815461998,1.51624769167399,-1.30152940750122,-0.413320034742355,1.14208626747131,0.00271240506828669,-0.027675855911552,0.756465728091365,-0.147073268889846,0.41692674159852,-0.245125293730798,0.068108955373307,-0.0389220092804466,0.370448238857888,-0.00933325289712876,-0.00933325289712876,-0.0267391631494722,-0.00933325289712876,3132.95,32.994711
-1.48075253349138,-0.935419160914158,1.27865672111511,-0.0224129613488913,0.00892973504960537,-2.29208171367118,0.0002730356066202,-0.594354426892086,0.146347688404079,-0.0959931396601366,-0.177643770823398,1.06137338417179,-1.3176383972168,-0.371694803237915,1.11975955963135,0.0146199188285187,-0.0237805959685024,0.789293939805744,-0.161089897155908,0.416252315044782,-0.223267078399861,0.119075137602428,0.038952599430532,0.328282117144086,-0.0527279505306557,-0.0527279505306557,-0.0245154527679812,-0.0527279505306557,3133.05,33.0614241
-1.48074343230449,-0.955230975143894,1.27865672111511,-0.0224129613488913,0.00892973504960537,-2.29208171367118,0.0002730356066202,-0.594354426892086,0.146347688404079,-0.0671951977620956,-0.124350639576379,0.742961368920254,-1.32596015930176,-0.351425439119339,1.10971665382385,0.0187397888039308,-0.0193130839404874,0.799101717774929,-0.166435241698613,0.405387282370046,-0.200858116149172,0.0823973995079417,0.0893502405599749,0.196155559382988,-0.0948374986936369,-0.0948374986936369,-0.022791044508502,-0.0948374986936369,3133.1,33.1281511
-1.48470575378702,-0.969436025629897,1.22133147716522,-0.00887530203908682,0.0162865798920393,-2.36305606364677,-0.118869644475916,-0.426151514580069,0.632680015821114,-0.168875572221707,-0.153257051285371,1.15884210802445,-1.33464062213898,-0.3318190574646,1.1009373664856,0.0269415366176436,-0.0175070707020401,0.808955906442298,-0.173609256745332,0.392127633096927,-0.175585746766095,0.164034956275151,0.0361202647691424,0.197083773348442,-0.134240643348608,-0.134240643348608,-0.021539702141149,-0.134240643348608,3133.15,33.1948345
-1.48866807526955,-0.983641076115899,1.22133147716522,-0.00887530203908682,0.0162865798920393,-2.36305606364677,-0.118869644475916,-0.426151514580069,0.116752820272103,-0.118212900555195,-0.107279935899759,0.811189475617116,-1.35184466838837,-0.294382154941559,1.08428823947906,0.0417957852282266,-0.0128089802894045,0.818959102671037,-0.172040462494053,0.374369025230748,-0.166491270065459,0.148542486105965,0.0469809041263991,0.100031962287485,-0.169545106239217,-0.169545106239217,-0.0206816201238153,-0.169545106239217,3133.25,33.2615592
-1.49263039675208,-0.997846126601901,1.22133147716522,-0.00887530203908682,0.0162865798920393,-2.36305606364677,-0.118869644475916,-0.426151514580069,0.116752820272103,-0.0827490303886364,-0.0750959551298316,0.567832632931981,-1.36059701442719,-0.276888787746429,1.0763418674469,0.0455324653264291,-0.00917248042119552,0.821121096192586,-0.17504692077573,0.349867343901315,-0.158927440642732,0.0747336019637783,0.0727299973639143,0.0432398704308271,-0.199401407979012,-0.199401407979012,-0.0201029937154526,-0.199401407979012,3133.3,33.3283426
-1.49759862400295,-1.01018192585523,1.18772292137146,0.0115261310711503,0.0282652210444212,-2.39401113986442,-0.149046817525972,-0.370073977599899,0.384460832010966,-0.24153721926418,-0.160374938962319,0.676078529011249,-1.36938714981079,-0.260840058326721,1.06813549995422,0.0469927966480093,-0.00613225929357005,0.820872370421411,-0.17580270767148,0.320974588392997,-0.164127349852919,0.0292066264314971,0.0608044225522883,-0.00497451542349447,-0.22265233820159,-0.22265233820159,-0.0196729090108179,-0.22265233820159,3133.35,33.3950246
-1.50256685125381,-1.02251772510856,1.18772292137146,0.0115261310711503,0.0282652210444212,-2.39401113986442,-0.149046817525972,-0.370073977599899,0.0819838298671061,-0.169076053484926,-0.112262457273623,0.473254970307874,-1.38575994968414,-0.23189851641655,1.05229878425598,0.055422044751105,0.00780892333882209,0.807727212259052,-0.163727998733669,0.289415419101978,-0.158367156982566,0.0842924810310342,0.139411826324048,-0.131451581623707,-0.23866640610459,-0.23866640610459,-0.0192601555408307,-0.23866640610459,3133.45,33.4617255
-1.50753507850468,-1.03485352436189,1.18772292137146,0.0115261310711503,0.0282652210444212,-2.39401113986442,-0.149046817525972,-0.370073977599899,0.0819838298671061,-0.118353237439448,-0.0785837200915364,0.331278479215512,-1.39355659484863,-0.219514742493629,1.04532194137573,0.0590163531953037,0.0101767822925875,0.800332142088729,-0.155932903290646,0.247675478459756,-0.139536857605742,0.0718861688843651,0.0473571790755662,-0.147901403407255,-0.247277035835048,-0.247277035835048,-0.0187545804686725,-0.247277035835048,3133.5,33.528483
-1.51417251917422,-1.04362650434588,1.14124059677124,0.0340381637215614,0.0260328054428101,-2.38201129435966,-0.199123220086283,-0.263189399519744,0.502967277400417,-0.285455560061314,-0.0349168636495752,0.123896325908012,-1.40139842033386,-0.208157747983932,1.03888607025146,0.0583283190546811,0.00964959040385042,0.790697533896408,-0.156836509704019,0.227139890193113,-0.128717422484883,-0.013760682812402,-0.0105438377747029,-0.192692163845721,-0.248897293551395,-0.248897293551395,-0.01808233550493,-0.248897293551395,3133.55,33.5952258
-1.52080995984377,-1.05239948432987,1.14124059677124,0.0340381637215614,0.0260328054428101,-2.38201129435966,-0.199123220086283,-0.263189399519744,0.0846263559984399,-0.19981889204292,-0.0244418045547027,0.0867274281356082,-1.41503775119781,-0.190360441803932,1.0285896062851,0.0619869169982048,0.0038957348571099,0.760815531738563,-0.13639330863965,0.177973061800165,-0.10296463966379,0.0365859794352711,-0.0575385554674575,-0.298820021578726,-0.244561582109867,-0.244561582109867,-0.017215119923202,-0.244561582109867,3133.65,33.6619574
-1.52744740051331,-1.06117246431387,1.14124059677124,0.0340381637215614,0.0260328054428101,-2.38201129435966,-0.199123220086283,-0.263189399519744,0.0846263559984399,-0.139873224430044,-0.0171092631882919,0.0607091996949257,-1.42150032520294,-0.183726519346237,1.02419435977936,0.0634431699796137,0.00266834438141843,0.742487564580438,-0.129251480102069,0.132678449153417,-0.0879049301144263,0.0291250596280706,-0.02454780951374,-0.366559343161165,-0.235848993332426,-0.235848993332426,-0.0161749426544976,-0.235848993332426,3133.7,33.7286535
-1.52897921093373,-1.06600290705481,1.10693991184235,0.0423465929925442,0.0322676040232182,-2.32861685752342,-0.0459543126125059,-0.144913282228367,0.367108862455699,-0.172687120539875,-0.0680896714554772,-0.438053491739736,-1.4276031255722,-0.178103625774384,1.02145481109619,0.0629712855965623,-0.000483519865802138,0.721335971484782,-0.12205600738592,0.112457871437686,-0.0547909736636291,-0.00943768766107871,-0.0630372849447554,-0.423031861915425,-0.224742156905844,-0.224742156905844,-0.0150293022302182,-0.224742156905844,3133.75,33.7953817
-1.53051102135414,-1.07083334979576,1.10693991184235,0.0423465929925442,0.0322676040232182,-2.32861685752342,-0.0459543126125059,-0.144913282228367,0.0584026980956521,-0.120880984377913,-0.047662770018834,-0.306637444217815,-1.4386899471283,-0.17094549536705,1.01819562911987,0.0621639102648492,-0.00443072327562255,0.674546576941499,-0.11086821556051,0.0715813040730733,-0.032591819763065,-0.00807375331710149,-0.0394720340980605,-0.467893945431127,-0.21347973087705,-0.21347973087705,-0.0138853900470736,-0.21347973087705,3133.85,33.8620911
-1.53204283177456,-1.0756637925367,1.10693991184235,0.0423465929925442,0.0322676040232182,-2.32861685752342,-0.0459543126125059,-0.144913282228367,0.0584026980956521,-0.0846166890645389,-0.0333639390131838,-0.214646210952471,-1.44455695152283,-0.169358804821968,1.01677560806274,0.0622551959097395,-0.00719193620337615,0.654435557925437,-0.117340087891265,0.031733810901815,-0.0284004211427331,0.00182571289781633,-0.0552242585553734,-0.402220380323434,-0.204316533364231,-0.204316533364231,-0.0128731530450825,-0.204316533364231,3133.9,33.9287547
-1.5331787021354,-1.0806206018922,1.08938670158386,0.0391209088265896,0.0378527566790581,-2.2471642494149,-0.0340761108251222,-0.148704280665045,0.215695934049659,-0.0302005248515859,-0.073621131211788,-0.88332582064341,-1.45095503330231,-0.169017642736435,1.01553571224213,0.0574228467560562,-0.00993414755614654,0.634190700061808,-0.127961635589134,0.00682324171063802,-0.0247979164122633,-0.096646983073315,-0.0548442270552083,-0.404897157271113,-0.199276275982107,-0.199276275982107,-0.0121256954572951,-0.199276275982107,3133.95,33.9954944
-1.53431457249623,-1.08557741124771,1.08938670158386,0.0391209088265896,0.0378527566790581,-2.2471642494149,-0.0340761108251222,-0.148704280665045,0.0577170417233044,-0.0211403673961101,-0.0515347918482516,-0.618328074450387,-1.46459174156189,-0.172168016433716,1.01163005828857,0.0519977463811398,-0.0117477460901048,0.594035028205977,-0.136367082595949,-0.0315037369728375,-0.039056539535558,-0.0542510037492137,-0.0181359853395994,-0.401556718558674,-0.199964284812866,-0.199964284812866,-0.0117650183684903,-0.199964284812866,3134.05,34.0621739
-1.53545044285707,-1.09053422060321,1.08938670158386,0.0391209088265896,0.0378527566790581,-2.2471642494149,-0.0340761108251222,-0.148704280665045,0.0577170417233044,-0.0147982571772771,-0.0360743542937761,-0.432829652115271,-1.47176945209503,-0.175114557147026,1.00944542884827,0.0507271736233695,-0.012663120864814,0.57640657402214,-0.14355421066232,-0.0589308142659904,-0.0436925888059934,-0.0254114551553136,-0.0183074954941165,-0.35256908367547,-0.207331535300209,-0.207331535300209,-0.0118778335623599,-0.207331535300209,3134.1,34.1288937
-1.53868523990752,-1.08841692470257,1.08452868461609,0.0288174487650394,0.0363830327987671,-2.16435539721916,-0.097043911513281,0.0635188770192232,0.0574985519674797,0.0823723605298573,-0.0120245330830244,-1.04826042624235,-1.47897183895111,-0.178474873304367,1.00789284706116,0.0473961348600794,-0.0133252260067115,0.561868725413303,-0.144047737122368,-0.0672063231471868,-0.0310516357423569,-0.066620775266165,-0.0132421028380233,-0.290756972178324,-0.221542213906091,-0.221542213906091,-0.0125032124129298,-0.221542213906091,3134.15,34.1955998
-1.54192003695796,-1.08629962880193,1.08452868461609,0.0288174487650394,0.0363830327987671,-2.16435539721916,-0.097043911513281,0.0635188770192232,0.0137763992575188,0.0576606523709001,-0.00841717315811708,-0.733782298369643,-1.49510526657104,-0.188893049955368,1.00378394126892,0.0487574480927422,-0.0131970397435314,0.525587957901392,-0.161334276199488,-0.104181766510105,-0.0410890579224007,0.0136131323266401,0.00128186263180277,-0.362807675119432,-0.241907423303872,-0.241907423303872,-0.0136212082569108,-0.241907423303872,3134.25,34.2623112
-1.5451548340084,-1.08418233290128,1.08452868461609,0.0288174487650394,0.0363830327987671,-2.16435539721916,-0.097043911513281,0.0635188770192232,0.0137763992575188,0.0403624566596301,-0.00589202121068195,-0.51364760885875,-1.50348711013794,-0.194679409265518,1.00230729579926,0.045663640265617,-0.0149614463292409,0.508840870648574,-0.167636871337281,-0.115727186202582,-0.0295329093932031,-0.0618761565422778,-0.0352881317140619,-0.334941745055151,-0.266904920732414,-0.266904920732414,-0.0151500130969249,-0.266904920732414,3134.3,34.3290635
-1.54954754496217,-1.0799210913534,1.05347681045532,0.0288174487650394,0.0363830327987671,-2.16435539721916,-0.13178132861318,0.127837246436585,0.306447167147618,0.0282537196617411,-0.00412441484747737,-0.359553326201125,-1.5127694606781,-0.202363342046738,1.00072741508484,0.0451256823424265,-0.0213839286271939,0.494143917746715,-0.185647010802547,-0.153678655623831,-0.0315976142882151,-0.010759158463771,-0.128449645958594,-0.293939058036102,-0.294223963442262,-0.294223963442262,-0.016945837002995,-0.294223963442262,3134.35,34.3957911
-1.55423914812009,-1.07598468893718,1.05347681045532,0.0317801907658577,0.0338960662484169,-2.09173429011772,-0.14074809473736,0.118092072486479,0.026549305143935,-0.00688707424414554,0.0194956085599176,-0.905277292253752,-1.53184938430786,-0.21836693584919,0.99799919128418,0.048994476059557,-0.0303740086083353,0.457062238972458,-0.190799236297781,-0.160035938024666,-0.0272822380066166,0.0386879371713402,-0.0899007998114954,-0.370816787742915,-0.321043879442156,-0.321043879442156,-0.0188196524180591,-0.321043879442156,3134.45,34.4625919
-1.558930751278,-1.07204828652097,1.05347681045532,0.0317801907658577,0.0338960662484169,-2.09173429011772,-0.14074809473736,0.118092072486479,0.026549305143935,-0.00482095197090188,0.0136469259919423,-0.633694104577626,-1.5426549911499,-0.227995932102203,0.995869874954224,0.0520087423429348,-0.0342199210030932,0.44030708641643,-0.216112136842,-0.192579925061323,-0.0425863265993535,0.0602853256678846,-0.0769182478955771,-0.335103051122375,-0.344123129491968,-0.344123129491968,-0.0205432131849219,-0.344123129491968,3134.5,34.5293285
-1.56616344732242,-1.06776015435303,1.06134080886841,0.0296164285391569,0.0455379374325275,-2.02018725871513,-0.21698088133276,0.128643965037981,-0.0625811772502511,0.0160991936606757,-0.0952239924626362,-1.08750915582763,-1.55369222164154,-0.238187283277512,0.992652833461761,0.057873191864741,-0.0396009691795684,0.422000883995621,-0.220744609831961,-0.203827023505423,-0.0643408298490091,0.117288990435697,-0.107620963529112,-0.366124048414859,-0.360255574082661,-0.360255574082661,-0.0218814483275335,-0.360255574082661,3134.55,34.5959981
-1.57339614336685,-1.0634720221851,1.06134080886841,0.0296164285391569,0.0455379374325275,-2.02018725871513,-0.21698088133276,0.128643965037981,0.00819480846752234,0.011269435562473,-0.0666567947238453,-0.76125640907934,-1.57743215560913,-0.260915756225586,0.984039545059204,0.0679359232801351,-0.0378757144551532,0.375155093927797,-0.237399339676119,-0.22728472948095,-0.0861328840256521,0.100627314154033,0.0172525472441672,-0.468457900678666,-0.366522096272917,-0.366522096272917,-0.0226127232498938,-0.366522096272917,3134.65,34.6626343
-1.58062883941127,-1.05918389001717,1.06134080886841,0.0296164285391569,0.0455379374325275,-2.02018725871513,-0.21698088133276,0.128643965037981,0.00819480846752234,0.00788860489373111,-0.0466597563066917,-0.532879486355538,-1.59087407588959,-0.274342477321625,0.979998230934143,0.0709327660411753,-0.0388384590425626,0.351142149384094,-0.268838405608153,-0.268534421919799,-0.0808262825009267,0.0599368552205854,-0.0192548917481181,-0.480258890872309,-0.360531046912523,-0.360531046912523,-0.0225490014156743,-0.360531046912523,3134.7,34.7293648
-1.59060056246642,-1.05449582080879,1.0299164056778,0.0479672364890575,0.0562424287199974,-1.93552279471824,-0.299151691654386,0.140642076251225,0.339841863845304,-0.159635248123494,-0.129002251001913,-1.13499581642086,-1.60607433319092,-0.289553076028824,0.9749356508255,0.0704705240859689,-0.0495190880400908,0.332540724771274,-0.30400514602827,-0.304211974145642,-0.101251602173404,-0.00924483910417738,-0.21361257995173,-0.372028492258431,-0.340738806886461,-0.340738806886461,-0.0215586756846181,-0.340738806886461,3134.75,34.7959517
-1.60057228552157,-1.04980775160042,1.0299164056778,0.0479672364890575,0.0562424287199974,-1.93552279471824,-0.299151691654386,0.140642076251225,0.0570222351297884,-0.111744673686446,-0.0903015757013391,-0.794497071494603,-1.63741958141327,-0.32140240073204,0.967198252677917,0.0658420480062532,-0.0583130163123522,0.276363638470229,-0.31345248222237,-0.318493247031007,-0.0773739814755486,-0.046284760796989,-0.0879392827222941,-0.561770863008406,-0.306330322741995,-0.306330322741995,-0.0195674450831095,-0.306330322741995,3134.85,34.8629008
-1.61054400857671,-1.04511968239205,1.0299164056778,0.0479672364890575,0.0562424287199974,-1.93552279471824,-0.299151691654386,0.140642076251225,0.0570222351297884,-0.078221271580512,-0.0632111029909374,-0.556147950046222,-1.65452146530151,-0.339544236660004,0.962568581104279,0.0601413184757148,-0.0588242469935485,0.24827511984818,-0.342037677766759,-0.362836718561245,-0.0925934314732836,-0.11401459061139,-0.0102246136239813,-0.561770372444047,-0.257883117877843,-0.257883117877843,-0.0165973794650252,-0.257883117877843,3134.9,34.9298369
-1.62096211236875,-1.04154490689643,1.02361071109772,0.0468790084123611,0.0635430514812469,-1.82843852042625,-0.312543113761232,0.107243264868528,0.114148684799425,-0.0449608374160908,-0.109953376944902,-1.35306203366029,-1.67269313335419,-0.358077615499496,0.95855313539505,0.0531836294013675,-0.0600975527730929,0.213606749532626,-0.363433361052145,-0.370667576788507,-0.0803089141842782,-0.13915378148644,-0.0254661155907951,-0.69336740630856,-0.197242667008312,-0.197242667008312,-0.012765788622989,-0.197242667008312,3134.95,34.9965165
-1.63138021616079,-1.03797013140081,1.02361071109772,0.0468790084123611,0.0635430514812469,-1.82843852042625,-0.312543113761232,0.107243264868528,0.0573974335787221,-0.0314725861912636,-0.0769673638614314,-0.9471434235622,-1.71237885951996,-0.397478312253952,0.952862560749054,0.0275940067297149,-0.0614833296671851,0.154400368820154,-0.396857261658076,-0.394006967544914,-0.0569057464600127,-0.255896226716758,-0.0138577689409347,-0.59206380712526,-0.126710719540283,-0.126710719540283,-0.00823180587344457,-0.126710719540283,3135.05,35.063286
-1.64179831995283,-1.03439535590519,1.02361071109772,0.0468790084123611,0.0635430514812469,-1.82843852042625,-0.312543113761232,0.107243264868528,0.0573974335787221,-0.0220308103338845,-0.053877154703002,-0.66300039649354,-1.73408174514771,-0.418101727962494,0.951318025588989,0.0187664181134509,-0.0567180623123085,0.125146250998236,-0.434057712553353,-0.412468314169337,-0.0308907032011816,-0.176551772324637,0.0953053470971855,-0.585082356436226,-0.0497346559659692,-0.0497346559659692,-0.00323742555286007,-0.0497346559659692,3135.1,35.1300479
-1.66071282999191,-1.03207317934179,1.00927865505219,0.0180404838174582,0.0559695884585381,-1.7093760967202,-0.567435301172367,0.0696652969019662,0.134662690062698,0.244125154120408,0.0304471589122787,-1.53566209089997,-1.75697124004364,-0.438259154558182,0.949368178844452,0.0117724612045309,-0.0518928446351319,0.100274754727619,-0.457789897921199,-0.403148531915957,-0.0389969348909599,-0.139879138179163,0.0965043535440572,-0.497429925415057,0.0293019825288013,0.0293019825288013,0.00190781008130557,0.0293019825288013,3135.15,35.1963884
-1.67962734003099,-1.02975100277839,1.00927865505219,0.0180404838174582,0.0559695884585381,-1.7093760967202,-0.567435301172367,0.0696652969019662,0.00567418565290815,0.170887607884285,0.0213130112385951,-1.07496346362998,-1.80608725547791,-0.477651029825211,0.945888042449951,-0.00575272923085132,-0.0513518136336747,0.0548480102831432,-0.491160154343098,-0.393918752670646,-0.034801363945039,-0.175251904353982,0.00541031001457768,-0.454267444445168,0.107783001973974,0.107783001973974,0.00700681746967132,0.107783001973974,3135.25,35.2635529
-1.69854185007007,-1.027428826215,1.00927865505219,0.0180404838174582,0.0559695884585381,-1.7093760967202,-0.567435301172367,0.0696652969019662,0.00567418565290815,0.119621325519,0.0149191078670165,-0.752474424540985,-1.83122932910919,-0.496687144041061,0.945188701152802,-0.0218042481652224,-0.047786000966668,0.0377064084230889,-0.502841472623903,-0.380722284315632,-0.0139868259429423,-0.321030378686254,0.071316253339874,-0.34283203719984,0.180235865342919,0.180235865342919,0.0116781823147422,0.180235865342919,3135.3,35.3302765
-1.71451308891915,-1.02728968085648,1.00927865505219,0.0180404838174582,0.0559695884585381,-1.7093760967202,-0.479137165472447,0.0041743607554651,-0.0402312220445445,0.0837349278632999,0.0104433755069116,-0.52673209717869,-1.85610401630402,-0.514329850673676,0.945788383483887,-0.0248818031341833,-0.0337981582432584,0.0225229567341965,-0.497493743894674,-0.352854132650999,0.0119936466216605,-0.0615510993789925,0.279756854467174,-0.303669033776743,0.243619850288579,0.243619850288579,0.015704393369729,0.243619850288579,3135.35,35.396945
-1.73046597166364,-1.02877859148415,1.03016924858093,-0.00883069727569818,0.0297050941735506,-1.61111068725059,-0.478586482334665,-0.0446673188300845,-0.218146450853402,0.300455079342717,0.243690811419725,-1.25310115325152,-1.90841615200043,-0.545841097831726,0.946437656879425,-0.0286814043955928,-0.00209032968224985,0.0104605969455611,-0.523121356964587,-0.315112471580792,0.00649273395538921,-0.03799601261413,0.317078285610374,-0.120623597886463,0.295259740674767,0.295259740674767,0.0189001183582875,0.295259740674767,3135.45,35.4636775
-1.74641885440813,-1.03026750211182,1.03016924858093,-0.00883069727569818,0.0297050941735506,-1.61111068725059,-0.478586482334665,-0.0446673188300845,-0.0301311090946744,0.210318555539902,0.170583567993808,-0.877170807276066,-1.93350684642792,-0.55942565202713,0.947345077991486,-0.0269020245858989,0.00733299552359788,0.00854413524674062,-0.501813888552543,-0.271691083909564,0.01814842224131,0.0355875961940728,0.188466504117983,-0.0383292339766191,0.333185051564328,0.333185051564328,0.0211373223906122,0.333185051564328,3135.5,35.5302827
-1.7600949071539,-1.03098079865629,0.997277855873108,-0.0231023393571377,-0.00453597353771329,-1.57402825355003,-0.410281582373197,-0.0213988963341006,0.288112231902296,0.275667767610887,0.42757810699704,-0.9477614683983,-1.95809412002563,-0.571714043617249,0.949029147624969,-0.035660280286159,0.0131465262665969,0.0148308072905256,-0.491745471952557,-0.245767831801474,0.0336813926695552,-0.175165114004566,0.116270614859557,0.125733440875242,0.356792463397075,0.356792463397075,0.0223861486061746,0.356792463397075,3135.55,35.5971312
-1.77377095989968,-1.03169409520076,0.997277855873108,-0.0231023393571377,-0.00453597353771329,-1.57402825355003,-0.410281582373197,-0.0213988963341006,-0.00791030246812652,0.192967437327621,0.299304674897928,-0.66343302787881,-2.00592184066772,-0.591064393520355,0.956505060195923,-0.0446208317860962,0.0318580443225397,0.0355430100468339,-0.478277206421333,-0.193503499031243,0.0747591257096017,-0.0896055149994536,0.187115180559598,0.207122027563272,0.366234112975601,0.366234112975601,0.0226788074749984,0.366234112975601,3135.65,35.6638861
-1.78744701264545,-1.03240739174523,0.997277855873108,-0.0231023393571377,-0.00453597353771329,-1.57402825355003,-0.410281582373197,-0.0213988963341006,-0.00791030246812652,0.135077206129334,0.20951327242855,-0.464403119515167,-2.02782702445984,-0.598393023014069,0.960325717926025,-0.0485932028790254,0.0367700638608976,0.0571803645968216,-0.438103675840691,-0.146572589873734,0.0764131546017728,-0.0794474218582932,0.0982403907668016,0.432747090998179,0.362902713176804,0.362902713176804,0.0221344068329398,0.362902713176804,3135.7,35.7306172
-1.8026071964809,-1.03486192337451,0.987372815608978,-0.0231023393571377,-0.00453597353771329,-1.57402825355003,-0.454805515063376,-0.0736359488784227,0.0629100163720912,0.0945540442905341,0.146659290699985,-0.325082183660617,-2.04939413070679,-0.604263365268707,0.964770555496216,-0.0450307519605671,0.0459102151595979,0.0758985523585679,-0.431342124941319,-0.117406845093414,0.0888967514042937,0.0712490183695536,0.182803025975004,0.374363755236968,0.349026210039,0.349026210039,0.0209307844451677,0.349026210039,3135.75,35.7972974
-1.81786658653314,-1.0367457883311,0.987372815608978,-0.0339533388614655,-0.034511674195528,-1.61353802680442,-0.457781701567251,-0.0565159486977854,-0.0211956846697229,0.163846826542324,0.372442809410322,0.128030430727119,-2.08899545669556,-0.611874163150787,0.97502201795578,-0.0272630296908125,0.0505038001962575,0.118677192739384,-0.396013259886255,-0.0761079788205239,0.102514624595269,0.1776772226969,0.0459358503664282,0.427786403806601,0.327430427304318,0.327430427304318,0.0192839903191907,0.327430427304318,3135.85,35.8639943
-1.83312597658538,-1.0386296532877,0.987372815608978,-0.0339533388614655,-0.034511674195528,-1.61353802680442,-0.457781701567251,-0.0565159486977854,-0.0211956846697229,0.114692778579627,0.260709966587225,0.0896213015089833,-2.10663557052612,-0.613375604152679,0.980700016021729,-0.0181108765687177,0.0466603560593177,0.141307084165438,-0.352802276613253,-0.0300288200380057,0.113559961319589,0.183043062442894,-0.0768688827392151,0.452597828523566,0.301291875664035,0.301291875664035,0.0174287553902406,0.301291875664035,3135.9,35.9306952
