-0.00169477259016457,0.000296144283863102,0.962325692176819,0.014376275241375,0.00234714988619089,-1.57149652374588,-0.0254215888524685,0.00444216425794654,-0.0115915963961904,-0.0905705340206623,-0.0147870442830026,9.90042809959907,0.394330471754074,0.0857171639800072,0.968777537345886,-0.0033633022847642,0.00493227567229852,-0.0410344401706043,0.00522712556024391,0.0110512843821197,0.0464088683171818,6.96842687085898e-05,0.000223045221744962,2.13413715e-05,0,0,0,0,1373.9,7.0741298
-0.00254313501142686,0.000443061204091914,0.962325692176819,0.0126169053837657,0.000305735040456057,-1.57146314514481,-0.0254508726378688,0.00440750760686434,-0.0115665646700823,-0.0475650450959802,0.00802180261351168,6.92999926230968,0.394963622093201,0.0876812264323235,0.969813227653503,-0.00293443215059349,0.00414187893166061,-0.0420558921414551,0.00633150339127163,0.0196406245231807,0.0103569030761813,0.0042887013417109,-0.00790396740638627,-0.0102145197085174,0,0,0,0,1374,7.1413085
-0.00339149743268916,0.000589978124320725,0.962325692176819,0.0126169053837657,0.000305735040456057,-1.57146314514481,-0.0254508726378688,0.00440750760686434,-0.0115665646700823,-0.0332955315671861,0.00561526182945818,4.85099948361678,0.395388573408127,0.0889426171779633,0.970493197441101,-0.00176338845261876,0.00212008247206501,-0.041342912068171,0.00849902629849203,0.0252278149127042,0.0135993957519037,0.0234208739594095,-0.0404359291917649,0.0142596014656299,0,0,0,0,1374.05,7.2078859
-0.00423985985395145,0.000736895044549536,0.962325692176819,0.0126169053837657,0.000305735040456057,-1.57146314514481,-0.0254508726378688,0.00440750760686434,-0.0115665646700823,-0.0233068720970303,0.00393068328062072,3.39569963853174,0.395592868328094,0.0901050344109535,0.971071779727936,-0.00222767151851405,0.00177093603458512,-0.0414431911337024,0.00408589839935674,0.0232483446598264,0.0115716457367049,-0.00928566131791428,-0.0069829287496041,-0.00200558131063013,0,0,0,0,1374.1,7.2751288
-0.00463153684349674,0.00116232665159551,0.95975261926651,0.0127086695283651,0.00154440256301314,-1.57102540863358,-0.0117503096863585,0.0127629482113793,0.0109577805410297,-0.0171406877693161,-0.00839652940657921,2.37305011837115,0.396182745695114,0.0923369973897934,0.971967577934265,-0.00525889810738214,0.00267695288927018,-0.0418228845425715,0.0058987736702019,0.022319629788419,0.00895798206330161,-0.0303122658887085,0.00906016854685888,-0.00379693408869423,0,0,0,0,1374.2,7.3418884
-0.00502321383304202,0.00158775825864149,0.95975261926651,0.0127086695283651,0.00154440256301314,-1.57102540863358,-0.0117503096863585,0.0127629482113793,-0.0121998756517499,-0.0119984814385213,-0.00587757058460545,1.6611350828598,0.39657536149025,0.0936702713370323,0.97253143787384,-0.00365770667667532,0.00274155119296283,-0.0413585644362122,0.0078523159027171,0.0266654789448027,0.0112771987915142,0.0320238286141656,0.00129196607385412,0.00928640212719543,0,0,0,0,1374.25,7.4089823
-0.00570073051951234,0.00247890651850138,0.95975261926651,0.0127086695283651,0.00154440256301314,-1.57102540863358,-0.0203255005941097,0.0267344477957966,-0.0138076893333694,-0.0083989370069649,-0.00411429940922381,1.16279455800186,0.397095859050751,0.0951334834098816,0.97282201051712,-0.00337212520736469,0.00298335373061456,-0.0429806227102911,0.0104099512099841,0.029264241456879,0.00581145286557944,0.00571162938619176,0.00483605075301698,-0.0324411654814604,0,0,0,0,1374.3,7.4757419
-0.0063789725875475,0.00337035946532161,0.962773978710175,0.0115301674231887,0.00195147714111954,-1.57108215225541,-0.0203472620410547,0.026743588404607,-0.040975524293401,0.00472726304171261,-0.0065436807894143,0.814466883197738,0.3973228931427,0.0975678488612175,0.973412930965424,-0.00439788423765205,0.00177168081314164,-0.0431802529662724,0.00227034091949669,0.0243436545133812,0.0059092044830376,-0.0102575903028829,-0.0121167291747402,-0.00199630255981549,0,0,0,0,1374.4,7.5424016
-0.00705721465558265,0.00426181241214185,0.962773978710175,0.0115301674231887,0.00195147714111954,-1.57108215225541,-0.0203472620410547,0.026743588404607,-0.01378328930042,0.00330908412919883,-0.00458057655259001,0.570126818238417,0.397803783416748,0.0991411954164505,0.97373628616333,-0.00390195981552129,0.00104516085290224,-0.0430494050122872,0.00961780548096578,0.0314669311046887,0.00646710395813576,0.00991848844262422,-0.0145303992048013,0.00261695907970665,0,0,0,0,1374.45,7.6091548
-0.00773545672361781,0.00515326535896208,0.962773978710175,0.0115301674231887,0.00195147714111954,-1.57108215225541,-0.0203472620410547,0.026743588404607,-0.01378328930042,0.00231635889043918,-0.00320640358681301,0.399088772766892,0.398074716329575,0.100472889840603,0.973812580108643,-0.00464541397394636,0.00191099580707445,-0.0425286143512518,0.00541865825653569,0.0266338884830717,0.00152587890625139,-0.014869083168515,0.01731669908346,0.0104158132207189,0,0,0,0,1374.5,7.6758607
-0.00722303006308392,0.00540984985935609,0.965048253536224,0.0110407089814544,0.00176921300590038,-1.57095912826859,0.0153727998160167,0.00769753501182038,-0.0318586743049568,0.00602657719891625,-0.000604105293796694,0.278254925055477,0.398616075515747,0.103323437273502,0.974196374416351,-0.00409447362285966,0.00184046562651956,-0.0441519966121954,0.00541359186171747,0.0285054743289559,0.00383794307708217,0.00550940351085943,-0.000705301805547972,-0.0162338226094143,0,0,0,0,1374.6,7.7425455
-0.00671060340255003,0.0056664343597501,0.965048253536224,0.0110407089814544,0.00176921300590038,-1.57095912826859,0.0153727998160167,0.00769753501182038,-0.0113902008705086,0.00421860403924138,-0.000422873705657686,0.194778447538834,0.398842066526413,0.104806490242481,0.97485089302063,-0.0031150675379787,0.00138830529668348,-0.0438241781049361,0.00451982021332198,0.0296610593796046,0.0130903720855832,0.019588121697637,-0.00904320659672982,0.00655637014519289,0,0,0,0,1374.65,7.809233
-0.00668222934492031,0.00520438205599281,0.965048253536224,0.0110407089814544,0.00176921300590038,-1.57095912826859,0.000851221728891349,-0.0138615691127187,-0.0136220269127299,0.00295302282746896,-0.00029601159396038,0.136344913277184,0.3988316655159,0.106479614973068,0.975670337677002,-0.00357172540893227,0.00246771815425289,-0.0434970467002113,-0.000208020210266302,0.0334624946117705,0.0163888931274563,-0.0091331574190796,0.0215882571514079,0.0065426280945005,0,0,0,0,1374.7,7.8759203
-0.00665312905928933,0.00474300058192627,0.954728782176971,0.0118992049247026,0.00278677814640105,-1.57059077156388,0.000873008568929639,-0.0138414442219962,0.0792438668456475,-0.00565934751000617,-0.00936529438027825,0.0921262289516212,0.399104654788971,0.109113171696663,0.978028953075409,-0.00299959924754916,0.004074887052269,-0.0444939519196907,0.00272989273070917,0.0263355672359107,0.0235861539840376,0.00572126161382329,0.0160716889801392,-0.0099690521947797,0,0,0,0,1374.8,7.9426478
-0.00662402877365834,0.00428161910785973,0.954728782176971,0.0118992049247026,0.00278677814640105,-1.57059077156388,0.000873008568929639,-0.0138414442219962,-0.0136313753876288,-0.00396154325700432,-0.00655570606619477,0.0644883602661349,0.399210423231125,0.110413014888763,0.978931188583374,-0.00498196540895827,0.00257719593613045,-0.0446005938493423,0.00211536884308054,0.0259968638420341,0.0180447101593182,-0.0396473232282183,-0.0299538223227984,-0.00213283859303567,0,0,0,0,1374.85,8.0093598
-0.00659492848802735,0.00382023763379319,0.954728782176971,0.0118992049247026,0.00278677814640105,-1.57059077156388,0.000873008568929639,-0.0138414442219962,-0.0136313753876288,-0.00277308027990303,-0.00458899424633634,0.0451418521862944,0.399036109447479,0.111913233995438,0.979868531227112,-0.00370017993221318,0.00193051383746134,-0.0453145707184736,-0.00348627567291577,0.0300043821335112,0.0187468528747729,0.0256357095349252,-0.0129336419733939,-0.0142795373826391,0,0,0,0,1374.9,8.0760459
-0.0056369955817247,0.00322653568942859,0.960540533065796,0.0111767705529928,0.0019557683262974,-1.57005528343521,0.0287379871890794,-0.0178110583309381,-0.0631675172346452,0.0045607531494563,0.00426679240849737,0.0267799033724471,0.399343729019165,0.114657320082188,0.981122612953186,-0.00370094248616961,0.00174685225161413,-0.0448797170984975,0.00307619571686071,0.0274408608675253,0.0125408172607536,-7.62553956435742e-06,-0.00183661585847374,0.00434853619976569,0,0,0,0,1375,8.1427455
-0.00467906267542206,0.00263283374506399,0.960540533065796,0.0111767705529928,0.0019557683262974,-1.57005528343521,0.0287379871890794,-0.0178110583309381,-0.010861759235225,0.00319252720461941,0.00298675468594816,0.018745932360713,0.399354130029678,0.116046734154224,0.981594860553741,-0.00114265405303399,0.00142127061822816,-0.0455436140880446,0.000208020210265357,0.0277882814406338,0.00944495201107404,0.0511657686625264,-0.00651163266769573,-0.0132779397908936,0,0,0,0,1375.05,8.2094486
-0.00372112976911941,0.00203913180069938,0.960540533065796,0.0111767705529928,0.0019557683262974,-1.57005528343521,0.0287379871890794,-0.0178110583309381,-0.010861759235225,0.00223476904323358,0.00209072828016371,0.0131221526524991,0.399186491966248,0.117516294121742,0.98159658908844,-0.00124184993768192,0.0018896253548441,-0.0459619238113485,-0.00335276126861877,0.0293911993503838,3.4570693969758e-05,-0.00198391769296054,0.00936709473232723,-0.00836619446608689,0,0,0,0,1375.1,8.2761602
-0.00276834463231048,0.0017421711262557,0.980645358562469,0.0142304413020611,0.0018458265112713,-1.56957463157975,0.0285835541042679,-0.00890882023331061,-0.204034993850077,-0.0259186984113508,0.00245298613134954,0.0048596401575306,0.399036854505539,0.120042771100998,0.980361998081207,-0.00283938857766452,0.0017947170749356,-0.0452490186487024,-0.00149637460708754,0.0252647697925797,-0.0123459100723379,-0.0159753863998405,-0.000949082799085862,0.00712905162646739,0,0,0,0,1375.2,8.3428295
-0.00181555949550155,0.00144521045181201,0.980645358562469,0.0142304413020611,0.0018458265112713,-1.56957463157975,0.0285835541042679,-0.00890882023331061,-0.0230915643800151,-0.0181430888879456,0.00171709029194468,0.00340174811027142,0.399190068244934,0.121020935475826,0.9794682264328,-0.00398470075757001,0.000802651646232809,-0.0456662790066081,0.00306427478790562,0.0195632874965846,-0.0178754329681559,-0.0229062435981306,-0.0198413085740738,-0.0083452071581216,0,0,0,0,1375.25,8.4095098
-0.000862774358692618,0.00114824977736832,0.980645358562469,0.0142304413020611,0.0018458265112713,-1.56957463157975,0.0285835541042679,-0.00890882023331061,-0.0230915643800151,-0.0127001622215619,0.00120196320436127,0.00238122367718999,0.398934423923492,0.122290998697281,0.978463768959045,-0.00360152172853163,0.000755212827803805,-0.0459842177980771,-0.00511288642881441,0.025401264429,-0.0200891494750246,0.00766358058073967,-0.000948776368576638,-0.00635877582935544,0,0,0,0,1375.3,8.47618
-0.000586455125005033,0.000875059419445271,0.978658318519592,0.0121001331135631,0.00267875730060041,-1.57005146873795,0.00828957701062754,-0.00819571073769156,0.0128551708415405,0.0102826601413888,-0.00665500286090911,0.00595839099786112,0.398619681596756,0.124451830983162,0.976641833782196,-0.00334336634302666,0.00200410610499281,-0.0453759508215254,-0.00314742326736736,0.0216083228588301,-0.0182193517685102,0.00258155385505205,0.0124889327719014,0.00608266976552229,0,0,0,0,1375.4,8.542942
-0.000310135891317449,0.000601869061522219,0.978658318519592,0.0121001331135631,0.00267875730060041,-1.57005146873795,0.00828957701062754,-0.00819571073769156,-0.00502818954435433,0.00719786209897219,-0.00465850200263638,0.00417087369850279,0.398640692234039,0.125560745596886,0.976145386695862,-0.00500534058339244,0.00273057502935437,-0.0452757090585484,0.000420212745666886,0.0221782922744953,-0.0099289417266936,-0.0332394848073459,0.0145293784872444,0.00200483525954172,0,0,0,0,1375.45,8.6096342
-3.38166576298642e-05,0.000328678703599168,0.978658318519592,0.0121001331135631,0.00267875730060041,-1.57005146873795,0.00828957701062754,-0.00819571073769156,-0.00502818954435433,0.00503850346928053,-0.00326095140184547,0.00291961158895195,0.398464560508728,0.126850217580795,0.976054191589355,-0.00650444436988593,0.00252346576402005,-0.0453927296351362,-0.00352263450622879,0.0257894396782156,-0.00182390213012861,-0.0299820757298969,-0.00414218530669019,-0.00234041153175745,0,0,0,0,1375.5,8.6763231
9.66743427574517e-05,0.000318376452766659,0.960864305496216,0.0117275072261691,0.00272466661408544,-1.56927446258866,0.00391473001161948,-0.000309067524975254,0.159018081308066,0.00688058541504194,-0.00269584980265706,-0.00494932723136157,0.397927314043045,0.128935366868973,0.977305948734283,-0.00405412403682648,0.00114152779262987,-0.0451983479183392,-0.0053724646568225,0.0208514928817465,0.0125175714492627,0.024503203330561,-0.0138193797138829,0.00194381716796697,0,0,0,0,1375.6,8.7430037
0.000227165343144768,0.000308074201934151,0.960864305496216,0.0117275072261691,0.00272466661408544,-1.56927446258866,0.00391473001161948,-0.000309067524975254,-0.00112803590232237,0.00481640979052935,-0.00188709486185994,-0.0034645290619531,0.397498041391373,0.130326718091965,0.97773689031601,-0.0056762149474029,0.0020536418868743,-0.0450591742047904,-0.00858545303345507,0.0278270244598642,0.00861883163452932,-0.032441818211558,0.0182422818849051,0.00278347427097886,0,0,0,0,1375.65,8.809704
-0.000462359623839614,-0.000160861623919663,0.960864305496216,0.0117275072261691,0.00272466661408544,-1.56927446258866,-0.0206857490095314,-0.0140680747756144,-0.0228873414627901,0.00337148685337055,-0.00132096640330196,-0.00242517034336717,0.397068321704865,0.131246194243431,0.977774202823639,-0.00456999744900619,0.00187585373075531,-0.0459787521478648,-0.00859439373017139,0.0183895230293441,0.000746250152588569,0.0221243499679543,-0.00355576312238303,-0.0183915588615059,0,0,0,0,1375.7,8.8763715
-0.00115081294836372,-0.000630132730973173,0.979853272438049,0.0127415973693132,0.00236921501345932,-1.56934527290665,-0.0206535997357233,-0.0140781332116053,-0.193799237399231,-0.00676677049093779,0.00227438792332363,-0.00106032637841854,0.395970582962036,0.133573830127716,0.976893186569214,-0.00232023952746848,0.00188046051094025,-0.0447436552436321,-0.0109773874282687,0.023276358842818,-0.00881016254423847,0.0224975792153465,4.60678018493607e-05,0.012350969042311,0,0,0,0,1375.8,8.9430806
-0.00183926627288783,-0.00109940383802668,0.979853272438049,0.0127415973693132,0.00236921501345932,-1.56934527290665,-0.0206535997357233,-0.0140781332116053,-0.0228985349227295,-0.00473673934365646,0.00159207154632654,-0.000742228464892978,0.395619183778763,0.134457245469093,0.975791096687317,-0.0030235608230189,0.0030195155017909,-0.0460945655643651,-0.0070279836654727,0.0176683068275612,-0.0220417976379595,-0.0140664259110213,0.0227810998170338,-0.0270182064146846,0,0,0,0,1375.85,9.0097761
-0.00252771959741194,-0.00156867494508019,0.979853272438049,0.0127415973693132,0.00236921501345932,-1.56934527290665,-0.0206535997357233,-0.0140781332116053,-0.0228985349227295,-0.00331571754055952,0.00111445008242858,-0.000519559925425085,0.395313501358032,0.135726153850555,0.974670946598053,-0.00432086414386642,0.00239271285624154,-0.0461994247112294,-0.00611364841461738,0.025378167629265,-0.0224030017852987,-0.025946066416974,-0.0125360529109987,-0.0020971829372891,0,0,0,0,1375.9,9.0764666
-0.00331863149953245,-0.00262427315051332,0.97227680683136,0.0108234770596027,0.00179628795012832,-1.56956533325516,-0.0237273570636153,-0.0316679461629938,0.0685480793157607,0.0149420805090029,0.00593645862767908,0.00161685118879912,0.394498467445374,0.137774273753166,0.973103821277618,-0.00267022730563946,0.00443939460060977,-0.0459285204012025,-0.00815033912659433,0.0204811990261264,-0.01567125320436,0.0165063683822846,0.0204668174437009,0.00270904310027211,0,0,0,0,1376,9.1431561
-0.00410954340165296,-0.00367987135594644,0.97227680683136,0.0108234770596027,0.00179628795012832,-1.56956533325516,-0.0237273570636153,-0.0316679461629938,0.000359888855555582,0.010459456356302,0.00415552103937535,0.00113179583215938,0.393981456756592,0.139062121510506,0.972433865070343,-0.00240443599306162,0.00493622901740178,-0.0457506521977967,-0.0103402137755971,0.0257569551466958,-0.0133991241454591,0.00531582625153737,0.00993668833580402,0.00355736406810161,0,0,0,0,1376.05,9.2098412
-0.00490045530377347,-0.00473546956137957,0.97227680683136,0.0108234770596027,0.00179628795012832,-1.56956533325516,-0.0237273570636153,-0.0316679461629938,0.000359888855555582,0.0073216194494114,0.00290886472756275,0.000792257082511569,0.393651515245438,0.140065744519234,0.972466170787811,-8.22833079890646e-05,0.0031894954102819,-0.0457694820080736,-0.0065988302230895,0.0200724601745788,0.000646114349365822,0.0464430537014934,-0.0349346721424293,-0.00037659620553777,0,0,0,0,1376.1,9.2765683
-0.00504968492004708,-0.0056010879355187,0.968092799186707,0.012675803154707,0.000650239235255867,-1.56911019218766,-0.00447688848820819,-0.0259685512241739,0.0304922801528926,-0.01154580124135,0.012350643743146,-0.00354168964978585,0.393008172512054,0.142399698495865,0.972437381744385,-0.00116935469077822,0.00475783739259399,-0.0461733829475735,-0.00643342733383764,0.0233395397663329,-0.000287890434265399,-0.0108707138279014,0.0156834198231351,-0.00403900939500261,0,0,0,0,1376.2,9.3432373
-0.00519891453632069,-0.00646670630965783,0.968092799186707,0.012675803154707,0.000650239235255867,-1.56911019218766,-0.00447688848820819,-0.0259685512241739,-0.00716378864898732,-0.00808206086894499,0.00864545062020218,-0.00247918275485009,0.392706036567688,0.143487483263016,0.972622275352478,-0.00225221070807074,0.00537183306630504,-0.0467670632277863,-0.0060427188873346,0.0217556953430374,0.0036978721618686,-0.0216571203458702,0.0122799134742321,-0.0118736056042669,0,0,0,0,1376.25,9.4099307
-0.00534814415259429,-0.00733232468379696,0.968092799186707,0.012675803154707,0.000650239235255867,-1.56911019218766,-0.00447688848820819,-0.0259685512241739,-0.00716378864898732,-0.00565744260826149,0.00605181543414153,-0.00173542792839506,0.392203003168106,0.144579827785492,0.972770571708679,-0.00302801136943421,0.00465216741164259,-0.0467643447690915,-0.0100606679916016,0.0218468904494444,0.00296592712401265,-0.0155160132272129,-0.0143933130931966,5.43691738955874e-05,0,0,0,0,1376.3,9.4766604
-0.00515791443624033,-0.00798460725477692,0.967231750488281,0.0114582097157836,0.000988586456514895,-1.56847123039566,0.00570689149061875,-0.0195684771293988,-0.00426921562116401,0.00699813112452719,0.00119114581256782,-0.00696545567780623,0.391464114189148,0.146452724933624,0.973443508148193,-0.00196312245203615,0.00264847249568518,-0.0459463744676604,-0.00738888978958802,0.0187289714813403,0.00672936439514772,0.0106488891739903,-0.0200369491595923,0.00817970301431896,0,0,0,0,1376.4,9.5433767
-0.00496768471988638,-0.00863688982575688,0.967231750488281,0.0114582097157836,0.000988586456514895,-1.56847123039566,0.00570689149061875,-0.0195684771293988,-0.0120186539069916,0.00489869178716903,0.000833802068797473,-0.00487581897446436,0.391134172677994,0.147161453962326,0.973698139190674,-0.000897036393963257,0.00291129175265355,-0.0468197551516087,-0.0065988302230895,0.0141745805740485,0.00509262084961401,0.0213217211614773,0.00525638513937233,-0.0174676136789837,0,0,0,0,1376.45,9.6100897
-0.00477745500353242,-0.00928917239673684,0.967231750488281,0.0114582097157836,0.000988586456514895,-1.56847123039566,0.00570689149061875,-0.0195684771293988,-0.0120186539069916,0.00342908425101832,0.000583661448158231,-0.00341307328212505,0.390791803598404,0.148263648152351,0.973441779613495,-0.00218331568259207,0.0031665556711313,-0.0471749705373927,-0.0068473815918031,0.0220438838005266,-0.00512719154358376,-0.0257255857725996,0.00510527836955956,-0.0071043077156862,0,0,0,0,1376.5,9.6767391
-0.00522590853459324,-0.00960849505031246,0.970802009105682,0.0123766986653209,0.00239159120246768,-1.56815318001114,-0.0134536059318247,-0.00957967960726853,-0.0400632675072907,-0.00586604157012267,-0.0122184796998643,-0.0052516047581809,0.389869630336761,0.150168403983116,0.973043620586395,-0.00356270177056794,0.00523672145028129,-0.0467923920601026,-0.00922173261641198,0.0190475583076217,-0.00398159027099066,-0.0137938608797399,0.0207016577914716,0.00382578477289652,0,0,0,0,1376.6,9.7435017
-0.00567436206565406,-0.00992781770388808,0.970802009105682,0.0123766986653209,0.00239159120246768,-1.56815318001114,-0.0134536059318247,-0.00957967960726853,-0.00793093995068061,-0.00410622909908587,-0.00855293578990501,-0.00367612333072663,0.389413267374039,0.150948792695999,0.973516881465912,-0.00192219816491617,0.00525869961792274,-0.0466782547754732,-0.00912725925446387,0.0156077742576741,0.00946521759034064,0.0328100721130653,0.00043956335282952,0.00228274569258848,0,0,0,0,1376.65,9.8102136
-0.00612281559671488,-0.0102471403574637,0.970802009105682,0.0123766986653209,0.00239159120246768,-1.56815318001114,-0.0134536059318247,-0.00957967960726853,-0.00793093995068061,-0.00287436036936011,-0.00598705505293351,-0.00257328633150864,0.388958632946014,0.151730343699455,0.974161386489868,-0.00310820722121312,0.00523623413260207,-0.0462572859092879,-0.00909268856049411,0.0156310200691365,0.0128901004791377,-0.0237201811259606,-0.000449309706413828,0.00841937732371528,0,0,0,0,1376.7,9.8768463
-0.00696858389801713,-0.0105751669913724,0.969543516635895,0.0114185931161046,0.00126499205362052,-1.56884125603043,-0.0253730490390675,-0.00984079901726036,-0.00611913225158188,0.00661089768439436,0.00594845380257101,0.00439138374152794,0.387857973575592,0.153592646121979,0.97506320476532,-0.00489783617465039,0.00371630050540058,-0.0469770759971187,-0.0110065937042086,0.0186230242252096,0.0090181827545043,-0.0178962895343482,-0.0151993362719942,-0.00719790087829821,0,0,0,0,1376.8,9.9436446
-0.00781435219931938,-0.0109031936252811,0.969543516635895,0.0114185931161046,0.00126499205362052,-1.56884125603043,-0.0253730490390675,-0.00984079901726036,-0.0174455644796703,0.00462762837907605,0.00416391766179971,0.00307396861906956,0.3875892162323,0.154348313808441,0.975010097026825,-0.0043627216532111,0.00412257920051346,-0.0473848441932519,-0.00537514686584962,0.0151133537292618,-0.00106215476989843,0.0107022904287955,0.00812557390226495,-0.008155363922673,-0.000139033329672484,0,0,0,1376.85,10.0104334
-0.00866012050062163,-0.0112312202591897,0.969543516635895,0.0114185931161046,0.00126499205362052,-1.56884125603043,-0.0253730490390675,-0.00984079901726036,-0.0174455644796703,0.00323933986535323,0.0029147423632598,0.00215177803334869,0.387156426906586,0.155300676822662,0.974248170852661,-0.00432990092264018,0.00372902586263485,-0.0471961343675051,-0.0086557865142901,0.0190472602844412,-0.0152385234832902,0.000656414611419014,-0.00787106675757943,0.00377419651494053,0.0474763677487384,0,0,0,1376.9,10.0770785
-0.00923627756544715,-0.0111082828163597,0.97437584400177,0.0115069756284356,0.000895428587682545,-1.56867889297806,-0.0172847119447655,0.00368812328490242,-0.0449680643303085,0.00147209529476818,0.00536639084772361,4.49771520306059e-05,0.386047124862671,0.157232046127319,0.972441673278809,-0.00290927356589428,0.00354533251298136,-0.0465111795904477,-0.011093020439158,0.0193136930465874,-0.0180649757385418,0.0142062735674719,-0.00183693349653655,0.0068495477705805,0.0943029546458229,0,0,0,1377,10.1438578
-0.00981243463027266,-0.0109853453735296,0.97437584400177,0.0115069756284356,0.000895428587682545,-1.56867889297806,-0.0172847119447655,0.00368812328490242,-0.00147711803743127,0.00103046670633773,0.00375647359340652,3.14840064214241e-05,0.385761916637421,0.158078104257584,0.971677124500275,-0.00186986027196601,0.00541714215945856,-0.046566487798128,-0.00570416450498413,0.0169211626052241,-0.0152909755706231,0.0207882658784897,0.0374361929294079,-0.00110616415360337,0.139341965450168,0,0,0,1377.05,10.2105771
-0.0103885916950982,-0.0108624079306995,0.97437584400177,0.0115069756284356,0.000895428587682545,-1.56867889297806,-0.0172847119447655,0.00368812328490242,-0.00147711803743127,0.00072132669443641,0.00262953151538457,2.20388044949969e-05,0.385276824235916,0.158988490700722,0.970951080322266,-0.00235303440006971,0.00920833762726098,-0.0464983538890631,-0.00970184803009916,0.018207728862779,-0.0145208835601939,-0.00966348256208275,0.0758239093561174,0.00136267818129878,0.18182361785437,0,0,0,1377.1,10.2772912
-0.0101083741609625,-0.0110059982861483,0.974069833755493,0.0115069756284356,0.000895428587682545,-1.56867889297806,0.00840652602407083,-0.0043077106634638,-0.00589799562592485,0.000504928686105487,0.0018406720607692,1.54271631464978e-05,0.385000079870224,0.160988032817841,0.969703197479248,-0.00224479176884496,0.0143178177439387,-0.0471470805600512,-0.0027674436569239,0.0199954211712065,-0.0124788284301871,0.00108242631224843,0.0510948011668231,-0.00648726670988663,0.220979874522715,0,0,0,1377.2,10.3439377
-0.00982815662682679,-0.0111495886415971,0.974069833755493,0.0115069756284356,0.000895428587682545,-1.56867889297806,0.00840652602407083,-0.0043077106634638,-0.00865208784241655,0.000353450080273841,0.00128847044253844,1.07990142025485e-05,0.38523942232132,0.16204546391964,0.96900337934494,-0.0023322517672259,0.0180113931438153,-0.0471069770656858,0.00478684902191597,0.0211486220359995,-0.01399636268617,-0.00174919996762026,0.0738715079976007,0.000802069887308917,0.256254225198621,0,0,0,1377.25,10.410654
-0.00954807581525682,-0.0112951951335696,0.974069833755493,0.0113082332536578,-0.00372582301497459,-1.5690834893068,0.00840242434709899,-0.00436819475917596,-0.00863917110736489,0.00203609642919183,0.0424931937336912,0.00364892626855995,0.385744631290436,0.162742450833321,0.968414545059204,-0.00178773880137297,0.0211889952742313,-0.0472575010297541,0.0101041793822875,0.0139397382735699,-0.0117766857146788,0.0108902593170188,0.0635520426080876,-0.00301047928135429,0.287077892097868,0,0,0,1377.3,10.4773648
-0.00857864043001382,-0.0112916344363679,0.963920176029205,0.0116335935890675,-0.0175881702452898,-1.56874851120316,0.02908306155729,0.000106820916051151,0.0925849011123933,-0.00150297551825249,0.154506360686421,-0.000460554544747294,0.388228476047516,0.16433322429657,0.967693388462067,0.000145300154066533,0.0297958520160132,-0.0468774521239638,0.0248384475708234,0.0159077346325065,-0.00721156597138107,0.0193303895544127,0.0860685674178976,0.00380048905790588,0.313043579078601,0,0,0,1377.4,10.544033
-0.00760920504477082,-0.0112880737391662,0.963920176029205,0.0116335935890675,-0.0175881702452898,-1.56874851120316,0.02908306155729,0.000106820916051151,0.00123798157580267,-0.00105208286277674,0.108154452480494,-0.000322388181323106,0.390577733516693,0.164931491017342,0.967804551124573,0.000733779471469233,0.0341819247369788,-0.0470004541588968,0.0469851493835877,0.0119653344154467,0.00222325325012409,0.0117695863480647,0.0877214544193924,-0.00246004069866136,0.333928130928321,0,0,0,1377.45,10.6107482
-0.00663976965952782,-0.0112845130419645,0.963920176029205,0.0116335935890675,-0.0175881702452898,-1.56874851120316,0.02908306155729,0.000106820916051151,0.00123798157580267,-0.000736458003943719,0.0757081167363461,-0.000225671726926174,0.393454551696777,0.16553407907486,0.96845668554306,0.00186736081256297,0.0369798230038235,-0.046493870992812,0.0575363636017369,0.0120517611503711,0.0130426883697628,0.0226716268218954,0.0559579653369434,0.0101316633217056,0.349591606999878,0,0,0,1377.5,10.6774378
-0.0046611720621266,-0.0104287870609979,0.957051813602448,0.0117197185754776,-0.035763330757618,-1.56913403404557,0.0593579279220365,0.0256717794289978,0.0528129118666122,-0.00129064548045187,0.216572126326396,0.00331173537281672,0.402159065008163,0.166825622320175,0.969804227352142,0.00157483059736924,0.0422282542922833,-0.0465783432699896,0.0870451331137423,0.0129154324531379,0.0134754180908019,-0.00292530215193339,0.0524843128845271,-0.000844722771775288,0.360068968832728,0,0,0,1377.6,10.7441072
-0.00268257446472539,-0.00957306108003131,0.957051813602448,0.0117197185754776,-0.035763330757618,-1.56913403404557,0.0593579279220365,0.0256717794289978,-0.00900234997420815,-0.000903451836316311,0.151600488428477,0.0023182147609717,0.407621324062347,0.167214184999466,0.97089672088623,0.00154033424204186,0.0449030570433667,-0.0473526795932,0.109245181083779,0.0077712535858225,0.0218498706817826,-0.000689927106548243,0.053496055021716,-0.0154867264642224,0.365540134392657,0,0,0,1377.65,10.8109387
-0.000703976867324172,-0.00871733509906471,0.957051813602448,0.0117197185754776,-0.035763330757618,-1.56913403404557,0.0593579279220365,0.0256717794289978,-0.00900234997420815,-0.000632416285421417,0.106120341899934,0.00162275033268019,0.414157390594482,0.167973101139069,0.972110271453857,0.000480489272827036,0.0472961505909124,-0.048661029728802,0.130721330642819,0.015178322792067,0.0242710113525611,-0.0211968993843157,0.0478618709509584,-0.0261670027120627,0.366274895957911,0,0,0,1377.7,10.8776663
0.00195067868420559,-0.00616517565565723,0.957755506038666,0.0122009264305234,-0.0439801029860973,-1.56881717575394,0.0796396665458928,0.0765647833022244,-0.0209071824547744,-0.00477356209520715,0.148235189386268,-0.00171579939175766,0.430190980434418,0.168327510356903,0.974275588989258,0.00152345538245873,0.0505566790930476,-0.0476998935361344,0.160335898399134,0.00354409217833989,0.0216531753539744,0.0104296610963027,0.0326052850213073,0.00961136192666239,0.362702249759555,0,0,0,1377.8,10.9443782
0.00460533423573535,-0.00361301621224975,0.957755506038666,0.0122009264305234,-0.0439801029860973,-1.56881717575394,0.0796396665458928,0.0765647833022244,-0.0145739505288101,-0.00334149346664501,0.103764632570388,-0.00120105957423036,0.440066903829575,0.1684490442276,0.975431263446808,0.00240898271082787,0.0504895523647401,-0.0472081073047499,0.197518467903317,0.00243067741394264,0.023113489151022,0.0177105465673989,-0.00134253456615133,0.00983572462770039,0.355339848223144,0,0,0,1377.85,11.011082
0.00725998978726511,-0.00106085676884227,0.957755506038666,0.0122009264305234,-0.0439801029860973,-1.56881717575394,0.0796396665458928,0.0765647833022244,-0.0145739505288101,-0.0023390454266515,0.0726352427992714,-0.000840741701961251,0.450924128293991,0.168924599885941,0.976751863956451,0.00141545516295464,0.0521053475845591,-0.0473658330812506,0.217144489288528,0.00951111316681773,0.0264120101928951,-0.0198705509574826,0.0323159043964101,-0.00315451553001745,0.344787657929527,0,0,0,1377.9,11.0777675
0.00991382973679032,0.00148781648692818,0.969603359699249,0.0124611305072904,-0.0504420697689056,-1.5684342755159,0.0796151984857561,0.0764601976731137,-0.121535429204776,-0.00397916848955876,0.109002371004765,-0.00403462133370686,0.476379185914993,0.168597906827927,0.977696776390076,-0.00100600675159264,0.0561924471464512,-0.0475672855229957,0.254550576210254,-0.00326693058014213,0.00944912433625127,-0.0242146191454948,0.0408709956189579,-0.00201452441745259,0.331669861658426,0,0,0,1378,11.1445948
0.0125676696863155,0.00403648974269864,0.969603359699249,0.0124611305072904,-0.0504420697689056,-1.5684342755159,0.0796151984857561,0.0764601976731137,-0.0149047462595248,-0.00278541794269113,0.0763016597033353,-0.0028242349335948,0.490249335765839,0.168567046523094,0.97795432806015,-0.000847253974289963,0.0550592357698216,-0.0482504015578649,0.277402997015898,-0.000617206096646925,0.00515103340147052,0.00317505554604193,-0.0226642275325101,-0.0136623206973346,0.316705366305807,0,0,0,1378.05,11.2114078
0.0152215096358407,0.0065851629984691,0.969603359699249,0.0124611305072904,-0.0504420697689056,-1.5684342755159,0.0796151984857561,0.0764601976731137,-0.0149047462595248,-0.00194979255988379,0.0534111617923347,-0.00197696445351636,0.505564451217651,0.168535456061363,0.978325605392456,6.00856112733851e-06,0.0543223313141119,-0.0478690199968462,0.306302309036533,-0.000631809234619715,0.00742554664612492,0.0170652507083615,-0.014738089114208,0.00762763122038101,0.300617504156247,0,0,0,1378.1,11.2781485
0.0206455963753339,0.0131669928092075,0.971740365028381,0.0124611305072904,-0.0504420697689056,-1.5684342755159,0.162722602184796,0.197454894322152,-0.0360194935182169,-0.00136485479191866,0.0373878132546343,-0.00138387511746145,0.539094626903534,0.167891338467598,0.978905737400055,0.00121128569728525,0.051549300040973,-0.0483828154810365,0.335301756859131,-0.00644117593765845,0.00580132007599405,0.0120527713615901,-0.0277303127314136,-0.00513795484190798,0.284101520454985,0,0,0,1378.2,11.344823
0.0260696831148271,0.0197488226199459,0.971740365028381,0.0124611305072904,-0.0504420697689056,-1.5684342755159,0.162722602184796,0.197454894322152,-0.0167864455560282,-0.000955398354343059,0.026171469278244,-0.000968712582223017,0.556792914867401,0.167632982134819,0.979290902614594,0.000574019873061863,0.0511864271688,-0.0491492331734435,0.353965759277666,-0.00516712665558331,0.00770330429077849,-0.0127453164844793,-0.00725745744346745,-0.0153283538481547,0.267788757617187,0,0,0,1378.25,11.4115432
0.0314971387848763,0.0263298168116085,0.971740365028381,0.0132786799222231,-0.0486598946154118,-1.56888893974625,0.162823670101477,0.197429825749879,-0.0164472867546561,-0.00802672358243469,0.00228045211332587,0.00341387926556401,0.575936675071716,0.167182043194771,0.979298174381256,0.000826644560083643,0.0477129243879164,-0.0492086856349733,0.382875204084911,-0.00901877880093154,0.000145435333251424,0.00505249374041722,-0.0694700556174182,-0.00118904923059116,0.252291901448603,0,0,0,1378.3,11.4782742
0.0403314444134784,0.035270468719842,0.966143727302551,0.0134360175579786,-0.0424109138548374,-1.56910780800187,0.265029168858063,0.268219557247004,0.0441808166975705,-0.00703474522950413,-0.054644510365841,0.00435952978643191,0.616790115833282,0.166368499398232,0.97967392206192,0.000525379986099689,0.0435258904031619,-0.0484022631060744,0.408534407616033,-0.00813543796540047,0.00375747680664404,-0.00301264573984228,-0.0418703398475836,0.00806422528899659,0.238151046912143,0,0,0,1378.4,11.5449696
0.0491657500420805,0.0442111206280755,0.966143727302551,0.0134360175579786,-0.0424109138548374,-1.56910780800187,0.265029168858063,0.268219557247004,-0.0061889228349002,-0.00492432166065289,-0.0382511572560887,0.00305167085050234,0.638456463813782,0.165917560458183,0.979981184005737,0.00257071653825215,0.0409896706968159,-0.048541346296384,0.433326959610379,-0.00901877880097256,0.00614523887634836,0.0409067310430865,-0.0507243941269651,-0.00278166380619411,0.225800448283428,0,0,0,1378.45,11.611651
0.0580000556706827,0.0531517725363089,0.966143727302551,0.0134360175579786,-0.0424109138548374,-1.56910780800187,0.265029168858063,0.268219557247004,-0.0061889228349002,-0.00344702516245703,-0.0267758100792621,0.00213616959535164,0.660591423511505,0.16556604206562,0.980376899242401,0.00420516213063915,0.0385400636474386,-0.0476486150261143,0.44269919395487,-0.00703036785126372,0.00791430473328356,0.0326889118477698,-0.0489921409875918,0.0178546254054099,0.215574256271808,0,0,0,1378.5,11.6783478
0.0695762193065733,0.0618540076852612,0.96375048160553,0.0130876572802663,-0.036160085350275,-1.56924132240616,0.347284909076721,0.26106705446857,0.0192559320934756,0.000722324885691189,-0.0750005235965449,0.00269694835541802,0.706535518169403,0.164585217833519,0.980987131595612,0.0047428444841586,0.0376949763050978,-0.0479613612565784,0.459440946578353,-0.00980824232100102,0.00610232353209617,0.00537682353518714,-0.00845087342339574,-0.00312746230463675,0.20770685845937,0,0,0,1378.6,11.74504
0.081152382942464,0.0705562428342136,0.96375048160553,0.0130876572802663,-0.036160085350275,-1.56924132240616,0.347284909076721,0.26106705446857,-0.00228327917971776,0.000505627419983832,-0.0525003665175814,0.00188786384879262,0.730496764183044,0.163999006152153,0.981657743453979,0.00530119779504108,0.0356911000222148,-0.0481922629099023,0.479224920273263,-0.01172423362733,0.0134122371673706,0.0111670662176597,-0.0400775256576968,-0.00461803306648277,0.202313353232945,0,0,0,1378.65,11.8117697
0.0927285465783547,0.0792584779831659,0.96375048160553,0.0130876572802663,-0.036160085350275,-1.56924132240616,0.347284909076721,0.26106705446857,-0.00228327917971776,0.000353939193988682,-0.036750256562307,0.00132150469415483,0.754858076572418,0.163494735956192,0.982701659202576,0.0058563790289985,0.032753870668667,-0.0480724212521053,0.487226247787919,-0.0100854039192291,0.0208783149719428,0.0111036246791585,-0.0587445870710103,0.00239683315594176,0.199406006046201,0,0,0,1378.7,11.8784465
0.103679404801289,0.0899459835939675,0.96058851480484,0.0160140451043844,-0.0294484402984381,-1.56874016655289,0.328525746688024,0.320625168324049,0.0210663999003094,-0.0260897329812712,-0.0861299850601476,-0.00358534939353498,0.805212080478668,0.162111803889275,0.985119104385376,0.00496347067063743,0.0296452675270676,-0.0494640837294313,0.503540039061813,-0.0138293206691553,0.0241744518279699,-0.00892908358359851,-0.031086031415951,-0.0139166247732406,0.198877751938086,0,0,0,1378.8,11.9451799
0.114630263024223,0.100633489204769,0.96058851480484,0.0160140451043844,-0.0294484402984381,-1.56874016655289,0.328525746688024,0.320625168324049,-0.00739130130589784,-0.0182628130868898,-0.0602909895421033,-0.00250974457547448,0.830838918685913,0.16151949763298,0.986310601234436,0.00449171923929551,0.0301233198341301,-0.0494562407868245,0.512536764145364,-0.0118461251258958,0.0238299369812228,-0.00943502862684686,0.00956104614125731,0.000156858852135848,0.200528209834347,0,0,0,1378.85,12.011892
0.125581121247157,0.111320994815571,0.96058851480484,0.0160140451043844,-0.0294484402984381,-1.56874016655289,0.328525746688024,0.320625168324049,-0.00739130130589784,-0.0127839691608229,-0.0422036926794723,-0.00175682120283214,0.856763601303101,0.160734817385674,0.987352073192596,0.00394286138801285,0.0332453840176733,-0.0479064118082296,0.518493652344222,-0.0156936049461507,0.020829439163227,-0.0109771570256632,0.0624412836709215,0.0309965795719269,0.204065907347186,0,0,0,1378.9,12.0786212
0.139705330656023,0.12271266748177,0.968888700008392,0.0136031648144126,-0.0276685114949942,-1.56840185058915,0.423726282265981,0.34175017998599,-0.0921112038141441,0.0127491441971705,-0.0455619441066258,-0.00427461851568855,0.909996747970581,0.159282356500626,0.989230394363403,0.00891035548239178,0.0279539466349595,-0.048662167652598,0.532331466675289,-0.0145246088504923,0.0187832117080859,0.0496749409438344,-0.0529143738271858,-0.00755755844369121,0.20912236840829,0,0,0,1379,12.1453408
0.153829540064889,0.13410434014797,0.968888700008392,0.0136031648144126,-0.0276685114949942,-1.56840185058915,0.423726282265981,0.34175017998599,-0.0174095369821739,0.00892440093801931,-0.0318933608746381,-0.00299223296098199,0.937032759189606,0.158267349004745,0.990250885486603,0.00653988404548959,0.0281948281982489,-0.0491175348952691,0.540720224378526,-0.0203001499175287,0.020409822463915,-0.0474094287378714,0.00481763126577026,-0.0091073448533888,0.215266615938984,0,0,0,1379.05,12.2120091
0.167953749473755,0.14549601281417,0.968888700008392,0.0136031648144126,-0.0276685114949942,-1.56840185058915,0.423726282265981,0.34175017998599,-0.0174095369821739,0.00624708065661352,-0.0223253526122466,-0.00209456307268739,0.964371204376221,0.157823741436005,0.991594314575195,0.00737032790995913,0.0282765552957406,-0.0490781556561409,0.546768903732797,-0.00887215137482496,0.026868581771875,0.0166088772894059,0.00163454194983574,0.000787584782564072,0.222036093802482,0,0,0,1379.1,12.2786828
0.178959354028834,0.152417417740136,0.974113523960114,0.0136031648144126,-0.0276685114949942,-1.56840185058915,0.330168136652365,0.207642147778987,-0.0582416050258791,0.00437295645962946,-0.0156277468285726,-0.00146619415088117,1.02035248279572,0.155711829662323,0.992673814296722,0.0078227447654026,0.028881062933966,-0.0496509764914776,0.559812784195455,-0.0211191177368356,0.0107949972152808,0.00452416855443881,0.00604507638225922,-0.00572820835337218,0.228941865283496,0,0,0,1379.2,12.3453636
0.189964958583913,0.159338822666102,0.974113523960114,0.0136031648144126,-0.0276685114949942,-1.56840185058915,0.330168136652365,0.207642147778987,-0.0112181894603884,0.00306106952174062,-0.0109394227800009,-0.00102633590561682,1.04878878593445,0.154844641685486,0.993227005004883,0.00839816032033552,0.0267516088316553,-0.0495339021649814,0.568726062775175,-0.0173437595367589,0.0110638141632181,0.0115083110986689,-0.0425890820462523,0.00234148652992654,0.23549154915056,0,0,0,1379.25,12.4120626
0.200970605034822,0.166262505742974,0.974113523960114,0.0160141140222549,-0.026981508359313,-1.56829337013565,0.330169393527262,0.207710492306167,-0.0105608439270421,-0.0195557942053627,-0.013840624167131,-0.00169475921535267,1.07771861553192,0.153934717178345,0.994051039218903,0.00973765550307532,0.0273089086204927,-0.0503632916544,0.578596591947358,-0.0181984901427561,0.0164806842803356,0.0267899036546986,0.0111459957767071,-0.0165877897883116,0.241201413905138,0,0,0,1379.3,12.4787349
0.21375765301061,0.180769285117676,0.979823589324951,0.0173580478876829,-0.0273562911897898,-1.56813172233902,0.38361143927365,0.435203381241041,-0.0642776520772505,-0.0257844607326056,-0.00631539144270083,-0.00264116162042461,1.13653862476349,0.151706606149673,0.995199799537659,0.00878285957170878,0.0273714464026596,-0.0511543777069456,0.588200092316209,-0.0222811102867329,0.0114876031875715,-0.00954795931367404,0.000625377821669659,-0.00791086052546316,0.245625625026885,0,0,0,1379.4,12.5454059
0.226544700986398,0.195276064492377,0.979823589324951,0.0173580478876829,-0.0273562911897898,-1.56813172233902,0.38361143927365,0.435203381241041,-0.0128870637937117,-0.0180491225128239,-0.00442077400989058,-0.00184881313429722,1.16628742218018,0.150840699672699,0.99553644657135,0.0103675686804292,0.0302203769875693,-0.0503908697014639,0.594975948334281,-0.0173181295395055,0.00673294067383425,0.0316941821744377,0.0569786116982448,0.0152701601096485,0.248363144811259,0,0,0,1379.45,12.6121411
0.239331748962187,0.209782843867079,0.979823589324951,0.0173580478876829,-0.0273562911897898,-1.56813172233902,0.38361143927365,0.435203381241041,-0.0128870637937117,-0.0126343857589768,-0.00309454180692341,-0.00129416919400806,1.19653272628784,0.149818852543831,0.994995355606079,0.00998437199089739,0.0341749563900078,-0.050433034353414,0.60490608215387,-0.0204369425773806,-0.0108218193054298,-0.00766393379064367,0.0790915880488424,-0.000843293039003924,0.249063342058037,0,0,0,1379.5,12.6788757
0.250464487305417,0.22306921973133,0.988308906555176,0.0166053529828787,-0.0319387763738632,-1.56743387115799,0.33398215029692,0.398591275927552,-0.0847051219712646,-0.00206981588804566,0.0390761873918147,-0.0071865790650781,1.25803828239441,0.147663950920105,0.993880152702332,0.00737242528598606,0.0336960740785759,-0.0515753275286616,0.615055561064835,-0.0215490162372295,-0.0111520290374604,-0.0261194670490777,-0.00478882311431269,-0.01142293175246,0.24744869750452,0,0,0,1379.6,12.7456124
0.261597225648648,0.236355595595582,0.988308906555176,0.0166053529828787,-0.0319387763738632,-1.56743387115799,0.33398215029692,0.398591275927552,-0.00833726689924311,-0.00144887112163197,0.0273533311742703,-0.00503060534555467,1.28922283649445,0.14655801653862,0.993473887443542,0.00753116323925051,0.0305415721418081,-0.0510648677119562,0.6236910820013,-0.0221186876297198,-0.00812530517578864,0.00317475906529185,-0.0630900387354132,0.0102091963341169,0.243319336191478,0,0,0,1379.65,12.812317
0.272729963991879,0.249641971459834,0.988308906555176,0.0166053529828787,-0.0319387763738632,-1.56743387115799,0.33398215029692,0.398591275927552,-0.00833726689924311,-0.00101420978514238,0.0191473318219892,-0.00352142374188827,1.3527569770813,0.144777044653893,0.991540968418121,0.00688953466505259,0.0343249967715675,-0.0521248809445594,0.635341405869108,-0.017809718847291,-0.019329190254229,-0.00641628574198505,0.037834246297629,-0.0106001323260414,0.236556562070362,0,0,0,1379.75,12.87898
0.280477487197966,0.261442515398999,0.991497457027435,0.0148477023467422,-0.0332513637840748,-1.5666294468721,0.232425696182628,0.354016318174946,-0.0344787973887185,0.0151089088756291,0.0252164189672965,-0.00970481519231984,1.38563930988312,0.143946692347527,0.990227997303009,0.00848547890379448,0.0323078866370848,-0.0519213866708995,0.657646656033984,-0.0166070461272589,-0.0262594223021506,0.0319188847747218,-0.0403422026895072,0.00406988547318345,0.227095872231055,0,0,0,1379.8,12.9457562
0.288225010404054,0.273243059338164,0.991497457027435,0.0148477023467422,-0.0332513637840748,-1.5666294468721,0.232425696182628,0.354016318174946,-0.00578184313838279,0.0105762362129404,0.0176514932771075,-0.00679337063462388,1.41908073425293,0.142980396747589,0.98865270614624,0.0083653867129277,0.0340884469166456,-0.0523437617446031,0.668828487396849,-0.0193259119987664,-0.0315058231354046,-0.00240184381733774,0.0356112055912482,-0.00844750147407999,0.214992401342434,0,0,0,1379.85,13.0124638
0.295972533610141,0.285043603277328,0.991497457027435,0.0148477023467422,-0.0332513637840748,-1.5666294468721,0.232425696182628,0.354016318174946,-0.00578184313838279,0.00740336534905827,0.0123560452939753,-0.00475535944423672,1.45243716239929,0.142210423946381,0.987672865390778,0.00763279437280527,0.0353811331650277,-0.0525616263694701,0.667128562927853,-0.0153994560241839,-0.0195968151092708,-0.014651846802462,0.0258537249676648,-0.00435729249734376,0.200340873178462,0,0,0,1379.9,13.0791722
0.315221457188678,0.295159994039356,0.990043044090271,0.0153081621974707,-0.0334555916488171,-1.56720236671769,0.577467707356104,0.303491722860816,0.00965792431829772,0.00103821708778418,0.0104872824884632,0.00182752699926379,1.52060961723328,0.140488862991333,0.986162602901459,0.0125639166686534,0.0283965557583926,-0.0536283910830446,0.681724548340464,-0.0172156095504917,-0.0151026248932022,0.0493112229585266,-0.0698457740664143,-0.0106676471357545,0.1833026263812,0,0,0,1380,13.1459005
0.334470380767215,0.305276384801383,0.990043044090271,0.0153081621974707,-0.0334555916488171,-1.56720236671769,0.577467707356104,0.303491722860816,-0.00343179211618104,0.000726751961448928,0.00734109774192424,0.00127926889948465,1.55506658554077,0.139557600021362,0.985319375991821,0.0122863804930445,0.0271501462667857,-0.0544703289989735,0.689139366147395,-0.0186252593993463,-0.0168645381926877,-0.00555072351215931,-0.0249281898320471,-0.0168387583185181,0.164138827430798,0,0,0,1380.05,13.2125072
0.353719304345752,0.31539277556341,0.990043044090271,0.0153081621974707,-0.0334555916488171,-1.56720236671769,0.577467707356104,0.303491722860816,-0.00343179211618104,0.00050872637301425,0.00513876841934697,0.000895488229639257,1.58975255489349,0.138330847024918,0.983607530593872,0.0143748750570702,0.0279604998823019,-0.0518582990262536,0.693719387055074,-0.0245350599289164,-0.0342369079590155,0.0417698912805525,0.0162070723103383,0.0522405994544456,0.143024711210714,0,0,0,1380.1,13.2792871
0.370169670084216,0.328945080535729,1.00189125537872,0.0153081621974707,-0.0334555916488171,-1.56720236671769,0.493510972153926,0.406569149169559,-0.114329371629239,0.000356108461109975,0.00359713789354288,0.00062684176074748,1.65973460674286,0.135950788855553,0.979663908481598,0.0125794724988463,0.0275422316070695,-0.0539653421269409,0.699820518494289,-0.0238005816936709,-0.0394362211227776,-0.0179540255822553,-0.00418268275232786,-0.0210704310068923,0.120311997021471,0,0,0,1380.2,13.3460345
0.38662003582268,0.342497385508047,1.00189125537872,0.0153081621974707,-0.0334555916488171,-1.56720236671769,0.493510972153926,0.406569149169559,-0.00769547003316959,0.000249275922776982,0.00251799652548002,0.000438789232523236,1.69505274295807,0.134320169687271,0.977492094039917,0.00991512598956213,0.0240369181594629,-0.0561457118973424,0.706362724304842,-0.0326123833656608,-0.0434362888336577,-0.0532869301857317,-0.0701062689521949,-0.0436073954080698,0.096352512938091,0,0,0,1380.25,13.4126416
0.403070903235683,0.356052784828082,1.00189125537872,0.0225769802927971,-0.0288270711898804,-1.56731847656571,0.4935260223901,0.406661979601052,-0.00386650593719627,-0.0652448697119939,-0.0398940865625942,0.00135214109496841,1.73071205615997,0.132800817489624,0.97504985332489,0.00888943166371205,0.0206754371519332,-0.0559412210740702,0.713186264035491,-0.0303870439528313,-0.0488448143003594,-0.0205138865169271,-0.0672296201503496,0.00408981646542902,0.0713715896642932,0,0,0,1380.3,13.4793575
0.417402827559734,0.375456286141054,0.995369136333466,0.0195621587336063,-0.0192180816084146,-1.56789425743424,0.429957729721506,0.582105039389151,0.0662293028158179,-0.018538014765679,-0.114406766827007,0.00612852658325035,1.80173516273499,0.129589691758156,0.969952762126923,0.0052758681951366,0.0136858163891889,-0.0541157782250802,0.710231065750768,-0.0321112573147112,-0.0509709119797217,-0.0361356346857873,-0.0698962076275067,0.018254428489917,0.0456982084998493,0,0,0,1380.4,13.5461163
0.431734751883784,0.394859787454026,0.995369136333466,0.0195621587336063,-0.0192180816084146,-1.56789425743424,0.429957729721506,0.582105039389151,0.00753023140849978,-0.0129766103359753,-0.0800847367789052,0.00428996860827525,1.83716905117035,0.127812743186951,0.967328488826752,0.00477109364704922,0.0131991057246638,-0.0527835652706602,0.70867776870792,-0.0355389714241351,-0.0524854660034657,-0.0100954909617568,-0.00973421329051168,0.0266442590884247,0.0196788256063557,0,0,0,1380.45,13.6127729
0.446066676207834,0.414263288766997,0.995369136333466,0.0195621587336063,-0.0192180816084146,-1.56789425743424,0.429957729721506,0.582105039389151,0.00753023140849978,-0.0090836272351827,-0.0560593157452336,0.00300297802579267,1.87238228321075,0.126188337802887,0.964427888393402,0.00539091386266768,0.0102398781893438,-0.0516983593724967,0.704264640808746,-0.032488107681304,-0.058012008667045,0.0123964043123803,-0.0591845507064534,0.0217041179632892,-0.00648681589501922,0,0,0,1380.5,13.6794922
0.454524997397389,0.432401940932768,0.983704268932343,0.0195621587336063,-0.0192180816084146,-1.56789425743424,0.253749635686654,0.544159564973131,0.126469387255033,-0.00635853906462789,-0.0392415210216635,0.00210208461805487,1.94282019138336,0.123730920255184,0.958131670951843,0.00298106332735085,0.00521068549469646,-0.0520508222798491,0.704379081725113,-0.0245741754769944,-0.0629621744155025,-0.0240985053531354,-0.0502919269464048,-0.00352462907351891,-0.0325393377870677,0,0,0,1380.6,13.746201
0.462983318586944,0.450540593098539,0.983704268932343,0.0195621587336063,-0.0192180816084146,-1.56789425743424,0.253749635686654,0.544159564973131,0.0214855806449253,-0.00445097734523952,-0.0274690647151645,0.00147145923263841,1.97735738754272,0.122490927577019,0.95589804649353,0.000891465964989818,0.000515247243031852,-0.0512967964312216,0.690743923187884,-0.0247998535633313,-0.0446724891663004,-0.0417919472472587,-0.0939087650333776,0.0150805169725634,-0.0582884930396971,0,0,0,1380.65,13.8129072
0.471461871123941,0.468664223735592,0.983704268932343,0.0144976964220405,-0.0116250393912196,-1.56863192451798,0.254356576109917,0.543708919111572,0.0234678132524205,0.0424644766624252,-0.0875657252553705,0.007669025216509,2.0115692615509,0.12171833217144,0.954601466655731,-7.27783079984699e-05,-0.00266161520514509,-0.0521488150701589,0.684237480164196,-0.0154519081115863,-0.025931596756005,-0.0192848854597833,-0.0635372489635966,-0.0170403727787624,-0.0835759987215361,0,0,0,1380.7,13.8795985
0.48320537346039,0.486743828912551,0.970497488975525,0.0107849594205618,0.00318781961686909,-1.5681171788057,0.352305070093466,0.542388155308773,0.131886465596438,0.0631397666770057,-0.194611738751558,0.000735606241033836,2.07885360717773,0.120412707328796,0.951865792274475,0.00136603038751335,-0.00966941193535799,-0.0530246595109773,0.672843456267393,-0.0130562484264196,-0.0273567438125237,0.0143880869550986,-0.0700779673020334,-0.00875844440817201,-0.108292348993775,0,0,0,1380.8,13.9462869
0.494948875796839,0.50482343408951,0.970497488975525,0.0107849594205618,0.00318781961686909,-1.5681171788057,0.352305070093466,0.542388155308773,0.0130254459850791,0.044197836673904,-0.13622821712609,0.000514924368723685,2.1116349697113,0.120281264185905,0.951167225837708,0.00225302672865171,-0.0107080638438286,-0.0529707648808808,0.655627250671983,-0.00262886285782099,-0.0139713287353643,0.0177399268227834,-0.0207730381694308,0.00107789260193101,-0.132350940516888,0,0,0,1380.85,14.0129462
0.506692378133288,0.522903039266469,0.970497488975525,0.0107849594205618,0.00318781961686909,-1.5681171788057,0.352305070093466,0.542388155308773,0.0130254459850791,0.0309384856717328,-0.0953597519882633,0.00036044705810658,2.14372253417969,0.12025374174118,0.950181782245636,0.00152099925938455,-0.0138939841129696,-0.0521592673783591,0.641751289368259,-0.000550448894501233,-0.0197088718414486,-0.0146405493853566,-0.063718405382878,0.016229950050449,-0.155780405824365,0,0,0,1380.9,14.0797872
0.517168266494133,0.536233687629027,0.969048678874969,0.012003356590867,0.0134411519393325,-1.56820324791275,0.314276650825362,0.399919450876725,0.015356192485132,0.0106913654374657,-0.159031817293955,0.00102693490417558,2.20648622512817,0.120619058609009,0.948637187480927,0.00182618441047573,-0.0162494511005759,-0.0529674656989998,0.627636909485434,0.00365316867828701,-0.0154459476471088,0.00305185151091458,-0.0235546698760842,-0.00808198320641419,-0.178511741935855,0,0,0,1381,14.1466781
0.527644154854979,0.549564335991584,0.969048678874969,0.012003356590867,0.0134411519393325,-1.56820324791275,0.314276650825362,0.399919450876725,0.00231690158013326,0.00748395580622598,-0.111322272105768,0.000718854432922907,2.23629999160767,0.121008336544037,0.947663545608521,0.00100747036243883,-0.0202585507987859,-0.0528318671145315,0.596275329587674,0.0077855587005332,-0.0194728374480493,-0.0163742809606785,-0.0801819939639093,0.00271197168935532,-0.200470100200264,0,0,0,1381.05,14.213395
0.538120043215824,0.562894984354142,0.969048678874969,0.012003356590867,0.0134411519393325,-1.56820324791275,0.314276650825362,0.399919450876725,0.00231690158013326,0.00523876906435818,-0.0779255904740379,0.000503198103046035,2.26559543609619,0.121733829379082,0.946585595607758,0.00204491245035206,-0.0233151843454096,-0.0531252904755717,0.585908889771041,0.0145098567009104,-0.0215590000152784,0.0207488417582836,-0.0611326709325296,-0.00586846722080765,-0.22170955078969,0,0,0,1381.1,14.2800642
0.546654766609259,0.573073069737583,0.969048678874969,0.012003356590867,0.0134411519393325,-1.56820324791275,0.256041701803031,0.305342561503246,-0.00663889071757526,0.00366713834505073,-0.0545479133318265,0.000352238672132225,2.32151937484741,0.123259037733078,0.943794131278992,0.00320974698271837,-0.0286711015884882,-0.054298069659605,0.559239387512716,0.0152520835399766,-0.0279146432876841,0.0116483453236737,-0.0535591724308351,-0.0117277918403444,-0.242264112695552,0,0,0,1381.2,14.3467614
0.555189490002693,0.583251155121025,0.969048678874969,0.012003356590867,0.0134411519393325,-1.56820324791275,0.256041701803031,0.305342561503246,-0.00663889071757526,0.00256699684153551,-0.0381835393322785,0.000246567070492557,2.34819436073303,0.124443255364895,0.942161560058594,0.00229375247329199,-0.028482483005588,-0.055552592420486,0.533499717712888,0.0236843526363588,-0.0326514244079887,-0.0183198901885442,0.00377237165800927,-0.0250904552176424,-0.262123611371688,0,0,0,1381.25,14.4134503
0.563718657786793,0.59343685380335,0.979780793190002,0.0141049586236477,0.0231761671602726,-1.56756667030655,0.255875033522996,0.305570960469766,-0.100773657813518,-0.017117520505951,-0.114343614521056,-0.00555660150646576,2.37382817268372,0.125565111637115,0.940367102622986,0.00156313473484852,-0.0290716268313366,-0.0559308029351634,0.512676239011807,0.0224371254443306,-0.0358891487120276,-0.0146123547688162,-0.0117828765149303,-0.00756421029351968,-0.281273249805522,0,0,0,1381.3,14.4801316
0.566894429131173,0.600892044065226,0.973954916000366,0.0135675752535462,0.0292437560856342,-1.56570414436661,0.0952731403314024,0.223655707856264,0.0557238579729157,-0.00714581402325261,-0.134648830492994,-0.0206523545139987,2.42196464538574,0.128085047006607,0.936493337154388,-0.00110958916763549,-0.0328160699901923,-0.0578202233581945,0.481364727020701,0.0251993536949387,-0.0387376546860093,-0.0267272390248644,-0.0374444315885908,-0.0188942042303289,-0.29967391643611,0,0,0,1381.4,14.5468041
0.570070200475553,0.608347234327101,0.973954916000366,0.0135675752535462,0.0292437560856342,-1.56570414436661,0.0952731403314024,0.223655707856264,0.00329096326618964,-0.00500206981627683,-0.0942541813450957,-0.0144566481597991,2.44439744949341,0.129624232649803,0.934480905532837,-0.00118856225250554,-0.034947672655015,-0.0572309235193764,0.448656082153728,0.0307837128639501,-0.0402486324310669,-0.0015794616974025,-0.0426320532964925,0.011785996776373,-0.317272783908895,0,0,0,1381.45,14.6135275
0.573245971819933,0.615802424588977,0.973954916000366,0.0135675752535462,0.0292437560856342,-1.56570414436661,0.0952731403314024,0.223655707856264,0.00329096326618964,-0.00350144887139378,-0.065977926941567,-0.0101196537118594,2.46585917472839,0.131161868572235,0.93246591091156,-0.000552087193706035,-0.0380929741147551,-0.0571174861528502,0.429234504700097,0.0307527184486669,-0.0402998924255738,0.0127295011760016,-0.06290602919486,0.0022687473305266,-0.333909759504979,0,0,0,1381.5,14.6800706
0.578391680507206,0.62079802966895,0.976498782634735,0.0135675752535462,0.0292437560856342,-1.56570414436661,0.154371260618199,0.149868152399193,-0.0237146720861599,-0.00245101420997565,-0.0461845488590969,-0.00708375759830155,2.50547027587891,0.134874746203423,0.927968740463257,-4.35030007328708e-05,-0.0437522486995576,-0.0576815706729636,0.396111011504587,0.0371287763118237,-0.0449717044829709,0.00508584192972471,-0.0565927458479473,-0.00564084520112606,-0.349562327486154,0,0,0,1381.6,14.7469008
0.58353738919448,0.625793634748923,0.976498782634735,0.0135675752535462,0.0292437560856342,-1.56570414436661,0.154371260618199,0.149868152399193,-0.000819872376839859,-0.00171570994698295,-0.0323291842013678,-0.00495863031881108,2.52349138259888,0.136703550815582,0.926177024841309,0.00164738473329967,-0.0477469714158446,-0.0591784260483637,0.360422134399742,0.0365760922432278,-0.0358343124389974,0.0338177546806815,-0.0798944543258134,-0.0299371075080295,-0.363961542909582,0,0,0,1381.65,14.8136202
0.58867947405597,0.630793122172294,0.976498782634735,0.012611847370863,0.0378894172608852,-1.56501511467301,0.154262545844713,0.149984622701135,-2.13343835934552e-05,0.00740055398126143,-0.100441379518217,-0.0096723084655994,2.53981757164001,0.138630986213684,0.924101531505585,0.000777633316195117,-0.047347163506659,-0.0584394998616725,0.326523780823051,0.0385487079620712,-0.0415098667145153,-0.0173950283421069,0.00799615818371893,0.0147785237338366,-0.376930824250543,0,0,0,1381.7,14.8803367
0.59225785091858,0.632658983409754,0.968705475330353,0.0139625994488597,0.0454653948545456,-1.5641949547609,0.107351305878301,0.0559758371238061,0.06375106492289,-0.00697638091508758,-0.138492764005695,-0.014152055134904,2.56921625137329,0.143173366785049,0.921070337295532,0.000928785432174665,-0.0520106705612943,-0.0588696655292652,0.293986797332363,0.0454238057135916,-0.0303119421004836,0.00151152115979343,-0.0466350705462895,-0.00430165667592057,-0.388238933040812,0,0,0,1381.8,14.9470346
0.59583622778119,0.634524844647214,0.968705475330353,0.0139625994488597,0.0454653948545456,-1.5641949547609,0.107351305878301,0.0559758371238061,-0.00638870081655096,-0.0048834666405613,-0.0969449348039863,-0.00990643859443277,2.58177375793457,0.145580813288689,0.919139862060547,0.00166351543816967,-0.0517294118334363,-0.059263518590628,0.251150131225814,0.0481489300728282,-0.0386095046997421,0.0146946001199134,0.00562517455716642,-0.00787706122726309,-0.397640623756351,0,0,0,1381.85,15.0137192
0.5994146046438,0.636390705884675,0.968705475330353,0.0139625994488597,0.0454653948545456,-1.5641949547609,0.107351305878301,0.0559758371238061,-0.00638870081655096,-0.00341842664839291,-0.0678614543627904,-0.00693450701610294,2.59323263168335,0.148068606853485,0.917389392852783,0.00127950311390711,-0.0513469109744386,-0.0589000405366981,0.229177474975794,0.0497558712959742,-0.0350093841553053,-0.00768024648525809,0.00765001717995999,0.00726956107860439,-0.404881569176395,0,0,0,1381.9,15.0804011
0.602989796193187,0.638264360948148,0.949522197246552,0.0139007261022925,0.0513569600880146,-1.56251124275528,0.107255746481623,0.0562096519041862,0.166484174323594,-0.00183603853477065,-0.100527105155174,-0.0200075629618092,2.6121141910553,0.153089642524719,0.915415227413177,0.00212070865106662,-0.0537617382576951,-0.0594600986293327,0.188815593719654,0.050210356712387,-0.0197416543960751,0.00841205537160273,-0.0241482728325868,-0.00560058092635099,-0.409713673586795,0,0,0,1382,15.1472037
0.606564987742575,0.640138016011621,0.949522197246552,0.0139007261022925,0.0513569600880146,-1.56251124275528,0.107255746481623,0.0562096519041862,-0.00616532843061769,-0.00128522697433946,-0.0703689736086221,-0.0140052940732664,2.61962842941284,0.155599758028984,0.914718449115753,0.00242028175075916,-0.0552054452524965,-0.0600069523252667,0.150284767150332,0.050202310085114,-0.0139355659484356,0.00599146199382898,-0.0288741398959222,-0.0109370739186399,-0.411878171730276,0,0,0,1382.05,15.2139326
0.610140179291962,0.642011671075093,0.949522197246552,0.0139007261022925,0.0513569600880146,-1.56251124275528,0.107255746481623,0.0562096519041862,-0.00616532843061769,-0.00089965888203762,-0.0492582815260354,-0.00980370585128649,2.62572383880615,0.158221438527107,0.913968801498413,0.00103360215723003,-0.0552268381273449,-0.0593253393825992,0.121908187866322,0.0524336099625111,-0.0149929523468154,-0.0277335918706078,-0.000427857496968748,0.0136322588533622,-0.411166003330268,0,0,0,1382.1,15.2806518
0.60884018224808,0.639119456710018,0.949522197246552,0.0139007261022925,0.0513569600880146,-1.56251124275528,-0.0389999113164809,-0.0867664309522585,-0.0079522643160786,-0.000629761217426334,-0.0344807970682248,-0.00686259409590054,2.63395428657532,0.163993909955025,0.913006186485291,0.000479522086143514,-0.0574277710298368,-0.0600894129999453,0.0823044776917252,0.0577247142792273,-0.00962615013123434,-0.00554080071087021,-0.0220093290249387,-0.00764073617346776,-0.40739909665669,0,0,0,1382.2,15.3473811
0.607540185204197,0.636227242344943,0.949522197246552,0.0139007261022925,0.0513569600880146,-1.56251124275528,-0.0389999113164809,-0.0867664309522585,-0.0079522643160786,-0.000440832852198434,-0.0241365579477574,-0.00480381586713038,2.63608813285828,0.166779935359955,0.912755787372589,0.00169563171907711,-0.0589301679879636,-0.0606849434628453,0.0426769256592185,0.055720508098653,-0.00500798225403287,0.024322192658694,-0.0300479391625642,-0.0119106092580118,-0.400457853812013,0,0,0,1382.25,15.414045
0.606239854272835,0.633336214325309,0.940556645393372,0.0140590416267514,0.0540028437972069,-1.56263641250931,-0.0390099279408598,-0.0867308405890194,0.0725732375821836,-0.00173342271666887,-0.0407085439461606,-0.00223614332073638,2.63674521446228,0.169853806495667,0.912320971488953,0.00277393618427557,-0.0607386032848744,-0.0606767353115207,0.0131416320800303,0.0614774227140097,-0.00869631767269786,0.0215660893038908,-0.0361687059380836,0.000164163026491845,-0.390259561397396,0,0,0,1382.3,15.4807842
0.603386699120256,0.628843778601023,0.943278551101685,0.0149339148774743,0.0575725473463535,-1.56159476173722,-0.0855946545773766,-0.134773071728579,-0.0401974972743343,-0.00908725515817418,-0.0606233127046323,-0.010940157273368,2.63475346565247,0.175760239362717,0.910948812961578,0.00325366186834619,-0.0601516764524544,-0.0618751623259563,-0.0199174880981626,0.0590643286705554,-0.0137215852737552,0.0047972568407106,0.00586926832420453,-0.0119842701443667,-0.376813667100621,0,0,0,1382.4,15.5475166
0.600533543967677,0.624351342876737,0.943278551101685,0.0149339148774743,0.0575725473463535,-1.56159476173722,-0.0855946545773766,-0.134773071728579,-0.0157003458995174,-0.00636107861072192,-0.0424363188932426,-0.00765811009135761,2.63183164596558,0.178998813033104,0.910520672798157,0.00308708687048172,-0.0575600884454045,-0.0615483862651536,-0.0584363937378461,0.0647714734078043,-0.0085628032684404,-0.00333149995729239,0.0518317601410452,0.00653552121605933,-0.360213301953665,0,0,0,1382.45,15.6141894
0.597680388815097,0.619858907152451,0.943278551101685,0.0149339148774743,0.0575725473463535,-1.56159476173722,-0.0855946545773766,-0.134773071728579,-0.0157003458995174,-0.00445275502750535,-0.0297054232252698,-0.00536067706395032,2.62720274925232,0.182480067014694,0.910319030284882,0.00363238669008591,-0.0561794077277015,-0.0610501510529465,-0.0925779342652209,0.0696250796318687,-0.0040328502655066,0.0109059963920936,0.0276136143540849,0.00996470424415104,-0.340588733761008,0,0,0,1382.5,15.680914
0.59358349544122,0.615042765246279,0.941863179206848,0.0149339148774743,0.0575725473463535,-1.56159476173722,-0.122906801216305,-0.144484257185157,-0.0134134670023088,-0.00311692851925374,-0.0207937962576889,-0.00375247394476523,2.61535024642944,0.188960909843445,0.909867405891418,0.00337812659487912,-0.0581347629257445,-0.0625924699650517,-0.118525028228598,0.0648084282874177,-0.00451624393462519,-0.00254260095206445,-0.0195535519804027,-0.0154231891210309,-0.318190238933999,0,0,0,1382.6,15.7476379
0.589486602067344,0.610226623340107,0.941863179206848,0.0149339148774743,0.0575725473463535,-1.56159476173722,-0.122906801216305,-0.144484257185157,-0.0261518140558366,-0.00218184996347762,-0.0145556573803822,-0.00262673176133566,2.60763764381409,0.192485094070435,0.90971040725708,0.00223517130815023,-0.0558712661223962,-0.0616308102034728,-0.154252052307269,0.070483684539859,-0.00313997268677043,-0.0228591057345986,0.0452699360670069,0.0192331952315948,-0.293348582960649,0,0,0,1382.65,15.8143261
0.585390976560355,0.605405874283581,0.941863179206848,0.0165553539991379,0.0532982274889946,-1.561667956241,-0.122868765209659,-0.144622471695775,-0.0258634543451835,-0.0161202470694065,0.0282799185499628,-0.00117996169887734,2.59875297546387,0.196145087480545,0.910041868686676,0.00178125920154224,-0.0543026769417303,-0.0625636054036927,-0.177693367004556,0.073199868202276,0.00662922859192497,-0.00907824213216811,0.0313717836133468,-0.0186559040044142,-0.266447990727147,0,0,0,1382.7,15.8810008
0.579695393609269,0.599854533568008,0.936899423599243,0.0148530825972557,0.0492225140333176,-1.56081251037918,-0.170867488532579,-0.166540221467185,0.0156794062143043,0.00403626966835502,0.0564773640860673,-0.0085249859455618,2.57821083068848,0.202877908945084,0.910497069358826,-0.000997126165894757,-0.0491768877052493,-0.0626991686038729,-0.205421447753626,0.0673282146452939,0.00455200672149037,-0.027783853674332,0.0512578923647402,-0.00135563200180026,-0.237925000546538,0,0,0,1382.8,15.9477056
0.573999810658183,0.594303192852436,0.936899423599243,0.0148530825972557,0.0492225140333176,-1.56081251037918,-0.170867488532579,-0.166540221467185,-0.0289943942541406,0.00282538876784851,0.0395341548602471,-0.00596749016189326,2.56660103797913,0.206317901611328,0.910609304904938,-0.00234285444589433,-0.0481911672133245,-0.062523701414846,-0.232195854187223,0.0687998533249527,0.00224471092224325,-0.026914565600016,0.0197144098385136,0.00350934378054016,-0.208309387453544,0,0,0,1382.85,16.0143897
0.568304227707097,0.588751852136863,0.936899423599243,0.0148530825972557,0.0492225140333176,-1.56081251037918,-0.170867488532579,-0.166540221467185,-0.0289943942541406,0.00197777213749396,0.027673908402173,-0.00417724311332528,2.55393648147583,0.209715813398361,0.910797357559204,-0.00229391441281944,-0.0474380879566762,-0.0627110386192439,-0.253291130066148,0.0679582357407234,0.00376105308533057,0.000978800661498802,0.0150615851329802,-0.00374674408795968,-0.178141935205419,0,0,0,1382.9,16.0810707
0.560684346164137,0.582136571067781,0.937367916107178,0.012722504325211,0.0416096560657024,-1.56133273971878,-0.228596446288809,-0.198458432072449,-0.0282844676804039,0.0205596449446477,0.0878874575900572,0.00175799387706879,2.52659869194031,0.216482818126678,0.91100025177002,0.000997479930091255,-0.0412908378458341,-0.0622694197166379,-0.273377895355473,0.0676700472832342,0.00202894210815614,0.0329139434291369,0.0614725011084761,0.00441618902606327,-0.147989475075091,0,0,0,1383,16.1477593
0.553064464621176,0.5755212899987,0.937367916107178,0.012722504325211,0.0416096560657024,-1.56133273971878,-0.228596446288809,-0.198458432072449,-0.0240680351089928,0.0143917514612534,0.0615212203130401,0.00123059571394815,2.51214385032654,0.219796508550644,0.911215960979462,-0.0010408975922688,-0.0368299918672245,-0.0628617250816426,-0.289096832274339,0.066273808479068,0.00431418418882708,-0.0407675504470528,0.0892169195718676,-0.0118461073000505,-0.118439000247938,0,0,0,1383.05,16.2144347
0.545444583078216,0.568906008929618,0.937367916107178,0.012722504325211,0.0416096560657024,-1.56133273971878,-0.228596446288809,-0.198458432072449,-0.0240680351089928,0.0100742260228774,0.043064854219128,0.000861416999763707,2.49672865867615,0.22287805378437,0.912097930908203,-0.00386471161269697,-0.0362445365044279,-0.0628090613866488,-0.308303833008093,0.0616309046745861,0.0176393985748451,-0.0564762804086147,0.0117091072559437,0.00105327389987737,-0.0900174439485157,0,0,0,1383.1,16.2811872
0.537824701535256,0.562290727860536,0.937367916107178,0.012722504325211,0.0416096560657024,-1.56133273971878,-0.228596446288809,-0.198458432072449,-0.0240680351089928,0.00705195821601416,0.0301453979533896,0.000602991899834595,2.46430492401123,0.229218631982803,0.914585173130035,-0.00814885353775421,-0.0319133926825995,-0.0623961335582755,-0.324237346649465,0.0634057819843869,0.0248724222183454,-0.0428414192506114,0.0433114382183231,0.00412927828373718,-0.0633080479807313,0,0,0,1383.2,16.3479047
0.530204819992295,0.555675446791455,0.937367916107178,0.012722504325211,0.0416096560657024,-1.56133273971878,-0.228596446288809,-0.198458432072449,-0.0240680351089928,0.00493637075120991,0.0211017785673727,0.000422094329884216,2.44719743728638,0.232577979564667,0.916100025177002,-0.00723876388771697,-0.0285643748255032,-0.0612227833219973,-0.342149734497382,0.0671869516373292,0.0302970409393586,0.0182017930007612,0.0669803571419866,0.0234670047255837,-0.0387792457786192,0,0,0,1383.25,16.4146232
0.523612597584625,0.548789230763103,0.926921010017395,0.00997509900480509,0.0308731105178595,-1.5625806225618,-0.197766672230117,-0.206586480850548,0.0697348897503791,0.0281821074095006,0.111400154927748,0.0115264116180772,2.42990732192993,0.235920488834381,0.917547762393951,-0.00519587030237444,-0.0263396149408908,-0.0615805276549411,-0.345802307127648,0.0668501853940439,0.0289547443388839,0.040857871706702,0.0444951976920858,-0.0071548866588502,-0.0168586918058558,0,0,0,1383.3,16.4813062
0.518886980598576,0.54226730358688,0.938279509544373,0.00997509900480509,0.0308731105178595,-1.5625806225618,-0.141768509581458,-0.195657815286693,-0.139545349933611,0.0197274751866504,0.0779801084494234,0.00806848813265401,2.39463114738464,0.242100208997726,0.920448124408722,-0.0029803002705123,-0.0223344860284794,-0.0635119020003386,-0.352761745453202,0.0617972016335096,0.0290036201477315,0.0221557003186415,0.0400512891241513,-0.0193137434539917,0.00213766765862634,0,0,0,1383.4,16.5479999
0.514161363612528,0.535745376410657,0.938279509544373,0.00997509900480509,0.0308731105178595,-1.5625806225618,-0.141768509581458,-0.195657815286693,-0.0373188541908133,0.0138092326306553,0.0545860759145964,0.00564794169285781,2.37661075592041,0.245393618941307,0.922128856182098,-0.0023002945899067,-0.0193278403607814,-0.0659237351121173,-0.360407829284996,0.0658681988716725,0.0336146354675599,0.0136001136121245,0.0601329133540134,-0.0482366622356181,0.0179656045974894,0,0,0,1383.45,16.6146731
0.509434196350738,0.529209117427979,0.938279509544373,0.0109531413763762,0.021262077614665,-1.56307486427628,-0.141815017853702,-0.196087769480332,-0.0361068175838054,0.000864081497319121,0.124709549268967,0.00840173461529832,2.35831809043884,0.248682975769043,0.923761188983917,-0.00026357675370174,-0.0157335364630586,-0.0650015784013402,-0.36585330963168,0.0657871365547778,0.0326466560364066,0.0407343567241362,0.0718860779545225,0.0184431342155584,0.03050618031327,0,0,0,1383.5,16.6813719
0.504171894262241,0.523560426621235,0.938279509544373,0.0109531413763762,0.021262077614665,-1.56307486427628,-0.157869062654913,-0.169460724202323,-0.0268667315520196,0.000604857048123384,0.0872966844882771,0.00588121423070882,2.32150340080261,0.254949331283569,0.928589224815369,-0.00537772893171553,-0.0141403162748202,-0.0672806613001115,-0.368146896361802,0.0626635551451782,0.0482803583144483,-0.0511415217800681,0.0159322018823621,-0.0227908289876824,0.0397390901609281,0,0,0,1383.6,16.7480942
0.498909592173743,0.517911735814491,0.938279509544373,0.0109531413763762,0.021262077614665,-1.56307486427628,-0.157869062654913,-0.169460724202323,-0.0268667315520196,0.000423399933686369,0.061107679141794,0.00411684996149617,2.30318355560303,0.258195072412491,0.930939316749573,-0.00585119976653143,-0.0111420772009669,-0.0671703914788879,-0.366396903992032,0.0649148225784892,0.0470018386841248,-0.00946941669632666,0.0599647814771198,0.00220539642447454,0.0457592856911589,0,0,0,1383.65,16.8148163
0.493665431635795,0.512235782907765,0.925927877426147,0.0127426572144032,0.0111940801143646,-1.56025914085709,-0.157324816138444,-0.170278587201785,0.0852856258304323,-0.0158092625886626,0.133387352901959,-0.0224597157996578,2.28470730781555,0.261382609605789,0.933615028858185,-0.00531952954869308,-0.00690077364305691,-0.0672202195269996,-0.369524955749848,0.0637507438660248,0.0535142421722899,0.0106334043567767,0.0848260711582773,-0.000996560962234568,0.0487806867230327,0,0,0,1383.7,16.8814914
0.488313100880768,0.506069724102519,0.925604581832886,0.0127426572144032,0.0111940801143646,-1.56025914085709,-0.160569922650833,-0.184981764157378,-0.0222413105154437,-0.0110664838120638,0.0933711470313716,-0.0157218010597604,2.24813961982727,0.267881631851196,0.939561069011688,-0.00398217646621533,-0.000735110793203801,-0.067389363883095,-0.365676879882314,0.0649902224539824,0.0594604015349531,0.0133735308247593,0.061656628498447,-0.00169144356095127,0.0491323936993536,0,0,0,1383.8,16.9481887
0.48296077012574,0.499903665297273,0.925604581832886,0.0127426572144032,0.0111940801143646,-1.56025914085709,-0.160569922650833,-0.184981764157378,-0.0251509708547991,-0.00774653866844465,0.0653598029219601,-0.0110052607418323,2.23004341125488,0.271348625421524,0.94273054599762,-0.00569218074116895,0.000702558047661024,-0.0673651483437401,-0.361924171448083,0.0693398714066182,0.0633895397186856,-0.0342000854991035,0.0287533768173226,0.000484310787097094,0.0472369712146993,0,0,0,1383.85,17.0148975
0.477619990719665,0.493712476185499,0.925604581832886,0.00945450831204653,0.000894574332050979,-1.55781630409562,-0.160223382182249,-0.185735673353224,-0.0234541002312428,0.0241707630532984,0.138447414086195,-0.0296892133725541,2.2123441696167,0.274411797523499,0.946224451065063,-0.00606114004004823,-0.00174832367239635,-0.0692690263727433,-0.353984832763994,0.0612634420395455,0.0698781013489405,-0.00737918597759237,-0.0490176344011921,-0.0380775605800992,0.043607619137585,0,0,0,1383.9,17.0815819
0.474171087714393,0.48855312033607,0.942577004432678,0.00945450831204653,0.000894574332050979,-1.55781630409562,-0.103467090158151,-0.15478067548285,-0.182739761699086,0.0169195341373089,0.0969131898603364,-0.0207824493607879,2.17714905738831,0.281163603067398,0.952269077301025,-0.00458548248260078,-0.00295755204739181,-0.0706809143953464,-0.351951122284256,0.0675180554390568,0.0604462623596741,0.0147565755744879,-0.0120922837499656,-0.0141188802260437,0.0388216341534888,0,0,0,1384,17.1483216
0.470722184709121,0.483393764486642,0.942577004432678,0.00945450831204653,0.000894574332050979,-1.55781630409562,-0.103467090158151,-0.15478067548285,-0.0299879583009539,0.0118436738961162,0.0678392329022355,-0.0145477145525515,2.15972495079041,0.284538507461548,0.954750895500183,-0.00318752230316075,-0.00162135387932679,-0.0714949653209273,-0.34848213195674,0.0674980878827501,0.0496363639829737,0.0279592035886989,0.0267239633612033,-0.0162810185115579,0.0335192604536068,0,0,0,1384.05,17.2150208
0.467282037557352,0.478226439415243,0.942577004432678,0.00875506456941366,-0.000133066670969129,-1.5559318436464,-0.103204414553084,-0.155019752141964,-0.0298259313954715,0.0145855654109771,0.0567362320587458,-0.0271435442297548,2.14232206344604,0.287966668605804,0.956851363182068,-0.00259458426669198,0.00063179893473831,-0.0713534199624671,-0.348057746887524,0.0685632228851942,0.0420093536377335,0.0118587607293862,0.0450630562813429,0.002830907169206,0.0283549088954792,0,0,0,1384.1,17.2818032
0.463841890405582,0.473059114343845,0.942577004432678,0.00875506456941366,-0.000133066670969129,-1.5559318436464,-0.103204414553084,-0.155019752141964,-0.0298259313954715,0.010209895787684,0.0397153624411221,-0.0190004809608284,2.10877299308777,0.29500013589859,0.960539042949677,-0.00524813744953002,0.00489636962062736,-0.0702646333690365,-0.335490703583069,0.0703346729279204,0.03687679767612,-0.0265355318284046,0.0426457068589293,0.0108878659343157,0.0240121775998314,0,0,0,1384.2,17.3484943
0.460401743253813,0.467891789272446,0.942577004432678,0.00875506456941366,-0.000133066670969129,-1.5559318436464,-0.103204414553084,-0.155019752141964,-0.0298259313954715,0.00714692705137879,0.0278007537087854,-0.0133003366725799,2.09221339225769,0.298372030258179,0.962628543376923,-0.00670432278125128,0.00677833044774827,-0.0711729496970181,-0.331192016601864,0.0674378871918338,0.0417900085449599,-0.0291237066344517,0.0376392165424525,-0.018166326559647,0.0211336947335271,0,0,0,1384.25,17.415257
0.456136233239912,0.46201945624062,0.954258620738983,0.0119709875434637,-0.00324647570960224,-1.55563238991104,-0.127965300417044,-0.17616999095478,-0.123159912128737,-0.0239404578304853,0.0474812089438478,-0.01200531928897,2.07609796524048,0.302166074514389,0.964813947677612,-0.00777607865391073,0.00874477214470924,-0.0700382768682706,-0.322308540343066,0.0758808851239305,0.0437080860136349,-0.0214351174531109,0.0393288339390764,0.0226934565748664,0.0203373211171602,0,0,0,1384.3,17.4819669
0.451131153825319,0.455449589372272,0.959328711032867,0.0119709875434637,-0.00324647570960224,-1.55563238991104,-0.15015238243777,-0.197096006050442,-0.0643851647275992,-0.0167583204813397,0.0332368462606934,-0.00840372350227897,2.04470062255859,0.31007519364357,0.969816386699677,-0.00798777154084949,0.0108827128281074,-0.0695874842830199,-0.313973426819133,0.079091191291881,0.0500243902206876,-0.00211692886938957,0.0213794068340007,0.00450792585251083,0.0221681507463555,0,0,0,1384.4,17.5486818
0.446126074410727,0.448879722503924,0.959328711032867,0.0119709875434637,-0.00324647570960224,-1.55563238991104,-0.15015238243777,-0.197096006050442,-0.0187543520826407,-0.0117308243369378,0.0232657923824854,-0.00588260645159528,2.02946877479553,0.31426540017128,0.972485244274139,-0.00621242151254084,0.0115453941755883,-0.0695552270622966,-0.304636955261508,0.0838041305542754,0.0533771514893064,0.0355070005662054,0.0132536269496305,0.000645144414467589,0.0270811071700384,0,0,0,1384.45,17.6153108
0.441116779009313,0.442307646703455,0.959328711032867,0.00910604372620583,-0.00727996416389942,-1.55588654411637,-0.150278862042413,-0.197162274014064,-0.0178970504282388,0.0175729173194645,0.0525874507564145,-0.0018304366682163,2.01490998268127,0.318902343511581,0.975074231624603,-0.00451736723840513,0.00928621317246976,-0.0695086893058438,-0.291175842285421,0.0927388668061146,0.0517797470093244,0.0339010854827449,-0.0451836200624118,0.000930755129057728,0.0354647847905448,0,0,0,1384.5,17.6821301
0.438235592611323,0.435477770933109,0.959328711032867,0.00910604372620583,-0.00727996416389942,-1.55588654411637,-0.0864355919396955,-0.204896273110367,-0.0138544848874374,0.0123010421236251,0.0368112155294901,-0.00128130566775141,1.98607659339905,0.328411459922791,0.980291247367859,-0.00206423019777784,0.00790068938545734,-0.0697420112276786,-0.288333892821872,0.0950911641119613,0.052170157432485,0.0245313704062394,-0.0138552378701053,-0.00233321921834563,0.0475273670909037,0,0,0,1384.6,17.7488259
0.435354406213333,0.428647895162764,0.959328711032867,0.00910604372620583,-0.00727996416389942,-1.55588654411637,-0.0864355919396955,-0.204896273110367,-0.0138544848874374,0.0086107294865376,0.0257678508706431,-0.000896913967425989,1.9718804359436,0.332947611808777,0.982792913913727,0.00164886935531567,0.00665033071111402,-0.0690093528093168,-0.283923149109145,0.0907230377198091,0.0500333309174039,0.0742619910619377,-0.0250071734868891,0.0146531683672499,0.0634011174859246,0,0,0,1384.65,17.8155487
0.432454796478893,0.42182774270202,0.961667418479919,0.0143567128106952,-0.00670061912387609,-1.55913690460526,-0.0869882920332152,-0.204604573822326,-0.035314081471622,-0.0412285111198278,0.0128233902492402,0.0286254046228262,1.95852279663086,0.337760388851166,0.984483957290649,0.00305084337735574,0.00726659224932803,-0.0693393562530257,-0.267152786255126,0.0962555408478659,0.0338208675384829,0.028039480440827,0.0123252307642916,-0.00660006887418369,0.0830526916171003,0,0,0,1384.7,17.8822531
0.428706951927205,0.416675090552717,0.985413670539856,0.0143567128106952,-0.00670061912387609,-1.55913690460526,-0.112435336550632,-0.154579564479069,-0.233058148240384,-0.0288599577838795,0.00897637317446815,0.0200377832359784,1.93176102638245,0.347202241420746,0.987564980983734,0.000452126731179313,0.0119093671454794,-0.0699878433930807,-0.267617702483766,0.094418525695672,0.0308102369308051,-0.0259871664617289,0.0464277489614504,-0.00648487140054086,0.106324163800792,0,0,0,1384.8,17.9489577
0.424959107375517,0.411522438403415,0.985413670539856,0.0143567128106952,-0.00670061912387609,-1.55913690460526,-0.112435336550632,-0.154579564479069,-0.0193418797009549,-0.0202019704487156,0.00628346122212771,0.0140264482651848,1.91891932487488,0.35193920135498,0.988439083099365,0.000583310683399939,0.0122512406541399,-0.0695958061371628,-0.256834030151601,0.0947391986847785,0.017482042312638,0.00262367904441492,0.00683747017321543,0.00784074511836477,0.132947340865318,0,0,0,1384.85,18.0157334
0.421215128822656,0.406367612180766,0.985413670539856,0.0171812754124403,-0.00810975674539804,-1.55891636741959,-0.112319356585829,-0.15464478667946,-0.0194164542921519,-0.0395624427298071,0.0170806614491869,0.00783367911460888,1.9064610004425,0.356746017932892,0.989482879638672,0.00102952970912831,0.0168555606105826,-0.069070129694535,-0.249166488647688,0.096136331558315,0.0208759307861518,0.00892438051457554,0.0920863991289377,0.010513528852565,0.16247516275331,0,0,0,1384.9,18.0825193
0.417249258505691,0.401267186142629,0.974717736244202,0.0171812754124403,-0.00810975674539804,-1.55891636741959,-0.118976109508951,-0.153012781144135,0.0953434446656966,-0.027693709910865,0.0119564630144309,0.00548357538022622,1.88343644142151,0.366357237100601,0.991735577583313,0.00195147519181567,0.0177172874364681,-0.06989940578098,-0.23024559021017,0.0961121916771809,0.0225269794464316,0.00921945482688194,0.00861726825886342,-0.00829276086445748,0.194323872521229,0,0,0,1385,18.1492392
0.413283388188726,0.396166760104491,0.974717736244202,0.0171812754124403,-0.00810975674539804,-1.55891636741959,-0.118976109508951,-0.153012781144135,-0.000919963995192035,-0.0193855969376055,0.0083695241101016,0.00383850276615835,1.87237823009491,0.371089279651642,0.993285715579987,0.00185886827072785,0.0199571031188386,-0.0693440546248366,-0.221164226531178,0.0946408510204687,0.0310027599333589,-0.00185213842174962,0.0447963136472475,0.0111070231228281,0.22783309842231,0,0,0,1385.05,18.2158812
0.409316197014297,0.391067187191359,0.974717736244202,0.0174075774848461,-0.0145967593416572,-1.55917958153092,-0.119015735232866,-0.152987187393948,-0.000250732298077423,-0.0156066365079762,0.0642416902434032,0.00505587893826397,1.86201965808868,0.375833094120026,0.994965076446533,0.00196423796824226,0.0228884767433713,-0.0695154162655556,-0.2071714401247,0.0948762893677621,0.0335872173309632,0.00210739395029023,0.0586274724907067,-0.00342723281438313,0.262408941353081,0,0,0,1385.1,18.2827136
0.405349005839869,0.385967614278227,0.974717736244202,0.0174075774848461,-0.0145967593416572,-1.55917958153092,-0.119015735232866,-0.152987187393948,-0.000250732298077423,-0.0109246455555833,0.0449691831703822,0.00353911525678478,1.84339869022369,0.384977519512177,0.998342633247375,0.000605653421436709,0.0290829305749064,-0.069845823320928,-0.186209678650072,0.091444253921592,0.0337755680084536,-0.0135858454680679,0.0619445383154069,-0.00330407055372679,0.297102408255063,0,0,0,1385.2,18.3494326
0.40138181466544,0.380868041365096,0.974717736244202,0.0174075774848461,-0.0145967593416572,-1.55917958153092,-0.119015735232866,-0.152987187393948,-0.000250732298077423,-0.00764725188890832,0.0314784282192676,0.00247738067974935,1.83514332771301,0.389596909284592,1.00019097328186,0.000817134177826095,0.0300934996230688,-0.070263157726659,-0.165107250213773,0.0923877954483873,0.0369668006897309,0.00422961512779156,0.0202113809632675,-0.00834668811462862,0.331141085818134,0,0,0,1385.25,18.4161497
0.400090147123661,0.37648469049285,0.980965137481689,0.0164921544492245,-0.024598503485322,-1.55759695900284,-0.0387500262533639,-0.131500526167369,-0.0643293877347547,0.00288573099835896,0.112050597046471,-0.012509436276861,1.8277496099472,0.394312918186188,1.00226879119873,0.00138402598688344,0.0340607824856281,-0.0704776622548882,-0.147874355315624,0.0943201780315783,0.0415563583372512,0.0113378361811056,0.0793456572508965,-0.00429009056456813,0.36370146595382,0,0,0,1385.3,18.4829008
0.402476602295092,0.373008335863325,0.972344696521759,0.0164921544492245,-0.024598503485322,-1.55759695900284,0.0715936551429456,-0.104290638885741,0.0706551689228438,0.00202001169885127,0.0784354179325296,-0.0087566053938027,1.81544768810272,0.403221607208252,1.00734448432922,0.00542048741167492,0.042366551018357,-0.0704894798519051,-0.123019218444936,0.0890868902207231,0.0507569313049778,0.0403646142479516,0.083057685327365,-0.000118175970169162,0.393928157223178,0,0,0,1385.4,18.5496262
0.404863057466524,0.369531981233801,0.972344696521759,0.0164921544492245,-0.024598503485322,-1.55759695900284,0.0715936551429456,-0.104290638885741,-0.00692879971653001,0.00141400818919589,0.0549047925527707,-0.00612962377566189,1.810298204422,0.407534211874008,1.00995707511902,0.00839336735357768,0.0463368544954571,-0.07009990177868,-0.102989673614596,0.086252093315203,0.052251815795946,0.0594575988381092,0.0794060695420733,0.00779156146450953,0.421048049679525,0,0,0,1385.45,18.6163485
0.407247554770179,0.36605018853248,0.972344696521759,0.0191361121833324,-0.036073986440897,-1.55848578346573,0.0715349191096631,-0.104453781039624,-0.0059532044160432,-0.0228058138745346,0.141712701387114,0.0037086835230523,1.80653917789459,0.411690682172775,1.01228535175323,0.00806470732867647,0.0500345253636445,-0.069642040242984,-0.0751805305481641,0.0831294059754174,0.0465655326843685,-0.00657320049803013,0.0739534173638165,0.00915723071392871,0.444335592517021,0,0,0,1385.5,18.6830462
0.410080462342822,0.36303828780141,0.972344696521759,0.0191361121833324,-0.036073986440897,-1.55848578346573,0.0849872271792724,-0.0903570219321117,-0.0101785203463994,-0.0159640697121742,0.0991988909709801,0.00259607846613661,1.80182158946991,0.419188320636749,1.0168205499649,0.00941430546558999,0.061424998857009,-0.0695301152768601,-0.0471758842467618,0.0749763846396377,0.0453519821166373,0.0134959813691168,0.113904734933489,0.00111924966123694,0.463170920175989,0,0,0,1385.6,18.7497444
0.412913369915464,0.360026387070339,0.972344696521759,0.0191361121833324,-0.036073986440897,-1.55848578346573,0.0849872271792724,-0.0903570219321117,-0.0101785203463994,-0.011174848798522,0.0694392236796861,0.00181725492629563,1.80161368846893,0.422741949558258,1.01826012134552,0.00882803471962455,0.0612777132129143,-0.0696301793761663,-0.00415802001953503,0.0710725784302404,0.0287914276123309,-0.0117254149193195,-0.00294571288189706,-0.00200128198612525,0.47701901945909,0,0,0,1385.65,18.8163741
0.415745725078173,0.357004267656215,0.989181458950043,0.0210985336452723,-0.0554829239845276,-1.55908755195938,0.0849706548812555,-0.0906635824237291,-0.1603507519771,-0.0254841873164237,0.223287894468456,0.00668799489127803,1.80250990390778,0.426136374473572,1.01969790458679,0.0103032953292584,0.0628899874338257,-0.0682757336515018,0.0179243087768718,0.0678884983063362,0.0287556648254656,0.0295052121927043,0.0322454844182574,0.0270889144933145,0.485516759363718,0,0,0,1385.7,18.8831668
0.419613470384737,0.357565230649146,1.00721454620361,0.0210985336452723,-0.0554829239845276,-1.55908755195938,0.116032359196928,0.0168288897879303,-0.174591419105082,-0.0178389311214966,0.156301526127919,0.00468159642389462,1.80850565433502,0.432425379753113,1.02184045314789,0.0107759798244587,0.0634491535865218,-0.0679476717210093,0.0599575042723791,0.0628900527953244,0.0214254856109327,0.00472684495199657,0.00559166152695329,0.00328061930492046,0.488358197797113,0,0,0,1385.8,18.9498811
0.423481215691301,0.358126193642077,1.00721454620361,0.0210985336452723,-0.0554829239845276,-1.55908755195938,0.116032359196928,0.0168288897879303,-0.0122936338229471,-0.0124872517850476,0.109411068289543,0.00327711749672624,1.81335353851318,0.435343861579895,1.02204382419586,0.01137632609617,0.0646292482613857,-0.0683822097159846,0.0969576835633206,0.0583696365356976,0.00406742095947636,0.0120069254342359,0.0236018934972999,-0.00869075989951492,0.485437746625315,0,0,0,1385.85,19.01656
0.427350116465237,0.358676776018926,1.00721454620361,0.0214642360806465,-0.0625505670905113,-1.56072167290055,0.116067023218065,0.0165174713054781,-0.0123401632264134,-0.0120323981679017,0.140196535756534,0.0170010707181674,1.81949937343597,0.437917828559875,1.02174746990204,0.0128990387966715,0.0653059353949883,-0.0677923383611449,0.122916698455922,0.0514793395996562,-0.00592708587647023,0.030454254010058,0.0135337426720637,0.0117974270968065,0.476773579905139,0,0,0,1385.9,19.0832894
0.431219017239172,0.359227358395776,1.01632797718048,0.0214642360806465,-0.0625505670905113,-1.56072167290055,0.116067023218065,0.0165174713054781,-0.0943610420182225,-0.00842267871753116,0.0981375750295737,0.0119007495027171,1.83620822429657,0.442913323640823,1.01944661140442,0.0114005965534568,0.0663215580431208,-0.0678429632286988,0.167088508606109,0.0499549508095242,-0.0230085849762172,-0.0149844224321601,0.0101562264813341,-0.000506248675539628,0.462530389061747,0,0,0,1386,19.1500315
0.435087918013108,0.359777940772625,1.01632797718048,0.0214642360806465,-0.0625505670905113,-1.56072167290055,0.116067023218065,0.0165174713054781,-0.0123401632264134,-0.00589587510227181,0.0686963025207016,0.008330524651902,1.84639537334442,0.444879114627838,1.01815438270569,0.0113108841334857,0.0652733399137931,-0.0685301215109004,0.20374298095629,0.0393158197401524,-0.0258445739745154,-0.00179424839941579,-0.0209643625864762,-0.0137431656439821,0.443019904019558,0,0,0,1386.05,19.2167584
0.438958558817737,0.360323761367734,1.01632797718048,0.0235866904258728,-0.0647974535822868,-1.56175116432511,0.116119224138865,0.0163746178532872,-0.0121919256320417,-0.0232292016786269,0.0683093901904707,0.0150967900773763,1.85784196853638,0.446722656488419,1.01679694652557,0.0126771053373854,0.0652425812622881,-0.0688810645389303,0.22893190383932,0.0368708372116424,-0.0271487236023196,0.0273244240780191,-0.000615173030101561,-0.00701886056060447,0.418687182449585,0,0,0,1386.1,19.2834461
0.442829199622365,0.360869581962844,1.01632797718048,0.0235866904258728,-0.0647974535822868,-1.56175116432511,0.116119224138865,0.0163746178532872,-0.0121919256320417,-0.0162604411750388,0.0478165731333295,0.0105677530541634,1.88521862030029,0.449844717979431,1.0140368938446,0.013735181070822,0.0645922803992191,-0.0699329028615744,0.273766517639409,0.0312206149101541,-0.0276005268097175,0.0105807573343753,-0.00650300863069534,-0.0105183832264506,0.390056958409133,0,0,0,1386.2,19.3501517
0.446699840426994,0.361415402557954,1.01632797718048,0.0235866904258728,-0.0647974535822868,-1.56175116432511,0.116119224138865,0.0163746178532872,-0.0121919256320417,-0.0113823088225272,0.0334716011933307,0.0073974271379144,1.90070605278015,0.451058387756348,1.01302516460419,0.0123780074150112,0.0638832059956199,-0.0698982299002113,0.30974864959745,0.0242733955383522,-0.020234584808368,-0.0271434731162411,-0.0141814880719972,0.000693459227262625,0.35776281975488,0,0,0,1386.25,19.4168753
0.4539858968084,0.366869684699189,1.01299917697906,0.0244747549295425,-0.0647594854235649,-1.559634961017,0.218581691442174,0.163628464237053,0.0382435246738863,-0.0159601967087967,0.0230884074068341,-0.0138676307764091,1.93551158905029,0.452678233385086,1.01102662086487,0.009849139245178,0.0587248067109511,-0.069280596751109,0.348055362700941,0.0161984562873619,-0.0199854373931612,-0.0252886816982973,-0.0515839928466179,0.0061763314910145,0.322533023400383,0,0,0,1386.35,19.4835787
0.462834935260367,0.374747694970832,1.01299917697906,0.0244747549295425,-0.0647594854235649,-1.559634961017,0.265471153558995,0.236340308149301,-0.00111353257779844,-0.0111721376961577,0.0161618851847839,-0.0097073415434864,1.95484638214111,0.453252613544464,1.01015841960907,0.00900174641608352,0.0557792354836958,-0.0698588033343739,0.386695861816758,0.0114876031875715,-0.0173640251159826,-0.016947856581905,-0.0589114245451603,-0.0115641316653089,0.285113272726211,0,0,0,1386.4,19.5502895
0.471683973712333,0.382625705242475,1.01299917697906,0.0244747549295425,-0.0647594854235649,-1.559634961017,0.265471153558995,0.236340308149301,-0.00111353257779844,-0.00782049638731036,0.0113133196293487,-0.00679513908044048,1.97546660900116,0.453440248966217,1.0087970495224,0.00870790869285423,0.0552301028202791,-0.0708434507493031,0.412404537201303,0.00375270843506201,-0.0272274017334232,-0.00587675446459112,-0.0109826532683432,-0.0196929482986018,0.246289852670175,0,0,0,1386.45,19.617005
0.480531585067927,0.390505437123069,1.01311099529266,0.0211588628590107,-0.0580765418708324,-1.55926827324234,0.265428340667819,0.236391956417794,-0.00164947374127234,0.0243686811636694,-0.0522271682340481,-0.00805678732823216,1.99634385108948,0.45372998714447,1.00699853897095,0.00767638594271345,0.0540373273820784,-0.0696742819062883,0.417544841766737,0.00579476356506875,-0.0359702110290855,-0.0206304550028344,-0.0238555087640361,0.023383376860318,0.20683169677882,0,0,0,1386.5,19.6837554
0.489379196423521,0.398385169003662,1.01311099529266,0.0211588628590107,-0.0580765418708324,-1.55926827324234,0.265428340667819,0.236391956417794,-0.000643108918884641,0.0170580768145685,-0.0365590177638337,-0.00563975112976251,2.04151391983032,0.45339497923851,1.00312149524689,0.00203817700554037,0.0471672743045067,-0.0671594070097817,0.451700687407831,-0.00335007905959626,-0.0387704372405477,-0.0563820893716539,-0.0687005307756234,0.0251487489650311,0.167539281353671,0,0,0,1386.6,19.7504811
0.498226807779115,0.406264900884255,1.01311099529266,0.0211588628590107,-0.0580765418708324,-1.55926827324234,0.265428340667819,0.236391956417794,-0.000643108918884641,0.011940653770198,-0.0255913124346836,-0.00394782579083376,2.06551599502563,0.453334540128708,1.00101542472839,1.04370639507943e-06,0.0432111040003796,-0.0669385681851012,0.480041503906687,-0.00120878219604602,-0.0421214103699114,-0.0407426659829428,-0.0791234060826129,0.00441677649361551,0.129137623384062,0,0,0,1386.65,19.8171733
0.506497292069764,0.416636107797847,1.01435041427612,0.016373498365283,-0.0482761189341545,-1.56194690597855,0.248114528719479,0.311136207407752,-0.00535657363972789,0.0514267380826878,-0.10611772513438,0.0213442165722709,2.11518812179565,0.453524887561798,0.996189117431641,0.000244336941070083,0.030898692340881,-0.0668176528510239,0.496721267700647,0.00190347433090383,-0.0482630729675732,0.00243293234675224,-0.123124116595099,0.00120915334077389,0.0922651435693873,0,0,0,1386.75,19.883859
0.513275233004706,0.42910268425644,1.01435041427612,0.016373498365283,-0.0482761189341545,-1.56194690597855,0.203338228048248,0.373997293757793,0.005189177218868,0.0359987166578814,-0.0742824075940659,0.0149409516005896,2.14065861701965,0.453529715538025,0.993801891803741,0.00148382840846127,0.0281266629470193,-0.0660359642640527,0.509409904478127,9.65595245357815e-05,-0.0477445125578097,0.0247898293477336,-0.0554405878770326,0.0156337717393676,0.0574768072149364,0,0,0,1386.8,19.9505717
0.520053173939648,0.441569260715033,1.01435041427612,0.016373498365283,-0.0482761189341545,-1.56194690597855,0.203338228048248,0.373997293757793,0.005189177218868,0.025199101660517,-0.0519976853158461,0.0104586661204127,2.16664814949036,0.453860521316528,0.991381824016571,0.000726290264612424,0.0253603034488865,-0.0668854862281265,0.519790649414535,0.00661611557007438,-0.0484013557434522,-0.0151507628769907,-0.0553271899627046,-0.0169904392814923,0.0252739683696623,0,0,0,1386.85,20.0172637
0.526861845695826,0.45401333710401,1.01214110851288,0.0129705779254436,-0.0298920590430498,-1.56418184173905,0.204260152685359,0.373322291669323,0.0293692425327831,0.0482656551209162,-0.201854918741035,0.0274354881287713,2.21877670288086,0.454592168331146,0.986838400363922,0.00130655872994189,0.01598173832748,-0.0669210145442764,0.521285533905503,0.00731647014618585,-0.0454342365265306,0.00580268465329995,-0.0937856512141511,-0.000355283161499649,-0.00399814921279396,0,0,0,1386.95,20.0839865
0.536635239634292,0.465229635086784,1.01214110851288,0.0129705779254436,-0.0298920590430498,-1.56418184173905,0.293201818153967,0.336488939483221,0.00237265014169093,0.0337859585846413,-0.141298443118724,0.0192048416901399,2.24506306648254,0.455043405294418,0.984236359596252,0.00178212371796813,0.0114232262074867,-0.0667157554333401,0.52572727203417,0.0090247392654501,-0.0520408153534409,0.00951129976053342,-0.0911702423999477,0.00410518221873114,-0.0300638582999467,0,0,0,1387,20.1506981
0.546408633572757,0.476445933069558,1.01214110851288,0.0129705779254436,-0.0298920590430498,-1.56418184173905,0.293201818153967,0.336488939483221,0.00237265014169093,0.0236501710092489,-0.0989089101831069,0.013443389183098,2.27124929428101,0.455399930477142,0.98120129108429,0.00207422969498345,0.00878197723019396,-0.0678001639263493,0.523724555967333,0.00713050365445404,-0.060701370239037,0.00584211954028514,-0.0528249795456632,-0.0216881698601067,-0.052784365560405,0,0,0,1387.05,20.2173972
0.556186701675298,0.487655804962758,1.01714754104614,0.011990643106401,-0.0162083189934492,-1.56455854309403,0.293342043076238,0.33629615679598,-0.0396837359442337,0.0253745330778584,-0.19238989757458,0.0128006846229928,2.32263159751892,0.456555187702179,0.974796652793884,0.00165568931918576,0.00425433682537545,-0.0683051371345545,0.513823032379618,0.0115525722503767,-0.064046382904111,-0.00418540375798072,-0.0452764040482263,-0.00504973208205626,-0.0721393399176234,0,0,0,1387.15,20.2840972
0.56596476977784,0.498865676855957,1.01714754104614,0.011990643106401,-0.0162083189934492,-1.56455854309403,0.293342043076238,0.33629615679598,0.00537415685514376,0.0177621731545009,-0.134672928302206,0.00896047923609495,2.34800481796265,0.45751491189003,0.971458435058594,0.00100597429239748,0.000153614284599932,-0.0676127022722701,0.507464408874973,0.0191944837570365,-0.0667643547058713,-0.0129943005357774,-0.0820144508155849,0.0138486972457015,-0.0882101177458857,0,0,0,1387.2,20.3507917
0.575742837880381,0.510075548749156,1.01714754104614,0.011990643106401,-0.0162083189934492,-1.56455854309403,0.293342043076238,0.33629615679598,0.00537415685514376,0.0124335212081506,-0.0942710498115443,0.00627233546526646,2.37309193611145,0.458224028348923,0.968185365200043,-0.000126783058238246,-0.00164039785726268,-0.0689783981500264,0.501742362976531,0.0141823291778693,-0.06546139717108,-0.022655147012735,-0.0358802428372848,-0.0273139175551511,-0.101187870599634,0,0,0,1387.25,20.4175275
0.584394803188538,0.520567459305596,1.00803303718567,0.01329106092453,-0.00413031969219446,-1.56483916176163,0.259558959244718,0.314757316693187,0.101351029946721,-0.00300029551745614,-0.174691728579374,0.00691620283410938,2.39784455299377,0.459183275699615,0.964713156223297,0.00140231144192328,-0.00361235384604905,-0.0683122147808978,0.495052337644683,0.0191849470137852,-0.0694441795346595,0.0305818900031192,-0.0394391197755839,0.0133236673825222,-0.111328729359354,0,0,0,1387.3,20.4842407
0.594018413562497,0.524893884149792,1.00803303718567,0.01329106092453,-0.00413031969219446,-1.56483916176163,0.288708311218764,0.129792745325888,0.0156251397474863,-0.0021002068622193,-0.122284210005562,0.00484134198387656,2.4454517364502,0.46091765165329,0.957478284835815,0.00383206081672705,-0.00873311755461035,-0.0672273691879965,0.476071834564642,0.0173437595367589,-0.0723487138748827,0.0242974937480599,-0.0512076370856596,0.0108484559290231,-0.1189761460723,0,0,0,1387.4,20.5509152
0.603642023936456,0.529220308993988,1.00803303718567,0.01329106092453,-0.00413031969219446,-1.56483916176163,0.288708311218764,0.129792745325888,0.0156251397474863,-0.00147014480355351,-0.0855989470038931,0.00338893938871359,2.46891713142395,0.461908221244812,0.954234302043915,0.00437362531752757,-0.0102404922938887,-0.0688694708732877,0.469307899475524,0.0198113918304624,-0.0648796558380717,0.0108312900160201,-0.0301474947855948,-0.0328420337058545,-0.124534165958222,0,0,0,1387.45,20.6175893
0.613265347267101,0.533539964969637,1.0067822933197,0.0127747589722276,0.00685359025374055,-1.56467036140763,0.288699699919365,0.129589679269453,0.0277609533896087,0.00361761620823465,-0.15877445241614,0.000853054386064359,2.51311159133911,0.463639885187149,0.948079228401184,0.00717741961996524,-0.0102385132570346,-0.0680956377714148,0.441944599151008,0.0173166394233467,-0.0615507364272232,0.0280379430243385,1.97903685413948e-05,0.00773833101871928,-0.128438811926621,0,0,0,1387.55,20.6842817
0.622888670597747,0.537859620945285,1.0067822933197,0.0127747589722276,0.00685359025374055,-1.56467036140763,0.288699699919365,0.129589679269453,0.0165042585959075,0.00253233134576425,-0.111142116691298,0.000597138070245051,2.53387546539307,0.464648991823196,0.945909798145294,0.00644053846736759,-0.0108291721170467,-0.0681638486639497,0.415277481079479,0.0201821327209656,-0.0433886051178373,-0.0147376230519664,-0.0118131772002522,-0.00136421785069909,-0.131143032169989,0,0,0,1387.6,20.750976
0.632511993928392,0.542179276920934,1.0067822933197,0.0127747589722276,0.00685359025374055,-1.56467036140763,0.288699699919365,0.129589679269453,0.0165042585959075,0.00177263194203498,-0.0777994816839088,0.000417996649171536,2.55517816543579,0.465484738349915,0.944296836853027,0.00562022835720751,-0.0129348992343458,-0.069782626538508,0.42605400085488,0.016714930534378,-0.0322592258453663,-0.0164062022032165,-0.0421145423460218,-0.0323755574911963,-0.133102410940591,0,0,0,1387.65,20.8176732
0.641172377610781,0.542831246256263,0.972541868686676,0.0185581147670746,0.0115328058600426,-1.56489495170914,0.259811510471671,0.019559080059882,0.337800974210218,-0.0508093597941986,-0.0965725776354543,0.00231391036804312,2.57569241523743,0.466778039932251,0.941724061965942,0.00560480041631336,-0.0157591545902775,-0.0700831050833829,0.410284996033088,0.025866031646752,-0.051455497741746,-0.000308558817883282,-0.0564851071186845,-0.00600957089750378,-0.134756824042147,0,0,0,1387.7,20.8844045
0.649192821403413,0.547048214983923,0.972541868686676,0.0185581147670746,0.0115328058600426,-1.56489495170914,0.240613313778954,0.126509061829805,0.0122937856805991,-0.035566551855939,-0.067600804344818,0.00161973725763019,2.61347389221191,0.467422425746918,0.940629184246063,0.00378838850530492,-0.0143401182482511,-0.0691509327499617,0.377814769744358,0.00644385814665869,-0.0109487771987766,-0.0181641191100596,0.014190363420245,0.00932172333419986,-0.136511976685109,0,0,0,1387.8,20.9511199
0.657213265196045,0.551265183711584,0.972541868686676,0.0185581147670746,0.0115328058600426,-1.56489495170914,0.240613313778954,0.126509061829805,0.0122937856805991,-0.0248965862991573,-0.0473205630413726,0.00113381608034113,2.6316967010498,0.467826962471008,0.9398033618927,0.00336358757710467,-0.0135502422510964,-0.0698421985587729,0.364456176758144,0.00809073448181888,-0.0165164470672758,-0.00849601856401278,0.0157975199431064,-0.0138253161762376,-0.138729606545684,0,0,0,1387.85,21.0178541
0.665229644288275,0.555488308819654,0.96695601940155,0.0181257482618093,0.0150510985404253,-1.56387380493485,0.240491372766912,0.126693753242103,0.0628013765317239,-0.013536311862023,-0.0647890282524054,-0.00839664971238914,2.66656470298767,0.469017773866653,0.937656223773956,0.00470281621538055,-0.0138378177720751,-0.0709640389345808,0.348680019378979,0.0119081139564622,-0.0214713811874585,0.013392286382771,-0.00287575520978954,-0.0112184037580888,-0.141710317479904,0,0,0,1387.95,21.0845502
0.669082229023338,0.557101517888733,0.96695601940155,0.0181257482618093,0.0150510985404253,-1.56387380493485,0.115577542051869,0.0483962720723684,0.00919981007312345,-0.0094754183034161,-0.0453523197766838,-0.0058776547986724,2.68276643753052,0.469560205936432,0.936653614044189,0.00671745991643001,-0.0146526954957072,-0.0707773384891331,0.324034690857228,0.0108486413955787,-0.0200521945953552,0.0402928740210258,-0.0162975544726551,0.00373400890895665,-0.145693087605923,0,0,0,1388,21.1512706
0.6729348137584,0.558714726957811,0.96695601940155,0.0181257482618093,0.0150510985404253,-1.56387380493485,0.115577542051869,0.0483962720723684,0.00919981007312345,-0.00663279281239127,-0.0317466238436786,-0.00411435835907068,2.69875073432922,0.470330715179443,0.935790479183197,0.00591586376950618,-0.0152504835874968,-0.0714363520841803,0.319685935972958,0.0154101848601734,-0.0172626972197858,-0.0160319229384182,-0.0119557618357497,-0.0131802719008953,-0.150837911134833,0,0,0,1388.05,21.2179479
0.676787331663249,0.560329670441417,0.962412297725677,0.0177161637693644,0.012367520481348,-1.56373266113602,0.115575537145465,0.0484483045081763,0.0499706340653812,-0.00095669453666896,0.00192956584112032,-0.0041503450408026,2.72833824157715,0.471070259809494,0.934982597827911,0.00645836958861329,-0.0137461347914184,-0.0717615525433807,0.295875072479517,0.00739544630051332,-0.00807881355286379,0.00542505819107603,0.0150434879607982,-0.0032520045920068,-0.157243415381057,0,0,0,1388.15,21.2846825
0.680639849568098,0.561944613925023,0.962412297725677,0.0177161637693644,0.012367520481348,-1.56373266113602,0.115575537145465,0.0484483045081763,0.00907713898252594,-0.000669686175668272,0.00135069608878422,-0.00290524152856182,2.7424578666687,0.470991790294647,0.934998273849487,0.00710404994893592,-0.0173073174831326,-0.0727632497580183,0.282392501831312,-0.00156939029693746,0.00031352043151884,0.0129136072064642,-0.0712236538343492,-0.0200339442927704,-0.16492940507777,0,0,0,1388.2,21.3514693
0.684492367472947,0.563559557408629,0.962412297725677,0.0177161637693644,0.012367520481348,-1.56373266113602,0.115575537145465,0.0484483045081763,0.00907713898252594,-0.00046878032296779,0.000945487262148957,-0.00203366906999327,2.75598049163818,0.470919191837311,0.934935212135315,0.00780677043917373,-0.0206967034605695,-0.072381130909007,0.270452499389894,-0.00145196914672984,-0.00126123428344841,0.0140544098047691,-0.0677877195487997,0.0076423769802328,-0.17382619491864,0,0,0,1388.25,21.4181675
0.690299692331711,0.562421084167858,0.957993745803833,0.0195787232369184,0.0163163244724274,-1.56199911964737,0.174219745762941,-0.0341541972231306,0.0368007368515471,-0.0170911814340643,-0.0348773948362097,-0.0170254417468224,2.78033447265625,0.470745056867599,0.93416702747345,0.00499255256514022,-0.0195327061605033,-0.0732479840629396,0.243539810180332,-0.00174134969711066,-0.00768184661864186,-0.0281421787402967,0.0116399730006462,-0.00866853153931449,-0.183831711336122,0,0,0,1388.35,21.4848917
0.695489333735322,0.561861523830926,0.957993745803833,0.0195787232369184,0.0163163244724274,-1.56199911964737,0.155689242108321,-0.0167868101079587,-0.000677420947761775,-0.011963827003845,-0.0244141763853468,-0.0119178092227757,2.79141712188721,0.470474064350128,0.934069812297821,0.00281365374968609,-0.0177611190541087,-0.0742787629646162,0.221652984619342,-0.0054198503494312,-0.00194430351257501,-0.0435779763091223,0.0354317421279233,-0.0206155780335514,-0.194779537197712,0,0,0,1388.4,21.551657
0.700678975138933,0.561301963493994,0.957993745803833,0.0195787232369184,0.0163163244724274,-1.56199911964737,0.155689242108321,-0.0167868101079587,-0.000677420947761775,-0.0083746789026915,-0.0170899234697428,-0.00834246645594299,2.80217862129211,0.47004622220993,0.933964848518372,0.00163838789936003,-0.0185383776147815,-0.0735832958174454,0.21522998809834,-0.00855684280396286,-0.00209927558899117,-0.0235053170065426,-0.0155451712134698,0.0139093429434294,-0.206440960478459,0,0,0,1388.45,21.6183762
0.705869712824293,0.560753352154409,0.951743602752686,0.0181077495217323,0.0204054471105337,-1.55994585884415,0.155722130560816,-0.0164583401875719,0.0553617853129402,0.00737648820479102,-0.048765050171777,-0.024319073748164,2.82143211364746,0.469037503004074,0.933849215507507,-0.00158210626932024,-0.0196118823435977,-0.0749705819284997,0.192534923553204,-0.0100871920585495,-0.001156330108641,-0.0322049416867587,-0.0107350472881476,-0.0138728611105237,-0.218569601346173,0,0,0,1388.55,21.6850566
0.711060450509654,0.560204740814823,0.951743602752686,0.0181077495217323,0.0204054471105337,-1.55994585884415,0.155722130560816,-0.0164583401875719,-0.000889502147386974,0.00516354174335372,-0.0341355351202439,-0.0170233516237148,2.82996106147766,0.468435287475586,0.933703541755676,-0.00106643660756032,-0.0206835117410342,-0.0742801228934445,0.170578956604159,-0.0120443105697741,-0.00291347503662374,0.0103133932352078,-0.0214325879487495,0.0138091807011152,-0.230907094314253,0,0,0,1388.6,21.7517421
0.716251188195014,0.559656129475237,0.951743602752686,0.0181077495217323,0.0204054471105337,-1.55994585884415,0.155722130560816,-0.0164583401875719,-0.000889502147386974,0.0036144792203476,-0.0238948745841707,-0.0119163461366004,2.83755660057068,0.467804968357086,0.933602213859558,-0.000699656443742332,-0.0205195707056282,-0.0749723959536167,0.15191078186049,-0.0126063823700066,-0.00202655792236512,0.00733560327636635,0.00327882070812281,-0.0138454612034567,-0.243180701574926,0,0,0,1388.65,21.8184357
0.717898530529292,0.558328982219192,0.954164624214172,0.0144796306267381,0.0225191656500101,-1.55918649566971,0.0494202700283164,-0.0398144176813579,-0.0306657541600889,0.0351832055091917,-0.0357498790642071,-0.0151757108655665,2.8510594367981,0.466301500797272,0.93370532989502,-0.00174733967393658,-0.0255770179516966,-0.076230460409487,0.135028362274293,-0.0150346755981582,0.0010311603546152,-0.010476832301952,-0.0505744724607294,-0.0125806445587139,-0.255124153549035,0,0,0,1388.75,21.8851516
0.719545872863569,0.557001834963147,0.954164624214172,0.0144796306267381,0.0225191656500101,-1.55918649566971,0.0494202700283164,-0.0398144176813579,-0.00887656100670755,0.0246282438564342,-0.025024915344945,-0.0106229976058966,2.85637164115906,0.465476632118225,0.934166431427002,-0.00233931637267421,-0.0252439103514633,-0.0765666861346871,0.106244087218852,-0.0164973735808726,0.00922203063961489,-0.0118395339747096,0.00666215200464065,-0.00672451450397734,-0.266479792150336,0,0,0,1388.8,21.9518652
0.721193215197846,0.555674687707101,0.954164624214172,0.0144796306267381,0.0225191656500101,-1.55918649566971,0.0494202700283164,-0.0398144176813579,-0.00887656100670755,0.0172397706995039,-0.0175174407414615,-0.00743609832412761,2.86060476303101,0.464671969413757,0.935198068618774,-0.0043966852084138,-0.0250077142593154,-0.0761403463255073,0.0846624374390418,-0.0160932540893701,0.020632743835468,-0.0411473767148294,0.00472392184296309,0.00852679618360412,-0.277027985256506,0,0,0,1388.85,22.0186294
0.721807743251336,0.554826160953036,0.940665006637573,0.0151347871869802,0.0282771736383438,-1.55762270820938,0.0184358416047033,-0.0254558026219596,0.117847334136969,0.00617143044747315,-0.0640842804140263,-0.0192793559698337,2.86745810508728,0.462953329086304,0.93698912858963,-0.00614611598541363,-0.0333075581803438,-0.0773416220300037,0.0685334205628065,-0.0171864032745518,0.0179105997085734,-0.0174943077700142,-0.0829984392103599,-0.0120127570449756,-0.286557947851971,0,0,0,1388.95,22.0853413
0.722422271304826,0.553977634198971,0.940665006637573,0.0151347871869802,0.0282771736383438,-1.55762270820938,0.0184358416047033,-0.0254558026219596,-0.00364922405242267,0.0043200013132312,-0.0448589962898184,-0.0134955491788836,2.86943030357361,0.462130784988403,0.937402784824371,-0.00858325786346813,-0.0356711338661476,-0.0772441657331709,0.0394439697265984,-0.0164508819580228,0.00827312469483174,-0.0487428375611343,-0.0472715137161181,0.00194912593665841,-0.294921273101115,0,0,0,1389,22.1520405
0.723036799358316,0.553129107444906,0.940665006637573,0.0151347871869802,0.0282771736383438,-1.55762270820938,0.0184358416047033,-0.0254558026219596,-0.00364922405242267,0.00302400091926184,-0.0314012974028729,-0.00944688442521849,2.870201587677,0.461613863706589,0.937958359718323,-0.00933920523465165,-0.0361229047794157,-0.0773924571511992,0.015425682067815,-0.0103384256362539,0.0111114978789879,-0.0151189474236155,-0.00903541826532935,-0.00296582836055635,-0.302006563373314,0,0,0,1389.05,22.2187395
0.721120169003129,0.555009662942232,0.949784338474274,0.0103173675015569,0.0357508398592472,-1.55735305679642,-0.0574989106556252,0.0564166649197895,-0.0931704035474743,0.0454735778122937,-0.0892439041701416,-0.00903968181432775,2.86912035942078,0.460472136735916,0.938033938407898,-0.0106903698878163,-0.034448014692356,-0.078144257518375,-0.0108122825622657,-0.0114172697067365,0.000755786895752641,-0.0135116465316591,0.0167489008706125,-0.00751800367176401,-0.307743294152872,0,0,0,1389.15,22.2854342
0.719203538647941,0.556890218439558,0.949784338474274,0.0103173675015569,0.0357508398592472,-1.55735305679642,-0.0574989106556252,0.0564166649197895,-0.0110964170171703,0.0318315044686056,-0.0624707329190991,-0.00632777727002942,2.86698818206787,0.459701508283615,0.937785863876343,-0.0130339376026299,-0.034138102885283,-0.0781177834459408,-0.0426435470581443,-0.0154125690460345,-0.00496149063110803,-0.0468713542963145,0.0061982361414647,0.000529481448684681,-0.312103288598073,0,0,0,1389.2,22.3521276
0.717286908292754,0.558770773936885,0.949784338474274,0.0103173675015569,0.0357508398592472,-1.55735305679642,-0.0574989106556252,0.0564166649197895,-0.0110964170171703,0.0222820531280239,-0.0437295130433694,-0.0044294440890206,2.86396026611328,0.459364950656891,0.937332510948181,-0.0150155703548916,-0.0334423581787928,-0.0790980796054161,-0.060558319091852,-0.00673115253449099,-0.00906705856324067,-0.0396326550452691,0.0139148941298165,-0.0196059231895255,-0.315095726000354,0,0,0,1389.25,22.4188127
0.71383937361408,0.559579341364881,0.959256649017334,0.00803778786212206,0.0369166359305382,-1.55681589973771,-0.103426040360204,0.0242570228398841,-0.0959442342691167,0.0361136539445301,-0.0411028237719773,-0.0079350243907568,2.85511803627014,0.459804087877274,0.936512351036072,-0.0163312153610987,-0.0373966092493367,-0.078295459825023,-0.0884222984312759,0.00439137220382091,-0.00820159912108256,-0.0131564500620528,-0.0395425107053851,0.00802619780392007,-0.316763623712688,0,0,0,1389.35,22.4855453
0.710391838935407,0.560387908792877,0.959256649017334,0.00803778786212206,0.0369166359305382,-1.55681589973771,-0.103426040360204,0.0242570228398841,-0.010693439381574,0.025279557761171,-0.0287719766403841,-0.00555451707352976,2.84935688972473,0.460151076316833,0.936157464981079,-0.0158620822721378,-0.0389276094499174,-0.0789930756201416,-0.115222930908308,0.00693976879120504,-0.00709772109985997,0.00938266177922656,-0.0306200040116404,-0.0139523159023837,-0.317171347828878,0,0,0,1389.4,22.5522533
0.706944304256734,0.561196476220873,0.959256649017334,0.00803778786212206,0.0369166359305382,-1.55681589973771,-0.103426040360204,0.0242570228398841,-0.010693439381574,0.0176956904328197,-0.0201403836482689,-0.00388816195147083,2.8422269821167,0.460757464170456,0.936191380023956,-0.012168855748955,-0.0423434727488765,-0.0789713968299509,-0.142598152160774,0.0121277570724598,0.000678300857544562,0.0738645304637213,-0.0683172659792454,0.000433575803814429,-0.31640265037581,0,0,0,1389.45,22.6189945
0.70341229539948,0.558794887006281,0.956239640712738,0.00430523604154587,0.0425837785005569,-1.5570874584993,-0.105960265717592,-0.072047676437762,0.0148060431231846,0.0459799496881595,-0.0651025516839571,-0.000277684511659465,2.82571887969971,0.462997525930405,0.935640633106232,-0.00630803811592372,-0.0465032340759855,-0.0801260338050495,-0.165081024169697,0.0224006175994567,-0.00550746917723858,0.0586081763302333,-0.0415976132710333,-0.0115463697509704,-0.314549424379794,0,0,0,1389.55,22.6857039
0.699880286542227,0.556393297791689,0.956239640712738,0.00430523604154587,0.0425837785005569,-1.5570874584993,-0.105960265717592,-0.072047676437762,-0.012347031618179,0.0321859647817117,-0.04557178617877,-0.000194379158161625,2.81560206413269,0.464260697364807,0.935815334320068,-0.00207117436690944,-0.0523715448849568,-0.0808141052031135,-0.202336311340516,0.0252634286880723,0.00349402427673658,0.0847372749803626,-0.117366216179532,-0.0137614279612925,-0.311702088393373,0,0,0,1389.6,22.7523907
0.696348277684974,0.553991708577097,0.956239640712738,0.00430523604154587,0.0425837785005569,-1.5570874584993,-0.105960265717592,-0.072047676437762,-0.012347031618179,0.0225301753471982,-0.031900250325139,-0.000136065410713138,2.80449676513672,0.466019302606583,0.935264408588409,-0.00206826291177437,-0.0515706795339783,-0.0818860810062713,-0.222105979919636,0.0351721048355422,-0.0110185146331887,5.82291027015877e-05,0.0160173070195845,-0.0214395160631751,-0.307939647053645,0,0,0,1389.65,22.8190627
0.68427665144893,0.551206310395888,0.95885568857193,0.0128037352114916,0.0460058860480785,-1.55652717483841,-0.362148787081337,-0.0835619454362672,-0.0347805217532164,-0.0607153697864727,-0.0531291431552916,-0.00513779873549724,2.77958083152771,0.469771325588226,0.933845341205597,-0.00900437025613171,-0.0437268023774228,-0.0765653272125055,-0.249159336090314,0.0375202298164709,-0.0141906738281379,-0.0693610734436365,0.0784387715656264,0.0532075379377064,-0.303319376694577,0,0,0,1389.75,22.8857573
0.672205025212885,0.548420912214679,0.95885568857193,0.0128037352114916,0.0460058860480785,-1.55652717483841,-0.362148787081337,-0.0835619454362672,-0.0112360910204894,-0.0425007588505309,-0.0371904002087041,-0.00359645911484807,2.76531958580017,0.471936643123627,0.934409737586975,-0.0113177102447794,-0.0416133553639713,-0.0785781890437736,-0.285224914549744,0.0433063507078503,0.0112879276275224,-0.0462667997727858,0.0422689402688772,-0.0402572366252153,-0.297877710403838,0,0,0,1389.8,22.952433
0.660133398976841,0.54563551403347,0.95885568857193,0.0128037352114916,0.0460058860480785,-1.55652717483841,-0.362148787081337,-0.0835619454362672,-0.0112360910204894,-0.0297505311953716,-0.0260332801460929,-0.00251752138039365,2.75052285194397,0.474559813737869,0.934640824794769,-0.0137438665271578,-0.037828848096461,-0.0790978358351577,-0.295934677124293,0.0524634122848988,0.00462174415588799,-0.0485231256476113,0.0756901453502747,-0.0103929358276928,-0.291602295952176,0,0,0,1389.85,23.0192448
0.651138001234046,0.538034135984103,0.957511305809021,0.00537899602204561,0.0402431897819042,-1.55819205177628,-0.269861932283829,-0.228041341481016,-0.0201717085555477,0.0459972808682536,0.0336409702933038,0.0132216274745203,2.71849846839905,0.480598956346512,0.934847474098206,-0.00976681371711597,-0.0341296548584983,-0.0775133953162773,-0.32024383544951,0.0603914260864807,0.00206649303436467,0.0397705281004542,0.0369919323796602,0.0158444051888187,-0.284486344283632,0,0,0,1389.95,23.0859235
0.642142603491252,0.530432757934736,0.957511305809021,0.00537899602204561,0.0402431897819042,-1.55819205177628,-0.269861932283829,-0.228041341481016,-0.0322711534217281,0.0321980966077775,0.0235486792053127,0.00925513923216424,2.7019374370575,0.483922153711319,0.935749232769012,-0.00438559095977275,-0.0410391499389192,-0.0768255311610927,-0.331220626831356,0.066463947296203,0.0180351734161541,0.107624455146962,-0.138189901608544,0.0137572831037036,-0.276448530592886,0,0,0,1390,23.1526195
0.633147205748458,0.522831379885368,0.957511305809021,0.00537899602204561,0.0402431897819042,-1.55819205177628,-0.269861932283829,-0.228041341481016,-0.0322711534217281,0.0225386676254443,0.0164840754437189,0.00647859746251497,2.68394827842712,0.487490236759186,0.936636507511139,-0.0062985056709747,-0.0394690943264063,-0.0773232625238835,-0.359783172606113,0.0713616609570768,0.0177454948424647,-0.0382582942238998,0.0314011122501437,-0.00995462725577893,-0.267390621916186,0,0,0,1390.05,23.219304
0.6241491200913,0.513423516701832,0.935297906398773,0.0102252094075084,0.0374265499413013,-1.55979327095353,-0.269942569714737,-0.282235895506103,0.190568003633015,-0.0278388531313539,0.0368886113760291,0.0189459908189753,2.64619255065918,0.49538853764534,0.938832879066467,-0.00252501193104497,-0.0406643906540814,-0.0759795867359339,-0.377557277679787,0.0789830088616136,0.0219637155533037,0.0377349373993317,-0.0119529632767622,0.0134367578795078,-0.25717772027095,0,0,0,1390.15,23.2859983
0.615151034434142,0.504015653518295,0.935297906398773,0.0102252094075084,0.0374265499413013,-1.55979327095353,-0.269942569714737,-0.282235895506103,-0.00935259105921506,-0.0194871971919477,0.0258220279632204,0.0132621935732827,2.62616467475891,0.499435305595398,0.939784348011017,-0.00129692867915962,-0.0415854650583102,-0.0728094526602757,-0.400557518005735,0.0809353590012333,0.0190293788910085,0.0245616650377292,-0.018421488084592,0.0634026815132226,-0.245648807798146,0,0,0,1390.2,23.3527238
0.606152948776984,0.494607790334758,0.935297906398773,0.0102252094075084,0.0374265499413013,-1.55979327095353,-0.269942569714737,-0.282235895506103,-0.00935259105921506,-0.0136410380343634,0.0180754195742543,0.00928353550129791,2.60559320449829,0.5035080909729,0.940258741378784,-0.00343070100443485,-0.0373633533302794,-0.07463804496916,-0.411429405212777,0.0814557075501229,0.00948786735535531,-0.0426754465055434,0.0844422345606926,-0.0365718461777198,-0.232605838373872,0,0,0,1390.25,23.4195906
0.596732465611933,0.487322275211305,0.951560258865356,0.0127961356192827,0.0372427552938461,-1.56129411590897,-0.28261449495152,-0.218565453703604,-0.175591958519539,-0.0326870625300235,0.0143069455290749,0.0200060794499076,2.56192636489868,0.511962175369263,0.940304398536682,-0.00759745757373084,-0.037368039638603,-0.0760246876828922,-0.436668395995498,0.0845408439635077,0.000456571578978869,-0.041667565692903,-4.68630832355848e-05,-0.0138664271373027,-0.217923077723472,0,0,0,1390.35,23.4863182
0.586579526925858,0.47535983808662,0.951560258865356,0.0127961356192827,0.0372427552938461,-1.56129411590897,-0.304588160582257,-0.35887311374053,-0.0329845877075426,-0.0228809437710165,0.0100148618703524,0.0140042556149353,2.53959131240845,0.516325652599335,0.939914643764496,-0.00963924745458432,-0.039471522786663,-0.0759726191255709,-0.446701049805094,0.0872695446015198,-0.00779509544373268,-0.0408357976171069,-0.0420696629612389,0.00104137114642617,-0.201400839756497,0,0,0,1390.4,23.5530397
0.576426588239783,0.463397400961936,0.951560258865356,0.0127961356192827,0.0372427552938461,-1.56129411590897,-0.304588160582257,-0.35887311374053,-0.0329845877075426,-0.0160166606397115,0.00701040330924671,0.0098029789304547,2.51655197143555,0.520667016506195,0.93896347284317,-0.012075294596217,-0.0356451008289442,-0.0755689151447072,-0.460786819458427,0.086827278137286,-0.019023418426531,-0.048720942832698,0.0765284391544454,0.00807407961728081,-0.182891911225304,0,0,0,1390.45,23.6197151
0.566257300550612,0.451445293994221,0.975284039974213,0.012522523291409,0.0351735688745975,-1.56263808143937,-0.305078630675124,-0.358563209031458,-0.245924007982558,-0.0087491514969347,0.0235299600897099,0.0189577750248779,2.46875953674316,0.530579745769501,0.936969399452209,-0.00307649204039235,-0.0297286591728774,-0.0742460033746079,-0.477924346923176,0.0991272926329214,-0.0199407339095797,0.0899880255581238,0.0591644165605873,0.0132291177009758,-0.162237784151249,0,0,0,1390.55,23.6864425
0.556088012861441,0.439493187026505,0.975284039974213,0.012522523291409,0.0351735688745975,-1.56263808143937,-0.305078630675124,-0.358563209031458,-0.0324099780028518,-0.00612440604785429,0.0164709720627969,0.0132704425174145,2.44415259361267,0.535293400287628,0.93669730424881,-0.00147949826948675,-0.0299548026768156,-0.0713859622306431,-0.492138862610311,0.0942730903626346,-0.00544190406799811,0.031939875418141,-0.00452287007876787,0.0572008228793468,-0.139365596989173,0,0,0,1390.6,23.753158
0.54591872517227,0.42754108005879,0.975284039974213,0.012522523291409,0.0351735688745975,-1.56263808143937,-0.305078630675124,-0.358563209031458,-0.0324099780028518,-0.004287084233498,0.0115296804439579,0.00928930976219015,2.41934061050415,0.540541648864746,0.936699211597443,-0.00164994071842298,-0.029668319003894,-0.0712416797799797,-0.496239662170861,0.104964971542454,3.81469726562847e-05,-0.00340884897872774,0.00572967345843668,0.002885649013271,-0.114223312273008,0,0,0,1390.65,23.8198968
0.533676752374936,0.421710925775571,0.952624917030334,0.0137960752472281,0.0277348589152098,-1.56352166069352,-0.367259183920034,-0.174904628496566,0.181709431437175,-0.0144629265658208,0.0750191659452605,0.0144547301208866,2.36851072311401,0.550216734409332,0.936204969882965,-0.00531623381201028,-0.0241201943416634,-0.0733151227212875,-0.508298873901829,0.0967508554459498,-0.00494241714477989,-0.0366629309359063,0.0554812466223567,-0.0207344294130965,-0.0868484813827338,0,0,0,1390.75,23.8866161
0.521434779577602,0.415880771492352,0.952624917030334,0.0137960752472281,0.0277348589152098,-1.56352166069352,-0.367259183920034,-0.174904628496566,-0.0222226750577284,-0.0101240485960745,0.0525134161616824,0.0101183110846206,2.34266304969788,0.55553925037384,0.936424732208252,-0.00431481386624658,-0.0239981218079446,-0.0725821567298761,-0.516953468320873,0.106450319289774,0.00439524650572131,0.0200283989152012,0.002441450674368,0.0146593198281749,-0.0573350609335108,0,0,0,1390.8,23.9533121
0.509192806780267,0.410050617209133,0.952624917030334,0.0137960752472281,0.0277348589152098,-1.56352166069352,-0.367259183920034,-0.174904628496566,-0.0222226750577284,-0.00708683401725218,0.0367593913131777,0.00708281775923445,2.31692290306091,0.560896873474121,0.935837030410767,-0.00657203371218175,-0.0189116286132315,-0.0734110075400157,-0.514802932739726,0.107152462005713,-0.0117540359497177,-0.0451443969187446,0.101729863894353,-0.0165770162028082,-0.0258286418301607,0,0,0,1390.85,24.0200273
0.4986729165461,0.392791950845229,0.975192248821259,0.00818402692675591,0.0219240933656693,-1.56516055000626,-0.315596707025016,-0.517759990917146,-0.24839995687361,0.0455476510721736,0.078028463865089,0.0197079762461614,2.26492071151733,0.572292923927307,0.932930290699005,-0.00357685355290188,-0.00770016649511848,-0.0718659359597271,-0.520021915436264,0.113960504531964,-0.0290673971176412,0.0299518015928259,0.112114621181233,0.0154507158029004,0.00740048504601778,0,0,0,1390.95,24.0867006
0.488153026311933,0.375533284481324,0.975192248821259,0.00818402692675591,0.0219240933656693,-1.56516055000626,-0.315596707025016,-0.517759990917146,-0.0452939707552934,0.0318833557505215,0.0546199247055623,0.013795583372313,2.239093542099,0.578284025192261,0.931301772594452,-0.00125677911881576,-0.00477866081735985,-0.0709035025214985,-0.516543388367169,0.119822025299181,-0.0325703620910941,0.0464014886817647,0.0584301135552258,0.0192486687645899,0.0420602669846903,0,0,0,1391,24.1533832
0.477633136077766,0.358274618117419,0.975192248821259,0.00818402692675591,0.0219240933656693,-1.56516055000626,-0.315596707025016,-0.517759990917146,-0.0452939707552934,0.0223183490253651,0.0382339472938936,0.00965690836061907,2.21284079551697,0.58391535282135,0.929892957210541,-0.00177941847943761,0.002894237757076,-0.0708858546284711,-0.525054931638715,0.112626552581377,-0.0281763076781202,-0.0104527872123989,0.153457971488159,0.000352957860545837,0.0777610109941232,0,0,0,1391.05,24.2200721
0.471990108416572,0.34021002411396,0.959473073482513,0.0107289543375373,0.00639101164415479,-1.56553748977982,-0.169290829835804,-0.541937820103774,0.136462194801362,-0.0072815023792769,0.166561498599356,0.0101522938144695,2.1622142791748,0.595476448535919,0.927910208702087,0.00282064646976597,0.00664765056508174,-0.0697792818752829,-0.506265163422091,0.115610957145796,-0.0198274850845517,0.0460006494920776,0.0375341280800916,0.011065727531892,0.114055827390758,0,0,0,1391.15,24.2867804
0.466347080755379,0.322145430110501,0.959473073482513,0.0107289543375373,0.00639101164415479,-1.56553748977982,-0.169290829835804,-0.541937820103774,-0.00501038324734448,-0.00509705166549383,0.116593049019549,0.00710660567012864,2.1379554271698,0.601512670516968,0.927208662033081,0.00718466123400336,0.0079359590275677,-0.0711355969072436,-0.485177040100539,0.120724439621081,-0.0140309333801397,0.0872802952848272,0.0257661692497427,-0.0271263006392375,0.150432023288645,0,0,0,1391.2,24.3535036
0.460704053094185,0.304080836107042,0.959473073482513,0.0107289543375373,0.00639101164415479,-1.56553748977982,-0.169290829835804,-0.541937820103774,-0.00501038324734448,-0.00356793616584568,0.0816151343136843,0.00497462396909005,2.11376261711121,0.607035279273987,0.926772177219391,0.0105741045183906,0.0107048684569904,-0.0702967531456038,-0.483856201172315,0.110452175140481,-0.00872969627381165,0.0677888656878073,0.0553781885885034,0.0167768752328112,0.186321271769093,0,0,0,1391.25,24.4202154
0.456927820064442,0.295286284561001,0.955583333969116,0.0179912596940994,-0.00912830792367458,-1.56680158508622,-0.113286990892287,-0.263836546381216,0.0183823938461419,-0.0678583035251512,0.196804470130043,0.0148590945359314,2.06660103797913,0.617825746536255,0.925586760044098,0.00735950907401193,0.0186173733004418,-0.0692572398116352,-0.471615791320157,0.107904672622533,-0.0118541717529135,-0.0321459544437433,0.0791250484344065,0.0103951333396716,0.221126836093638,0,0,0,1391.35,24.4868867
0.4531515870347,0.286491733014961,0.955583333969116,0.0179912596940994,-0.00912830792367458,-1.56680158508622,-0.113286990892287,-0.263836546381216,-0.0166252617744331,-0.0475008124676059,0.13776312909103,0.010401366175152,2.04436230659485,0.62312525510788,0.925365328788757,0.00669299454663746,0.0225118589741699,-0.0695170984152645,-0.444774627685951,0.105990171432592,-0.00442862510681555,-0.0133302905475016,0.0778897134746321,-0.00519717207259047,0.254428224197782,0,0,0,1391.4,24.5538696
0.449375354004957,0.27769718146892,0.955583333969116,0.0179912596940994,-0.00912830792367458,-1.56680158508622,-0.113286990892287,-0.263836546381216,-0.0166252617744331,-0.0332505687273241,0.0964341903637213,0.00728095632260638,2.02263975143433,0.628170788288116,0.925579786300659,0.00638148186719549,0.0253664015389192,-0.0685826695490715,-0.434451103210844,0.100910663604828,0.00428915023804101,-0.00623025358884506,0.0570908512950384,0.0186885773238769,0.285434569688811,0,0,0,1391.45,24.6207821
0.445562625249211,0.270080027967614,0.94943505525589,0.0194795597344637,-0.0202537775039673,-1.56783322227799,-0.114381862672374,-0.228514605039173,0.0357919214606613,-0.0366700984724053,0.167633159477239,0.0143814041517766,1.98180103302002,0.637692809104919,0.926162898540497,0.00715917935160013,0.0309239549601134,-0.0696471877985835,-0.408387184142509,0.0952202081678999,0.00583112239836851,0.00777697484403581,0.0555755342118664,-0.010645182495106,0.313540773285019,0,0,0,1391.55,24.6875057
0.441749896493465,0.262462874466308,0.94943505525589,0.0194795597344637,-0.0202537775039673,-1.56783322227799,-0.114381862672374,-0.228514605039173,-0.0195425869583755,-0.0256690689306837,0.117343211634067,0.0100669829062436,1.96251082420349,0.642377138137817,0.926762998104095,0.00727256592694479,0.0348142433531527,-0.0691492201611756,-0.385804176330917,0.0936865806580442,0.0120019912719836,0.00226773150689514,0.0778057678608575,0.00995935274816801,0.33832207378445,0,0,0,1391.6,24.754231
0.437937167737719,0.254845720965003,0.94943505525589,0.0194795597344637,-0.0202537775039673,-1.56783322227799,-0.114381862672374,-0.228514605039173,-0.0195425869583755,-0.0179683482514786,0.0821402481438472,0.00704688803437054,1.94387769699097,0.646394193172455,0.927645802497864,0.00669857092205131,0.0452490390064666,-0.0692661912529322,-0.372662544250827,0.0803411006928221,0.0176560878753823,-0.0114799000978801,0.208695913066467,-0.00233942183513515,0.359311306382649,0,0,0,1391.65,24.8209102
0.433021384423371,0.249890192898391,0.942614734172821,0.0188979785889387,-0.0329583287239075,-1.56777480972611,-0.147473499430444,-0.148665841998342,0.0425941832595969,-0.00734361346631019,0.171839134680155,0.00440710865714043,1.91175413131714,0.655334174633026,0.929652810096741,0.00837304976446034,0.0414989619677968,-0.0687288668516232,-0.321235656738573,0.0893998146057942,0.0200700759887878,0.0167447884241056,-0.037500770386732,0.00537324401309494,0.376160697996343,0,0,0,1391.75,24.8876194
0.428105601109023,0.24493466483178,0.942614734172821,0.0188979785889387,-0.0329583287239075,-1.56777480972611,-0.147473499430444,-0.148665841998342,-0.0187887064880227,-0.00514052942641713,0.120287394276108,0.0030849760599983,1.89693689346313,0.659384667873383,0.931156873703003,0.00644701003738699,0.047581878586538,-0.0678690679561048,-0.296344757079,0.0810098648068342,0.0300812721251347,-0.038520794541327,0.121658332374381,0.0171959779103058,0.388575524804006,0,0,0,1391.8,24.9542918
0.423189817794675,0.239979136765168,0.942614734172821,0.0188979785889387,-0.0329583287239075,-1.56777480972611,-0.147473499430444,-0.148665841998342,-0.0187887064880227,-0.00359837059849199,0.0842011759932758,0.00215948324199881,1.88339066505432,0.663398563861847,0.933097064495087,0.0065353441991276,0.050404479883006,-0.0676745459260989,-0.270924568176516,0.0802779197693601,0.0388038158417101,0.0017666832348138,0.0564520259294131,0.00389044060012132,0.39639918202609,0,0,0,1391.85,25.0210269
0.421204534188172,0.237038406923647,0.935989856719971,0.0171474199742079,-0.0450993739068508,-1.56800202263199,-0.0595585081950717,-0.0882218952456532,0.0387564295142218,0.0132361681136331,0.168210229841783,0.00355655442235327,1.8606573343277,0.671289622783661,0.937148809432983,0.00785022847452059,0.0513615160204915,-0.0674242231677214,-0.227333307266442,0.0789105892182114,0.0405174493790041,0.0131488427539419,0.00957036137486367,0.00250322758377766,0.399560040188402,0,0,0,1391.95,25.0877465
0.41921925058167,0.234097677082125,0.935989856719971,0.0171474199742079,-0.0450993739068508,-1.56800202263199,-0.0595585081950717,-0.0882218952456532,-0.0208674675614313,0.00926531767954319,0.117747160889248,0.00248958809564729,1.85123527050018,0.675036251544952,0.939610362052917,0.00770518908527434,0.0514295878946461,-0.0681890130571783,-0.188441276550464,0.0749325752258982,0.0492310523987264,-0.00290078778492757,0.00136143748309335,-0.015295797789153,0.39812394248868,0,0,0,1392,25.1544465
0.417233966975168,0.231156947240603,0.935989856719971,0.0171474199742079,-0.0450993739068508,-1.56800202263199,-0.0595585081950717,-0.0882218952456532,-0.0208674675614313,0.00648572237568023,0.0824230126224737,0.0017427116669531,1.84283483028412,0.678744316101074,0.941979885101318,0.00639600282835265,0.0524240344859523,-0.0669831660756821,-0.168008804320678,0.0741612911221667,0.0473904609678452,-0.0261837251383386,0.0198889318260511,0.0241169396298365,0.392276680343351,0,0,0,1392.05,25.2211384
0.415550495274014,0.231225810397115,0.942465126514435,0.0187273975461721,-0.0490897409617901,-1.56850317848526,-0.0505041510345938,0.00206589469535899,-0.0955617523729244,-0.00967979248470222,0.093609412330185,0.00573030084631053,1.82975745201111,0.685575604438782,0.945705056190491,0.00749089932478424,0.0515554492392387,-0.0668904533163388,-0.130773782730221,0.0683128833771373,0.0372517108917575,0.0109489649643258,-0.0086858524671441,0.000927127593434312,0.382314775057302,0,0,0,1392.15,25.287855
0.413867023572861,0.231294673553627,0.942465126514435,0.0187273975461721,-0.0490897409617901,-1.56850317848526,-0.0505041510345938,0.00206589469535899,-0.0372843242227474,-0.00677585473929155,0.0655265886311295,0.00401121059241737,1.8251713514328,0.689073741436005,0.946949303150177,0.00741038978388531,0.051872394323035,-0.0673673853800834,-0.0917220115662455,0.0699627399445216,0.0248849391937482,-0.00161019081798007,0.0063389016759325,-0.00953864127490219,0.368648321482035,0,0,0,1392.2,25.3545847
0.412183551871708,0.231363536710139,0.942465126514435,0.0187273975461721,-0.0490897409617901,-1.56850317848526,-0.0505041510345938,0.00206589469535899,-0.0372843242227474,-0.00474309831750408,0.0458686120417907,0.00280784741469216,1.82212924957275,0.692598044872284,0.947422742843628,0.00750206105182002,0.05099190168814,-0.0679504423723655,-0.0608420372009831,0.07048606872565,0.00946879386902717,0.00183342535869592,-0.0176098526979159,-0.0116611398456524,0.351799204584188,0,0,0,1392.25,25.4212821
0.4126562192283,0.232387624143736,0.969298362731934,0.0187273975461721,-0.0490897409617901,-1.56850317848526,0.0141800206977442,0.0307226230079193,-0.277921464563379,-0.00332016882225286,0.0321080284292535,0.00196549319028451,1.81881403923035,0.699370801448822,0.947390258312225,0.00867527346840492,0.0512957411967496,-0.067083722574191,-0.033152103424027,0.0677275657652885,-0.000324845314025436,0.011732124165833,0.00303839508609122,0.0086671979817336,0.332366373797449,0,0,0,1392.35,25.4879488
0.413125518680861,0.233408824115099,0.969298362731934,0.0166459735482931,-0.0506865456700325,-1.56862834823929,0.0140789835768296,0.0306359991408822,-0.0364772560783529,0.0164086978053343,0.0368468622746592,0.00250237301945404,1.81923365592957,0.702348947525024,0.947423994541168,0.00846239501521382,0.0500898869259632,-0.067219351448428,0.00839233398438263,0.059562921524102,0.000674724578858036,-0.00425756906382582,-0.024117085415749,-0.0027125774847436,0.310979301843114,0,0,0,1392.4,25.5546888
0.413594818133422,0.234430024086462,0.969298362731934,0.0166459735482931,-0.0506865456700325,-1.56862834823929,0.0140789835768296,0.0306359991408822,-0.0364772560783529,0.011486088463734,0.0257928035922614,0.00175166111361783,1.82067370414734,0.705486118793488,0.947887599468231,0.00716804002951911,0.0496145871106278,-0.0663162418605821,0.0288009643554949,0.0627434253693198,0.0092720985412682,-0.0258870997139178,-0.00950599630671779,0.0180621917569349,0.288390856174982,0,0,0,1392.45,25.6213596
0.414852628572167,0.235985291002658,0.951863050460815,0.017372714355588,-0.0483816973865032,-1.56885222328507,0.037734313162362,0.0466580074858915,0.147901579146059,0.00149959465896018,-0.00268867203718054,0.00324103819151979,1.82715094089508,0.711843729019165,0.949913501739502,0.00592843145133658,0.0479281536499363,-0.0672630441860284,0.0647723674773286,0.0635761022566882,0.0202590227126799,-0.0123960857818084,-0.0168643346068921,-0.00946802325444972,0.265295985637968,0,0,0,1392.55,25.6880704
0.416110439010912,0.237540557918855,0.951863050460815,0.017372714355588,-0.0483816973865032,-1.56885222328507,0.037734313162362,0.0466580074858915,-0.00901623129400415,0.00104971626127212,-0.00188207042602638,0.00226872673406385,1.83181726932526,0.714773714542389,0.951153874397278,0.00768091121677886,0.0456712858480729,-0.0680735200349674,0.0933265686036005,0.0585997104645308,0.0248074531555401,0.0350495953088774,-0.0451373560373083,-0.0162095169787943,0.242450997417239,0,0,0,1392.6,25.7547455
0.417368249449658,0.239095824835051,0.951863050460815,0.017372714355588,-0.0483816973865032,-1.56885222328507,0.037734313162362,0.0466580074858915,-0.00901623129400415,0.000734801382890486,-0.00131744929821847,0.00158810871384469,1.83768284320831,0.717730402946472,0.952353477478027,0.00759999060872021,0.042412523994626,-0.0682486560488176,0.11731147766124,0.0591337680817188,0.0239920616150121,-0.00161841216117434,-0.0651752370689973,-0.00350272027700812,0.220535926294928,0,0,0,1392.65,25.8214617
0.420532593288124,0.241190717037925,0.95771461725235,0.0179832726716995,-0.0424914695322514,-1.56837371719681,0.0949303151539731,0.0628467660862072,-0.0785099839706091,-0.00498066387698074,-0.0539342651970197,-0.00319487869462024,1.85167145729065,0.723600506782532,0.954585492610931,0.00719494904576757,0.0383035853675126,-0.068147313264258,0.139886140823491,0.0587010383606491,0.0223201513290608,-0.0040504156295301,-0.0410893862711715,0.00101342784559722,0.200226276219092,0,0,0,1392.75,25.8881687
0.423696937126589,0.243285609240798,0.95771461725235,0.0179832726716995,-0.0424914695322514,-1.56837371719681,0.0949303151539731,0.0628467660862072,-0.0258458828467992,-0.00348646471388652,-0.0377539856379138,-0.00223641508623417,1.85990178585052,0.726445019245148,0.955439448356628,0.00798744678658158,0.0352401115756299,-0.0674264148050799,0.164606571196911,0.0568902492521124,0.0170791149138783,0.0158499548162225,-0.061269475837431,0.0144179691835092,0.182102990527945,0,0,0,1392.8,25.9548913
0.426861280965055,0.245380501443672,0.95771461725235,0.0179832726716995,-0.0424914695322514,-1.56837371719681,0.0949303151539731,0.0628467660862072,-0.0258458828467992,-0.00244052529972056,-0.0264277899465396,-0.00156549056036392,1.86878383159637,0.728999018669128,0.956330835819244,0.0100276386166991,0.0317873034508548,-0.0695822530650371,0.177640914917154,0.0510799884796607,0.0178277492523355,0.0408038366023877,-0.0690561624955655,-0.0431167651991838,0.166666585185475,0,0,0,1392.85,26.0216248
0.429727703051442,0.247175956536639,0.962461948394775,0.0172095820307732,-0.0326706245541573,-1.5689385308107,0.0859926625915952,0.0538636527890344,-0.0666072214455549,0.00525484805853286,-0.106887057765425,0.00398747913276967,1.88764035701752,0.733503580093384,0.958008050918579,0.0127490411562261,0.0295555593770446,-0.0715819664949755,0.188565254211597,0.0450456142425947,0.0167721509933624,0.0272140253952942,-0.0223174407381217,-0.0199971342994024,0.154309157441499,0,0,0,1392.95,26.0883658
0.432594125137828,0.248971411629607,0.962461948394775,0.0172095820307732,-0.0326706245541573,-1.5689385308107,0.0859926625915952,0.0538636527890344,-0.023881241163725,0.003678393640973,-0.0748209404357973,0.00279123539293877,1.8977609872818,0.735575258731842,0.958681404590607,0.010795861543551,0.0292345668412285,-0.0723220582225758,0.202412605285829,0.0414335727692027,0.013467073440564,-0.0390635922535368,-0.00641985071632796,-0.014801834552018,0.145304405736724,0,0,0,1393,26.1550765
0.435460547224215,0.250766866722575,0.962461948394775,0.0172095820307732,-0.0326706245541573,-1.5689385308107,0.0859926625915952,0.0538636527890344,-0.023881241163725,0.0025748755486811,-0.0523746583050581,0.00195386477505714,1.90865731239319,0.737160086631775,0.958671450614929,0.0055137222170118,0.0299383519713131,-0.0724637336039032,0.21792650222699,0.0316965579985419,-0.00019907951354908,-0.1056427865304,0.0140757026016412,-0.00283350762653841,0.139781724107084,0,0,0,1393.05,26.2218062
0.43907271070726,0.253369442875107,0.972643971443176,0.0193123854696751,-0.0276949051767588,-1.56416920555436,0.108364904491366,0.0780772845759454,-0.110243679776837,-0.0171228180660403,-0.0814437352101271,-0.0415562219645889,1.93135952949524,0.740658938884735,0.95810878276825,0.00106105722288335,0.032598724184921,-0.0722310358749038,0.227022171020714,0.0349885225296339,-0.00562667846680199,-0.044526649941325,0.0266037221361032,0.00232697728999646,0.137745017090969,0,0,0,1393.15,26.2883953
0.442684874190306,0.255972019027638,0.972643971443176,0.0193123854696751,-0.0276949051767588,-1.56416920555436,0.108364904491366,0.0780772845759454,-0.0186054723412294,-0.0119859726462282,-0.0570106146470889,-0.0290893553752122,1.94368016719818,0.742451846599579,0.958149671554565,0.000783101938446915,0.0299232349231393,-0.0732098321666596,0.246412754059062,0.0358581542969076,0.000817775726319103,-0.00555910568873373,-0.0535097852356823,-0.0195759258351347,0.139052435127515,0,0,0,1393.2,26.3552098
0.446297037673351,0.25857459518017,0.972643971443176,0.0193123854696751,-0.0276949051767588,-1.56416920555436,0.108364904491366,0.0780772845759454,-0.0186054723412294,-0.00839018085235977,-0.0399074302529623,-0.0203625487626486,1.95624220371246,0.744037866592407,0.958096563816071,0.00151940735808083,0.0269925996024132,-0.0733153603738428,0.251240730285873,0.0317203998565962,-0.00106215476989843,0.0147261083926916,-0.0586127064145754,-0.00211056414366609,0.14343279368408,0,0,0,1393.25,26.4218825
0.451209798986829,0.260568023060965,0.969040811061859,0.0193123854696751,-0.0276949051767588,-1.56416920555436,0.147382839404342,0.0598028364238495,0.0273946035166651,-0.00587312659665184,-0.0279352011770736,-0.014253784133854,1.98300516605377,0.747855484485626,0.958187937736511,0.000289678960906852,0.0279908443151853,-0.0739321628947485,0.267629623412721,0.0381761789321379,0.000913739204405492,-0.012297283971723,0.00998244712770673,-0.00616802520904866,0.150519045478679,0,0,0,1393.35,26.4887824
0.456119298151715,0.262565273522849,0.969040811061859,0.0119175286963582,-0.0258420780301094,-1.5632868183931,0.147284974946582,0.0599175138565426,-0.0057221152720669,0.0624425223421955,-0.0362300851437958,-0.0179191333449917,1.99715483188629,0.749635577201843,0.958323419094086,0.00116333651504397,0.0290432496266904,-0.0753774020425583,0.282993316650648,0.0356018543243732,0.00270962715149172,0.0174731510827582,0.0210481062301208,-0.0289047829562222,0.159774460398321,0,0,0,1393.4,26.5555797
0.461028797316601,0.264562523984734,0.969040811061859,0.0119175286963582,-0.0258420780301094,-1.5632868183931,0.147284974946582,0.0599175138565426,-0.0057221152720669,0.0437097656395368,-0.025361059600657,-0.0125433933414942,2.01168274879456,0.751555263996124,0.958242654800415,0.00244910611046406,0.0287215939586624,-0.0739514484181069,0.290558338165547,0.038393735885655,-0.00161528587341456,0.0257153919084253,-0.00643311336056408,0.0285190724890553,0.170585739555043,0,0,0,1393.45,26.6222723
0.468279901838744,0.266115059936848,0.970061719417572,0.0117985997349024,-0.0262622199952602,-1.56221083534562,0.217533135664272,0.0465760785634042,-0.017224916041229,0.0316671966007782,-0.0139714640341024,-0.0184642227664141,2.04184746742249,0.754963457584381,0.957699775695801,0.00520295763680203,0.0293178695276379,-0.0741738856370052,0.301647186278885,0.0340819358825219,-0.00542879104613517,0.0275385152633421,0.00596275568974682,-0.00222437218898046,0.182214242067172,0,0,0,1393.55,26.6885425
0.475531006360886,0.267667595888961,0.970061719417572,0.0117985997349024,-0.0262622199952602,-1.56221083534562,0.217533135664272,0.0465760785634042,-0.00803674083981297,0.0221670376205447,-0.00978002482387169,-0.0129249559364899,2.05777168273926,0.756734013557434,0.957081139087677,0.00473701291870033,0.0282834586902806,-0.0742618680357198,0.318484306335739,0.0354111194610918,-0.0123727321624868,-0.00931889436204258,-0.020688216747165,-0.00175964797429422,0.194186536499583,0,0,0,1393.6,26.7558181
0.482782110883029,0.269220131841075,0.970061719417572,0.0117985997349024,-0.0262622199952602,-1.56221083534562,0.217533135664272,0.0465760785634042,-0.00803674083981297,0.0155169263343813,-0.00684601737671018,-0.00904746915554292,2.07412910461426,0.758263111114502,0.95612359046936,0.00475913604079007,0.0287921590753056,-0.0744350863526827,0.327148437500298,0.0305819511413852,-0.0191509723663504,0.000442462441795272,0.0101740077005078,-0.00346436633926121,0.205461622755021,0,0,0,1393.65,26.8225043
0.491100176779635,0.273154796646801,0.993830382823944,0.0117985997349024,-0.0262622199952602,-1.56221083534562,0.249541976898179,0.11803994417178,-0.233824026870658,0.0108618484340669,-0.00479221216369713,-0.00633322840888004,2.10803318023682,0.761119842529297,0.952268362045288,0.00592175875843872,0.0295958847856485,-0.0749632180858276,0.339040756225894,0.0285673141479752,-0.0385522842407577,0.0116262271764971,0.00803725710343656,-0.00528131733145387,0.215384103068906,0,0,0,1393.75,26.889157
0.499423471686792,0.277088938864483,0.993830382823944,0.0166795291006565,-0.0252194534987211,-1.56251982582413,0.249698847214727,0.11802426653048,-0.0189654859490071,-0.0363250703879403,-0.01273944698344,-0.0016523455795754,2.12556481361389,0.762506246566772,0.949961245059967,0.00533061320173714,0.0287803806281203,-0.0753191096876535,0.350632667540228,0.0277280807494108,-0.046142339706253,-0.0118229111339886,-0.0163100831505034,-0.00711783203649194,0.223234397254929,0,0,0,1393.8,26.9558616
0.50774676659395,0.281023081082166,0.993830382823944,0.0166795291006565,-0.0252194534987211,-1.56251982582413,0.249698847214727,0.11802426653048,-0.0189654859490071,-0.0254275492715582,-0.00891761288840802,-0.00115664190570278,2.14341521263123,0.763742864131927,0.947973191738129,0.00650346035152097,0.0313559445604163,-0.0731120323119003,0.357007980347004,0.0247323513031231,-0.0397610664368037,0.0234569429956978,0.051511278645966,0.0441415475151049,0.228322853217881,0,0,0,1393.85,27.0225938
0.514953809353702,0.285093136294549,0.988200187683105,0.0157377533614635,-0.0294989496469498,-1.56296614540421,0.216211282792562,0.122101656371501,0.0521523062428322,-0.00932330283735409,0.0322731363121722,0.00320722688671118,2.18137359619141,0.76649409532547,0.94367527961731,0.00806314843161563,0.0327077378996503,-0.0744788037790452,0.379583835602152,0.0275123119354498,-0.04297912120823,0.0155968808009608,0.0135179333923519,-0.0136677146714617,0.230035345699803,0,0,0,1393.95,27.089278
0.522160852113454,0.289163191506933,0.988200187683105,0.0157377533614635,-0.0294989496469498,-1.56296614540421,0.216211282792562,0.122101656371501,0.00148054997528456,-0.00652631198614786,0.0225911954185205,0.00224505882069783,2.20108723640442,0.767614126205444,0.941717326641083,0.00777152370786985,0.0320640235867109,-0.0754635725553508,0.394272804260613,0.0224006175995077,-0.0391590595245718,-0.00583249447492077,-0.0128742862588,-0.0196953755261291,0.227858306428775,0,0,0,1394,27.1560092
0.529367894873206,0.293233246719316,0.988200187683105,0.0157377533614635,-0.0294989496469498,-1.56296614540421,0.216211282792562,0.122101656371501,0.00148054997528456,-0.0045684183903035,0.0158138367929644,0.00157154117448848,2.22135925292969,0.768652319908142,0.939204752445221,0.00711387939406253,0.0337071018092643,-0.0745118984782123,0.405440330503896,0.0207638740538795,-0.0502514839170535,-0.0131528862760986,0.0328615644509494,0.0190334815426997,0.22139234467517,0,0,0,1394.05,27.2226831
0.536575924232346,0.297301555592559,0.993232786655426,0.0175973661243916,-0.0328678302466869,-1.56329921615921,0.216240880774211,0.122049266197296,-0.0438142648840258,-0.0199344077395645,0.0413896111527096,0.00409771561718588,2.263258934021,0.770703852176666,0.933854520320892,0.00501665956747468,0.0387064493573316,-0.0727401035514594,0.418996810913467,0.0205153226852604,-0.0535023212433348,-0.0209721982658976,0.0499934754807182,0.0177179492675456,0.210544181534106,0,0,0,1394.15,27.288435
0.543783953591487,0.301369864465802,0.993232786655426,0.0175973661243916,-0.0328678302466869,-1.56329921615921,0.216240880774211,0.122049266197296,0.00147912586685922,-0.0139540854176952,0.0289727278068967,0.00286840093203012,2.28532099723816,0.771688461303711,0.931464910507202,0.00476638961632846,0.0374797203034034,-0.0722850644564797,0.441241264343663,0.0196921825409115,-0.0477921962738472,-0.00500539902292883,-0.0245345810785852,0.00910078189960301,0.194552267134246,0,0,0,1394.2,27.3562734
0.550991982950627,0.305438173339045,0.993232786655426,0.0175973661243916,-0.0328678302466869,-1.56329921615921,0.216240880774211,0.122049266197296,0.00147912586685922,-0.00976785979238662,0.0202809094648277,0.00200788065242108,2.30777382850647,0.772455036640167,0.929699897766113,0.00772849012266017,0.034638938875642,-0.072440043469404,0.449056625366619,0.0153315067291399,-0.0353002548218095,0.059242010126688,-0.0568156285552793,-0.00309958025848938,0.174071884072092,0,0,0,1394.25,27.4229816
0.556215662616904,0.31152745021455,0.993232786655426,0.0175973661243916,-0.0328678302466869,-1.56329921615921,0.156710389988318,0.182678306265144,0.00798955320223956,-0.00683750185467063,0.0141966366253794,0.00140551645669476,2.35404324531555,0.773867189884186,0.926184296607971,0.00709899209512633,0.0339871333967694,-0.0708197959449087,0.462694168090189,0.0141215324401663,-0.0351560115813729,-0.00629498027532977,-0.00651805478871717,0.0162024752449305,0.149008959181089,0,0,0,1394.35,27.4897109
0.561451070412456,0.317607225173206,0.970174372196198,0.0171923581510782,-0.0340627431869507,-1.56518868339859,0.157062233866559,0.182393248759673,0.215318675098694,-0.00114117953844946,0.0206918621001393,0.0179890666741053,2.37798976898193,0.774615466594696,0.924812316894531,0.00929321562808715,0.029023250547978,-0.0690885046345226,0.478930473328072,0.0149655342102187,-0.0274395942688238,0.0438844706592564,-0.0992776569759187,0.0346258262077532,0.11966286858139,0,0,0,1394.4,27.5564085
0.566686478208008,0.323687000131862,0.970174372196198,0.0171923581510782,-0.0340627431869507,-1.56518868339859,0.157062233866559,0.182393248759673,0.00779294496563782,-0.00079882567691462,0.0144843034700975,0.0125923466718737,2.40225601196289,0.775396764278412,0.923799157142639,0.0062805533596641,0.0293807202780962,-0.0699051850594677,0.485324859619582,0.0156259536743306,-0.0202631950378602,-0.060253245368516,0.00714939460236921,-0.016333608498917,0.0864254867299165,0,0,0,1394.45,27.6231148
0.570103524008291,0.329182803045896,0.964633285999298,0.017316373065114,-0.0280998609960079,-1.56727627647721,0.1025113740085,0.164874087421023,0.0435977709051303,-0.00167531220016241,-0.0435269272894166,0.0276029803778311,2.4518768787384,0.776601672172546,0.922243356704712,0.00739335745899552,0.0283483588281669,-0.0715583348326516,0.49620866775445,0.0120490789413288,-0.0155580043792512,0.0111280409932991,-0.0103236144992785,-0.0165314977318162,0.0500189234347453,0,0,0,1394.55,27.6894796
0.573520569808575,0.33467860595993,0.964633285999298,0.017316373065114,-0.0280998609960079,-1.56727627647721,0.1025113740085,0.164874087421023,-0.00627200486696445,-0.00117271854011369,-0.0304688491025916,0.0193220862644818,2.47717976570129,0.777519404888153,0.921651244163513,0.00585976861381508,0.0286519963518928,-0.0700667262196086,0.506057739258273,0.0183546543121505,-0.0118422508239854,-0.0306717769036367,0.00607275047452405,0.0298321722608865,0.0102190322259918,0,0,0,1394.6,27.7569602
0.576937615608858,0.340174408873964,0.964633285999298,0.017316373065114,-0.0280998609960079,-1.56727627647721,0.1025113740085,0.164874087421023,-0.00627200486696445,-0.00082090297807958,-0.0213281943718141,0.0135254603851372,2.5033586025238,0.778450429439545,0.921415507793427,0.00734067502177462,0.0234008340402051,-0.0695111846391675,0.523576736450671,0.018620491027849,-0.00471472740173769,0.0296181281592176,-0.10502324623385,0.0111108316088328,-0.0311858559279986,0,0,0,1394.65,27.8236896
0.576635973010514,0.349670547759173,0.956719875335693,0.0197876133024693,-0.0216838736087084,-1.56866005791031,-0.00904927795032234,0.284884166556262,0.0579284025891313,-0.0228157942208528,-0.0726736225459658,0.0219218551675453,2.55457615852356,0.780128121376038,0.922191083431244,0.00322367579106957,0.0150711895352745,-0.0683739694674633,0.512175559998024,0.0167769193649445,0.00775575637818088,-0.0411699923070879,-0.0832964450493819,0.0113721517170528,-0.0738271464460588,0,0,0,1394.75,27.8903653
0.57633433041217,0.359166686644382,0.956719875335693,0.0197876133024693,-0.0216838736087084,-1.56866005791031,-0.00904927795032234,0.284884166556262,-0.0132922933833114,-0.015971055954597,-0.050871535782176,0.0153452986172817,2.58080220222473,0.781308472156525,0.923287630081177,0.00159210296097619,0.011112290003409,-0.0689864698954504,0.524520874021529,0.0236070156096553,0.0219309329985774,-0.0326314566017487,-0.0791779906370211,-0.0122500085596984,-0.11703047516444,0,0,0,1394.8,27.957178
0.576032687813826,0.36866282552959,0.956719875335693,0.0197876133024693,-0.0216838736087084,-1.56866005791031,-0.00904927795032234,0.284884166556262,-0.0132922933833114,-0.0111797391682179,-0.0356100750475232,0.0107417090320972,2.60617327690125,0.782653212547302,0.924688994884491,0.000595259842249807,0.00732442062604181,-0.0684006864219119,0.507421493530735,0.0268948078155762,0.0280272960663097,-0.0199368623745458,-0.0757573875474127,0.0117156694707813,-0.159846815194967,0,0,0,1394.85,28.0239092
0.576457795366825,0.373497098229588,0.952473402023315,0.0114914355799556,-0.00623665610328317,-1.56862810982071,0.0127532265899751,0.145028180999936,0.0112785735409301,0.0668397820848706,-0.163952010082093,0.00723166351607155,2.6569709777832,0.785775065422058,0.927394866943359,-0.0010171089672568,0.00413006919703498,-0.0695003337183316,0.507977008820042,0.031218528747587,0.0270587205887087,-0.0161236880950807,-0.0319435142900974,-0.0109964729642069,-0.201605556207094,0,0,0,1394.95,28.0907556
0.576882902919824,0.378331370929586,0.952473402023315,0.0114914355799556,-0.00623665610328317,-1.56862810982071,0.0127532265899751,0.145028180999936,-0.0269396862704713,0.0467878474594094,-0.114766407057465,0.00506216446125008,2.68227458000183,0.787580132484436,0.928570866584778,-0.001282989798554,0.000349721751542322,-0.0703927037497391,0.506072044373019,0.0361013412475914,0.0235199928283905,-0.00531761662594885,-0.0756069489099219,-0.0178474006281677,-0.2414537343971,0,0,0,1395,28.1575705
0.577308010472823,0.383165643629584,0.952473402023315,0.0114914355799556,-0.00623665610328317,-1.56862810982071,0.0127532265899751,0.145028180999936,-0.0269396862704713,0.0327514932215866,-0.0803364849402257,0.00354351512287506,2.70664644241333,0.789699256420135,0.929774761199951,0.000182944588787911,-0.00523067254124824,-0.0710209087660716,0.487437248228207,0.0423824787138351,0.0240778923033792,0.0293186877467315,-0.111607885855405,-0.0125641003266029,-0.27865792049294,0,0,0,1395.05,28.2242855
0.579309461651908,0.384766481931814,0.960112452507019,0.0109057789668441,0.00672892620787024,-1.56668475998246,0.0600435353725421,0.0480251490668951,-0.0997635791150808,0.0281969547731141,-0.172925780258539,-0.015009687958299,2.754310131073,0.794086873531342,0.931565642356873,0.0025579063883013,-0.013654289568421,-0.0720361067377387,0.476636886597113,0.0438761711121005,0.0179088115692302,0.0237496179951555,-0.0842361702718042,-0.01015197971668,-0.312645373047365,0,0,0,1395.15,28.2909691
0.581310912830993,0.386367320234044,0.960112452507019,0.0109057789668441,0.00672892620787024,-1.56668475998246,0.0600435353725421,0.0480251490668951,-0.0310121247617482,0.0197378683411798,-0.121048046180977,-0.0105067815708093,2.77720618247986,0.796203553676605,0.932201504707336,0.00114307530096842,-0.0196876375064275,-0.0737048993624747,0.457921028137624,0.0423336029053119,0.0127172470092889,-0.0282966217466835,-0.120666958760239,-0.033375852494752,-0.342921060047713,0,0,0,1395.2,28.3576779
0.583312364010078,0.387968158536273,0.960112452507019,0.0109057789668441,0.00672892620787024,-1.56668475998246,0.0600435353725421,0.0480251490668951,-0.0310121247617482,0.0138165078388259,-0.0847336323266839,-0.0073547470995665,2.79912900924683,0.798343122005463,0.932805240154266,0.000422874408436363,-0.0250489237333543,-0.0733414224530769,0.438456535339754,0.0427913665771874,0.0120747089386096,-0.0144040178506542,-0.107225724538634,0.00726953818796278,-0.369063608267466,0,0,0,1395.25,28.4244143
0.595365390524107,0.393183815651338,0.960112452507019,0.0109057789668441,0.00672892620787024,-1.56668475998246,0.361590795420884,0.156469713451949,-0.0238022253037486,0.00967155548717812,-0.0593135426286788,-0.00514832296969655,2.84036445617676,0.803192436695099,0.932978451251984,0.00257370074521755,-0.0375592930712574,-0.0735705895910062,0.412354469298754,0.0484931468962961,0.00173211097717049,0.0215082633677825,-0.12510369337886,-0.00229167137928983,-0.390751940030203,0,0,0,1395.35,28.4911335
0.607409011049477,0.398446385259401,0.965916574001312,0.0141983423382044,0.0229312907904387,-1.56418494118058,0.361308615761092,0.157877088241866,-0.0734437425217361,-0.022862981501218,-0.187340761083191,-0.0261021952957065,2.85926175117493,0.805290043354034,0.932791292667389,0.00247138544991138,-0.0420813093401615,-0.0754479972336526,0.377945899963723,0.0419521331787491,-0.00374317169189794,-0.00204630590612521,-0.0904403253781645,-0.037548152852962,-0.407800603966185,0,0,0,1395.4,28.5578058
0.619452631574847,0.403708954867463,0.965916574001312,0.0141983423382044,0.0229312907904387,-1.56418494118058,0.361308615761092,0.157877088241866,-0.0212066490730972,-0.0160040870508526,-0.131138532758234,-0.0182715367069946,2.87678360939026,0.807426631450653,0.932213127613068,0.00246103040482579,-0.0410160070699855,-0.0746876025345276,0.350437164306959,0.0427317619324119,-0.0115633010864363,-0.00020710090171202,0.0213060454035397,0.0152078939825145,-0.42017920467178,0,0,0,1395.45,28.6245743
0.622908322021116,0.405241914194799,0.970542907714844,0.0173927638679743,0.0426071994006634,-1.56297949684464,0.103670713388093,0.0459887798200924,-0.0627115571494963,-0.0399526547035259,-0.268880150422786,-0.0236390747183337,2.90851521492004,0.811413526535034,0.93102240562439,-0.00033945216290489,-0.0498828253291805,-0.0769256679914018,0.317316055297419,0.0398689508437566,-0.0119072198867635,-0.0280048256772686,-0.0886681825918296,-0.022380654568712,-0.427909451405272,0,0,0,1395.55,28.6912732
0.626364012467386,0.406774873522136,0.970542907714844,0.0173927638679743,0.0426071994006634,-1.56297949684464,0.103670713388093,0.0459887798200924,-0.0210745537277129,-0.0279668582924681,-0.18821610529595,-0.0165473523028336,2.92212581634521,0.813628792762756,0.929868102073669,-0.00245259501906746,-0.0508537568489536,-0.0745390196894689,0.272212028503666,0.0443053245544837,-0.0230860710144253,-0.0422628571232898,-0.0194186303954783,0.0477329660387017,-0.431171585473751,0,0,0,1395.6,28.7579718
0.629819702913656,0.408307832849472,0.970542907714844,0.0173927638679743,0.0426071994006634,-1.56297949684464,0.103670713388093,0.0459887798200924,-0.0210745537277129,-0.0195768008047277,-0.131751273707165,-0.0115831466119835,2.9342188835144,0.815319180488586,0.92911559343338,-0.00410623553162517,-0.0514623938623097,-0.0759240451126017,0.241861343384009,0.0338077545166323,-0.0150501728057998,-0.0330728102511844,-0.0121727402671333,-0.0277005084626816,-0.430229468023081,0,0,0,1395.65,28.8246708
0.631858656760554,0.409412855100108,0.977426469326019,0.0173927638679743,0.0426071994006634,-1.56297949684464,0.0611686154069538,0.033150667519069,-0.0887660161950001,-0.0137037605633094,-0.0922258915950156,-0.00810820262838846,2.95386338233948,0.820328593254089,0.927165687084198,-0.00376658648716144,-0.0527510641388112,-0.0734789383609398,0.196444988250911,0.0500941276550749,-0.019499063491839,0.00339649044464039,-0.0128867027650269,0.0244510675166417,-0.425431639923308,0,0,0,1395.75,28.891376
0.633888522049577,0.410532290924048,0.977426469326019,0.0117065059021115,0.0514516420662403,-1.56168679130875,0.0608959586706957,0.0335830747182133,-0.0268543678919738,0.0415836892984482,-0.144158108106703,-0.01731009166287,2.96181130409241,0.822672307491302,0.926294207572937,-0.00239832299522078,-0.053010620859128,-0.0732687560973903,0.158958435058015,0.0468742847440922,-0.0174295902251563,0.0273652698387138,-0.00519113440631698,0.00420364527097453,-0.417196749071393,0,0,0,1395.8,28.9580812
0.635918387338601,0.411651726747989,0.977426469326019,0.0117065059021115,0.0514516420662403,-1.56168679130875,0.0608959586706957,0.0335830747182133,-0.0268543678919738,0.0291085825089137,-0.100910675674692,-0.012117064164009,2.96810936927795,0.825462937355042,0.926157474517822,-0.00165983098424469,-0.0540282794946207,-0.0727897248888583,0.125961303711052,0.055812597274831,-0.00273466110229741,0.0147698402195351,-0.0203531727098719,0.00958062417064903,-0.405991874241308,0,0,0,1395.85,29.0248055
0.635417591075341,0.410990751374358,0.959568858146667,0.0135685931891203,0.0545724518597126,-1.56310037506424,-0.0150238878977758,-0.0198292612089219,0.138988026873793,0.00361722217316076,-0.0987247611135352,0.0042403088846322,2.97643971443176,0.830738186836243,0.925861716270447,-0.00400109015492638,-0.0528777438708209,-0.0746805863820713,0.0833034515381617,0.0527524948120597,-0.00295758247375757,-0.0234125917068381,0.011505356238008,-0.0189086149321477,-0.392333981819348,0,0,0,1395.95,29.0914819
0.634916794812082,0.410329776000727,0.959568858146667,0.0135685931891203,0.0545724518597126,-1.56310037506424,-0.0150238878977758,-0.0198292612089219,-0.0217304737403733,0.00253205552121253,-0.0691073327794747,0.00296821621924254,2.97846412658691,0.83366447687149,0.925396323204041,-0.00628739794273302,-0.0509836338426737,-0.0754846287710823,0.0404882431030642,0.0585258007050093,-0.00930786132813347,-0.0457261557561744,0.0378822005629792,-0.0160808477802329,-0.376727304056766,0,0,0,1396,29.158186
0.634415998548823,0.409668800627096,0.959568858146667,0.0135685931891203,0.0545724518597126,-1.56310037506424,-0.0150238878977758,-0.0198292612089219,-0.0217304737403733,0.00177243886484877,-0.0483751329456323,0.00207775135346978,2.97904920578003,0.837053954601288,0.924868047237396,-0.00518430998826243,-0.0516888145454664,-0.0747158023444129,0.0117015838622621,0.0677895545957006,-0.0105655193328473,0.0220617590893314,-0.0141036140558035,0.0153765285333317,-0.359694151457628,0,0,0,1396.05,29.2248827
0.631988438077438,0.408754329714031,0.977084279060364,0.0123121533542871,0.0535414293408394,-1.56275156868302,-0.0728268141415563,-0.0274341273919578,-0.197852586854064,0.0125486657188924,-0.0245833903920836,-0.00168483148360143,2.97641158103943,0.843640565872192,0.922930419445038,-0.00373765642856217,-0.0503050945602607,-0.0741038589617678,-0.0263762474060298,0.0658661127091053,-0.0193762779236016,0.0144665355970158,0.0138371998520694,0.00611943382645629,-0.34173174944346,0,0,0,1396.15,29.2915629
0.629560877606053,0.407839858800966,0.977084279060364,0.0123121533542871,0.0535414293408394,-1.56275156868302,-0.0728268141415563,-0.0274341273919578,-0.0402137986307971,0.00878406600322471,-0.0172083732744586,-0.001179382038521,2.97343945503235,0.84720104932785,0.922162592411041,-0.00180761244457953,-0.0510684278698741,-0.0733331768621265,-0.0594425201416556,0.0712096691132239,-0.0153565406799456,0.0386008796796879,-0.0152666661922822,0.0154136419928407,-0.323292742690877,0,0,0,1396.2,29.3582478
0.627133317134667,0.406925387887901,0.977084279060364,0.0123121533542871,0.0535414293408394,-1.56275156868302,-0.0728268141415563,-0.0274341273919578,-0.0402137986307971,0.0061488462022573,-0.012045861292121,-0.000825567426964701,2.96914291381836,0.850844979286194,0.921337246894836,-0.00382307396155278,-0.0482155343866591,-0.0746391869306976,-0.0859308242798633,0.0728785991669364,-0.0165069103241117,-0.0403092303395017,0.0570578696643523,-0.0261202013714467,-0.304790947685355,0,0,0,1396.25,29.42492
0.622387043204841,0.403894763531595,0.977084279060364,0.0123121533542871,0.0535414293408394,-1.56275156868302,-0.142388217894804,-0.0909187306891783,-0.0231272467139578,0.00430419234158011,-0.00843210290448469,-0.000577897198875291,2.95676207542419,0.858966290950775,0.921014487743378,-0.0045222738079186,-0.0464904299840182,-0.0764833786796758,-0.123808383941481,0.0812131166457022,-0.003227591514583,-0.00699199846364866,0.0172510440263857,-0.0184419174897568,-0.286567114900653,0,0,0,1396.35,29.4916115
0.617639789693749,0.400858679539846,0.957259297370911,0.0114721218124032,0.048390369862318,-1.56283024681412,-0.142417605332741,-0.0910825197524451,0.155705645695827,0.0105732185160616,0.0404570632735528,0.000303575140718937,2.94884157180786,0.863604307174683,0.92106306552887,-0.00253770729774153,-0.0454588450314523,-0.0736481674821176,-0.158410072326804,0.0927603244782338,0.000971555709839751,0.0396913302035776,0.020631699051337,0.0567042239512166,-0.268898203875998,0,0,0,1396.4,29.5583463
0.612892536182658,0.397822595548098,0.957259297370911,0.0114721218124032,0.048390369862318,-1.56283024681412,-0.142417605332741,-0.0910825197524451,-0.0227191895092511,0.00740125296124311,0.028319944291487,0.000212502598503256,2.94019031524658,0.867899119853973,0.921034812927246,-0.00314015812227924,-0.0424013320375098,-0.0741527757748432,-0.173025131225743,0.0858962535858935,-0.000565052032471217,-0.0120490164907651,0.0611502598789053,-0.010092165854522,-0.252007184448973,0,0,0,1396.45,29.6250849
0.607457606353646,0.392295112620323,0.952400863170624,0.0120598804205656,0.0422374047338963,-1.56225565803849,-0.163047894870352,-0.165824487833248,0.0132782938353579,-0.000108950400591452,0.075200647159837,-0.00502254716176061,2.92056465148926,0.877362489700317,0.921812891960144,-0.000617576893931935,-0.0409907533693088,-0.0753241699661313,-0.196256637572974,0.0946336984633108,0.00778079032896888,0.0252258122834386,0.0141057866819911,-0.0117139419128653,-0.236042073912606,0,0,0,1396.55,29.6917904
0.602022676524634,0.386767629692548,0.952400863170624,0.0120598804205656,0.0422374047338963,-1.56225565803849,-0.163047894870352,-0.165824487833248,-0.0304476139672239,-7.62652804140167e-05,0.0526404530118859,-0.00351578301323243,2.90868258476257,0.882394015789032,0.922925651073456,0.00065975115439547,-0.0395202512671747,-0.0744110988062255,-0.237641334533908,0.100630521774384,0.0222551822662556,0.0255465609665713,0.0294100420427076,0.0182614231981329,-0.221058974889809,0,0,0,1396.6,29.758513
0.596587746695623,0.381240146764774,0.952400863170624,0.0120598804205656,0.0422374047338963,-1.56225565803849,-0.163047894870352,-0.165824487833248,-0.0304476139672239,-5.33856962898117e-05,0.0368483171083201,-0.0024610481092627,2.89667940139771,0.887253701686859,0.923839867115021,0.000146536556950079,-0.0366525787198764,-0.0757313586241768,-0.240063667297582,0.0971937179566314,0.0182843208313155,-0.0102642919489172,0.057353450946019,-0.0264051963590496,-0.20706550494468,0,0,0,1396.65,29.8252305
0.591564855663252,0.375234261842976,0.944815218448639,0.0120598804205656,0.0422374047338963,-1.56225565803849,-0.150686730971108,-0.180176547653925,0.033832362598767,-3.73699874028682e-05,0.0257938219758241,-0.00172273367648389,2.86980319023132,0.897255003452301,0.92632520198822,-0.00236039433932965,-0.0311052050289271,-0.0758686820219652,-0.268762111664063,0.10001301765451,0.0248533487320172,-0.02506930896282,0.055473736909543,-0.00137323397788491,-0.194017922509608,0,0,0,1396.75,29.8918741
0.586548180929686,0.369218021956418,0.944815218448639,0.0153114013373852,0.0362855903804302,-1.56198910606705,-0.150500242006999,-0.180487196596735,-0.0340386394879809,-0.0292898472425582,0.0716220045642712,-0.00360488131645864,2.85555577278137,0.902378797531128,0.927975237369537,-0.00201292559410576,-0.0302518388684754,-0.0757672024326758,-0.284948348997987,0.102475881576165,0.0330007076262227,0.00694937490445248,0.0170673232089724,0.00202959178577944,-0.181783241007292,0,0,0,1396.8,29.95858
0.581531506196119,0.36320178206986,0.944815218448639,0.0153114013373852,0.0362855903804302,-1.56198910606705,-0.150500242006999,-0.180487196596735,-0.0340386394879809,-0.0205028930697907,0.0501354031949898,-0.00252341692152105,2.84087729454041,0.907627522945404,0.929840743541718,-0.000128258643617712,-0.031204898470735,-0.0757653513517129,-0.293569564819603,0.104974508285618,0.0373101234436374,0.0376933390097952,-0.0190611920452096,3.70216192574827e-05,-0.170224156480974,0,0,0,1396.85,30.0253149
0.577721820671211,0.356995096581478,0.947805285453796,0.0148160578683019,0.0285523701459169,-1.56205443275772,-0.114290565747247,-0.186200564651482,-0.0732048139445741,-0.00989393392710372,0.104693764347112,-0.00117845162900028,2.80952429771423,0.918087780475616,0.932388722896576,0.000130532447440462,-0.029846507589461,-0.0751191743399182,-0.313529968262004,0.104602575302219,0.0254797935486072,0.00258791091058409,0.0135839088127527,0.0064617701179529,-0.159179826210312,0,0,0,1396.95,30.0920128
0.573912135146303,0.350788411093095,0.947805285453796,0.0148160578683019,0.0285523701459169,-1.56205443275772,-0.114290565747247,-0.186200564651482,-0.0462942108981568,-0.0069257537489726,0.0732856350429787,-0.000824916140300198,2.7930896282196,0.923369288444519,0.932794153690338,-0.00243123203392628,-0.0259458070141012,-0.0750125775497153,-0.328693389892877,0.105630159378148,0.00810861587525151,-0.0512352896273814,0.0780140115072662,0.00213193580406112,-0.148452176405092,0,0,0,1397,30.1587393
0.570102449621394,0.344581725604712,0.947805285453796,0.0148160578683019,0.0285523701459169,-1.56205443275772,-0.114290565747247,-0.186200564651482,-0.0462942108981568,-0.00484802762428082,0.0512999445300851,-0.000577441298210138,2.77621483802795,0.928660035133362,0.933425605297089,-0.000112397987406678,-0.0267913897893905,-0.074176196081082,-0.33749580383178,0.105814933776471,0.0126290321349638,0.0463766809302233,-0.0169116555057238,0.0167276293726053,-0.137854475822027,0,0,0,1397.05,30.2254759
0.564259750111574,0.33730427011321,0.969597458839417,0.0139072816818953,0.0253878049552441,-1.56275419128739,-0.175280985294603,-0.218323664745071,-0.24436319519229,0.00478536634066294,0.0643910478871154,0.00589361785822068,2.7411642074585,0.939723074436188,0.932814717292786,0.00143435226006142,-0.0252455729089748,-0.0729360182447215,-0.350506305694899,0.11063039302836,-0.00610888004303534,0.015467502474695,0.0154581688041709,0.0124017783636165,-0.127199685323698,0,0,0,1397.15,30.2922577
0.558417050601754,0.330026814621707,0.969597458839417,0.0139072816818953,0.0253878049552441,-1.56275419128739,-0.175280985294603,-0.218323664745071,-0.0482336347217092,0.00334975643846406,0.0450737335209808,0.00412553250075447,2.72316312789917,0.945464909076691,0.931683897972107,0.00154057420377295,-0.0232160984006528,-0.0719378370540755,-0.360021591186851,0.114836692810163,-0.0226163864135948,0.00212443887423265,0.040589490166477,0.0199636238129365,-0.116341263484482,0,0,0,1397.2,30.3589841
0.552574351091934,0.322749359130205,0.969597458839417,0.0139072816818953,0.0253878049552441,-1.56275419128739,-0.175280985294603,-0.218323664745071,-0.0482336347217092,0.00234482950692484,0.0315516134646866,0.00288787275052813,2.70526337623596,0.951272487640381,0.92982429265976,0.00314569023999083,-0.0209284852111527,-0.0730435078121608,-0.357995033264486,0.116151571273909,-0.0371921062469821,0.0321023207243868,0.0457522637900447,-0.0221134151617251,-0.10513668608206,0,0,0,1397.25,30.4257028
0.545244631315504,0.312767602802668,0.969597458839417,0.0139072816818953,0.0253878049552441,-1.56275419128739,-0.219891593292891,-0.299452689826111,-0.0243901712553274,0.00164138065484739,0.0220861294252806,0.00202151092536969,2.66756868362427,0.962186276912689,0.927009463310242,0.00263370029357479,-0.0160699806729437,-0.0700441019803885,-0.376946926116429,0.109137892722935,-0.0281482934951398,-0.0051198994641534,0.048585045382023,0.0299940583176824,-0.0934870183685041,0,0,0,1397.35,30.492403
0.537897372542136,0.302793647101272,0.970903813838959,0.0152584882453084,0.0198795814067125,-1.56464008224808,-0.220417763201065,-0.299218671041874,-0.0352094364865632,-0.0110118926123251,0.0650343025344802,0.018388076293999,2.64879727363586,0.967945516109467,0.925587356090546,0.00390191896747458,-0.0198749858281526,-0.0711031191707257,-0.375428199768408,0.115184783935652,-0.0284421443939468,0.0253643734780188,-0.0761001031042473,-0.0211803438067635,-0.0813243247228085,0,0,0,1397.4,30.5591155
0.530550113768767,0.292819691399876,0.970903813838959,0.0152584882453084,0.0198795814067125,-1.56464008224808,-0.220417763201065,-0.299218671041874,-0.023452241490683,-0.00770832482862758,0.0455240117741361,0.0128716534057993,2.62959051132202,0.97376936674118,0.924144625663757,0.00438791625432239,-0.0174293210199535,-0.0713854796280906,-0.384135246277205,0.116477012634383,-0.0288546085357928,0.00971994573696495,0.0489132961640267,-0.00564720914730324,-0.0686558028923628,0,0,0,1397.45,30.625687
0.524423467291922,0.284603968297492,0.953702807426453,0.0159328561276197,0.0155938854441047,-1.56569198501908,-0.183799394305336,-0.246471693071524,0.145610541896356,-0.0114651383208414,0.0704380719053661,0.0184772823230244,2.59076285362244,0.985372841358185,0.922754943370819,0.00505274369596665,-0.016382653965711,-0.0700144439738084,-0.38827657699532,0.116034746169886,-0.0138968229293634,0.0066482744164336,0.0104666705424112,0.0137103565428029,-0.0554102386434445,0,0,0,1397.55,30.6925736
0.518296820815078,0.276388245195108,0.953702807426453,0.0159328561276197,0.0155938854441047,-1.56569198501908,-0.183799394305336,-0.246471693071524,-0.0091985158161994,-0.00802559682458898,0.0493066503337562,0.0129340976261171,2.57127094268799,0.991113781929016,0.922436654567719,0.00635719548185698,-0.0151829637718275,-0.0693744297874912,-0.389838218689319,0.11481881141673,-0.00636577606201751,0.0260890357178303,0.0239938038776914,0.0128002837263555,-0.0417432904390247,0,0,0,1397.6,30.7592597
0.512170174338233,0.268172522092724,0.953702807426453,0.0159328561276197,0.0155938854441047,-1.56569198501908,-0.183799394305336,-0.246471693071524,-0.0091985158161994,-0.00561791777721229,0.0345146552336294,0.00905386833828194,2.55152106285095,0.997049033641815,0.922167778015137,0.00656804779798066,-0.0129479702558799,-0.0683637001598403,-0.394997596741082,0.118705034256089,-0.00537753105164063,0.00421704632247737,0.0446998703189925,0.0202145925530376,-0.0276983381632814,0,0,0,1397.65,30.8259686
0.508650044368439,0.259931333727518,0.956359207630157,0.0159328561276197,0.0155938854441047,-1.56569198501908,-0.105603899093807,-0.24723565095618,-0.0529267674349654,-0.0039325424440486,0.0241602586635405,0.00633770783679736,2.51216626167297,1.00891053676605,0.921203672885895,0.00679193111857801,-0.013525330137261,-0.0678648641247065,-0.393548011780143,0.118615031242478,-0.0096410512924282,0.0022388332059756,-0.00577359881381585,0.00498836035134241,-0.01339866044618,0,0,0,1397.75,30.8926515
0.50512114937661,0.251689331544011,0.956359207630157,0.0167514644563198,0.0118983741849661,-1.56688288582169,-0.105866849754887,-0.247260065505218,-0.0284420311033122,-0.0101202546691346,0.0501717823967257,0.0151545027092689,2.49234938621521,1.01486849784851,0.920951366424561,0.00728922176679217,-0.0114497849242808,-0.0674141494883294,-0.396337509153832,0.119159221648736,-0.00504612922666621,0.00994581296424699,0.0415109042594525,0.00901429272750799,0.00102930461771832,0,0,0,1397.8,30.9593291
0.50159225438478,0.243447329360504,0.956359207630157,0.0167514644563198,0.0118983741849661,-1.56688288582169,-0.105866849754887,-0.247260065505218,-0.0284420311033122,-0.00708417826839423,0.035120247677708,0.0106081518964882,2.47272562980652,1.0207507610321,0.92141318321228,0.00908992622787729,-0.010362219394435,-0.0670884551637567,-0.392475128174185,0.117645263671982,0.00923633575440293,0.0360140892217351,0.0217513105969346,0.00651388649146083,0.0154502609313259,0,0,0,1397.85,31.0260207
0.498339593935551,0.236575210093212,0.948563635349274,0.0187714975327253,0.00793313048779964,-1.56889871490799,-0.0975798134768743,-0.206163578018749,0.0402684730711795,-0.0231392224755257,0.0602713666488936,0.0255681681042752,2.43343257904053,1.03291940689087,0.922377109527588,0.0108548034620789,-0.00810587243834322,-0.0657607216647714,-0.392930507660269,0.121686458587757,0.00963926315308494,0.0176487723420319,0.0225634695609388,0.0132773349898652,0.0297170976134664,0,0,0,1397.95,31.0926876
0.495086933486322,0.22970309082592,0.948563635349274,0.0187714975327253,0.00793313048779964,-1.56889871490799,-0.0975798134768743,-0.206163578018749,-0.0298916774567746,-0.016197455732868,0.0421899566542255,0.0178977176729926,2.41395473480225,1.03867149353027,0.9229576587677,0.011496503206291,-0.00955915133393191,-0.0670562846944448,-0.389556884765979,0.115041732788191,0.0116109848022567,0.0128339948842545,-0.0290655779118001,-0.0259112605934913,0.0437092952677264,0,0,0,1398,31.1593677
0.491834273037093,0.222830971558629,0.948563635349274,0.0187714975327253,0.00793313048779964,-1.56889871490799,-0.0975798134768743,-0.206163578018749,-0.0298916774567746,-0.0113382190130076,0.0295329696579578,0.0125284023710948,2.39426374435425,1.04430937767029,0.923538148403168,0.0121072720462305,-0.00672245755035811,-0.0686202194983783,-0.393819808958528,0.112757682799883,0.0116097927093084,0.0122153767987447,0.0567338756712696,-0.0312786960785563,0.0574316063551843,0,0,0,1398.05,31.2266325
0.488588129670713,0.215952160931048,0.952558517456055,0.0205606576055288,0.00452728662639856,-1.56830934418045,-0.0973843009914115,-0.206364318827424,-0.0654770262203394,-0.0240391939643368,0.0513256735131802,0.00346554511191481,2.35576152801514,1.05578207969666,0.924836695194244,0.0142621711173909,-0.00331709922641568,-0.0659421224658144,-0.385022163391463,0.114727020263776,0.0129854679107784,0.0215489907116239,0.0340535832394552,0.0267809703256629,0.0705809186807536,0,0,0,1398.15,31.2934102
0.485341986304332,0.209073350303467,0.952558517456055,0.0205606576055288,0.00452728662639856,-1.56830934418045,-0.0973843009914115,-0.206364318827424,-0.0295230872593103,-0.0168274357750357,0.0359279714592262,0.00242588157834037,2.33689188957214,1.0612291097641,0.925103604793549,0.0124687680638531,-5.60435976175787e-06,-0.0663982483196727,-0.377392768860207,0.108940601348976,0.00533819198608884,-0.0358680610707895,0.0662298973331387,-0.00912251707717412,0.0831938849310678,0,0,0,1398.2,31.360109
0.482095842937952,0.202194539675886,0.952558517456055,0.0205606576055288,0.00452728662639856,-1.56830934418045,-0.0973843009914115,-0.206364318827424,-0.0295230872593103,-0.011779205042525,0.0251495800214583,0.00169811710483826,2.31881237030029,1.06678378582001,0.925530076026917,0.0139918456550627,0.00162523508819986,-0.0663974689559075,-0.361590385437341,0.111093521118265,0.00852942466736616,0.0304615518242205,0.0326167889592621,1.55872753032779e-05,0.0952758960744057,0,0,0,1398.25,31.426815
0.47343046904342,0.196813848308941,0.952558517456055,0.0205606576055288,0.00452728662639856,-1.56830934418045,-0.259961216835942,-0.161420741008359,-0.0366833633613718,-0.00824544352976752,0.0176047060150208,0.00118868197338678,2.28287839889526,1.07745969295502,0.926939249038696,0.00955189958893492,0.00596278018476504,-0.0656548769324603,-0.359339714049803,0.106759071349952,0.0140917301177786,-0.0443994606612172,0.0433754509655926,0.00742592023446231,0.106849885370249,0,0,0,1398.35,31.493497
0.464764428279092,0.191424906611075,0.953127324581146,0.0223589073866606,-0.00378100690431893,-1.56901673210465,-0.259981222929864,-0.161668250935963,-0.0411940194245175,-0.021956058501023,0.087097935986972,0.00719856869911977,2.26545929908752,1.08272767066956,0.927720129489899,0.00630302292516275,0.00731499617897538,-0.0669043926376708,-0.348381996155102,0.105359554290867,0.0156176090240621,-0.0649775332755025,0.0270443198842314,-0.0249903141042334,0.117996724651014,0,0,0,1398.4,31.5602273
0.456098387514763,0.18603596491321,0.953127324581146,0.0223589073866606,-0.00378100690431893,-1.56901673210465,-0.259981222929864,-0.161668250935963,-0.0360747552986935,-0.0153692409507161,0.0609685551908804,0.00503899808938384,2.24884271621704,1.08789491653442,0.928524136543274,0.00552421529455524,0.00918892053553497,-0.0668992291115579,-0.33233165740997,0.103344917297457,0.0160801410675195,-0.0155761526121645,0.037478487131226,0.000103270522259318,0.128838712580163,0,0,0,1398.45,31.6271095
0.443476809655858,0.181842709974865,0.957403242588043,0.0169607475399971,-0.00895730871707201,-1.57012299431168,-0.378647335767158,-0.125797648150361,-0.0744850401170755,0.03782496995447,0.089264704948394,0.0134836585258499,2.21665525436401,1.09861159324646,0.929792881011963,0.00470340134545207,0.0159161257042981,-0.0659240301971663,-0.321874618529834,0.107166767120215,0.0126874446868723,-0.00820813949102047,0.0672720516875396,0.00975198914390298,0.139463913093855,0,0,0,1398.55,31.693823
0.430855231796952,0.177649455036519,0.957403242588043,0.0169607475399971,-0.00895730871707201,-1.57012299431168,-0.378647335767158,-0.125797648150361,-0.0360017780550027,0.026477478968129,0.0624852934638758,0.00943856096809496,2.20166683197021,1.10397779941559,0.930313766002655,0.0046320956500906,0.0164642246949111,-0.0654444267928638,-0.299768447876249,0.107324123382666,0.0104176998138522,-0.00142611390723067,0.01096197981227,0.00959206808605823,0.150067588919668,0,0,0,1398.6,31.7605471
0.418233653938047,0.173456200098174,0.957403242588043,0.0169607475399971,-0.00895730871707201,-1.57012299431168,-0.378647335767158,-0.125797648150361,-0.0360017780550027,0.0185342352776903,0.0437397054247131,0.00660699267766647,2.18716645240784,1.10940968990326,0.930954575538635,0.00223831992419616,0.0166387347742487,-0.0650815432059271,-0.290007591247822,0.108637809753517,0.0128161907196161,-0.0478755145179322,0.00349020158675438,0.00725767173874036,0.160832649770893,0,0,0,1398.65,31.8272791
0.410184655087952,0.170684593633606,0.957403242588043,0.0169607475399971,-0.00895730871707201,-1.57012299431168,-0.241469965502854,-0.083148193937046,-0.0376907638821627,0.0129739646943832,0.0306177937972991,0.00462489487436653,2.15979599952698,1.12044501304626,0.932357013225555,0.00267744193682549,0.0180745717752726,-0.0651850781869369,-0.273704528808843,0.110353231430154,0.0140243768692144,0.00439122012629729,0.0143583700102524,-0.00103534981009953,0.171944372638774,0,0,0,1398.75,31.8939887
0.4021277344455,0.16790346803946,0.965751707553864,0.0134845487773418,-0.0172498244792223,-1.57071761024796,-0.24170761927354,-0.0834337678243715,-0.111756090067713,0.0403675641499656,0.096065097517462,0.00858896983857024,2.14727926254272,1.12609755992889,0.93310010433197,0.00180174425408512,0.0193810817058597,-0.0660434059094631,-0.250334739684148,0.113050937652177,0.0148618221282418,-0.0175139536547438,0.0261301986116462,-0.0171665544504609,0.183587353404618,0,0,0,1398.8,31.960673
0.394070813803049,0.165122342445314,0.965751707553864,0.0134845487773418,-0.0172498244792223,-1.57071761024796,-0.24170761927354,-0.0834337678243715,-0.0366199053753301,0.0282572949049759,0.0672455682622234,0.00601227888699917,2.1348614692688,1.13171637058258,0.934103012084961,0.00108496909387226,0.0191627756482597,-0.0668273592960626,-0.248355865478741,0.112376213073833,0.0200581550598327,-0.0143355032042702,-0.00436612115200368,-0.0156790677320044,0.195941763340353,0,0,0,1398.85,32.027396
0.386308705335597,0.162163152818772,0.968774855136871,0.0134845487773418,-0.0172498244792223,-1.57071761024796,-0.232863254023554,-0.0887756887962771,-0.0639719315079112,0.0197801064334831,0.0470718977835564,0.00420859522089942,2.11333179473877,1.14325618743896,0.934210658073425,0.000237496437965214,0.0273848240886693,-0.0667279746667458,-0.215296745300489,0.115398168563948,0.00107645988464453,-0.00847472655907815,0.0822204844041714,0.000993846293169608,0.2091401169287,0,0,0,1398.95,32.0941147
0.378543648696523,0.159197120745761,0.968774855136871,0.0117109939455986,-0.0209850054234266,-1.57063869369828,-0.23295169917222,-0.0889809621903279,-0.0362421786132454,0.0298080679891274,0.0665669569463284,0.00223576770748604,2.10342741012573,1.14932429790497,0.935145437717438,0.000786263617146437,0.0273464266561737,-0.0682783832204576,-0.198087692260922,0.121362209320179,0.018695592880266,0.0109753435836344,-0.000767948649914312,-0.0310081710742651,0.223282833014856,0,0,0,1399,32.1608349
0.370778592057449,0.15623108867275,0.968774855136871,0.0117109939455986,-0.0209850054234266,-1.57063869369828,-0.23295169917222,-0.0889809621903279,-0.0362421786132454,0.0208656475923891,0.0465968698624299,0.00156503739524023,2.0943751335144,1.15525984764099,0.935948073863983,0.00184975009643722,0.0278156896473186,-0.0661595465772233,-0.181045532225904,0.118710994720027,0.0160527229308498,0.0212697295857384,0.00938525982286386,0.0423767328645312,0.238414777170016,0,0,0,1399.05,32.2275425
0.36742331701527,0.153458845985705,0.962839305400848,0.0101785222068429,-0.0284664258360863,-1.56987170112931,-0.100658251265378,-0.083167280611331,0.0252161483351376,0.0283981989634737,0.0999505926176377,-0.00580740694405938,2.07899570465088,1.1678010225296,0.93723338842392,0.00228826581948984,0.0275244260602202,-0.0672081736891798,-0.153794288635394,0.125411748886222,0.0128531455993769,0.00438515723053015,-0.00291263587098656,-0.0104862711195744,0.254528747705326,0,0,0,1399.15,32.2942592
0.364068041973091,0.150686603298661,0.962839305400848,0.0101785222068429,-0.0284664258360863,-1.56987170112931,-0.100658251265378,-0.083167280611331,-0.028203799289069,0.0198787392744316,0.0699654148323464,-0.00406518486084157,2.07244634628296,1.17395484447479,0.937861263751984,0.00248503750402919,0.0298681902027473,-0.068136415111029,-0.130987167358518,0.123076438903921,0.0125575065612907,0.00393543369079062,0.0468752828505851,-0.0185648284370015,0.271544093724423,0,0,0,1399.2,32.3609772
0.360712766930912,0.147914360611617,0.962839305400848,0.0101785222068429,-0.0284664258360863,-1.56987170112931,-0.100658251265378,-0.083167280611331,-0.028203799289069,0.0139151174921021,0.0489757903826425,-0.0028456294025891,2.0667359828949,1.18019318580627,0.938608169555664,0.00324143020705643,0.0301898405285254,-0.0673085969973578,-0.114207267761334,0.124766826629752,0.014938116073622,0.0151278540605586,0.00643300651556755,0.0165563622734397,0.289309406979807,0,0,0,1399.25,32.4276919
0.357357491888732,0.145142117924572,0.962839305400848,0.0101785222068429,-0.0284664258360863,-1.56987170112931,-0.100658251265378,-0.083167280611331,-0.028203799289069,0.00974058224447149,0.0342830532678497,-0.00199194058181237,2.0581169128418,1.19308018684387,0.939533293247223,0.00399162953085512,0.0329083896946165,-0.0690350049671276,-0.0861907005308883,0.128870010375801,0.00925123691557576,0.00750199323797664,0.0271854916608743,-0.0172640796976744,0.307586179951333,0,0,0,1399.35,32.4943468
0.357562722492754,0.144922770946376,0.966984808444977,0.0109092090278864,-0.0324048884212971,-1.56903628242813,0.00615691812065606,-0.00658040934588079,-0.0670137512479447,0.000242226181738618,0.059444300554392,-0.00891312671781553,2.05446910858154,1.19919753074646,0.939863920211792,0.00131704388902812,0.037628348999452,-0.0670396267345154,-0.0729560852051445,0.122346878051869,0.00661253929138785,-0.0534917128365887,0.0943991860967945,0.0399075646522808,0.326111023697448,0,0,0,1399.4,32.5610516
0.357767953096776,0.14470342396818,0.966984808444977,0.0109092090278864,-0.0324048884212971,-1.56903628242813,0.00615691812065606,-0.00658040934588079,-0.0297042238507889,0.000169558327217033,0.0416110103880744,-0.00623918870247087,2.05227756500244,1.20551156997681,0.940904378890991,0.0024022199883581,0.0336419828740912,-0.0691575246412258,-0.0438308715820711,0.126280784607048,0.0208091735840033,0.0217035219866193,-0.079727322507287,-0.0423579581342464,0.344501442252212,0,0,0,1399.45,32.6277218
0.356940924571199,0.144989332251426,0.972410440444946,0.0132347783073783,-0.0361750312149525,-1.56984452141129,-0.0248108557673006,0.00857724849738387,-0.0831662296386218,-0.0208114326863752,0.0630589924145507,0.00290671875665906,2.05085444450378,1.21874344348907,0.941104054450989,0.00627883050736587,0.0379555182391836,-0.067686564073058,-0.0142312049865529,0.1323187351225,0.00199675559997286,0.0387661051900248,0.0431353536508647,0.0147096056816579,0.362352376125566,0,0,0,1399.55,32.694401
0.356113896045623,0.145275240534673,0.972410440444946,0.0132347783073783,-0.0361750312149525,-1.56984452141129,-0.0248108557673006,0.00857724849738387,-0.0343355416388964,-0.0145680028804626,0.0441412946901855,0.00203470312966134,2.05156373977661,1.22537791728973,0.941807985305786,0.00757904984811242,0.0419418769238459,-0.066820942432406,0.0141859054565559,0.132689476013304,0.0140786170959601,0.0260043868149546,0.0797271736933194,0.017312432813056,0.379200661068758,0,0,0,1399.6,32.7610954
0.355286867520046,0.145561148817919,0.972410440444946,0.0132347783073783,-0.0361750312149525,-1.56984452141129,-0.0248108557673006,0.00857724849738387,-0.0343355416388964,-0.0101976020163238,0.0308989062831298,0.00142429219076294,2.05325818061829,1.23211371898651,0.942568242549896,0.00622696494479839,0.0476004081133068,-0.0660774175121387,0.0338888168335269,0.134716033935669,0.015205144882216,-0.0270416980663052,0.11317062378932,0.0148704984053596,0.394548468659412,0,0,0,1399.65,32.8278119
0.35488885607837,0.146289657253411,0.972410440444946,0.0132347783073783,-0.0361750312149525,-1.56984452141129,-0.0119403432502786,0.0218552530647645,-0.0328374403203988,-0.00713832141142669,0.0216292343981909,0.000997004533534058,2.06019854545593,1.24496138095856,0.944423913955688,0.00807757481366528,0.0505577040747168,-0.0665698517098079,0.069403648376528,0.128476619720576,0.0185567140579392,0.0185060986886857,0.0295729596141275,-0.00492434197669676,0.407866362757291,0,0,0,1399.75,32.8944925
0.354493825348402,0.147005289128586,0.962237954139709,0.0145085519179702,-0.0447369329631329,-1.57125738991104,-0.0118509218990311,0.0214689562552504,0.0585744966190377,-0.0164607874833257,0.0921975798123571,0.0134137196712766,2.06544232368469,1.25120401382446,0.944761753082275,0.00726508086758967,0.0563783591639739,-0.0650927468212597,0.104875564574814,0.124852657317661,0.0067567825317137,-0.0162498789214531,0.116413101784718,0.0295420977708568,0.41864458980536,0,0,0,1399.8,32.9611637
0.354098794618435,0.147720921003761,0.962237954139709,0.0145085519179702,-0.0447369329631329,-1.57125738991104,-0.0118509218990311,0.0214689562552504,-0.0329778801280937,-0.011522551238328,0.06453830586865,0.0093896037698936,2.0714111328125,1.25786876678467,0.944698631763458,0.00589449475927126,0.0642680976249836,-0.0635022344367424,0.119376182556261,0.133295059204223,-0.00126242637634392,-0.027411722166393,0.157794769220337,0.0318102476903743,0.426388273210263,0,0,0,1399.85,33.0278629
0.357796483144995,0.151290805284893,0.974093735218048,0.0145085519179702,-0.0447369329631329,-1.57125738991104,0.11093065579681,0.107096528433971,-0.137892982685399,-0.00806578586682958,0.045176814108055,0.00657272263892552,2.08792686462402,1.27150237560272,0.943990647792816,0.0086110098004399,0.0577179698740496,-0.064404507459751,0.165157318115385,0.136336088180666,-0.00707983970642734,0.0271651504117111,-0.065501277509399,-0.00902273023009411,0.430629056785055,0,0,0,1399.95,33.0945792
0.361493969682711,0.154853024340528,0.974093735218048,0.0158573109656572,-0.0514007695019245,-1.57070139778458,0.110924596131479,0.106866571669056,-0.0315854934575727,-0.0177848815359642,0.0915982987247634,-0.000403023290935729,2.09776329994202,1.2781777381897,0.943390130996704,0.00725339754687829,0.057829710073135,-0.0634392062588669,0.196728706360042,0.133507251739623,-0.0120103359222521,-0.0271522450712569,0.00223480398171003,0.0193060240176996,0.430955657648063,0,0,0,1400,33.1612705
0.365191456220427,0.158415243396164,0.974093735218048,0.0158573109656572,-0.0514007695019245,-1.57070139778458,0.110924596131479,0.106866571669056,-0.0315854934575727,-0.0124494170751749,0.0641188091073344,-0.00028211630365501,2.10925483703613,1.28468227386475,0.943694889545441,0.00901981397429871,0.0574121713829376,-0.0647492603727572,0.229830741881488,0.130090713500503,0.00609517097470927,0.0353283285482798,-0.00835077380391834,-0.0262010822777113,0.427030474952103,0,0,0,1400.05,33.2279916
0.370776070041195,0.164979830244558,0.962954580783844,0.0158573109656572,-0.0514007695019245,-1.57070139778458,0.167538414623043,0.196937605451831,0.0795664172881615,-0.00871459195262245,0.0448831663751341,-0.000197481412558507,2.13528251647949,1.29755580425262,0.944633781909943,0.00874707169356934,0.0560107839112423,-0.0668856881087012,0.26027679443383,0.128735303878901,0.00938892364502807,-0.00272742280729614,-0.0140138747169656,-0.0213642773594591,0.418594286871716,0,0,0,1400.15,33.294764
0.376358698376094,0.17154201383626,0.962954580783844,0.0159869063645601,-0.0556103102862835,-1.57038597000443,0.167478850046964,0.196865507751047,-0.0212508757185331,-0.00726657295696175,0.0693040835218247,-0.00297708701015326,2.15006732940674,1.30390083789825,0.945420980453491,0.00987086956426972,0.0557377027461195,-0.0670306192475718,0.295696258545191,0.126900672912713,0.015743970870986,0.0224759574140281,-0.00546162330246108,-0.00289862277741484,0.405494997711678,0,0,0,1400.2,33.3615542
0.381941326710993,0.178104197427961,0.962954580783844,0.0159869063645601,-0.0556103102862835,-1.57038597000443,0.167478850046964,0.196865507751047,-0.0212508757185331,-0.00508660106987323,0.0485128584652773,-0.00208396090710728,2.16581058502197,1.31080400943756,0.945690810680389,0.00678610472181648,0.0602498517555674,-0.0647931290966527,0.314865112304974,0.138063430786258,0.00539660453796878,-0.0616952968491209,0.0902429801890401,0.0447498030184217,0.387711900323419,0,0,0,1400.25,33.4282929
0.387523955045891,0.184666381019663,0.962954580783844,0.0159869063645601,-0.0556103102862835,-1.57038597000443,0.167478850046964,0.196865507751047,-0.0212508757185331,-0.00356062074891126,0.0339590009256941,-0.0014587726349751,2.20128393173218,1.3238273859024,0.94606602191925,0.00781897110513487,0.0618205481397065,-0.0660598394642087,0.354733467101567,0.13023376464826,0.00375211238860572,0.0103286638331698,0.0157069638413694,-0.0126671036755422,0.365330786585503,0,0,0,1400.35,33.4949942
0.396512664326686,0.19079288575169,0.968438744544983,0.0164665598422289,-0.0556013584136963,-1.5696037186464,0.269661278423839,0.183795141960828,-0.079949085742946,-0.00680931582325674,0.023690733794701,-0.00806140306677261,2.22061467170715,1.33033072948456,0.946341454982758,0.00835344676265149,0.0604274790558738,-0.0676001327684166,0.386614799499863,0.130066871643185,0.00550866127014661,0.0106895131503421,-0.0278613816766794,-0.0308058660841853,0.338534485591101,0,0,0,1400.4,33.5617171
0.405501373607481,0.196919390483718,0.968438744544983,0.0164665598422289,-0.0556013584136963,-1.5696037186464,0.269661278423839,0.183795141960828,-0.0305916118926957,-0.00476652107627972,0.0165835136562907,-0.00564298214674083,2.24125576019287,1.33664107322693,0.94665914773941,0.00890799374402962,0.0624235329427856,-0.0671663489812926,0.412821769714731,0.126206874847527,0.00635385513306242,0.0110909396275726,0.0399210777382726,0.00867567574248674,0.307659891542672,0,0,0,1400.45,33.6284203
0.415438213153322,0.204420222379832,0.9554722905159,0.0164665598422289,-0.0556013584136963,-1.5696037186464,0.298105186375236,0.225024956883419,0.0949132527963576,-0.0033365647533958,0.0116084595594035,-0.00395008750271858,2.28547692298889,1.34972584247589,0.948805391788483,0.0127747347534957,0.0523886012386377,-0.0685610172295001,0.442211627959602,0.130847692489446,0.0214624404906934,0.0386674100946077,-0.100349317041342,-0.013946682482056,0.273128108184559,0,0,0,1400.55,33.6951352
0.425363315372051,0.211941602375265,0.9554722905159,0.0202311594039202,-0.0556428395211697,-1.56774047745072,0.297753066561881,0.225641399862985,-0.0210062045071854,-0.0362169913825986,0.00849925165884281,-0.0195342320130114,2.30891871452332,1.35586130619049,0.950277149677277,0.0109011858967182,0.0506999389526816,-0.0695400426098258,0.468835830688903,0.122709274292104,0.0294351577759057,-0.0374709771355826,-0.0337732457191526,-0.0195805076065312,0.235491149247003,0,0,0,1400.6,33.7618382
0.435288417590781,0.219462982370698,0.9554722905159,0.0202311594039202,-0.0556428395211697,-1.56774047745072,0.297753066561881,0.225641399862985,-0.0210062045071854,-0.025351893967819,0.00594947616118997,-0.013673962409108,2.33322596549988,1.3616783618927,0.951502084732056,0.0086150867834462,0.0482766209380054,-0.0708123795826753,0.486145019531692,0.116341114044295,0.0244987010956033,-0.0457219822654823,-0.048466360293569,-0.0254467394570133,0.195384573152303,0,0,0,1400.65,33.8285252
0.446007041736672,0.232797520495333,0.9554722905159,0.0202311594039202,-0.0556428395211697,-1.56774047745072,0.321558724376733,0.400036143739062,-0.0528775120029978,-0.0177463257774733,0.00416463331283298,-0.00957177368637559,2.38389754295349,1.3734655380249,0.953133285045624,0.00464528446671883,0.042241285194552,-0.0742510157396485,0.506715774536594,0.117871761322129,0.016312003135696,-0.0396980231673099,-0.0603533574345887,-0.0343863615697633,0.153506860866017,0,0,0,1400.75,33.8952108
0.456666835177291,0.246200943819559,0.971691787242889,0.0192244052886963,-0.0459073185920715,-1.5634830368837,0.31979380321859,0.402102699726774,-0.196358249995706,-0.00336164100721636,-0.0847044450429001,-0.0450172066836123,2.4105179309845,1.37956976890564,0.952927947044373,0.000865455614457717,0.0400519707676397,-0.0742072949815519,0.53240776061818,0.122084617614302,-0.00410676002500947,-0.0755965770449472,-0.0437862885380856,0.000874415161929304,0.110600376948017,0,0,0,1400.8,33.9619253
0.467326628617911,0.259604367143784,0.971691787242889,0.0192244052886963,-0.0459073185920715,-1.5634830368837,0.31979380321859,0.402102699726774,-0.050382779452798,-0.00235314870505145,-0.0592931115300301,-0.0315120446785286,2.43704152107239,1.38533937931061,0.953199207782745,0.000287184010141681,0.0342055272110737,-0.0747389742619883,0.530471801758295,0.11539220809947,0.00542521476746099,-0.0115654320863312,-0.116928871131428,-0.0106335856087375,0.0675009251403673,0,0,0,1400.85,34.0286068
0.480943294615419,0.271149073553666,0.977895498275757,0.0192244052886963,-0.0459073185920715,-1.5634830368837,0.408499979925244,0.346341192296433,-0.0851765559434322,-0.00164720409353602,-0.041505178071021,-0.02205843127497,2.49206495285034,1.39686739444733,0.952069103717804,0.00373680310735129,0.0237259210855489,-0.0759681724940088,0.550234317780042,0.115280151367292,-0.0113010406494243,0.0344961909721274,-0.104796061255343,-0.0122919823202163,0.0249993352637442,0,0,0,1400.95,34.0952789
0.49451947376807,0.28275021766184,0.977895498275757,0.0132319880649447,-0.0321512632071972,-1.56046847236954,0.407285374579517,0.34803432324524,-0.0277572196882378,0.0527787121482887,-0.152858123113584,-0.0425719825199204,2.52002835273743,1.4029313325882,0.95166289806366,0.00141884039998329,0.0193201246250359,-0.0778145438338359,0.559267997742208,0.121278762817493,-0.00812411308289313,-0.0463592541474022,-0.0881159292103403,-0.0369274267965752,-0.0160516111522241,0,0,0,1401,34.1618397
0.50809565292072,0.294351361770015,0.977895498275757,0.0132319880649447,-0.0321512632071972,-1.56046847236954,0.407285374579517,0.34803432324524,-0.0277572196882378,0.0369450985038021,-0.107000686179509,-0.0298003877639443,2.54721307754517,1.40821206569672,0.951663196086884,0.00182733186712689,0.0114122258306486,-0.0790121409249596,0.543694496152807,0.105614662170026,5.96046447751738e-06,0.0081698293428424,-0.158157975887171,-0.023951941822388,-0.0551747192203766,0,0,0,1401.05,34.2287566
0.514986133341484,0.301322165816583,0.977895498275757,0.0132319880649447,-0.0321512632071972,-1.56046847236954,0.206714412622904,0.209124121397043,-0.0364409873238682,0.0258615689526615,-0.0749004803256561,-0.020860271434761,2.60241150856018,1.41905200481415,0.951086223125458,0.000528092315550988,0.00297547895306967,-0.0829901538482008,0.551984310150649,0.108399391174415,-0.00576972961426306,-0.0129923955157709,-0.084367468775866,-0.0397801292324481,-0.0913212164639648,0,0,0,1401.15,34.2954328
0.521852469515852,0.308362762907805,0.981483340263367,0.0183567795902491,-0.00879771914333105,-1.55599860084854,0.205990085231054,0.211217912736649,-0.064588714698794,-0.0280200254608758,-0.262612232802755,-0.0548310336932976,2.62910270690918,1.42437028884888,0.950847506523132,-0.000182933564439524,0.000518056550386733,-0.0830365813709359,0.533823966980466,0.106365680694677,-0.00477433204651313,-0.0142205175998232,-0.0491484480537034,-0.000928550454701872,-0.124023677830205,0,0,0,1401.2,34.3621028
0.528718805690221,0.315403359999026,0.981483340263367,0.0183567795902491,-0.00879771914333105,-1.55599860084854,0.205990085231054,0.211217912736649,-0.0322981368103053,-0.0196140178226131,-0.183828562961928,-0.0383817235853083,2.65587139129639,1.42899429798126,0.950228929519653,-0.00138206237852516,-0.00173322517670817,-0.0837465914596792,0.535373687744628,0.0924801826477892,-0.0123715400695913,-0.0239825762817345,-0.0450256345419389,-0.0142002017748803,-0.152779856406277,0,0,0,1401.25,34.4287769
0.535585141864589,0.322443957090248,0.981483340263367,0.0183567795902491,-0.00879771914333105,-1.55599860084854,0.205990085231054,0.211217912736649,-0.0322981368103053,-0.0137298124758292,-0.12867999407335,-0.0268672065097158,2.70796942710876,1.43828499317169,0.94857394695282,-0.00765408185470833,-0.00528350742614496,-0.0830200174547853,0.520980358123069,0.0929069519041701,-0.0165498256683124,-0.0627201947617462,-0.0355028224943194,0.00726574004892935,-0.177205749600204,0,0,0,1401.35,34.4954739
0.535940616968008,0.326933247597073,0.988241970539093,0.0190739594399929,0.00572805618867278,-1.55120686424576,0.0106642531025713,0.134678715204759,-0.0942830307773756,-0.016065487380775,-0.220807973839379,-0.0619326739818499,2.73317551612854,1.44270503520966,0.947101652622223,-0.0126458081500627,-0.00632044974223637,-0.0828549499407917,0.504121780395966,0.0884008407593577,-0.0294458866119653,-0.0998345259071786,-0.0207388463218471,0.0033013502798745,-0.197038283063479,0,0,0,1401.4,34.5621978
0.536296092071427,0.331422538103898,0.988241970539093,0.0190739594399929,0.00572805618867278,-1.55120686424576,0.0106642531025713,0.134678715204759,-0.0334553582958388,-0.0112458411665425,-0.154565581687566,-0.0433528717872949,2.75796508789062,1.44748508930206,0.945967733860016,-0.0153898395461234,-0.00596572165496494,-0.0816286579171857,0.49579143524215,0.0956010818482315,-0.0226783752441613,-0.0548806279212636,0.00709456174543497,0.0245258404721428,-0.212138495101856,0,0,0,1401.45,34.6288855
0.540242994346252,0.332236310810786,0.988241970539093,0.0190739594399929,0.00572805618867278,-1.55120686424576,0.118407068244744,0.0244131812066218,-0.0150510368403101,-0.00787208881657975,-0.108195907181296,-0.0303470102511064,2.80544590950012,1.45707321166992,0.944020688533783,-0.0131283211789717,-0.011787216948981,-0.0802311126869638,0.474808216094323,0.0958812236784581,-0.0194704532623025,0.0226151836714867,-0.0582149529400807,0.0139754523021998,-0.222544932492307,0,0,0,1401.55,34.6956215
0.544181355371739,0.333045622093034,0.97809773683548,0.00518210604786873,0.0120804738253355,-1.55360916984879,0.118150830764608,0.0242793384674301,0.0751913203313551,0.119516218357512,-0.132908893756872,0.000377843251471586,2.82855010032654,1.4619243144989,0.943426489830017,-0.0108401624560702,-0.0143971894656023,-0.0811754639469187,0.462083816528741,0.0970220565796781,-0.0118839740753282,0.0457631744580702,-0.0521994503324739,-0.0188870251991138,-0.228404415988728,0,0,0,1401.6,34.7623201
0.548119716397226,0.333854933375281,0.97809773683548,0.00518210604786873,0.0120804738253355,-1.55360916984879,0.118150830764608,0.0242793384674301,-0.0161067830011644,0.0836613528502582,-0.0930362256298101,0.00026449027603011,2.85032558441162,1.4670547246933,0.942933142185211,-0.00818848268302185,-0.016559034558099,-0.0786380122207027,0.435509681702056,0.102608203888033,-0.00986695289612714,0.0530335954610158,-0.0432369018499736,0.0507490345243648,-0.230019692372382,0,0,0,1401.65,34.8290754
0.552058077422713,0.334664244657529,0.97809773683548,0.00518210604786873,0.0120804738253355,-1.55360916984879,0.118150830764608,0.0242793384674301,-0.0161067830011644,0.0585629469951808,-0.0651253579408671,0.000185143193221077,2.89221668243408,1.47679376602173,0.941276550292969,-0.00945762918190591,-0.0203598458811568,-0.0777484539251125,0.41891098022499,0.0973904132843903,-0.0165659189224394,-0.0126914649888522,-0.0380081132306123,0.00889558295591013,-0.227806996684997,0,0,0,1401.75,34.8957987
0.561778214528561,0.337391049759673,0.965038120746613,0.011135995388031,0.0194809511303902,-1.55647758377396,0.291604113175457,0.0818041530643161,0.109415039606939,-0.012590941164834,-0.112192046304099,0.0259453255617928,2.91177344322205,1.48171782493591,0.940492391586304,-0.00894778506521761,-0.0220901618852782,-0.0766702548043715,0.391135215757854,0.0984811782833331,-0.0156831741332437,0.0101968823337289,-0.034606320082303,0.0215639824147419,-0.222298231664425,0,0,0,1401.8,34.9625239
0.57149835163441,0.340117854861817,0.965038120746613,0.011135995388031,0.0194809511303902,-1.55647758377396,0.291604113175457,0.0818041530643161,-0.00812150519286603,-0.00881365881538378,-0.0785344324128693,0.018161727893255,2.93058013916016,1.4863269329071,0.939536929130554,-0.008333538446409,-0.0249113882394033,-0.0774571687730718,0.376133918762549,0.092182159423912,-0.0191092491150076,0.0122849323761835,-0.056424527082553,-0.0157382793740212,-0.214114553397674,0,0,0,1401.85,35.0292534
0.576619537836879,0.341814252574247,0.965038120746613,0.011135995388031,0.0194809511303902,-1.55647758377396,0.153635586074078,0.0508919313729022,-0.0112198434066033,-0.00616956117076864,-0.0549741026890085,0.0127132095252785,2.96521234512329,1.49609112739563,0.936378419399261,-0.00591687728482485,-0.0218385461495513,-0.0750213592556254,0.346322059631663,0.0976419448853427,-0.031585097312956,0.0241666116158634,0.0307284208985481,0.0243580951744867,-0.203954457915753,0,0,0,1401.95,35.0959437
0.58174583540429,0.343498466975824,0.972820281982422,0.0106808142736554,0.0274312179535627,-1.55968622101151,0.153788927022328,0.0505264320473312,-0.0810371508288772,-0.000222062790157727,-0.110034273290859,0.0377769818056344,2.98125028610229,1.50085008144379,0.934451997280121,-0.00572998917275951,-0.0199505928087999,-0.0751061230733583,0.32075881958037,0.0951790809632213,-0.0385284423828475,0.00373776224131025,0.0377590668150619,-0.00169527635466031,-0.192547239336384,0,0,0,1402,35.162653
0.586872132971701,0.345182681377402,0.972820281982422,0.0106808142736554,0.0274312179535627,-1.55968622101151,0.153788927022328,0.0505264320473312,-0.0109976997065933,-0.000155443953110409,-0.0770239913036013,0.0264438872639441,2.99677515029907,1.50559091567993,0.933152318000793,-0.00488644528620701,-0.0192455475273845,-0.0756639545273361,0.310497283934417,0.0948166847225554,-0.0259935855864533,0.0168708777309887,0.0141009056282563,-0.0111566290795147,-0.180650874149491,0,0,0,1402.05,35.2293789
0.589937765868047,0.344527348076284,0.972820281982422,0.0106808142736554,0.0274312179535627,-1.55968622101151,0.0919689868903619,-0.019659999033527,-0.0115261810728286,-0.000108810767177286,-0.0539167939125209,0.0185107210847609,3.02497124671936,1.51522207260132,0.929748833179474,-0.00248979960004226,-0.0194426797290177,-0.0741639825366252,0.281960964203137,0.0963115692139548,-0.0340348482132268,0.0239664568616693,-0.00197132201633378,0.0149997199071223,-0.169022056499897,0,0,0,1402.15,35.2961043
0.593003980950457,0.343869172718062,0.968487918376923,0.0118166673928499,0.0227680634707212,-1.55975726974808,0.091986452472321,-0.0197452607466692,0.0276056564261122,-0.0102988456097747,0.00422663460680879,0.013596943388483,3.03759002685547,1.5202876329422,0.928603410720825,-0.00510990866091472,-0.0172931732823283,-0.0743190500685467,0.252375602722398,0.101311206817719,-0.0229084491729945,-0.0524021812174969,0.0429901289338283,-0.00310135063843147,-0.158384717737227,0,0,0,1402.2,35.3628246
