-0.000616586552951765,0.000889317429987748,1.01301097869873,0.0052368869073689,0.00419767340645194,-1.76042812134958,-0.00924879829427648,0.0133397614498162,-0.0165702764548683,-0.0329923875164241,-0.0264453424606472,11.0906971645023,2.16376900672913,1.12875652313232,1.06160545349121,0.00690131125201809,-0.00557951908496789,0.0557955071187897,0.0158969367422708,0.00612924011742193,0.0592751773755722,0.000265420868157309,-0.00069421524854876,-0.000428885722596279,0,0,0,0,2716.55,7.0329833
-0.000741704186601262,0.00102808720606532,1.01301097869873,0.0052368869073689,0.00419767340645194,-1.76042812134958,-0.0037535290094849,0.00416309328232719,-0.00861796418859808,-0.0230946712614968,-0.0185117397224531,7.76348801515163,2.16293907165527,1.12763607501984,1.06331169605255,0.00814300352876577,-0.00335356402970647,0.0592566001215218,-0.0165987014769904,-0.0224089622496743,0.0341248512266825,0.0248338455348633,0.0445191011050663,0.0692218600543904,0,0,0,0,2716.6,7.09982
-0.000866821820250758,0.00116685698214289,1.01301097869873,0.0052368869073689,0.00419767340645194,-1.76042812134958,-0.0037535290094849,0.00416309328232719,-0.00861796418859808,-0.0161662698830478,-0.0129582178057171,5.43444161060614,2.16273236274719,1.1267386674881,1.06490802764893,0.00863679480752958,-0.00235667518277475,0.0600143459986733,-0.00413417816164365,-0.0179481506348636,0.0319266319276645,0.00987582557533011,0.0199377769387433,0.0151549175431126,0,0,0,0,2716.65,7.1665393
-0.000989715212620672,0.00130523083479243,1.01271378993988,0.0108439670875669,0.00441196467727423,-1.76001136567331,-0.0036868017710974,0.00415121557948615,-0.00596017049695944,-0.061780110539915,-0.0109993739014026,3.80035832633787,2.16307520866394,1.12476623058319,1.06730210781097,0.00904456821573474,-0.000523420386050694,0.0588484514719388,0.00342845916748359,-0.0197243690490902,0.0239408016205052,0.00407773408205525,0.0183325479672572,-0.011658945267356,0,0,0,0,2716.75,7.2332549
-0.000919152354842194,0.00121871647261423,1.022784948349,0.0108439670875669,0.00441196467727423,-1.76001136567331,0.00211688573335433,-0.00259543086534622,-0.101202559546201,-0.0432460773779405,-0.0076995617309818,2.66025082843651,2.16287159919739,1.12387084960938,1.06795859336853,0.00852293239286954,-0.000826146620015132,0.0590902743224446,-0.00407218933103987,-0.0179076194762532,0.0131297111510753,-0.010432716457266,-0.00605452467926675,0.004836457010098,0,0,0,0,2716.8,7.2999587
-0.000848589497063716,0.00113220211043602,1.022784948349,0.0108439670875669,0.00441196467727423,-1.76001136567331,0.00211688573335433,-0.00259543086534622,-0.0105621338641331,-0.0302722541645584,-0.00538969321168726,1.86217557990556,2.16292309761047,1.12240397930145,1.06865465641022,0.00820562739202665,0.00162863856187719,0.0579323081300722,0.000514984130859843,-0.014668703079237,0.00696063041687645,-0.00317305000843179,0.0245478518189455,-0.0115796619237346,0,0,0,0,2716.9,7.3666733
-0.000778083196889693,0.00104602639129241,1.022784948349,0.010673176497221,0.00513144815340638,-1.76047938134408,0.00211518900522069,-0.00258527157430827,-0.0105635211982793,-0.0196534626020781,-0.0102481365333705,1.30773504697088,2.16281843185425,1.12173938751221,1.06863343715668,0.00956304291078868,0.00164495347640682,0.0580442243142517,-0.0020933151245041,-0.0132918357848638,-0.000424385070799237,0.027148310375142,0.000326298290591432,0.00223832368358258,0,0,0,0,2716.95,7.4332142
-0.00070757689671567,0.000959850672148799,1.02574002742767,0.010673176497221,0.00513144815340638,-1.76047938134408,0.00211518900522069,-0.00258527157430827,-0.0371592329063481,-0.0137574238214547,-0.00717369557335933,0.915414532879614,2.1629376411438,1.12092554569244,1.06846380233765,0.0100284720262594,0.00175411366539361,0.0575968597957731,0.00238418579102864,-0.0162768363953525,-0.00339269638063375,0.0093085823094646,0.00218320377974761,-0.00894729036961997,0,0,0,0,2717,7.5001262
-0.000637070596541647,0.00087367495300519,1.02574002742767,0.010673176497221,0.00513144815340638,-1.76047938134408,0.00211518900522069,-0.00258527157430827,-0.0105635211982793,-0.00963019667501828,-0.00502158690135153,0.64079017301573,2.16275358200073,1.12008786201477,1.06839144229889,0.00998334697491685,0.00115203400364008,0.058782197070704,-0.00368118286131473,-0.0167536735534058,-0.00144720077514122,-0.000902501026847162,-0.0120415932350266,0.0237067454985313,0,0,0,0,2717.05,7.5668042
-0.000565630296098679,0.000787616910829135,1.02574002742767,0.0124700656160712,0.00573238171637058,-1.760592153332,0.00214320901328905,-0.00258174126528165,-0.0105611766059023,-0.0229131397421649,-0.00892351289762388,0.449568069002246,2.16267442703247,1.11866998672485,1.06733870506287,0.00937459124920534,-0.00387352924648654,0.0567674775978288,-0.000791549682617907,-0.0141787528991828,-0.0105273723602391,-0.0060875572571207,-0.0502556325013119,-0.0201471947287701,0,0,0,0,2717.15,7.6334901
-0.00049418999565571,0.00070155886865308,1.02574002742767,0.0124700656160712,0.00573238171637058,-1.760592153332,0.00214320901328905,-0.00258174126528165,-0.0105611766059023,-0.0160391978195154,-0.00624645902833672,0.314697648301572,2.16276550292969,1.11798524856567,1.06707870960236,0.0101456746645622,-0.00201115965621548,0.056371635967058,0.00182151794432931,-0.0136947631835439,-0.00519990921018616,0.0154216683070818,0.0372473918052857,-0.00791683261538687,0,0,0,0,2717.2,7.7001898
-0.000422749695212742,0.000615500826477025,1.02574002742767,0.0124700656160712,0.00573238171637058,-1.760592153332,0.00214320901328905,-0.00258174126528165,-0.0105611766059023,-0.0112274384736608,-0.0043725213198357,0.220288353811101,2.16188311576843,1.1160843372345,1.06486701965332,0.00838747482710206,0.00319295447666309,0.0619243306696916,-0.00882387161255685,-0.0190091133117849,-0.0221168994903766,-0.0175819983746177,0.0520411413288331,0.0555269470263858,0,0,0,0,2717.3,7.7669235
-0.000474325763639882,0.000848186233810104,1.041743516922,0.0127839194610715,0.00494046043604612,-1.76108591820932,-0.00154728205281419,0.00698056221999235,-0.153596669225659,-0.010683891536565,0.00406652659903514,0.158645731563644,2.16174364089966,1.1152241230011,1.06345629692078,0.00729159395706752,0.00375899965619311,0.0616982129854537,-0.00278949737547813,-0.0172042846679062,-0.0282144546507763,-0.0219176174006111,0.0113209035905592,-0.00452235368474169,0,0,0,0,2717.35,7.8335151
-0.000807460895894852,0.00123009239429648,1.02521920204163,0.0127839194610715,0.00494046043604612,-1.76108591820932,-0.00999405396764911,0.0114571848145914,0.15842403491993,-0.00747872407559547,0.0028465686193246,0.111052012094551,2.16157793998718,1.11429834365845,1.06232953071594,0.00711374088328528,0.00521111635776238,0.062765803844013,-0.0033140182495298,-0.0185155868531284,-0.0225353240968027,-0.0035570614756642,0.0290423340315439,0.0213518171713021,0,0,0,0,2717.4,7.9004526
-0.00114059602814982,0.00161199855478286,1.02521920204163,0.0127839194610715,0.00494046043604612,-1.76108591820932,-0.00999405396764911,0.0114571848145914,0.00970520099659059,-0.00523510685291683,0.00199259803352722,0.0777364084661857,2.16135311126709,1.11384201049805,1.06167876720428,0.0081636468522471,0.00143279870940072,0.0599581584583374,-0.00449657440183911,-0.00912666320797461,-0.0130152702331069,0.02099811937916,-0.0755663529669584,-0.0561529077133066,0,0,0,0,2717.45,7.9671541
-0.00147410125281895,0.00199331668804035,1.02521920204163,0.013006616383791,0.00592681765556335,-1.76060550477243,-0.0100051567400737,0.0114395439977247,0.0097097910810897,-0.00566884710151709,-0.00748239635218603,0.0500917649943232,2.16089582443237,1.11197340488434,1.06062579154968,0.007381028838068,-0.000753030294979815,0.0591959657316673,-0.00457286834717213,-0.018686056137102,-0.0105297565460301,-0.00782618014179808,-0.0218582900438252,-0.00762192726670759,0,0,0,0,2717.55,8.0338421
-0.00188285583925883,0.00245598853040533,1.02521920204163,0.013006616383791,0.00592681765556335,-1.76060550477243,-0.0122626375931966,0.0138801552709494,0.013465450620527,-0.00396819297106196,-0.00523767744653022,0.0350642354960262,2.16050004959106,1.11146068572998,1.05995738506317,0.00689396421101303,-0.00235880070532719,0.0589996458633149,-0.00791549682614308,-0.0102543830871209,-0.013368129730176,-0.00974129254106393,-0.0321154082068306,-0.00392639736703533,0,0,0,0,2717.6,8.1005645
-0.00229161042569872,0.00291866037277031,1.02521920204163,0.013006616383791,0.00592681765556335,-1.76060550477243,-0.0122626375931966,0.0138801552709494,0.013465450620527,-0.00277773507974337,-0.00366637421257115,0.0245449648472184,2.16012454032898,1.11046481132507,1.05982565879822,0.00641137208187707,0.0040140452281387,0.0601063756458275,-0.00375509262085302,-0.00995874404908132,-0.00131726264953733,-0.00482592129136406,0.0637284593347168,0.0110672978251362,0,0,0,0,2717.7,8.167286
-0.0026997535624545,0.00338111566475262,1.01764595508575,0.0120221497491002,0.00609829509630799,-1.76063745286203,-0.0122442941026734,0.0138736587594691,0.0816361282112485,0.00691578515639649,-0.00410975891550155,0.0174690081994493,2.15990614891052,1.10990989208221,1.05992579460144,0.00679725857691886,0.00507993226726231,0.060723859447081,-0.00436782836916446,-0.0110983848572383,0.00200271606446405,0.00771772990087803,0.0213177407825886,0.0123496760251375,0,0,0,0,2717.75,8.2338089
-0.00304423138601564,0.00396506226821111,1.01082420349121,0.0120221497491002,0.00609829509630799,-1.76063745286203,-0.0103343347068343,0.017518398103755,0.0687363291788654,0.00484104960947754,-0.00287683124085109,0.0122283057396145,2.15963387489319,1.10932672023773,1.06047141551971,0.00764931001052301,0.00553646469207777,0.0616386111072309,-0.00544548034665988,-0.011663436889606,0.0109124183654388,0.0170410286720209,0.00913064849627601,0.0182950332029321,0,0,0,0,2717.8,8.3006518
-0.00338870920957679,0.00454900887166961,1.01082420349121,0.0120221497491002,0.00609829509630799,-1.76063745286203,-0.0103343347068343,0.017518398103755,0.00734056482797424,0.00338873472663428,-0.00201378186859576,0.00855981401773017,2.15960121154785,1.10881912708282,1.0611720085144,0.0085348187864286,0.00317337147538164,0.0575621252506712,-0.000653266906735905,-0.0101518630981076,0.0140118598937479,0.0177101755180475,-0.0472618643337506,-0.0815297171308981,0,0,0,0,2717.85,8.3673434
-0.00373367196140703,0.00513367617560437,1.01082420349121,0.0137165263295174,0.00427697878330946,-1.76058666970468,-0.0103488825549074,0.0175400191180428,0.00730513747448251,-0.0128772749151104,0.0149821995089698,0.00553482139627343,2.15910768508911,1.10758697986603,1.06364321708679,0.00882662614935156,0.00396333258075447,0.0586110744395944,-0.00493526458740683,-0.01232147216798,0.0247120857238994,0.00291807362923228,0.00789961105373546,0.0104894918892422,0,0,0,0,2717.95,8.4340274
-0.00407863471323728,0.00571834347953913,1.00747108459473,0.0137165263295174,0.00427697878330946,-1.76058666970468,-0.0103488825549074,0.0175400191180428,0.0374832075428419,-0.00901409244057729,0.0104875396562788,0.0038743749773914,2.15878486633301,1.10724329948425,1.06480526924133,0.00783793217709203,0.00339897063906675,0.0588860030746185,-0.00645637512210554,-0.00687360763553556,0.0232410430909471,-0.0197738794452987,-0.011287238833816,0.00549857270051221,0,0,0,0,2718,8.5006939
-0.00442359746506753,0.00630301078347389,1.00747108459473,0.0137165263295174,0.00427697878330946,-1.76058666970468,-0.0103488825549074,0.0175400191180428,0.00730513747448251,-0.0063098647084041,0.00734127775939518,0.00271206248417398,2.15845775604248,1.10650300979614,1.06633484363556,0.00818685900452599,-0.0027041059714978,0.0569495842703408,-0.00327110290526154,-0.00740289688107658,0.0152957439422051,0.00348926827432692,-0.0610307661054235,-0.0193641880427069,0,0,0,0,2718.1,8.5673871
-0.00476839090908909,0.00688727491107502,1.00747108459473,0.0129776233807206,0.00528404489159584,-1.76056068207956,-0.0103438033206469,0.0175279238280337,0.00732286630297155,0.00223322124328787,-0.0039247005430008,0.00166455511282315,2.15829920768738,1.10606908798218,1.06794106960297,0.00979339937853071,-0.00273636792242992,0.0567106130547295,-0.00317096710206809,-0.00867843627934423,0.0321245193483198,0.0321308074802698,-0.000645239018645903,-0.00477942431225133,0,0,0,0,2718.15,8.6341118
-0.00511318435311066,0.00747153903867614,1.00747108459473,0.0129776233807206,0.00528404489159584,-1.76056068207956,-0.0103438033206469,0.0175279238280337,0.00732286630297155,0.00156325487030151,-0.00274729038010056,0.00116518857897621,2.15811967849731,1.10581541061401,1.06892204284668,0.00852934869567749,-0.00417898335076277,0.0545856631818012,-0.00359058380125647,-0.00507354736326279,0.0196194648741962,-0.0252810136569725,-0.028852308566552,-0.0424989974584118,0,0,0,0,2718.2,8.7010657
-0.00545797779713222,0.00805580316627727,1.00747108459473,0.0129776233807206,0.00528404489159584,-1.76056068207956,-0.0103438033206469,0.0175279238280337,0.00732286630297155,0.00109427840921106,-0.00192310326607039,0.000815632005283344,2.15736961364746,1.10554945468903,1.0706033706665,0.00847316105333719,-0.00478066720176126,0.0562213355183734,-0.0150012969971522,-0.00531911849978489,0.0336265563966679,-0.00112375284681217,-0.0120336770200353,0.0327134467316223,0,0,0,0,2718.25,8.7678109
-0.00535176134833204,0.0079861979858039,0.999825060367584,0.0141836293041706,0.00640935963019729,-1.76099746491647,0.00318649346400563,-0.00208815541420099,0.0731775192080209,-0.0100880584246022,-0.0114740049336623,0.0045019879359249,2.15807843208313,1.10478734970093,1.07383906841278,0.00999996791959392,-0.00200161632457363,0.0485434458132269,0.00708818435666367,-0.00762104988095372,0.0323569774626508,0.0152680686625118,0.0277905087717752,-0.0767788970511855,0,0,0,0,2718.35,8.8345384
-0.00545151492949539,0.00795681663053374,1.0242418050766,0.0141836293041706,0.00640935963019729,-1.76099746491647,-0.00299260743490054,-0.00088144065810485,-0.22018189625014,-0.00706164089722154,-0.0080318034535636,0.00315139155514743,2.1578209400177,1.10455191135406,1.07414591312408,0.0107099902075084,-0.000958215427296671,0.0485142338301213,-0.00514984130862185,-0.00470876693728155,0.00613689422610771,0.0142004457583666,0.020868017945653,-0.000584239662115429,0,0,0,0,2718.4,8.9012121
-0.00555126851065874,0.00792743527526358,1.0242418050766,0.0141836293041706,0.00640935963019729,-1.76099746491647,-0.00299260743490054,-0.00088144065810485,-0.000431193869006073,-0.00494314862805508,-0.00562226241749452,0.0022059740886032,2.1575562953949,1.10420024394989,1.07428884506226,0.0100106123890707,0.00253055732035548,0.0487445186946076,-0.00529289245603543,-0.00703334808347051,0.00285863876341733,-0.0139875563687019,0.0697754549527891,0.00460569728970895,0,0,0,0,2718.45,8.9679217
-0.00565101088624193,0.00789801115182929,1.0242418050766,0.0147181702777743,0.00523180421441793,-1.76082437302804,-0.0029922712674957,-0.000882723703028551,-0.00043105089952934,-0.00827107280207208,0.00666241504976801,-1.36451338273677e-05,2.15633630752563,1.10355198383331,1.07145595550537,0.00733532506644551,0.00390188816997148,0.0498214976440166,-0.012199878692638,-0.00648260116577738,-0.0283288955688734,-0.0267528732262766,0.0137133084961726,0.0107697894940997,0,0,0,0,2718.55,9.03462
-0.00605059479933037,0.00825810577659949,1.0242418050766,0.0147181702777743,0.00523180421441793,-1.76082437302804,-0.0119875173926534,0.0108028387431062,0.0027483681442928,-0.00578975096145046,0.0046636905348376,-9.55159367915736e-06,2.15587830543518,1.10310864448547,1.06970405578613,0.00796068897391227,0.0017199796983348,0.0490623996958366,-0.00916004180904871,-0.00886678695675485,-0.0350379943846382,0.0125072781492898,-0.0436381694325749,-0.0151819589635446,0,0,0,0,2718.6,9.1012611
-0.00645017871241882,0.0086182004013697,1.0242418050766,0.0147181702777743,0.00523180421441793,-1.76082437302804,-0.0119875173926534,0.0108028387431062,0.0027483681442928,-0.00405282567301532,0.00326458337438632,-6.68611557541015e-06,2.15397024154663,1.1022025346756,1.06621277332306,0.00938059953243954,0.00302907197412981,0.0521899457878678,-0.0190806388855154,-0.00906109809876312,-0.0349128246307691,0.0141991055852856,0.013090922757962,0.0312754609203405,0,0,0,0,2718.7,9.16797
-0.00684977963665677,0.00897837120831234,1.04344797134399,0.0150113785639405,0.00477583613246679,-1.76084893014169,-0.0119880277271385,0.0108051242082791,-0.170112626785633,-0.00547585254660644,0.0063889210996307,0.000216333741924361,2.15282011032104,1.10174405574799,1.06385278701782,0.00904506442883086,0.00386105500644813,0.0546866432724953,-0.0230026245118443,-0.00916957855229613,-0.0471997261049939,-0.00671070207221023,0.0166396606464572,0.049933949692822,0,0,0,0,2718.75,9.2346538
-0.00737244722906018,0.00956933499934764,1.04344797134399,0.0150113785639405,0.00477583613246679,-1.76084893014169,-0.0156800277721022,0.017728913731059,0.0112981933795797,-0.00383309678262451,0.00447224476974149,0.000151433619347053,2.15264272689819,1.10151636600494,1.06121170520782,0.00812496275656692,0.00337158521335552,0.0534053428662512,-0.00354766845701834,-0.00455379486082328,-0.052821636199759,-0.0184020334452118,-0.00978939586181666,-0.0256260081247886,0,0,0,0,2718.8,9.3013523
-0.00789511482146358,0.0101602987903829,1.04344797134399,0.0150113785639405,0.00477583613246679,-1.76084893014169,-0.0156800277721022,0.017728913731059,0.0112981933795797,-0.00268316774783716,0.00313057133881904,0.000106003533542937,2.15208840370178,1.10119760036469,1.05855846405029,0.00854216219060608,0.00205643090684635,0.0554326599116192,-0.0110864639281823,-0.00637531280515259,-0.0530648231504417,0.00834398868075275,-0.0263030861300876,0.0405463409072117,0,0,0,0,2718.85,9.3680365
-0.00841757965477721,0.0107512374171496,1.04233145713806,0.0145004354417324,0.00457925675436854,-1.76070373322702,-0.0156739449994088,0.0177281588029987,0.0213515364211159,0.00272027067638706,0.00396061434005757,-0.00123256975857561,2.1508891582489,1.10075569152832,1.05348205566406,0.0078805621769333,0.00195681734695681,0.0582259571096787,-0.0119924545288195,-0.00441908836365148,-0.0507640838623509,-0.00661600013673376,-0.000996135598896304,0.0279329719806207,0,0,0,0,2718.95,9.4347138
-0.00894004448809084,0.0113421760439162,1.04233145713806,0.0145004354417324,0.00457925675436854,-1.76070373322702,-0.0156739449994088,0.0177281588029987,0.0113029085677224,0.00190418947347094,0.0027724300380403,-0.000862798831002926,2.15030193328857,1.10050785541534,1.05108273029327,0.00827835716640375,9.42489106172936e-05,0.056931058456377,-0.0117444992066071,-0.00495672225954853,-0.0479865074160333,0.00795589978945234,-0.0372513687269937,-0.0258979730661744,0,0,0,0,2719,9.5014024
-0.00946250932140446,0.0119331146706828,1.04233145713806,0.0145004354417324,0.00457925675436854,-1.76070373322702,-0.0156739449994088,0.0177281588029987,0.0113029085677224,0.00133293263142966,0.00194070102662821,-0.000603959181702048,2.14955306053162,1.10040593147278,1.04677975177765,0.00823796801928679,-0.00253047968136203,0.0573559079779177,-0.00748872756955283,-0.00101923942565547,-0.0430297851560935,-0.000403891471168089,-0.0262472859196977,0.00424849521539076,0,0,0,0,2719.1,9.5681299
-0.00998532931754915,0.0125244562597934,1.03016555309296,0.0152105530723929,0.003864690894261,-1.76061170365548,-0.0156845998843406,0.0177402476733172,0.120779496479503,-0.00545800583394405,0.00778958345960762,-0.00125103757099026,2.14917039871216,1.10043048858643,1.04480576515198,0.00778987674375139,-0.00343857233212323,0.0574281070915163,-0.00765323638920192,0.000491142272951899,-0.0394797325136432,-0.008961825510757,-0.0181618530153231,0.00144398227198095,0,0,0,0,2719.15,9.634829
-0.0105081493136938,0.0131157978489039,1.03016555309296,0.0152105530723929,0.003864690894261,-1.76061170365548,-0.0156845998843406,0.0177402476733172,0.0112863600735578,-0.00382060408376083,0.00545270842172533,-0.000875726299693183,2.14883947372437,1.10055863857269,1.04292035102844,0.00708103771653069,-0.00314326681711753,0.0572050758390567,-0.0066184997558353,0.00256299972533247,-0.0377082824705659,-0.0141767805443624,0.00590611030009232,-0.00446062504917647,0,0,0,0,2719.2,9.7015625
-0.0110309693098385,0.0137071394380145,1.03016555309296,0.0152105530723929,0.003864690894261,-1.76061170365548,-0.0156845998843406,0.0177402476733172,0.0112863600735578,-0.00267442285863258,0.00381689589520773,-0.000613008409785228,2.14846038818359,1.10063219070435,1.04095613956451,0.00720298894222898,-0.00155208256480555,0.056738849073992,-0.00758171081547106,0.00147104263306467,-0.0392842292787788,0.00243902451397908,0.0318236850464133,-0.0093245353013439,0,0,0,0,2719.25,9.7682608
-0.0114276036905533,0.0141599126792221,1.0243753194809,0.0139583563432097,0.00575716933235526,-1.76105349328256,-0.0118990314214437,0.0135831972362287,0.0662945145636722,0.00939767456160597,-0.0143604788162029,0.0035470007568271,2.14768958091736,1.10089373588562,1.03704655170441,0.00691778181303897,-0.000553384396580772,0.0559939232070471,-0.00770807266232547,0.00261545181273463,-0.039095878600932,-0.00285207129188974,0.00998698168221146,-0.0074492586694223,0,0,0,0,2719.35,9.8349351
-0.0119549403458497,0.0148106779037171,1.0243753194809,0.0139583563432097,0.00575716933235526,-1.76105349328256,-0.0158200996588923,0.0195229567348496,0.0201465284748287,0.00657837219312418,-0.010052335171342,0.00248290052977897,2.14741611480713,1.10099387168884,1.03562152385712,0.00777695325287531,-0.000549256474135831,0.055561762743065,-0.00546932220461969,0.00200271606446405,-0.0285005569459563,0.0171834287968207,8.2558448899264e-05,-0.00864320927968896,0,0,0,0,2719.4,9.9016519
-0.0124822770011461,0.0154614431282121,1.0243753194809,0.0139583563432097,0.00575716933235526,-1.76105349328256,-0.0158200996588923,0.0195229567348496,0.0201465284748287,0.00460486053518692,-0.00703663461993943,0.00173803037084528,2.14667344093323,1.10099673271179,1.03453135490417,0.00814516228291441,-0.000513723997274681,0.0574823436053621,-0.0148534774779733,5.72204589841668e-05,-0.0218033790587586,0.00736418060075507,0.000710649537220412,0.0384116172458031,0,0,0,0,2719.45,9.9683272
-0.0130103038623653,0.016114724204813,1.0243753194809,0.0150074195116758,0.00313218613155186,-1.76077525880075,-0.0158408058365748,0.0195984322980271,0.0201026005739796,-0.00621816614156397,0.018699204573273,-0.00128748907671202,2.14579892158508,1.10126066207886,1.03303241729736,0.00656802844372547,-0.00292204067252451,0.0566008091701444,-0.00874519348145327,0.0026392936706567,-0.0149893760681289,-0.0157713383919037,-0.0240831667525202,-0.00881534435218584,0,0,0,-0.000140824996196771,2719.55,10.0350501
-0.0135383307235845,0.0167680052814139,1.0243753194809,0.0150074195116758,0.00313218613155186,-1.76077525880075,-0.0158408058365748,0.0195984322980271,0.0201026005739796,-0.00435271629909478,0.0130894432012911,-0.000901242353698412,2.14511251449585,1.1014449596405,1.03257477283478,0.00616430637568109,-0.00206479343858415,0.05746049870971,-0.013728141784618,0.00368595123289675,-0.00915288925167569,-0.0080744413608581,0.0171449446787449,0.0171937907912501,0,0,0,0.0788913577151204,2719.6,10.1017889
-0.0140663575848036,0.0174212863580148,1.0243753194809,0.0150074195116758,0.00313218613155186,-1.76077525880075,-0.0158408058365748,0.0195984322980271,0.0201026005739796,-0.00304690140936635,0.00916261024090377,-0.000630869647588888,2.14460706710815,1.10183072090149,1.03194272518158,0.00670403839844502,-0.0013547829737596,0.0575195524834781,-0.0101089477539614,0.00771522521976866,-0.0126409530640338,0.0107946404553374,0.0142002092965684,0.00118107547536848,0,0,0,0.15388952248023,2719.65,10.1685414
-0.0143483971219956,0.0176388465697703,1.00582444667816,0.0142602333799005,0.00507766753435135,-1.76102965142465,-0.00846118611575973,0.0065268063526629,0.174732454155282,0.00459184419942197,-0.0110955054565627,0.00184792486180008,2.14357709884644,1.10238909721375,1.03022587299347,0.00939378694692723,-0.000922833787873109,0.0572456740300627,-0.0102996826171969,0.00558376312256367,-0.0171685218811191,0.0268974854848466,0.00431949185886887,-0.00273878453415587,0,0,0,0.221073892472254,2719.75,10.235255
-0.0146628237130095,0.0178936995981985,1.00582444667816,0.0142602333799005,0.00507766753435135,-1.76102965142465,-0.00943279773041797,0.007645590852847,0.0124960554335753,0.00321429093959538,-0.00776685381959392,0.00129354740326006,2.14304828643799,1.10279178619385,1.02890884876251,0.00934650171184507,-0.00143098544298465,0.0583466262739622,-0.0105762481689068,0.00805377960202148,-0.0263404846190448,-0.000945704701639822,-0.0101630331021939,0.0220190448779099,0,0,0,0.2774267173445,2719.8,10.3020042
-0.0149772503040235,0.0181485526266267,1.00582444667816,0.0142602333799005,0.00507766753435135,-1.76102965142465,-0.00943279773041797,0.007645590852847,0.0124960554335753,0.00225000365771677,-0.00543679767371575,0.000905483182282041,2.1421480178833,1.10407710075378,1.02588784694672,0.00572221440215703,-0.00144486070362546,0.0673666026266748,-0.00900268554688319,0.0128531455993769,-0.0302100181579865,-0.0362428730969133,-0.000138752606408141,0.090199763527208,0,0,0,0.32073798680217,2719.9,10.3688444
-0.0152922856754692,0.0184042478900053,1.00983762741089,0.0159589592367411,0.00467697205021977,-1.76234500672555,-0.00945106114337062,0.00767085790135749,-0.0236369288868021,-0.0137135301511638,-0.00019949901441685,0.0124720359357273,2.1421320438385,1.10499143600464,1.02412402629852,0.0042692778292949,-0.00304215200661431,0.0740071095240016,-0.000319480895994931,0.0182867050170233,-0.0352764129637389,-0.0290587314571369,-0.0319458260596609,0.132810137946051,0,0,0,0.349777589759173,2719.95,10.4358259
-0.0156073210469148,0.0186599431533839,1.00983762741089,0.0159589592367411,0.00467697205021977,-1.76234500672555,-0.00945106114337062,0.00767085790135749,0.0124816977077414,-0.00959947110581463,-0.000139649310091795,0.00873042515500912,2.14158725738525,1.1060494184494,1.02299427986145,0.00314251292359006,-0.00275698242191611,0.0866188969332282,-0.0108957290650009,0.0211596488953791,-0.0225949287415784,-0.0225352981142198,0.00570339169399513,0.252235748185909,0,0,0,0.364319645102709,2720,10.5025045
-0.0159223564183605,0.0189156384167625,1.00983762741089,0.0159589592367411,0.00467697205021977,-1.76234500672555,-0.00945106114337062,0.00767085790135749,0.0124816977077414,-0.00671962977407024,-9.77545170642564e-05,0.00611129760850638,2.14096164703369,1.10883092880249,1.02117371559143,0.00224112948090778,-0.000659117622926906,0.122325172486192,-0.00625610351560224,0.0278151035307826,-0.0182056427001291,-0.00901383442679003,0.0209786479898158,0.35706275552834,0,0,0,0.365506140936065,2720.1,10.5691817
-0.0162291803012585,0.0191787106963379,0.998032331466675,0.0135107645764947,0.00572968367487192,-1.7890071180079,-0.00920471648693844,0.00789216838726253,0.118751943080355,0.0173300111003682,-0.0095428327838143,0.244236909867092,2.14066362380981,1.11054468154907,1.02085912227631,0.00422010309293576,-0.00193914853979751,0.143112730198296,-0.00596046447757159,0.0342750549318277,-0.00629186630252457,0.0395794722407756,-0.0256006183375519,0.41575115424434,0,0,0,0.355236858492144,2720.15,10.6358946
-0.0165360041841564,0.0194417829759133,0.998032331466675,0.0135107645764947,0.00572968367487192,-1.7890071180079,-0.00920471648693844,0.00789216838726253,0.0125042795824306,0.0121310077702577,-0.00667998294867001,0.170965836906965,2.14052033424377,1.11237490177155,1.02074134349823,0.00539570530249558,-0.00374557886821462,0.166009779745038,-0.00286579132079036,0.0366044044493297,-0.00235557556151487,0.0235120441911108,-0.0361286065682107,0.457940990933174,0,0,0,0.336151670810117,2720.2,10.7025723
-0.0168428280670544,0.0197048552554887,0.998032331466675,0.0135107645764947,0.00572968367487192,-1.7890071180079,-0.00920471648693844,0.00789216838726253,0.0125042795824306,0.00849170543918041,-0.00467598806406901,0.119676085834875,2.13860535621643,1.11596536636353,1.02073049545288,0.00466601959076158,-0.00270253940755069,0.223549580247788,-0.0191497802734549,0.0359046459198325,-0.00010848045349131,-0.00729685711734662,0.0104303946066488,0.57539800502803,0,0,0,0.311330127392899,2720.3,10.769246
-0.0166838342871858,0.0199318881893242,0.994116544723511,0.0144760739058256,0.00648960284888744,-1.86935990121103,0.00476981339605804,0.0068109880150652,0.0363721128499456,-0.002743590156552,-0.010112464210988,0.806948308912538,2.13776469230652,1.11754381656647,1.02082908153534,0.00572856239684206,0.000276828879259428,0.254494331078228,-0.016813278198181,0.031569004058723,0.00197172164916275,0.0212508561215323,0.0595873657359855,0.618895016606547,0,0,0,0.283874888694378,2720.35,10.8362344
-0.0168652075368366,0.0200499893136976,0.994116544723511,0.0144760739058256,0.00648960284888744,-1.86935990121103,-0.0054411974895236,0.0035430337311998,-0.00114282568910362,-0.0019205131095864,-0.0070787249476916,0.564863816238776,2.13679504394531,1.1191303730011,1.02066135406494,0.00653329707227142,0.00154827289110577,0.285057607222281,-0.0193929672242269,0.0317311286928001,-0.00335454940797729,0.0160946935086751,0.0254288802370656,0.611265522884384,0,0,0,0.257122629661269,2720.4,10.9029574
-0.0170465807864873,0.0201680904380709,0.994116544723511,0.0144760739058256,0.00648960284888744,-1.86935990121103,-0.0054411974895236,0.0035430337311998,-0.00114282568910362,-0.00134435917671048,-0.00495510746338412,0.395404671367143,2.13529777526855,1.12234675884247,1.01985013484955,0.00625238506592081,0.00219885137799052,0.343954671182393,-0.0299453735350473,0.0643277168271586,-0.0162243843078023,-0.00561824012699177,0.0130115697376476,1.17794127919796,0,0,0,0.233644985192406,2720.45,10.9696515
-0.017213557990413,0.0203057586992489,0.997856140136719,0.0148446215316653,0.00620567612349987,-1.98170440461374,-0.00500931611776799,0.00413004783534133,-0.0348011496737674,-0.00425798005625473,-0.000913234695880726,1.28788380058139,2.13399434089661,1.12385582923889,1.01878595352173,0.00526251385577144,0.00261510943791133,0.374714181835291,-0.0130343437194943,0.0150907039642471,-0.0106418132782079,-0.00989871210150279,0.00416258059921187,0.30759510652926,0,0,0,0.215456596120779,2720.55,11.0363199
-0.0173805351943386,0.020443426960427,0.997856140136719,0.0148446215316653,0.00620567612349987,-1.98170440461374,-0.00500931611776799,0.00413004783534133,-0.00114479095489535,-0.00298058603937831,-0.000639264287116508,0.901518660406973,2.13331413269043,1.12499046325684,1.01734066009521,0.00770264041512131,0.00285881109248908,0.401454025459049,-0.0136041641234857,0.0226926803588042,-0.0289058685301683,0.04880253118682,0.00487403309153741,0.534796872473223,0,0,0,0.203773302851956,2720.6,11.10299
-0.0175475123982642,0.020581095221605,0.997856140136719,0.0148446215316653,0.00620567612349987,-1.98170440461374,-0.00500931611776799,0.00413004783534133,-0.00114479095489535,-0.00208641022756482,-0.000447485000981556,0.631063062284881,2.13138127326965,1.12708652019501,1.01394009590149,0.0107284028968436,0.00109360211780498,0.455105580831988,-0.0193285942077813,0.0209605693817329,-0.0340056419372868,0.0302576248172506,-0.0176520897468571,0.536515553729871,0,0,0,0.1989590447837,2720.7,11.1698467
-0.0176405266797423,0.0207119568134645,1.00521409511566,0.014217933639884,0.0043966737575829,-2.0904478337977,-0.00279042844434407,0.00392584775578429,-0.0568771791897622,0.0041797038667366,0.0159677817925656,1.42043500625506,2.130779504776,1.12792754173279,1.01264655590057,0.0134273002358501,-0.00113060607104038,0.477121257536205,-0.0120353698731126,0.016820430755707,-0.0258708000184517,0.0539779467804241,-0.0444841637771498,0.440313534086746,0,0,0,0.200612797881593,2720.75,11.2371907
-0.018517667747987,0.0205382309654314,1.00521409511566,0.014217933639884,0.0043966737575829,-2.0904478337977,-0.0263142320473425,-0.00521177544099223,0.0115409293188188,0.00292579270671562,0.0111774472547959,0.99430450437854,2.13065671920776,1.12861037254333,1.01129829883575,0.013328427546972,-0.000932891982342524,0.498032790149897,-0.00245571136473716,0.0136566162108878,-0.0269651412962886,-0.0019774537775553,0.00395428177394269,0.418230652272333,0,0,0,0.207464415329911,2720.8,11.3039421
-0.0193948088162318,0.0203645051173983,1.00521409511566,0.014217933639884,0.0043966737575829,-2.0904478337977,-0.0263142320473425,-0.00521177544099223,0.0115409293188188,0.00204805489470093,0.00782421307835715,0.696013153064978,2.12865805625916,1.12842488288879,1.00824820995331,0.0153891944434613,-0.000418183788766994,0.544386819097331,-0.0199866294861022,-0.00185489654541184,-0.0305008888244906,0.0206076689649121,0.00514708193575998,0.463540289474761,0,0,0,0.217700205920635,2720.9,11.3706558
-0.0202842656756179,0.0202719547871863,0.992994725704193,0.0137069970369339,0.00520475162193179,-2.18288021352029,-0.0266837057815835,-0.00277650990636277,0.121512541724806,0.00603206785284152,-0.00179575162428999,1.31910062464884,2.1275782585144,1.1280859708786,1.00674223899841,0.0148019437854966,8.87124845964468e-05,0.56820824915987,-0.021595954894941,-0.00677824020383276,-0.0301194190977908,-0.0117450131592508,0.0101379254672319,0.476428601249029,0,0,0,0.22916714677738,2720.95,11.4373347
-0.021173722535004,0.0201794044569742,0.992994725704193,0.0137069970369339,0.00520475162193179,-2.18288021352029,-0.0266837057815835,-0.00277650990636277,0.0115382170215899,0.00422244749698906,-0.00125702613700299,0.923370437254189,2.12725257873535,1.12758493423462,1.00555348396301,0.0180100992210865,-0.000135787060948532,0.587547712651944,-0.00651359558109023,-0.0100207328796934,-0.0237751007081376,0.0641631087121469,-0.00448999091092408,0.386789269843601,0,0,0,0.239603023505201,2721,11.5040259
-0.0220631793943901,0.0200868541267621,0.992994725704193,0.0137069970369339,0.00520475162193179,-2.18288021352029,-0.0266837057815835,-0.00277650990636277,0.0115382170215899,0.00295571324789234,-0.000879918295902094,0.646359306077932,2.12641716003418,1.12638807296753,1.00380825996399,0.0176321895211207,0.000725693017241687,0.629743245881044,-0.00835418701168836,-0.0119686126708549,-0.0174522399901709,-0.00377909699964422,0.00861480078187085,0.421955332289461,0,0,0,0.246848811196457,2721.1,11.5707616
-0.0229576006721809,0.0200619071593854,0.980056345462799,0.0146818645298481,0.00549972057342529,-2.25841408040262,-0.0268326383337216,-0.000748409021299134,0.127966183828176,-0.00670480816270316,-0.00327066337057298,1.13225631619547,2.12628126144409,1.12554025650024,1.00386786460876,0.0188032643227915,0.000166772176179502,0.649636204632516,-0.00271797180177264,-0.0169563293457957,0.00119209289551432,0.023421496033544,-0.0111784168213047,0.397859175031625,0,0,0,0.249048050227925,2721.15,11.6374598
-0.0238520219499716,0.0200369601920088,0.980056345462799,0.0146818645298481,0.00549972057342529,-2.25841408040262,-0.0268326383337216,-0.000748409021299134,0.0115207616556296,-0.00469336571389221,-0.00228946435940109,0.792579421336829,2.12615537643433,1.12465965747833,1.0039074420929,0.0223581687250036,0.00215621860327896,0.669115267341178,-0.00251770019530334,-0.0176119804381684,0.000791549682614308,0.0710980880439825,0.0397889285418445,0.389581254171815,0,0,0,0.244829106517051,2721.2,11.7041921
-0.0247464432277623,0.0200120132246322,0.980056345462799,0.0146818645298481,0.00549972057342529,-2.25841408040262,-0.0268326383337216,-0.000748409021299134,0.0115207616556296,-0.00328535599972455,-0.00160262505158076,0.554805594935781,2.12569689750671,1.1222380399704,1.00356483459473,0.0222737171821837,0.00436759408169232,0.715839636748529,-0.00458478927612722,-0.0242161750793677,-0.00342607498169257,-0.000844515428199276,0.0221137547841537,0.467243694073936,0,0,0,0.233398730182979,2721.3,11.7708748
-0.0233472583003736,0.0202838817049364,0.987964630126953,0.0157245136797428,0.00613718433305621,-2.3275436666224,0.041975547821661,0.00815605440912786,-0.0870721597864822,-0.0116835915488596,-0.0068590113727848,1.01053019243313,2.12569665908813,1.12054479122162,1.00225532054901,0.0207974705717815,0.00421603695026891,0.740484452268612,-4.7683715820139e-06,-0.0338649749754627,-0.0261902809142114,-0.0295249322079363,-0.00303114262845725,0.492896310399865,0,0,0,0.214557985822582,2721.35,11.8375634
-0.0224079586293097,0.0214336301131041,0.987964630126953,0.0157245136797428,0.00613718433305621,-2.3275436666224,0.0281789901319163,0.0344924522450294,-0.00428988919906403,-0.00817851408420173,-0.00480130796094936,0.707371134703194,2.12559413909912,1.11897873878479,1.00097298622131,0.0199425030002578,0.00491118283217546,0.764852771528785,-0.00205039978028463,-0.0313210487367432,-0.025646686554095,-0.0170993514305668,0.0139029176382069,0.487366385206122,0,0,0,0.188675202076158,2721.4,11.9042679
-0.0214686589582458,0.0225833785212717,0.987964630126953,0.0157245136797428,0.00613718433305621,-2.3275436666224,0.0281789901319163,0.0344924522450294,-0.00428988919906403,-0.00572495985894121,-0.00336091557266455,0.495159794292236,2.12533783912659,1.115309715271,0.997872889041901,0.0170458201247923,0.00648290547842107,0.816130133145037,-0.00256299972534413,-0.0366902351379728,-0.0310009717941566,-0.028966828754682,0.0157172264624704,0.51277361616298,0,0,0,0.156597637546858,2721.5,11.9709977
-0.0204428060556969,0.0236561423142175,0.991203308105469,0.0133878737688065,0.00431094225496054,-2.40594749715066,0.0307755870764688,0.0321829137883728,-0.0334895407766845,0.0170222872971684,0.0140835378019959,1.0522463307589,2.12544870376587,1.11314225196838,0.996599912643433,0.0185963011243943,0.00623558125332644,0.839698045330629,0.00221729278563646,-0.0433492660520884,-0.0254595279692677,0.0310096199919272,-0.00494648450187474,0.471358243710133,0,0,0,0.119547202632498,2721.55,12.0377192
-0.0194169531531479,0.0247289061071632,0.991203308105469,0.0133878737688065,0.00431094225496054,-2.40594749715066,0.0307755870764688,0.0321829137883728,-0.00434143897004389,0.0119156011080178,0.00985847646139712,0.736572431531229,2.12559700012207,1.11009407043457,0.993787348270416,0.0156219195597745,0.00553956553412042,0.864150894805025,0.00296592712401265,-0.0609636306760478,-0.0562512874601225,-0.059487631292178,-0.0139203143840697,0.489056989486136,0,0,0,0.0789166962650725,2721.6,12.1044511
-0.018391100250599,0.025801669900109,0.991203308105469,0.0133878737688065,0.00431094225496054,-2.40594749715066,0.0307755870764688,0.0321829137883728,-0.00434143897004389,0.00834092077561249,0.00690093352297798,0.51560070207186,2.12648320198059,1.10423707962036,0.987357318401337,0.0176243512168255,0.0071297742639202,0.907505252005979,0.00886201858521314,-0.0585699081421431,-0.0643002986908544,0.0200243165705281,0.0159020872980123,0.433543572009935,0,0,0,0.0361917216484187,2721.7,12.1711199
-0.0171880858847745,0.0272578361789901,0.998033106327057,0.0143152512609959,0.00436575338244438,-2.48693948056436,0.0360904309747338,0.0436849883664338,-0.0626547824056041,-0.00250775288677592,0.00433735331872999,1.08984834217357,2.127445936203,1.10057640075684,0.983273029327393,0.0227580166803954,0.0125599460186401,0.925051885816732,0.0192546844483473,-0.0732135772709073,-0.0816857814793276,0.102673309271957,0.108603435094991,0.350932676216985,0,0,0,-0.00736492369559677,2721.75,12.2378314
-0.015710338772056,0.0289443865743601,0.998033106327057,0.0143152512609959,0.00436575338244438,-2.48693948056436,0.0443324133815543,0.050596511861099,0.00823922452063898,-0.00175542702074315,0.00303614732311099,0.762893839521498,2.12919735908508,1.09915125370026,0.980726003646851,0.0366660589860318,0.0108315788342005,0.939357659740463,0.0350284576414741,-0.0285029411314881,-0.0509405136106545,0.278160846111716,-0.0345673436886664,0.286115478473568,0,0,0,-0.0506033825607735,2721.8,12.3045256
-0.0142325916593375,0.03063093696973,0.998033106327057,0.0143152512609959,0.00436575338244438,-2.48693948056436,0.0443324133815543,0.050596511861099,0.00823922452063898,-0.0012287989145202,0.00212530312617769,0.534025687665049,2.13141989707947,1.09038579463959,0.973003149032593,0.0301931020280693,0.00805635782027221,0.976297515191467,0.0222253799438679,-0.0876545906067692,-0.0772285461426484,-0.0647295695796834,-0.0277522101393083,0.369398554510382,0,0,0,-0.0926977315631661,2721.9,12.3712028
-0.0126497938087477,0.0322196084845065,0.996141016483307,0.0144569939002395,0.00384993874467909,-2.55098526742196,0.0474839355176953,0.0476601454432924,0.0252429064859574,-0.00213584299335657,0.00613004392821198,0.950230063083979,2.13333511352539,1.08629059791565,0.969028770923615,0.0315447796931405,0.00688102556197339,0.989439683664522,0.0383043289183177,-0.0819039344784618,-0.0794875621792763,0.0270335533013255,-0.0235066451658908,0.262843369460127,0,0,0,-0.133126356326067,2721.95,12.4378675
-0.0110669959581579,0.0338082799992829,0.996141016483307,0.0144569939002395,0.00384993874467909,-2.55098526742196,0.0474839355176953,0.0476601454432924,0.00821409789220743,-0.0014950900953496,0.00429103074974839,0.665161044158785,2.13579607009888,1.08189642429352,0.966370820999146,0.0290168818106276,0.00901957340549252,0.997526267020228,0.0492191314699952,-0.0878834724431065,-0.05315899848967,-0.0505579576505338,0.0427709568706159,0.161731667115007,0,0,0,-0.171670701608188,2722,12.5045855
-0.00948419810756801,0.0353969515140593,0.996141016483307,0.0144569939002395,0.00384993874467909,-2.55098526742196,0.0474839355176953,0.0476601454432924,0.00821409789220743,-0.00104656306674472,0.00300372152482387,0.46561273091115,2.14097046852112,1.07177495956421,0.961332321166992,0.0313253985306875,0.0175601503146067,1.00075552684925,0.0517439842222239,-0.101214647292723,-0.0503849983213499,0.0230851672005145,0.0854057690908314,0.0322925982900637,0,0,0,-0.208237664479268,2722.1,12.5713059
-0.00784822610889649,0.0369308496634901,0.96991229057312,0.0128461178392172,0.00345852086320519,-2.58474450375772,0.0490791599601458,0.0460169444829243,0.244269363626909,0.0137652904024792,0.0056253660006418,0.629762038659594,2.14353632926941,1.06680226325989,0.960819363594055,0.0276434947388229,0.00890989545956526,1.00824565073544,0.0513172149661004,-0.0994539260869685,-0.0102591514587962,-0.0736380758376938,-0.173005097101774,0.149802477724732,0,0,0,-0.242855773984285,2722.15,12.6380206
-0.00621225411022496,0.0384647478129209,0.96991229057312,0.0128461178392172,0.00345852086320519,-2.58474450375772,0.0490791599601458,0.0460169444829243,0.00821083043522755,0.00963570328173546,0.00393775620044926,0.440833427061716,2.14677143096924,1.06115114688873,0.960422217845917,0.0282014798157319,0.00702731185461202,1.00618023670421,0.0647020339963467,-0.113022327422685,-0.00794291496273966,0.01115970153814,-0.0376516720989277,-0.0413082806244798,0,0,0,-0.275533857481662,2722.2,12.7047193
-0.00457628211155343,0.0399986459623517,0.96991229057312,0.0128461178392172,0.00345852086320519,-2.58474450375772,0.0490791599601458,0.0460169444829243,0.00821083043522755,0.00674499229721482,0.00275642934031448,0.308583398943201,2.15387654304504,1.04914474487305,0.960699319839478,0.0317569075425076,0.0103107501107516,0.995688279712841,0.0710511207581213,-0.12006402015697,0.00277101993561043,0.0355542772677891,0.0328343825614259,-0.104919569913785,0,0,0,-0.306170229289401,2722.3,12.7714266
-0.00403500748311436,0.0400748369981383,0.951239347457886,0.0138484565541148,0.00481774192303419,-2.57406096722818,0.016238238853172,0.0022857310735966,0.160782081981194,-0.00429955382602832,-0.0103034890002408,0.119856550494372,2.15789604187012,1.04296052455902,0.96158355474472,0.0343165328530092,0.0101489381589527,0.985831205997822,0.0803899765011724,-0.123684406280068,0.0176846981047941,0.0511925062098458,-0.00323623903596584,-0.197141474299671,0,0,0,-0.334441026229444,2722.35,12.8381497
-0.0034937328546753,0.0401510280339248,0.951239347457886,0.0138484565541148,0.00481774192303419,-2.57406096722818,0.016238238853172,0.0022857310735966,-0.00727440605591496,-0.00300968767821982,-0.00721244230016858,0.0838995853460602,2.16137766838074,1.03624820709229,0.962852299213409,0.0351493176627962,0.0118077244787381,0.974383541996677,0.0696325302127823,-0.134246349335449,0.0253748893739178,0.0166556961958311,0.0331757263958879,-0.228953280024144,0,0,0,-0.359753993731375,2722.4,12.9048747
-0.00295245822623623,0.0402272190697114,0.951239347457886,0.0138484565541148,0.00481774192303419,-2.57406096722818,0.016238238853172,0.0022857310735966,-0.00727440605591496,-0.00210678137475388,-0.00504870961011801,0.0587297097422421,2.17051458358765,1.02236413955688,0.964898467063904,0.0333910541697513,0.0118379892827739,0.940804891417278,0.0913691520691749,-0.13884067535413,0.0204616785049625,-0.0175826349304647,0.00030264804035812,-0.335786505794292,0,0,0,-0.381260274834107,2722.5,12.9715907
-0.00261469065987897,0.0405581801677854,0.955771505832672,0.0141242239624262,0.00592708773910999,-2.52321999337411,0.0101330269907178,0.00992883294221997,-0.0735767259706759,-0.00395665363713002,-0.0135182090717648,-0.416457967867015,2.1752462387085,1.01460862159729,0.965641438961029,0.0314274676141319,0.0146264245028626,0.925467677854533,0.0946331024166479,-0.15511035919133,0.0148594379424508,-0.0392717311122443,0.0557687044015709,-0.30674427125379,0,0,0,-0.39790659274664,2722.55,13.0383006
-0.00227692309352171,0.0408891412658594,0.955771505832672,0.0141242239624262,0.00592708773910999,-2.52321999337411,0.0101330269907178,0.00992883294221997,-0.0327873005975984,-0.00276965754599101,-0.00946274635023537,-0.291520577506911,2.17947673797607,1.00693655014038,0.965706825256348,0.0294714706168715,0.0144464379115849,0.903372641351492,0.0846099853512547,-0.153441429137625,0.00130772590636731,-0.0391199399450663,-0.00359973182553939,-0.441900730059213,0,0,0,-0.40852739027369,2722.6,13.1050337
-0.00193915552716445,0.0412201023639334,0.955771505832672,0.0141242239624262,0.00592708773910999,-2.52321999337411,0.0101330269907178,0.00992883294221997,-0.0327873005975984,-0.00193876028219371,-0.00662392244516476,-0.204064404254837,2.18989896774292,0.991061329841614,0.964749217033386,0.0309097505713407,0.0117550086633399,0.858187358312311,0.104222297668552,-0.158752202987815,-0.00957608222962297,0.0143827995447052,-0.0269142924824753,-0.451852830392217,0,0,0,-0.411961938826151,2722.7,13.1717525
-0.00112833475818782,0.0432028324593656,0.965820074081421,0.0155230918899179,0.00554902106523514,-2.43910639550424,0.0243246230692989,0.0594819028629664,-0.117237271472468,-0.0139469435449606,-0.00123414564674164,-0.899867463807244,2.19555354118347,0.98282665014267,0.964221358299255,0.0316026067199165,0.00813367148247934,0.833502918628674,0.113091468811652,-0.164693593979781,-0.0105571746826748,0.0138571229715913,-0.0724267436176053,-0.493688793675451,0,0,0,-0.407234646964262,2722.75,13.2384417
-0.000317513989211186,0.0451855625547978,0.965820074081421,0.0155230918899179,0.00554902106523514,-2.43910639550424,0.0243246230692989,0.0594819028629664,-0.0268001572337292,-0.00976286048147241,-0.000863901952719146,-0.629907224665071,2.20112991333008,0.974636673927307,0.96312290430069,0.0353051229209912,0.00805806276685708,0.802995346138745,0.111527442931723,-0.163799524306655,-0.0219690799712336,0.0740503240212252,-0.00151217431243975,-0.610151449796344,0,0,0,-0.39365578524779,2722.8,13.3052709
0.000493306779765446,0.04716829265023,0.965820074081421,0.0155230918899179,0.00554902106523514,-2.43910639550424,0.0243246230692989,0.0594819028629664,-0.0268001572337292,-0.00683400233703068,-0.000604731366903402,-0.440935057265549,2.21185255050659,0.957320749759674,0.961207687854767,0.0298266711768408,0.00668694076615603,0.748888610929804,0.107226371765234,-0.173159241676488,-0.0191521644592459,-0.054784517441554,-0.013711220007023,-0.541067352089905,0,0,0,-0.371082219587472,2722.9,13.3719833
0.00134824392551219,0.0496020542467089,0.974260032176971,0.0141832651570439,0.00576218357309699,-2.32686965729928,0.0256481143724024,0.0730128478943683,-0.0960762704969291,0.00727463895994377,-0.00234177452758906,-1.31878518393049,2.21681571006775,0.94818502664566,0.959666967391968,0.0298721214148593,0.00410688826262124,0.719162384627379,0.0992631912227834,-0.182714462279609,-0.0308144092558693,0.000909004760366479,-0.051601050070508,-0.59452452604634,0,0,0,-0.339896165348191,2722.95,13.4386538
0.00220318107125894,0.0520358158431879,0.974260032176971,0.0141832651570439,0.00576218357309699,-2.32686965729928,0.0256481143724024,0.0730128478943683,-0.0201166476369743,0.00509224727196064,-0.00163924216931234,-0.923149628751342,2.22233748435974,0.938548862934113,0.958319842815399,0.0306644921344791,0.00248966150830057,0.686488168992403,0.110435485840446,-0.192723274232009,-0.0269424915315191,0.0158474143924813,-0.0323445350865899,-0.653484312703088,0,0,0,-0.301075795124889,2723,13.5053219
0.00305811821700568,0.0544695774396668,0.974260032176971,0.0141832651570439,0.00576218357309699,-2.32686965729928,0.0256481143724024,0.0730128478943683,-0.0201166476369743,0.00356457309037245,-0.00114746951851864,-0.64620474012594,2.23286199569702,0.919829487800598,0.955883026123047,0.026324638647939,0.000354794389467643,0.63010902224274,0.10524511337242,-0.187193751334463,-0.0243681669234343,-0.0433985348652427,-0.0213486711882516,-0.563791467494574,0,0,0,-0.256118313028441,2723.1,13.5721128
0.00359340858458792,0.0569944185893787,0.956312954425812,0.0135959470644593,0.00710827251896262,-2.19796912934518,0.0160587110274673,0.0757452344913572,0.141486628802059,0.0077810639965222,-0.0129180291757537,-1.61244806967507,2.23839354515076,0.910659909248352,0.955686807632446,0.0277791261305783,-0.00100686786242769,0.598659030825941,0.110630989075311,-0.183391571045923,-0.00392436981203313,0.0290897496529445,-0.0272332450380554,-0.628999828339429,0,0,0,-0.207272171017973,2723.15,13.6388089
0.00412869895217016,0.0595192597390906,0.956312954425812,0.0135959470644593,0.00710827251896262,-2.19796912934518,0.0160587110274673,0.0757452344913572,-0.0200370709583778,0.00544674479756554,-0.00904262042302761,-1.12871364877255,2.24312734603882,0.901060163974762,0.955044031143188,0.0227080350316184,-0.00156941920115928,0.571973246759256,0.094676017760886,-0.191994905471103,-0.0128555297851095,-0.101421821978829,-0.0112510267745907,-0.533715681331756,0,0,0,-0.15696466219244,2723.2,13.7054886
0.00466398931975241,0.0620441008888025,0.956312954425812,0.0135959470644593,0.00710827251896262,-2.19796912934518,0.0160587110274673,0.0757452344913572,-0.0200370709583778,0.00381272135829588,-0.00632983429611933,-0.790099554140785,2.25276494026184,0.881549894809723,0.955129563808441,0.0243470183491899,-0.00759704850576621,0.51194981057141,0.0963759422303123,-0.195102691650568,0.000855326652527633,0.0163898331757296,-0.0602762930461242,-0.600234361879005,0,0,0,-0.107802388921719,2723.3,13.7722094
0.00350391377406131,0.0657195571816598,0.957668304443359,0.0133232874795794,0.00803181622177362,-2.07079844739175,-0.034802266370733,0.11026368878572,-0.0258249482107543,0.00512284121472599,-0.0127427773325826,-1.69760582547942,2.2572979927063,0.871932923793793,0.954267501831055,0.0224977995902246,-0.00939984166968921,0.485612436634694,0.0906610488888303,-0.192339420317904,-0.0172412395476668,-0.0369843751791712,-0.0360558632783287,-0.526747478732394,0,0,0,-0.0624111369785905,2723.35,13.8389338
0.00234383822837021,0.0693950134745172,0.957668304443359,0.0133232874795794,0.00803181622177362,-2.07079844739175,-0.034802266370733,0.11026368878572,-0.0136267980528259,0.00358598885030819,-0.00891994413280779,-1.1883240778356,2.26141142845154,0.862789452075958,0.953560888767242,0.0191930921359465,-0.00706220250525913,0.464478706537678,0.0822687149052341,-0.182869434357687,-0.0141322612763222,-0.0660941490859211,0.0467527832888567,-0.422674601942631,0,0,0,-0.0230943926767863,2723.4,13.9056594
0.00118376268267911,0.0730704697673745,0.957668304443359,0.0133232874795794,0.00803181622177362,-2.07079844739175,-0.034802266370733,0.11026368878572,-0.0136267980528259,0.00251019219521574,-0.00624396089296545,-0.831826854484916,2.26966238021851,0.844630300998688,0.951505362987518,0.0137013061558461,-0.00518104423991749,0.428440855200909,0.0825095176697528,-0.18159151077287,-0.0205552577972599,-0.0549178598010543,0.0188115826534335,-0.360378513368014,0,0,0,0.00837201453154527,2723.5,13.9723934
-0.00148938189396004,0.0762734607836518,0.957668304443359,0.0134207559749484,0.00693453894928098,-1.96706049706674,-0.0801943372991743,0.096089730488319,-0.00699767773904782,0.000879918078330397,0.00550472282735801,-1.51592035106455,2.27413249015808,0.836130499839783,0.950379610061646,0.0126867423210207,-0.00530964453531695,0.412685721807279,0.0894021987911787,-0.169996023177482,-0.0225150585173741,-0.0202912766964345,-0.00257200590797977,-0.315102667871464,0,0,0,0.0309025643390336,2723.55,14.0390811
-0.00416252647059918,0.0794764517999291,0.957668304443359,0.0134207559749484,0.00693453894928098,-1.96706049706674,-0.0801943372991743,0.096089730488319,-0.00699767773904782,0.000615942654831278,0.00385330597915061,-1.06114424574519,2.27813124656677,0.827649652957916,0.950010657310486,0.0123741647267463,-0.00517763139004837,0.3986309874731,0.0799751281735372,-0.169616937636712,-0.00737905502316651,-0.00625155188546595,0.00264026290536183,-0.281094686682549,0,0,0,0.0442978446162652,2723.6,14.1058044
-0.00683567104723832,0.0826794428162064,0.957668304443359,0.0134207559749484,0.00693453894928098,-1.96706049706674,-0.0801943372991743,0.096089730488319,-0.00699767773904782,0.000431159858381895,0.00269731418540543,-0.74280097202163,2.285719871521,0.811139404773712,0.950279116630554,0.0130775827433266,-0.00559430302842239,0.382872007055528,0.0758862495423053,-0.165102481842191,0.00268459320068604,0.0070341801658093,-0.00416671638374394,-0.15758980417587,0,0,0,0.0492051483657648,2723.7,14.1727105
-0.00877441878365292,0.0862104255942657,0.946634590625763,0.0135537944734097,0.00474665593355894,-1.90860097672677,-0.058162432092438,0.10592948334178,0.0866987045467496,-0.000895534585283892,0.0215790670712821,-1.04609636347483,2.28899884223938,0.802973568439484,0.950686633586884,0.0145851198619791,-0.00598263376008386,0.37954105092567,0.0655794143680336,-0.163316726685462,0.00815033912663139,0.0301507423732163,-0.00776661463327177,-0.0666191225975104,0,0,0,0.0471129518326819,2723.75,14.2394464
-0.0107131665200675,0.089741408372325,0.946634590625763,0.0135537944734097,0.00474665593355894,-1.90860097672677,-0.058162432092438,0.10592948334178,-0.0126047198116183,-0.000626874209698725,0.0151053469498975,-0.732267454432383,2.29223251342773,0.795088827610016,0.951107740402222,0.014558100054976,-0.00755629091189065,0.378594130398655,0.0646734237668546,-0.157694816588782,0.00842213630673206,-0.000540396140059849,-0.0314731430360214,-0.0189384105402356,0,0,0,0.0402939065074046,2723.8,14.3061558
-0.0126519142564821,0.0932723911503844,0.946634590625763,0.0135537944734097,0.00474665593355894,-1.90860097672677,-0.058162432092438,0.10592948334178,-0.0126047198116183,-0.000438811946789107,0.0105737428649282,-0.512587218102668,2.29839754104614,0.779145061969757,0.951542794704437,0.00805907490643193,-0.000530440324235883,0.385343880829854,0.0616502761841381,-0.159437656402733,0.00435054302215972,-0.0649902514855003,0.0702585058766116,0.0674975043120494,0,0,0,0.0315242707285288,2723.9,14.37287
-0.0128629325334056,0.0986362686339119,0.936020970344543,0.014986258931458,0.00254152249544859,-1.89154975678659,-0.00633054830770372,0.160916324505827,0.0869794719682013,-0.0131993484851875,0.0272478209484429,-0.512272032133538,2.30160450935364,0.771561861038208,0.952032923698425,0.00791327623936115,-0.000348296663493167,0.388757532412636,0.064139366149669,-0.15166401863043,0.00980257987972508,-0.00291597334140488,0.00364287321484107,0.068273031655394,0,0,0,0.0238579793885298,2723.95,14.4395627
-0.013073950810329,0.104000146117439,0.936020970344543,0.014986258931458,0.00254152249544859,-1.89154975678659,-0.00633054830770372,0.160916324505827,-0.00854311056277404,-0.00923954393963123,0.0190734746639101,-0.358590422493476,2.30464267730713,0.763848185539246,0.952188611030579,0.00954273558262496,-0.00266542991418117,0.39333219573487,0.0607633590701558,-0.15427350998009,0.0031137466430834,0.032589186865454,-0.0463426650140129,0.0914932664451881,0,0,0,0.0203186602865449,2724,14.5066275
-0.0132849690872525,0.109364023600967,0.936020970344543,0.014986258931458,0.00254152249544859,-1.89154975678659,-0.00633054830770372,0.160916324505827,-0.00854311056277404,-0.00646768075774186,0.013351432264737,-0.251013295745434,2.31115460395813,0.749349176883698,0.952441513538361,0.0116369448331816,-0.00353767191008951,0.39924619903669,0.0651192665097729,-0.144990086554953,0.00252902507781062,0.0209420925054903,-0.00872241995905166,0.059140033017985,0,0,0,0.0237065212223878,2724.1,14.5736907
-0.0134484595221511,0.114729319995759,0.951895952224731,0.0145503906533122,0.00174964684993029,-1.90046088959909,-0.00490471304695695,0.160958891843758,-0.151484174052348,-0.00060456202710719,0.0164728833949807,-0.0955091117093034,2.31450772285461,0.741703629493713,0.951517581939697,0.0131935072666062,-0.0041055137431183,0.402006227674303,0.0670623779300535,-0.152910947800517,-0.0184786319733674,0.0311312486686621,-0.0113568366606378,0.0552005727525565,0,0,0,0.0361338512012452,2724.15,14.6406672
-0.0136119499570496,0.120094616390551,0.951895952224731,0.0145503906533122,0.00174964684993029,-1.90046088959909,-0.00490471304695695,0.160958891843758,-0.00860933713065572,-0.000423193418975033,0.0115310183764865,-0.0668563781965124,2.31798100471497,0.734526634216309,0.950241506099701,0.0121001045542409,-0.0041138519467846,0.403921838727942,0.0694656372067785,-0.143539905547574,-0.0255215167998339,-0.0218680542472265,-0.000166764073325551,0.0383122210726388,0,0,0,0.058757222919616,2724.2,14.7073556
-0.0137754403919482,0.125459912785343,0.951895952224731,0.0145503906533122,0.00174964684993029,-1.90046088959909,-0.00490471304695695,0.160958891843758,-0.00860933713065572,-0.000296235393282523,0.00807171286354052,-0.0467994647375587,2.32424521446228,0.720457971096039,0.946798145771027,0.0112459335506947,-0.00498553246205018,0.409625024000635,0.0626420974732015,-0.140686631202826,-0.0344336032867745,-0.00854171003546969,-0.00871680515266373,0.0570318527269805,0,0,0,0.0919053463564726,2724.3,14.774091
-0.012230977908858,0.128172293315893,0.964363634586334,0.0131754828616977,0.00224105291999876,-1.9131628778193,0.0463338744927044,0.081371415916512,-0.12906897197165,0.012166805349233,0.00122754437386206,0.0815582686656425,2.32729291915894,0.713065207004547,0.944280445575714,0.0102931416159648,-0.00395974214335162,0.411375141068928,0.0609540939328837,-0.147855281829296,-0.0503540039060668,-0.0190558386945298,0.0205158063738967,0.0350023413657256,0,0,0,0.134798001955622,2724.35,14.8408563
-0.0106865154257679,0.130884673846444,0.964363634586334,0.0131754828616977,0.00224105291999876,-1.9131628778193,0.0463338744927044,0.081371415916512,-0.0168598307172254,0.00851676374446312,0.000859281061703439,0.0570907880659498,2.33015322685242,0.706201672554016,0.942828297615051,0.0158429328487833,-0.00595831121217683,0.413226222487814,0.0572061538699411,-0.137270689011369,-0.0290429592134153,0.110995824656977,-0.0399713813767223,0.0370216283779401,0,0,0,0.185529512808209,2724.4,14.9075278
-0.00914205294267775,0.133597054376994,0.964363634586334,0.0131754828616977,0.00224105291999876,-1.9131628778193,0.0463338744927044,0.081371415916512,-0.0168598307172254,0.00596173462112418,0.000601496743192407,0.0399635516461648,2.33638453483582,0.692130446434021,0.937790989875793,0.0142045990412914,-0.00460650198715197,0.418659532128921,0.0623130798340411,-0.140712261200079,-0.0503730773926239,-0.016383338074934,0.0135180922502608,0.0543330964111155,0,0,0,0.241509914738553,2724.5,14.9742669
-0.00781225981650796,0.135899600895633,0.965458631515503,0.0152209782972932,0.00300272577442229,-1.92290847565866,0.0398937937850937,0.069076395559164,-0.0181644384144027,-0.0142362446855727,-0.00643400796957702,0.115684866706515,2.33954548835754,0.685594797134399,0.934730052947998,0.0135478388885446,-0.00499420641292399,0.423809248660141,0.0632190704343403,-0.130712985991956,-0.0612187385556855,-0.0131352030548873,-0.00775408851541212,0.102994330624019,0,0,0,0.299331814490809,2724.55,15.0410391
-0.00648246669033817,0.138202147414272,0.965458631515503,0.0152209782972932,0.00300272577442229,-1.92290847565866,0.0398937937850937,0.069076395559164,-0.00830946605188441,-0.00996537127990088,-0.00450380557870392,0.0809794066945602,2.3422257900238,0.678989946842194,0.932174205780029,0.0149504237196972,-0.00715067090634985,0.431005255364683,0.0536060333250003,-0.132097005843636,-0.051116943359189,0.0280516966229492,-0.0431292898683603,0.143920134090328,0,0,0,0.355139544307184,2724.6,15.1077613
-0.00515267356416838,0.14050469393291,0.965458631515503,0.0152209782972932,0.00300272577442229,-1.92290847565866,0.0398937937850937,0.069076395559164,-0.00830946605188441,-0.00697575989593062,-0.00315266390509274,0.0566855846861922,2.34762406349182,0.665951013565063,0.926911175251007,0.013538757371226,-0.00577743498586343,0.453991645069073,0.0539827346802249,-0.13038933277142,-0.05263030529027,-0.0141166634847249,0.0137323592048767,0.229863897044104,0,0,0,0.405141136438644,2724.7,15.1745084
-0.00440248820678309,0.14354153209606,0.959140300750732,0.0148450694978237,0.00400193780660629,-1.94436567094064,0.0225055607215585,0.0911051448944984,0.0615150217895579,-0.00149985273192619,-0.011199773023221,0.232794666818176,2.35003638267517,0.659624338150024,0.925334393978119,0.0155378105048343,-0.00744482203185877,0.468319007783731,0.0482463836672555,-0.126533508301472,-0.0315356254579358,0.039981062672385,-0.0333477409200888,0.286547254294735,0,0,0,0.445682599314205,2724.75,15.2411844
-0.00365230284939781,0.14657837025921,0.959140300750732,0.0148450694978237,0.00400193780660629,-1.94436567094064,0.0225055607215585,0.0911051448944984,0.00465004490662332,-0.00104989691234833,-0.00783984111625467,0.162956266772723,2.35226130485535,0.653878152370453,0.924937844276428,0.0190620853078013,-0.00549508863832578,0.489009048824412,0.0444984436033537,-0.114923715591013,-0.00793099403378462,0.0704854960590828,0.0389946678705179,0.413800820812107,0,0,0,0.473813388007156,2724.8,15.307882
-0.00290211749201253,0.14961520842236,0.959140300750732,0.0148450694978237,0.00400193780660629,-1.94436567094064,0.0225055607215585,0.0911051448944984,0.00465004490662332,-0.000734927838643834,-0.00548788878137827,0.114069386740906,2.35683107376099,0.64213639497757,0.922528743743896,0.00755753002376035,-0.00250705084026175,0.535962532021884,0.045697689056438,-0.11741757392894,-0.0240910053253393,-0.115045552840514,0.0298803779806676,0.469534831975148,0,0,0,0.487330303777389,2724.9,15.374583
0.00441820828020852,0.154573552138259,0.940225899219513,0.0161123238503933,0.00128135911654681,-2.00384919907785,0.219609773166631,0.148750311476962,0.169643068139235,-0.0119197386601769,0.0206436860635706,0.615200323953498,2.35911536216736,0.6373330950737,0.921401739120483,-0.000244039695345435,-0.00388066687949845,0.567302266713802,0.0456857681272752,-0.0960659980770431,-0.0225400924681797,-0.156031394381548,-0.0274723207846342,0.626794693836086,0,0,0,0.485053878836977,2724.95,15.4412922
0.0117385340524296,0.159531895854158,0.940225899219513,0.0161123238503933,0.00128135911654681,-2.00384919907785,0.219609773166631,0.148750311476962,-0.000586545641740052,-0.00834381706212383,0.0144505802444994,0.430640226767448,2.36089682579041,0.632638812065125,0.9213547706604,-0.00122830528767922,-0.00460988582689227,0.597209117214727,0.0356292724611319,-0.0938856601720211,-0.000939369201665282,-0.0196853118467831,-0.014584378947956,0.598137010021746,0,0,0,0.466903786522613,2725,15.5080163
0.0190588598246506,0.164490239570056,0.940225899219513,0.0161123238503933,0.00128135911654681,-2.00384919907785,0.219609773166631,0.148750311476962,-0.000586545641740052,-0.00584067194348668,0.0101154061711496,0.301448158737214,2.36416506767273,0.623284876346588,0.923551082611084,0.0111837212253388,-0.00523412631871304,0.665481404737401,0.0326824188231233,-0.0935393571850235,0.021963119506756,0.124120265129728,-0.006242404918185,0.682722875224264,0,0,0,0.433918260190681,2725.1,15.5747182
0.0268727611066595,0.168626861809673,0.93438720703125,0.00496868789196014,0.00290077389217913,-2.11239855553842,0.234417038460267,0.124098667188491,0.0511512727152655,0.0962042532654577,-0.0074939486608862,1.18795791926119,2.36536693572998,0.61839485168457,0.924131095409393,0.0152362704789078,-0.00308438731372833,0.70012875018442,0.0240373611451507,-0.0978004932408901,0.0116002559662498,0.0810509850718227,0.0429947800999288,0.692946908944145,0,0,0,0.388125203034049,2725.15,15.6414022
0.0346866623886684,0.172763484049289,0.93438720703125,0.00496868789196014,0.00290077389217913,-2.11239855553842,0.234417038460267,0.124098667188491,-0.00139695697910097,0.0673429772858204,-0.00524576406262034,0.831570543482834,2.36640644073486,0.614475548267365,0.924047648906708,0.0149096293132609,-0.00240704556431939,0.737824230091441,0.0207901000975806,-0.0783860683438311,-0.00166893005370487,-0.00653282331291353,0.0135468349881296,0.753909598137685,0,0,0,0.332342434208679,2725.2,15.7080774
0.0425005636706773,0.176900106288906,0.93438720703125,0.00496868789196014,0.00290077389217913,-2.11239855553842,0.234417038460267,0.124098667188491,-0.00139695697910097,0.0471400841000743,-0.00367203484383424,0.582099380437984,2.36779975891113,0.60651421546936,0.92294979095459,0.0178087188849532,-0.000235989132320071,0.813985771733421,0.013933181762708,-0.0796133279801139,-0.0109785795211892,0.0289908957169494,0.0217105643200129,0.761615416420496,0,0,0,0.269889417603261,2725.3,15.7747893
0.0462099247648093,0.176611898968744,0.939904868602753,0.0082023348659277,0.00570505391806364,-2.25614540841317,0.111280832823958,-0.00864621960485593,-0.0688689769669404,0.003895236104344,-0.0278089446236446,1.70119124217939,2.36812210083008,0.602220714092255,0.923951268196106,0.0267534392977385,-0.00509852392209259,0.852034190469988,0.0064468383788828,-0.0858700275418019,0.0200295448302494,0.178894408255054,-0.0972506957950965,0.760968374728562,0,0,0,0.204389103449491,2725.35,15.8415213
0.0499192858589412,0.176323691648582,0.939904868602753,0.0082023348659277,0.00570505391806364,-2.25614540841317,0.111280832823958,-0.00864621960485593,-0.0192100228234163,0.0027266652730408,-0.0194662612365512,1.19083386952557,2.3683774471283,0.597622752189636,0.923905193805695,0.0328973909886224,-0.013139067801338,0.889511534054922,0.00510692596438334,-0.09195923805287,-0.000921487808232568,0.12287903381835,-0.160810877585786,0.749546871702784,0,0,0,0.139473455733257,2725.4,15.9081951
0.0536286469530732,0.17603548432842,0.939904868602753,0.0082023348659277,0.00570505391806364,-2.25614540841317,0.111280832823958,-0.00864621960485593,-0.0192100228234163,0.00190866569112856,-0.0136263828655858,0.833583708667902,2.36743426322937,0.586456477642059,0.922635614871979,0.0248694199282736,-0.0125261232018291,0.953556939221684,-0.00943183898926639,-0.111662745475871,-0.0126957893371697,-0.0802797106035613,0.00612944599509454,0.6404540516682,0,0,0,0.0782650412300676,2725.5,15.974894
0.0596623214256071,0.177786030246374,0.947478353977203,0.00952099449932575,0.0257144067436457,-2.39881627824044,0.181010234176017,0.0525163775386184,-0.0853913241495591,-0.0105318707167925,-0.189622643436148,1.86754642451297,2.36690783500671,0.580228388309479,0.92144101858139,0.0211803493151124,-0.012235491843652,0.979773970825741,-0.0105285644530867,-0.124561786651158,-0.0238919258116807,-0.0737814122629551,0.00581262716351985,0.524340632079232,0,0,0,0.0233860968715093,2725.55,16.0416111
0.065695995898141,0.179536576164328,0.947478353977203,0.00952099449932575,0.0257144067436457,-2.39881627824044,0.181010234176017,0.0525163775386184,-0.0172299557795029,-0.00737230950175476,-0.132735850405304,1.30728249715908,2.36698079109192,0.573937654495239,0.921004772186279,0.0271932859416941,-0.00853541384943791,1.00006409176306,0.00145912170409625,-0.125814676284332,-0.00872492790218994,0.120258732531196,0.0740015598840134,0.405802418744863,0,0,0,-0.0232895796016028,2725.6,16.108305
0.0717296703706749,0.181287122082282,0.947478353977203,0.00952099449932575,0.0257144067436457,-2.39881627824044,0.181010234176017,0.0525163775386184,-0.0172299557795029,-0.00516061665122833,-0.0929150952837127,0.915097748011353,2.36711311340332,0.560617625713348,0.91973739862442,0.0257299041142164,-0.00145248505587208,1.03810342000233,0.00132322311401488,-0.13320028781903,-0.0126737356186028,-0.0146338182747909,0.0708292879357227,0.380393282393067,0,0,0,-0.0608124194624512,2725.7,16.1750031
0.0786539201423516,0.183081349482144,0.928268849849701,0.00982984900474548,0.00977312307804823,-2.48935859467721,0.207727493150304,0.0538268219958621,0.171126421280727,-0.00639212220463741,0.0784309862917781,1.45544927153886,2.36732172966003,0.553625583648682,0.919549405574799,0.0248291081176563,0.00332773112804877,1.05222450789183,0.00417232513430011,-0.139840841294098,-0.00375986099245216,-0.0180159199312991,0.0956043236789388,0.282421757791478,0,0,0,-0.0891000341292473,2725.75,16.2417419
0.0855781699140284,0.184875576882006,0.928268849849701,0.00982984900474548,0.00977312307804823,-2.48935859467721,0.207727493150304,0.0538268219958621,-0.00175911586679515,-0.00447448554324619,0.0549016904042447,1.0188144900772,2.36742639541626,0.546339631080627,0.920156598091125,0.0264184382355136,0.00602673079460768,1.06354468209745,0.0020933151245041,-0.145719051360554,0.0121438503264939,0.031786602357029,0.0539799933309817,0.226403484111557,0,0,0,-0.108833511730418,2725.8,16.3084529
0.0925024196857052,0.186669804281868,0.928268849849701,0.00982984900474548,0.00977312307804823,-2.48935859467721,0.207727493150304,0.0538268219958621,-0.00175911586679515,-0.00313213988027233,0.0384311832829713,0.713170143054039,2.36845970153809,0.531348705291748,0.922801613807678,0.0284592208111685,0.00340716671920536,1.07899422300021,0.0103330612182711,-0.14990925788893,0.0264501571655514,0.0204078257565679,-0.026195640754047,0.15449540902774,0,0,0,-0.121399141587632,2725.9,16.3751526
0.0982324539624773,0.188998732815947,0.928202152252197,0.00686312513425946,0.0068348734639585,-2.53730635907388,0.171901028303164,0.0698678560223567,-0.0258584784295707,0.0245080169181836,0.0533460748248874,0.930748979707835,2.36869978904724,0.523139715194702,0.92410796880722,0.0295251931614416,0.00474803095359656,1.08315122772609,0.004801750183088,-0.164179801940321,0.0261270999907497,0.0213194470053834,0.0268172846877265,0.0831400945174638,0,0,0,-0.128635044006265,2725.95,16.4418211
0.103962488239249,0.191327661350025,0.928202152252197,0.00686312513425946,0.0068348734639585,-2.53730635907388,0.171901028303164,0.0698678560223567,-0.0264587568071037,0.0171556118427285,0.0373422523774212,0.651524285795484,2.36944913864136,0.514944791793823,0.925908148288727,0.0321602911993071,0.0046504350988974,1.08365851802786,0.014986991882406,-0.163898468018473,0.0360035896303234,0.0527019607575993,-0.00195191709399405,0.0101458060353042,0,0,0,-0.132617755091308,2726,16.5085115
0.109692522516022,0.193656589884104,0.928202152252197,0.00686312513425946,0.0068348734639585,-2.53730635907388,0.171901028303164,0.0698678560223567,-0.0264587568071037,0.0120089282899099,0.0261395766641948,0.456067000056839,2.3703498840332,0.497545897960663,0.929029285907745,0.0312290488994659,0.00754737486313866,1.08105892390607,0.00900745391842426,-0.173988938330971,0.031211376190072,-0.00931242299837846,0.0289693976423073,-0.0259959412178121,0,0,0,-0.135415962424804,2726.1,16.5752258
0.11542983481828,0.195974515138219,0.929503440856934,0.00885727256536484,0.00852746795862913,-2.53906111981607,0.172119369067741,0.069537757623452,-0.0378995473333719,-0.00954107707701142,0.00306435321290071,0.335039746719475,2.37136840820312,0.488876730203629,0.930149614810944,0.0335998393138965,0.00134776906083922,1.07891027576986,0.0203704833985487,-0.173383355141632,0.0224065780640871,0.0474158082888707,-0.123992116046666,-0.0429729627243516,0,0,0,-0.138890120915947,2726.15,16.641996
0.121167147120538,0.198292440392334,0.929503440856934,0.00885727256536484,0.00852746795862913,-2.53906111981607,0.172119369067741,0.069537757623452,-0.0261879498907449,-0.006678753953908,0.0021450472490305,0.234527822703632,2.37270045280457,0.480241686105728,0.931746602058411,0.0342174514707922,0.00217375871553787,1.06968569539989,0.0266408920287117,-0.17270088195738,0.0319397449492246,0.0123522431378684,0.016519793093913,-0.184491607398715,0,0,0,-0.144505661116249,2726.2,16.7087194
0.126904459422796,0.200610365646449,0.929503440856934,0.00885727256536484,0.00852746795862913,-2.53906111981607,0.172119369067741,0.069537757623452,-0.0261879498907449,-0.0046751277677356,0.00150153307432135,0.164169475892543,2.37443971633911,0.46161425113678,0.934447467327118,0.0359454429744164,0.00192566637568934,1.05950924778104,0.0173926353454748,-0.186274349689653,0.0270086526870973,0.0172799150362581,-0.00248092339848759,-0.101764476188588,0,0,0,-0.153222210103275,2726.3,16.7754202
0.130173551025164,0.203482926933973,0.934711217880249,0.00885727256536484,0.00852746795862913,-2.53906111981607,0.0980727480710555,0.0861768386257131,-0.0734880256548237,-0.00327258943741492,0.00105107315202494,0.11491863312478,2.37540817260742,0.452087253332138,0.935867846012115,0.0338842300249951,0.00136757888233148,1.05125870481846,0.0193691253661405,-0.190539956092141,0.0284075736998478,-0.041224258988277,-0.0111617498671165,-0.165010859251108,0,0,0,-0.165443629938072,2726.35,16.842141
0.133352425427711,0.206454353930303,0.934711217880249,0.00902240723371506,0.00818697921931744,-2.5082659032557,0.0953662320764141,0.0891428098898989,-0.0266507120318769,-0.00377702462134242,0.00380014986022272,-0.196713905855928,2.3765857219696,0.442289620637894,0.936892151832581,0.0334783686921341,0.000809020446493002,1.04215243948803,0.0235509872437809,-0.195952653885957,0.0204861164094136,-0.00811722665726297,-0.0111711687168306,-0.182125306609534,0,0,0,-0.181022803000883,2726.4,16.9088889
0.136531299830258,0.209425780926633,0.934711217880249,0.00902240723371506,0.00818697921931744,-2.5082659032557,0.0953662320764141,0.0891428098898989,-0.0266507120318769,-0.00264391723493969,0.0026601049021559,-0.13769973409915,2.37903547286987,0.422392606735229,0.937272787094116,0.0337258557057733,-0.00117063732078455,1.02331009769569,0.0244975090027078,-0.198970139026823,0.00380635261535991,0.0024748701363934,-0.0197965776727936,-0.18842341792352,0,0,0,-0.19930862316784,2726.5,16.9755839
0.138647965430347,0.212695480828156,0.958702087402344,0.00971658527851105,0.0085045313462615,-2.46323924329019,0.0634999680026572,0.0980909970456996,-0.258195666662496,-0.0080983444676217,-0.000995895710987455,-0.501629753559041,2.38026833534241,0.412144780158997,0.937037765979767,0.0340878368799851,-0.00152850273598923,1.01212287987783,0.0246572494505939,-0.204956531523913,-0.0047004222869702,0.00723962348421151,-0.00715730830406743,-0.223744356356569,0,0,0,-0.219329892892351,2726.55,17.0423017
0.140764631030436,0.215965180729679,0.958702087402344,0.00971658527851105,0.0085045313462615,-2.46323924329019,0.0634999680026572,0.0980909970456996,-0.0422778409636438,-0.00566884112733519,-0.000697126997691218,-0.351140827491329,2.38131022453308,0.402439445257187,0.936265349388123,0.0316160331657563,-0.000734285085336848,1.00353291726715,0.0208377838134008,-0.194106698035488,-0.0154483318328295,-0.0494360742843966,0.0158843530129898,-0.171799252212891,0,0,0,-0.2398836903334,2726.6,17.1090321
0.142881296630524,0.219234880631203,0.958702087402344,0.00971658527851105,0.0085045313462615,-2.46323924329019,0.0634999680026572,0.0980909970456996,-0.0422778409636438,-0.00396818878913463,-0.000487988898383853,-0.24579857924393,2.3835597038269,0.381395041942596,0.935277760028839,0.0296602715351731,0.000951288321757046,0.979774164479527,0.0224947929382529,-0.210444033146096,-0.00987589359284346,-0.0195576163058495,0.0168557340709543,-0.237587527876433,0,0,0,-0.25970254452491,2726.7,17.1757266
0.145697684871329,0.223356461032437,0.950136840343475,0.0108620999380946,0.0090941870585084,-2.4131902959559,0.0844916472241396,0.123647412037025,0.0546976176926686,-0.0130873640886464,-0.00564849363909075,-0.622499531479357,2.38463854789734,0.370846003293991,0.935326278209686,0.0285668893498039,-0.000121676552303222,0.967868293153692,0.0215768814088092,-0.210980772973258,0.000970363616948655,-0.0218676437075044,-0.0214592974813225,-0.238117426517999,0,0,0,-0.277629743919381,2726.75,17.2423698
0.148514073112133,0.227478041433671,0.950136840343475,0.0108620999380946,0.0090941870585084,-2.4131902959559,0.0844916472241396,0.123647412037025,-0.0223896058371471,-0.00916115486205245,-0.00395394554736353,-0.43574967203555,2.38583850860596,0.360248893499374,0.935324430465698,0.028826392056877,-0.00210902357369875,0.954474592118183,0.023999214172276,-0.211942195891563,-3.69548797606077e-05,0.00519005414144318,-0.039746940427766,-0.267874020709223,0,0,0,-0.292763584349605,2726.8,17.3091037
0.151330461352938,0.231599621834905,0.950136840343475,0.0108620999380946,0.0090941870585084,-2.4131902959559,0.0844916472241396,0.123647412037025,-0.0223896058371471,-0.00641280840343672,-0.00276776188315447,-0.305024770424885,2.38856601715088,0.337651252746582,0.936132967472076,0.0282443205642213,-0.00547712514188719,0.920773875732198,0.0272750854492436,-0.225976407528129,0.00808537006378909,-0.00582071492656213,-0.033681015681915,-0.337007163860157,0,0,0,-0.30442565358007,2726.9,17.3757706
0.153013401563294,0.234554380197112,0.952426254749298,0.00992576591670513,0.0103205423802137,-2.35110991265512,0.0504882063106863,0.0886427508662012,-0.052459755413427,0.00393804031009966,-0.0129746312135562,-0.772240789004451,2.3896496295929,0.326678812503815,0.936029016971588,0.0268602197796724,-0.0070912334178324,0.904832879915796,0.0216722488402532,-0.219448804854548,-0.00207901000975806,-0.0276820156908767,-0.0322821655187867,-0.318819916326879,0,0,0,-0.312321210498201,2726.95,17.4424699
0.154696341773651,0.237509138559318,0.952426254749298,0.00992576591670513,0.0103205423802137,-2.35110991265512,0.0504882063106863,0.0886427508662012,-0.0318550257610222,0.00275662821706976,-0.00908224184948934,-0.540568552303116,2.39066791534424,0.315170973539352,0.935691893100739,0.0249398943914809,-0.00951965255880569,0.884096651668127,0.0203657150269666,-0.230156779290502,-0.00674247741702898,-0.0384065077640413,-0.048568382819731,-0.41472456495564,0,0,0,-0.316436737792577,2727,17.5091936
0.156379281984007,0.240463896921525,0.952426254749298,0.00992576591670513,0.0103205423802137,-2.35110991265512,0.0504882063106863,0.0886427508662012,-0.0318550257610222,0.00192963975194883,-0.00635756929464254,-0.378397986612181,2.39256882667542,0.291745513677597,0.934948325157166,0.0239374693116213,-0.00958110576041017,0.843227430635803,0.0190091133116984,-0.234254598616702,-0.00743567943570293,-0.0100242507985596,-0.000614532016042486,-0.408692210321756,0,0,0,-0.31700450165442,2727.1,17.5758898
0.157820533053072,0.24354018239151,0.954002201557159,0.0109026040881872,0.00836421828716993,-2.27129690911508,0.043237532071951,0.0922885640995554,-0.0461914865805817,-0.00744079571697459,0.0131566183311445,-0.983195622488878,2.39332437515259,0.280064821243286,0.934584259986877,0.0263483017927299,-0.0103222665312402,0.818998645891835,0.0151109695435395,-0.233613848687493,-0.00728130340580145,0.0482166496224353,-0.014823215416682,-0.484575694882001,0,0,0,-0.314407391623981,2727.15,17.642588
0.159261784122137,0.246616467861495,0.954002201557159,0.0109026040881872,0.00836421828716993,-2.27129690911508,0.043237532071951,0.0922885640995554,-0.0320079653098297,-0.00520855700188222,0.00920963283180113,-0.688236935742215,2.39414215087891,0.268274366855621,0.934470951557159,0.0278627313491139,-0.00622525542543105,0.796993714214407,0.0163555145263077,-0.235809087752438,-0.00226616859435211,0.0302885911275696,0.0819402221158853,-0.440098633546955,0,0,0,-0.309052877639154,2727.2,17.709318
0.160703035191202,0.249692753331481,0.954002201557159,0.0109026040881872,0.00836421828716993,-2.27129690911508,0.043237532071951,0.0922885640995554,-0.0320079653098297,-0.00364598990131755,0.00644674298226079,-0.48176585501955,2.39544129371643,0.243976026773453,0.935666382312775,0.0291029093538802,-0.00991355832903521,0.746690739610536,0.012991428375256,-0.242983400821907,0.0119543075561632,0.0124017800476749,-0.0368830290360751,-0.503029746039162,0,0,0,-0.301272214848971,2727.3,17.7760116
0.161491994979146,0.259319899653285,0.947188913822174,0.0109026040881872,0.00836421828716993,-2.27129690911508,0.0236687936383318,0.288814389654143,0.0351613253672102,-0.00255219293092229,0.00451272008758255,-0.337236098513685,2.39575815200806,0.231649294495583,0.936673760414124,0.0232033164854532,-0.0169233762520334,0.721505313310551,0.00633716583249648,-0.246534645556507,0.0201475620269042,-0.117991857368111,-0.140196358459455,-0.503708525997878,0,0,0,-0.291172565052924,2727.35,17.8429011
0.161355304509994,0.268979054452861,0.947188913822174,0.015235205180943,0.0121389254927635,-2.17459743287301,-0.0041007140745763,0.289774643987279,-0.0260437787237124,-0.0407799448864478,-0.0308134607890345,-1.10636055513817,2.39596629142761,0.219275280833244,0.937944710254669,0.0204484721235878,-0.021449468386115,0.698000216499194,0.004162788391136,-0.247480273248116,0.0254189968110518,-0.0550968872376085,-0.0905218426821256,-0.470101936229706,0,0,0,-0.278646970580918,2727.4,17.9098861
0.161218614040841,0.278638209252437,0.947188913822174,0.015235205180943,0.0121389254927635,-2.17459743287301,-0.0041007140745763,0.289774643987279,-0.0260437787237124,-0.0285459614205134,-0.0215694225523241,-0.774452388596718,2.39534759521484,0.194330781698227,0.939865112304688,0.0240100835365767,-0.0128536181920151,0.647703079627967,-0.00618696212769117,-0.249444991350401,0.0192040205002006,0.0356161141299211,0.0859585019410778,-0.502971368712728,0,0,0,-0.263399038597767,2727.5,17.9765915
0.160110102080684,0.288241735993217,0.944410085678101,0.00871680770069361,0.0147647224366665,-2.07439165379739,-0.0332553588047127,0.288105802223395,0.000166556419669429,0.0386834043278853,-0.0387307682817536,-1.44396868369831,2.39450836181641,0.181802377104759,0.940372586250305,0.0267162469842278,-0.00784776804970049,0.623015687589079,-0.0167846679686889,-0.250568091868443,0.0101494789123166,0.0541232689528254,0.100117002845927,-0.493747840775967,0,0,0,-0.244769754368843,2727.55,18.0432883
0.159001590120527,0.297845262733997,0.944410085678101,0.00871680770069361,0.0147647224366665,-2.07439165379739,-0.0332553588047127,0.288105802223395,-0.024842896876992,0.0270783830295197,-0.0271115377972275,-1.01077807858881,2.3936493396759,0.169283211231232,0.940799713134766,0.0302863816306485,-0.00401703968840484,0.597782708513347,-0.0171804428099961,-0.25038331746964,0.00854253768917791,0.0714026929281529,0.0766145672256343,-0.504659581512799,0,0,0,-0.221968860662789,2727.6,18.110019
0.15789307816037,0.307448789474777,0.944410085678101,0.00871680770069361,0.0147647224366665,-2.07439165379739,-0.0332553588047127,0.288105802223395,-0.024842896876992,0.0189548681206638,-0.0189780764580593,-0.70754465501217,2.39190340042114,0.143514648079872,0.942086458206177,0.0302733916475232,-0.00531849480595294,0.546446184174421,-0.0174593925476233,-0.25768563151383,0.012867450714123,-0.000129899831252924,-0.0130145511754928,-0.513365243389729,0,0,0,-0.194205062268184,2727.7,18.1767049
0.159473793126293,0.309892342247509,0.953988313674927,0.0168179925531149,0.010539342649281,-1.97588699128366,0.0474214489776992,0.0733065831819769,-0.119489661136276,-0.0596422559873269,0.0247437645658277,-1.38182322113212,2.39091944694519,0.130511939525604,0.943131685256958,0.026237678230607,-0.0093814077046897,0.520255511021491,-0.0196790695191504,-0.260054171086777,0.0209045410157391,-0.0807142683387634,-0.0812582579751786,-0.523813463061447,0,0,0,-0.160603733540064,2727.75,18.2436529
0.161054508092216,0.312335895020242,0.953988313674927,0.0168179925531149,0.010539342649281,-1.97588699128366,0.0474214489776992,0.0733065831819769,-0.0332856091648406,-0.0417495791911288,0.0173206351960794,-0.96727625479248,2.38975524902344,0.117380119860172,0.944553554058075,0.0261353303740194,-0.014838443414753,0.49634252400067,-0.0232839584349739,-0.262636393307684,0.0284373760222354,-0.00204695713174418,-0.109140714200869,-0.478259740414695,0,0,0,-0.120866648977108,2727.8,18.3104918
0.16263522305814,0.314779447792975,0.953988313674927,0.0168179925531149,0.010539342649281,-1.97588699128366,0.0474214489776992,0.0733065831819769,-0.0332856091648406,-0.0292247054337902,0.0121244446372556,-0.677093378354736,2.38715696334839,0.0912363082170486,0.946362018585205,0.0229828008860724,-0.0175532423546067,0.447721184026207,-0.0259828567505119,-0.261438116431474,0.0180846452713177,-0.0315252948794993,-0.0271479893985616,-0.486213399745068,0,0,0,-0.0749920966672142,2727.9,18.3771794
0.162070904736577,0.318282815047907,0.960406184196472,0.0169999487698078,0.00958500243723392,-1.88135974671579,-0.0169295496468922,0.105101017647985,-0.0939993829867565,-0.0220948997538895,0.0170761731545028,-1.32471056595916,2.38518476486206,0.0779929012060165,0.947047889232635,0.0215813248203442,-0.0201559816278654,0.427122144538745,-0.039443969726419,-0.264868140219679,0.0137174129485585,-0.028029521314462,-0.0520547854649838,-0.411980789747731,0,0,0,-0.0233252717821404,2727.95,18.443892
0.161506586415014,0.32178618230284,0.960406184196472,0.0169999487698078,0.00958500243723392,-1.88135974671579,-0.0169295496468922,0.105101017647985,-0.0362385482928478,-0.0154664298277226,0.011953321208152,-0.927297396171409,2.38346123695374,0.0650661736726761,0.947640478610992,0.0188339088783259,-0.0231189636624868,0.405355516948902,-0.034470558166692,-0.25853455066822,0.0118517875672033,-0.0549483188406658,-0.0592596406927518,-0.435332551799237,0,0,0,0.0330991859155958,2728,18.5106103
0.160942268093451,0.325289549557773,0.960406184196472,0.0169999487698078,0.00958500243723392,-1.88135974671579,-0.0169295496468922,0.105101017647985,-0.0362385482928478,-0.0108265008794058,0.00836732484570637,-0.649108177319986,2.37873935699463,0.0402097776532173,0.947051882743835,0.0197146842160916,-0.019610029014639,0.376177398774209,-0.0472187995908927,-0.248563960193683,-0.00588595867154841,0.00880775337762466,0.0350893464783502,-0.291781181745876,0,0,0,0.0926408010716554,2728.1,18.577291
0.160107595399435,0.328739985208216,0.965603053569794,0.014295807108283,0.00913869775831699,-1.80501692559457,-0.0250401808204578,0.103513069513284,-0.0829485763155725,0.0167587243381389,0.00987386950224684,-1.14146111421493,2.37604761123657,0.0277762189507484,0.946642160415649,0.0217638471770011,-0.0180309427342412,0.365191459225111,-0.0538349151614266,-0.248671174050734,-0.00819444656376542,0.0409832592184136,0.0315817256081284,-0.219718790983159,0,0,0,0.153305570783398,2728.15,18.6440706
0.15927292270542,0.332190420858659,0.965603053569794,0.014295807108283,0.00913869775831699,-1.80501692559457,-0.0250401808204578,0.103513069513284,-0.0361767519556787,0.0117311070366972,0.00691170865157279,-0.799022779950453,2.37305593490601,0.0156832933425903,0.946239113807678,0.024507692832778,-0.015790582271759,0.359652013631334,-0.0598335266111105,-0.241858512162282,-0.0080609321593945,0.0548769131153401,0.0448072092494801,-0.110788911875123,0,0,0,0.212494720979963,2728.2,18.7108502
0.158438250011405,0.335640856509101,0.965603053569794,0.014295807108283,0.00913869775831699,-1.80501692559457,-0.0250401808204578,0.103513069513284,-0.0361767519556787,0.00821177492568805,0.00483819605610095,-0.559315945965317,2.36773943901062,-0.00841418001800776,0.945345103740692,0.0224221868971887,-0.0137398182851641,0.346101591829865,-0.0531649589539058,-0.2409747336062,-0.00894010066986897,-0.0208550593559128,0.0205076398659682,-0.135504218014814,0,0,0,0.26744213500744,2728.3,18.7775675
0.159968535066443,0.339001616124173,0.955176711082458,0.014295807108283,0.00913869775831699,-1.80501692559457,0.0459085516511514,0.100822788452135,0.0797122850249557,0.00574824244798163,0.00338673723927066,-0.391521162175722,2.36456632614136,-0.0202669687569141,0.945161402225494,0.0188009465012485,-0.0137908224130911,0.348899506804626,-0.063462257385023,-0.237055774777265,-0.00367403030394171,-0.0724248079185395,-0.00102008255853631,0.0559582994950121,0,0,0,0.31550548091852,2728.35,18.8442743
0.161369451197338,0.342419672552051,0.955176711082458,0.0214351881295443,0.00963443797081709,-1.7653881814692,0.0420274839268549,0.102541692836344,-0.0139804681568115,-0.0602306594777638,-0.00209094584501139,-0.630723510651301,2.36116576194763,-0.032059907913208,0.945044577121735,0.0174437513397238,-0.0156354601268421,0.353671806141868,-0.0680112838748829,-0.235858783127164,-0.00233650207520806,-0.0271439032306415,-0.0368927542752224,0.0954459867453496,0,0,0,0.354266766681583,2728.4,18.9109902
0.162770367328233,0.345837728979929,0.955176711082458,0.0214351881295443,0.00963443797081709,-1.7653881814692,0.0420274839268549,0.102541692836344,-0.0139804681568115,-0.0421614616344347,-0.00146366209150798,-0.441506457455911,2.35481786727905,-0.053955040872097,0.944491982460022,0.0021181867369448,-0.0251985048614126,0.371214702502402,-0.0634789466858487,-0.218951329589089,-0.00552594661713149,-0.15325564602793,-0.0956304473457915,0.175428963605508,0,0,0,0.381767814957768,2728.5,18.97767
0.162756541175089,0.347605962642305,0.968266904354095,0.0149683905765414,0.0102350888773799,-1.77782814767099,-0.000414784594319981,0.0530470098712904,-0.145802848425617,0.0286881548329213,-0.00643042162312083,-0.197094824403098,2.35148334503174,-0.0646691769361496,0.944309532642365,-0.00558444539629025,-0.0304162333267513,0.382976145482862,-0.0666904449460465,-0.214282721280272,-0.00364899635313614,-0.154052642664141,-0.104354569306395,0.235228859608337,0,0,0,0.39678856559089,2728.55,19.0443378
0.162742715021945,0.349374196304681,0.968266904354095,0.0149683905765414,0.0102350888773799,-1.77782814767099,-0.000414784594319981,0.0530470098712904,-0.0279911089808844,0.0200817083830449,-0.00450129513618458,-0.137966377082168,2.34736323356628,-0.0755330845713615,0.944423615932465,0.0025658565786019,-0.0218687114722235,0.390400539705214,-0.0824022293087823,-0.217278152703448,0.00228166580199365,0.16300603949725,0.170950437089934,0.148487884446491,0,0,0,0.398932494733972,2728.6,19.1110351
0.162728888868801,0.351142429967058,0.968266904354095,0.0149683905765414,0.0102350888773799,-1.77782814767099,-0.000414784594319981,0.0530470098712904,-0.0279911089808844,0.0140571958681314,-0.00315090659532921,-0.0965764639575178,2.33879113197327,-0.0946316421031952,0.944224834442139,0.0225557536902052,-0.0174409734108192,0.419972335229386,-0.0857210159302537,-0.19098557531851,-0.00198781490326109,0.199898971116215,0.0442773806140829,0.295717955241997,0,0,0,0.388696993429121,2728.7,19.1777695
0.162506272425219,0.351288987049646,0.962529718875885,0.00741091882809997,0.0081381518393755,-1.82977621819711,-0.00667849330746493,0.00439671247765612,0.0191503457547563,0.0778572828436651,0.0166667987253091,0.399929109964845,2.33443188667297,-0.103839218616486,0.943992018699646,0.0264285833168563,-0.0142691976220235,0.446302597110651,-0.0871849060063351,-0.184151530266813,-0.00465631484987892,0.077456592533445,0.0634355157762613,0.526605237628164,0,0,0,0.367505304741003,2728.75,19.2445001
0.162283655981637,0.351435544132235,0.962529718875885,0.00741091882809997,0.0081381518393755,-1.82977621819711,-0.00667849330746493,0.00439671247765612,-0.0324843235491378,0.0545000979905656,0.0116667591077164,0.279950376975391,2.32965707778931,-0.112945452332497,0.943963468074799,0.0260337066839736,-0.0176716874863862,0.470868561930305,-0.0954961776729924,-0.182124674319558,-0.000571012496946165,-0.00789753265762624,-0.0680497972870076,0.491319296391285,0,0,0,0.337602632658984,2728.8,19.3112201
0.162061039538055,0.351582101214823,0.962529718875885,0.00741091882809997,0.0081381518393755,-1.82977621819711,-0.00667849330746493,0.00439671247765612,-0.0324843235491378,0.0381500685933959,0.00816673137540148,0.195965263882774,2.31950426101685,-0.130773693323135,0.943321704864502,0.0189841697290013,-0.0204006431063372,0.524982327552983,-0.101528167724702,-0.178282409906549,-0.00641763210297215,-0.0704953695497865,-0.0272895561995341,0.541137656227282,0,0,0,0.301855202298256,2728.9,19.3779517
0.161940780813283,0.353685175683882,0.96479868888855,0.015802938491106,0.0102457907050848,-1.92341773774362,-0.00360776174315714,0.0630922340717474,-0.0443516040563072,-0.0488231289516775,-0.0132520378286027,0.979949360636521,2.31441593170166,-0.139294162392616,0.943006217479706,0.0168408095835762,-0.0183990686433067,0.55485235302123,-0.101766586303341,-0.170409381388998,-0.0063097476958999,-0.042867202908346,0.040031489260464,0.597400509362765,0,0,0,0.263555872012172,2728.95,19.4446507
0.161820522088511,0.35578825015294,0.96479868888855,0.015802938491106,0.0102457907050848,-1.92341773774362,-0.00360776174315714,0.0630922340717474,-0.023930873942324,-0.0341761902661742,-0.0092764264800219,0.685964552445565,2.30881190299988,-0.148135423660278,0.942823469638824,0.0155006470240407,-0.0120327009217787,0.588339458839045,-0.112080574036256,-0.176825225354206,-0.0036549568176469,-0.0268032511908564,0.127327354431255,0.669742116359946,0,0,0,0.226049727178564,2729,19.5113636
0.161700263363739,0.357891324621998,0.96479868888855,0.015802938491106,0.0102457907050848,-1.92341773774362,-0.00360776174315714,0.0630922340717474,-0.023930873942324,-0.023923333186322,-0.00649349853601533,0.480175186711895,2.29809761047363,-0.166609242558479,0.943516850471497,0.022620160336017,-0.00576136069039889,0.648532405028263,-0.107142925262061,-0.184738188981338,0.00693380832669597,0.0711951331195041,0.0627134023135699,0.601929461889996,0,0,0,0.192519056122363,2729.1,19.5780653
0.161832784862153,0.359990077713741,0.962845504283905,0.0137927122414112,0.00595647236332297,-2.04554407860971,0.00397564495241328,0.0629625927522828,-0.00649055665151331,0.00134570301682805,0.0340584161006457,1.43525969849313,2.29275155067444,-0.175613895058632,0.943654954433441,0.0246272537160232,-0.00486723177749348,0.677091525445046,-0.10692119598447,-0.180093050004035,0.00276207923890667,0.0401418676003418,0.0178825782582058,0.571182408338759,0,0,0,0.165629186888315,2729.15,19.6447687
0.161965306360567,0.362088830805484,0.962845504283905,0.0137927122414112,0.00595647236332297,-2.04554407860971,0.00397564495241328,0.0629625927522828,-0.0240692180933163,0.000941992111779632,0.023840891270452,1.00468178894519,2.28760147094727,-0.184901565313339,0.944308161735535,0.0247300304278963,0.000317682365087424,0.702479632476524,-0.103001594543082,-0.185753405093471,0.0130641460418226,0.0020555342374551,0.103698282851241,0.507762140627728,0,0,0,0.147311403267037,2729.2,19.7114419
0.162097827858981,0.364187583897226,0.962845504283905,0.0137927122414112,0.00595647236332297,-2.04554407860971,0.00397564495241328,0.0629625927522828,-0.0240692180933163,0.000659394478245742,0.0166886238893164,0.703277252261632,2.27773880958557,-0.204121142625809,0.945740520954132,0.0269627212675391,0.00289454517707322,0.750827700757533,-0.0986266136170331,-0.19219577312487,0.0143235921859871,0.0223269083964484,0.0257686281198814,0.483480682810527,0,0,0,0.138539663595656,2729.3,19.7781187
0.159232069956747,0.365991885595551,0.962845504283905,0.0137927122414112,0.00595647236332297,-2.04554407860971,-0.0859727370670202,0.0541290509497244,-0.0338936490213386,0.00046157613477202,0.0116820367225215,0.492294076583142,2.27318072319031,-0.213881105184555,0.946199476718903,0.0308781887278703,-0.000357899342008594,0.772770369256172,-0.0911617279049418,-0.195199251174217,0.00917911529537676,0.0783093492063399,-0.0650488903813997,0.438853369971186,0,0,0,0.139270638237121,2729.35,19.8448161
0.156579986551021,0.368092967269292,0.961495101451874,0.0154230389744043,0.00363258132711053,-2.15465955998636,-0.0795625021717666,0.0630324502122525,-0.0218697734380853,-0.0143498373025977,0.029092445031677,1.32664518599803,2.26876997947693,-0.223865449428558,0.946954429149628,0.0309480801285233,0.00307649254000068,0.791921672169396,-0.0882148742680595,-0.199686884881156,0.0150990486145843,0.00139782801306623,0.0686878376405603,0.383026058266574,0,0,0,0.148424663110325,2729.4,19.9115238
0.153927903145296,0.370194048943034,0.961495101451874,0.0154230389744043,0.00363258132711053,-2.15465955998636,-0.0795625021717666,0.0630324502122525,-0.0340233989263666,-0.0100448861118184,0.0203647115221739,0.928651630198622,2.26012682914734,-0.244556784629822,0.947233080863953,0.03059468171098,0.00779466991270711,0.824708728564757,-0.086431503295977,-0.206913352012822,0.00278651714325205,-0.00353398417543639,0.0471817737271072,0.327870563953909,0,0,0,0.163978816111137,2729.5,19.9782639
0.151858360013628,0.372756594531575,0.963963329792023,0.0187010355293751,0.00495587149634957,-2.23520403172708,-0.0620862939500269,0.0768763676562296,-0.050834347388512,-0.0365333892730096,0.00234568654237035,1.37495638680554,2.25615000724792,-0.25530019402504,0.947581589221954,0.0286178790024622,0.00421398911451609,0.839667349303661,-0.0795364379879919,-0.214868187903576,0.00697016716000882,-0.0395360541702118,-0.0716136159635598,0.299172414776982,0,0,0,0.183129903509302,2729.55,20.0449921
0.14978881688196,0.375319140120116,0.963963329792023,0.0187010355293751,0.00495587149634957,-2.23520403172708,-0.0620862939500269,0.0768763676562296,-0.0286202923271717,-0.0255733724911067,0.00164198057965924,0.962469470763877,2.25240325927734,-0.265922367572784,0.947970449924469,0.0263321014672,0.00119316737123509,0.855800313698391,-0.0749349594113485,-0.212443470954122,0.00777721405026468,-0.0457155507050766,-0.0604164348654003,0.322659287893422,0,0,0,0.202588355905994,2729.6,20.1117423
0.147719273750293,0.377881685708657,0.963963329792023,0.0187010355293751,0.00495587149634957,-2.23520403172708,-0.0620862939500269,0.0768763676562296,-0.0286202923271717,-0.0179013607437747,0.00114938640576147,0.673728629534714,2.24556946754456,-0.287688821554184,0.949184417724609,0.0244222822646022,0.00155144228689762,0.88076218463912,-0.068337917327943,-0.217664539814193,0.0121396780014149,-0.0190981920259959,0.0035827491566286,0.249618709407518,0,0,0,0.218863071931912,2729.7,20.1785395
0.146477133936748,0.379686488957045,0.954740464687347,0.0143233062699437,0.00411440012976527,-2.29027049805856,-0.03726419440635,0.0541440974516396,0.0599762928621859,0.02686861081424,0.00837781278329174,0.967208237657637,2.24219965934753,-0.298545688390732,0.949950098991394,0.0269335545232909,0.00219633650487095,0.894907224789943,-0.0673961639407975,-0.217137336732142,0.0153136253357769,0.0502254451740488,0.012897884359537,0.282900803018005,0,0,0,0.228568746014854,2729.75,20.2452684
0.145234994123203,0.381491292205433,0.954740464687347,0.0143233062699437,0.00411440012976527,-2.29027049805856,-0.03726419440635,0.0541440974516396,-0.0230294930798917,0.018808027569968,0.00586446894830422,0.677045766360346,2.23875617980957,-0.309355020523071,0.951018810272217,0.0298512706481686,0.00365307734750481,0.910917776111365,-0.0688695907590268,-0.216186642646003,0.0213742256163773,0.058354322497342,0.0291348168525713,0.320211026427283,0,0,0,0.228826184494345,2729.8,20.3119521
0.143992854309658,0.383296095453821,0.954740464687347,0.0143233062699437,0.00411440012976527,-2.29027049805856,-0.03726419440635,0.0541440974516396,-0.0230294930798917,0.0131656192989776,0.00410512826381295,0.473932036452242,2.2331337928772,-0.331376940011978,0.954194247722626,0.0325111168311472,0.00369889262984492,0.944938872819667,-0.0562238693237816,-0.220219194889269,0.0317543745041182,0.0265984618298097,0.00045815282340149,0.340210967083324,0,0,0,0.217461744191965,2729.9,20.3786929
0.143196138613728,0.386748087049059,0.944769322872162,0.0165849048644304,0.00689201289787889,-2.34233718182779,-0.023901470877894,0.103559747857139,0.0656863014331707,-0.0111384538410961,-0.0221249251283535,0.800352579439604,2.23054337501526,-0.342387139797211,0.955786764621735,0.033658074916093,0.00477188893149938,0.961411944324956,-0.0518083572385811,-0.22020399570385,0.0318503379820619,0.0229391616988328,0.0214599260330111,0.329461430104594,0,0,0,0.193238517600697,2729.95,20.4454283
0.142399422917798,0.390200078644297,0.944769322872162,0.0165849048644304,0.00689201289787889,-2.34233718182779,-0.023901470877894,0.103559747857139,-0.0240539749034992,-0.00779691768876728,-0.0154874475898474,0.560246805607723,2.22735738754272,-0.35428586602211,0.957711398601532,0.0291314972177181,0.00532054486523399,0.985703956294664,-0.0637197494510313,-0.237974524499284,0.0384926795961573,-0.0905315539679915,0.0109731186747522,0.485840239396806,0,0,0,0.156007127609686,2730,20.5121245
0.141602707221868,0.393652070239535,0.944769322872162,0.0165849048644304,0.00689201289787889,-2.34233718182779,-0.023901470877894,0.103559747857139,-0.0240539749034992,-0.00545784238213709,-0.0108412133128932,0.392172763925406,2.22201633453369,-0.377648532390594,0.960343301296234,0.0285940816707513,0.00624023033893134,1.02495544988361,-0.0534105300901377,-0.233626663683995,0.0263190269469257,-0.00537415546964811,0.00919685473693999,0.392514935888073,0,0,0,0.106665332608591,2730.1,20.5788192
0.141031652336722,0.397150742689841,0.967070579528809,0.0128270508721471,0.0046621561050415,-2.40865164067483,-0.0171316465543953,0.10496017350918,-0.224619910453799,0.0300001962630541,0.0124798618165112,0.871351064371197,2.21977782249451,-0.389433830976486,0.960611402988434,0.0311724424629041,0.00529278043659624,1.04684296079997,-0.0447702407839357,-0.235705971719121,0.0053620338440234,0.0515672158433364,-0.0189489980468053,0.437750218329418,0,0,0,0.0471472591664905,2730.15,20.6454903
0.140460597451575,0.400649415140147,0.967070579528809,0.0128270508721471,0.0046621561050415,-2.40865164067483,-0.0171316465543953,0.10496017350918,-0.0239086005439781,0.0210001373841379,0.00873590327155784,0.609945745059838,2.21794605255127,-0.40120342373848,0.960621118545532,0.0309549981236432,0.00953713377665247,1.06874475084256,-0.0366353988646128,-0.235391855239012,0.000194311141967067,-0.00434888678520179,0.0848870668008157,0.438035800850255,0,0,0,-0.0198247659050802,2730.2,20.7121723
0.139889542566429,0.404148087590453,0.967070579528809,0.0128270508721471,0.0046621561050415,-2.40865164067483,-0.0171316465543953,0.10496017350918,-0.0239086005439781,0.0147000961688965,0.00611513229009049,0.426962021541887,2.21531701087952,-0.425380647182465,0.959703683853149,0.0314091981367551,0.0100409845946949,1.10482159203733,-0.0262904167175532,-0.24177223444007,-0.00917434692383647,0.00454200013112305,0.00503850818042853,0.36076841194802,0,0,0,-0.0909338307468202,2730.3,20.7788946
0.139273112941078,0.406785406815264,0.967070579528809,0.0128270508721471,0.0046621561050415,-2.40865164067483,-0.018492888760513,0.0791195767443469,-0.0177126130657679,0.0102900673182276,0.00428059260306334,0.298873415079321,2.21456170082092,-0.437387615442276,0.959230661392212,0.0316689703158407,0.00899200693317543,1.12003451364532,-0.01510620117182,-0.240139365195354,-0.00946044921871558,0.00519544358169405,-0.0209795532303123,0.304258432158669,0,0,0,-0.162423821581164,2730.35,20.8455736
0.138850079104439,0.409454128106258,0.968366026878357,0.0200141649693251,0.00226717628538609,-2.4805981424067,-0.012691015099179,0.0800616387298207,-0.0297949089728804,-0.0574809797518426,0.0245512331990431,0.856729906142378,2.21411395072937,-0.45014876127243,0.958910465240479,0.032425593389955,0.00845244193951475,1.13299523765846,-0.00895500183110355,-0.255222916604481,-0.00640392303470291,0.0151324614823685,-0.0107912998732725,0.259214480264352,0,0,0,-0.230657424643419,2730.4,20.9122402
0.1384270452678,0.412122849397252,0.968366026878357,0.0200141649693251,0.00226717628538609,-2.4805981424067,-0.012691015099179,0.0800616387298207,-0.0181358828269453,-0.0402366858262898,0.0171858632393302,0.599710934299664,2.21435403823853,-0.475714474916458,0.957580268383026,0.0303554005827192,0.0109296760192905,1.14674857055121,0.00240087509155492,-0.25565713644051,-0.013301968574536,-0.0207019280723775,0.0247723407977801,0.137533328927633,0,0,0,-0.292260029539149,2730.5,20.9788917
0.139236660995979,0.415291702770745,0.970856726169586,0.0141343763098121,0.00567198405042291,-2.52562563683725,0.0242884718453835,0.0950656012047625,-0.0385658004182488,0.0247524178572141,-0.0186131656178003,0.825045103884643,2.21504163742065,-0.488750278949738,0.957340359687805,0.0304675849356335,0.0112389903175498,1.14920329160958,0.0137519836425281,-0.26071608066464,-0.00479817390440149,0.00224368705827922,0.00618628596516261,0.049094421167112,0,0,0,-0.344478003257817,2730.55,21.0456121
0.140046276724159,0.418460556144237,0.970856726169586,0.0141343763098121,0.00567198405042291,-2.52562563683725,0.0242884718453835,0.0950656012047625,-0.0161495067971856,0.0173266925000499,-0.0130292159324602,0.57753157271925,2.21601939201355,-0.501995146274567,0.957192838191986,0.0298712627892416,0.010374327995001,1.14674530703218,0.019555091857839,-0.264897346495618,-0.0029504299163711,-0.0119264429277956,-0.0172932464509127,-0.049159691547732,0,0,0,-0.385162493532595,2730.6,21.1123059
0.140855892452338,0.421629409517729,0.970856726169586,0.0141343763098121,0.00567198405042291,-2.52562563683725,0.0242884718453835,0.0950656012047625,-0.0161495067971856,0.0121286847500349,-0.00912045115272213,0.404272100903475,2.21912002563477,-0.529076457023621,0.958231091499329,0.0310992853271473,0.00846533656473216,1.12813175287795,0.0310063362121864,-0.270813107490786,0.0103825330734347,0.0122802253790686,-0.0190899143027055,-0.186135541542545,0,0,0,-0.413145501651747,2730.7,21.1789713
0.141574578354653,0.428326755043707,0.964623272418976,0.0141343763098121,0.00567198405042291,-2.52562563683725,0.0215605770694343,0.200920365779351,0.0343177166295654,0.00849007932502444,-0.00638431580690549,0.282990470632432,2.22086358070374,-0.542791485786438,0.958608210086823,0.0321154867706802,0.00848254248609764,1.11199696685105,0.0348711013795848,-0.274300575257845,0.00754237174991909,0.0203240288707672,0.000344118427311473,-0.322695720539674,0,0,0,-0.428190293759589,2730.75,21.2456592
0.142206502425767,0.435035300774988,0.964623272418976,0.0114264776930213,0.00619542971253395,-2.51287513043618,0.0189577221334318,0.201256371938427,-0.0214470624208904,0.0303141430786341,-0.00918003202383324,0.0833387718331446,2.22283864021301,-0.556754469871521,0.959427714347839,0.0295556874558985,0.00744352766420929,1.0953489112203,0.0395011901854032,-0.279259681700644,0.0163900852202773,-0.0511959862954477,-0.0207802964376914,-0.332961112613824,0,0,0,-0.430898767272315,2730.8,21.3123784
0.142838426496881,0.441743846506269,0.964623272418976,0.0114264776930213,0.00619542971253395,-2.51287513043618,0.0189577221334318,0.201256371938427,-0.0214470624208904,0.0212199001550438,-0.00642602241668327,0.0583371402832012,2.22735524177551,-0.584981083869934,0.960374891757965,0.0303669424621325,0.00572849927461728,1.04844618940277,0.0451660156250411,-0.282266139984388,0.00947177410126594,0.00811255006234758,-0.0171502838959357,-0.469027218175731,0,0,0,-0.422607890540791,2730.9,21.3792059
0.144065500173136,0.444686387254898,0.974657535552979,0.00723753403872252,0.00683312071487308,-2.43915264870858,0.0368122102876454,0.0882762224588839,-0.120847571089973,0.0525544229972197,-0.0102374347127304,-0.62266633735016,2.22964525222778,-0.59924978017807,0.960411429405212,0.0344392766026153,0.0072491734195845,1.02136783252376,0.0458002090452435,-0.285373926161682,0.000730752944943631,0.0814466828093604,0.0304134828992337,-0.541567137578218,0,0,0,-0.405243610968655,2730.95,21.4460532
0.145292573849391,0.447628928003528,0.974657535552979,0.00723753403872252,0.00683312071487308,-2.43915264870858,0.0368122102876454,0.0882762224588839,-0.0305392028839485,0.0367880960980538,-0.00716620429891129,-0.435866436145112,2.23237109184265,-0.613638758659363,0.960483372211456,0.0373236407282305,0.00341658275328815,0.990743082454681,0.0545167922976608,-0.287779569627425,0.00143885612488578,0.0576872825126177,-0.0766518133263452,-0.612495001384886,0,0,0,-0.381170686196069,2731,21.5127281
0.146519647525646,0.450571468752157,0.974657535552979,0.00723753403872252,0.00683312071487308,-2.43915264870858,0.0368122102876454,0.0882762224588839,-0.0305392028839485,0.0257516672686377,-0.0050163430092379,-0.305106505301578,2.23726296424866,-0.643108248710632,0.959197461605072,0.0337804258803109,0.00477383458222747,0.928548053281875,0.0489187240598806,-0.294694900511623,-0.012859106063796,-0.035432148479067,0.0135725182893438,-0.621950291725796,0,0,0,-0.35271069935694,2731.1,21.579465
0.147393735945507,0.453641057736713,0.984456062316895,0.0109931258484721,0.0114380419254303,-2.31897526051736,0.0262226525958165,0.0920876695366848,-0.118565585782739,-0.0157741591997001,-0.0449557310014815,-1.29517104743211,2.23987793922424,-0.658039450645447,0.958001554012299,0.0324261848107351,0.00231681923589389,0.894174760758965,0.0522994995120041,-0.298624038697919,-0.0239181518555993,-0.027084821391664,-0.0491403069269398,-0.687465850461954,0,0,0,-0.322138802946025,2731.15,21.6462309
0.148267824365367,0.45671064672127,0.984456062316895,0.0109931258484721,0.0114380419254303,-2.31897526051736,0.0262226525958165,0.0920876695366848,-0.0303788449074952,-0.01104191143979,-0.0314690117010371,-0.906619733202479,2.24240469932556,-0.673044919967651,0.956936895847321,0.0323207217729145,-0.00221327339310797,0.861622206189382,0.0505352020261833,-0.300109386443,-0.0212931632994831,-0.00210926075640379,-0.0906018525797076,-0.651051091389286,0,0,0,-0.291436646822259,2731.2,21.7129669
0.149141912785228,0.459780235705826,0.984456062316895,0.0109931258484721,0.0114380419254303,-2.31897526051736,0.0262226525958165,0.0920876695366848,-0.0303788449074952,-0.00772933800785303,-0.0220283081907259,-0.634633813241736,2.24644899368286,-0.70348048210144,0.955547094345093,0.0295806709916049,-0.00651545833640235,0.804529775026172,0.0404429435730348,-0.304355621338167,-0.0138980150222905,-0.0274005078131207,-0.0430218494329829,-0.570924311632616,0,0,0,-0.262179524119727,2731.3,21.7794851
0.147447692539831,0.465656499792305,0.984456062316895,0.0109931258484721,0.0114380419254303,-2.31897526051736,-0.0508266073619078,0.176287922594375,0.000587807720031093,-0.00541053660549712,-0.0154198157335082,-0.444243669269215,2.24864602088928,-0.718657612800598,0.954466581344604,0.0295333031688142,-0.00874840553818097,0.768631846802303,0.0439405441282581,-0.30354261398205,-0.021610260009687,-0.000947356455811033,-0.04465894403541,-0.717958564474771,0,0,0,-0.234832893460648,2731.35,21.8470004
0.144986652426108,0.471254983742795,0.972201824188232,0.0077570746652782,0.0110240513458848,-2.18553929593301,-0.07383120341169,0.167954518514707,0.111204560647795,0.0253370850248973,-0.00706795579754623,-1.51189424974761,2.25002098083496,-0.733877062797546,0.954261898994446,0.0226152622230927,-0.0137077768684269,0.744945137879301,0.0274991989137243,-0.304388999940626,-0.00409364700319617,-0.138360818915186,-0.0991874266054599,-0.473734178462618,0,0,0,-0.21054456768138,2731.4,21.913715
0.142525612312385,0.476853467693285,0.972201824188232,0.0077570746652782,0.0110240513458848,-2.18553929593301,-0.07383120341169,0.167954518514707,0.000916417489835527,0.0177359595174281,-0.00494756905828236,-1.05832597482332,2.25238537788391,-0.763347923755646,0.956384599208832,-0.00122158636457903,-0.0346892775431829,0.691931725039627,0.0236439704895235,-0.294708609581262,0.0212270021438792,-0.238368485876934,-0.209815006747751,-0.530134128397226,0,0,0,-0.188883652816571,2731.5,21.9804093
0.139407243149427,0.482113781296097,0.951504051685333,-0.000332517229253426,0.00935166794806719,-2.06461208131051,-0.0935510748887445,0.157809408084344,0.187975617013374,0.0852214987129843,0.0115881522395609,-1.8291731139788,2.25293397903442,-0.777150392532349,0.958921253681183,-0.0146790992544475,-0.0460165949824374,0.668011229864481,0.010972023010214,-0.276049375533053,0.0507330894468369,-0.26915025779639,-0.226546348784265,-0.478409903501174,0,0,0,-0.169352802679911,2731.55,22.0470805
0.136288873986468,0.487374094898908,0.951504051685333,-0.000332517229253426,0.00935166794806719,-2.06461208131051,-0.0935510748887445,0.157809408084344,0.00169566448728158,0.059655049099089,0.0081117065676926,-1.28042117978516,2.25275421142578,-0.791037976741791,0.962215781211853,-0.00817538367184094,-0.0431867017505833,0.64296546850096,-0.00359535217283848,-0.277751684187832,0.0658905506131636,0.130074311651658,0.0565978646368754,-0.5009152272686,0,0,0,-0.15117203372277,2731.6,22.1138099
0.13317050482351,0.49263440850172,0.951504051685333,-0.000332517229253426,0.00935166794806719,-2.06461208131051,-0.0935510748887445,0.157809408084344,0.00169566448728158,0.0417585343693623,0.00567819459738482,-0.896294825849614,2.25042843818665,-0.816519498825073,0.966886162757874,0.00705134407905781,-0.0227829697618856,0.605337259720557,-0.0232577323913786,-0.254815220833056,0.0467038154602476,0.152267277509126,0.204037319887162,-0.376282087804375,0,0,0,-0.133519732077744,2731.7,22.180438
0.131686533135643,0.495867139877282,0.952542364597321,-0.000332517229253426,0.00935166794806719,-2.06461208131051,-0.0445191506360181,0.0969819412668606,-0.0325106913045305,0.0292309740585536,0.00397473621816937,-0.62740637809473,2.24855661392212,-0.828454971313477,0.968628168106079,0.00919452056804087,-0.016966151703375,0.592113183347309,-0.0374364852907316,-0.238709449769369,0.0348401069643014,0.042863529779895,0.116336361170848,-0.264481527466394,0,0,0,-0.115486058795195,2731.75,22.2472873
0.129912281170111,0.498962533540029,0.952542364597321,-0.0120311602950096,0.0103068565949798,-1.97651641633249,-0.0532275589659527,0.0928618098824166,-0.0224238624725239,0.125749469432793,-0.00581438246949461,-1.23204544946856,2.24588775634766,-0.840326845645905,0.969955205917358,0.0151104354545557,-0.0105352322704625,0.57549763930797,-0.0533771514890636,-0.237437486647696,0.0265407562254894,0.118318297729866,0.128618388657783,-0.332310880785586,0,0,0,-0.0965237587418297,2731.8,22.3139624
0.12813802920458,0.502057927202776,0.952542364597321,-0.0120311602950096,0.0103068565949798,-1.97651641633249,-0.0532275589659527,0.0928618098824166,-0.0224238624725239,0.0880246286029552,-0.00407006772864623,-0.86243181462799,2.24111652374268,-0.862450420856476,0.972060680389404,0.0163532437737735,-0.0135857863469283,0.545841030550558,-0.0477123260498481,-0.221235752105914,0.0210547447204781,0.0124280831921892,-0.030505540764686,-0.296566087574386,0,0,0,-0.0761902110999845,2731.9,22.3806505
0.12544611246059,0.508404315563135,0.977903306484222,0.00746139837428927,0.00996492430567741,-1.91119115617013,-0.0807575023196912,0.190391650810768,-0.247828305089477,-0.113815788001621,0.000228343193668781,-1.19162961170077,2.23846292495728,-0.873447000980377,0.972345411777496,0.0150917667486405,-0.0158191327224242,0.530889678793633,-0.0530719757078147,-0.219931602477227,0.0056946277618201,-0.0252295405025684,-0.0446669275097554,-0.299027035137409,0,0,0,-0.0543995040062799,2731.95,22.4473389
0.1227541957166,0.514750703923494,0.977903306484222,0.00746139837428927,0.00996492430567741,-1.91119115617013,-0.0807575023196912,0.190391650810768,-0.0195798281073606,-0.0796710516011349,0.000159840235568147,-0.834140728190542,2.2354941368103,-0.884413659572601,0.972455382347107,0.0141580122028012,-0.0167946616258047,0.515339901062014,-0.0593757629397771,-0.219333171845679,0.00219941139222392,-0.0186750909168867,-0.0195105780677166,-0.310995554634078,0,0,0,-0.0313558233253162,2732,22.5140347
0.12006227897261,0.521097092283853,0.977903306484222,0.00746139837428927,0.00996492430567741,-1.91119115617013,-0.0807575023196912,0.190391650810768,-0.0195798281073606,-0.0557697361207945,0.000111888164897703,-0.58389850973338,2.22866177558899,-0.905407726764679,0.97327446937561,0.0137004896412518,-0.0145709656988714,0.484678218829372,-0.0683236122128862,-0.209940671920013,0.00819087028500438,-0.00457522561547785,0.0222369592692527,-0.306616822325302,0,0,0,-0.00749121542514304,2732.1,22.5807846
0.117038592548102,0.527291207516864,0.967673420906067,0.00897673703730106,0.00995303504168987,-1.85806219842172,-0.0907105927352631,0.18582345699032,0.0723397318370472,-0.0526768632516622,0.000185325091316263,-0.886889576549084,2.22484922409058,-0.915450036525726,0.974250972270966,0.0147847652397018,-0.0146792182342973,0.473028141330649,-0.0762510299686778,-0.200846195222043,0.0195300579072111,0.0216855119691188,-0.0021650507085306,-0.233001549975743,0,0,0,0.0165635732290937,2732.15,22.6475056
0.114014906123593,0.533485322749875,0.967673420906067,0.00897673703730106,0.00995303504168987,-1.85806219842172,-0.0907105927352631,0.18582345699032,-0.0197292383663525,-0.0368738042761635,0.000129727563921384,-0.620822703584358,2.2207043170929,-0.925084412097931,0.975135803222656,0.0156313912596228,-0.0149274499487825,0.463385961317664,-0.0828981399533117,-0.192687511443391,0.0176966190337491,0.016932520398357,-0.00496463428968552,-0.192843600259004,0,0,0,0.0401843608946511,2732.2,22.7142396
0.110991219699084,0.539679437982885,0.967673420906067,0.00897673703730106,0.00995303504168987,-1.85806219842172,-0.0907105927352631,0.18582345699032,-0.0197292383663525,-0.0258116629933145,9.08092947449687e-05,-0.434575892509051,2.21175527572632,-0.943819165229797,0.975952506065369,0.0102743866649882,-0.0113888670547872,0.443447342247563,-0.0894904136658529,-0.187347531318835,0.00816702842713145,-0.0535700459463942,0.0353858289399848,-0.19938619070119,0,0,0,0.0627976589216251,2732.3,22.7809376
0.10812072191992,0.542535456748566,0.967673420906067,0.00897673703730106,0.00995303504168987,-1.85806219842172,-0.0861149333749218,0.0856805629704331,-0.00262885355331648,-0.0180681640953201,6.35665063214781e-05,-0.304203124756336,2.20695638656616,-0.951466202735901,0.976616621017456,0.00733847888378677,-0.0100325731506928,0.438410506192321,-0.0959777832027758,-0.152940750121514,0.0132822990416997,-0.0587181556238151,0.0271258780817898,-0.100736721104466,0,0,0,0.0840474671410786,2732.35,22.8476281
0.105141392497647,0.545277162427772,0.962802648544312,0.0124371517449617,0.00993558205664158,-1.81899206902719,-0.0893798826681896,0.0822511703761678,0.0409485723214273,-0.0437914472356702,0.000201573419859681,-0.564573351880216,2.20136046409607,-0.958804070949554,0.977935135364532,0.00932095019470862,-0.00164349984522791,0.439435897532321,-0.111918449402466,-0.146757364273872,0.0263702869416722,0.0396494262186534,0.167781466110213,0.0205078268001189,0,0,0,0.103830977188277,2732.4,22.9142954
0.102162063075374,0.548018868106978,0.962802648544312,0.0124371517449617,0.00993558205664158,-1.81899206902719,-0.0893798826681896,0.0822511703761678,-0.00288837893437103,-0.0306540130649691,0.000141101393901777,-0.395201346316151,2.19140529632568,-0.972647428512573,0.983450531959534,0.0267980822646105,-0.0060338099152934,0.438505372677681,-0.099551677703948,-0.138433575630314,0.0551539659500624,0.174771320699178,-0.0439031007006948,-0.0093052485464136,0,0,0,0.122362607353146,2732.5,22.9809671
0.102021619864329,0.550019595988606,0.968429207801819,0.0124371517449617,0.00993558205664158,-1.81899206902719,-0.0042132963313477,0.0600218364488613,-0.0750593433733886,-0.0214578091454784,9.87709757312438e-05,-0.276640942421306,2.18618893623352,-0.979735374450684,0.986267328262329,0.0305061367544027,-0.00926592835253964,0.438093005381997,-0.104327201842882,-0.141758918761691,0.0563359260557033,0.0741610897955749,-0.0646423687446897,-0.00824734591364892,0,0,0,0.140152452255746,2732.55,23.0476895
0.10188818529472,0.552008982138237,0.968429207801819,0.0291212741285563,0.00478114746510983,-1.81360404755807,-0.00400303708826078,0.0596815844889232,-0.0248426129101141,-0.165177567854186,0.0464590510067977,-0.24214085291696,2.18128824234009,-0.986831068992615,0.98917543888092,0.026453157998041,-0.012488894700541,0.436432142115786,-0.0980138778682958,-0.141913890838107,0.0581622123716146,-0.0810595751269403,-0.0644593269597917,-0.0332172653240905,0,0,0,0.157906138724397,2732.6,23.114373
0.101754750725112,0.553998368287868,0.968429207801819,0.0291212741285563,0.00478114746510983,-1.81360404755807,-0.00400303708826078,0.0596815844889232,-0.0248426129101141,-0.11562429749793,0.0325213357047584,-0.169498597041872,2.17093229293823,-0.999729573726654,0.996484220027924,0.0166330317135643,-0.0212158729395712,0.443507244469082,-0.103559494018649,-0.12898504734051,0.0730878114700982,-0.0982012628448559,-0.0872697823903821,0.0707510235330172,0,0,0,0.176503441993095,2732.7,23.1811063
0.101663639413727,0.55461373440313,0.968429207801819,0.0291212741285563,0.00478114746510983,-1.81360404755807,-0.00273333934155255,0.0184609834578771,-0.0313676330283702,-0.0809370082485509,0.0227649349933309,-0.11864901792931,2.1647515296936,-1.00555837154388,1.00041842460632,0.0141975949711791,-0.0185101771749612,0.452665793575172,-0.123615264893253,-0.116575956345241,0.0786840915684225,-0.0487087348479708,0.0541139152924952,0.183170982122797,0,0,0,0.196772011231307,2732.75,23.2478291
0.101569056533566,0.555244351868395,0.965131938457489,0.0189443696290255,0.0118561498820782,-1.82752340104318,-0.00283748640482606,0.0189185239579301,-0.00155379007960051,0.0349362347217915,-0.0477395672573835,0.0422198688154496,2.15854501724243,-1.0108494758606,1.00473785400391,0.0144760978048038,-0.0186208727475926,0.46220582392381,-0.124130249022986,-0.105822086333844,0.0863885879513459,0.00557005667247492,-0.00221391145261831,0.190800606972067,0,0,0,0.2193934114826,2732.8,23.314556
0.101474473653405,0.555874969333659,0.965131938457489,0.0189443696290255,0.0118561498820782,-1.82752340104318,-0.00283748640482606,0.0189185239579301,-0.031229214178569,0.0244553643052541,-0.0334176970801685,0.0295539081708147,2.1445734500885,-1.01995003223419,1.0130627155304,0.0177342668755927,-0.017411207930438,0.487900640633451,-0.139715671539434,-0.0910055637360447,0.0832486152649683,0.0325816907079189,0.0120966481715566,0.25694816709665,0,0,0,0.244719546145107,2732.9,23.3812639
0.101476611580107,0.555237489918956,0.977546751499176,0.0189443696290255,0.0118561498820782,-1.82752340104318,6.41378010542938e-05,-0.019124382441103,-0.147515519385221,0.0171187550136778,-0.0233923879561179,0.0206877357195703,2.13771677017212,-1.02406108379364,1.01628935337067,0.0193841339377834,-0.0178821689165847,0.50282685636348,-0.137133598327138,-0.0822210311886657,0.0645327568051852,0.0329973412436935,-0.0094192197229006,0.298524314599488,0,0,0,0.272672439733958,2732.95,23.4479669
0.101448685297715,0.554604068442994,0.977546751499176,0.0163353215903044,0.0132604939863086,-1.86916249062753,-0.000837788471750734,-0.0190026442788612,-0.0358091945239421,0.0354645608580643,-0.0290137685073562,0.389233221262855,2.13042163848877,-1.02799952030182,1.01877784729004,0.0242367028688633,-0.0173950884641574,0.516995732485911,-0.145902633667788,-0.0787687301640041,0.0497698783877228,0.0970513786221272,0.0097416090486003,0.283377522450171,0,0,0,0.302634139403765,2733,23.5146434
0.101420759015323,0.553970646967032,0.977546751499176,0.0163353215903044,0.0132604939863086,-1.86916249062753,-0.000837788471750734,-0.0190026442788612,-0.0358091945239421,0.024825192600645,-0.0203096379551493,0.272463254883998,2.11542177200317,-1.03577256202698,1.022092461586,0.0370800717059544,-0.0117266196479124,0.548262755119248,-0.149998664855411,-0.0777304172513041,0.0331461429594741,0.128433688370444,0.0566846881622433,0.312670226332236,0,0,0,0.333456175700717,2733.1,23.5813189
0.101392832732932,0.55333722549107,1.00060451030731,0.0163353215903044,0.0132604939863086,-1.86916249062753,-0.000837788471750734,-0.0190026442788612,-0.243329023797166,0.0173776348204515,-0.0142167465686045,0.190724278418799,2.10811948776245,-1.03987157344818,1.02303194999695,0.042093751368964,-0.0100208045960608,0.559421447724278,-0.14604568481525,-0.0819802284245196,0.0187897682190967,0.100273593260739,0.0341163010372185,0.2231738521018,0,0,0,0.363484277788334,2733.15,23.6480354
0.101356687466944,0.552690033133691,1.00060451030731,0.0367880575358868,0.0104733994230628,-1.93082421090341,-0.0010843579796334,-0.0194157707213596,-0.035697185681811,-0.171910279135925,0.0151321284711888,0.688462477376069,2.10096311569214,-1.04408669471741,1.02372658252716,0.0395005021366241,-0.00188889557319352,0.571332005426967,-0.143127441405729,-0.0843024253842148,0.0138926506041975,-0.0518649846466092,0.162638180456754,0.238211154052931,0,0,0,0.390601562632029,2733.2,23.7147224
0.101320542200956,0.552042840776312,1.00060451030731,0.0367880575358868,0.0104733994230628,-1.93082421090341,-0.0010843579796334,-0.0194157707213596,-0.035697185681811,-0.120337195395148,0.0105924899298322,0.481923734163249,2.08633971214294,-1.05197656154633,1.02473545074463,0.027208134723133,-0.00553160613723252,0.617794349964764,-0.146234035492076,-0.0788986682892563,0.0100886821746918,-0.122923674135024,-0.0364271056404231,0.464623445378392,0,0,0,0.412502909502631,2733.3,23.7814599
0.101284396934968,0.551395648418934,1.00060451030731,0.0367880575358868,0.0104733994230628,-1.93082421090341,-0.0010843579796334,-0.0194157707213596,-0.035697185681811,-0.0842360367766035,0.00741474295088251,0.337346613914274,2.07900261878967,-1.05569398403168,1.02480518817902,0.0266463086680692,-0.0100403706090289,0.642484192797582,-0.146741867064896,-0.0743484497067608,0.00139474868773907,-0.0112365211012345,-0.0901752894355988,0.493796856654556,0,0,0,0.426778969288847,2733.35,23.8481372
0.0993505950871497,0.552403890238526,0.992406487464905,0.023361274972558,0.00667892908677459,-2.01054780747628,-0.0580140554345591,0.0302472545877778,0.0840515709576297,0.0618758173263363,0.0393405530922117,0.953654998895876,2.07206559181213,-1.0593273639679,1.02454137802124,0.0320385022393738,-0.0192774888045984,0.693873258956272,-0.138740539551538,-0.0726675987247618,-0.00527620315554637,0.107843871426681,-0.184742363912398,1.02778132317942,0,0,0,0.431271761493406,2733.4,23.91487
0.097416793239331,0.553412132058119,0.992406487464905,0.023361274972558,0.00667892908677459,-2.01054780747628,-0.0580140554345591,0.0302472545877778,0.0102693653759647,0.0433130721284354,0.0275383871645482,0.667558499227113,2.05791068077087,-1.06718802452087,1.02340912818909,0.0382319734016608,-0.0146078981966361,0.728495456194084,-0.141549110412726,-0.0786066055298567,-0.0113224983215435,0.061934711622926,0.0466959060796646,0.346221972378435,0,0,0,0.424218392771792,2733.5,23.9815592
0.0960504925316536,0.553548781038661,1.01405584812164,0.023361274972558,0.00667892908677459,-2.01054780747628,-0.0409890212303238,0.004099469416266,-0.196605532911031,0.0303191504899048,0.0192768710151837,0.467290949458979,2.05033183097839,-1.07078671455383,1.02185559272766,0.0375190275395816,-0.0118854822659631,0.763760918764433,-0.151576995849058,-0.0719738006589179,-0.0310707092284026,-0.0142589172415313,0.0544483186132637,0.705309251404414,0,0,0,0.404499519004845,2733.55,24.0482809
0.0947063585448985,0.553825381268374,1.01405584812164,0.0283041186630726,0.0199509523808956,-2.1130364444468,-0.0403240196026534,0.0082980068913772,-0.00202309894878703,-0.0232621878716977,-0.105954399936461,1.24950139735597,2.04273962974548,-1.07493305206299,1.01942253112793,0.0410842415611305,-0.0144520488136742,0.800481126832279,-0.151844024657651,-0.0829267501828038,-0.0486612319944519,0.0713042804307188,-0.0513313309540352,0.734404161354242,0,0,0,0.371798286679422,2733.6,24.1150169
0.0933622245581433,0.554101981498086,1.01405584812164,0.0283041186630726,0.0199509523808956,-2.1130364444468,-0.0403240196026534,0.0082980068913772,-0.00202309894878703,-0.0162835315101884,-0.0741680799555224,0.874650978149176,2.02816891670227,-1.08394420146942,1.0162832736969,0.0395407793933917,-0.00777474884829907,0.869501468486681,-0.145707130432261,-0.090111494064413,-0.0313925743103313,-0.0154346216774018,0.0667729996538115,0.690203416544648,0,0,0,0.326729240373541,2733.7,24.1817306
0.0919949067788123,0.554546058319257,1.01405584812164,0.0283041186630726,0.0199509523808956,-2.1130364444468,-0.0410195333799316,0.0133223046351223,0.00650291170116883,-0.0113984720571319,-0.0519176559688657,0.612255684704423,2.02125000953674,-1.08883905410767,1.01459264755249,0.040905159471053,-0.00544331767040065,0.9078845718327,-0.138378143311302,-0.0978970527654268,-0.0338125228883681,0.0272876015533739,0.0466286235582228,0.767662066924574,0,0,0,0.270781781594362,2733.75,24.248461
0.0907013292233158,0.555171732606771,1.01665675640106,0.0267734825611115,0.0168980415910482,-2.24896757867074,-0.0388073266648949,0.0187702286254235,-0.0168394441017169,0.0057967944776579,-0.00886616206957962,1.65195918730854,2.01477742195129,-1.09396982192993,1.0123530626297,0.0458002553428233,-0.00192143446254675,0.942657222835346,-0.129451751708513,-0.102615356444939,-0.0447916984556476,0.0979019174350491,0.0704376641568218,0.695453020050384,0,0,0,0.20628554034335,2733.8,24.3152345
0.0894077516678193,0.555797406894285,1.01665675640106,0.0267734825611115,0.0168980415910482,-2.24896757867074,-0.0388073266648949,0.0187702286254235,0.00656873041305365,0.00405775613436053,-0.00620631344870573,1.15637143111598,2.00183606147766,-1.1066437959671,1.00675559043884,0.0485659449740736,0.00266087624768539,1.01001029740137,-0.129413604736446,-0.126739740371819,-0.0559747219086202,0.0276568963125289,0.045823107102363,0.673530745660849,0,0,0,0.136393971265922,2733.9,24.3819552
0.0868315317504224,0.557145377939185,1.01491177082062,0.0267734825611115,0.0168980415910482,-2.24896757867074,-0.0772865975219054,0.0404391313469833,0.0297781899931379,0.00284042929405237,-0.00434441941409401,0.809460001781184,1.99607849121094,-1.11345851421356,1.00350081920624,0.0515732462271807,0.00257106208660472,1.03943800944827,-0.115151405334054,-0.136294364928703,-0.0650954246518628,0.0601460250619221,-0.00179628322160685,0.588554240935885,0,0,0,0.0645841404887987,2733.95,24.4486748
0.0844600247127036,0.558833484823238,1.01491177082062,0.0314657501876354,0.0196550823748112,-2.38584690358377,-0.071145211131566,0.0506432065215986,0.0137593496245046,-0.0402421081328791,-0.0278544606437322,1.79853592546405,1.98560738563538,-1.12879002094269,0.998893201351166,0.0437313279092907,0.00453484466060765,1.10369128779679,-0.209422111512373,-0.306630134584193,-0.0921523571019433,-0.156838366358656,0.0392756514802729,1.2850655669774,0,0,0,-0.00546920779557813,2734,24.5154288
0.0820885176749847,0.560521591707291,1.01491177082062,0.0314657501876354,0.0196550823748112,-2.38584690358377,-0.071145211131566,0.0506432065215986,0.0137593496245046,-0.0281694756930154,-0.0194981224506125,1.25897514782484,1.98109841346741,-1.13733232021332,0.996665239334106,0.0464762209335144,0.00866014595216387,1.12849002433218,-0.0450897216795235,-0.0854229927059881,-0.0222796201705122,0.0274489302421375,0.0412530129154122,0.24798736535301,0,0,0,-0.0701292235008187,2734.1,24.5821793
0.0797170106372658,0.562209698591345,1.00376570224762,0.0314657501876354,0.0196550823748112,-2.38584690358377,-0.071145211131566,0.0506432065215986,0.114073966781487,-0.0197186329851108,-0.0136486857154288,0.881282603477386,1.977055311203,-1.14638340473175,0.994251549243927,0.0460052109440608,0.0171903869827597,1.14388552186806,-0.0808620452885272,-0.18102169036964,-0.0482738018038523,-0.00942019978912376,0.170604820612848,0.307909950719304,0,0,0,-0.126178547960749,2734.15,24.6488643
0.0775465849288266,0.564141929773397,1.00376570224762,0.0239967368543148,0.0182008165866137,-2.49477951791024,-0.0651127712531781,0.0579669354615707,0.0142240204217213,0.053418076910308,0.00353431209297752,1.59729135137246,1.97394335269928,-1.15576827526093,0.9923095703125,0.0426528733044816,0.0167067272350747,1.15838477899716,-0.0622391700742365,-0.187697410582813,-0.0388395786283987,-0.0670467527913395,-0.00967319495366609,0.289985142580813,0,0,0,-0.171222023687217,2734.2,24.7155556
0.0753761592203873,0.566074160955449,1.00376570224762,0.0239967368543148,0.0182008165866137,-2.49477951791024,-0.0651127712531781,0.0579669354615707,0.0142240204217213,0.0373926538372156,0.00247401846508426,1.11810394596072,1.96799194812775,-1.17567729949951,0.99030065536499,0.0375309944448095,0.0192061582681354,1.18859744605214,-0.0595140457153862,-0.199090242386045,-0.0200891494751159,-0.0512187885967681,0.0249943103306304,0.302126670550124,0,0,0,-0.203704832837228,2734.3,24.7822644
0.073205733511948,0.568006392137502,1.00376570224762,0.0239967368543148,0.0182008165866137,-2.49477951791024,-0.0651127712531781,0.0579669354615707,0.0142240204217213,0.0261748576860509,0.00173181292555898,0.782672762172507,1.96595335006714,-1.18572592735291,0.989958703517914,0.0393068905470124,0.0137031344527321,1.19335961033229,-0.0407719612120099,-0.20097255706714,-0.00683903694150344,0.0355179220439301,-0.110060476307666,0.0952432856026374,0,0,0,-0.223097155343047,2734.35,24.8489503
0.0718426491598042,0.570502420883518,1.0046249628067,0.0179518908262253,0.00974900089204311,-2.55357580449319,-0.040892530564316,0.0748808623804832,-0.022184101313579,0.0727260146330414,0.0772786102990262,1.07703751276728,1.96448051929474,-1.19602727890015,0.989506840705872,0.0367421198737031,0.0131304589440603,1.1943946060091,-0.0294566154481588,-0.206027030945949,-0.00903725624089404,-0.0512954134664662,-0.0114535101734997,0.0206999135363237,0,0,0,-0.229982347679994,2734.4,24.9155215
0.0704795648076603,0.572998449629534,1.0046249628067,0.0179518908262253,0.00974900089204311,-2.55357580449319,-0.040892530564316,0.0748808623804832,-0.0144507562818407,0.050908210243129,0.0540950272093183,0.753926258937093,1.9619300365448,-1.21760511398315,0.987599730491638,0.0408461416827622,0.0134294431266537,1.18161560595392,-0.0255048274994128,-0.215778350830274,-0.0190711021423513,0.0410402180906279,0.00298984182593687,-0.127790000551925,0,0,0,-0.225936832347299,2734.5,24.9825079
0.0697689611997527,0.579795803000442,1.0046249628067,0.0179518908262253,0.00974900089204311,-2.55357580449319,-0.0213181082372263,0.203920601127235,-0.0116436982226962,0.0356357471701903,0.0378665190465228,0.527748381255965,1.96091866493225,-1.22854804992676,0.987313508987427,0.0407520257249033,0.0130112519300345,1.17374283595894,-0.020227432250903,-0.218858718871274,-0.00572443008420769,-0.00188231915717064,-0.00836382393235271,-0.157455399898945,0,0,0,-0.213442917300804,2734.55,25.0492148
0.0690179377776989,0.586591623750103,1.0064605474472,0.0126333339139819,0.0108343837782741,-2.54784624840951,-0.022530702661614,0.203874622489845,-0.0274156479624681,0.0728120352293235,0.0167381173564875,0.317857862126063,1.96012735366821,-1.23948347568512,0.987072467803955,0.0389053361164419,0.0131795514161277,1.1694204035334,-0.0158262252807041,-0.218708515166441,-0.00482082366941606,-0.0369337921690933,0.00336598972185066,-0.086448648510605,0,0,0,-0.195606156223341,2734.6,25.1159233
0.0682669143556452,0.593387444499765,1.0064605474472,0.0126333339139819,0.0108343837782741,-2.54784624840951,-0.022530702661614,0.203874622489845,-0.0108953861979417,0.0509684246605264,0.0117166821495412,0.222500503488244,1.95904242992401,-1.26084804534912,0.985514342784882,0.0356034147071696,0.0125933632714143,1.14440412203214,-0.0108492374420265,-0.213645696640209,-0.015581250190749,-0.0330192140927535,-0.00586188144713922,-0.250162815012819,0,0,0,-0.175861986160896,2734.7,25.182651
0.066790471299444,0.59848045468866,1.0064605474472,0.0126333339139819,0.0108343837782741,-2.54784624840951,-0.0442932916860336,0.152790305666851,-0.0107610859659512,0.0356778972623685,0.00820167750467886,0.155750352441771,1.95861506462097,-1.27143406867981,0.984810352325439,0.0329433738622589,0.0136476903460737,1.12577350062463,-0.00854730606083766,-0.211720466614925,-0.0140798091889196,-0.053200816898504,0.0210865414933031,-0.372612428152128,0,0,0,-0.157677061396526,2734.75,25.2493614
0.0650398891544502,0.603486169639154,1.00913572311401,0.00983130000531673,0.00398183101788163,-2.49431722428537,-0.0525174643498161,0.150171448514827,-0.0347743055734465,0.0501928332616446,0.0674141490968071,-0.37273597040807,1.95800018310547,-1.28214919567108,0.984241306781769,0.0307562202924785,0.0126488863083567,1.11133577353254,-0.0122976303100139,-0.21430253982466,-0.0113809108733717,-0.0437430713954491,-0.0199760807542664,-0.288754541840752,0,0,0,-0.144135458262603,2734.8,25.3164338
0.0632893070094563,0.608491884589648,1.00913572311401,0.00983130000531673,0.00398183101788163,-2.49431722428537,-0.0525174643498161,0.150171448514827,-0.0106977245721647,0.0351349832831512,0.0471899043677649,-0.260915179285649,1.95749568939209,-1.30272102355957,0.98437374830246,0.0271471850498966,0.00911508496447678,1.07705404521098,-0.00504493713379365,-0.205718278885075,0.00132441520691038,-0.0360903524258516,-0.0353380134388316,-0.342817283215925,0,0,0,-0.137931595623892,2734.9,25.3831933
0.0626939221502195,0.612474417078084,1.00913572311401,0.00983130000531673,0.00398183101788163,-2.49431722428537,-0.0178615457771031,0.119475974653084,-0.00851938903252949,0.0245944882982058,0.0330329330574355,-0.182640625499954,1.95700931549072,-1.31295466423035,0.984505534172058,0.0298210168840031,0.00760748044874427,1.06016276406135,-0.00972747802730836,-0.204672813414783,0.00263571739195818,0.0534766366819364,-0.0301520903145405,-0.337825622991518,0,0,0,-0.140679758407027,2734.95,25.4498709
0.0617906502111179,0.616399451807151,0.996555685997009,0.00647168047726154,0.00217724777758121,-2.41685300137735,-0.0270981581730477,0.117751041872,0.104877469690503,0.0474527175612408,0.0393643023029086,-0.825026444022148,1.95618546009064,-1.32317090034485,0.985095620155334,0.0330128128615978,0.00556323505453094,1.04859561479311,-0.0164771080017989,-0.204324722291154,0.0118017196655917,0.0638359195522408,-0.0408849078844898,-0.231342985365913,0,0,0,-0.153077246721807,2735,25.5165767
0.0608873782720163,0.620324486536218,0.996555685997009,0.00647168047726154,0.00217724777758121,-2.41685300137735,-0.0270981581730477,0.117751041872,-0.00834286436253679,0.0332169022928686,0.027555011612036,-0.577518510815504,1.95471048355103,-1.34325051307678,0.9845951795578,0.0326322475064315,0.000498029061512176,1.02407426023627,-0.0147497653960645,-0.200796127318605,-0.00500440597532359,-0.00380565355164907,-0.0506520599300033,-0.245213545567491,0,0,0,-0.174777744219673,2735.1,25.5832816
0.0599841063329148,0.624249521265284,0.996555685997009,0.00647168047726154,0.00217724777758121,-2.41685300137735,-0.0270981581730477,0.117751041872,-0.00834286436253679,0.023251831605008,0.0192885081284252,-0.404262957570853,1.95432233810425,-1.35280632972717,0.983661711215973,0.0143500917661793,0.00693465491604921,1.01312920839142,-0.00776290893558924,-0.191116333008855,-0.0186693668366497,-0.36564311480704,0.128732517091443,-0.218901036898242,0,0,0,-0.204422291449824,2735.15,25.6499804
0.0588363952883568,0.628111175710835,1.00542366504669,0.00910887122154236,0.0121841039508581,-2.3531556632731,-0.0344313313367372,0.115849633366509,-0.0879454269682698,-0.00745843457502175,-0.0765597498695945,-0.856260113237829,1.95350456237793,-1.36140406131744,0.981570720672607,-0.00214613556097203,0.0182732574420388,1.00303480646186,-0.0163555145263077,-0.171954631804794,-0.0418198108671574,-0.329924546541826,0.226772050518967,-0.201888038590561,0,0,0,-0.239792319015143,2735.2,25.7166965
0.0576886842437989,0.631972830156385,1.00542366504669,0.00910887122154236,0.0121841039508581,-2.3531556632731,-0.0344313313367372,0.115849633366509,-0.00813361552112619,-0.00522090420251522,-0.0535918249087161,-0.59938207926648,1.95331501960754,-1.37512171268463,0.97861385345459,-0.0245122355919983,0.0449567076075521,0.992782661667848,-0.00189542770385915,-0.137176513672,-0.0295686721802027,-0.223661000310467,0.266834501655375,-0.102521447940191,0,0,0,-0.277963325012467,2735.3,25.7833682
0.056540973199241,0.635834484601935,1.00542366504669,0.00910887122154236,0.0121841039508581,-2.3531556632731,-0.0344313313367372,0.115849633366509,-0.00813361552112619,-0.00365463294176065,-0.0375142774361013,-0.419567455486536,1.95467209815979,-1.38018035888672,0.97735720872879,-0.0272771528132858,0.0580171383798769,0.98835832041684,0.0271415710448231,-0.10117292404138,-0.0251328945158998,-0.0552983444255484,0.261208615445547,-0.0884868250198357,0,0,0,-0.315703887377544,2735.35,25.8500786
0.0551823990628851,0.639100959751575,0.99755734205246,0.01434142049402,-0.055143941193819,-2.31574695374704,-0.0407572240906772,0.0979942544891748,0.0640647556934853,-0.0496511865115311,0.579692412096824,-0.630375604575134,1.95681750774384,-1.38428223133087,0.975979089736938,-0.0266371723460516,0.0664875867089351,0.990083704821133,0.0429081916811423,-0.0820374488835043,-0.0275623798371865,0.0127996093447541,0.169408966582088,0.0345076880860469,0,0,0,-0.349627919793778,2735.4,25.9167948
0.0538238249265292,0.642367434901214,0.99755734205246,0.01434142049402,-0.055143941193819,-2.31574695374704,-0.0407572240906772,0.0979942544891748,-0.00673215125460436,-0.0347558305580718,0.405784688467777,-0.441262923202593,1.96481883525848,-1.38790559768677,0.974965572357178,-0.00388435599603657,0.0439207535794487,0.988417663523244,0.0800132751465572,-0.0362336635589929,-0.0101351737976166,0.227528163500357,-0.225668331295069,-0.0166604129789024,0,0,0,-0.376575822370987,2735.5,25.9834998
0.0524652507901733,0.645633910050853,0.99755734205246,0.01434142049402,-0.055143941193819,-2.31574695374704,-0.0407572240906772,0.0979942544891748,-0.00673215125460436,-0.0243290813906502,0.284049281927444,-0.308884046241815,1.97016417980194,-1.38863277435303,0.975038707256317,0.00660725513869347,0.0299237333795661,0.976331682275427,0.106906890868752,-0.0145435333251424,0.00146269798278276,0.209832222693837,-0.279940403996633,-0.241719624955472,0,0,0,-0.393895656540906,2735.55,26.0502225
0.0510815059147552,0.648887591444776,0.981101751327515,0.0243702922016382,-0.0480798333883286,-2.307307412884,-0.0415123462625441,0.0976104418176929,0.140912247738594,-0.107290202342019,0.135257527099796,-0.292174700136605,1.97597360610962,-1.3884379863739,0.975581467151642,0.0112465631572267,0.025989415158537,0.965814390855748,0.116188526153142,0.00389575958250536,0.0108551979064546,0.0927861603703265,-0.078686364420296,-0.210345828392811,0,0,0,-0.399626944154181,2735.6,26.1169572
0.049697761039337,0.652141272838699,0.981101751327515,0.0243702922016382,-0.0480798333883286,-2.307307412884,-0.0415123462625441,0.0976104418176929,-0.0071880687859117,-0.0751031416394135,0.0946802689698572,-0.204522290095623,1.99017381668091,-1.38702750205994,0.977831065654755,0.025490915783397,0.0342226118947874,0.926893682975146,0.14200210571302,0.0141048431396613,0.0224959850311484,0.142443526261833,0.0823319673625787,-0.389207078806374,0,0,0,-0.392681966137917,2735.7,26.1836437
0.0483140161639189,0.655394954232622,0.981101751327515,0.0243702922016382,-0.0480798333883286,-2.307307412884,-0.0415123462625441,0.0976104418176929,-0.0071880687859117,-0.0525721991475895,0.0662761882789,-0.143165603066936,1.99752616882324,-1.38604605197906,0.980144262313843,0.0319225902693387,0.034080917950789,0.907305312072075,0.147047042847482,0.0196290016175388,0.0462639331820152,0.128633489719537,-0.00283387887998288,-0.391767418063557,0,0,0,-0.372887852319706,2735.75,26.2503605
0.0544888522173692,0.654067077518719,0.979045748710632,0.0240786988288164,-0.0132748438045382,-2.25043874051309,0.185245081603508,-0.0398363014170904,0.00321479682992539,-0.0341761990479163,-0.266851574458883,-0.612033973485051,2.00615406036377,-1.38496446609497,0.982555091381073,0.0317824120607143,0.0313711662821104,0.877229133430882,0.172557830809919,0.0216317176818061,0.0482165813444291,-0.00280356417247822,-0.054195033373375,-0.601523572821659,0,0,0,-0.340992220574051,2735.8,26.3170457
0.0606636882708195,0.652739200804816,0.979045748710632,0.0240786988288164,-0.0132748438045382,-2.25043874051309,0.185245081603508,-0.0398363014170904,-0.0152892267220155,-0.0239233393335414,-0.186796102121218,-0.428423781439536,2.02427577972412,-1.38281333446503,0.988733053207397,0.0359834966522096,0.022390606367675,0.818797145852259,0.18121719360368,0.021511316299458,0.0617796182633008,0.0420108459149909,-0.0898055991444362,-0.584319875786767,0,0,0,-0.298482216656012,2735.9,26.3837726
0.067421734373521,0.650608270298534,0.979045748710632,0.0240786988288164,-0.0132748438045382,-2.25043874051309,0.202741383081046,-0.0639279151884557,-0.0343409781812437,-0.016746337533479,-0.130757271484853,-0.299896647007675,2.03346967697144,-1.38209044933319,0.992994129657745,0.0395735242438876,0.0167776458368114,0.785570470803758,0.18387794494562,0.0144577026366662,0.085221529006648,0.0718005518333001,-0.112259210616863,-0.664533500967608,0,0,0,-0.247554366487134,2735.95,26.4504636
0.0743925742448719,0.649277153909387,0.981016993522644,0.0264866147190332,-0.00119636417366564,-2.13604324128366,0.209125196140529,-0.0399334916744101,-0.0510891012478987,-0.0333936792853868,-0.20023640671725,-1.23948714597025,2.04280161857605,-1.38102233409882,0.997243225574493,0.0407966757556553,0.00724930350162252,0.753135567860725,0.186638832093304,0.0213623046876166,0.0849819183354247,0.0244630302354862,-0.190566846704817,-0.648698058864195,0,0,0,-0.190752098686535,2736,26.5171448
0.0813634141162229,0.64794603752024,0.981016993522644,0.0264866147190332,-0.00119636417366564,-2.13604324128366,0.209125196140529,-0.0399334916744101,-0.0333478979397932,-0.0233755754997707,-0.140165484702075,-0.867641002179177,2.06088757514954,-1.37922549247742,1.0060487985611,0.0381001402906243,0.000730072803935998,0.689408362686309,0.180859565734205,0.0179684162139239,0.0880557298657075,-0.0269653546502111,-0.0651923069766281,-0.637272051741844,0,0,0,-0.130758245014685,2736.1,26.5838614
0.0883342539875738,0.646614921131094,0.981016993522644,0.0264866147190332,-0.00119636417366564,-2.13604324128366,0.209125196140529,-0.0399334916744101,-0.0333478979397932,-0.0163629028498395,-0.0981158392914526,-0.607348701525424,2.06983828544617,-1.3782731294632,1.00955331325531,0.0441000929425008,0.00769777732639842,0.662623369020636,0.179014205933594,0.0190472602845278,0.0700902938846598,0.119999053038184,0.139354090450009,-0.535699873316372,0,0,0,-0.0702744458599479,2736.15,26.6505616
0.0953050938589248,0.645283804741947,0.991530358791351,0.0264866147190332,-0.00119636417366564,-2.13604324128366,0.209125196140529,-0.0399334916744101,-0.127968185358159,-0.0114540319948877,-0.0686810875040168,-0.425144091067797,2.07804465293884,-1.37793445587158,1.01327610015869,0.0520427118148221,0.0185955846814142,0.617534763408352,0.164127349852919,0.00677347183225075,0.0744557380673561,0.158852377445847,0.217956147099523,-0.901772112242395,0,0,0,-0.0116527899632251,2736.2,26.7172752
0.102275933730276,0.6439526883528,0.991530358791351,0.0264866147190332,-0.00119636417366564,-2.13604324128366,0.209125196140529,-0.0399334916744101,-0.0333478979397932,-0.00801782239642136,-0.0480767612528118,-0.297600863747458,2.09468722343445,-1.37747013568878,1.01749038696289,0.0464081008354731,0.0164909849778346,0.594779384998946,0.166425704956206,0.00464320182800715,0.0421428680420305,-0.0563461097935416,-0.0210459970358157,-0.22755378409427,0,0,0,0.0431662477604188,2736.3,26.7840001
0.109246773601627,0.642621571963653,0.991530358791351,0.0264866147190332,-0.00119636417366564,-2.13604324128366,0.209125196140529,-0.0399334916744101,-0.0333478979397932,-0.00561247567749495,-0.0336537328769682,-0.20832060462322,2.10286211967468,-1.37725305557251,1.0187873840332,0.0385313289016142,0.0122209295890044,0.577702978674454,0.163497924804093,0.00434160232542366,0.0259399414061556,-0.157535438676605,-0.0854011077762921,-0.341528126488607,0,0,0,0.0927546354997453,2736.35,26.850687
0.111231722591942,0.644544847851432,1.00386774539948,0.0395625457167625,0.00928944442421198,-1.91407435204721,0.0595484697094518,0.0576982766333682,-0.1251742713092,-0.12161211195381,-0.117929890394776,-2.14354442636431,2.11099123954773,-1.37716710567474,1.01998245716095,0.0312787293078428,0.00600364374075894,0.561446445358819,0.162582397461825,0.00171899795533165,0.0239014625550621,-0.145051991876219,-0.124345716965588,-0.325130666314457,0,0,0,0.136339041248293,2736.4,26.9173728
0.113329379828849,0.646117750271617,1.00386774539948,0.0395625457167625,0.00928944442421198,-1.91407435204721,0.0629297171072124,0.047187072605567,-0.0186418068908529,-0.0851284783676671,-0.0825509232763435,-1.50048109845501,2.12741017341614,-1.37653660774231,1.02288925647736,0.0243732017094166,-0.0019804586294065,0.538655451189825,0.164189338684231,0.00630497932434655,0.0290679931640889,-0.0690552759843247,-0.079841023701727,-0.227909941690152,0,0,0,0.173681032428081,2736.5,26.9840763
0.115427037065756,0.647690652691803,1.00386774539948,0.0395625457167625,0.00928944442421198,-1.91407435204721,0.0629297171072124,0.047187072605567,-0.0186418068908529,-0.059589934857367,-0.0577856462934404,-1.05033676891851,2.13528347015381,-1.3766154050827,1.02394700050354,0.0266470607416336,0.000964185868536161,0.53520007556893,0.157465934752845,-0.00157594680785559,0.0211548805236047,0.0454771806441753,0.0588928899586389,-0.0691075124176583,0,0,0,0.204987928919931,2736.55,27.0507668
0.117415741929419,0.649379664262257,1.01775145530701,0.0158351063728333,0.00808197073638439,-1.86023156907296,0.0596611459098947,0.0506703471136333,-0.144365627350477,0.171833999695207,-0.02958268921496,-1.21982078501115,2.1505708694458,-1.37623703479767,1.02511191368103,0.0337912183081578,0.00100792604722064,0.531687866516631,0.152873992920061,0.00378370285034524,0.0116491317749129,0.071441575665307,0.000437401786845172,-0.035122090523014,0,0,0,0.230860550029625,2736.65,27.1175133
0.119404446793082,0.651068675832712,1.01775145530701,0.0158351063728333,0.00808197073638439,-1.86023156907296,0.0596611459098947,0.0506703471136333,-0.0194122381826918,0.120283799786645,-0.020707882450472,-0.853874549507802,2.15785455703735,-1.37516629695892,1.02263069152832,0.0338927655421644,0.0129725054817889,0.537036743282589,0.145673751830525,0.0214147567748244,-0.0496244430540187,0.00203094468012487,0.239291588690495,0.106977535318768,0,0,0,0.252023543874329,2736.7,27.1841868
0.121393151656745,0.652757687403166,1.01775145530701,0.0158351063728333,0.00808197073638439,-1.86023156907296,0.0596611459098947,0.0506703471136333,-0.0194122381826918,0.0841986598506513,-0.0144955177153304,-0.597712184655461,2.16489434242249,-1.37488865852356,1.02268314361572,0.0349995251675185,0.0124400860100602,0.545424523079453,0.140795707703405,0.00555276870730569,0.0010490417480526,0.0221351925072027,-0.0106483894346325,0.167755595938187,0,0,0,0.269336178729213,2736.75,27.250903
0.123734656974079,0.654906185445837,1.02046406269073,0.026636453345418,0.0142379822209477,-1.86553280617929,0.0702451595199938,0.0644549412801264,-0.0305091504748914,-0.0382730608578066,-0.0655509657618014,-0.370687395301914,2.17935228347778,-1.37402558326721,1.02159786224365,0.0350975165677892,0.00454778092437395,0.568220550743049,0.289158821104905,0.0172615051268903,-0.0217056274413273,0.00195982800540695,-0.157846101713151,0.45592055327027,0,0,0,0.283506455510487,2736.8,27.3175874
0.12586724427299,0.657452827542186,1.02046406269073,0.026636453345418,0.0142379822209477,-1.86553280617929,0.0639776189673436,0.0763992628904624,0.0224589391170715,-0.0267911426004646,-0.045885676033261,-0.25948117671134,2.18624377250671,-1.37361812591553,1.01917803287506,0.0343267800462242,-0.00179375007926395,0.58203675070467,0.0689148902893693,0.00407457351684941,-0.0241982936859351,-0.00770736521565771,-0.0634153100364367,0.138161999616331,0,0,0,0.29507488051114,2736.9,27.3842604
0.127999831571901,0.659999469638534,1.02046406269073,0.026636453345418,0.0142379822209477,-1.86553280617929,0.0639776189673436,0.0763992628904624,0.0224589391170715,-0.0187537998203252,-0.0321199732232827,-0.181636823697938,2.1928334236145,-1.37330687046051,1.01634919643402,0.0275118913952462,-0.00310310564203669,0.601044184390556,0.131793022155282,0.00622510910031915,-0.056576728820595,-0.136297773019063,-0.0261871112553594,0.380148673716334,0,0,0,0.304327495324101,2736.95,27.450979
0.130258414049107,0.66243921881812,1.0339127779007,0.024247819557786,0.0121438866481185,-1.91484039094186,0.0677574743161743,0.0731924753875762,-0.0987792609615069,0.00837004421446023,-0.00363712110083467,0.316622486274603,2.19943737983704,-1.37249529361725,1.01299464702606,0.02172203229273,-0.00367872066669011,0.620496501704554,0.132079124451404,0.0162315368653229,-0.0670909881595458,-0.115797182050956,-0.0115123004931313,0.389046346282081,0,0,0,0.311267679357927,2737,27.5177023
0.132516996526313,0.664878967997706,1.0339127779007,0.024247819557786,0.0121438866481185,-1.91484039094186,0.0677574743161743,0.0731924753875762,0.0222591759281415,0.00585903095012216,-0.00254598477058427,0.221635740392222,2.21204447746277,-1.36955511569977,1.00695657730103,0.0248624891416668,0.000511943431670008,0.659750986639557,0.126070976256866,0.0294017791746977,-0.0603806972501465,0.0314045684892536,0.0419066409834487,0.392544849348606,0,0,0,0.315677254180128,2737.1,27.5844315
0.134775579003519,0.667318717177292,1.0339127779007,0.024247819557786,0.0121438866481185,-1.91484039094186,0.0677574743161743,0.0731924753875762,0.0222591759281415,0.00410132166508551,-0.00178218933940899,0.155145018274555,2.21893072128296,-1.36867666244507,1.00470781326294,0.0261581986526781,0.00787521507601969,0.679730875457384,0.13772487640456,0.01756906509409,-0.0449752807619642,0.0259141902203677,0.147265432887797,0.399597776358725,0,0,0,0.317186384760445,2737.15,27.6512171
0.137241702301754,0.669562235666288,1.01091778278351,0.0137919150292873,0.00699268002063036,-1.99832909371591,0.0739836989470412,0.0673055546698859,0.228595640403446,0.0969740659220477,0.0451133271098069,0.85999983775862,2.23122596740723,-1.36409854888916,1.00246453285217,0.0310249097772759,-0.00453114637908252,0.729465089509932,0.122952461242788,0.0457811355591237,-0.0224328041076864,0.0486671112460217,-0.124063614551135,0.497342140525928,0,0,0,0.315377847765275,2737.25,27.7179519
0.139707825599988,0.671805754155284,1.01091778278351,0.0137919150292873,0.00699268002063036,-1.99832909371591,0.0739836989470412,0.0673055546698859,0.0216406843487588,0.0678818461454334,0.0315793289768649,0.601999886431034,2.23721313476562,-1.36177349090576,1.0024288892746,0.0259157417077486,-0.0126545189813299,0.758703093747817,0.119743347167533,0.0465011596677996,-0.000712871551511078,-0.102183361390174,-0.162467452044356,0.584760084755571,0,0,0,0.309828559638219,2737.3,27.7854451
0.142173948898223,0.674049272644281,1.01091778278351,0.0137919150292873,0.00699268002063036,-1.99832909371591,0.0739836989470412,0.0673055546698859,0.0216406843487588,0.0475172923018034,0.0221055302838054,0.421399920501724,2.24285340309143,-1.35945379734039,1.00256991386414,0.025076498741455,-0.0141918581407513,0.782678677663775,0.112805366515703,0.0463938713072043,0.00282049179076122,-0.0167848593258112,-0.030746783188317,0.479511678317418,0,0,0,0.300510562027948,2737.35,27.8521507
0.145703211976299,0.675402008776458,0.99465274810791,0.00342752714641392,0.0169440265744925,-2.09611194398141,0.105877892342277,0.0405820839653345,0.160996461090552,0.126541595557123,-0.0740882477860951,1.17502559674073,2.2539074420929,-1.35427165031433,1.00280106067657,0.0361663855658484,-0.00258603632390871,0.829655211040627,0.110540390014749,0.0518214702606672,0.00231146812439175,0.110898868244035,0.116058218168532,0.469765333768949,0,0,0,0.287502538891382,2737.45,27.9188363
0.14902988787238,0.676123471366164,0.99465274810791,0.00342752714641392,0.0169440265744925,-2.09611194398141,0.0998002768824303,0.0216438776911673,-0.0089300256091168,0.0885791168899862,-0.0518617734502666,0.822517917718513,2.25928711891174,-1.35209786891937,1.00299859046936,0.0378958247182826,0.00852153113076913,0.855840627396133,0.10759353637754,0.0434756278994072,0.00395059585573445,0.0345887830488741,0.222151349094769,0.523708327112984,0,0,0,0.271157648314739,2737.5,27.9858287
0.152356563768461,0.67684493395587,0.99465274810791,0.00342752714641392,0.0169440265744925,-2.09611194398141,0.0998002768824303,0.0216438776911673,-0.0089300256091168,0.0620053818229903,-0.0363032414151866,0.575762542402959,2.2645742893219,-1.34984087944031,1.00321197509766,0.0380987379496029,0.0130889781256597,0.882564007808833,0.10574340820274,0.0451397895811346,0.00426769256590244,0.00405826462638989,0.0913489398974798,0.534467608252055,0,0,0,0.25234375953814,2737.55,28.0526608
0.155742837970474,0.677220480023825,1.00909996032715,0.0202572196722031,0.00932747218757868,-2.19694941308236,0.101588226060379,0.0112663820386661,-0.138430720771736,-0.108063465456009,0.0431367204915934,1.31057100159064,2.27479147911072,-1.34547936916351,1.00294494628906,0.0352790096678419,0.00656787489577363,0.929357551478559,0.102171897888277,0.043615102767984,-0.00267028808593993,-0.0281972828176355,-0.0652110322989203,0.467935436697686,0,0,0,0.232069595690894,2737.65,28.1194732
0.159129112172486,0.677596026091781,1.00909996032715,0.0202572196722031,0.00932747218757868,-2.19694941308236,0.101588226060379,0.0112663820386661,-0.00840581079859107,-0.0756444258192064,0.0301957043441154,0.917399701113449,2.27991318702698,-1.34352827072144,1.00291383266449,0.0357082485723701,0.00269802356926338,0.95491420229366,0.102434158324823,0.0390219688414108,-0.000622272491452814,0.00858477809053251,-0.0773970265299234,0.511133016300155,0,0,0,0.211568737456821,2737.7,28.186204
0.162515386374499,0.677971572159736,1.00909996032715,0.0202572196722031,0.00932747218757868,-2.19694941308236,0.101588226060379,0.0112663820386661,-0.00840581079859107,-0.0529510980734444,0.0211369930408808,0.642179790779414,2.28492569923401,-1.34149396419525,1.00257849693298,0.0377962795452558,0.00055463014148328,0.978185047051749,0.100250244141172,0.0406861305239037,-0.00670671463016355,0.0417606194579424,-0.042867868555836,0.46541689516433,0,0,0,0.192098659763629,2737.75,28.2528298
0.165888846797772,0.678336378953691,0.997288167476654,0.0112386513501406,0.0129839703440666,-2.29073386456704,0.101203812698183,0.0109442038186353,0.115012518102843,0.0441013462471513,-0.018112588279775,1.29358591690771,2.29506707191467,-1.33862054347992,1.0032571554184,0.030745985137635,0.00330247463160905,1.02831604042071,0.101413726806272,0.0287342071532158,0.00678658485410129,-0.0705029440759518,0.0274784449011577,0.501309933687816,0,0,0,0.174694804937123,2737.85,28.3197352
0.168948778378776,0.679039193858487,0.997288167476654,0.0112386513501406,0.0129839703440666,-2.29073386456704,0.0917979474301464,0.0210844471438965,-0.0176725580730543,0.0308709423730059,-0.0126788117958425,0.905510141835398,2.3001720905304,-1.33745908737183,1.00367152690887,0.0303409588238614,0.000933181540948408,1.04845745621162,0.10210037231501,0.023229122161992,0.00828742980961554,-0.00810052627551607,-0.0473858618134715,0.402828315820374,0,0,0,0.16036321159944,2737.9,28.3864052
0.172008709959781,0.679742008763284,0.997288167476654,0.0112386513501406,0.0129839703440666,-2.29073386456704,0.0917979474301464,0.0210844471438965,-0.0176725580730543,0.0216096596611042,-0.00887516825708973,0.633857099284779,2.30527663230896,-1.33630120754242,1.00362086296082,0.0327571009740137,0.00103383546274107,1.06800694412758,0.102090835570918,0.0231575965880505,-0.00101327896117795,0.0483228430028718,0.002013078435846,0.3909897583177,0,0,0,0.149493373208783,2737.95,28.4531004
0.175111838615705,0.680167327268081,1.0144259929657,0.00433753291144967,0.00719707133248448,-2.38096194531656,0.0930938596777025,0.0127595551439143,-0.172487892816192,0.077236827710991,0.0458694733242764,1.25575269624495,2.31582260131836,-1.33434295654297,1.00323867797852,0.0304027748317939,0.00587664403690356,1.11054970650207,0.10545969009409,0.0195825099945246,-0.00382184982300152,-0.0235432614222195,0.0484280857416689,0.425427623745345,0,0,0,0.142037287187416,2738.05,28.5198115
0.178214967271628,0.680592645772878,1.0144259929657,0.00433753291144967,0.00719707133248448,-2.38096194531656,0.0930938596777025,0.0127595551439143,-0.0182474634147943,0.0540657793976937,0.0321086313269935,0.879026887371465,2.32084965705872,-1.33366274833679,1.0029422044754,0.0252981969151372,0.00852841672118605,1.12612219136509,0.100541114806763,0.0136041641234857,-0.00592947006223429,-0.102091558332763,0.0530354536854569,0.311449697259233,0,0,0,0.13738169395668,2738.1,28.5865465
0.181318095927551,0.681017964277675,1.0144259929657,0.00433753291144967,0.00719707133248448,-2.38096194531656,0.0930938596777025,0.0127595551439143,-0.0182474634147943,0.0378460455783856,0.0224760419288954,0.615318821160026,2.32588291168213,-1.33301067352295,1.00325167179108,0.0225442360302868,0.0108047558679237,1.14406879083021,0.100665092468811,0.0130414962769266,0.00618934631351034,-0.0550792176973093,0.0455267829350008,0.358931989304408,0,0,0,0.13436520961272,2738.15,28.6532524
0.18444104699801,0.681208970186124,1.00771987438202,0.0052222884260118,0.00183245830703527,-2.4550067689631,0.093688532113766,0.00573017725347791,0.0418556229533651,0.0185294322738107,0.0640147465792698,1.09712658763093,2.33721899986267,-1.332235455513,1.00547575950623,0.0316615421664258,0.0139466673258477,1.17934171977912,0.113360881805523,0.00775218009949436,0.0222408771515095,0.0911730613614734,0.0314191145792684,0.352729289489347,0,0,0,0.131352716324406,2738.25,28.7199242
0.187563998068469,0.681399976094574,1.00771987438202,0.0052222884260118,0.00183245830703527,-2.4550067689631,0.093688532113766,0.00573017725347791,-0.0184994442997477,0.0129706025916675,0.0448103226054888,0.767988611341649,2.34350943565369,-1.33196449279785,1.00666499137878,0.0344204756468978,0.0125246845953819,1.19101959300644,0.125808715819855,0.0054192543029588,0.0237846374510853,0.0551786696092397,-0.0284396546092124,0.233557464545638,0,0,0,0.126378309744453,2738.3,28.7866395
0.190686949138928,0.681590982003023,1.00771987438202,0.0052222884260118,0.00183245830703527,-2.4550067689631,0.093688532113766,0.00573017725347791,-0.0184994442997477,0.00907942181416726,0.0313672258238422,0.537592027939154,2.34984183311462,-1.33184468746185,1.00748026371002,0.030475214706405,0.00264506932623845,1.20543926354558,0.126647949218289,0.00239610671996199,0.0163054466246965,-0.0789052188095689,-0.197592305382149,0.288393410781737,0,0,0,0.117327263523924,2738.35,28.85345
0.193669708779245,0.682172473966045,1.01598584651947,0.0109780067577958,0.00995861832052469,-2.51029985215402,0.0894827892095001,0.0174447588906687,-0.0899643909228761,-0.045445869716139,-0.0511783820447153,0.87395216827567,2.36210155487061,-1.3313775062561,1.0061262845993,0.0204064764744608,9.36477417590559e-05,1.23261930314353,0.122597217559926,0.00467181205749937,-0.01353979110719,-0.100687382319534,-0.0255142158448171,0.271800395979696,0,0,0,0.10219669870649,2738.45,28.9202207
0.196652468419561,0.682753965929067,1.01598584651947,0.0109780067577958,0.00995861832052469,-2.51029985215402,0.0894827892095001,0.0174447588906687,-0.0155706416858155,-0.0318121088012973,-0.0358248674313007,0.611766517792969,2.367840051651,-1.33084428310394,1.00560188293457,0.0259453869159584,-0.00270314624724402,1.2450404437529,0.114769935608536,0.0106644630432711,-0.010488033294735,0.110778208830556,-0.0559358797803668,0.248422812188914,0,0,0,0.0793256130931385,2738.5,28.9869097
0.199635228059878,0.68333545789209,1.01598584651947,0.0109780067577958,0.00995861832052469,-2.51029985215402,0.0894827892095001,0.0174447588906687,-0.0155706416858155,-0.0222684761609081,-0.0250774072019105,0.428236562455078,2.3735134601593,-1.33048820495605,1.00476288795471,0.0321991283618456,0.00167527680202758,1.25758391932978,0.113468170165603,0.00712156295773776,-0.0167798995971069,0.125074828917288,0.0875684609851135,0.250869511536604,0,0,0,0.0475627532377369,2738.55,29.0535922
0.202148845787255,0.683561748817746,1.00389182567596,-0.000430560787208378,0.00872782524675131,-2.55204420354104,0.0754085318212935,0.00678872776969549,0.121338709801794,0.087089174592402,-0.00647704737737689,0.67546475620177,2.38558864593506,-1.33075904846191,1.00261926651001,0.0332208167773977,0.00716336148066973,1.28696667831996,0.120751857757678,-0.00270843505859621,-0.021436214447041,0.0102168841555304,0.0548808467864714,0.293827589902052,0,0,0,0.00647932309437601,2738.65,29.1202895
0.204662463514631,0.683788039743403,1.00389182567596,-0.000430560787208378,0.00872782524675131,-2.55204420354104,0.0754085318212935,0.00678872776969549,0.0124925222102415,0.0609624222146814,-0.00453393316416382,0.472825329341239,2.39174914360046,-1.3308812379837,0.999911069869995,0.0322302351949649,0.013855725882928,1.2993109347656,0.123209953307657,-0.00244379043578213,-0.0541639328000959,-0.0198116316485845,0.133847288044678,0.246885128911888,0,0,0,-0.0434782711865275,2738.7,29.1869685
0.207176081242007,0.684014330669059,1.00389182567596,-0.000430560787208378,0.00872782524675131,-2.55204420354104,0.0754085318212935,0.00678872776969549,0.0124925222102415,0.042673695550277,-0.00317375321491468,0.330977730538867,2.39757776260376,-1.33144915103912,0.997932553291321,0.02988676680617,0.01359572259834,1.31083704099486,0.116572380066554,-0.0113582611084604,-0.0395703315737023,-0.0468693677761536,-0.00520006569178745,0.230522124586466,0,0,0,-0.101046736221045,2738.75,29.2536867
0.209629810358282,0.684877801278774,1.00449013710022,0.0104262223467231,0.0089361947029829,-2.59064524438119,0.0736118734882506,0.0259041182914452,0.0169340301419986,-0.0678394613201892,-0.00409695235652462,0.579093778938547,2.41056227684021,-1.3338086605072,0.994949460029602,0.0300256054207071,0.0116613420501323,1.32713369157705,0.12984514236403,-0.0235950946807003,-0.029830932617079,0.00138838614536665,-0.0193438054820073,0.162966505821338,0,0,0,-0.164063505497849,2738.85,29.3204227
0.212083539474557,0.685741271888489,1.00449013710022,0.0104262223467231,0.0089361947029829,-2.59064524438119,0.0736118734882506,0.0259041182914452,0.0223188329602969,-0.0474876229241325,-0.00286786664956723,0.405365645256983,2.41765642166138,-1.33507585525513,0.993421494960785,0.0311658403353674,0.00935267085023278,1.33597790618359,0.141882896424114,-0.0253438949586344,-0.0305593013765095,0.022804698293329,-0.0461734239982419,0.176884292131689,0,0,0,-0.229581051144892,2738.9,29.3870928
0.214537268590832,0.686604742498204,1.00449013710022,0.0104262223467231,0.0089361947029829,-2.59064524438119,0.0736118734882506,0.0259041182914452,0.0223188329602969,-0.0332413360468927,-0.00200750665469706,0.283755951679888,2.42486500740051,-1.33663523197174,0.991716861724854,0.0288789380118901,0.00280335428326862,1.34455622746821,0.14417171478219,-0.0311875343321619,-0.0340926647185039,-0.045738046469378,-0.130986331338807,0.171566425691776,0,0,0,-0.294327766705411,2738.95,29.4537988
0.21712360688698,0.687287402165902,0.99194198846817,0.00931685790419579,0.00910472311079502,-2.61629884507394,0.0775901488844133,0.0204797900309526,0.142653854331371,-0.0132846552500793,-0.00292201032859701,0.429511572410663,2.43955183029175,-1.34023880958557,0.988386154174805,0.0266082461155788,-0.00434749928823101,1.34840029728017,0.146868228912487,-0.0360357761383384,-0.0333070755005186,-0.0227069189631345,-0.0715085357150613,0.0384406981196611,0,0,0,-0.354629792893106,2739.05,29.5204742
0.219709945183127,0.6879700618336,0.99194198846817,0.00931685790419579,0.00910472311079502,-2.61629884507394,0.0775901488844133,0.0204797900309526,0.0297205166429247,-0.00929925867505548,-0.00204540723001791,0.300658100687464,2.44790697097778,-1.34191834926605,0.9877690076828,0.03036307453553,0.000346794703275826,1.34039322802737,0.167102813720095,-0.0335907936094969,-0.012342929840043,0.0750965683987526,0.0938858798297951,-0.160141385055316,0,0,0,-0.406995721022716,2739.1,29.5871898
0.222296283479274,0.688652721501299,0.99194198846817,0.00931685790419579,0.00910472311079502,-2.61629884507394,0.0775901488844133,0.0204797900309526,0.0297205166429247,-0.00650948107253883,-0.00143178506101254,0.210460670481225,2.4560854434967,-1.3444014787674,0.986011743545532,0.0314942125295481,0.0119933319338936,1.33010071912055,0.163569450379311,-0.0496625900271265,-0.0351452827455531,0.0226227598804844,0.232930744613626,-0.205850178137527,0,0,0,-0.44818785912266,2739.15,29.6538892
0.224873054215054,0.689371307325277,0.979508817195892,0.0117256045341492,0.00831786915659904,-2.60371833111978,0.0773031220734121,0.0215575747193566,0.141612060988867,-0.0262353564203576,0.00607943604505501,0.034097843749394,2.47363495826721,-1.35001730918884,0.986589133739471,0.0372112094269309,0.010090210945334,1.30268514038846,0.175495147705238,-0.0561583042145286,0.00577390193939734,0.0571699689738797,-0.0190312098856131,-0.274155787321216,0,0,0,-0.475695038902707,2739.25,29.7206363
0.227449824950835,0.690089893149256,0.979508817195892,0.0117256045341492,0.00831786915659904,-2.60371833111978,0.0773031220734121,0.0215575747193566,0.0297135195383663,-0.0183647494942504,0.00425560523153851,0.0238684906245758,2.4834349155426,-1.35315465927124,0.988693952560425,0.0307013974037103,-0.0106503169448139,1.28160703835103,0.195999145507099,-0.0627470016477209,0.0420963764189142,-0.130196240463937,-0.41481055780145,-0.421562040746929,0,0,0,-0.487826013332328,2739.3,29.7874087
0.230026595686615,0.690808478973234,0.979508817195892,0.0117256045341492,0.00831786915659904,-2.60371833111978,0.0773031220734121,0.0215575747193566,0.0297135195383663,-0.0128553246459752,0.00297892366207696,0.016707943437203,2.49347472190857,-1.35701858997345,0.989571332931519,0.0210770853320491,-0.0106140521228564,1.25343054001372,0.200796127318605,-0.0772786140439083,0.0175476074218112,-0.192486241432524,0.000725296439147842,-0.563529966744156,0,0,0,-0.483961067237362,2739.35,29.8541422
0.232977256460832,0.693246055245629,0.993727028369904,-0.00109726074151695,0.0110174836590886,-2.52998059060312,0.0885198232265084,0.0731272881718374,-0.149588857912829,0.106407060228812,-0.0222112839589522,-0.651944104243921,2.51291370391846,-1.36387550830841,0.99194997549057,0.0319969488821684,-0.0134696816759447,1.19414566671994,0.194389820099054,-0.0685691833496717,0.0237864255905368,0.109198635501293,-0.0285562955309086,-0.592848732938378,0,0,0,-0.464636264909925,2739.45,29.9208189
0.235927917235049,0.695683631518024,0.993727028369904,-0.00109726074151695,0.0110174836590886,-2.52998059060312,0.0885198232265084,0.0731272881718374,-0.0216249573467283,0.0744849421601687,-0.0155478987712666,-0.456360872970745,2.52215695381165,-1.36877751350403,0.990716397762299,0.030759326572488,-0.0171519746336654,1.16604533363289,0.184864997864778,-0.0980401039128885,-0.0246715545655643,-0.0247524461937443,-0.0736458591548161,-0.562006661744044,0,0,0,-0.431392284902885,2739.5,29.9875682
0.238878578009266,0.698121207790418,0.993727028369904,-0.00109726074151695,0.0110174836590886,-2.52998059060312,0.0885198232265084,0.0731272881718374,-0.0216249573467283,0.0521394595121181,-0.0108835291398866,-0.319452611079521,2.53192067146301,-1.37277281284332,0.986770868301392,0.0355514628581844,-0.00507230273180561,1.12619413686387,0.195274353026633,-0.079905986785598,-0.0789105892178526,0.0958427257135788,0.241593438036316,-0.79702393537747,0,0,0,-0.386829329770385,2739.55,30.0542526
0.241501890378883,0.700914083505895,1.03763699531555,0.00207555759698153,0.0155931096524,-2.40276580121255,0.0786993710885201,0.0837862714643161,-0.416467790566604,0.00794225661199639,-0.0487991043377233,-1.36854993227074,2.55054068565369,-1.3814697265625,0.981793403625488,0.0246859673086943,-0.0195741177234414,1.05896890338828,0.186200141906908,-0.0869691371918516,-0.0497746467590785,-0.108654955494999,-0.14501814991649,-0.672252334756534,0,0,0,-0.334150825620343,2739.65,30.1209846
0.244125202748501,0.703706959221373,1.03763699531555,0.00207555759698153,0.0155931096524,-2.40276580121255,0.0786993710885201,0.0837862714643161,-0.0212780880557706,0.00555957962839747,-0.0341593730364063,-0.957984952589519,2.55986142158508,-1.38599801063538,0.978744506835938,0.024997531323227,-0.0155709827620104,1.01884299264675,0.186414718627252,-0.0905656814571901,-0.0609779357907938,0.00623128029063095,0.0800626992283286,-0.802518214827768,0,0,0,-0.277118910254875,2739.7,30.1877143
0.246748515118118,0.70649983493685,1.03763699531555,0.00207555759698153,0.0155931096524,-2.40276580121255,0.0786993710885201,0.0837862714643161,-0.0212780880557706,0.00389170573987823,-0.0239115611254844,-0.670589466812663,2.5685555934906,-1.39008128643036,0.978182435035706,0.0246602010985507,-0.0371111077895952,0.98673274472497,0.1738834381113,-0.0816655159001038,-0.0112414360047,-0.00674660449356237,-0.430802500554046,-0.642204958439048,0,0,0,-0.219643497087449,2739.75,30.2543894
0.248521242472444,0.709847758915435,1.00483763217926,0.00284569174982607,0.00884355790913105,-2.25212149884439,0.0531818206297826,0.100437719357561,0.316740560831499,-0.00420701335768617,0.0440078729015816,-1.82521134808234,2.58377361297607,-1.39992952346802,0.969132781028748,0.0204764676409921,-0.0176136703722946,0.913017232078491,0.152180194854183,-0.0984823703762286,-0.0904965400692509,-0.0418373345754336,0.194974374172296,-0.737155126462108,0,0,0,-0.165335701947138,2739.85,30.3210661
0.25029396982677,0.713195682894021,1.00483763217926,0.00284569174982607,0.00884355790913105,-2.25212149884439,0.0531818206297826,0.100437719357561,0.0215462926048751,-0.00294490935038032,0.0308055110311071,-1.27764794365764,2.59128451347351,-1.40473973751068,0.967858135700226,0.0230339467387345,-0.0294145722400286,0.880831075458368,0.15021800994955,-0.0962042808537965,-0.0254929065705737,0.0511495819551256,-0.236018037355967,-0.643723132405964,0,0,0,-0.117306867576247,2739.9,30.3878035
0.252066697181096,0.716543606872606,1.00483763217926,0.00284569174982607,0.00884355790913105,-2.25212149884439,0.0531818206297826,0.100437719357561,0.0215462926048751,-0.00206143654526623,0.021563857721775,-0.894353560560347,2.59826278686523,-1.40973675251007,0.963143646717072,0.022780779133964,-0.0112079381999294,0.850796287107845,0.139565467833965,-0.0999402999874294,-0.0942897796627429,-0.00506335209539012,0.36413268080066,-0.60069576700827,0,0,0,-0.0780035844157538,2739.95,30.454528
0.252829703255346,0.72049291868695,0.98518568277359,0.00375565490685403,0.0154281435534358,-2.1176568773005,0.0228901822274859,0.118479354430318,0.210882661031689,-0.009632673994938,-0.0441665703935003,-1.8362290862872,2.61173725128174,-1.41909646987915,0.958047568798065,0.0197589936799037,-0.00896425202029888,0.799283985754279,0.134744644165162,-0.093597173690881,-0.0509607791901098,-0.0302178545406311,0.0224368617963253,-0.515123013536136,0,0,0,-0.0488602193347599,2740.05,30.5212172
0.253592709329595,0.724442230501294,0.98518568277359,0.00375565490685403,0.0154281435534358,-2.1176568773005,0.0228901822274859,0.118479354430318,0.0340151163806571,-0.0067428717964566,-0.0309165992754502,-1.28536036040104,2.61727142333984,-1.42373418807983,0.956374049186707,0.0177707308839032,-0.0100971623039801,0.782387738370536,0.110683441161707,-0.0927543640133344,-0.0334703922270511,-0.0397652559198644,-0.0226582056735413,-0.337924947673625,0,0,0,-0.0302256642378088,2740.1,30.5879544
0.254355715403845,0.728391542315638,0.98518568277359,0.00375565490685403,0.0154281435534358,-2.1176568773005,0.0228901822274859,0.118479354430318,0.0340151163806571,-0.00472001025751962,-0.0216416194928151,-0.899752252280729,2.62244033813477,-1.42761695384979,0.954817533493042,0.0157913034401004,-0.0137739396362929,0.769135670183913,0.103378295899002,-0.0776553153995937,-0.0311303138734609,-0.0395885488762731,-0.073535546646657,-0.265041363733899,0,0,0,-0.0214617162350316,2740.15,30.6546999
0.254729015162024,0.732412673247712,0.974725306034088,0.0102324923500419,0.00711392518132925,-2.02056138779855,0.0111989927453745,0.120633927962217,0.127307716536025,-0.0615955441689542,0.0596788317039884,-1.50368598211409,2.63359069824219,-1.43617415428162,0.952811241149902,0.0133562164283027,-0.0216718026503625,0.738470275975023,0.11150360107432,-0.0855720043183151,-0.0200629234314147,-0.0243508701179986,-0.0789786301407685,-0.306653942089181,0,0,0,-0.0209611754705642,2740.25,30.7213672
0.255102314920203,0.736433804179786,0.974725306034088,0.0102324923500419,0.00711392518132925,-2.02056138779855,0.0111989927453745,0.120633927962217,0.0331643258805077,-0.043116880918268,0.0417751821927919,-1.05258018747986,2.63935565948486,-1.43936336040497,0.951451778411865,-0.000661982839353223,-0.0334879228394805,0.719487632104623,0.115299224853096,-0.063784122466809,-0.0271892547606433,-0.280363985352099,-0.2363224037815,-0.379652877406622,0,0,0,-0.0263611181821359,2740.3,30.7881065
0.255475614678382,0.74045493511186,0.974725306034088,0.0102324923500419,0.00711392518132925,-2.02056138779855,0.0111989927453745,0.120633927962217,0.0331643258805077,-0.0301818166427876,0.0292426275349543,-0.736806131235903,2.64263129234314,-1.44209206104279,0.951735615730286,-0.0152855311736114,-0.0430493377471871,0.727527341536102,0.065512657165289,-0.0545740127561491,0.00567674636838755,-0.292470966684099,-0.191228298153436,0.160794188629002,0,0,0,-0.0347988716452071,2740.35,30.8548398
0.25606521164999,0.742362647841071,0.961811065673828,0.0102324923500419,0.00711392518132925,-2.02056138779855,0.0176879091482273,0.0572313818763467,0.125870789152192,-0.0211272716499513,0.020469839274468,-0.515764291865132,2.64871406555176,-1.44380640983582,0.949519753456116,-0.0194994468857718,-0.0404278644611425,0.717437494385501,0.060827732086237,-0.0171434879303134,-0.0221586227417194,-0.0421391571216431,0.0262147328604701,-0.100898471506107,0,0,0,-0.0431914116654972,2740.45,30.9215186
0.256582653803121,0.744290746098083,0.961811065673828,-0.0125716850161552,0.00465314975008368,-1.97785775925851,0.0155232645939431,0.0578429477103527,0.00968103893572316,0.190448506140808,0.0364758663733377,-0.745367661165944,2.65041875839233,-1.4448823928833,0.950450420379639,-0.00180622578877148,-0.0393938162092461,0.713094016682285,0.0340938568117095,-0.0215196609498245,0.0186133384705606,0.353864421941938,0.0206809650380402,-0.0868695540647757,0,0,0,-0.0485660521283025,2740.5,30.9881919
0.257100095956253,0.746218844355095,0.961811065673828,-0.0125716850161552,0.00465314975008368,-1.97785775925851,0.0155232645939431,0.0578429477103527,0.00968103893572316,0.133313954298566,0.0255331064613364,-0.521757362816161,2.65214967727661,-1.44590556621552,0.95298820734024,0.0071398742081112,-0.0441974226556067,0.706951863007369,0.0346183776854209,-0.0204634666442127,0.0507557392118515,0.178921999937003,-0.0960721289268619,-0.122843073497889,0,0,0,-0.0483180653675692,2740.55,31.0549022
0.258054764467253,0.745777783793114,0.951824903488159,-0.0148294167593122,0.0151694994419813,-1.96405427720285,0.0286400553300123,-0.0132318168594367,0.0901347517314924,0.113639353697408,-0.0767739727041432,-0.489461492472289,2.65391850471497,-1.442950963974,0.955652594566345,0.000535471566518892,-0.0440330830372952,0.69695419977964,0.017688274383561,0.029546022415188,0.0266438722610716,-0.0660440264159832,0.00164339618311627,-0.0999766322773797,0,0,0,-0.0404547486454531,2740.65,31.1215812
0.259009432978253,0.745336723231132,0.951824903488159,-0.0148294167593122,0.0151694994419813,-1.96405427720285,0.0286400553300123,-0.0132318168594367,0.000259292060471834,0.0795475475881857,-0.0537417808929003,-0.342623044730602,2.65371179580688,-1.44260203838348,0.955264508724213,0.00338576665176842,-0.0235974390603563,0.698545659176555,-0.00413417816160605,0.00697851181027735,-0.00776171684262313,0.0570059017047832,0.408712879537291,0.0318291879381879,0,0,0,-0.0237721427654646,2740.7,31.1882522
0.259964101489254,0.744895662669151,0.951824903488159,-0.0148294167593122,0.0151694994419813,-1.96405427720285,0.0286400553300123,-0.0132318168594367,0.000259292060471834,0.05568328331173,-0.0376192466250302,-0.239836131311422,2.65416383743286,-1.44067800045013,0.955401301383972,0.00827625372980181,-0.0159461347180551,0.695361564638422,0.00904083251958059,0.0384807586672022,0.00273585319520536,0.0978097415612015,0.153026086846858,-0.0636818907629977,0,0,0,0.0020884263566212,2740.75,31.254976
0.260612395762528,0.744236130986904,0.957194209098816,-7.85870724939741e-05,0.00156951206736267,-1.95565955903268,0.0194488281982192,-0.0197859504674256,-0.0664979647505889,-0.0937791688631527,0.0960664137340467,-0.243437755449489,2.65470933914185,-1.43890845775604,0.959375202655792,0.0205111249845314,-0.0273180573369845,0.683308831455563,0.0054550170898239,0.0176954269408536,0.0397390127180561,0.122348712546851,-0.11371922618888,-0.12052733182816,0,0,0,0.0365607727708852,2740.85,31.3216785
0.261260690035802,0.743576599304656,0.957194209098816,-7.85870724939741e-05,0.00156951206736267,-1.95565955903268,0.0194488281982192,-0.0197859504674256,-0.0181742142546783,-0.0656454182042069,0.0672464896138327,-0.170406428814642,2.6539580821991,-1.43716287612915,0.959983646869659,0.0228496694080535,-0.0254598045026132,0.683000553113119,-0.0150251388550625,0.0349116325380323,0.0121688842774102,0.0467708884706977,0.0371650566876286,-0.00616556684891279,0,0,0,0.0783349308756097,2740.9,31.38842
0.261908984309076,0.742917067622409,0.957194209098816,-7.85870724939741e-05,0.00156951206736267,-1.95565955903268,0.0194488281982192,-0.0197859504674256,-0.0181742142546783,-0.0459517927429448,0.0470725427296829,-0.11928450017025,2.6539454460144,-1.43624711036682,0.961131691932678,0.0162535766646446,-0.0279656098116084,0.674270927210164,-0.000252723693846737,0.0183153152465154,0.0229609012602924,-0.131921854867698,-0.0501161061797227,-0.174592518058456,0,0,0,0.125450620704773,2740.95,31.4552322
0.262332393678184,0.742310673161315,0.96082615852356,0.00541816977784038,0.0148056438192725,-1.94698899056649,0.0127022810732555,-0.0181918338327956,-0.0424042630578064,-0.0816370665730705,-0.0861744058564107,-0.161534266314854,2.65275073051453,-1.43243253231049,0.960771143436432,0.0152924446505849,-0.0173031683510311,0.670947413816448,-0.0119471549987902,0.0381457805633892,-0.00360548496246666,-0.00961132014060555,0.10662441460587,-0.0332351339371875,0,0,0,0.175339033872628,2741.05,31.5219365
0.262755803047293,0.741704278700222,0.96082615852356,0.00541816977784038,0.0148056438192725,-1.94698899056649,0.0127022810732555,-0.0181918338327956,-0.00971671823511355,-0.0571459466011494,-0.0603220840994875,-0.113073986420397,2.65149521827698,-1.43108737468719,0.961179435253143,0.0165331516564062,-0.0161996383606376,0.671560470493262,-0.0251102447508852,0.0269031524657224,0.00816583633419881,0.0248141401163347,0.0220705998077913,0.012261133536222,0,0,0,0.225417935027925,2741.1,31.5886255
0.263179212416401,0.741097884239129,0.96082615852356,0.00541816977784038,0.0148056438192725,-1.94698899056649,0.0127022810732555,-0.0181918338327956,-0.00971671823511355,-0.0400021626208045,-0.0422254588696412,-0.0791517904942782,2.65020823478699,-1.4297684431076,0.961281538009644,0.0166849534965637,-0.0157442062402868,0.673476382346995,-0.0257396697999451,0.0263786315919408,0.00204205513001603,0.00303603680316704,0.00910864240706406,0.0383182370748773,0,0,0,0.273109501153817,2741.15,31.6553455
0.263294013900426,0.740302159629876,0.958927631378174,0.00886565446853638,0.00822509080171585,-1.9447438028071,0.00344404452073953,-0.023871738277589,0.0174955350921355,-0.0590288760508272,0.0296671559492612,-0.0756129431805895,2.64774084091187,-1.4269483089447,0.961268723011017,0.0152832121244507,-0.0246736325337245,0.675622046873096,-0.0246739387512431,0.028201341629054,-0.000128149986267206,-0.0140174137211425,-0.089294262934458,0.0214566452610261,0,0,0,0.316010781512752,2741.25,31.7220366
0.26340881538445,0.739506435020623,0.958927631378174,0.00886565446853638,0.00822509080171585,-1.9447438028071,0.00344404452073953,-0.023871738277589,0.000408790783663783,-0.041320213235579,0.0207670091644828,-0.0529290602264126,2.64613485336304,-1.42505276203156,0.960920810699463,0.0112113830645645,-0.027817397120676,0.682874412743847,-0.0321197509764456,0.0379109382628015,-0.00695824623105379,-0.0814365811974289,-0.0628752917388006,0.145047317414498,0,0,0,0.352409358630767,2741.3,31.7891295
0.263523616868475,0.73871071041137,0.958927631378174,0.00886565446853638,0.00822509080171585,-1.9447438028071,0.00344404452073953,-0.023871738277589,0.000408790783663783,-0.0289241492649053,0.014536906415138,-0.0370503421584888,2.64422750473022,-1.42277264595032,0.962569236755371,0.00808096963307211,-0.042816573771008,0.696962646723943,-0.0381469726561112,0.04560232162459,0.0329685211180441,-0.062608268629619,-0.29998353300555,0.281764679600885,0,0,0,0.380637482136658,2741.35,31.8562376
0.262992214985314,0.737704882287118,0.976776123046875,0.00886565446853638,0.00822509080171585,-1.9447438028071,-0.0159420564948451,-0.0301748437275719,-0.169370791731832,-0.0202469044854337,0.0101758344905966,-0.0259352395109422,2.63966178894043,-1.41837012767792,0.961675643920898,0.0143532233247788,-0.0513120798490136,0.729744636857509,-0.0456571578979907,0.0440251827240391,-0.00893592834473469,0.0627225369171244,-0.0849550607801325,0.327819901335963,0,0,0,0.399827869983484,2741.45,31.9229541
0.262428221246021,0.736715915865863,0.976776123046875,0.0033803703263402,0.00664547737687826,-1.97509973313546,-0.0169198121787824,-0.0296689926376499,-0.00868207034419696,0.035194724139962,0.0213396049669559,0.255048705297663,2.63689875602722,-1.41664683818817,0.958575844764709,0.0177578066514467,-0.0269785345154836,0.745483073839597,-0.0552606582644617,0.03446578979511,-0.0619959831241176,0.0680916665337282,0.486670906673255,0.314768739643471,0,0,0,0.410017115103351,2741.5,31.9896814
0.261864227506728,0.735726949444608,0.976776123046875,0.0033803703263402,0.00664547737687826,-1.97509973313546,-0.0169198121787824,-0.0296689926376499,-0.00868207034419696,0.0246363068979734,0.0149377234768691,0.178534093708364,2.63549470901489,-1.41445064544678,0.961918532848358,0.00970800176823073,-0.0521438795840796,0.765294807344021,-0.0280809402464799,0.0439238548277211,0.0668537616727304,-0.160996097663733,-0.50330690137009,0.396234670087041,0,0,0,0.41158171524836,2741.55,32.056397
0.261360826500111,0.735449975412906,0.953802525997162,0.0131401848047972,0.0026841014623642,-2.04983811642862,-0.0151020301985169,-0.00830922095103917,0.220707984807943,-0.0705929154775314,0.046108789664435,0.797619315234222,2.62865257263184,-1.4085294008255,0.962284862995148,0.0203055456896523,-0.0547115648257862,0.826048797679451,-0.0684213638306286,0.0592124462128224,0.00366330146789884,0.105975439214312,-0.0256768524170886,0.607539903354855,0,0,0,0.405325412142071,2741.65,32.1230781
0.260857425493494,0.735173001381205,0.953802525997162,0.0131401848047972,0.0026841014623642,-2.04983811642862,-0.0151020301985169,-0.00830922095103917,0.0139456113605243,-0.049415040834272,0.0322761527651045,0.558333520663955,2.62567782402039,-1.40628552436829,0.958421230316162,0.0261663285147185,-0.037062154444732,0.852894649965646,-0.0594949722287875,0.0448775291441238,-0.0772726535794308,0.117215656500898,0.352988207619799,0.536917045721939,0,0,0,0.392305342421959,2741.7,32.1897983
0.260354024486877,0.734896027349504,0.953802525997162,0.0131401848047972,0.0026841014623642,-2.04983811642862,-0.0151020301985169,-0.00830922095103917,0.0139456113605243,-0.0345905285839904,0.0225933069355731,0.390833464464769,2.62285614013672,-1.4036169052124,0.957875788211823,0.0257065959490614,-0.0303020559337833,0.883334309289437,-0.0564336776736478,0.053372383117967,-0.0109088420868515,-0.00919465131319346,0.135201970219712,0.608793186479155,0,0,0,0.373707753398316,2741.75,32.2564944
0.259727633418118,0.734157527330378,0.967558085918427,0.00674291094765067,0.0089414743706584,-2.1621715333674,-0.0187917320627492,-0.0221550005737622,-0.1279978776369,0.0333620947055253,-0.0405010413197466,1.28458417757437,2.61639952659607,-1.39877486228943,0.957043766975403,0.0484128162980539,-0.0508145333055375,0.952379473900571,-0.0645661354062592,0.0484204292295602,-0.00832021236416651,0.227062203489099,-0.205124773716796,0.690451646108822,0,0,0,0.350630532673282,2741.85,32.3232944
0.25910124234936,0.733419027311253,0.967558085918427,0.00674291094765067,0.0089414743706584,-2.1621715333674,-0.0187917320627492,-0.0221550005737622,-0.00419783834551775,0.0233534662938677,-0.0283507289238226,0.899208924302062,2.61347889900208,-1.39679443836212,0.954253613948822,0.0327234796493444,-0.0202168067723391,0.982245413067162,-0.0584125518802016,0.0396084785463587,-0.0558030605319207,-0.313786732975902,0.611954530667308,0.59731878333509,0,0,0,0.324080389838194,2741.9,32.390112
0.258474851280602,0.732680527292127,0.967558085918427,0.00674291094765067,0.0089414743706584,-2.1621715333674,-0.0187917320627492,-0.0221550005737622,-0.00419783834551775,0.0163474264057074,-0.0198455102466758,0.629446247011443,2.60996294021606,-1.39526355266571,0.951328992843628,0.0278713710104661,-0.00987168333769842,1.01514519172748,-0.070319175719959,0.0306177139281113,-0.058492422103669,-0.0970421727772129,0.206902468692061,0.657995573203969,0,0,0,0.294879062819281,2741.95,32.4567924
0.257080201016263,0.732164824325127,0.973530828952789,0.0123088164255023,0.0123802367597818,-2.28729121949411,-0.0418395079301535,-0.0154710890099956,-0.0471160964927071,-0.0386499508166695,-0.044840718674784,1.56668954804839,2.60263252258301,-1.39194369316101,0.947659909725189,0.0271719491179749,-0.0130618016915494,1.08302060127207,-0.0733041763306331,0.0331985950470273,-0.0366908311844206,-0.0069942189249181,-0.0319011835385389,0.678754095446483,0,0,0,0.263461972602623,2742.05,32.5234672
0.255685550751925,0.731649121358127,0.973530828952789,0.0123088164255023,0.0123802367597818,-2.28729121949411,-0.0418395079301535,-0.0154710890099956,0.00663859081655801,-0.0270549655716687,-0.0313885030723488,1.09668268363387,2.59867191314697,-1.3904287815094,0.946248292922974,0.0310919586898204,-0.0205694933354324,1.11502621967638,-0.079212188720415,0.0302982330321163,-0.0282323360442088,0.0784001914366245,-0.150153832877114,0.640112368083872,0,0,0,0.230067696542948,2742.1,32.5901362
0.254290900487586,0.731133418391128,0.973530828952789,0.0123088164255023,0.0123802367597818,-2.28729121949411,-0.0418395079301535,-0.0154710890099956,0.00663859081655801,-0.0189384759001681,-0.0219719521506442,0.767677878543712,2.59425282478333,-1.38891112804413,0.947379767894745,0.0413669499037399,-0.039270288603709,1.15106495862684,-0.0883817672734315,0.0303530693055856,0.0226294994355483,0.205499824279511,-0.374015905367572,0.720774779013226,0,0,0,0.194737268442566,2742.15,32.6568252
0.252843272045849,0.730804645433951,0.958657801151276,0.0100344065576792,0.0049472595565021,-2.41782729890085,-0.043428853252121,-0.00986318871530991,0.140733367721803,0.00721275568029048,0.0515164283240667,1.71219922964124,2.58740592002869,-1.3877899646759,0.940529644489288,0.0378909708579716,-0.00843314480083339,1.20506418521693,-0.068469047546449,0.0112116336822612,-0.0685012340546277,-0.0347597904577142,0.308371438029036,0.539992265901355,0,0,0,0.157454312128843,2742.25,32.7235006
0.251395643604112,0.730475872476773,0.958657801151276,0.0100344065576792,0.0049472595565021,-2.41782729890085,-0.043428853252121,-0.00986318871530991,0.00687611750817966,0.00504892897620334,0.0360614998268467,1.19853946074887,2.58377003669739,-1.38759505748749,0.938658475875854,0.0324990681848032,-0.000397171549867633,1.23144099072768,-0.072717666625712,0.00389814376829637,-0.0374233722685406,-0.107838053462976,0.16071946501873,0.527536110213206,0,0,0,0.11815354121554,2742.3,32.7902551
0.249948015162374,0.730147099519596,0.958657801151276,0.0100344065576792,0.0049472595565021,-2.41782729890085,-0.043428853252121,-0.00986318871530991,0.00687611750817966,0.00353425028334233,0.0252430498787927,0.838977622524209,2.5803816318512,-1.38729500770569,0.936439156532288,0.0334539353514885,0.00324961005733747,1.2563580092695,-0.0677680969235816,0.0060009956359645,-0.0443863868711764,0.0190973433336366,0.0729356321438368,0.498340370834479,0,0,0,0.0770454916846649,2742.35,32.856941
0.248784760552294,0.729492880089398,0.945688724517822,0.0100344065576792,0.0049472595565021,-2.41782729890085,-0.0348976383024189,-0.0196265829059401,0.130509416065932,0.00247397519833963,0.0176701349151549,0.587284335766946,2.57395696640015,-1.38685166835785,0.935047328472137,0.0291708841692742,0.00853922035675862,1.30749378868378,-0.0642466545105565,0.00443339347839759,-0.0139182806015141,-0.0428305118221817,0.0528961029942595,0.511357794143298,0,0,0,0.0343836040223506,2742.45,32.9237171
0.247621505942213,0.7288386606592,0.945688724517822,0.0100344065576792,0.0049472595565021,-2.41782729890085,-0.0348976383024189,-0.0196265829059401,0.0137877263648517,0.00173178263883774,0.0123690944406084,0.411099035036862,2.57117342948914,-1.38755404949188,0.93458753824234,0.0329842085153318,0.0114272709621892,1.32629520365939,-0.0556707382205186,-0.0140476226807407,-0.00919580459599745,0.0762664869215678,0.0577610121089268,0.376028299514215,0,0,0,-0.00911408601911337,2742.5,32.9904573
0.246394624447625,0.72831177574812,0.945688724517822,0.0140982419252396,0.00505308620631695,-2.52254860665536,-0.0368064448376298,-0.0158065473324123,0.0137608077562168,-0.0353622704608571,0.00770592626009229,1.23026109431645,2.5684711933136,-1.38817834854126,0.933449029922485,0.0401037873481066,0.0111762374527114,1.34104620958469,-0.0540447235105456,-0.0124859809875034,-0.0227701663970119,0.142391576654979,-0.00502067018953672,0.2950201185049,0,0,0,-0.0525075995796705,2742.55,33.0571635
0.244489390153439,0.727764429406114,0.94219583272934,0.0179374888539314,0.00634007528424263,-2.59966116215921,-0.0571570288256002,-0.0164203902601803,0.0344113407846868,-0.0593068116808267,-0.00618875331926654,1.55519576555612,2.56307911872864,-1.38950777053833,0.932778120040894,0.0421157380775289,0.0061579188946667,1.3714183163234,-0.0539207458496584,-0.0132942199707152,-0.00670909881592407,0.0201195072942411,-0.050183185580493,0.303721067387431,0,0,0,-0.0946144884572847,2742.65,33.1238698
0.242584155859252,0.727217083064108,0.94219583272934,0.0179374888539314,0.00634007528424263,-2.59966116215921,-0.0571570288256002,-0.0164203902601803,0.00297531468834277,-0.0415147681765787,-0.00433212732348658,1.08863703588929,2.56165623664856,-1.39021480083466,0.93261730670929,0.0366189783034859,0.0056407759098104,1.3832801343819,-0.028457641601459,-0.0141406059264622,-0.00321626663206838,-0.109935195480461,-0.0103428596970885,0.237236361169132,0,0,0,-0.134051680712175,2742.7,33.1905808
0.240678921565065,0.726669736722102,0.94219583272934,0.0179374888539314,0.00634007528424263,-2.59966116215921,-0.0571570288256002,-0.0164203902601803,0.00297531468834277,-0.0290603377236051,-0.0030324891264406,0.762045925122501,2.5605149269104,-1.39125156402588,0.934372127056122,0.0421857308021043,-0.0106145171112176,1.39336993119479,-0.0228261947633082,-0.020735263824576,0.035096406936837,0.111335049972976,-0.325105860422335,0.201795936258771,0,0,0,-0.169370199261114,2742.75,33.2572848
0.240376107540451,0.725934151771989,0.944679379463196,0.0165893360972404,0.00379055761732161,-2.64105396535135,-0.00908442073841895,-0.0220675485033815,-0.0207944383920577,-0.00820886159630475,0.0208229166137808,0.905967376314998,2.55816745758057,-1.39419078826904,0.931891560554504,0.0542841959017112,-0.0138980403146122,1.40243572855845,-0.0234746932982544,-0.0293922424315337,-0.0248056650160841,0.120984650995629,-0.0328352320338257,0.0906579736362444,0,0,0,-0.19918312017188,2742.85,33.3238791
0.240073293515837,0.725198566821876,0.944679379463196,0.0165893360972404,0.00379055761732161,-2.64105396535135,-0.00908442073841895,-0.0220675485033815,0.0015574822126481,-0.00574620311741333,0.0145760416296465,0.634177163420499,2.55744051933289,-1.39579498767853,0.931621551513672,0.0585866009963821,-0.0182811979463711,1.4038192066695,-0.0145387649536926,-0.0320839881898723,-0.00540018081667986,0.0860481018938871,-0.0876631526356575,0.0276695622213152,0,0,0,-0.222540255062173,2742.9,33.3907272
0.239770479491223,0.724462981871764,0.944679379463196,0.0165893360972404,0.00379055761732161,-2.64105396535135,-0.00908442073841895,-0.0220675485033815,0.0015574822126481,-0.00402234218218933,0.0102032291407526,0.443924014394349,2.55755233764648,-1.39784693717957,0.932369351387024,0.0476759198947489,-0.0203364797572749,1.39971709144903,0.00223636627196452,-0.0410389900206027,0.0149559974669866,-0.21821362203187,-0.0411056362179265,-0.0820423044091258,0,0,0,-0.23859776826841,2742.95,33.4574351
0.239307197805756,0.723750024302256,0.942761778831482,0.0108017707243562,0.00441318610683084,-2.63591294553018,-0.013898450564032,-0.0213887270852324,0.0109928274814412,0.0492724488284259,0.00153860399294377,0.264477631685542,2.55727887153625,-1.40378630161285,0.929619967937469,0.0397278488795163,-0.00792702578019348,1.37804069906178,-0.00273466110229741,-0.0593936443329398,-0.0274938344955694,-0.0794807101523986,0.124094539770927,-0.216763923872709,0,0,0,-0.247248155099323,2743.05,33.5241799
0.238843916120288,0.723037066732748,0.942761778831482,0.0108017707243562,0.00441318610683084,-2.63591294553018,-0.013898450564032,-0.0213887270852324,-0.00626557820398364,0.0344907141798982,0.00107702279506064,0.185134342179879,2.55734515190125,-1.4066196680069,0.928949654102325,0.0390190474833493,-0.00348944543543534,1.36739165067574,0.00132560729979986,-0.0566673278806532,-0.0134062767028321,-0.0141760279232888,0.08875160689484,-0.21298096771998,0,0,0,-0.248906619749085,2743.1,33.5909084
0.23838063443482,0.72232410916324,0.942761778831482,0.0108017707243562,0.00441318610683084,-2.63591294553018,-0.013898450564032,-0.0213887270852324,-0.00626557820398364,0.0241434999259287,0.000753915956542449,0.129594039525915,2.55888366699219,-1.4093474149704,0.928717195987701,0.0376694543920915,-0.00347867474338045,1.3575239799211,0.0307703018190156,-0.0545549392703172,-0.00464916229250584,-0.0269918618253029,0.000215413841098918,-0.197353415093866,0,0,0,-0.244603752344248,2743.15,33.657626
0.237950573008998,0.721587905948409,0.943123400211334,0.0195745918899775,4.43151220679283e-05,-2.59031861092782,-0.0129018427746653,-0.0220860964449547,-0.00937743833723076,-0.0620549405424414,0.0398475800324459,-0.319633183753063,2.56103348731995,-1.41320621967316,0.927557051181793,0.0379535429265955,-0.00308134597886976,1.33587636181349,0.0214982032776074,-0.038588047027623,-0.0116014480590926,0.00284088534504326,0.00397328764511057,-0.216476181076328,0,0,0,-0.235910483155144,2743.25,33.7243352
0.237520511583176,0.720851702733577,0.943123400211334,0.0195745918899775,4.43151220679283e-05,-2.59031861092782,-0.0129018427746653,-0.0220860964449547,-0.0061228459185601,-0.043438458379709,0.0278933060227121,-0.223743228627144,2.56350898742676,-1.4170355796814,0.924790799617767,0.0293568157097755,0.00783321343614905,1.31061691561536,0.0495100021360504,-0.0765872001645163,-0.0553250312803163,-0.171934544335776,0.218291188299582,-0.505188923960721,0,0,0,-0.224750061935244,2743.3,33.7914176
0.237090450157354,0.720115499518745,0.943123400211334,0.0195745918899775,4.43151220679283e-05,-2.59031861092782,-0.0129018427746653,-0.0220860964449547,-0.0061228459185601,-0.0304069208657963,0.0195253142158985,-0.156620260039001,2.56412363052368,-1.4202493429184,0.926473557949066,0.0312509088975969,-0.000823134940936483,1.29597704840223,0.0122928619384318,-0.0642752647397564,0.0336551666258541,0.0378818637562912,-0.173126967541081,-0.292797344261536,0,0,0,-0.213488772516951,2743.35,33.8581156
0.236266785755138,0.720056930964648,0.94668436050415,0.0195745918899775,4.43151220679283e-05,-2.59031861092782,-0.024709932066456,-0.00175705662290117,-0.0502358491783451,-0.0212848446060574,0.0136677199511289,-0.109634182027301,2.56770467758179,-1.42644512653351,0.924597561359406,0.0279152292697941,0.000649841149082276,1.25761064812681,0.0358104705810873,-0.0619578361511794,-0.0187599658966235,-0.0333567962780585,0.014729760900201,-0.383664002754563,0,0,0,-0.204315466343731,2743.45,33.9248458
0.235443121352923,0.719998362410552,0.94668436050415,0.0195745918899775,4.43151220679283e-05,-2.59031861092782,-0.024709932066456,-0.00175705662290117,-0.0181872065429997,-0.0148993912242402,0.00956740396579025,-0.0767439274191104,2.56937456130981,-1.42918562889099,0.924433767795563,0.0288244330789199,-0.00403997783309515,1.24146577308634,0.0333976745607291,-0.0548100471499573,-0.00327587127687335,0.0181840761826154,-0.0937963796440604,-0.322897500811149,0,0,0,-0.199278303675035,2743.5,33.9915194
0.234623067900706,0.719878949113219,0.94668436050415,0.017364839091897,-0.00266167358495295,-2.51596312787271,-0.0246016035665146,-0.00358239891997567,-0.0181277765335664,0.00945820132575587,0.0310510811392411,-0.72292009668941,2.57130908966064,-1.43098151683807,0.923593282699585,0.0338424437395334,-0.00993928397878242,1.2214877127228,0.0386905670164608,-0.0359177589415197,-0.0168097019194945,0.100360213211904,-0.117986122913316,-0.399561207269484,0,0,0,-0.199962018213636,2743.55,34.0582169
0.233816495565796,0.719689049494069,0.952630519866943,0.0188520364463329,-0.00333664217032492,-2.43103747632242,-0.0241971700473053,-0.00569698857450699,-0.0716447482592233,-0.00676403526189418,0.0278104740658165,-1.27037493163522,2.57593607902527,-1.4371919631958,0.920322954654694,0.0332185172644242,-0.0103850806080345,1.18563620646638,0.0462698936462823,-0.062104463577327,-0.0327032804489433,-0.00623926475109711,-0.00445796629252485,-0.35851506256443,0,0,0,-0.207320919402772,2743.65,34.1249098
0.233009923230886,0.719499149874918,0.952630519866943,0.0188520364463329,-0.00333664217032492,-2.43103747632242,-0.0241971700473053,-0.00569698857450699,-0.0181293139940865,-0.00473482468332592,0.0194673318460715,-0.889262452144657,2.57831525802612,-1.43998956680298,0.919372022151947,0.0349113634355885,-0.0164152642409592,1.16834895198517,0.0475835800169167,-0.0559520721433511,-0.0190186500548625,0.033856923423163,-0.120603672658055,-0.345745089623114,0,0,0,-0.221530479312117,2743.7,34.1916365
0.232203350895976,0.719309250255768,0.952630519866943,0.0188520364463329,-0.00333664217032492,-2.43103747632242,-0.0241971700473053,-0.00569698857450699,-0.0181293139940865,-0.00331437727832815,0.0136271322922501,-0.62248371650126,2.58102655410767,-1.44334077835083,0.91859644651413,0.0309548295363509,-0.0172601842019731,1.15238306322569,0.0542259216311553,-0.067024230957397,-0.0155115127564323,-0.0791306779851846,-0.0168983992203712,-0.319317775191285,0,0,0,-0.241884605410214,2743.75,34.2583265
0.232353343713098,0.71883508120556,0.929775178432465,0.0188520364463329,-0.00333664217032492,-2.43103747632242,0.00449978451368093,-0.0142250715062294,0.214423510402109,-0.0023200640948297,0.00953899260457506,-0.435738601550882,2.58601188659668,-1.44906210899353,0.916962742805481,0.0348161130508795,-0.0220222708594854,1.11768213681378,0.0498533248899554,-0.0572133064267938,-0.0163370370864274,0.0386128351451455,-0.04762086657495,-0.34700926411784,0,0,0,-0.266898943525792,2743.85,34.32513
0.232503336530221,0.718360912155353,0.929775178432465,0.0188520364463329,-0.00333664217032492,-2.43103747632242,0.00449978451368093,-0.0142250715062294,0.00872543749179967,-0.00162404486638079,0.00667729482320254,-0.305017021085617,2.58862066268921,-1.45182132720947,0.91685676574707,0.0361661876618881,-0.0259876148350235,1.10087273629414,0.0521755218508707,-0.0551843643191488,-0.00211954116822446,0.0270014922203189,-0.0793068795111933,-0.336188010394625,0,0,0,-0.294613668611031,2743.9,34.392816
0.232689016115073,0.717898343636359,0.929775178432465,0.0167563240975142,-0.00138943269848824,-2.35487549569345,0.00557038754556592,-0.0138770555698295,0.00869728042410268,0.0177245797329025,-0.0128507788702884,-0.898969740420638,2.5912549495697,-1.45538210868835,0.917271137237549,0.0327947278577841,-0.0253664943357348,1.08512541845257,0.0526857376096716,-0.0712156295773776,0.00828742980954016,-0.0674291960818337,0.0124224099857284,-0.314946356830177,0,0,0,-0.321369175951839,2743.95,34.4595262
0.233274234680999,0.718479461794967,0.925513386726379,0.0151321664452553,0.00288805109448731,-2.28267519738412,0.0175565569777738,0.0174335447582639,0.0315615178657595,0.0270246246833616,-0.0474928993459818,-1.27908150307838,2.59606742858887,-1.46194016933441,0.918250143527985,0.0324488876104963,-0.0286876611091375,1.04564543869589,0.0481247901916942,-0.0655806064606309,0.00979006290436681,-0.00345840247288165,-0.0332116677340573,-0.394799797567213,0,0,0,-0.344371853711559,2744.05,34.5262361
0.233859453246925,0.719060579953576,0.925513386726379,0.0151321664452553,0.00288805109448731,-2.28267519738412,0.0175565569777738,0.0174335447582639,-0.00679460748900739,0.0189172372783531,-0.0332450295421872,-0.895357052154867,2.59862565994263,-1.46556377410889,0.918115496635437,0.0337948632481229,-0.0267009675521265,1.02511187017434,0.0511646270750092,-0.0724720954892383,-0.00269293785094235,0.0269195127524354,0.0397338711400748,-0.410671370429394,0,0,0,-0.360411167449443,2744.1,34.5929749
0.234444671812851,0.719641698112185,0.925513386726379,0.0151321664452553,0.00288805109448731,-2.28267519738412,0.0175565569777738,0.0174335447582639,-0.00679460748900739,0.0132420660948472,-0.0232715206795311,-0.626749936508407,2.6012327671051,-1.47000885009766,0.919045567512512,0.0288758811457618,-0.0299732038266327,1.00035009054975,0.0521421432497963,-0.0889015197758758,0.0186014175416054,-0.0983796420477599,-0.0654447254904807,-0.49523559249457,0,0,0,-0.366528005881008,2744.15,34.6597222
0.234981193597186,0.720265947222348,0.91497129201889,0.0188248418271542,-0.00232911692000926,-2.20211010243631,0.0160956535300608,0.0187274733048929,0.0879992164202675,-0.0239646321706969,0.0306644476547973,-1.16381081008622,2.6066460609436,-1.47792434692383,0.920463562011719,0.0228023836920078,-0.0278166846166632,0.957098602029193,0.054132938385059,-0.0791549682617907,0.0141799449920783,-0.060734974537595,0.0215651920997145,-0.432514885205965,0,0,0,-0.360393684647021,2744.25,34.7261619
0.235517715381521,0.720890196332511,0.91497129201889,0.0188248418271542,-0.00232911692000926,-2.20211010243631,0.0160956535300608,0.0187274733048929,-0.0068796359471336,-0.0167752425194878,0.0214651133583581,-0.814667567060354,2.60870575904846,-1.48196721076965,0.918858528137207,0.0409471922609937,-0.045796860786578,0.927363636814741,0.0411939620970181,-0.0808572769162098,-0.0321006774901176,0.362896171378397,-0.359603523396986,-0.594699304286869,0,0,0,-0.340197438242975,2744.3,34.7933623
0.236054237165857,0.721514445442674,0.91497129201889,0.0188248418271542,-0.00232911692000926,-2.20211010243631,0.0160956535300608,0.0187274733048929,-0.0068796359471336,-0.0117426697636415,0.0150255793508507,-0.570267296942247,2.61152315139771,-1.48665297031403,0.918581426143646,0.0272333154368846,-0.021471191462551,0.893916932215237,0.0563478469846583,-0.0937151908871102,-0.00554203987119566,-0.274277536481183,0.486513386478769,-0.668934091987656,0,0,0,-0.305649002478515,2744.35,34.8600755
0.234893693861076,0.722480189624845,0.91497129201889,0.0188248418271542,-0.00232911692000926,-2.20211010243631,-0.0348162991434204,0.0289723254651141,-0.0158719644857753,-0.00821986883454904,0.0105179055455955,-0.399187107859573,2.61646056175232,-1.49578523635864,0.918186128139496,0.0255642625435991,-0.00269448546019067,0.835269770749629,0.0493741035461875,-0.0913226604462501,-0.0039529800415075,-0.0166905289328706,0.187767060023774,-0.58647161465661,0,0,0,-0.257204219901399,2744.45,34.9267431
0.233733150556295,0.723445933807015,0.926976561546326,0.0188248418271542,-0.00232911692000926,-2.20211010243631,-0.0348162991434204,0.0289723254651141,-0.123919390232693,-0.00575390818418432,0.00736253388191684,-0.279430975501701,2.61988115310669,-1.50020861625671,0.920382857322693,0.0233193805747462,-0.00460504886341916,0.811404419414662,0.0684118270877757,-0.0884675979619085,0.0439345836641802,-0.0448976393773035,-0.0382112680647783,-0.477307026701948,0,0,0,-0.196403239333638,2744.5,34.9934448
0.232475606816174,0.724290078033418,0.926976561546326,0.0123682087287307,-0.00348285445943475,-2.10000329282022,-0.0377263122036394,0.0253243267920908,-0.0156696075068611,0.0540819621568823,0.0155374115721712,-1.11456296939599,2.62226843833923,-1.50438392162323,0.920841455459595,0.0233597863398052,-0.00324789986638573,0.782023284157337,0.0477457046507052,-0.0835061073300185,0.00917196273800374,0.000808115301178569,0.0271429799405698,-0.587622705144362,0,0,0,-0.125804656692992,2744.55,35.0601805
0.231551130507444,0.725470833105738,0.93502551317215,0.0145768327638507,-0.00446304399520159,-1.98751347329355,-0.0277342892619091,0.0354226521695842,-0.0951209551115945,0.0179797571937375,0.0196978939224214,-1.79260245431724,2.62649416923523,-1.51231837272644,0.924554109573364,0.0339172027465679,-0.0231180938821028,0.723291699602781,0.0422573089599994,-0.0793445110321767,0.0371265411377291,0.105574164067722,-0.198701940157351,-0.587315845546096,0,0,0,-0.0488110882396778,2744.65,35.1269104
0.230626654198713,0.726651588178057,0.93502551317215,0.0145768327638507,-0.00446304399520159,-1.98751347329355,-0.0277342892619091,0.0354226521695842,-0.0226803904791787,0.0125858300356163,0.013788525745695,-1.25482171802207,2.62870955467224,-1.51626086235046,0.922198057174683,0.0232861356832039,-0.0071350637863502,0.699434538105224,0.0443077087400732,-0.0788497924801819,-0.0471210479734614,-0.212621341266506,0.319660601913888,-0.477143229949396,0,0,0,0.0306995696798407,2744.7,35.1936443
0.229702177889983,0.727832343250377,0.93502551317215,0.0145768327638507,-0.00446304399520159,-1.98751347329355,-0.0277342892619091,0.0354226521695842,-0.0226803904791787,0.00881008102493138,0.00965196802198649,-0.87837520261545,2.62939548492432,-1.51980888843536,0.922547936439514,0.0333070514292398,-0.000498236374325495,0.681494072057347,0.0137186050415788,-0.0709605216983853,0.00699758529666904,0.200418314921813,0.132736548241218,-0.358809320959496,0,0,0,0.1085794571732,2744.75,35.2603354
0.228881746332103,0.730256738025209,0.943877279758453,0.0145768327638507,-0.00446304399520159,-1.98751347329355,-0.0246129467364028,0.0727318432449792,-0.09594045533788,0.00616705671745197,0.00675637761539054,-0.614862641830815,2.63378643989563,-1.5275810956955,0.924663722515106,0.0473248391372683,-0.00902611813888437,0.636820634563833,0.043909549712975,-0.0777220726010356,0.0211578607558434,0.140177877079775,-0.0852788176452785,-0.446734374933522,0,0,0,0.180968611099832,2744.85,35.3270725
0.228061314774223,0.732681132800042,0.943877279758453,0.0145768327638507,-0.00446304399520159,-1.98751347329355,-0.0246129467364028,0.0727318432449792,-0.0162745560611466,0.00431693970221638,0.00472946433077338,-0.43040384928157,2.63453102111816,-1.5295774936676,0.924120247364044,0.0418680453101075,-0.0125059769789421,0.626578721572482,0.0148916244507649,-0.0399279594423566,-0.0108695030212995,-0.109135876543812,-0.0695971768015339,-0.204838259828127,0,0,0,0.24424417153593,2744.9,35.3937464
0.227004884426296,0.735012033152592,0.943877279758453,0.0167976506054401,-0.00299094035290182,-1.88749854829049,-0.0316929104378063,0.0699270105765026,-0.0162969832005403,-0.0169655027827536,-0.00993830774915658,-1.20141701952457,2.63543558120728,-1.53305661678314,0.926679015159607,0.0617564252854197,-0.0187491246370296,0.617214642670282,0.0180912017821607,-0.0695824623105379,0.0511753559110687,0.397767599504798,-0.124862953161296,-0.187281578043326,0,0,0,0.295716095586676,2744.95,35.4604363
0.225768249143923,0.739377115075186,0.933251202106476,0.00823296047747135,-0.000190095510333776,-1.83794515397287,-0.0370990584711975,0.130952457677827,0.089227019725554,0.0652063592037916,-0.032164419007522,-1.28697246252584,2.63775897026062,-1.53778004646301,0.923818051815033,0.00502977645521329,-0.0308337512561364,0.612559281065192,0.0232338905334684,-0.047234296798749,-0.0286096334457658,-0.56726648830258,-0.120846266191178,-0.0465536160509418,0,0,0,0.33354458494738,2745.05,35.5271445
0.224531613861549,0.743742196997781,0.933251202106476,0.00823296047747135,-0.000190095510333776,-1.83794515397287,-0.0370990584711975,0.130952457677827,-0.00640767914224386,0.0456444514426541,-0.0225150933052654,-0.900880723768087,2.63765382766724,-1.53888082504272,0.923115253448486,0.0066070687860581,-0.0337586009399104,0.611953525811883,-0.00210285186766813,-0.0220155715941582,-0.0140559673308815,0.0315458466167815,-0.0584969936752668,-0.0121151050661376,0,0,0,0.356951308726082,2745.1,35.5938636
0.223294978579176,0.748107278920375,0.933251202106476,0.00823296047747135,-0.000190095510333776,-1.83794515397287,-0.0370990584711975,0.130952457677827,-0.00640767914224386,0.0319511160098579,-0.0157605653136858,-0.630616506637661,2.63822603225708,-1.53999078273773,0.927105367183685,0.00262681174233415,-0.0541541761493605,0.624233018828593,0.0114440917969375,-0.0221991539002676,0.079802274704415,-0.0796051408749135,-0.407911504191227,0.245589860335541,0,0,0,0.366259059890829,2745.15,35.6605865
0.222151178754847,0.752497061533348,0.930435359477997,0.0118854502215981,4.06941398978233e-05,-1.85890000130868,-0.0343139947298641,0.131693478389203,0.0187738983164347,-0.0105066264902407,-0.0131095025716644,-0.252837928624024,2.63751077651978,-1.54221868515015,0.927028715610504,0.00311511160269874,-0.0364988051083253,0.652632744617695,-0.00715255737305338,-0.0222790241241658,-0.000766515731812221,0.00488299860365029,0.176553710410512,0.283997257891277,0,0,0,0.362819043931085,2745.25,35.727313
0.221007378930519,0.756886844146322,0.930435359477997,0.0118854502215981,4.06941398978233e-05,-1.85890000130868,-0.0343139947298641,0.131693478389203,-0.00656868533987637,-0.00735463854316847,-0.0091766518001651,-0.176986550036816,2.63766288757324,-1.54260528087616,0.926067531108856,0.00330008582863911,-0.0241610965709193,0.669521782923242,0.00304222106932487,-0.00773191452023554,-0.0192236900328891,0.00369948451879391,0.246754170747223,0.337780766109729,0,0,0,0.3488476765301,2745.3,35.7940301
0.21986357910619,0.761276626759295,0.930435359477997,0.0118854502215981,4.06941398978233e-05,-1.85890000130868,-0.0343139947298641,0.131693478389203,-0.00656868533987637,-0.00514824698021793,-0.00642365626011557,-0.123890585025772,2.63703870773315,-1.5434273481369,0.925038039684296,0.00876802306798169,-0.00892469979950463,0.688822768354608,-0.0124835968017124,-0.0164413452147839,-0.020589828491136,0.109358744786454,0.304727935427184,0.386019708625906,0,0,0,0.327189543635835,2745.35,35.8607334
0.219951094484837,0.761932262145297,0.930435359477997,0.0118854502215981,4.06941398978233e-05,-1.85890000130868,0.0026254613594113,0.0196690615800743,-0.0213104155657682,-0.00360377288615255,-0.0044965593820809,-0.0867234095180401,2.63490343093872,-1.54115962982178,0.931153476238251,0.0152470812253378,-0.051325980792471,0.745332481508232,-0.0213527679443554,0.0226771831512657,0.0611543655396064,0.0647905815736198,-0.424012809930049,0.565097131536756,0,0,0,0.301026185120753,2745.45,35.9274251
0.220038609863484,0.7625878975313,0.939611613750458,0.0118854502215981,4.06941398978233e-05,-1.85890000130868,0.0026254613594113,0.0196690615800743,-0.103896704017917,-0.00252264102030678,-0.00314759156745663,-0.060706386662628,2.63372111320496,-1.5419762134552,0.932625412940979,0.0210010848403413,-0.037738874254372,0.774223997280911,-0.023646354675422,-0.0163316726685462,0.0294387340547261,0.115080072300698,0.271742130763462,0.577830315456736,0,0,0,0.273573066523124,2745.5,35.9941066
0.220176786783287,0.763230200030891,0.939611613750458,0.0115405609831214,-0.00444974191486835,-1.93970196511483,0.00414530759410693,0.0192690749877445,-0.0213710802713826,0.00133815443207603,0.038210610395676,0.684723203591532,2.63261127471924,-1.54160976409912,0.931441605091095,0.0173487985178168,-0.0227967536574656,0.801567950273668,-0.0221967697142747,0.00732898712155537,-0.0236761569975945,-0.073045726450225,0.298842411937042,0.546879059853154,0,0,0,0.247785440787279,2745.55,36.0607815
0.217367236990685,0.763868795068166,0.928422629833221,0.0146067179739475,0.000684195256326348,-2.05054288174844,-0.0842864937780654,0.0191578511182433,0.100628374216424,-0.026658704814982,-0.0194580072637792,1.47687449221653,2.62982988357544,-1.54166996479034,0.932424068450928,0.0234128839916654,-0.022097767704601,0.851298035126861,-0.0278139114380136,-0.000602006912231993,0.00982463359833657,0.060640854738542,0.00698985952865221,0.497300848532376,0,0,0,0.226105720283024,2745.65,36.1274486
0.214557687198083,0.764507390105441,0.928422629833221,0.0146067179739475,0.000684195256326348,-2.05054288174844,-0.0842864937780654,0.0191578511182433,-7.24810387027e-05,-0.0186610933704874,-0.0136206050846454,1.03381214455157,2.62856292724609,-1.54121339321136,0.932626008987427,0.0203683564901338,-0.0103039615650797,0.876702529717266,-0.0253391265868219,0.00913143157955662,0.00403881072996578,-0.0608905500304105,0.235876122789567,0.508089891806248,0,0,0,0.210262269993562,2745.7,36.1941265
0.211748137405481,0.765145985142716,0.928422629833221,0.0146067179739475,0.000684195256326348,-2.05054288174844,-0.0842864937780654,0.0191578511182433,-7.24810387027e-05,-0.0130627653593412,-0.00953442355925178,0.723668501186098,2.62750053405762,-1.54144048690796,0.934151113033295,0.0234794998840686,-0.00711605379979938,0.907452100955189,-0.0212478637696472,-0.00454187393190955,0.0305020809175248,0.0622228678790347,0.0637581553059551,0.614991424761822,0,0,0,0.201161105058814,2745.75,36.2608583
0.211639203713966,0.765733861837975,0.945384800434113,0.0146067179739475,0.000684195256326348,-2.05054288174844,-0.00326801074543509,0.0176363008577817,-0.180015951390694,-0.00914393575153881,-0.00667409649147625,0.506567950830268,2.62587666511536,-1.54156625270844,0.936685860157013,0.0252192320565858,-0.0030872110093882,0.955340739850509,-0.0162386894225483,-0.00125765800475617,0.0253474712370904,0.0173973217251086,0.0402884279039652,0.478886388951457,0,0,0,0.198864497885046,2745.85,36.3277228
0.211597458131161,0.766326289300656,0.945384800434113,0.0168213415890932,-0.00146793632302433,-2.16249280240274,-0.00125236748415641,0.0177728238804303,-0.0273946961456865,-0.0263323675623883,0.0146973166701228,1.36214685146986,2.62445044517517,-1.5421040058136,0.938557326793671,0.0312516160867444,0.00140760027174805,0.98095079218226,-0.0285243988038666,-0.0107550621033302,0.0374293327333586,0.12064768060383,0.0898962256232155,0.512201046637808,0,0,0,0.202627261701431,2745.9,36.3946148
0.211555712548356,0.766918716763337,0.945384800434113,0.0168213415890932,-0.00146793632302433,-2.16249280240274,-0.00125236748415641,0.0177728238804303,-0.0273946961456865,-0.0184326572936718,0.0102881216690859,0.953502796028902,2.62388968467712,-1.54259169101715,0.938535034656525,0.0225908787779821,-0.00113601698335089,0.997819458183267,-0.0112152099608967,-0.00975370407100944,-0.0004458427429183,-0.173214746174615,-0.0508723451017937,0.337373320018919,0,0,0,0.210967000187796,2745.95,36.4613743
0.211724137937639,0.768146235718569,0.935455083847046,0.0149025050923228,-7.11828470230103e-05,-2.25109880234933,0.00505276167849998,0.0368255686569462,0.08179706010965,0.00436666836536317,-0.00536909611565176,1.46490595673958,2.62131524085999,-1.54338979721069,0.940492153167725,0.0209216397195341,0.00216686469875087,1.03746035425501,-0.0257444381714101,-0.00798106193543206,0.0195711851120173,-0.016692390584495,0.0330288168210477,0.396408960717743,0,0,0,0.221925274354037,2746.05,36.5281017
0.211892563326923,0.7693737546738,0.935455083847046,0.0149025050923228,-7.11828470230103e-05,-2.25109880234933,0.00505276167849998,0.0368255686569462,-0.0075703891739499,0.00305666785575422,-0.00375836728095623,1.02543416971771,2.62067127227783,-1.54387617111206,0.941816985607147,0.0202355572547745,-0.00220491144271962,1.05249377540548,-0.0128793716430196,-0.00972747802730836,0.0264966487883558,-0.0137216492951418,-0.0874355228290917,0.30066842300842,0,0,0,0.233372741272479,2746.1,36.5953968
0.212060988716206,0.770601273629032,0.935455083847046,0.0149025050923228,-7.11828470230103e-05,-2.25109880234933,0.00505276167849998,0.0368255686569462,-0.0075703891739499,0.00213966749902795,-0.00263085709666936,0.717803918802394,2.61959719657898,-1.54405927658081,0.943472802639008,0.021930448627291,-0.00823990454649346,1.06751365384667,-0.021481513977168,-0.00366210937501998,0.0331163406373877,0.033897827450514,-0.120699862076136,0.300397568825397,0,0,0,0.242850310117144,2746.15,36.6621964
0.212315566655731,0.771814137141788,0.940369009971619,0.0131970765069127,-0.000215083360671997,-2.32208233144021,0.00763733818573451,0.0363859053826782,-0.0517759526339371,0.0168466245180106,-0.000546495344827671,1.14131450497961,2.61576747894287,-1.5458847284317,0.947450637817383,0.0369585387240706,0.00461031118696874,1.1105988119161,-0.0382971763611188,-0.0182545185089277,0.0397783517837886,0.150280900967933,0.128502157334739,0.430851580694739,0,0,0,0.248369846677599,2746.25,36.7289693
0.212570144595255,0.773027000654544,0.940369009971619,0.0131970765069127,-0.000215083360671997,-2.32208233144021,0.00763733818573451,0.0363859053826782,-0.00755061751278229,0.0117926371626074,-0.00038254674137937,0.798920153485725,2.61476421356201,-1.54643595218658,0.948115766048431,0.0316767776894754,0.00349615427162934,1.13042239151131,-0.0200653076171145,-0.0110244750976161,0.0133025646209233,-0.105635220691518,-0.0222831383067069,0.396471591902628,0,0,0,0.248241207098741,2746.3,36.7958893
0.212824722534779,0.7742398641673,0.940369009971619,0.0131970765069127,-0.000215083360671997,-2.32208233144021,0.00763733818573451,0.0363859053826782,-0.00755061751278229,0.00825484601382521,-0.000267782718965559,0.559244107440008,2.61514139175415,-1.54625177383423,0.947962820529938,0.0233397274978504,-0.00611394624543794,1.1417320223349,0.00754356384274599,0.00368356704710574,-0.00305891036986192,-0.166741003831894,-0.192202010340646,0.22619261647096,0,0,0,0.241290626776159,2746.35,36.8627045
0.213079300474304,0.775452727680056,0.940369009971619,0.0131970765069127,-0.000215083360671997,-2.32208233144021,0.00763733818573451,0.0363859053826782,-0.00755061751278229,0.00577839220967765,-0.000187447903275891,0.391470875208005,2.61367797851562,-1.54757273197174,0.951233863830566,0.0279655139166689,-0.018377307344305,1.18588605213552,-0.0146341323852672,-0.0132095813751341,0.0327104330063164,0.0462578641882265,-0.122633610988782,0.441540298006626,0,0,0,0.226960666086199,2746.45,36.9294873
0.213796100801324,0.77729140371229,0.955425798892975,0.0141513478010893,-0.000678086245898157,-2.39318089749551,0.0215040098105862,0.0551602809670472,-0.151781851716552,-0.00454356710081486,0.00403581243474232,0.913916707143285,2.61256313323975,-1.54814028739929,0.951763868331909,0.0318634254259746,-0.0245218640615561,1.20623548544038,-0.0222969055176998,-0.0113511085510873,0.0106000900269133,0.0779582301865406,-0.122891134345693,0.406988666099455,0,0,0,0.204990838856286,2746.5,36.9970398
0.214512901128343,0.779130079744525,0.955425798892975,0.0141513478010893,-0.000678086245898157,-2.39318089749551,0.0215040098105862,0.0551602809670472,-0.0162707514243464,-0.0031804969705704,0.00282506870431962,0.639741695000299,2.61179804801941,-1.5488246679306,0.946709215641022,0.0217882071973143,-0.00186169761166432,1.22388275226339,-0.0153017044066826,-0.0136876106261709,-0.101093053817381,-0.201504364572474,0.453203328996188,0.352945336458962,0,0,0,0.176466656859409,2746.55,37.0638246
0.214687960296728,0.779780353542131,0.975034952163696,0.0141513478010893,-0.000678086245898157,-2.39318089749551,0.00525177505153346,0.019508213928179,-0.186194282541641,-0.00222634787939928,0.00197754809302374,0.447819186500209,2.60957837104797,-1.55040740966797,0.946881175041199,0.0312656262054714,-0.0233295247613646,1.27141590121222,-0.0221967697143757,-0.0158274173736716,0.00171959400177158,0.0947741900816578,-0.214678271497198,0.475331489488703,0,0,0,0.142234730946094,2746.65,37.1305439
0.214912694268796,0.780416550365942,0.975034952163696,0.00913931056857109,-0.000504751689732075,-2.47261052396035,0.00674201916205619,0.0190859047143111,-0.00967208858384556,0.0435498915770843,-0.000175727340378129,1.02834006873374,2.60912704467773,-1.55183553695679,0.945470690727234,0.0296688892776083,-0.0193437811914239,1.29467796745701,-0.00902652740475232,-0.0285625457762633,-0.0282096862791942,-0.0319347385571457,0.0797148713985231,0.465241324894112,0,0,0,0.103576806629072,2746.7,37.1972617
0.215137428240865,0.781052747189752,0.975034952163696,0.00913931056857109,-0.000504751689732075,-2.47261052396035,0.00674201916205619,0.0190859047143111,-0.00967208858384556,0.030484924103959,-0.00012300913826469,0.719838048113618,2.60818696022034,-1.55235254764557,0.943768620491028,0.0316794608755613,-0.0181529816780385,1.31321989777482,-0.0188016891480518,-0.0103402137756912,-0.0340414047243069,0.0402114319592789,0.0238159902678386,0.370838606358167,0,0,0,0.0619181206004646,2746.75,37.2639947
0.214852512708682,0.779122838873326,0.975034952163696,0.00913931056857109,-0.000504751689732075,-2.47261052396035,-0.00854746596547622,-0.0578972494927838,-0.0069305696852804,0.0213394468727713,-8.61063967852831e-05,0.503886633679533,2.60720133781433,-1.5551586151123,0.943211853504181,0.0405886338447349,-0.0218987099291834,1.35370008483113,-0.00985622406002274,-0.0280606746672563,-0.00556766986844898,0.0890917296914118,-0.0374572825113131,0.404801870561668,0,0,0,0.018685926964411,2746.85,37.3307166
0.21442139487991,0.777219102433073,0.964490950107574,0.0145501540973783,-9.66638326644897e-05,-2.54944794442392,-0.0129335348631637,-0.0571120932075738,0.0881053231134101,-0.0337599789483246,-0.00373306519135796,1.04425742774773,2.60635852813721,-1.55544447898865,0.942721366882324,0.0441889719109161,-0.0251770585160852,1.36895522289714,-0.0168561935425725,-0.00571727752688667,-0.00980973243718732,0.072006761324016,-0.0655669717383929,0.3051027613219,0,0,0,-0.0248655072303909,2746.9,37.3974277
0.213990277051138,0.775315365992821,0.964490950107574,0.0145501540973783,-9.66638326644897e-05,-2.54944794442392,-0.0129335348631637,-0.0571120932075738,-0.00679069539168635,-0.0236319852638272,-0.00261314563395057,0.730980199423412,2.60636067390442,-1.55682682991028,0.942850887775421,0.0409522659280754,-0.0237254143670219,1.38505108464298,4.29153442381251e-05,-0.0276470184325166,0.00259041786192905,-0.0647341196565776,0.0290328829811588,0.321917234915611,0,0,0,-0.0677229310778881,2746.95,37.464111
0.213596321481297,0.774073040750275,0.952936410903931,0.0145501540973783,-9.66638326644897e-05,-2.54944794442392,-0.0118186670952269,-0.0372697572763715,0.0895190029799653,-0.016542389684679,-0.0018292019437654,0.511686139596388,2.60693383216858,-1.56052470207214,0.943062961101532,0.0356613334618472,-0.0146673667112957,1.41227047602595,0.00573158264160678,-0.036978721618686,0.00212073326111033,-0.0529093246623301,0.090580476557345,0.27219391382994,0,0,0,-0.10922507529995,2747.05,37.5308351
0.213132291875763,0.772857580861763,0.952936410903931,0.0124078113585711,0.00239171553403139,-2.60699670579171,-0.0139208881660104,-0.0364637966553603,-0.0145615703086788,0.00770141186998949,-0.0236758556608987,0.876119150027652,2.6070442199707,-1.56217098236084,0.943582534790039,0.0348544587434548,-0.0118811127531805,1.42276565498813,0.00220775604247244,-0.032925605773806,0.0103914737701038,-0.01613749436779,0.0557250791621001,0.209903579242901,0,0,0,-0.148949546656791,2747.1,37.5975862
0.21266826227023,0.771642120973251,0.952936410903931,0.0124078113585711,0.00239171553403139,-2.60699670579171,-0.0139208881660104,-0.0364637966553603,-0.0145615703086788,0.00539098830899264,-0.0165730989626291,0.613283405019357,2.60761857032776,-1.56413221359253,0.944120407104492,0.0337130890920901,-0.0116616984325593,1.4293240386335,0.011487007141176,-0.0392246246340031,0.0107574462891212,-0.0228273930274178,0.00438828641244942,0.131167672907951,0,0,0,-0.18665522015681,2747.15,37.6642349
0.212204232664696,0.770426661084739,0.954964339733124,0.0124078113585711,0.00239171553403139,-2.60699670579171,-0.0139208881660104,-0.0364637966553603,-0.0328129297714168,0.00377369181629485,-0.0116011692738404,0.42929838351355,2.60944056510925,-1.56743967533112,0.946565270423889,0.0403941177865548,-0.020273629788793,1.43317626064422,0.018219947814958,-0.0330746173858943,0.024448633193992,0.0668102869447079,-0.0861193135624155,0.038522220107255,0,0,0,-0.222439829569577,2747.25,37.7309704
0.211708179260165,0.769221240436358,0.954964339733124,0.0138977905735373,-0.000995258917100728,-2.63219850327707,-0.0148816021359255,-0.0361626194514247,-0.0144636972541603,-0.0107682286632903,0.0223619515685008,0.527325045827649,2.61033987998962,-1.56867837905884,0.947502791881561,0.0414479705977853,-0.0282940366899127,1.42790467607872,0.0179862976073564,-0.0247740745543532,0.0187504291533742,0.0210770562245331,-0.160408138021811,-0.105431691309546,0,0,0,-0.256277877844933,2747.3,37.7976779
0.211212125855634,0.768015819787978,0.954964339733124,0.0138977905735373,-0.000995258917100728,-2.63219850327707,-0.0148816021359255,-0.0361626194514247,-0.0144636972541603,-0.0075377600643032,0.0156533660979506,0.369127532079354,2.61187839508057,-1.57024228572845,0.94716203212738,0.038079027663973,-0.0219924861739754,1.42050006001251,0.0307703018187357,-0.0312781333922202,-0.00681519508359337,-0.0673788586760018,0.126031010318287,-0.148092321323604,0,0,0,-0.288168558946365,2747.35,37.8644068
0.210716072451103,0.766810399139597,0.954964339733124,0.0138977905735373,-0.000995258917100728,-2.63219850327707,-0.0148816021359255,-0.0361626194514247,-0.0144636972541603,-0.00527643204501224,0.0109573562685654,0.258389272455548,2.6144392490387,-1.57336640357971,0.948183715343475,0.036263256617165,-0.0460430104262263,1.40697670850045,0.0256085395813221,-0.0312411785126017,0.010216832160959,-0.0181577104680965,-0.240505242522727,-0.135233515120813,0,0,0,-0.317888863289754,2747.45,37.931088
0.211145496354181,0.766672270604072,0.953576982021332,0.0123322382569313,2.82204709947109e-05,-2.61482494141794,0.0128827170923433,-0.00414385606574632,-0.00504733250533286,0.0103964684179458,-0.00154116510486317,0.0245104339867057,2.61495518684387,-1.57479190826416,0.948596954345703,0.0299361584226415,-0.0747894737032093,1.39918325187288,0.0103187561035719,-0.0285100936891204,0.00826478004460077,-0.12654196389116,-0.574929265542798,-0.155869132552089,0,0,0,-0.345054051479017,2747.5,37.9978174
0.21157492025726,0.766534142068547,0.953576982021332,0.0123322382569313,2.82204709947109e-05,-2.61482494141794,0.0128827170923433,-0.00414385606574632,-0.0175335519114608,0.00727752789256209,-0.00107881557340422,0.017157303790694,2.61414670944214,-1.57635772228241,0.949877262115479,0.0199753330084193,-0.0874821251246842,1.39363667432894,-0.0161695480346091,-0.0313162803648763,0.0256061553954147,-0.199216508283719,-0.253853028428575,-0.1109315508785,0,0,0,-0.36893786610994,2747.55,38.0645142
0.209273346408756,0.765417024138108,0.948184788227081,0.0123322382569313,2.82204709947109e-05,-2.61482494141794,-0.0690472154550937,-0.0335135379131742,0.0326490827352589,0.00509426952479346,-0.000755170901382953,0.0120101126534858,2.60927987098694,-1.58009803295135,0.947704493999481,0.0329868444784543,-0.056402188675138,1.38513964772481,-0.0486683845520462,-0.0374031066894871,-0.0217276811599929,0.130115114700469,0.310799364495745,-0.0849702660413505,0,0,0,-0.388618009995399,2747.65,38.1312174
0.206994334354464,0.764243381898399,0.948184788227081,-0.0520110428333282,-0.00138685898855329,-2.57241313721872,-0.0683703616287672,-0.0352092671912786,-0.0155135042332441,0.582655518479691,0.0122070955049639,-0.373299158935529,2.60630440711975,-1.57979452610016,0.952608525753021,0.0343276755813945,-0.0330471641316572,1.36485652558227,-0.0595092773435335,0.0060701370239037,0.098080635070444,0.0268166220587063,0.467100490867915,-0.405662442849314,0,0,0,-0.402975753408419,2747.7,38.1979141
0.204715322300172,0.763069739658689,0.948184788227081,-0.0520110428333282,-0.00138685898855329,-2.57241313721872,-0.0683703616287672,-0.0352092671912786,-0.0155135042332441,0.407858862935784,0.00854496685347473,-0.26130941125487,2.60367560386658,-1.58010745048523,0.952936768531799,0.0322120435423418,-0.0215403868954436,1.35186676206905,-0.0525760650637635,-0.00625848770145017,0.00656485557559735,-0.0423126407812843,0.230135544725529,-0.259795270265882,0,0,0,-0.410832593986931,2747.75,38.2646015
0.20243631024588,0.76189609741898,0.948184788227081,-0.0520110428333282,-0.00138685898855329,-2.57241313721872,-0.0683703616287672,-0.0352092671912786,-0.0155135042332441,0.285501204055049,0.00598147679743231,-0.182916587878409,2.59644627571106,-1.58223521709442,0.95533275604248,0.0259038641469015,-0.0262751272138015,1.30838378371035,-0.0722932815549128,-0.0212776660918415,0.0239598751067244,-0.0630817939541736,-0.0473474031834065,-0.43482978358539,0,0,0,-0.411094983659187,2747.85,38.3311811
0.199394011813249,0.760310155016919,0.942456364631653,0.00904612988233566,-0.00209944997914135,-2.5152535941813,-0.0912689529789345,-0.0475782720618448,0.0375920337566193,-0.349663711602441,0.0106003526734952,-0.642477498851617,2.59367847442627,-1.58389294147491,0.95603334903717,0.0279393202631097,-0.025657571531145,1.28173244182525,-0.0553560256961029,-0.0331544876100442,0.0140118598938753,0.0407091223243854,0.012351113653197,-0.533026837704935,0,0,0,-0.402866577479462,2747.9,38.3980259
0.196351713380617,0.758724212614857,0.942456364631653,0.00904612988233566,-0.00209944997914135,-2.5152535941813,-0.0912689529789345,-0.0475782720618448,-0.0139637786022369,-0.244764598121709,0.00742024687144667,-0.449734249196132,2.58994078636169,-1.58518064022064,0.95789897441864,0.027762833679116,-0.0194629171807816,1.25491533868056,-0.074753761291232,-0.0257539749144571,0.0373125076292588,-0.00352973167986131,0.123893087006816,-0.536342062891849,0,0,0,-0.385683718520789,2747.95,38.4647473
0.193426690503105,0.756992144893002,0.942456364631653,0.00904612988233566,-0.00209944997914135,-2.5152535941813,-0.0877506863253797,-0.0519620316556573,-0.0126809327067782,-0.171335218685196,0.00519417281001267,-0.314813974437292,2.58262825012207,-1.58716869354248,0.960224986076355,0.0246955926916091,-0.00990124939970788,1.19915938538174,-0.0731253623963067,-0.0198805332184019,0.0232601165771696,-0.0306724098750969,0.0956166778108245,-0.557559532988686,0,0,0,-0.359583155730446,2748.05,38.5314323
0.190704331606016,0.754954013009302,0.941106200218201,0.0138603523373604,-0.00485425116494298,-2.40814643170572,-0.0816707669126754,-0.0611439565109872,-0.00036489845106211,-0.16326265517486,0.0284291316392235,-1.18433424438638,2.58043313026428,-1.58792078495026,0.960007071495056,0.0232525206046442,-0.0117121566467189,1.15791836554226,-0.043902397155602,-0.0150418281554629,-0.00435829162596071,-0.0288614417391925,-0.0362181449400881,-0.824820396786718,0,0,0,-0.325142052810245,2748.1,38.5981779
0.187981972708926,0.752915881125603,0.941106200218201,0.0138603523373604,-0.00485425116494298,-2.40814643170572,-0.0816707669126754,-0.0611439565109872,-0.0125163781721314,-0.114283858622402,0.0199003921474564,-0.829033971070465,2.57764148712158,-1.58860576152802,0.961504995822906,0.024572990930983,-0.0211332215391223,1.12743392153641,-0.0558328628543086,-0.0136995315552505,0.0299584865571703,0.0264094065269206,-0.188421297849097,-0.609688880120346,0,0,0,-0.28360349053309,2748.15,38.6649445
0.185259613811837,0.750877749241903,0.941106200218201,0.0138603523373604,-0.00485425116494298,-2.40814643170572,-0.0816707669126754,-0.0611439565109872,-0.0125163781721314,-0.0799987010356813,0.0139302745032195,-0.580323779749325,2.57255935668945,-1.58956360816956,0.964580118656158,0.0176884706125603,-0.0276566490680055,1.06533045453141,-0.0508213043213353,-0.00957846641541399,0.0307512283325475,-0.0688452031842895,-0.0652342752888909,-0.62103467005051,0,0,0,-0.236834649997747,2748.25,38.7316515
0.182826560484312,0.748498649376884,0.95124739408493,0.0119186844676733,-0.00834184233099222,-2.27631204392648,-0.0729915998257447,-0.0713729959505819,-0.103526405679065,-0.0385240798977932,0.0411395126466968,-1.59273613583765,2.56970715522766,-1.59031331539154,0.964975655078888,0.0216140460488755,-0.0322661238948942,1.03422303550815,-0.0570440292356323,-0.0149941444396427,0.00791072845456106,0.0785115087260176,-0.0921894965374398,-0.62214838046304,0,0,0,-0.187155411133573,2748.3,38.7982535
0.180393507156788,0.746119549511864,0.95124739408493,0.0119186844676733,-0.00834184233099222,-2.27631204392648,-0.0729915998257447,-0.0713729959505819,-0.0122556608784973,-0.0269668559284552,0.0287976588526878,-1.11491529508636,2.56496238708496,-1.59127652645111,0.965587437152863,0.0137955870147129,-0.025408581380593,0.975044714407337,-0.0948953628536587,-0.0192642211913362,0.0122356414794477,-0.156369180682682,0.137150850285525,-1.18356642201187,0,0,0,-0.136893184938865,2748.35,38.8650747
0.177960453829263,0.743740449646845,0.95124739408493,0.0119186844676733,-0.00834184233099222,-2.27631204392648,-0.0729915998257447,-0.0713729959505819,-0.0122556608784973,-0.0188767991499186,0.0201583611968815,-0.780440706560449,2.56295013427734,-1.59030556678772,0.966812193393707,0.0149234120951729,-0.0325278473308237,0.949446688377009,-0.0201225280761902,0.00970959663391996,0.0122475624084584,0.0112782508046096,-0.0711926595023712,-0.255980260303506,0,0,0,-0.0889104109831956,2748.45,38.9318502
0.179058704112853,0.741505800664123,0.957683801651001,0.0117373308166862,-0.00976454745978117,-2.15166812207437,0.0329475085077009,-0.0670394694816525,-0.0708011944092101,-0.0115815765460587,0.0269151989969175,-1.66810379126132,2.56035447120667,-1.59132742881775,0.968929409980774,0.0216969563721269,-0.0297486994869983,0.932395766449161,-0.0519132614138575,-0.0204372406006975,0.0423443317415641,0.13547088553982,0.0555829568768102,-0.341018438558833,0,0,0,-0.0438277055642338,2748.5,39.0017321
0.180156954396443,0.739271151681401,0.957683801651001,0.0117373308166862,-0.00976454745978117,-2.15166812207437,0.0329475085077009,-0.0670394694816525,-0.0128735263145751,-0.0081071035822411,0.0188406392978423,-1.16767265388292,2.55538654327393,-1.59050512313843,0.963968396186829,0.012477833327804,-0.0044850281190982,0.878851546216044,-0.0496792793272118,0.00822305679318298,-0.0496101379392726,-0.0921912304428932,0.252636713678082,-0.535442202329218,0,0,0,-0.00783746711944806,2748.6,39.0685203
0.183352663836638,0.739333856245759,0.957683801651001,0.0117373308166862,-0.00976454745978117,-2.15166812207437,0.0958712832058615,0.0018811369307266,-0.0157732660201308,-0.00567497250756877,0.0131884475084896,-0.817370857718047,2.55317330360413,-1.59003853797913,0.964677512645721,0.0116371995257668,-0.0102528850176498,0.861772654394937,-0.0442647933962376,0.00933170318608608,0.0141823291779338,-0.0168126760408364,-0.115357137971662,-0.341577836424008,0,0,0,0.0196740088158065,2748.65,39.1352208
0.186533176553176,0.739695752889207,0.963928520679474,0.0174243673682213,-0.00681531336158514,-2.05785529877878,0.0954153814961425,0.0108568993034251,-0.0715486220181265,-0.0551558097191143,-0.0173111936278216,-1.41647501006297,2.55078339576721,-1.58981943130493,0.965433239936829,0.0158808808049865,-0.0155114832968051,0.849443031142004,-0.0477981567381074,0.00438213348387078,0.0151145458220886,0.0848736255840859,-0.105171965582723,-0.246592465057771,0,0,0,0.0380527444972525,2748.7,39.2018904
0.189713689269714,0.740057649532654,0.963928520679474,0.0174243673682213,-0.00681531336158514,-2.05785529877878,0.0954153814961425,0.0108568993034251,-0.0153461507618704,-0.03860906680338,-0.0121178355394751,-0.991532507044081,2.54527068138123,-1.58847510814667,0.964384794235229,0.0157752456892979,-0.0107642835281916,0.829853572302642,-0.0551271438599134,0.0134432315826538,-0.0104844570160007,-0.00105635115688707,0.0474719976861778,-0.195894588393793,0,0,0,0.0474834829570187,2748.8,39.2685655
0.192894201986252,0.740419546176102,0.963928520679474,0.0174243673682213,-0.00681531336158514,-2.05785529877878,0.0954153814961425,0.0108568993034251,-0.0153461507618704,-0.027026346762366,-0.00848248487763256,-0.694072754930856,2.5422260761261,-1.58785796165466,0.965084612369537,0.0140442632466442,-0.00979331167453017,0.826166944350502,-0.0608921051023175,0.012342929840043,0.0139963626861063,-0.0346196488529477,0.0194194370731583,-0.0737325590425279,0,0,0,0.0490143015309543,2748.85,39.3352477
0.194046765353268,0.740530530566725,0.967498779296875,0.0140810394659638,0.000982070458121598,-2.0106331613276,0.0345769010104756,0.00332953171869008,-0.0482003785555665,0.0111715083866608,-0.0761141937917034,-0.910850165512146,2.53966999053955,-1.58649861812592,0.964569628238678,0.00981080175186163,-0.0102898236876004,0.818358376705844,-0.051121711731236,0.0271868705750995,-0.0102996826172437,-0.0846692298961143,-0.00993024026145855,-0.156171352894012,0,0,0,0.0444727027712645,2748.9,39.4022084
0.195199328720284,0.740641514957348,0.967498779296875,0.0140810394659638,0.000982070458121598,-2.0106331613276,0.0345769010104756,0.00332953171869008,-0.0160680509989564,0.00782005587066254,-0.0532799356541924,-0.637595115858502,2.53310561180115,-1.58450078964233,0.966914594173431,0.0165942697435971,-0.0081545215540387,0.823226283495358,-0.0656437873840929,0.0199782848358336,0.0234496593475555,0.0678346799174162,0.0213530213356363,0.0486790678951775,0,0,0,0.036378774894735,2749,39.4691496
0.196838740897489,0.740699644204946,0.967498779296875,0.0140810394659638,0.000982070458121598,-2.0106331613276,0.0491823653161525,0.00174387742794275,-0.0341066952423116,0.00547403910946378,-0.0372959549579347,-0.446316581100952,2.53101181983948,-1.58307254314423,0.967161953449249,0.0156825371828178,-0.00842475829847045,0.817608118156221,-0.0418758392332461,0.0285649299620543,0.00494718551633942,-0.0182346512155197,-0.00540473488861532,-0.112363306782328,0,0,0,0.0277140440119305,2749.05,39.5359523
0.198476016658562,0.740764407304227,0.971522450447083,0.0144678801298141,-0.00231674197129905,-2.00345652367807,0.0491182728321931,0.00194289297844194,-0.0703596990170061,0.000350261401971879,0.00358214339423157,-0.377011345616491,2.52822804450989,-1.58193325996399,0.968975484371185,0.0180757471943242,-0.0117211037763828,0.818038640482171,-0.0556755065915943,0.0227856636046534,0.0362706184385888,0.0478642002299532,-0.0659269095580067,0.00861044651896602,0,0,0,0.0215623527272824,2749.1,39.6026631
0.200113292419635,0.740829170403508,0.971522450447083,0.0144678801298141,-0.00231674197129905,-2.00345652367807,0.0491182728321931,0.00194289297844194,-0.0341466586651384,0.000245182981380315,0.0025075003759621,-0.263907941931544,2.52224183082581,-1.57878732681274,0.969976782798767,0.0147290498914935,-0.0126457129691683,0.821137820817774,-0.0598621368408748,0.0314593315124798,0.010012984275827,-0.0334669730283368,-0.00924609192786368,0.0309918033560623,0,0,0,0.0208344894704354,2749.2,39.669396
0.201750568180709,0.74089393350279,0.971522450447083,0.0144678801298141,-0.00231674197129905,-2.00345652367807,0.0491182728321931,0.00194289297844194,-0.0341466586651384,0.000171628086966221,0.00175525026317347,-0.184735559352081,2.51889443397522,-1.57720518112183,0.971816539764404,0.0141479838747503,-0.0232273470147339,0.821275832720989,-0.0669479370120841,0.031642913818532,0.0367951393129449,-0.0116213203349286,-0.211632680912467,0.00276023806431832,0,0,0,0.028002730385179,2749.25,39.7361236
0.20338630694649,0.740946222450712,0.978196263313293,0.0116943018510938,0.000420934986323118,-2.01471107270456,0.049072162973431,0.00156866843766294,-0.0942528622872336,0.0250823441693598,-0.0234104174343781,-0.0280239503080531,2.51533222198486,-1.5764719247818,0.972052097320557,0.0211598514466,-0.0164438889597824,0.823477900648874,-0.0712442398068697,0.0146651268004838,0.00471115112302974,0.140237351436486,0.135669161098536,0.044041358557538,0,0,0,0.0448039621476795,2749.3,39.8027998
0.205022045712271,0.740998511398634,0.978196263313293,0.0116943018510938,0.000420934986323118,-2.01471107270456,0.049072162973431,0.00156866843766294,-0.0341885464913352,0.0175576409185518,-0.0163872922040647,-0.0196167652156372,2.5085506439209,-1.57426512241364,0.975495457649231,0.027527294284906,-0.0338694699087664,0.822409026357151,-0.0678157806397101,0.0220680236816607,0.0344336032867745,0.0636744283831173,-0.174255809489998,-0.0106887429172373,0,0,0,0.0720900297671424,2749.4,39.8695027
0.206657784478052,0.741050800346556,0.978196263313293,0.0116943018510938,0.000420934986323118,-2.01471107270456,0.049072162973431,0.00156866843766294,-0.0341885464913352,0.0122903486429863,-0.0114711045428453,-0.013731735650946,2.50445628166199,-1.57180643081665,0.974369585514069,0.0203830520751234,-0.031319087883518,0.822217941196585,-0.0818872451779248,0.0491738319395184,-0.0225174427031652,-0.142884844195132,0.0510076405047814,-0.00382170321130801,0,0,0,0.109643432578932,2749.45,39.9361767
0.206794447817857,0.740604851893921,0.970130383968353,0.012815410271287,0.00976179726421833,-2.02718489434457,0.00409990019417135,-0.013378453579051,0.0612431627818099,-0.00148673173164836,-0.0920975336810486,0.10265217980447,2.49971675872803,-1.57102644443512,0.972977638244629,0.0182427185729456,-0.0186271130397214,0.8262488365031,-0.0947904586797165,0.0155997276307004,-0.0278389453889459,-0.0428066700437895,0.253839496877318,0.0806179061307247,0,0,0,0.156267528165188,2749.5,40.0029049
0.206931111157663,0.740158903441286,0.970130383968353,0.012815410271287,0.00976179726421833,-2.02718489434457,0.00409990019417135,-0.013378453579051,-0.0113497513226518,-0.00104071221215385,-0.064468273576734,0.0718565258631287,2.49069452285767,-1.56808316707611,0.972446620464325,0.0208165276184087,-0.0147825277335185,0.827178470182178,-0.0902223587032851,0.0294327735899808,-0.00531017780302023,0.0257380904545372,0.0384458530618888,0.00929633679074897,0,0,0,0.209750529473012,2749.6,40.0696853
0.207067774497469,0.739712954988651,0.970130383968353,0.012815410271287,0.00976179726421833,-2.02718489434457,0.00409990019417135,-0.013378453579051,-0.0113497513226518,-0.000728498548507697,-0.0451277915037138,0.0502995681041901,2.48603582382202,-1.56659400463104,0.972339451313019,0.0197121349557102,-0.0133997889320168,0.830998226356689,-0.0931739807133991,0.0297832489015297,-0.00214338302613474,-0.0220878532540897,0.0276547760301851,0.0763951234906485,0,0,0,0.266967695987764,2749.65,40.1364124
0.206162160238567,0.737968569840158,0.979250252246857,0.0123460469767451,0.00545719126239419,-2.0396026876185,-0.0271684277670614,-0.0523315544547811,-0.0958036043604334,0.00371432066692114,0.0071519999638176,0.146969837138265,2.48152184486389,-1.56519460678101,0.972027599811554,0.019145742975026,-0.0122074956124758,0.833141481068017,-0.0902795791622692,0.0279879570006306,-0.00623703002927418,-0.011327839613644,0.0238458663907329,0.0428650942264003,0,0,0,0.324319712371872,2749.7,40.2030903
0.205256545979665,0.736224184691666,0.979250252246857,0.0123460469767451,0.00545719126239419,-2.0396026876185,-0.0271684277670614,-0.0523315544547811,-0.0137247898539026,0.00260002446684479,0.00500639997467232,0.102878885996786,2.47055006027222,-1.56318330764771,0.9705610871315,0.0212147903932581,-0.00869599368644821,0.844620294095461,-0.109717845916848,0.0201129913330261,-0.0146651268005504,0.0206904741823404,0.0351150192603082,0.114788130274545,0,0,0,0.378009579512122,2749.8,40.2697777
0.204350931720763,0.734479799543173,0.979250252246857,0.0123460469767451,0.00545719126239419,-2.0396026876185,-0.0271684277670614,-0.0523315544547811,-0.0137247898539026,0.00182001712679136,0.00350447998227062,0.0720152201977499,2.46460008621216,-1.56206727027893,0.969001114368439,0.0207211993621702,-0.00228020943087282,0.857327731321696,-0.118999481200739,0.0223207473754071,-0.031199455261117,-0.00987182062172218,0.128315685111041,0.254148744523771,0,0,0,0.424259935016392,2749.85,40.3364701
0.202882924635187,0.732289150808444,0.978431165218353,0.0161915756762028,-0.00143440859392285,-2.06850354935861,-0.0440402125672858,-0.0657194620418725,0.00238511482612439,-0.0333357463063649,0.0644775346944428,0.310518409799436,2.45814061164856,-1.56088209152222,0.968126893043518,0.0210016232716975,0.000380753128233507,0.871023250009046,-0.129189491272678,0.0237035751344067,-0.0174844264985085,0.00560847819057693,0.0532192511824169,0.273910373748496,0,0,0,0.459720572402519,2749.9,40.4032234
0.20141491754961,0.730098502073715,0.978431165218353,0.0161915756762028,-0.00143440859392285,-2.06850354935861,-0.0440402125672858,-0.0657194620418725,-0.00498666843040637,-0.0233350224144554,0.04513427428611,0.217362886859605,2.44627213478088,-1.55803203582764,0.966701567173004,0.021698870000136,0.00410334551310904,0.916427166820352,-0.118684768676866,0.0285005569458267,-0.0142532587051521,0.00697246728439088,0.0372259238487892,0.454039168113468,0,0,0,0.481651282369703,2750,40.4699504
0.199946910464034,0.727907853338986,0.978431165218353,0.0161915756762028,-0.00143440859392285,-2.06850354935861,-0.0440402125672858,-0.0657194620418725,-0.00498666843040637,-0.0163345156901188,0.031593992000277,0.152154020801723,2.43949747085571,-1.55635547637939,0.967268288135529,0.0254527043656682,-0.00933507755991403,0.937296303268097,-0.135493278502925,0.0335311889647218,0.011334419250447,0.0750766873103704,-0.268768461459484,0.417382728953382,0,0,0,0.488305163195914,2750.05,40.5366615
0.198315588160766,0.725794762844391,0.982140481472015,0.0184256844222546,0.00353336986154318,-2.14111559655404,-0.0489396690980292,-0.0633927148378462,-0.0363313503662458,-0.0315411396975492,-0.0225942116990004,0.760016239320118,2.43410325050354,-1.55419635772705,0.967434644699097,0.0232387326590244,-0.00805294088654288,0.967427710599939,-0.107884407043065,0.0431823730467179,0.0033271312713502,-0.044279434132715,0.0256427334673296,0.602628146634646,0,0,0,0.478997920141486,2750.1,40.6033519
0.196684265857499,0.723681672349796,0.982140481472015,0.0184256844222546,0.00353336986154318,-2.14111559655404,-0.0489396690980292,-0.0633927148378462,-0.00294750408328678,-0.0220787977882845,-0.0158159481893003,0.532011367524082,2.42013120651245,-1.55146360397339,0.969643771648407,0.0320897611776537,-0.0153052634443196,1.03322999354576,-0.139720439911016,0.0273275375366459,0.0220912694931231,0.0885102851863734,-0.0725232255778328,0.658022829458833,0,0,0,0.454129409522892,2750.2,40.6700871
0.195052943554231,0.721568581855201,0.982140481472015,0.0184256844222546,0.00353336986154318,-2.14111559655404,-0.0489396690980292,-0.0633927148378462,-0.00294750408328678,-0.0154551584517991,-0.0110711637325102,0.372407957266858,2.4149603843689,-1.54998624324799,0.971870124340057,0.0281630011338383,-0.0172824595631773,1.06885984067637,-0.103416442871658,0.0295472145082179,0.0445270538332508,-0.0785352008767355,-0.0395439223773713,0.712596942616,0,0,0,0.415285168370528,2750.25,40.7366708
0.193189490240031,0.719657063420586,0.962907075881958,0.0188175272196531,0.00350305554457009,-2.25636320378518,-0.0559035994260135,-0.0573455530384427,0.170152928136305,-0.0143451960928465,-0.00747698575999933,1.29791403516706,2.40844893455505,-1.54897022247314,0.973954439163208,0.0334581656549012,-0.0185348976467871,1.10561202755359,-0.130228996276382,0.0203204154967522,0.041686296462861,0.105903290420873,-0.0250487616721043,0.735043737541718,0,0,0,0.364621819956933,2750.3,40.8034817
0.19132603692583,0.717745544985971,0.962907075881958,0.0188175272196531,0.00350305554457009,-2.25636320378518,-0.0559035994260135,-0.0573455530384427,-0.00294772217421157,-0.0100416372649925,-0.00523389003199953,0.908539824616943,2.3957736492157,-1.54768395423889,0.979565382003784,0.034016115061791,-0.0250870810289869,1.18256358770355,-0.12675285339367,0.012862682342541,0.0561094284058127,0.00557949406890302,-0.0655218338220573,0.769515601500306,0,0,0,0.305484446023776,2750.4,40.8701563
0.18946258361163,0.715834026551357,0.962907075881958,0.0188175272196531,0.00350305554457009,-2.25636320378518,-0.0559035994260135,-0.0573455530384427,-0.00294772217421157,-0.00702914608549478,-0.00366372302239967,0.63597787723186,2.38981771469116,-1.54799365997314,0.976188182830811,0.0249185921994486,0.00527485732022882,1.20970249963548,-0.119118690490289,-0.00619411468503606,-0.0675439834592269,-0.181950457246186,0.607238766982105,0.542778238636574,0,0,0,0.241235134362084,2750.45,40.9368846
0.187341297477389,0.715136268782783,0.981342256069183,0.0142722800374031,0.00676665408536792,-2.41534214284158,-0.0636385840272132,-0.0209327330572035,-0.192979058704885,0.0359868223804039,-0.0319369929828602,1.87599496556987,2.38354301452637,-1.54815983772278,0.977003574371338,0.0232145352281715,0.0101284764065618,1.23788575791107,-0.125494003296583,-0.00332355499269392,0.0163078308106359,-0.0340811394257284,0.0970723817271896,0.56366516551506,0,0,0,0.175464598852542,2750.5,41.0036974
0.185220011343149,0.71443851101421,0.981342256069183,0.0142722800374031,0.00676665408536792,-2.41534214284158,-0.0636385840272132,-0.0209327330572035,-0.027062437019857,0.0251907756662827,-0.0223558950880022,1.31319647589891,2.37158393859863,-1.54876828193665,0.979475915431976,0.0349081403287725,0.00552138925187137,1.29527718631792,-0.119590759276909,-0.00608444213864974,0.0247234106062943,0.116936051005585,-0.0460708715467369,0.573914284066363,0,0,0,0.111796892771886,2750.6,41.0704079
0.183098725208908,0.713740753245636,0.981342256069183,0.0142722800374031,0.00676665408536792,-2.41534214284158,-0.0636385840272132,-0.0209327330572035,-0.027062437019857,0.0176335429663979,-0.0156491265616015,0.919237533129237,2.36573386192322,-1.54959523677826,0.979954183101654,0.0323425979809263,0.00939826211592698,1.31867351346261,-0.117001533508939,-0.0165390968323656,0.00956535339360689,-0.0513108469572037,0.0775374572815354,0.467926542896326,0,0,0,0.0531107274879557,2750.65,41.1371081
0.180755444530932,0.713607958206996,0.971381723880768,0.0172909814864397,0.0085929874330759,-2.55625241067148,-0.0702984203392951,-0.00398385115920541,0.0904808534648097,-0.0148248329648509,-0.0273913887224929,1.91165868365952,2.35983347892761,-1.55025124549866,0.983254253864288,0.0356027113271792,-0.00446916026574551,1.34281245066446,-0.11800765991168,-0.0131201744079113,0.0660014152524454,0.0652022669248195,-0.277348447632441,0.482778744035326,0,0,0,0.00167767258145595,2750.7,41.2038176
0.178412163852955,0.713475163168356,0.971381723880768,0.0172909814864397,0.0085929874330759,-2.55625241067148,-0.0702984203392951,-0.00398385115920541,0.0008360637690699,-0.0103773830753956,-0.0191739721057451,1.33816107856166,2.34923982620239,-1.55340623855591,0.981811702251434,0.0347602767080529,0.0103127646512074,1.37373577955694,-0.105936527252294,-0.0315499305725385,-0.0144255161285532,-0.00842434619127047,0.147819249169664,0.309233288925054,0,0,0,-0.0410054937808214,2750.8,41.2704853
0.176068883174979,0.713342368129716,0.971381723880768,0.0172909814864397,0.0085929874330759,-2.55625241067148,-0.0702984203392951,-0.00398385115920541,0.0008360637690699,-0.00726416815277692,-0.0134217804740215,0.936712754993165,2.34432888031006,-1.55542814731598,0.982067763805389,0.033763663121723,0.0162116092429904,1.38376629241254,-0.0982189178463224,-0.0404381752012689,0.00512123107908293,-0.0199322717265264,0.117976891835231,0.200610257111314,0,0,0,-0.0744084731860097,2750.85,41.3371869
0.173978401430598,0.71371954627063,0.977652728557587,0.0170656498521566,0.00638409052044153,-2.65801339413858,-0.0627144523314251,0.0113153442274167,-0.061288986599426,-0.00305693299839625,0.0104848258818943,1.57154777969913,2.33977842330933,-1.55742955207825,0.983123362064362,0.0351341098334269,0.0169474294051833,1.39185396736212,-0.0910091400151451,-0.0400280952455798,0.0211119651795586,0.0274089342342282,0.0147164032439378,0.161753498992517,0,0,0,-0.0987851985606008,2750.9,41.4038965
0.171887919686217,0.714096724411543,0.977652728557587,0.0170656498521566,0.00638409052044153,-2.65801339413858,-0.0627144523314251,0.0113153442274167,-0.00484994450805633,-0.00213985309887738,0.00733937811732599,1.10008344578939,2.33174800872803,-1.56210279464722,0.98510730266571,0.0352274375075216,0.0112621091692464,1.39605467725739,-0.0803041458130613,-0.0467324256897398,0.0198394060135068,0.000933276740948413,-0.0568532023594207,0.0420070989526926,0,0,0,-0.115158467572998,2751,41.4706141
0.169797437941836,0.714473902552457,0.977652728557587,0.0170656498521566,0.00638409052044153,-2.65801339413858,-0.0627144523314251,0.0113153442274167,-0.00484994450805633,-0.00149789716921416,0.0051375646821282,0.770058412052576,2.3278431892395,-1.56478703022003,0.985468208789825,0.0351939192072409,0.0067057868099562,1.39291366205889,-0.0780963897702237,-0.0536847114561035,0.00721812248227355,-0.000670366005611826,-0.0911264471854722,-0.0628203039698351,0,0,0,-0.125125600353467,2751.05,41.5372866
0.168262832421676,0.715011638848037,0.983390748500824,0.0184506680816412,0.00409197947010398,-2.69630508687234,-0.0460381656048026,0.0161320888673978,-0.0588941178279866,-0.0135136920838109,0.0242252947305277,0.883666123040685,2.32426977157593,-1.56740510463715,0.985271692276001,0.0315616489678506,0.00731650483084681,1.38659147211783,-0.0714683532712244,-0.0523614883420947,-0.00393033027647496,-0.0726454047875413,0.0122143604177678,-0.126443798820632,0,0,0,-0.130666729502329,2751.1,41.6039577
0.166728226901516,0.715549375143617,0.983390748500824,0.0184506680816412,0.00409197947010398,-2.69630508687234,-0.0460381656048026,0.0161320888673978,-0.00725193833885081,-0.00945958445866766,0.0169577063113694,0.618566286128479,2.31752109527588,-1.57288229465485,0.984803676605225,0.0441038538370359,0.00119522524227387,1.36815793027923,-0.0674867630005497,-0.0547719001770518,-0.00468015670776793,0.125422048691966,-0.0612127958857851,-0.184335418386147,0,0,0,-0.133881154197227,2751.2,41.6706824
0.165193621381356,0.716087111439197,0.983390748500824,0.0184506680816412,0.00409197947010398,-2.69630508687234,-0.0460381656048026,0.0161320888673978,-0.00725193833885081,-0.00662170912106736,0.0118703944179586,0.432996400289935,2.31474447250366,-1.57546246051788,0.984571278095245,0.0283167432747486,0.010567176324586,1.35534895114443,-0.055532455444639,-0.0516033172610238,-0.00464797019961033,-0.315742211247469,0.187439021647265,-0.256179582697386,0,0,0,-0.136764030413989,2751.25,41.737349
0.163650736364295,0.71660482435259,0.987008392810822,0.017967676743865,-0.000931230490095913,-2.68368404175973,-0.0462865505118382,0.0155313874017951,-0.0396773550094941,-0.000288274344761494,0.05351816573437,0.189508074189466,2.31190037727356,-1.57794868946075,0.983685314655304,0.0292777120747244,0.0150169003299394,1.34214706442509,-0.0568819046018438,-0.049724578857241,-0.0177192687987637,0.0192193759994467,0.0889944801067445,-0.264037734385866,0,0,0,-0.141026702818838,2751.3,41.804087
0.162107851347234,0.717122537265984,0.987008392810822,0.017967676743865,-0.000931230490095913,-2.68368404175973,-0.0462865505118382,0.0155313874017951,-0.00711855621951604,-0.000201792041333046,0.037462716014059,0.132655651932626,2.30714058876038,-1.58354008197784,0.981530249118805,0.0373455955117578,0.0104588303433384,1.31100811279769,-0.0475978851318792,-0.0559139251709493,-0.0215506553650098,0.0806788343704067,-0.045580699866052,-0.311389516274269,0,0,0,-0.147918560571718,2751.4,41.8707817
0.160564966330172,0.717640250179377,0.987008392810822,0.017967676743865,-0.000931230490095913,-2.68368404175973,-0.0462865505118382,0.0155313874017951,-0.00711855621951604,-0.000141254428933132,0.0262239012098413,0.0928589563528383,2.30496335029602,-1.58598387241364,0.982882440090179,0.0352021477380857,0.00205896996445825,1.29567659535267,-0.043544769286951,-0.0488758087156425,0.0270438194273919,-0.0428689554732855,-0.167997207576991,-0.306630348899332,0,0,0,-0.158163057461335,2751.45,41.9375082
0.159530603161469,0.717966686870469,0.975357115268707,0.017967676743865,-0.000931230490095913,-2.68368404175973,-0.0310308950611022,0.00979310073277176,0.114669449274809,-9.88781002531926e-05,0.0183567308468889,0.0650012694469868,2.3026819229126,-1.58874273300171,0.982013046741486,0.0398222411054526,0.00360577103197126,1.27878514741701,-0.045628547668706,-0.0551772117617757,-0.0173878669739718,0.0924018673478418,0.0309360213504291,-0.337828958715174,0,0,0,-0.171895546348404,2751.5,42.0041768
0.158496239992766,0.718293123561562,0.975357115268707,0.017967676743865,-0.000931230490095913,-2.68368404175973,-0.0310308950611022,0.00979310073277176,0.00980795139578045,-6.92146701772348e-05,0.0128497115928222,0.0455008886128908,2.29931139945984,-1.59443509578705,0.98155015707016,0.0323882312380271,0.00370817623357351,1.24524761930593,-0.0337052345274653,-0.0569236278531865,-0.00462889671324,-0.0743400986739846,0.00102405201601878,-0.335375281109517,0,0,0,-0.188758914221744,2751.6,42.0708783
0.157461876824062,0.718619560252654,0.975357115268707,0.017967676743865,-0.000931230490095913,-2.68368404175973,-0.0310308950611022,0.00979310073277176,0.00980795139578045,-4.84502691240643e-05,0.00899479811497557,0.0318506220290235,2.2974157333374,-1.59718465805054,0.980382442474365,0.0333587010165487,0.00195405051668735,1.22953759137727,-0.0379133224489374,-0.0549912452700755,-0.023354291916021,0.0194093955705388,-0.0350825143379148,-0.314200558574962,0,0,0,-0.207935142311495,2751.65,42.1375552
0.156435134842729,0.719075736349334,0.9943608045578,0.0181741341948509,-0.00131278147455305,-2.59398286607003,-0.0308022594399936,0.0136852829003937,-0.17376855744355,-0.00189203224726002,0.00973031754059711,-0.785015145786959,2.29582571983337,-1.59979605674744,0.979533791542053,0.0250574498264382,0.00847083416263734,1.21215338833608,-0.0318002700804507,-0.0522279739377983,-0.0169730186461785,-0.166025023801605,0.130335672918526,-0.347684060822449,0,0,0,-0.228345764288214,2751.7,42.2042834
0.155408392861396,0.719531912446014,0.9943608045578,0.0181741341948509,-0.00131278147455305,-2.59398286607003,-0.0308022594399936,0.0136852829003937,-0.00273535384171281,-0.00132442257308202,0.00681122227841798,-0.549510602050871,2.29286217689514,-1.60468745231628,0.978115975856781,0.0286974214776812,0.00357949049319091,1.17887332108504,-0.0296354293823512,-0.048913955688521,-0.0141781568527351,0.0363997165124625,-0.0489134366945088,-0.332800672510712,0,0,0,-0.248719822959432,2751.8,42.2709671
0.154381650880063,0.719988088542693,0.9943608045578,0.0181741341948509,-0.00131278147455305,-2.59398286607003,-0.0308022594399936,0.0136852829003937,-0.00273535384171281,-0.000927095801157411,0.00476785559489259,-0.38465742143561,2.2914674282074,-1.60738337039948,0.976696491241455,0.023940071347822,0.00582622374209553,1.15985789134218,-0.0278949737547813,-0.0539183616636222,-0.0283896923064153,-0.0951470025968379,0.0449346649779289,-0.380308594855838,0,0,0,-0.267843436975771,2751.85,42.337645
0.153508114127831,0.720326370786983,0.999496400356293,0.0185354631394148,-0.00148472806904465,-2.54081599976754,-0.0262061025669476,0.0101484673286813,-0.0524191665781768,-0.00390092756188498,0.00488501826684922,-0.747761991727339,2.28999662399292,-1.60985314846039,0.975704431533813,0.026213603731422,0.00320165653893973,1.14128287792516,-0.0294160842897113,-0.0493955612185313,-0.0198411941529403,0.0454706476722497,-0.0524913440634024,-0.371500268342497,0,0,0,-0.284652247433001,2751.9,42.4043472
0.1526345773756,0.720664653031272,0.999496400356293,0.0185354631394148,-0.00148472806904465,-2.54081599976754,-0.0262061025669476,0.0101484673286813,-0.00619880439174496,-0.00273064929331948,0.00341951278679445,-0.523433394209137,2.28726983070374,-1.61488163471222,0.974204003810883,0.0293266022504077,0.000934516159039866,1.09933253881559,-0.0272679328918705,-0.0502848625183563,-0.0150042772293227,0.031129985189885,-0.0226714037990193,-0.419503391096014,0,0,0,-0.298318574285632,2752,42.4710209
0.151761040623368,0.721002935275561,0.999496400356293,0.0185354631394148,-0.00148472806904465,-2.54081599976754,-0.0262061025669476,0.0101484673286813,-0.00619880439174496,-0.00191145450532364,0.00239365895075612,-0.366403375946396,2.28596115112305,-1.61738133430481,0.973702490329742,0.0316572309660319,-0.00506395844803799,1.07758383004964,-0.0261735916136743,-0.0499939918516248,-0.0100302696227662,0.0466125743123143,-0.119969492141121,-0.434974175317574,0,0,0,-0.308358779901303,2752.05,42.5377547
0.150735849630807,0.721272033733596,0.992653489112854,0.0172301605343819,-0.000354505144059658,-2.47624151971078,-0.0307557297768319,0.00807295374103061,0.0585014917188145,0.0104097052915697,-0.00849644505933564,-0.837652683673342,2.28467679023743,-1.61989748477936,0.973149538040161,0.02467202272007,-0.00203139598581047,1.05374297254641,-0.0256872177123089,-0.0503230094907837,-0.0110590457915857,-0.13970416491873,0.0606512492443298,-0.476817150062756,0,0,0,-0.314583199662731,2752.1,42.6044817
0.149710658638246,0.72154113219163,0.992653489112854,0.0172301605343819,-0.000354505144059658,-2.47624151971078,-0.0307557297768319,0.00807295374103061,-0.00308470947213402,0.00728679370409882,-0.00594751154153495,-0.586356878571339,2.28150010108948,-1.62437880039215,0.971689283847809,0.0307757157774023,-0.0165140131114357,1.00520737338178,-0.0317668914795211,-0.0448131561279704,-0.0146025419235362,0.0610369305733784,-0.144826171256384,-0.485355991646765,0,0,0,-0.317102021765999,2752.2,42.671201
0.148685467645685,0.721810230649665,0.992653489112854,0.0172301605343819,-0.000354505144059658,-2.47624151971078,-0.0307557297768319,0.00807295374103061,-0.00308470947213402,0.00510075559286917,-0.00416325807907447,-0.410449814999937,2.27971816062927,-1.62679779529572,0.969387352466583,0.0161123504410989,0.00972635623770237,0.976450401559583,-0.035638809204296,-0.0483798980715531,-0.0460386276247629,-0.293267306727669,0.524807386985626,-0.57513943644708,0,0,0,-0.316229055565265,2752.25,42.7379154
0.147639940583203,0.721988625369226,0.980016887187958,0.0156889520585537,-0.00654938304796815,-2.38908462788797,-0.0313658118744587,0.00535184158685298,0.110755415333091,0.017441405197462,0.0528396204798243,-1.07172689690529,2.27755331993103,-1.62846863269806,0.969822227954865,0.0287520012538609,-0.00383642303183789,0.950917201714887,-0.0432968139646862,-0.0334167480467534,0.00869750976559336,0.252793016254321,-0.271255585389818,-0.51066399689205,0,0,0,-0.312374080366136,2752.3,42.8046201
0.146594413520721,0.722167020088788,0.980016887187958,0.0156889520585537,-0.00654938304796815,-2.38908462788797,-0.0313658118744587,0.00535184158685298,-0.00297400199097535,0.0122089836382234,0.036987734335877,-0.750208827833703,2.27486109733582,-1.63292050361633,0.971148788928986,0.0212645541498896,0.00946858166687907,0.894277054559515,-0.0269222259521729,-0.0445187091827797,0.013265609741223,-0.0748744710397812,0.133050046987291,-0.566401471554235,0,0,0,-0.305920807228943,2752.4,42.8713538
0.145548886458239,0.72234541480835,0.980016887187958,0.0156889520585537,-0.00654938304796815,-2.38908462788797,-0.0313658118744587,0.00535184158685298,-0.00297400199097535,0.00854628854675636,0.0258914140351139,-0.525146179483592,2.27296471595764,-1.63494205474854,0.971824407577515,0.0206018537038419,-0.00120238682714216,0.865375971362717,-0.0379276275633386,-0.0404310226438959,0.0135123729705319,-0.0132540089209048,-0.213419369879648,-0.578021663933861,0,0,0,-0.297131548509547,2752.45,42.9380511
0.144463518211806,0.722329018320041,0.972266554832458,0.0156889520585537,-0.00654938304796815,-2.38908462788797,-0.0325610473929971,-0.000491894649246039,0.0652286389530961,0.00598240198272945,0.0181239898245797,-0.367602325638515,2.27092671394348,-1.63637804985046,0.973310053348541,0.021679173341612,-0.0110532373018178,0.840091311152047,-0.0407600402834256,-0.0287199020387309,0.0297129154206944,0.0215463927555178,-0.197017009494588,-0.505693204216159,0,0,0,-0.286042509239578,2752.5,43.0047488
0.143378149965372,0.722312621831733,0.972266554832458,0.0156889520585537,-0.00654938304796815,-2.38908462788797,-0.0325610473929971,-0.000491894649246039,-0.00452435224639735,0.00418768138791062,0.0126867928772058,-0.25732162794696,2.26653146743774,-1.64036107063293,0.975554049015045,0.0272901581222379,-0.0045628604560837,0.78239021169747,-0.0439524650572131,-0.0398302078245621,0.0224399566649574,0.0561098478060548,0.064903768457105,-0.577010994543673,0,0,0,-0.272422475543919,2752.6,43.071481
0.142300264447626,0.722191757113175,0.972266554832458,0.0182196274399757,-0.00356157077476382,-2.29251103665567,-0.0323365655323884,-0.00362594155675798,-0.00461351897519791,-0.019844701461261,-0.0180095554447949,-1.04928746065357,2.26430797576904,-1.64234232902527,0.976317346096039,0.0268333150766086,-0.0010991163935076,0.750989251177598,-0.0444698333742661,-0.0396251678468959,0.0152659416199564,-0.00913686091263525,0.0692748812518999,-0.628019210400868,0,0,0,-0.255784827832087,2752.65,43.1382341
0.140789994282884,0.721585215852053,0.975332736968994,0.0207819566130638,0.00408009300008416,-2.18914382722116,-0.0453081049422716,-0.0181962378336457,-0.0293977409063903,-0.0369522535806753,-0.0813816627849883,-1.66480610736808,2.26149559020996,-1.64461863040924,0.97639799118042,0.0222728312622519,0.00324478994404187,0.720366784088528,-0.056247711181436,-0.0455260276792777,0.0016129016876162,-0.091209676286801,0.0868781267506734,-0.612449341779163,0,0,0,-0.235460114686016,2752.7,43.2049136
0.139279724118141,0.720978674590932,0.975332736968994,0.0207819566130638,0.00408009300008416,-2.18914382722116,-0.0453081049422716,-0.0181962378336457,-0.00180210167756948,-0.0258665775064727,-0.0569671639494918,-1.16536427515766,2.25554704666138,-1.64703977108002,0.97721403837204,0.0178618117916127,0.00701047128840374,0.667960950095991,-0.0594854354858939,-0.0242114067077857,0.00816047191620615,-0.0441101947064327,0.0376568134436529,-0.524058339925853,0,0,0,-0.21061443889635,2752.8,43.2716102
0.137769453953399,0.72037213332981,0.975332736968994,0.0207819566130638,0.00408009300008416,-2.18914382722116,-0.0453081049422716,-0.0181962378336457,-0.00180210167756948,-0.0181066042545309,-0.0398770147646443,-0.81575499261036,2.2517409324646,-1.64835298061371,0.977700889110565,0.0147695625209106,0.00367810583346949,0.640790386537441,-0.0761222839352699,-0.0262641906737326,0.00973701477047239,-0.061844985413817,-0.0666473090984425,-0.543411271169009,0,0,0,-0.180449525423533,2752.85,43.338325
0.135961202079809,0.71975700919956,0.979513943195343,0.0207819566130638,0.00408009300008416,-2.18914382722116,-0.0542475562077028,-0.0184537239075231,-0.0417644735124197,-0.0126746229781716,-0.027913910335251,-0.571028494827252,2.24856853485107,-1.64932918548584,0.978648483753204,0.0103758157544087,0.00286626966095101,0.616532056038048,-0.063447952270854,-0.0195240974427335,0.0189518928528866,-0.0878749353305163,-0.0162367234504582,-0.48516660999052,0,0,0,-0.144359501920489,2752.9,43.4050152
0.134152950206219,0.719141885069309,0.979513943195343,0.0207819566130638,0.00408009300008416,-2.18914382722116,-0.0542475562077028,-0.0184537239075231,-0.00413361747527981,-0.00887223608472015,-0.0195397372346757,-0.399719946379077,2.24033260345459,-1.65064263343811,0.980454087257385,0.01781615845506,0.00577193932053571,0.567067242630328,-0.0823593139649187,-0.013134479522717,0.0180560350418255,0.07440342700658,0.0290566965958734,-0.49464813407765,0,0,0,-0.102026236319597,2753,43.4717079
0.132414965845443,0.718345360279115,0.979513943195343,0.0188858304172754,-0.00639196718111634,-2.08775024678445,-0.0521395308232627,-0.023895743705802,-0.00374817455081239,0.0108545705027914,0.0805707255665316,-1.19234618639571,2.23665285110474,-1.65129840373993,0.982740700244904,0.0157994963111437,0.000699453969659166,0.543306303630472,-0.0735950469968026,-0.0131154060363292,0.0457322597501998,-0.0403332428781796,-0.101449707017162,-0.475218779995378,0,0,0,-0.0535836371921221,2753.05,43.5384164
0.130958186539595,0.717164765362596,0.976617813110352,0.0223824288696051,-0.00610982626676559,-1.99493043687082,-0.0437033791754577,-0.0354178474955907,0.00631875113406749,-0.0238711867190128,0.0538602396674154,-1.67002061969972,2.23265624046326,-1.65202844142914,0.983491361141205,0.0150955800461319,0.0116345586064182,0.515538565626119,-0.079932212829299,-0.0146007537841266,0.0150132179259708,-0.0140783253001845,0.218702092734386,-0.555354760085052,0,0,0,0.000285072311166855,2753.1,43.6051436
0.129501407233746,0.715984170446076,0.976617813110352,0.0223824288696051,-0.00610982626676559,-1.99493043687082,-0.0437033791754577,-0.0354178474955907,-0.0197464196308556,-0.0167098307033089,0.0377021677671908,-1.1690144337898,2.22333645820618,-1.65125417709351,0.989143908023834,0.0121181102659998,-0.000109155440427402,0.490576292795009,-0.0931978225708855,0.00774264335633028,0.0565254688263454,-0.0297746978013482,-0.117437140468563,-0.249622728311329,0,0,0,0.0582948069182764,2753.2,43.6718736
0.128044627927898,0.714803575529556,0.976617813110352,0.0223824288696051,-0.00610982626676559,-1.99493043687082,-0.0437033791754577,-0.0354178474955907,-0.0197464196308556,-0.0116968814923163,0.0263915174370335,-0.818310103652861,2.21928668022156,-1.65048015117645,0.989835321903229,0.011605870827762,0.00337060022532768,0.47530790555075,-0.0809955596928248,0.0154805183411489,0.0138282775879661,-0.010244788764812,0.0695951133154814,-0.30536774488684,0,0,0,0.118562006180254,2753.25,43.7385527
0.126671670454667,0.713527983583605,0.989452242851257,0.0199338980019093,-0.00365145760588348,-1.92567127015329,-0.0411887241969249,-0.0382677583785508,-0.135299379763644,0.0138489607646409,-0.00365125574201557,-1.19614957301477,2.21468710899353,-1.64918446540833,0.991019666194916,0.00929452305472204,0.000898034289392612,0.461576473197867,-0.0919914245602122,0.0259137153624546,0.0236868858336541,-0.0462269554606302,-0.0494513187185215,-0.274628647056653,0,0,0,0.178841671028224,2753.3,43.8052437
0.125298712981436,0.712252391637653,0.989452242851257,0.0199338980019093,-0.00365145760588348,-1.92567127015329,-0.0411887241969249,-0.0382677583785508,-0.0197895120954919,0.00969427253524863,-0.0025558790194109,-0.837304701110337,2.20568466186523,-1.64498436450958,0.992796957492828,0.0155455906800571,-0.00549282085795335,0.447474393942334,-0.0900244712830409,0.042001008987465,0.0177729129791421,0.0625106762534075,-0.0639085514735177,-0.14102079255546,0,0,0,0.23649654301301,2753.4,43.8719204
0.123925755508205,0.710976799691701,0.989452242851257,0.0199338980019093,-0.00365145760588348,-1.92567127015329,-0.0411887241969249,-0.0382677583785508,-0.0197895120954919,0.00678599077467404,-0.00178911531358763,-0.586113290777236,2.20008730888367,-1.64273262023926,0.993962585926056,0.0198106706132697,-0.00853984803533248,0.449125702133213,-0.11194705963094,0.0450348854063303,0.023312568664466,0.0853015986639405,-0.0609405435473609,0.033026163817462,0,0,0,0.288836511847275,2753.45,43.9386286
0.122980397605668,0.708953357391536,0.982348561286926,0.0199338980019093,-0.00365145760588348,-1.92567127015329,-0.0283607370760997,-0.0607032690049401,0.0658986224894554,0.00475019354227183,-0.00125238071951134,-0.410279303544065,2.19478058815002,-1.64001059532166,0.994064331054688,0.017047707025228,-0.00970936638468352,0.451895328100912,-0.106134414673431,0.0544404983523479,0.00203490257264294,-0.0552592717611337,-0.0233903669871485,0.0553925193542762,0,0,0,0.333198121540396,2753.5,44.0052946
0.122035039703132,0.706929915091372,0.982348561286926,0.0199338980019093,-0.00365145760588348,-1.92567127015329,-0.0283607370760997,-0.0607032690049401,0.00196548841047593,0.00332513547959028,-0.000876666503657939,-0.287195512480845,2.18256330490112,-1.63320243358612,0.994994461536407,0.00141817175370935,-0.00130975304219256,0.459082919692406,-0.122172832488569,0.068081617355099,0.00930130481716587,-0.156295352714618,0.083996133424604,0.0718759159146725,0,0,0,0.367409705302689,2753.6,44.0720519
0.121134118013278,0.704885372858661,0.982348561286926,0.022496460005641,0.00651996163651347,-1.90358608033395,-0.0270276506956007,-0.0613362669813236,0.00148008123433033,-0.0207354631978724,-0.0921564397341331,-0.399803567110615,2.17473983764648,-1.62954998016357,0.996606528759003,0.00170477009970866,0.0062287668214167,0.474991374771315,-0.156469345093627,0.0730490684513264,0.0322413444520802,0.0057319669200175,0.150770397273008,0.318169101579917,0,0,0,0.389721278693795,2753.65,44.1387524
0.119858695190343,0.702104539923244,0.986900091171265,0.0118495691567659,-0.0119310803711414,-1.93279307152963,-0.038262684688051,-0.083424988062508,-0.0482039528215853,0.0813071934013648,0.101549870255001,-0.0169995762163222,2.16790175437927,-1.62512612342834,0.99813449382782,0.00938030096305147,0.0107620565010641,0.488597542741494,-0.136761665343741,0.088477134704268,0.0305593013762316,0.153510617266298,0.0906657935926183,0.2721233594026,0,0,0,0.39926687792058,2753.7,44.2054526
0.118583272367408,0.699323706987827,0.986900091171265,0.0118495691567659,-0.0119310803711414,-1.93279307152963,-0.038262684688051,-0.083424988062508,-0.00724018386253991,0.0569150353809553,0.0710849091785007,-0.0118997033514255,2.15545296669006,-1.61632823944092,1.00149667263031,0.0254559216115448,0.0136236503868214,0.518351153653488,-0.124487876892203,0.0879788398743476,0.0336217880249329,0.160756206485079,0.0286159388575989,0.297536109120208,0,0,0,0.396027122533932,2753.8,44.2721798
0.117307849544473,0.69654287405241,0.986900091171265,0.0118495691567659,-0.0119310803711414,-1.93279307152963,-0.038262684688051,-0.083424988062508,-0.00724018386253991,0.0398405247666687,0.0497594364249505,-0.00832979234599788,2.15003657341003,-1.61200392246246,1.0027379989624,0.0340880930701692,0.013964323936253,0.541553090305398,-0.108327865600192,0.0864863395687772,0.0248265266417554,0.17264342917186,0.00681347098860771,0.464038733036526,0,0,0,0.38090852962193,2753.85,44.3388963
0.116191812181215,0.694607839220789,1.00014424324036,0.0441343784332275,0.000614289252553135,-2.01446836259103,-0.0334811208977476,-0.0580510449486315,-0.147964922496953,-0.262674916151486,-0.0780767211157858,0.729246764910414,2.14343667030334,-1.60772502422333,1.00540387630463,0.0318192133787978,0.00131380839937304,0.572068859460355,-0.131998062134509,0.0855779647831818,0.0533175468447734,-0.0453775938276762,-0.25301031073898,0.610315383102464,0,0,0,0.355713881692235,2753.9,44.4055808
0.115075774817957,0.692672804389168,1.00014424324036,0.0441343784332275,0.000614289252553135,-2.01446836259103,-0.0334811208977476,-0.0580510449486315,-0.0287675538751269,-0.18387244130604,-0.0546537047810501,0.51047273543729,2.1303653717041,-1.59985792636871,1.00584745407104,0.0161310916969079,0.00284915502826758,0.625526874841682,-0.130712985992551,0.0786709785462141,0.0044357776641886,-0.156881216819042,0.0153534662889594,0.534580153813753,0,0,0,0.322964876241654,2754,44.4722751
0.113959737454699,0.690737769557547,1.00014424324036,0.0441343784332275,0.000614289252553135,-2.01446836259103,-0.0334811208977476,-0.0580510449486315,-0.0287675538751269,-0.128710708914228,-0.038257593346735,0.357330914806103,2.12452578544617,-1.59527790546417,1.0068302154541,0.0132326374188793,-0.00271227342285013,0.651174322332623,-0.116791725158267,0.0916004180904871,0.0196552276610613,-0.0579690855603609,-0.11122856902195,0.512948949816966,0,0,0,0.285686124936387,2754.05,44.5390559
0.111917871804291,0.687718573572006,1.00476098060608,0.0176967978477478,0.00415084604173899,-2.13229911591745,-0.0612559695122378,-0.0905758795662341,-0.049469999338249,0.147840729029358,-0.0586093264453872,1.31060842030202,2.11818194389343,-1.59053409099579,1.00657749176025,0.0209269613645865,-0.000559626184771333,0.678578450807553,-0.126876831054226,0.0948762893673306,-0.00505447387693474,0.153886478913585,0.0430529447614194,0.548082569496606,0,0,0,0.247303679154806,2754.1,44.6057842
0.109876006153883,0.684699377586465,1.00476098060608,0.0176967978477478,0.00415084604173899,-2.13229911591745,-0.0612559695122378,-0.0905758795662341,-0.0079193630467451,0.10348851032055,-0.041026528511771,0.917425894211411,2.10303497314453,-1.57936000823975,1.00604867935181,0.0139301868732383,-0.0194787589068467,0.745103270241151,-0.151469707489151,0.111740827560526,-0.00528812408447747,-0.0699677449135453,-0.189191327220926,0.665248194336576,0,0,0,0.211048277701809,2754.2,44.6726421
0.107834140503475,0.681680181600923,1.00476098060608,0.0176967978477478,0.00415084604173899,-2.13229911591745,-0.0612559695122378,-0.0905758795662341,-0.0079193630467451,0.0724419572243853,-0.0287185699582397,0.642198125947988,2.09612846374512,-1.57374668121338,1.00348198413849,0.00388162801149686,-0.0176760052086254,0.768006888535988,-0.138130187989035,0.112266540527956,-0.0513339042666376,-0.200971177235926,0.0360550739646233,0.458072365899257,0,0,0,0.180051500135236,2754.25,44.7393895
0.105427930007617,0.678943179972653,1.02117955684662,0.00607971847057343,0.0058926111087203,-2.25767426755166,-0.0721863148757296,-0.0821100488481267,-0.155789810840599,0.155263084451639,-0.0357788845735996,1.57791505287154,2.08732199668884,-1.56735396385193,1.00079596042633,0.00778737983795609,-0.00812494619594104,0.795850216414612,-0.176129341124848,0.127854347228539,-0.0537204742429686,0.0781150365289003,0.191021180252993,0.556866557570438,0,0,0,0.15664745483021,2754.3,44.8060938
0.10302171951176,0.676206178344382,1.02117955684662,0.00607971847057343,0.0058926111087203,-2.25767426755166,-0.0721863148757296,-0.0821100488481267,-0.00802262467574336,0.108684159116147,-0.0250452192015197,1.10454053701008,2.07146716117859,-1.55477917194366,0.994771480560303,0.0432547595164046,0.0113975916273882,0.842068093581168,-0.158548355102683,0.125747919082756,-0.0602447986603331,0.354673796784807,0.19522537823347,0.462178771665986,0,0,0,0.142352270697414,2754.4,44.872824
0.100615509015902,0.673469176716111,1.02117955684662,0.00607971847057343,0.0058926111087203,-2.25767426755166,-0.0721863148757296,-0.0821100488481267,-0.00802262467574336,0.0760789113813032,-0.0175316534410638,0.773178375907054,2.06272840499878,-1.55010867118835,0.992424607276917,0.0521083699563161,0.00795020567750526,0.861178603050768,-0.174775123595556,0.0934100151058613,-0.0469374656675539,0.177072208797587,-0.0689477189974085,0.382210189390608,0,0,0,0.137729027085764,2754.45,44.9395079
