-0.00293679228217972,0.000261705436410075,0.957964777946472,0.0111217116937041,0.00578491063788533,-1.65491442150013,-0.0440518842326958,0.00392558154615112,-0.0150102149831077,-0.070066783670336,-0.0364449370186776,10.4259608554508,-0.306004554033279,0.211305260658264,0.97339791059494,-0.00444927925537585,-0.00526458571362873,0.0230931639125631,0.00978522913323508,0.00851089010636012,0.0245897958262099,-0.000171545148518712,6.89441624458664e-07,0.000542520897565387,0,0,0,0,1464.95,7.0822861
-0.00440518842326958,0.000392558154615112,0.957964777946472,0.0111217116937041,0.00578491063788533,-1.65491442150013,-0.0440518842326958,0.00392558154615112,-0.0150102149831077,-0.0490467485692352,-0.0255114559130743,7.29817259881557,-0.310741543769836,0.211169004440308,0.973926365375519,0.00116694048600626,-0.00305938840413007,0.0265703688295965,-0.0947397947312263,-0.00272512435913334,0.0105690956115819,0.112324394827744,0.0441039461900134,0.0695440983407327,0,0,0,0,1465,7.1504692
-0.00587358456435944,0.00052341087282015,0.957964777946472,0.0111217116937041,0.00578491063788533,-1.65491442150013,-0.0440518842326958,0.00392558154615112,-0.0150102149831077,-0.0343327239984646,-0.017858019139152,5.1087208191709,-0.314840376377106,0.210792630910873,0.974671721458435,0.00444203081322421,-0.000808670749902146,0.0259775225637904,-0.0819766521450875,-0.0075274705886567,0.014907121658271,0.0655018065441207,0.0450143530843946,-0.0118569253160792,0,0,0,0,1465.05,7.217208
-0.00677024581240527,-0.000402202566646882,0.959313929080963,0.0137312253937125,0.00461540184915066,-1.65419845050709,-0.0268998374413748,-0.0277684031840109,-0.0250036992119871,-0.0475185300990008,-0.00197503429879434,3.56966083448225,-0.322883695363998,0.210361078381538,0.975270748138428,0.00236616205531161,0.00148688066636402,0.0242257888728611,-0.0804331898690002,-0.00431552529335414,0.00599026679993221,-0.0207586875791449,0.0229555141626825,-0.0175173369093094,0,0,0,0,1465.15,7.2840046
-0.0076669070604511,-0.00132781600611391,0.959313929080963,0.0137312253937125,0.00461540184915066,-1.65419845050709,-0.0268998374413748,-0.0277684031840109,-0.0128613390015684,-0.0332629710693005,-0.00138252400915604,2.49876258413757,-0.327345073223114,0.209541380405426,0.975729167461395,0.000389672652676992,0.00237126592364282,0.022553843807847,-0.0892275571823932,-0.0163939595222622,0.00916838645935892,-0.0395297880527283,0.0176877051455922,-0.0334389013003119,0,0,0,0,1465.2,7.3507069
-0.00854551923060815,-0.00189281915985306,0.959313929080963,0.0137312253937125,0.00461540184915066,-1.65419845050709,-0.0263583651047117,-0.0169500946121743,-0.0230587416037561,-0.0232840797485104,-0.000967766806409227,1.7491338088963,-0.331912130117416,0.20881250500679,0.976231873035431,-0.00109200935109251,0.00227782958508888,0.0235362326038757,-0.0913411378861304,-0.0145775079727305,0.010054111480722,-0.029633640075417,-0.00186872677108047,0.0196477759205912,0,0,0,0,1465.25,7.4173829
-0.00942660478124987,-0.00245958522795044,0.971139967441559,0.0116910878568888,0.00272961496375501,-1.65433244174854,-0.0264325665192514,-0.0170029820429217,-0.129432307469891,0.00206238200745648,0.0162946452040744,1.22559958740051,-0.339421361684799,0.20849734544754,0.976569414138794,-0.00572921545530459,-0.00295184255043977,0.027905029260166,-0.0750923156737257,-0.00315159559249448,0.00337541103362577,-0.0463720610420576,-0.0522967213552151,0.0436879665628442,0,0,0,0,1465.35,7.4841071
-0.0103076903318916,-0.00302635129604783,0.971139967441559,0.0116910878568888,0.00272961496375501,-1.65433244174854,-0.0264325665192514,-0.0170029820429217,-0.0229979622245297,0.00144366740521954,0.0114062516428521,0.857919711180355,-0.343637019395828,0.208001181483269,0.976589202880859,-0.00461857176724774,-0.00343381088443756,0.0285024000111628,-0.0843131542206577,-0.00992327928543993,0.000395774841308954,0.0222128737611574,-0.00963936667996465,0.0119474150199453,0,0,0,0,1465.4,7.5508334
-0.0116050058834801,-0.00358257817247258,0.971139967441559,0.0116910878568888,0.00272961496375501,-1.65433244174854,-0.0389194665476542,-0.0166868062927424,-0.0160695228983661,0.00101056718365368,0.00798437614999644,0.600543797826248,-0.347977042198181,0.207663178443909,0.976378679275513,-0.00550922745042883,-0.00126622482646182,0.0264990826181719,-0.0868004560471371,-0.00676006078720708,-0.00421047210693742,-0.017813113663638,0.0433517211595542,-0.0400663478598538,0,0,0,0,1465.45,7.6175117
-0.0129017059842495,-0.00413862870306122,0.971103131771088,0.0126802530139685,0.00263593927957118,-1.65456966823475,-0.0389010030230826,-0.0166815159176592,-0.0157625809294114,-0.0081950893851597,0.00643214446265203,0.422515696854228,-0.35697340965271,0.20641553401947,0.975644946098328,-0.00450174894913204,-0.00092351945311528,0.0265302693609323,-0.0899636745451654,-0.0124764442443677,-0.00733733177184058,0.0100747850129541,0.00342705373346073,0.000311867427603652,0,0,0,0,1465.55,7.684231
-0.0141984060850189,-0.00469467923364986,0.971103131771088,0.0126802530139685,0.00263593927957118,-1.65456966823475,-0.0389010030230826,-0.0166815159176592,-0.0160941019636521,-0.00573656256961179,0.00450250112385642,0.29576098779796,-0.361343234777451,0.205862864851952,0.975546002388,-0.00370232726354442,-0.000473531473567821,0.0262054992133144,-0.0873965024948915,-0.0110533833503824,-0.00197887420654477,0.0159884337117671,0.00899975959095738,-0.00649540295236493,0,0,0,0,1465.6,7.7509021
-0.0154951061857883,-0.0052507297642385,0.971103131771088,0.0126802530139685,0.00263593927957118,-1.65456966823475,-0.0389010030230826,-0.0166815159176592,-0.0160941019636521,-0.00401559379872825,0.00315175078669949,0.207032691458572,-0.3651202917099,0.205549448728561,0.974882900714874,-0.00260610884755255,1.53555043494191e-05,0.0233216401543261,-0.0755411386490555,-0.00626832246780966,-0.0132620334625365,0.0219243683198573,0.00977773955835369,-0.0576771811798178,0,0,0,0,1465.65,7.8176163
-0.0156858659514206,-0.00611606974273518,0.978547990322113,0.00991821475327015,0.00216712243855,-1.65370373195545,-0.00572279296896772,-0.0259601993549004,-0.0860584442504933,0.0220474286871751,0.00642557711988027,0.137129457507328,-0.374217122793198,0.204304814338684,0.973621606826782,-0.000209245368817026,-0.00165038181815931,0.025358346266652,-0.09096831083306,-0.0124463438987845,-0.0126129388809319,0.023968634787377,-0.0166573732251024,0.0203670611232773,0,0,0,0,1465.75,7.8843115
-0.0158766257170528,-0.00698140972123186,0.978547990322113,0.00991821475327015,0.00216712243855,-1.65370373195545,-0.00572279296896772,-0.0259601993549004,-0.0190547172912648,0.0154332000810226,0.00449790398391619,0.0959906202551299,-0.378553152084351,0.203493058681488,0.973173677921295,-0.00208581971057748,-0.00260933838204308,0.0254565489364512,-0.0867205858227436,-0.0162351131438618,-0.00895857810970862,-0.0375314868350725,-0.0191791312776057,0.00196405339597708,0,0,0,0,1465.8,7.9509718
-0.0160673854826851,-0.00784674969972854,0.978547990322113,0.00991821475327015,0.00216712243855,-1.65370373195545,-0.00572279296896772,-0.0259601993549004,-0.0190547172912648,0.0108032400567158,0.00314853278874133,0.0671934341785909,-0.382669061422348,0.203071177005768,0.972973704338074,-0.00332615108235523,-0.000460709995931746,0.0250569900875301,-0.0823181867600236,-0.00843763351441197,-0.00399947166443235,-0.0248066274355776,0.0429725677222658,-0.00799117697842957,0,0,0,0,1465.85,8.0177497
-0.0162560231227661,-0.00871059748057944,0.959595680236816,0.0121226059272885,0.0039961957372725,-1.65370945400135,-0.00565912920243019,-0.0259154334255269,0.151476937810367,-0.0122772525264644,-0.0142576867363836,0.0470869023380996,-0.391465246677399,0.201618820428848,0.973441123962402,-0.0046278070617486,-0.000332894237176692,0.0253988050607975,-0.0879618525505866,-0.0145235657692088,0.00467419624329038,-0.0130165597939455,0.0012781575875517,0.00341814973267742,0,0,0,0,1465.95,8.0845078
-0.0164446607628471,-0.00957444526143034,0.959595680236816,0.0121226059272885,0.0039961957372725,-1.65370945400135,-0.00565912920243019,-0.0259154334255269,-0.0190938529573026,-0.00859407676852508,-0.00998038071546854,0.0329608316366697,-0.396534413099289,0.200407117605209,0.974044919013977,-0.00535344003475419,0.00406530198116412,0.0245575742727027,-0.101383328437897,-0.0242340564728004,0.0120759010315051,-0.0145126594601249,0.0879639243668962,-0.0168246157619104,0,0,0,0,1466,8.1511977
-0.0166332984029281,-0.0104382930422812,0.959595680236816,0.0121226059272885,0.0039961957372725,-1.65370945400135,-0.00565912920243019,-0.0259154334255269,-0.0190938529573026,-0.00601585373796755,-0.00698626650082797,0.0230725821456688,-0.400833308696747,0.199847966432571,0.975084900856018,-0.00461868875420757,0.00210853042141509,0.025709321451212,-0.0859779119488449,-0.0111830234527181,0.0207996368407446,0.0146950256108789,-0.0391354311948382,0.0230349435701021,0,0,0,0,1466.05,8.2178899
-0.0172619659868306,-0.0111714446329678,0.945798933506012,0.0101866461336613,0.00107701402157545,-1.65377764171497,-0.0188600275170739,-0.0219945477205965,0.118818379815117,0.0132125405260681,0.0213822488906939,0.0167644969245756,-0.408426910638809,0.199126005172729,0.977195143699646,-0.00206668179794949,-0.0012560143987481,0.0260861500924133,-0.0759360194206928,-0.00721961259842576,0.0211024284362985,0.0255200695626039,-0.0336454482016625,0.00376828641201604,0,0,0,0,1466.15,8.2846331
-0.017890633570733,-0.0119045962236543,0.945798933506012,0.0101866461336613,0.00107701402157545,-1.65377764171497,-0.0188600275170739,-0.0219945477205965,-0.00535234076212331,0.00924877836824765,0.0149675742234857,0.0117351478472029,-0.412848204374313,0.197799563407898,0.978188455104828,-0.00363992400275322,0.000222331547029967,0.0256655910478362,-0.0884258747101634,-0.026528835296655,0.0198662281036558,-0.0314648440961032,0.0295669189155882,-0.00841118089154937,0,0,0,0,1466.2,8.3512358
-0.0176792714067433,-0.014276765535658,0.945798933506012,0.0101866461336613,0.00107701402157545,-1.65377764171497,0.00634086491969354,-0.0711650793601111,-0.0245941314164958,0.00647414485777336,0.01047730195644,0.00821460349304203,-0.416823238134384,0.197628974914551,0.979028820991516,-0.00536995946330609,-0.00182612730779783,0.0264639668522788,-0.0795006752014883,-0.00341176986694646,0.0168073177337799,-0.0346007092110888,-0.0409691770965933,0.0159675160888659,0,0,0,0,1466.25,8.4180764
-0.0174664311030309,-0.0166476295802556,0.967483460903168,0.0108283571898937,0.00220010336488485,-1.65351538127796,0.0063852091113715,-0.0711259213379266,-0.219804710914841,-0.00124349810565072,-0.00277369272027663,0.00338987851202395,-0.426030546426773,0.194888472557068,0.979205846786499,-0.00618777638036925,-0.000917422998025676,0.0268103519544453,-0.0920730829237636,-0.0274050235747917,0.00177025794982669,-0.00817816917062039,0.00908704309770919,0.00346385102166071,0,0,0,0,1466.35,8.4847891
-0.0172535907993185,-0.0190184936248531,0.967483460903168,0.0108283571898937,0.00220010336488485,-1.65351538127796,0.0063852091113715,-0.0711259213379266,-0.024643964340439,-0.000870448673955507,-0.00194158490419364,0.00237291495841677,-0.430406451225281,0.194023758172989,0.979397177696228,-0.00472240349578713,-0.00361511005012611,0.0306481541110109,-0.0875180959702334,-0.0172942876815953,0.00382661819458356,0.0293074576916691,-0.0539537410420578,0.0767560431313817,0,0,0,0,1466.4,8.5515486
-0.0166367582682736,-0.021857611973341,0.967483460903168,0.0108283571898937,0.00220010336488485,-1.65351538127796,0.0185049759313466,-0.0851735504546345,-0.0102331580959096,-0.000609314071768855,-0.00135910943293555,0.00166104047089174,-0.434612423181534,0.193138927221298,0.979540467262268,-0.00474356896872636,-0.00381813918925132,0.0300979613171582,-0.0841194391251375,-0.0176966190338296,0.00286579132080339,-0.000423309458784975,-0.00406058278250791,-0.0110038558770643,0,0,0,0,1466.45,8.6182949
-0.016022124351066,-0.0246970542168201,0.962266266345978,0.0105846850201488,0.00244598463177681,-1.65425209468738,0.0184390175162263,-0.085183267304373,0.0367029010310583,0.00176652967746652,-0.00316430800508249,0.00779314901443867,-0.443062484264374,0.19144994020462,0.979219615459442,-0.00125480040717956,0.00139094242205961,0.0259817953361018,-0.0845006108282844,-0.0168898701667555,-0.0032085180282549,0.0348876856154203,0.0520908161130382,-0.0411616598105084,0,0,0,0,1466.55,8.6850167
-0.0154074904338585,-0.0275364964602992,0.962266266345978,0.0105846850201488,0.00244598463177681,-1.65425209468738,0.0184390175162263,-0.085183267304373,-0.0102518499836512,0.00123657077422656,-0.00221501560355774,0.00545520431010707,-0.447938442230225,0.190053924918175,0.978920698165894,-0.000584739065368957,0.00317543078488051,0.0245648085955533,-0.0975191593171053,-0.0279203057289377,-0.00597834587097712,0.0134012268362243,0.0356897672564506,-0.028339734810995,0,0,0,0,1466.6,8.7517944
-0.014792856516651,-0.0303759387037783,0.962266266345978,0.0105846850201488,0.00244598463177681,-1.65425209468738,0.0184390175162263,-0.085183267304373,-0.0102518499836512,0.000865599541958594,-0.00155051092249042,0.00381864301707495,-0.452243268489838,0.188420757651329,0.979076027870178,0.00218189218462396,0.00204071248750376,0.0261385261352625,-0.086096525192339,-0.0326633453369438,0.00310659408569618,0.0553326249999087,-0.0226943659475557,0.031474350794212,0,0,0,0,1466.65,8.8184964
-0.0153741782278798,-0.0311980172797812,0.964026272296906,0.0132392216473818,0.00153796642553061,-1.65335301822559,-0.0174396513368645,-0.0246623572800893,-0.0219043741129301,-0.0232849099657262,0.00708680621047248,-0.00541863804417547,-0.46038892865181,0.186172276735306,0.979671955108643,-0.00256304998451263,-0.00158201140282458,0.0301034292563601,-0.0814566016197945,-0.022484809160253,0.00595927238464897,-0.047449421691409,-0.0362272389033163,0.0396490312110122,0,0,0,0,1466.75,8.8851991
-0.0159554999391086,-0.0320200958557842,0.964026272296906,0.0132392216473818,0.00153796642553061,-1.65335301822559,-0.0174396513368645,-0.0246623572800893,-0.00606432055458051,-0.0162994369760084,0.00496076434733074,-0.00379304663092283,-0.465156435966492,0.184485048055649,0.980227053165436,-0.00249559356155963,-0.00172868460513388,0.0288762362947412,-0.0953501462932933,-0.0337445735930169,0.0111019611358239,0.00134912845905498,-0.00293346404617527,-0.0245438592322884,0,0,0,0,1466.8,8.9519632
-0.0165368216503374,-0.0328421744317872,0.964026272296906,0.0132392216473818,0.00153796642553061,-1.65335301822559,-0.0174396513368645,-0.0246623572800893,-0.00606432055458051,-0.0114096058832059,0.00347253504313152,-0.00265513264164598,-0.469162315130234,0.183138072490692,0.980577766895294,-0.00340348339439744,-0.00276026819089737,0.0295344808685653,-0.0801175832749142,-0.0269395112991578,0.00701427459717435,-0.0181577966567726,-0.0206316717152887,0.0131648914764944,0,0,0,0,1466.85,9.0186786
-0.017118500952346,-0.0336638067494802,0.971668601036072,0.0120758172124624,0.00285832700319588,-1.65342120593922,-0.0174503790602588,-0.0246489695307902,-0.0748568177325497,0.00248391579603012,-0.00945247066879537,-0.00124490342654476,-0.478027552366257,0.180377155542374,0.981054663658142,-0.00297840309045531,-0.00198467800223525,0.0271374939105069,-0.0886523723603101,-0.0276091694832099,0.00476896762848334,0.00425080303942516,0.00775590188662828,-0.0239698695806061,0,0,0,0,1466.95,9.0853651
-0.0177001802543547,-0.0344854390671732,0.971668601036072,0.0120758172124624,0.00285832700319588,-1.65342120593922,-0.0174503790602588,-0.0246489695307902,-0.0060758590800533,0.00173874105722108,-0.00661672946815676,-0.000871432398581334,-0.48192498087883,0.17864853143692,0.980865478515625,-0.00564689051940215,-0.00217117174855923,0.0272119463885247,-0.0779485702515357,-0.0345724821091013,-0.00378370285034524,-0.0533697485789855,-0.00372987492648304,0.00148904956035683,0,0,0,0,1467,9.1520597
-0.0182818595563633,-0.0353070713848662,0.971668601036072,0.0120758172124624,0.00285832700319588,-1.65342120593922,-0.0174503790602588,-0.0246489695307902,-0.0060758590800533,0.00121711874005476,-0.00463171062770973,-0.000610002679006934,-0.486394941806793,0.177127569913864,0.980618894100189,-0.00412116867117755,-0.00167298217198503,0.0291418617873957,-0.0893992185589399,-0.0304192304610099,-0.00493168830869788,0.0305144369643811,0.00996379153144778,0.0385983079772808,0,0,0,0,1467.05,9.2187244
-0.0187213535290259,-0.0365072595661583,0.972083330154419,0.0104320328682661,0.00265862024389207,-1.65342549747364,-0.0131848191798773,-0.0360056454387636,-0.0141922134583063,0.0156460422158052,-0.00144483660566254,-0.000388378065490401,-0.49475947022438,0.173855066299438,0.980271875858307,-0.00408487412872918,-0.00239172470927734,0.029633334423715,-0.0836452841759489,-0.0327250361442864,-0.0034701824188264,0.000362945424484014,-0.00718742537292967,0.00491472636319697,0,0,0,0,1467.15,9.2854004
-0.0191608475016884,-0.0377074477474504,0.972083330154419,0.0104320328682661,0.00265862024389207,-1.65342549747364,-0.0131848191798773,-0.0360056454387636,-0.0104596513931818,0.0109522295510636,-0.00101138562396377,-0.00027186464584328,-0.498935520648956,0.172093272209167,0.980091571807861,-0.00567969292463901,-0.00415878925225156,0.0314078303136823,-0.0835210084915921,-0.035235881805452,-0.00360608100891441,-0.0318963759182255,-0.0353412908595164,0.0354899177993796,0,0,0,0,1467.2,9.352186
-0.0197758994537468,-0.0379712076287357,0.972083330154419,0.0104320328682661,0.00265862024389207,-1.65342549747364,-0.0184515585617507,-0.00791279643855765,-0.0111495726137258,0.00766656068574455,-0.000707969936774642,-0.000190305252090296,-0.503310084342957,0.170639455318451,0.979982614517212,-0.0060356554536036,-0.00551895942039142,0.0327186365942023,-0.0874912738800845,-0.0290763378143575,-0.00217914581299026,-0.0071192505792983,-0.0272034033628221,0.026216125610423,0,0,0,0,1467.25,9.419436
-0.0203900316523047,-0.0382358637990125,0.975569307804108,0.0121428659185767,0.00140895158983767,-1.65316204494373,-0.018423965956737,-0.0079396851083038,-0.0425363557627621,-0.0100309049727743,0.0107514389307474,-0.00250428644562825,-0.511695206165314,0.167359858751297,0.978631019592285,-0.00257677628214319,-0.00388331483638669,0.0328710963235384,-0.0838512182234574,-0.0327959656714946,-0.0135159492492491,0.0345887917145569,0.016356445840025,0.00152459729335919,0,0,0,0,1467.35,9.4865589
-0.0210041638508626,-0.0385005199692893,0.975569307804108,0.0121428659185767,0.00140895158983767,-1.65316204494373,-0.018423965956737,-0.0079396851083038,-0.0111625569155636,-0.00702163348094203,0.00752600725152317,-0.00175300051193977,-0.515828788280487,0.165543913841248,0.977859795093536,-0.000499786271279674,-0.0014366963841882,0.0314543853869928,-0.082671642303542,-0.0363188982010218,-0.0154244899749896,0.0415398002173081,0.0489323690440144,-0.0283342187309375,0,0,0,0,1467.4,9.5532858
-0.0214091259897108,-0.0386637850979876,0.975569307804108,0.0121428659185767,0.00140895158983767,-1.65316204494373,-0.0121488641654473,-0.00489795386094931,-0.00831006588305146,-0.00491514343665942,0.00526820507606622,-0.00122710035835784,-0.520493268966675,0.163604184985161,0.977178394794464,0.000633782488421779,0.0014145411051317,0.0302862562565624,-0.0932896137238397,-0.0387945771217699,-0.0136280059814577,0.0226713751940497,0.0570247497864498,-0.0233625826086301,0,0,0,0,1467.45,9.6200131
-0.0218145951758452,-0.0388267693655324,0.976870894432068,0.0108186658471823,0.00198749965056777,-1.65318827098743,-0.0121640755840319,-0.00488952802634249,-0.0200158689781913,0.0084772002368884,-0.00151918899332455,-0.000622935857539942,-0.528689026832581,0.160757154226303,0.975378155708313,0.0003524296742172,0.00200939924587025,0.0291014567234221,-0.0819575786589458,-0.0284703075885384,-0.0180023908614867,-0.00281352814204195,0.00594858140737739,-0.0118479953313862,0,0,0,0,1467.55,9.686689
-0.0222200643619796,-0.0389897536330771,0.976870894432068,0.0108186658471823,0.00198749965056777,-1.65318827098743,-0.0121640755840319,-0.00488952802634249,-0.00830158932654942,0.00593404016582188,-0.00106343229532718,-0.000436055100277959,-0.532957255840302,0.15911328792572,0.97429096698761,0.00167514297547162,0.000520808335557464,0.0303789216412376,-0.0853645801544966,-0.0328773260116876,-0.0217437744140823,0.0264542660251125,-0.0297718182062828,0.0255492983563325,0,0,0,0,1467.6,9.7533889
-0.022625533548114,-0.0391527379006218,0.976870894432068,0.0108186658471823,0.00198749965056777,-1.65318827098743,-0.0121640755840319,-0.00488952802634249,-0.00830158932654942,0.00415382811607532,-0.000744402606729028,-0.000305238570194571,-0.537063300609589,0.157220646739006,0.972910940647125,0.00176057580565697,-0.00122451450665206,0.0305507315281733,-0.0821208953858169,-0.0378528237343179,-0.0276005268097175,0.00170865660370854,-0.0349064568442222,0.00343619773871699,0,0,0,0,1467.65,9.8201014
-0.0247764238023864,-0.0395833262885013,0.982999980449677,0.0118970777839422,0.0033104526810348,-1.6541309780492,-0.0645267076281725,-0.0129176516363826,-0.0576985989805762,-0.00679802774958682,-0.0124276590989136,0.008270696556772,-0.545345664024353,0.153823703527451,0.970081627368927,-0.00153058898012924,-0.000406605611170443,0.0301037030380979,-0.0828236341477194,-0.0339694321155857,-0.0282931327820082,-0.032911647857892,0.00817908895482362,-0.00447028490075795,0,0,0,0,1467.75,9.8867772
-0.0269273140566589,-0.0400139146763807,0.982999980449677,0.0118970777839422,0.0033104526810348,-1.6541309780492,-0.0645267076281725,-0.0129176516363826,-0.0025368248220984,-0.00475861942471077,-0.00869936136923953,0.0057894875897404,-0.549704432487488,0.152349174022675,0.969047546386719,-0.000969809911864654,0.00243704294967279,0.0308618088882977,-0.0871753692623782,-0.0294905900954127,-0.0206816196440898,0.0112155813652509,0.0568729712166578,0.0151621170039407,0,0,0,0,1467.8,9.9535008
-0.0290782043109313,-0.0404445030642601,0.982999980449677,0.0118970777839422,0.0033104526810348,-1.6541309780492,-0.0645267076281725,-0.0129176516363826,-0.0025368248220984,-0.00333103359729754,-0.00608955295846767,0.00405264131281828,-0.558167099952698,0.148703798651695,0.967408061027527,-0.00012323834494532,0.00322198847037829,0.0303604993606107,-0.0846266746521766,-0.0364537537098262,-0.0163948535919339,0.00846571566920105,0.00784945520706218,-0.00501309527687463,-0.00127759882579788,0,0,0,1467.9,10.0202097
-0.0312292312806979,-0.0408754149777714,0.972319662570953,0.0107265710830688,0.00137726939283311,-1.65408448642628,-0.0645308090929997,-0.0129273574053397,0.0936625364161804,0.0082028367897521,0.0131359625228878,0.00241842431264955,-0.562328100204468,0.146880403161049,0.966410458087921,-0.00103343151489346,0.00396256040438481,0.028816849938262,-0.0832200050354761,-0.0364679098129604,-0.0199520587921324,-0.0182038633989794,0.0148114386801438,-0.0308729884470014,0.0463953156358955,0,0,0,1467.95,10.0869213
-0.0333802582504646,-0.0413063268912827,0.972319662570953,0.0107265710830688,0.00137726939283311,-1.65408448642628,-0.0645308090929997,-0.0129273574053397,-0.00246032449232792,0.00574198575282647,0.00919517376602149,0.00169289701885469,-0.56639564037323,0.144977852702141,0.965798139572144,2.70605739807862e-05,0.00232839160276031,0.0296679415905619,-0.0813508033753181,-0.0380510091781962,-0.0122463703155629,0.0212098417775042,-0.0326833760325197,0.0170218330460126,0.0931851708197485,0,0,0,1468,10.1536041
-0.0355312852202312,-0.0417372388047941,0.972319662570953,0.0107265710830688,0.00137726939283311,-1.65408448642628,-0.0645308090929997,-0.0129273574053397,-0.00246032449232792,0.00401939002697853,0.00643662163621504,0.00118502791319828,-0.570707559585571,0.143317699432373,0.965129852294922,-0.00150495517478636,0.00213456232961311,0.0313530199688217,-0.0862383842465124,-0.0332030653952344,-0.013365745544385,-0.0306403149752314,-0.00387658546292993,0.0337015675650742,0.138262320253927,0,0,0,1468.05,10.2203021
-0.039323731010096,-0.0417367462230524,0.96865177154541,0.00970529764890671,0.000799359113443643,-1.65379075473682,-0.113773373695943,1.47774522493485e-05,0.0330754897723248,0.0120050339263442,0.00970682765985576,-0.00181406566583933,-0.578490912914276,0.140378087759018,0.964062452316284,-0.00431030165601481,0.00840686639872354,0.032182262180015,-0.0778335332871191,-0.0293961167335778,-0.0106739997863867,-0.02805346481231,0.0627230406911613,0.00829242211193971,0.180817992479106,0,0,0,1468.15,10.2870196
-0.0431161767999608,-0.0417362536413108,0.96865177154541,0.00970529764890671,0.000799359113443643,-1.65379075473682,-0.113773373695943,1.47774522493485e-05,6.44705424358838e-05,0.00840352374844096,0.00679477936189903,-0.00126984596608753,-0.582147777080536,0.139196142554283,0.963446021080017,-0.00582651469897463,0.0111041316268057,0.0325465348534716,-0.0731372833252618,-0.0236389040947175,-0.012328624725353,-0.0303242608592239,0.0539453045616923,0.00728545346913963,0.22008799443696,0,0,0,1468.2,10.3537109
-0.0469086225898256,-0.0417357610595691,0.96865177154541,0.00970529764890671,0.000799359113443643,-1.65379075473682,-0.113773373695943,1.47774522493485e-05,6.44705424358838e-05,0.00588246662390867,0.00475634555332932,-0.000888892176261271,-0.585342407226562,0.137768059968948,0.962802171707153,-0.00755202230042839,0.0146952008807983,0.0323056686119874,-0.0638926029205903,-0.0285616517067215,-0.0128769874572871,-0.0345101520291067,0.0718213850799177,-0.00481732482968838,0.255475568973134,0,0,0,1468.25,10.4204533
-0.0484593646785499,-0.0417673590137749,0.970476031303406,0.00854787509888411,-0.0129372123628855,-1.65384082263843,-0.0465222626617314,-0.000947938626171924,-0.02141093758688,0.0145345295869395,0.126958585174293,-0.000171613408880936,-0.590750575065613,0.135116845369339,0.961483120918274,-0.00813009118540626,0.0243856482195606,0.0332971308619802,-0.0540816783904291,-0.0265121459960576,-0.013190507888776,-0.00578068884977077,0.0969044733874909,0.00991462249991485,0.286391885614055,0,0,0,1468.35,10.4871249
-0.0500101067672743,-0.0417989569679806,0.970476031303406,0.00854787509888411,-0.0129372123628855,-1.65384082263843,-0.0465222626617314,-0.000947938626171924,-0.00499259976491951,0.0101741707108576,0.0888710096220048,-0.000120129386216655,-0.592634618282318,0.133829981088638,0.96150678396225,-0.00409452812203547,0.0264012537490777,0.0343223510139036,-0.0376808643341407,-0.0257372856140371,0.000473260879517032,0.0807112612674892,0.0403121105903789,0.020504403038486,0.312485232319924,0,0,0,1468.4,10.5538147
-0.0515608488559987,-0.0418305549221863,0.970476031303406,0.00854787509888411,-0.0129372123628855,-1.65384082263843,-0.0465222626617314,-0.000947938626171924,-0.00499259976491951,0.00712191949760035,0.0622097067354034,-8.40905703516588e-05,-0.593861222267151,0.132621183991432,0.961439669132233,-0.00248973918213244,0.0310834323013469,0.03370567647311,-0.0245320796966776,-0.0241759419441443,-0.00134229660034302,0.0320957787980898,0.0936435710454686,-0.012333490815883,0.333490070459393,0,0,0,1468.45,10.6205202
-0.0518425944663514,-0.0413651676622622,0.965929269790649,0.00995829701423645,-0.0284622330218554,-1.65446690982716,-0.00845236831058184,0.0139616177977241,0.0299955819333763,-0.00770845358985086,0.183271980645511,0.00557592129924017,-0.593748807907104,0.130305081605911,0.96100115776062,-0.00388394994649153,0.0401620122061966,0.0344355417984723,0.00112414360046233,-0.0231610238551778,-0.00438511371611951,-0.0139421076435719,0.0907857990483732,0.00729865325361265,0.349283338784648,0,0,0,1468.55,10.6872354
-0.0521243400767041,-0.040899780402338,0.965929269790649,0.00995829701423645,-0.0284622330218554,-1.65446690982716,-0.00845236831058184,0.0139616177977241,-0.0109252716814308,-0.0053959175128956,0.128290386451858,0.00390314490946812,-0.592152118682861,0.129534125328064,0.960445880889893,-0.00210367120636684,0.0429396692318683,0.032172549762962,0.0319337844848923,-0.0154191255569598,-0.0111055374145609,0.0356055748025263,0.0555531405134847,-0.0452598407102475,0.359885261592958,0,0,0,1468.6,10.7539392
-0.0524060856870569,-0.0404343931424139,0.965929269790649,0.00995829701423645,-0.0284622330218554,-1.65446690982716,-0.00845236831058184,0.0139616177977241,-0.0109252716814308,-0.00377714225902692,0.0898032705163005,0.00273220143662768,-0.589637935161591,0.128586068749428,0.960117757320404,-0.00517969099791427,0.0442641777645072,0.0334165857524581,0.0502836704254608,-0.0189611315727406,-0.00656247138977648,-0.0615203958310047,0.0264901706528021,0.0248807197899455,0.365459789010616,0,0,0,1468.65,10.8205733
-0.0512190331745213,-0.0384464583283273,0.963293254375458,0.0107601936906576,-0.0426660962402821,-1.65441064304249,0.0356115753760665,0.0596380444225999,0.0192171949971734,-0.00986106966910933,0.190697058327251,0.00140613994362766,-0.581754863262177,0.126587808132172,0.959852874279022,-0.0023898983670153,0.0492807537959897,0.0332625974578191,0.0788307189942123,-0.0199826061725798,-0.00264883041382077,0.0278979263090151,0.0501657603148707,-0.00153988294639107,0.366310956219437,0,0,0,1468.75,10.8873648
-0.0500319806619858,-0.0364585235142406,0.963293254375458,0.0107601936906576,-0.0426660962402821,-1.65441064304249,0.0356115753760665,0.0596380444225999,-0.00450694373955145,-0.00690274876837653,0.133487940829076,0.000984297960539361,-0.575940430164337,0.125658571720123,0.960001826286316,-0.00331826744352357,0.0517915563420802,0.0339327193778194,0.116288661956364,-0.0185847282408992,0.00297904014586319,-0.0185673815300978,0.0502160509216276,0.0134024383999564,0.36284281950705,0,0,0,1468.8,10.9540422
-0.0488449281494502,-0.0344705887001539,0.963293254375458,0.0107601936906576,-0.0426660962402821,-1.65441064304249,0.0356115753760665,0.0596380444225999,-0.00450694373955145,-0.00483192413786357,0.0934415585803529,0.000689008572377552,-0.569174408912659,0.12518647313118,0.960360944271088,-0.00342202745424834,0.0536748685635014,0.0339549275620753,0.135320425033692,-0.00944197177887822,0.0071823596954411,-0.00207520021449725,0.0376662444284564,0.000444163685118086,0.355571982251414,0,0,0,1468.85,11.0207309
-0.0476565634011234,-0.0324851689236055,0.952464044094086,0.0103713814169168,-0.0499123968183994,-1.65516452258961,0.035650942449805,0.0595625932964537,0.0926312395651446,0.000116963567162415,0.130625796209303,0.00726722192473655,-0.552452445030212,0.123955845832825,0.962221145629883,-0.00484617585096144,0.0518572553104134,0.035858286418255,0.167219638824615,-0.0123062729835622,0.0186020135879686,-0.014241483967144,-0.0181761325308965,0.019033588561814,0.345088689094595,0,0,0,1468.95,11.0874457
-0.0464681986527966,-0.030499749147057,0.952464044094086,0.0103713814169168,-0.0499123968183994,-1.65516452258961,0.035650942449805,0.0595625932964537,-0.00483165296720409,8.18744970136905e-05,0.0914380573465123,0.00508705534731559,-0.542175233364105,0.123365253210068,0.963020086288452,-0.00499993646085313,0.0529748796631064,0.0340826536503986,0.20554423332233,-0.0118118524551499,0.0159788131714013,-0.00307521219783652,0.0223524870538808,-0.0355126553571585,0.332054577282635,0,0,0,1469,11.154141
-0.0452798339044697,-0.0285143293705086,0.952464044094086,0.0103713814169168,-0.0499123968183994,-1.65516452258961,0.035650942449805,0.0595625932964537,-0.00483165296720409,5.73121479095833e-05,0.0640066401425586,0.00356093874312091,-0.531069219112396,0.123048529028893,0.963713645935059,-0.00472348084954947,0.0518475790298122,0.0329793601786,0.222120285033372,-0.00633448362348159,0.0138711929320784,0.00552911222605303,-0.0225460126658007,-0.0220658694358932,0.317161348376686,0,0,0,1469.05,11.2208244
-0.0404214870813108,-0.0205961538148395,0.962106585502625,0.0121349664404988,-0.0515368990600109,-1.6555536217107,0.145750404694767,0.237545266670072,-0.109429741153121,-0.0158321467087011,0.0594251682742944,0.00599454921002839,-0.505171716213226,0.122075311839581,0.964346528053284,-0.00429799374303146,0.0463329207797127,0.0364438385437087,0.258975028991935,-0.00973217189312866,0.00632882118225673,0.00425487106518404,-0.0551465825010451,0.0346447836511185,0.30110968801721,0,0,0,1469.15,11.2875126
-0.035563140258152,-0.0126779782591704,0.962106585502625,0.0121349664404988,-0.0515368990600109,-1.6555536217107,0.145750404694767,0.237545266670072,-0.0226468684762715,-0.0110825026960908,0.0415976177920061,0.00419618444701987,-0.490472078323364,0.121944226324558,0.964418530464172,-0.00301460343497841,0.0464293781759947,0.0351581873878675,0.293992757797509,-0.00262171030044794,0.00144004821777475,0.0256678061610843,0.00192914792564151,-0.0257130231168468,0.284587009895689,0,0,0,1469.2,11.3542283
-0.0307047934349931,-0.00475980270350139,0.962106585502625,0.0121349664404988,-0.0515368990600109,-1.6555536217107,0.145750404694767,0.237545266670072,-0.0226468684762715,-0.00775775188726355,0.0291183324544042,0.00293732911291391,-0.475081413984299,0.121468223631382,0.96439254283905,-0.00405364516793995,0.0446688527268485,0.0354614296112014,0.307813286781591,-0.00952005386353405,-0.000519752502441879,-0.0207808346592498,-0.0352105089829572,0.00606484446668314,0.268261615848673,0,0,0,1469.25,11.4209377
-0.0238542429203122,0.00350559031456515,0.958792269229889,0.0111288717016578,-0.0453753955662251,-1.65568975871937,0.205516515440427,0.247961790541996,0.018597746699533,0.00362442632848503,-0.0350706987259898,0.00328136345704267,-0.441657334566116,0.121435344219208,0.964248657226562,-0.00570626833575003,0.0444935755533612,0.0324885983400328,0.334240794181368,-0.0003287941217418,-0.00143885612487597,-0.0165262316780782,-0.0017527717348707,-0.0297283127116455,0.252740110027781,0,0,0,1469.35,11.4876351
-0.0170036924056313,0.0117709833326317,0.958792269229889,0.0111288717016578,-0.0453753955662251,-1.65568975871937,0.205516515440427,0.247961790541996,-0.0112310997550873,0.00253709842993952,-0.0245494891081928,0.00229695441992987,-0.423340022563934,0.121517837047577,0.964186429977417,-0.00336103023498898,0.0440221479486873,0.0315842593376399,0.366346240043973,0.00164985656738431,-0.00124454498291129,0.0469047620152638,-0.00942855209348625,-0.0180867800478746,0.238544515202643,0,0,0,1469.4,11.5543672
-0.0101531418909504,0.0200363763506982,0.958792269229889,0.0111288717016578,-0.0453753955662251,-1.65568975871937,0.205516515440427,0.247961790541996,-0.0112310997550873,0.00177596890095766,-0.017184642375735,0.00160786809395091,-0.405125677585602,0.121847979724407,0.964531064033508,-0.00165909381382771,0.0414064560808777,0.0352657843571313,0.364286899566982,0.00660285353661184,0.00689268112183244,0.0340387284232564,-0.0523138373562401,0.073630500389895,0.226134170459318,0,0,0,1469.45,11.6210582
0.000797596500846372,0.0275617078302456,0.96725869178772,0.0104927271604538,-0.0394647121429443,-1.65621690219776,0.328522151753903,0.225759944386421,-0.0970133833845214,0.00696847910150615,-0.0652254004725409,0.00586979897130763,-0.365407854318619,0.122473493218422,0.965028822422028,-0.00208666409998626,0.0352265034003603,0.0375099015916874,0.397178232669288,0.00625513494013887,0.00497758388518608,-0.00427570286157972,-0.0617995268050889,0.0224411723455309,0.215843724674946,0,0,0,1469.55,11.6877402
0.0117483348926431,0.035087039309793,0.96725869178772,0.0104927271604538,-0.0394647121429443,-1.65621690219776,0.328522151753903,0.225759944386421,-0.0208155803640441,0.0048779353710543,-0.0456577803307787,0.00410885927991534,-0.344211876392365,0.123351618647575,0.965513586997986,-0.00155414956263097,0.0364235640261501,0.0336234903662605,0.423919558525471,0.0175625085830848,0.00969529151917386,0.0106502907471156,0.0239412125158181,-0.0777282245086081,0.207903170353914,0,0,0,1469.6,11.7544439
0.0226990732844399,0.0426123707893403,0.96725869178772,0.0104927271604538,-0.0394647121429443,-1.65621690219776,0.328522151753903,0.225759944386421,-0.0208155803640441,0.00341455475973801,-0.0319604462315451,0.00287620149594074,-0.322748959064484,0.123566508293152,0.966250240802765,-0.00311390112558991,0.0317018427887842,0.0383318285492168,0.429258346558008,0.00429779291153345,0.0147330760955945,-0.0311950312592073,-0.0944344247474052,0.0941667636592107,0.202439260459315,0,0,0,1469.65,11.8211249
0.0287264790877049,0.0544387143216041,0.963902831077576,0.0104927271604538,-0.0394647121429443,-1.65621690219776,0.180822174097951,0.354790305967913,-0.00249171985792955,0.00239018833181661,-0.0223723123620815,0.00201334104715852,-0.278307437896729,0.124837279319763,0.966895222663879,-0.00300066899389723,0.0317172802723866,0.0342461878058115,0.444415211677955,0.0127077102661248,0.00644981861115089,0.00113232131692791,0.000154374836024014,-0.0408564074340899,0.199456171921083,0,0,0,1469.75,11.8878747
0.0347538848909699,0.0662650578538679,0.963902831077576,0.0104927271604538,-0.0394647121429443,-1.65621690219776,0.180822174097951,0.354790305967913,-0.0326944662492259,0.00167313183227163,-0.0156606186534571,0.00140933873301096,-0.255918502807617,0.125806123018265,0.967211663722992,-0.00108583590324003,0.0299552259344546,0.0367109119782835,0.447778701780598,0.0193768739699612,0.00632882118222795,0.0382966618130046,-0.0352410867585115,0.04929448344926,0.198860807098106,0,0,0,1469.8,11.9545636
0.040781153006043,0.0781050676815397,0.963902831077576,0.0151997283101082,-0.0326776206493378,-1.65570620960133,0.180818043452191,0.355200294830154,-0.0304471156620119,-0.0411918180642994,-0.0720462564998791,-0.00360969625481225,-0.232645481824875,0.126257941126823,0.967369019985199,-0.00261289246377678,0.0281494126152275,0.0378884609843749,0.46546041965527,0.00903636217118131,0.00314712524414349,-0.0305411312107627,-0.0361162663845738,0.0235509801218505,0.200450439633685,0,0,0,1469.85,12.0212774
0.0468032096386216,0.0899506050056355,0.96567440032959,0.00939038023352623,-0.0283960197120905,-1.65574721759693,0.180661698977359,0.355366119722874,-0.0458937956376163,0.0234498600442281,-0.0889667879851408,-0.00215771541791936,-0.185447931289673,0.12811703979969,0.966405630111694,-0.00463035099582928,0.0361267648158434,0.0341120799221293,0.47197550535245,0.0185909867286851,-0.00963389873505515,-0.0201745853205434,0.0797735220062317,-0.0377638106224912,0.203935692688392,0,0,0,1469.95,12.0879847
0.0528252662712002,0.101796142329731,0.96567440032959,0.00939038023352623,-0.0283960197120905,-1.65574721759693,0.180661698977359,0.355366119722874,-0.0299496723694888,0.0164149020309596,-0.0622767515895986,-0.00151040079254355,-0.159851744771004,0.129865542054176,0.966201901435852,-0.00251531255273143,0.0341773043429522,0.0346806354239767,0.511923730373848,0.0349700450897535,-0.00407457351684941,0.0423007688619955,-0.0389892094578614,0.0113711100369591,0.208949951725957,0,0,0,1470,12.1546738
0.0588473229037789,0.113641679653827,0.96567440032959,0.00939038023352623,-0.0283960197120905,-1.65574721759693,0.180661698977359,0.355366119722874,-0.0299496723694888,0.0114904314216717,-0.043593726112719,-0.00105728055478048,-0.135187208652496,0.131392806768417,0.965631723403931,-0.0043129165786613,0.0325330909370784,0.0379141363096637,0.493290722368353,0.0305452942847094,-0.0114035606383862,-0.0359520805184666,-0.0328842681173547,0.0646700177135058,0.215070027453801,0,0,0,1470.05,12.2213662
0.0610716768457086,0.126689716954435,0.978241324424744,0.0121103962883353,-0.0271275751292706,-1.65569595760242,0.0667306182578921,0.391441119018247,-0.146445517006895,-0.0164368424981116,-0.0419316095242828,-0.00120143633890786,-0.0843314379453659,0.133946552872658,0.963964343070984,-0.00600813287188962,0.0311754283560125,0.0343211860827222,0.508557707071767,0.0255374610424274,-0.0166738033294829,-0.0169521629322987,-0.0135766258106721,-0.0359295022694484,0.221830111400478,0,0,0,1470.15,12.2880625
0.0632960307876383,0.139737754255044,0.978241324424744,0.0121103962883353,-0.0271275751292706,-1.65569595760242,0.0667306182578921,0.391441119018247,-0.0333432001505109,-0.0115057897486781,-0.0293521266669979,-0.000841005437235504,-0.0577936768531799,0.136402368545532,0.962516903877258,-0.00303000973197133,0.0326523432008372,0.0357079030121816,0.530755221844202,0.0491163134575337,-0.028948783874538,0.0595624627984201,0.0295382968965227,0.0277343385892142,0.228741481708106,0,0,0,1470.2,12.3547676
0.0655203847295681,0.152785791555652,0.978241324424744,0.0121103962883353,-0.0271275751292706,-1.65569595760242,0.0667306182578921,0.391441119018247,-0.0333432001505109,-0.00805405282407469,-0.0205464886668985,-0.000588703806064853,-0.0309321116656065,0.138958394527435,0.960211753845215,-0.00523075870533639,0.0309697837131044,0.0350760359346341,0.537231303751957,0.051120519638108,-0.0461030006409111,-0.0440149794673413,-0.0336511897546867,-0.0126373415509626,0.235309954841846,0,0,0,1470.25,12.4214806
0.0705188207251641,0.164752765758089,0.984755158424377,0.00700071360915899,-0.0302556492388248,-1.65539197391407,0.149953079867882,0.35900922607312,-0.0807508443237254,0.0403493071357347,0.0137701249191596,-0.00314794585943583,0.0232366360723972,0.142650470137596,0.956313014030457,-0.00532080026702125,0.0363691211279737,0.0383580221375965,0.541687477379298,0.0369207561015579,-0.0389873981475298,-0.000900415616847345,0.0539933741486192,0.0328198620295792,0.241054473154861,0,0,0,1470.35,12.4882001
0.0755172567207602,0.176719739960527,0.984755158424377,0.00700071360915899,-0.0302556492388248,-1.65539197391407,0.149953079867882,0.35900922607312,-0.0221263383270213,0.0282445149950143,0.00963908744341175,-0.00220356210160508,0.0511652082204819,0.145781189203262,0.953916549682617,-0.00581630304175329,0.0347270942103832,0.0375885918246792,0.558571442962201,0.0626143813133809,-0.0479292869568307,-0.00991005549464993,-0.0328405383518395,-0.0153886062583591,0.245521450136813,0,0,0,1470.4,12.5548767
0.0805156927163563,0.188686714162964,0.984755158424377,0.00700071360915899,-0.0302556492388248,-1.65539197391407,0.149953079867882,0.35900922607312,-0.0221263383270213,0.01977116049651,0.00674736121038822,-0.00154249347112355,0.0803645700216293,0.149119019508362,0.951753854751587,-0.00571333087083402,0.0365015661082542,0.0345896583916686,0.58398723602348,0.0667566061020505,-0.0432538986206448,0.00205944341838727,0.0354894379574506,-0.0599786686602676,0.248312653487306,0,0,0,1470.45,12.6216338
0.0926830272856607,0.195943452778155,0.962470531463623,0.00393158895894885,-0.0350360311567783,-1.65546254581348,0.365020037079131,0.217702158455729,0.199641853788261,0.0414619341994483,0.0477465901088532,-0.000444598335059926,0.139259502291679,0.154860436916351,0.949163138866425,-0.00262071098246814,0.0374067980160487,0.034496278055026,0.588949322699697,0.0574141740798167,-0.0259071588515882,0.0309261988836166,0.00905231907793298,-0.000933803366424307,0.249074326580192,0,0,0,1470.55,12.6883309
0.104850361854965,0.203200191393346,0.962470531463623,0.00393158895894885,-0.0350360311567783,-1.65546254581348,0.365020037079131,0.217702158455729,-0.00091978885852809,0.0290233539396138,0.0334226130761972,-0.000311218834541948,0.169438242912292,0.158176094293594,0.948105931282043,-0.00397431130861615,0.0359682670203026,0.0339462436441546,0.603574812412811,0.0663131475449212,-0.0211441516876413,-0.0270720065229848,-0.0287706199149473,-0.0110006882174388,0.24752959656253,0,0,0,1470.6,12.7550559
0.117017696424269,0.210456930008537,0.962470531463623,0.00393158895894885,-0.0350360311567783,-1.65546254581348,0.365020037079131,0.217702158455729,-0.00091978885852809,0.0203163477577297,0.0233958291533381,-0.000217853184179364,0.199904918670654,0.161531358957291,0.947458863258362,-0.0033894610339411,0.0358749191533191,0.031252231518886,0.609333515167791,0.0671052932739868,-0.0129413604736446,0.0116970054935118,-0.00186695733967183,-0.0538802425054197,0.243473343533206,0,0,0,1470.65,12.8217785
0.125836784440854,0.218005343027601,0.977466404438019,0.00393158895894885,-0.0350360311567783,-1.65546254581348,0.264572640497538,0.226452390571936,-0.172355152951114,0.0142214434304108,0.0163770804073366,-0.000152497228925554,0.263301938772202,0.167504653334618,0.944162547588348,-0.0048034186595767,0.0411898385149911,0.0337326457972592,0.633970201016049,0.059732943773324,-0.0329631567001643,-0.0141395762563689,0.0531491936167681,0.0248041427837541,0.236782107421719,0,0,0,1470.75,12.8884805
0.134655872457439,0.225553756046666,0.977466404438019,0.00393158895894885,-0.0350360311567783,-1.65546254581348,0.264572640497538,0.226452390571936,-0.0373922961815519,0.00995501040128753,0.0114639562851356,-0.000106748060247888,0.295736849308014,0.171470463275909,0.941814601421356,-0.00239806790953831,0.0418463398049693,0.0339606818016244,0.648698210713888,0.0793161988255476,-0.0469589233396729,0.0481070150005929,0.0131300257995165,0.00456072008728831,0.227415977908429,0,0,0,1470.8,12.9551348
0.143472278390444,0.233119021419986,0.977466404438019,0.010776886716485,-0.0346199385821819,-1.65375832981007,0.264492177990167,0.226957961199612,-0.0361485807097639,-0.0546391725369243,0.00427993622822731,-0.0154126676729352,0.329334080219269,0.175400793552399,0.939370810985565,-0.0032589629157336,0.0408627607665477,0.0332067404329907,0.671944618225709,0.0786066055298567,-0.0488758087158648,-0.0172179001239215,-0.0196715807684505,-0.0150788273726879,0.215377631265986,0,0,0,1470.85,13.0219058
0.152296444705742,0.24066886703594,0.971597135066986,0.0108457803726196,-0.0380400978028774,-1.65483741229908,0.264724989458944,0.226495368478619,0.0160928850664145,-0.0388674636810585,0.0337773883460186,-0.00107712496993162,0.396731376647949,0.182900547981262,0.934431135654449,-0.00547361185529774,0.0407828652774725,0.0346726628987658,0.673972964287417,0.0749975442887035,-0.0493967533112022,-0.0221464893956616,-0.000798954890752454,0.0146592246577637,0.200800274509995,0,0,0,1470.95,13.0886025
0.16112061102104,0.248218712651894,0.971597135066986,0.0108457803726196,-0.0380400978028774,-1.65483741229908,0.264724989458944,0.226495368478619,-0.03673053927288,-0.0272072245767409,0.023644171842213,-0.000753987478952133,0.431543469429016,0.18702894449234,0.932099461555481,-0.00769862096346751,0.0410449088869952,0.0340297807612742,0.696241855621971,0.0825679302216327,-0.0466334819794125,-0.0445001821634357,0.00524087219045793,-0.0128576427498421,0.183842209097443,0,0,0,1471,13.1552793
0.169944777336339,0.255768558267848,0.971597135066986,0.0108457803726196,-0.0380400978028774,-1.65483741229908,0.264724989458944,0.226495368478619,-0.03673053927288,-0.0190450572037186,0.0165509202895491,-0.000527791235266493,0.466007620096207,0.190952152013779,0.930078625679016,-0.00851742420283187,0.0380411506455022,0.0366535533834944,0.689283013341303,0.0784641504284865,-0.0404167175291498,-0.0163760647872276,-0.0600751648296406,0.0524754524442118,0.164703807955918,0,0,0,1471.05,13.2220028
0.175099681465105,0.283207616877008,0.949000000953674,0.0108457803726196,-0.0380400978028774,-1.65483741229908,0.154647123862994,0.823171758274788,0.187241073946875,-0.013331540042603,0.0115856442026844,-0.000369453864686545,0.538474082946777,0.200648352503777,0.927385449409485,-0.0199502464262317,0.0364081363541349,0.0364284946783388,0.724664628506366,0.0969620049000668,-0.026931762695337,-0.114328222234102,-0.0163301429136876,-0.00225058705155778,0.143652518280875,0,0,0,1471.15,13.2887418
0.180254585593872,0.310646675486167,0.949000000953674,0.0108457803726196,-0.0380400978028774,-1.65483741229908,0.154647123862994,0.823171758274788,-0.0161331330729311,-0.00933207802982213,0.00810995094187906,-0.000258617705280581,0.574936330318451,0.205821514129639,0.927437543869019,-0.0211834324301722,0.033758246499302,0.0359780100732702,0.729244947434135,0.103463232517337,0.00104188919067478,-0.0246637200788329,-0.0529977970967073,-0.00900969210138048,0.121040940051357,0,0,0,1471.2,13.3553197
0.185430232690314,0.338084791148582,0.949000000953674,0.0101760309189558,-0.0338572636246681,-1.65557746356861,0.155269412893278,0.82314346987244,-0.0137330923794843,-0.000504709537901058,-0.0319685419445684,0.00647942903208484,0.611112475395203,0.211481600999832,0.927822053432465,-0.0202539363755444,0.0307561747380914,0.0358623726227399,0.723522901535692,0.113201737403973,0.00769019126892789,0.0185899210925731,-0.0600414352242656,-0.00231274901060676,0.0970474284662372,0,0,0,1471.25,13.4221164
0.19319288893268,0.364838644942647,0.942300498485565,-0.00129644898697734,-0.0263989474624395,-1.65573124355213,0.232879687270971,0.802615613821938,0.0264376938645299,0.102899022476868,-0.0895028248212552,0.00591962017414396,0.684379875659943,0.22381916642189,0.927607417106628,-0.0207513059915613,0.0247073630498791,0.0372864583271897,0.7326740026464,0.123375654220413,-0.00214636325835889,-0.00497369616016199,-0.0604881168820405,0.0142408570444783,0.0720928085257663,0,0,0,1471.35,13.4888251
0.200955545175046,0.391592498736711,0.942300498485565,-0.00129644898697734,-0.0263989474624395,-1.65573124355213,0.232879687270971,0.802615613821938,-0.0338578283484523,0.0720293157338073,-0.0626519773748786,0.00414373412190077,0.720976948738098,0.230591669678688,0.92744767665863,-0.0216818100376099,0.0218868117596615,0.0375414111465467,0.731941461563776,0.135450065136079,-0.00319480895996384,-0.0186100809209897,-0.0564110258044039,0.00509905638714453,0.0464665512111746,0,0,0,1471.4,13.5555014
0.208718201417411,0.418346352530776,0.942300498485565,-0.00129644898697734,-0.0263989474624395,-1.65573124355213,0.232879687270971,0.802615613821938,-0.0338578283484523,0.0504205210136651,-0.043856384162415,0.00290061388533054,0.757677733898163,0.238090425729752,0.926873028278351,-0.0218107981954751,0.0222367166285812,0.0371001275686077,0.734015703201962,0.149975121021407,-0.0114929676056013,-0.00257976315730621,0.00699809737840095,-0.00882567155878878,0.0203702986464711,0,0,0,1471.45,13.6223733
0.218544892965892,0.430855789627238,0.954100370407104,-0.00500608468428254,-0.0132499858736992,-1.65503482288258,0.294800746454423,0.375283112893871,-0.136197702402306,0.0686810859853124,-0.149040123212354,-0.0042373563062696,0.831046581268311,0.254310995340347,0.924902439117432,-0.0124979849372184,0.0166134990837845,0.0339770858823577,0.733688473700476,0.162205696105736,-0.019705891609165,0.0931281325824395,-0.0562321754478904,-0.0312304168624569,-0.00578725342456921,0,0,0,1471.55,13.6890722
0.228371584514373,0.4433652267237,0.954100370407104,-0.00500608468428254,-0.0132499858736992,-1.65503482288258,0.294800746454423,0.375283112893871,-0.0299988551084525,0.0480767601897187,-0.104328086248648,-0.00296614941438872,0.867070913314819,0.26277831196785,0.924083232879639,-0.0114885323188016,0.0153292911302694,0.0340525267841793,0.720486640930831,0.169346332550203,-0.0163841247558743,0.0201890523683546,-0.0256841590703265,0.00150881803643253,-0.0318505552614743,0,0,0,1471.6,13.7557943
0.238198276062854,0.455874663820163,0.954100370407104,-0.00500608468428254,-0.0132499858736992,-1.65503482288258,0.294800746454423,0.375283112893871,-0.0299988551084525,0.0336537321328031,-0.0730296603740533,-0.0020763045900721,0.903339028358459,0.272009074687958,0.923612058162689,-0.0103061601327889,0.0124695962921062,0.0330094618049061,0.725362300873462,0.184615254402329,-0.00942349433899783,0.0236474437202753,-0.0571938967633155,-0.020861299585483,-0.0576974418712599,0,0,0,1471.65,13.822729
0.262224291974527,0.457625151323973,0.954100370407104,-0.00500608468428254,-0.0132499858736992,-1.65503482288258,0.720780477350212,0.0525146251142967,-0.0109674212813946,0.0235576124929621,-0.0511207622618373,-0.00145341321305047,0.97469961643219,0.290043145418167,0.924579739570618,-0.0010430842795341,0.00467332684873696,0.0314429813023881,0.713605880737954,0.180340707302258,0.00967681407929347,0.0926307585326327,-0.0779626944337632,-0.0156648050251944,-0.0830003886952778,0,0,0,1471.75,13.8894295
0.286250307886201,0.459375638827783,0.954100370407104,-0.00500608468428254,-0.0132499858736992,-1.65503482288258,0.720780477350212,0.0525146251142967,-0.0109674212813946,0.0164903287450735,-0.0357845335832861,-0.00101738924913533,1.0095956325531,0.29898664355278,0.925428688526154,0.00328354734808042,0.000298278798487172,0.0311238708709377,0.697920322415674,0.17886996269161,0.016978979110656,0.0865326325519755,-0.0875009610046773,-0.00638220862898382,-0.107725655503153,0,0,0,1471.8,13.9561037
0.310277970533339,0.461142709448733,0.935330212116241,0.000418216484831646,-0.0065151690505445,-1.65451411670582,0.720829879414132,0.0530121186285048,0.16120725445207,-0.0372754804004762,-0.0856625249166925,-0.00539852806521504,1.0438015460968,0.307846635580063,0.926317572593689,0.0025907931420622,-0.00728494936942647,0.0303580338004953,0.684118270874646,0.177199840545815,0.0177776813507242,-0.0138550841203768,-0.151664563358411,-0.0153167414088612,-0.131826704688581,0,0,0,1471.85,14.0228383
0.334304374790904,0.462963042757251,0.935909748077393,0.0163873434066772,0.00839698407799006,-1.65236668056385,0.720792127726971,0.05460999925555,-0.00377831747796987,-0.169814978576944,-0.194173145598496,-0.0231058949233605,1.11138606071472,0.325495153665543,0.927977085113525,-0.000369389266815218,-0.00818136199724754,0.0297273681966957,0.675845146179814,0.176485180854958,0.0165951251983793,-0.0296018240888012,-0.00896412627821879,-0.00630665603800184,-0.155213165786186,0,0,0,1471.95,14.0895096
0.35833077904847,0.464783376065769,0.935909748077393,0.0163873434066772,0.00839698407799006,-1.65236668056385,0.720792127726971,0.05460999925555,0.00143750617239024,-0.118870485003861,-0.135921201918947,-0.0161741264463523,1.14354956150055,0.33401021361351,0.928602933883667,-0.00132494774422946,-0.0115352646635521,0.0289975733015628,0.643270015717138,0.170301198959505,0.0125169754028434,-0.0191111695483022,-0.0670780533261518,-0.0145958979026713,-0.177892189297594,0,0,0,1472,14.1561915
0.382357183306036,0.466603709374288,0.935909748077393,0.0163873434066772,0.00839698407799006,-1.65236668056385,0.720792127726971,0.05460999925555,0.00143750617239024,-0.0832093395027025,-0.0951448413432629,-0.0113218885124466,1.17522144317627,0.342970073223114,0.930648267269135,0.00654327496806654,-0.0229512235785316,0.027903626475377,0.6334376335121,0.179197192191426,0.0409066677092018,0.157364454245347,-0.22831917829876,-0.0218789365236378,-0.199860966837793,0,0,0,1472.05,14.2228798
0.397445019337804,0.476845064378752,0.935909748077393,0.0163873434066772,0.00839698407799006,-1.65236668056385,0.452635080953037,0.307240650133943,-0.0230683921613739,-0.0582465376518917,-0.066601388940284,-0.00792532195871265,1.23658537864685,0.359168589115143,0.933257639408112,0.00713090727303212,-0.0258054640266608,0.0286256304008677,0.613639354706369,0.161985158920435,0.0260937213897942,0.00587632304966121,-0.028542404481318,0.00722003925491374,-0.221145184742605,0,0,0,1472.15,14.289629
0.412532855369572,0.487086419383217,0.935909748077393,0.0163873434066772,0.00839698407799006,-1.65236668056385,0.452635080953037,0.307240650133943,-0.0230683921613739,-0.0407725763563242,-0.0466209722581988,-0.00554772537109885,1.26585698127747,0.36732006072998,0.93400365114212,0.00575677451256745,-0.0282553877972805,0.0276540428305093,0.585432052612837,0.163029432296901,0.0149202346801894,-0.0274826552093186,-0.0489984754124376,-0.0194317514071858,-0.241733506286421,0,0,0,1472.2,14.356376
0.427591646240225,0.497378241437108,0.935909748077393,0.0145509373396635,0.0172947738319635,-1.64967660373585,0.451763726119607,0.308754661616712,-0.0214781419640824,-0.0120131488463033,-0.112714788366501,-0.0280940992117956,1.32187175750732,0.383303999900818,0.93678605556488,0.000279317369543816,-0.0239162536260958,0.0258430363922898,1.12029552459819,0.319678783417039,0.0556480884552508,-0.109549142860572,0.0867826834237728,-0.036220128764422,-0.261635560977382,0,0,0,1472.25,14.4231478
0.435597584296853,0.502890382076608,0.935747504234314,0.0130249243229628,0.0271934624761343,-1.64894513553516,0.240178141698849,0.165364219185002,-0.0155115649652637,0.00532491295789441,-0.167988549654087,-0.0262490832544092,1.34791958332062,0.391022115945816,0.938487648963928,-0.00127118845846705,-0.0240626217202733,0.0252232617812941,0.260478258132579,0.0771811604498764,0.0170159339904553,-0.0155050582800875,-0.00146368094177266,-0.00619774610994909,-0.280818005058124,0,0,0,1472.35,14.4898814
0.443603522353482,0.508402522716108,0.935747504234314,0.0130249243229628,0.0271934624761343,-1.64894513553516,0.240178141698849,0.165364219185002,-0.0169717595529713,0.00372743907052609,-0.117591984757861,-0.0183743582780865,1.37322700023651,0.398733496665955,0.940399050712585,-0.00406525140185166,-0.0279271949372372,0.0235349309254096,0.506148338318331,0.154227614402911,0.0382280349731793,-0.0558812588677432,-0.07729146433935,-0.0337666171177207,-0.299244356887234,0,0,0,1472.4,14.5565795
0.45160946041011,0.513914663355608,0.935747504234314,0.0130249243229628,0.0271934624761343,-1.64894513553516,0.240178141698849,0.165364219185002,-0.0169717595529713,0.00260920734936826,-0.0823143893305027,-0.0128620507946605,1.4204283952713,0.413934588432312,0.943959474563599,-0.00237944688443544,-0.0321335255420594,0.0218780533470275,0.47201395034833,0.152010917663712,0.0356042385101642,0.0168580451741775,-0.0420633060482595,-0.0165687757838353,-0.316886865306937,0,0,0,1472.5,14.6233928
0.459232074321825,0.516240092983561,0.933466553688049,0.00901137199252844,0.0352108664810658,-1.64594177669422,0.228678417351446,0.0697628888385789,0.0038550516384524,0.0379484161184667,-0.129776708575735,-0.0360336651247438,1.44256496429443,0.421847075223923,0.94567596912384,-0.000272111149531453,-0.0341535304938695,0.0211219507525602,0.442731380461036,0.158249735831639,0.0343298912047091,0.0421467146979265,-0.0404000990360558,-0.0151220518892924,-0.33359319277334,0,0,0,1472.55,14.6901311
0.46685468823354,0.518565522611513,0.933466553688049,0.00901137199252844,0.0352108664810658,-1.64594177669422,0.228678417351446,0.0697628888385789,-0.0166735032779294,0.0265638912829267,-0.0908436960030145,-0.0252235655873207,1.46410918235779,0.429698526859283,0.947875559329987,0.0025457943236201,-0.036824966874564,0.0213414442051758,0.430884361267482,0.157029032707357,0.0439918041229648,0.0563581094630824,-0.0534287276139392,0.00438986905231736,-0.349232700494974,0,0,0,1472.6,14.7568052
0.474477302145255,0.520890952239466,0.933466553688049,0.00901137199252844,0.0352108664810658,-1.64594177669422,0.228678417351446,0.0697628888385789,-0.0166735032779294,0.0185947238980487,-0.0635905872021101,-0.0176564959111245,1.50182461738586,0.444324135780334,0.952057957649231,0.00224553805263022,-0.0377526401140832,0.0208179317374719,0.377154350281105,0.146256089210643,0.0418239831924819,-0.00300256270990156,-0.00927673239520016,-0.00523512467704408,-0.363663572867818,0,0,0,1472.7,14.8235379
0.483330379533669,0.51970799036773,0.945940315723419,0.00901137199252844,0.0352108664810658,-1.64594177669422,0.265592321652439,-0.0354888561520807,-0.141985096102429,0.0130163067286341,-0.0445134110414771,-0.0123595471377871,1.51940214633942,0.451326817274094,0.95385479927063,0.00262810535483324,-0.037909852484469,0.0205821380196391,0.351550579071365,0.14005362987531,0.0359368324280112,0.00765134604406729,-0.00314424740771904,-0.00471587435666088,-0.376659835270268,0,0,0,1472.75,14.8902196
0.492183456922084,0.518525028495994,0.945940315723419,0.00901137199252844,0.0352108664810658,-1.64594177669422,0.265592321652439,-0.0354888561520807,-0.0297212377841006,0.00911141471004385,-0.031159387729034,-0.00865168299645099,1.53573250770569,0.458481252193451,0.955049872398376,0.00243675089658979,-0.0402235320479944,0.0199815882303737,0.326607227324251,0.143088698386625,0.0239014625548447,-0.00382708916485496,-0.0462735912703384,-0.0120109957852637,-0.388004777020683,0,0,0,1472.8,14.9569007
0.50104753278781,0.517365943803418,0.945940315723419,0.0150436172261834,0.0426619164645672,-1.64410762256519,0.265922275971768,-0.0347725407772644,-0.028671925788217,-0.0479122168058641,-0.0888710212618367,-0.0225635652587706,1.56403827667236,0.472381085157394,0.955538094043732,0.00161951874815951,-0.0456435552418239,0.0207937852367357,0.283057689667006,0.138998329639561,0.00488221645355669,-0.00817232148431026,-0.0542002319383443,0.00812197006362695,-0.397464062689193,0,0,0,1472.9,15.0236804
0.509909327449664,0.516211561365553,0.967121720314026,0.013207670301199,0.0472269430756569,-1.64438657230274,0.265853839855635,-0.0346314731359606,-0.219696522184315,-0.0170150294392448,-0.103294954383093,-0.0132839480432,1.57629466056824,0.478986173868179,0.95503693819046,0.00165151076173096,-0.0491193165783165,0.0202372665656653,0.245127677917703,0.132101774215818,-0.0100231170654388,0.000639840271429633,-0.0695152267299151,-0.0111303734214171,-0.404757613231682,0,0,0,1472.95,15.090411
0.518771122111519,0.515057178927688,0.967121720314026,0.013207670301199,0.0472269430756569,-1.64438657230274,0.265853839855635,-0.0346314731359606,-0.029063880868855,-0.0119105206074713,-0.0723064680681651,-0.00929876363023996,1.58691918849945,0.484994828701019,0.954359114170074,0.00216452069300503,-0.0505744077459403,0.0205687906228,0.212490558624461,0.120173096656909,-0.0135564804077272,0.0102601986254907,-0.0291018233525038,0.0066304811427003,-0.40963471768998,0,0,0,1473,15.15709
0.527632916773373,0.513902796489822,0.967121720314026,0.013207670301199,0.0472269430756569,-1.64438657230274,0.265853839855635,-0.0346314731359606,-0.029063880868855,-0.00833736442522994,-0.0506145276477156,-0.00650913454116797,1.60469257831573,0.497572183609009,0.951743960380554,0.00335737728826909,-0.055049769673796,0.0178069973012621,0.177733898162599,0.125773549079723,-0.026151537895167,0.0119285659526243,-0.0447536192784961,-0.0276179332153421,-0.41186074268658,0,0,0,1473.1,15.2238272
0.531133503799836,0.51114487410555,0.967121720314026,0.013207670301199,0.0472269430756569,-1.64438657230274,0.105017610793903,-0.0827376715281755,-0.0124294554112957,-0.00583615509766095,-0.0354301693534009,-0.00455639417881758,1.61141180992126,0.503145277500153,0.950115263462067,0.00169334667336766,-0.0553003939270849,0.0171188356253775,0.134384632110718,0.111461877822977,-0.0325739383697806,-0.0332806122980589,-0.0050124850657812,-0.0137632335177043,-0.41121510310431,0,0,0,1473.15,15.2905133
0.5346340908263,0.508386951721277,0.967121720314026,0.013207670301199,0.0472269430756569,-1.64438657230274,0.105017610793903,-0.0827376715281755,-0.0124294554112957,-0.00408530856836267,-0.0248011185473806,-0.00318947592517231,1.61650764942169,0.508455097675323,0.948569178581238,0.000233699493770997,-0.0551635818975812,0.0174411913837192,0.101916790008638,0.106196403503515,-0.0309216976166053,-0.0291929435919598,0.00273624059007659,0.00644711516684136,-0.407517379112404,0,0,0,1473.2,15.3572586
0.538142346715767,0.505639082802356,0.975787758827209,0.0174290668219328,0.054022029042244,-1.64239839977161,0.105247676684017,-0.0824360675676421,-0.0904521968212196,-0.0408522846844584,-0.0785165566824501,-0.020126185927772,1.62254118919373,0.519300878047943,0.94522225856781,-7.01306752488055e-06,-0.0559341937463582,0.0150717702484391,0.0603353977202546,0.108457803726048,-0.0334692001342317,-0.00240712561295549,-0.00770611848775981,-0.0236942113527696,-0.400649695105702,0,0,0,1473.3,15.4239091
0.538356087616921,0.502622079870867,0.979512393474579,0.0174290668219328,0.054022029042244,-1.64239839977161,0.00641222703460367,-0.090510087944668,-0.04838392603356,-0.0285965992791209,-0.054961589677715,-0.0140883301494404,1.62346339225769,0.524459481239319,0.943273603916168,0.000953837734331219,-0.0560203654705145,0.0152315286877497,0.0184440612793136,0.103172063827608,-0.0389730930328724,0.0192170160371395,-0.00172343448312744,0.00319516878621639,-0.390524909051844,0,0,0,1473.35,15.4906475
0.538569828518074,0.499605076939378,0.979512393474579,0.0174290668219328,0.054022029042244,-1.64239839977161,0.00641222703460367,-0.090510087944668,-0.0148622142072355,-0.0200176194953846,-0.0384731127744005,-0.00986183110460827,1.62308323383331,0.528996765613556,0.941331088542938,0.000884939489477926,-0.0551159245981995,0.0152763286658352,-0.00760316848755574,0.0907456874848237,-0.0388503074646349,-0.00137796489706711,0.018088817446316,0.000895999561709801,-0.37715507861663,0,0,0,1473.4,15.5573642
0.538787492107087,0.496590910671891,0.979512393474579,0.0160517394542694,0.0574367195367813,-1.64090709155933,0.00652990767039782,-0.0904249880246068,-0.0150891990129848,-0.00161638733779877,-0.0576633933929165,-0.0203250556837483,1.61861538887024,0.537731766700745,0.937837421894073,-0.003834690236896,-0.048021570339246,0.0131591407620644,-0.0446784496307779,0.0873500108719667,-0.0349366664886792,-0.0471962972637822,0.0709435425895999,-0.0211718790377272,-0.360616685907644,0,0,0,1473.5,15.6240688
0.536844394402545,0.492707252361126,0.973982751369476,0.0157930459827185,0.0539688691496849,-1.63937930530445,-0.0582929311362637,-0.11650974932295,0.0335165971001674,0.00119677010749934,-0.00915372189117392,-0.0279776152725691,1.61408483982086,0.541972517967224,0.93657648563385,-0.00632731582871561,-0.0488564334295797,0.0121149008480713,-0.0906109809872192,0.0848150253292813,-0.025218725204376,-0.0498525118362107,-0.0166972618066144,-0.0208847982797856,-0.341070865115972,0,0,0,1473.55,15.690749
0.534901296698003,0.488823594050361,0.973982751369476,0.0157930459827185,0.0539688691496849,-1.63937930530445,-0.0582929311362637,-0.11650974932295,-0.0162501818457555,0.000837739075249537,-0.00640760532382175,-0.0195843306907984,1.60874247550964,0.545823097229004,0.935795903205872,-0.008391106603936,-0.0486936939345989,0.011254618281031,-0.106847286224462,0.0770115852356657,-0.0156116485595845,-0.0412758155044454,0.00325478989962052,-0.0172056513408226,-0.318745082139515,0,0,0,1473.6,15.757438
0.532958198993461,0.484939935739596,0.973982751369476,0.0157930459827185,0.0539688691496849,-1.63937930530445,-0.0582929311362637,-0.11650974932295,-0.0162501818457555,0.000586417352674676,-0.00448532372667522,-0.0137090314835589,1.60210835933685,0.54996782541275,0.935794293880463,-0.00802919125506848,-0.0489901663247572,0.0113842596403379,-0.132682323455931,0.0828945636750022,-3.21865081787402e-05,0.00723830697735707,-0.00592944780317307,0.00259282718614161,-0.293945527161741,0,0,0,1473.65,15.8241553
0.528284573394104,0.48052878436044,0.973982751369476,0.0157930459827185,0.0539688691496849,-1.63937930530445,-0.140208767980711,-0.132334541374691,-0.0220434250902635,0.000410492146872273,-0.00313972660867266,-0.0095963220384912,1.5858348608017,0.557682275772095,0.935779273509979,-0.0101699863301144,-0.0416956986133555,0.0102628173493828,-0.162734985351711,0.077144503593515,-0.000150203704834121,-0.0214079507504788,0.0729446771140839,-0.0112144229095616,-0.267069566197367,0,0,0,1473.75,15.8908733
0.523610947794747,0.476117632981283,0.973982751369476,0.0157930459827185,0.0539688691496849,-1.63937930530445,-0.140208767980711,-0.132334541374691,-0.0220434250902635,0.000287344502810591,-0.00219780862607086,-0.00671742542694384,1.57558846473694,0.56170791387558,0.936173617839813,-0.010013290160766,-0.0444796564920876,0.0104674362434948,-0.204927921294421,0.0805127620694092,0.007886886596651,0.00313392338695725,-0.0556791575744387,0.00409237788222639,-0.238566000334504,0,0,0,1473.8,15.9576038
0.518941917824253,0.47169473278355,0.957966804504395,0.0117225218564272,0.0514983460307121,-1.63756398624317,-0.140070899114814,-0.132687005932,0.122717466453992,0.0368358582885889,0.0206962420325054,-0.0210400693503744,1.55300104618073,0.569744825363159,0.937374293804169,-0.00874538120177607,-0.0413429912134072,0.0102270545294307,-0.225874185562339,0.0803691148758666,0.0120067596435656,0.0126790895899106,0.0313666527868325,-0.00240381714064342,-0.208949550821597,0,0,0,1473.9,16.0243308
0.514275343774096,0.467260158299841,0.96166867017746,0.0100299278274179,0.0445500053465366,-1.63660578197376,-0.139997221504718,-0.133037234511264,-0.0538979816233819,0.0410184470630963,0.0770224355803332,-0.0233518869699447,1.54056525230408,0.574025988578796,0.937175691127777,-0.00911568752618552,-0.0385210378265946,0.0110008406362227,-0.248715877533185,0.085623264312822,-0.00397205352783564,-0.0074061264881958,0.0564390677363025,0.0154757221358543,-0.178769980004335,0,0,0,1473.95,16.0910515
0.509608769723938,0.462825583816132,0.96166867017746,0.0100299278274179,0.0445500053465366,-1.63660578197376,-0.139997221504718,-0.133037234511264,-0.0205811905657952,0.0287129129441674,0.0539157049062332,-0.0163463208789613,1.52771461009979,0.578458964824677,0.936553239822388,-0.00828584075356771,-0.0333394754782196,0.0115343283294022,-0.257012844085927,0.0886595249176832,-0.0124490261077994,0.0165969354523713,0.103631246967595,0.0106697538635984,-0.148595664664288,0,0,0,1474,16.1577748
0.504942195673781,0.458391009332424,0.96166867017746,0.0100299278274179,0.0445500053465366,-1.63660578197376,-0.139997221504718,-0.133037234511264,-0.0205811905657952,0.0200990390609172,0.0377409934343633,-0.0114424246152729,1.49950230121613,0.586871027946472,0.935243129730225,-0.00470402902402262,-0.0275230838467299,0.0112470354150571,-0.282123088836285,0.0841206312178418,-0.013101100921613,0.0358181172954021,0.0581639163148171,-0.00287292914344709,-0.118995520936093,0,0,0,1474.1,16.2245234
0.500281100644951,0.452207358293529,0.959615111351013,0.0100299278274179,0.0445500053465366,-1.63660578197376,-0.139832850864909,-0.185509531166845,-0.000598146505074365,0.014069327342642,0.0264186954040543,-0.00800969723069102,1.48416864871979,0.591191709041595,0.934564650058746,-0.00244938603048936,-0.0269171971447491,0.0135853160808078,-0.306673049927037,0.0864136219025444,-0.0135695934295778,0.0450928598707062,0.0121177340396265,0.0467656133150566,-0.0905427525118457,0,0,0,1474.15,16.2912851
0.495620005616121,0.446023707254634,0.959615111351013,0.0100299278274179,0.0445500053465366,-1.63660578197376,-0.139832850864909,-0.185509531166845,-0.0190801759430932,0.00984852913984942,0.018493086782838,-0.00560678806148371,1.46880352497101,0.595580339431763,0.93381941318512,-0.00431242282551412,-0.0259873829475202,0.0138655982580917,-0.307302474975865,0.0877726078034246,-0.0149047374725477,-0.0372607359005291,0.018596283944596,0.00560564354568471,-0.0638021800924513,0,0,0,1474.2,16.3579877
0.490945002849911,0.439840667915828,0.959615111351013,0.0141083318740129,0.0310859438031912,-1.63914780086414,-0.140250082986288,-0.185491180164191,-0.017610449932587,-0.0298116660214613,0.134121714638096,0.0189534183703891,1.43628513813019,0.604567527770996,0.932313501834869,-0.00275842398525315,-0.0181654943487694,0.016356750252888,-0.325183868407759,0.0898718833922114,-0.0150591135024819,0.0155399884025885,0.0782188859874015,0.0249115199479288,-0.0392217057374137,0,0,0,1474.3,16.4247222
0.486352971574737,0.434655000513742,0.959845662117004,0.0135040245950222,0.0209211464971304,-1.64419726795093,-0.137760938255226,-0.155570022062562,-0.019422687582133,-0.0154294007041062,0.185368376001214,0.0587125966404003,1.41922187805176,0.609659612178802,0.931669533252716,-0.00229588112488167,-0.0161538238060407,0.0167831300823382,-0.341265201568914,0.101841688156221,-0.0128793716430781,0.00925085720743813,0.0402334108546106,0.00852759658901142,-0.0172564050970591,0,0,0,1474.35,16.4913796
0.481760940299563,0.429469333111657,0.959845662117004,0.0135040245950222,0.0209211464971304,-1.64419726795093,-0.137760938255226,-0.155570022062562,-0.0173477306882121,-0.0108005804928743,0.12975786320085,0.0410988176482802,1.40243494510651,0.614417731761932,0.931131064891815,0.00132271769241711,-0.0162615350765637,0.017676707525225,-0.335738658905335,0.0951623916626842,-0.0107693672180274,0.0723719763460414,-0.00215422541046327,0.0178715488577521,0.00180579086248704,0,0,0,1474.4,16.5580983
0.477168909024388,0.424283665709571,0.959845662117004,0.0135040245950222,0.0209211464971304,-1.64419726795093,-0.137760938255226,-0.155570022062562,-0.0173477306882121,-0.00756040634501203,0.0908305042405949,0.0287691723537962,1.36758255958557,0.624502122402191,0.929422318935394,0.00286778374261567,-0.00612609976338193,0.0204361460248056,-0.348523855209668,0.10084390640268,-0.0170874595642245,0.0154506605019996,0.10135435313191,0.0275943849958314,0.0176984980261038,0,0,0,1474.5,16.6247862
0.474252303239323,0.420078412783973,0.95646595954895,0.0177768692374229,0.00923096388578415,-1.64778284496204,-0.0874981735519541,-0.12615758776795,0.0182351928378044,-0.0437478862231151,0.168792996470533,0.0524086137476329,1.34994173049927,0.629236817359924,0.928287208080292,5.90176142160022e-05,-0.0012686426309507,0.0205926843276643,-0.352816581724791,0.0946938991543186,-0.0227022171019682,-0.056175322567789,0.0971491426482713,0.00313076605716173,0.0303033316726621,0,0,0,1474.55,16.6914967
0.471335697454258,0.415873159858375,0.95646595954895,0.0177768692374229,0.00923096388578415,-1.64778284496204,-0.0874981735519541,-0.12615758776795,-0.0121821302746834,-0.0306235203561806,0.118155097529373,0.036686029623343,1.33268260955811,0.634013414382935,0.927370488643646,-0.00176543927657881,-0.0013803448336648,0.0215545659773007,-0.345182418823556,0.095531940460292,-0.0183343887329268,-0.0364891378159295,-0.00223404405428408,0.0192376329927456,0.039598217581264,0,0,0,1474.6,16.7582273
0.468419091669193,0.411667906932776,0.95646595954895,0.0177768692374229,0.00923096388578415,-1.64778284496204,-0.0874981735519541,-0.12615758776795,-0.0121821302746834,-0.0214364642493264,0.082708568270561,0.0256802207363401,1.29798173904419,0.644289255142212,0.92631596326828,0.00310789157661652,0.00132676096235106,0.0214997156278214,-0.347008705139476,0.102758407592867,-0.0105452537536717,0.0487333085319977,0.0270710579601832,-0.000548503494793621,0.0456772022747273,0,0,0,1474.7,16.8249652
0.466380604166304,0.410117300786658,0.95646595954895,0.0177768692374229,0.00923096388578415,-1.64778284496204,-0.0611546250866776,-0.0465181843835438,-0.00799474608053647,-0.0150055249745285,0.0578959977893927,0.0179761545154381,1.28126037120819,0.649625360965729,0.925844192504883,0.00334071277008061,0.00441924904968921,0.022085282422876,-0.334427356720275,0.106722116470434,-0.00943541526795292,0.00465642386928599,0.0618497617468193,0.0117113359011031,0.0487481743228136,0,0,0,1474.75,16.8915429
0.464342116663414,0.40856669464054,0.95646595954895,0.0177768692374229,0.00923096388578415,-1.64778284496204,-0.0611546250866776,-0.0465181843835438,-0.00799474608053647,-0.0105038674821699,0.0405271984525749,0.0125833081608067,1.2644270658493,0.654620051383972,0.925650894641876,0.00331647312026577,0.00366126560808241,0.0224703529507823,-0.33666610717651,0.0998938083645047,-0.00386595726011777,-0.000484792996295107,-0.0151596688320809,0.00770141055809839,0.0491469872536743,0,0,0,1474.8,16.9583814
0.462297253868713,0.407020271490113,0.950830399990082,0.015859330072999,0.00106796133331954,-1.65129641956226,-0.0613458838410519,-0.0463926945128039,0.0430945062898208,0.00990514524229653,0.101836061888984,0.0404304871145422,1.23151528835297,0.664729118347168,0.926048636436462,0.00113459444057587,0.00397449433857923,0.02350664038612,-0.329117774963678,0.10109066963205,0.00397741794586543,-0.0218187867969188,0.00313228730497104,0.0103628743533858,0.047288046120088,0,0,0,1474.9,17.0250625
0.46025075583388,0.405475775466211,0.940753877162933,0.0158540103584528,0.000480848393635824,-1.6523421234502,-0.0613949410449716,-0.0463348807170548,0.0830844228739138,0.00698147910052341,0.0765692597794422,0.0377126759716346,1.21506214141846,0.670004546642303,0.926644682884216,0.00213985648924052,0.00502020027826231,0.0227646643138896,-0.329062938690485,0.105508565902806,0.011920928955089,0.0201052409733112,0.0209141187936806,-0.0148395214446202,0.04367207708122,0,0,0,1474.95,17.091947
0.458204257799048,0.40393127944231,0.940753877162933,0.0158540103584528,0.000480848393635824,-1.6523421234502,-0.0613949410449716,-0.0463348807170548,-0.00760428257042212,0.00488703537036638,0.0535984818456095,0.0263988731801442,1.19937372207642,0.675179660320282,0.927271664142609,0.00320688891080647,0.00482131291450816,0.022968021420354,-0.313768386841106,0.103502273559664,0.0125396251678581,0.0213406484313385,-0.00397774727508648,0.00406714212929054,0.0388732873269689,0,0,0,1475,17.1590175
0.456157759764216,0.402386783418408,0.940753877162933,0.0158540103584528,0.000480848393635824,-1.6523421234502,-0.0613949410449716,-0.0463348807170548,-0.00760428257042212,0.00342092475925647,0.0375189372919267,0.018479211226101,1.16762030124664,0.685743689537048,0.929812908172607,0.00609017229295702,0.00371195760352995,0.0216722547929695,-0.317534208297296,0.105640292167519,0.0254124402999531,0.0288328338214662,-0.011093553109767,-0.0129576662738271,0.0335716804638283,0,0,0,1475.1,17.2257314
0.45088667225803,0.39929906568605,0.930692732334137,0.0158540103584528,0.000480848393635824,-1.6523421234502,-0.158132625185555,-0.0926315319707356,0.0749605767135037,0.00239464733147953,0.0262632561043487,0.0129354478582707,1.15236449241638,0.691095054149628,0.93147885799408,0.00499921496042316,0.00309805302706274,0.0224208438560909,-0.305116176605502,0.107027292251684,0.0333189964294737,-0.0218191466506971,-0.0122780915293553,0.0149717812624421,0.0284072218980933,0,0,0,1475.15,17.2924511
0.445615584751845,0.396211347953692,0.930692732334137,0.0158540103584528,0.000480848393635824,-1.6523421234502,-0.158132625185555,-0.0926315319707356,-0.0155897267456638,0.00167625313203567,0.0183842792730441,0.00905481350078947,1.13758754730225,0.696289777755737,0.934124946594238,0.00866182458328658,-0.00275496418614726,0.0219932679050847,-0.295538902282984,0.103894472122287,0.052921772003222,0.073252192457335,-0.117060344264306,-0.00855151902013158,0.0240507041346424,0,0,0,1475.2,17.3591692
0.440343863561596,0.393125390913339,0.930692732334137,0.018451526761055,-0.00241954624652863,-1.65311650699512,-0.158151635707479,-0.0925787112105988,-0.0156488653362465,-0.0222042704309948,0.0389725472526109,0.0133078213548495,1.10787034034729,0.706055164337158,0.937492251396179,0.00727039768347461,0.000426761242879456,0.0238543119027323,-0.297172069549155,0.0976538658140758,0.0336730480193632,-0.0139142689981007,0.0318172542902237,0.0186104399764508,0.0211564977546103,0,0,0,1475.3,17.4258401
0.434129566670713,0.388236757513298,0.9375079870224,0.0167562570422888,-0.00129123579245061,-1.65238503879444,-0.186428906726477,-0.146659002001239,-0.0857167599267168,-0.000285561832800442,0.0171259889901255,0.00273226114224231,1.09289455413818,0.710971236228943,0.939132332801819,0.00385436697337542,0.00316074408463879,0.0242660127447168,-0.299515724182401,0.0983214378357828,0.0328016281128228,-0.068320614202046,0.0546796568352365,0.0082340168396966,0.0203325342978809,0,0,0,1475.35,17.4925663
0.427915269779831,0.383348124113256,0.9375079870224,0.0167562570422888,-0.00129123579245061,-1.65238503879444,-0.186428906726477,-0.146659002001239,-0.0243794677323504,-0.000199893282960309,0.0119881922930878,0.00191258279956962,1.078857421875,0.715893149375916,0.941118597984314,0.00394284991283547,0.00413955897129852,0.0239982212839179,-0.280742645263927,0.0984382629395427,0.0397253036499385,0.00176965878920253,0.0195762977332123,-0.00535582921598195,0.0221325781581408,0,0,0,1475.4,17.5593255
0.421700972888948,0.378459490713215,0.9375079870224,0.0167562570422888,-0.00129123579245061,-1.65238503879444,-0.186428906726477,-0.146659002001239,-0.0243794677323504,-0.000139925298072216,0.00839173460516147,0.00133880795969873,1.05138695240021,0.725877523422241,0.944887042045593,0.00535342541857584,0.00176762982409697,0.0229570108618257,-0.274704694748175,0.0998437404633476,0.0376844406128272,0.0141057550574166,-0.0237192914720371,-0.0104121042209318,0.0270201643515838,0,0,0,1475.5,17.6260575
0.416895508389562,0.373912607459873,0.942898154258728,0.0164179168641567,-0.00398132670670748,-1.65355543559925,-0.144163934981605,-0.13640649760025,-0.0765315667216808,0.00294711389453796,0.0300850324519249,0.0114707368150752,1.03799617290497,0.730503559112549,0.946693062782288,0.00528252023788129,0.00250848816284993,0.0229429486991317,-0.267815589903811,0.0925207138058158,0.0361204147337553,-0.00141810361388576,0.0148171667750053,-0.000281243253879172,0.0353567769943227,0,0,0,1475.55,17.6927866
0.412090043890175,0.369365724206532,0.942898154258728,0.0164179168641567,-0.00398132670670748,-1.65355543559925,-0.144163934981605,-0.13640649760025,-0.0280200615947277,0.00206297972617657,0.0210595227163474,0.00802951577055267,1.02501273155212,0.735416352748871,0.948425233364105,0.00403954777697712,0.00191135339688638,0.0223763137245407,-0.259668827057121,0.0982558727265298,0.034643411636384,-0.0248594492181061,-0.0119426953192818,-0.0113326994918305,0.0473792571415853,0,0,0,1475.6,17.7594821
0.407284579390788,0.36481884095319,0.942898154258728,0.0164179168641567,-0.00398132670670748,-1.65355543559925,-0.144163934981605,-0.13640649760025,-0.0280200615947277,0.0014440858083236,0.0147416659014432,0.00562066103938687,0.999153554439545,0.745622277259827,0.95186984539032,0.000827014558288452,-0.000486458858272166,0.0236131735844177,-0.258591771126029,0.102059245109651,0.0344461202621773,-0.0321253321869159,-0.0239781225516072,0.0123685985987818,0.0631875856664402,0,0,0,1475.7,17.8261114
0.401940164957277,0.360385204780098,0.942898154258728,0.0164179168641567,-0.00398132670670748,-1.65355543559925,-0.160332433005324,-0.133009085192766,-0.023700307340229,0.00101086006582652,0.0103191661310102,0.00393446272757081,0.986951947212219,0.75046968460083,0.953498184680939,0.00159435208499573,0.00256663923276911,0.0231950622924736,-0.244032144546731,0.0969481468201565,0.0325667858124076,0.0153467505341596,0.0610619618208811,-0.00836222583889133,0.0828179715013701,0,0,0,1475.75,17.8928892
0.396595750523766,0.355951568607005,0.946486711502075,0.0164179168641567,-0.00398132670670748,-1.65355543559925,-0.160332433005324,-0.133009085192766,-0.0559973225303535,0.000707602046078565,0.00722341629170716,0.00275412390929957,0.974353551864624,0.755598723888397,0.955103933811188,0.00237469890346335,0.00582744571300478,0.0240072752829622,-0.251967906950988,0.10258078575097,0.0321149826048636,0.0156069363692955,0.0652161296044761,0.0162442598097142,0.106052528186167,0,0,0,1475.8,17.9595972
0.391251098706924,0.351514526631883,0.946486711502075,0.0132198901847005,-0.00372139434330165,-1.65279631084339,-0.160339554505274,-0.133111259253662,-0.0233936354534433,0.0292775615473611,0.0027170001335426,-0.00490423606622468,0.951242089271545,0.765726625919342,0.958431959152222,0.00729207267309325,0.00905403488448564,0.0233332872795422,-0.231114625930996,0.10127902030954,0.0332802534103696,0.0491737376963437,0.0322658917148379,-0.00673988003420655,0.132601820101209,0,0,0,1475.9,18.0262784
0.385907817908119,0.347071654003462,0.952787041664124,0.016055865213275,-0.0100665194913745,-1.65308122104542,-0.160298423964154,-0.133286178852649,-0.0797440482817994,-0.00502948217401743,0.0590080264261354,-0.00086877342811997,0.939562022686005,0.770632982254028,0.96039754152298,0.00522977570040873,0.012141922712935,0.0217079618725272,-0.233601331711028,0.0981271266938148,0.0393116474151969,-0.0412459394537279,0.0617577565690441,-0.0325065081403292,0.162047168146462,0,0,0,1475.95,18.0929559
0.380564537109313,0.34262878137504,0.952787041664124,0.016055865213275,-0.0100665194913745,-1.65308122104542,-0.160298423964154,-0.133286178852649,-0.0230410768233644,-0.0035206375218122,0.0413056184982948,-0.000608141399683979,0.928980052471161,0.775825679302216,0.961922764778137,0.00393782365485557,0.0148801013631591,0.022808180684723,-0.211639404297067,0.10385394096384,0.0305044651031772,-0.0258390409110866,0.0547635730045301,0.0220043762439351,0.193896374900271,0,0,0,1476,18.1597347
0.375221256310508,0.338185908746618,0.952787041664124,0.016055865213275,-0.0100665194913745,-1.65308122104542,-0.160298423964154,-0.133286178852649,-0.0230410768233644,-0.00246444626526854,0.0289139329488063,-0.000425698979778785,0.909419476985931,0.785415410995483,0.964290022850037,0.00217547972607491,0.0196765920045036,0.0239813081391823,-0.195605754852028,0.0958973169325474,0.0236725807189618,-0.0176234392877826,0.0479649064133801,0.0117312745445771,0.22741845531031,0,0,0,1476.1,18.2264362
0.37314646539007,0.33504204580391,0.952787041664124,0.016055865213275,-0.0100665194913745,-1.65308122104542,-0.0622437276131488,-0.094315888281248,-0.0256010347431629,-0.00172511238568798,0.0202397530641644,-0.00029798928584515,0.90039986371994,0.790315866470337,0.965637683868408,0.00502408523690668,0.023552620979387,0.0239152880930305,-0.180392265319988,0.0980091094971594,0.0269532203674562,0.0569721102166873,0.0775205794977381,-0.00132040092303736,0.261909593590097,0,0,0,1476.15,18.2931196
0.371071674469632,0.331898182861202,0.952787041664124,0.016055865213275,-0.0100665194913745,-1.65308122104542,-0.0622437276131488,-0.094315888281248,-0.0256010347431629,-0.00120757866998158,0.0141678271449151,-0.000208592500091605,0.891716837882996,0.795432388782501,0.967080533504486,0.00669664261734535,0.0259789819623434,0.0233254674450742,-0.17366051673905,0.102330446243379,0.0288569927215839,0.0334511476088038,0.0485272196591717,-0.0117964129591362,0.296586228806523,0,0,0,1476.2,18.3597997
0.36899336824506,0.328745390982215,0.952787041664124,0.0134863294661045,-0.0175473503768444,-1.65294770664112,-0.0623491867371628,-0.0945837563696111,-0.0249836056890979,0.0222805166555469,0.0772449569706698,-0.001347644388736,0.877670347690582,0.805042326450348,0.968943536281586,0.00558367026652112,0.0290711142416455,0.0234973371855742,-0.140464901923942,0.0960993766783357,0.0186300277709707,-0.0111297235082271,0.0309213227929792,0.00171869740499755,0.330635015584878,0,0,0,1476.3,18.4265051
0.370284407043752,0.326205294841648,0.975899934768677,0.0155583452433348,-0.0300636179745197,-1.65277819103138,0.0387311639607716,-0.0762028842170124,-0.227985754939593,-0.00305178033618952,0.166717878258547,-0.0024689915597861,0.87158739566803,0.809669971466064,0.969382345676422,0.00465329055452183,0.0323173860694718,0.0225825455226475,-0.12165904045116,0.0925529003144152,0.0087761878967365,-0.0186075942400027,0.0649254365565841,-0.0182958332585493,0.363215310329689,0,0,0,1476.35,18.4932373
0.371575445842445,0.323665198701081,0.975899934768677,0.0155583452433348,-0.0300636179745197,-1.65277819103138,0.0387311639607716,-0.0762028842170124,-0.0199697169986137,-0.00213624623533266,0.116702514780983,-0.00172829409185027,0.86623615026474,0.814572811126709,0.969829857349396,0.00490264706962145,0.0330328564326757,0.023433135827209,-0.107024908065893,0.0980567932129798,0.0089502334594808,0.00498713030199701,0.0143094072640919,0.0170118060912451,0.393475522765022,0,0,0,1476.4,18.5599434
0.372866484641137,0.321125102560514,0.975899934768677,0.0155583452433348,-0.0300636179745197,-1.65277819103138,0.0387311639607716,-0.0762028842170124,-0.0199697169986137,-0.00149537236473286,0.0816917603466879,-0.00120980586429519,0.858559310436249,0.824459373950958,0.971125602722168,0.00697099262844477,0.0365345017269555,0.0244388739184919,-0.0767683982849819,0.0988656282425826,0.012957453727734,0.0206834555882519,0.0350164529428299,0.0100573809128383,0.420633355278139,0,0,0,1476.5,18.6266221
0.374527836385842,0.320563758762231,0.969604194164276,0.0158705338835716,-0.0407813377678394,-1.65303449100391,0.0498405523411461,-0.0168403139484783,0.0460765293865452,-0.0038564584174447,0.153643710382559,0.00145983564780099,0.856553673744202,0.828724086284637,0.971614241600037,0.0059785780331952,0.0426728516603951,0.0235208990100019,-0.0401127338407965,0.0852942466732737,0.00977277755733749,-0.0198482919049191,0.122766998668345,-0.0183594981697329,0.44398759934049,0,0,0,1476.55,18.6933161
0.376189188130547,0.320002414963948,0.969604194164276,0.0158705338835716,-0.0407813377678394,-1.65303449100391,0.0498405523411461,-0.0168403139484783,-0.0105851360530605,-0.00269952089221129,0.107550597267791,0.00102188495346069,0.855423629283905,0.833295583724976,0.972312092781067,0.00586925373732441,0.0457161762558216,0.025014114673282,-0.0226008892059532,0.0914299488068459,0.0139570236206182,-0.00218648591741784,0.0608664919085849,0.0298643132656283,0.462907105795074,0,0,0,1476.6,18.7600407
0.377850539875252,0.319441071165666,0.969604194164276,0.0158705338835716,-0.0407813377678394,-1.65303449100391,0.0498405523411461,-0.0168403139484783,-0.0105851360530605,-0.0018896646245479,0.0752854180874538,0.000715319467422483,0.856989502906799,0.842134535312653,0.973428964614868,0.00287877272416312,0.052163196575724,0.0236077370112949,0.0156587362289571,0.0883895158768504,0.0111687183380229,-0.0299048101316401,0.0644702031990827,-0.0140637766198833,0.476855374640261,0,0,0,1476.7,18.8267708
0.381233239433579,0.319304745528699,0.969604194164276,0.0158705338835716,-0.0407813377678394,-1.65303449100391,0.10148098674981,-0.00408976910900503,-0.0140335109128157,-0.00132276523718353,0.0526997926612177,0.000500723627195738,0.860085010528564,0.846792817115784,0.97437596321106,0.00318279812821949,0.0549202821701662,0.0220706823722096,0.061910152435359,0.0931656360627068,0.0189399719238454,0.00608050808113281,0.0551417118888946,-0.030741092781735,0.485426394780178,0,0,0,1476.75,18.8934815
0.384615938991906,0.319168419891732,0.974338054656982,0.0158705338835716,-0.0407813377678394,-1.65303449100391,0.10148098674981,-0.00408976910900503,-0.0566382553471724,-0.000925935666028471,0.0368898548628524,0.000350506539037017,0.86435866355896,0.851297557353973,0.975536406040192,0.00618268296399387,0.0554149178151968,0.0232357047059375,0.0854730606075992,0.0900948047634662,0.0232088565825572,0.0599976967152694,0.00989271290057612,0.023300446674473,0.488358009716054,0,0,0,1476.8,18.9602078
0.387997059771032,0.319025514673199,0.974338054656982,0.0144260674715042,-0.0531439892947674,-1.65248898929493,0.101433623373782,-0.00428715655598814,-0.0141717488982518,0.0123520427423868,0.137086762146348,-0.00466416080353346,0.876414239406586,0.860313892364502,0.977615416049957,0.00633950374729542,0.0581788962867212,0.0226056925565265,0.120555758476367,0.0901633501053676,0.0207901000976752,0.00156820783301691,0.0276397847152688,-0.00630012149411608,0.485527325464291,0,0,0,1476.9,19.0268879
0.391378417596898,0.318878126026954,0.972244739532471,0.0153106627985835,-0.0594694204628468,-1.65259413188831,0.101440734775979,-0.00442165938734731,0.00471335153060763,0.000685071975957087,0.152889614015158,-0.00231862922201932,0.884896457195282,0.864666938781738,0.978616833686829,0.0054167117306748,0.0604635490765757,0.0223963029347015,0.16964435577408,0.0870609283448057,0.020028352737445,-0.0184558403324291,0.0456930557971318,-0.00418779243650357,0.476961829972026,0,0,0,1476.95,19.0935569
0.394759775422764,0.318730737380709,0.972244739532471,0.0153106627985835,-0.0594694204628468,-1.65259413188831,0.101440734775979,-0.00442165938734731,-0.0141264845899978,0.000479550383169961,0.107022729810611,-0.00162304045541353,0.894291162490845,0.869348108768463,0.979892253875732,0.00537306380522298,0.0611576711092649,0.0239251921004534,0.187894105911426,0.0936233997345822,0.0255084037780994,-0.000872958509037215,0.0138824406537968,0.0305777833150656,0.462819365205306,0,0,0,1477,19.160255
0.398141133248629,0.318583348734464,0.972244739532471,0.0153106627985835,-0.0594694204628468,-1.65259413188831,0.101440734775979,-0.00442165938734731,-0.0141264845899978,0.000335685268218972,0.0749159108674275,-0.00113612831878947,0.917291939258575,0.878659427165985,0.98286235332489,0.00514688132046183,0.0622667847697143,0.024528894936426,0.230007767676993,0.0931131839750927,0.0297009944915366,-0.00226182484760846,0.0110911366044784,0.00603702835971816,0.443411153987737,0,0,0,1477.1,19.226935
0.404642040385779,0.321510819294954,0.977327466011047,0.0153106627985835,-0.0594694204628468,-1.65259413188831,0.195027214114483,0.0878241168146729,-0.0671870122585445,0.000234979687753281,0.0524411376071992,-0.000795289823152628,0.930681228637695,0.882857799530029,0.984258592128754,0.00563447971897429,0.0624675501123398,0.0255815792108161,0.267785787582641,0.0839674472809602,0.0279247760772959,0.00975196797025805,0.0040153068525151,0.021053685487822,0.419155052480958,0,0,0,1477.15,19.2936354
0.411142947522928,0.324438289855443,0.977327466011047,0.0153106627985835,-0.0594694204628468,-1.65259413188831,0.195027214114483,0.0878241168146729,-0.0214424739513546,0.000164485781427296,0.0367087963250395,-0.000556702876206839,0.946353733539581,0.887295544147491,0.985207378864288,0.00759581647424313,0.0607825270370489,0.0243522142982694,0.313450098038005,0.0887548923493239,0.0189757347107106,0.0392267351054126,-0.0337004615058486,-0.0245872982509575,0.390597213383015,0,0,0,1477.2,19.3603366
0.417643050449158,0.327362217037036,0.977327466011047,0.0150170968845487,-0.0633373260498047,-1.65251497692005,0.195003087786892,0.0877178154478102,-0.0217608400292906,0.0027572332733127,0.060507307710149,-0.00110208672770026,0.981069564819336,0.895484566688538,0.986639022827148,-0.00025125642980482,0.0578715760385976,0.0221706886947184,0.347158312797073,0.0818902254103497,0.0143164396285815,-0.0784707290403725,-0.0291095099844734,-0.0218152560354803,0.358384634615362,0,0,0,1477.3,19.4270151
0.424693100219937,0.331665145929973,0.982161283493042,0.0150170968845487,-0.0633373260498047,-1.65251497692005,0.211501493123374,0.129087866788107,-0.057704784011285,0.00193006329131889,0.0423551153971043,-0.000771460709390179,1.00043821334839,0.900271952152252,0.986686825752258,0.00327466586193055,0.0571692568040943,0.0244476835181232,0.387372970581407,0.0957477092743791,0.000956058502198135,0.0705184458347716,-0.0140463846900797,0.0455398964681386,0.323201110427683,0,0,0,1477.35,19.4937205
0.431743149990716,0.33596807482291,0.982161283493042,0.0150170968845487,-0.0633373260498047,-1.65251497692005,0.211501493123374,0.129087866788107,-0.0142004266733333,0.00135104430392322,0.029648580777973,-0.000540022496573126,1.02090835571289,0.90474408864975,0.986806035041809,0.00459255287119437,0.056417581578672,0.0225259364337656,0.409402847290411,0.0894427299500325,0.00238418579101779,0.0263577401853004,-0.0150335045084587,-0.0384349416871878,0.285826911779132,0,0,0,1477.4,19.5604095
0.438793310220855,0.34027321307415,0.982161283493042,0.0154374092817307,-0.0607496984302998,-1.65246896213428,0.211504806904161,0.129154147537192,-0.0138772543320147,-0.00283708056189163,-0.00253464203096326,-0.000792148819500602,1.06475734710693,0.914328753948212,0.987573146820068,0.00490263352448776,0.0521618838129564,0.0219950347953047,0.438489913940828,0.0958466529847063,0.00767111778259975,0.0031008065329367,-0.0425569776571951,-0.00530901638461365,0.247041872234399,0,0,0,1477.5,19.6270919
0.447735574122147,0.345989670514494,0.9830681681633,0.0154374092817307,-0.0607496984302998,-1.65246896213428,0.268267917038743,0.171493723210339,-0.0181102014383382,-0.00198595639332414,-0.00177424942167428,-0.000554504173650421,1.08842957019806,0.918685495853424,0.987725019454956,0.00613830498455458,0.0491001020335941,0.0220044303937957,0.473444461820787,0.0871348381039311,0.00303745269774286,0.0247134292012466,-0.0612356355870227,0.000187911969820192,0.207614880908058,0,0,0,1477.55,19.6937972
0.456676644036945,0.351710782256771,0.9830681681633,0.0144512122496963,-0.0540209822356701,-1.65223817294971,0.268232097443947,0.171633352268294,-0.00921454023056996,0.00748560381298267,-0.061800420346839,-0.00246525558268811,1.11298108100891,0.923464775085449,0.988007783889771,0.0066815831437387,0.0447990461457111,0.0226452359811113,0.491030216217488,0.0955855846405899,0.00565528869629421,0.0108655631836922,-0.0860211177577377,0.0128161117463221,0.168373519438358,0,0,0,1477.6,19.7604181
0.465617713951743,0.357431893999047,0.9830681681633,0.0144512122496963,-0.0540209822356701,-1.65223817294971,0.268232097443947,0.171633352268294,-0.00921454023056996,0.00523992266908787,-0.0432602942427873,-0.00172567890788168,1.1643853187561,0.933144509792328,0.988238453865051,0.00692049136424683,0.0332155701282476,0.0218361268520508,0.514042377472391,0.0967973470688747,0.00230669975280972,0.00238908220508348,-0.115834760174741,-0.00809109129061188,0.129914088808695,0,0,0,1477.7,19.8271668
0.474558783866541,0.363153005741324,0.9830681681633,0.0144512122496963,-0.0540209822356701,-1.65223817294971,0.268232097443947,0.171633352268294,-0.00921454023056996,0.00366794586836151,-0.0302822059699511,-0.00120797523551717,1.19127225875854,0.937915146350861,0.987511098384857,0.00428676147864587,0.0279693570786297,0.021167769151739,0.537738800049317,0.0954127311707411,-0.0145471096038951,-0.0526745977120671,-0.104924260992453,-0.0133671540062486,0.092990415766916,0,0,0,1477.75,19.893878
0.490239697353886,0.372841847959492,0.994688212871552,0.0168485678732395,-0.0379527397453785,-1.65184001392261,0.470427404620344,0.290665266545053,-0.117503126911383,-0.0190086385040363,-0.16581172659159,-0.00442901390875851,1.21813833713531,0.942488193511963,0.98648601770401,0.00479855710532681,0.0237846058574236,0.0199214283399925,0.537321567533446,0.0914609432217132,-0.0205016136168688,0.0102359125335816,-0.0836950244238179,-0.0249268162348383,0.0581606138189481,0,0,0,1477.8,19.9605789
0.505920610841231,0.382530690177661,0.994688212871552,0.0168485678732395,-0.0379527397453785,-1.65184001392261,0.470427404620344,0.290665266545053,-0.0129227245371157,-0.0133060469528254,-0.116068208614113,-0.00310030973613095,1.27318549156189,0.953016221523285,0.986067414283752,0.0068579217101187,0.0196747316884669,0.0203583205508739,0.550471544266248,0.105280280113316,-0.00418603420257949,0.0205936460479376,-0.0410987416896042,0.00436892210881742,0.0258875239865959,0,0,0,1477.9,20.0273007
0.521601524328576,0.392219532395829,0.977143943309784,0.0168485678732395,-0.0379527397453785,-1.65184001392261,0.470427404620344,0.290665266545053,0.144975701518793,-0.00931423286697779,-0.0812477460298792,-0.00217021681529167,1.30067670345306,0.957576930522919,0.986312389373779,0.00686805704609181,0.0178864755427563,0.0199649713838508,0.549824237823986,0.0912141799927587,0.00489950180054157,0.000202706719462473,-0.0357651229142459,-0.00786698334046967,-0.00343537674054385,0,0,0,1477.95,20.0939977
0.537276615650526,0.401930443367747,0.977143943309784,0.0187375377863646,-0.017600666731596,-1.65111426776783,0.470252739658528,0.291327329157549,-0.00766166351319933,-0.0235206922250098,-0.240042079344958,-0.00805086716377057,1.32842373847961,0.962330043315887,0.986749112606049,0.00246610962579675,0.015930435482914,0.0193970195513467,0.554940700531511,0.0950622558594615,0.00873446464539369,-0.0880389484059814,-0.0391208011968805,-0.0113590366500923,-0.0302068252094223,0,0,0,1478,20.162454
0.552951706972477,0.411641354339666,0.977143943309784,0.0187375377863646,-0.017600666731596,-1.65111426776783,0.470252739658528,0.291327329157549,-0.00766166351319933,-0.0164644845575069,-0.168029455541471,-0.0056356070146394,1.38357365131378,0.971977412700653,0.987954497337341,0.00777187418142033,0.00113129772036522,0.021617972453113,0.551499128340922,0.0964736938475246,0.0120538473129108,0.0530576455561635,-0.147991377625286,0.0222095290176333,-0.0529010509030822,0,0,0,1478.1,20.2291324
0.569508804208784,0.420447928046723,0.977143943309784,0.0187375377863646,-0.017600666731596,-1.65111426776783,0.496712917089209,0.264197211211738,-0.0100801650347548,-0.0115251391902548,-0.117620618879029,-0.00394492491024758,1.41076934337616,0.977093756198883,0.988151013851166,0.00715611783029061,-0.00152057970413926,0.0214375371669121,0.543913841248053,0.102326869964693,0.00393033027649283,-0.0123151270226056,-0.0530375484901379,-0.0036087057240212,-0.0722503014565789,0,0,0,1478.15,20.2958808
0.586061160962282,0.429267865461859,0.988457977771759,0.0165559090673923,-0.00525101460516453,-1.65061001247303,0.496570702604927,0.264598122454062,-0.110008412312793,0.0115670610375715,-0.193481302353204,-0.00729974509037155,1.43773019313812,0.98223477602005,0.988152205944061,0.00980903806401934,-0.00790074827373389,0.0204499257830455,0.539216995239748,0.102820396423433,2.38418579101779e-05,0.053058404674623,-0.127603371392009,-0.0197522276773515,-0.0883170652681385,0,0,0,1478.2,20.3626496
0.602613517715779,0.438087802876994,0.988457977771759,0.0165559090673923,-0.00525101460516453,-1.65061001247303,0.496570702604927,0.264598122454062,-0.00818210215501743,0.00809694272630005,-0.135436911647243,-0.00510982156326008,1.4899708032608,0.992015719413757,0.987694978713989,0.00891167070468787,-0.0125524659211267,0.019829560374809,0.522406101226094,0.0978094339369393,-0.00457227230071398,-0.00897367359330248,-0.0465171764738643,-0.00620365408235634,-0.10116472082592,0,0,0,1478.3,20.4287583
0.615815386752601,0.443040077038216,1.00519049167633,0.0165559090673923,-0.00525101460516453,-1.65061001247303,0.396056071104659,0.14856822483667,-0.166813258464311,0.00566785990841003,-0.0948058381530698,-0.00357687509428206,1.51523232460022,0.996838212013245,0.98699814081192,0.00869581721661581,-0.0150543088294618,0.0202961472993084,0.50523042678879,0.0964498519898338,-0.0139367580413945,-0.0043170697614452,-0.0500368581667485,0.00933173848999785,-0.111455179691476,0,0,0,1478.35,20.4965626
0.629016123793021,0.448015355422031,1.00519049167633,0.0197378303855658,0.0115649662911892,-1.64973501628773,0.396022111212574,0.14925835151443,-0.0132504999573484,-0.0246697899276737,-0.217707914774332,-0.0103787782337221,1.54045879840851,1.00168716907501,0.986102402210236,0.00944127915773384,-0.015396794445372,0.0193167096964985,0.50452947616623,0.0969791412354398,-0.0179147720337077,0.0149092388223741,-0.00684971231821001,-0.0195887520562171,-0.119074397675509,0,0,0,1478.4,20.5632854
0.64221686083344,0.452990633805845,1.00519049167633,0.0197378303855658,0.0115649662911892,-1.64973501628773,0.396022111212574,0.14925835151443,-0.0132504999573484,-0.0172688529493716,-0.152395540342033,-0.00726514476360544,1.58761405944824,1.01058220863342,0.983022928237915,0.0112193381396965,-0.00747839028332202,0.018457264258426,0.471552610397768,0.0889503955841873,-0.0307947397232336,0.0177805898196433,0.0791840416205719,-0.00859445438073242,-0.124606558025404,0,0,0,1478.5,20.6299938
0.652538858604306,0.461161622870878,0.985380053520203,0.0197378303855658,0.0115649662911892,-1.64973501628773,0.309659933126003,0.245129671950996,0.197613406887706,-0.0120881970645601,-0.106676878239423,-0.0050856013345238,1.6109391450882,1.01501023769379,0.982346296310425,0.0147118818233419,-0.0110369237488429,0.0170338450443351,0.466501712797375,0.0885605812069532,-0.0135326385497555,0.0698508736726536,-0.0711706693101585,-0.0284683842817144,-0.128498188878036,0,0,0,1478.55,20.6968777
0.662842226083681,0.469347449090203,0.985380053520203,0.026779618114233,0.0122426934540272,-1.64820079273121,0.309101024381236,0.245574786579739,0.0208727848184342,-0.0718378275031974,-0.0807733592331378,-0.0173679329428337,1.63283336162567,1.01907241344452,0.981443762779236,0.0135956791523361,-0.017366288652974,0.0171715478635794,0.43788433074991,0.0812435150147223,-0.0180506706237957,-0.0223240534201375,-0.126587298082737,0.00275405638488852,-0.131184147229965,0,0,0,1478.6,20.7635598
0.673145593563055,0.477533275309528,0.985380053520203,0.026779618114233,0.0122426934540272,-1.64820079273121,0.309101024381236,0.245574786579739,0.0208727848184342,-0.0502864792522382,-0.0565413514631965,-0.0121575530599836,1.67479634284973,1.02614593505859,0.980762660503387,0.00774196017544826,-0.0232906218394165,0.0161009170111462,0.419629812240982,0.0707352161408114,-0.00681102275849008,-0.0585371897689314,-0.0592433318644795,-0.0107063085243417,-0.133138700746211,0,0,0,1478.7,20.8304354
0.68344896104243,0.485719101528852,0.985380053520203,0.026779618114233,0.0122426934540272,-1.64820079273121,0.309101024381236,0.245574786579739,0.0208727848184342,-0.0352005354765667,-0.0395789460242375,-0.00851028714198849,1.69499886035919,1.02992606163025,0.981070458889008,0.00831652206580177,-0.0245875998958027,0.0151499087897736,0.404050350189576,0.0756025314331742,0.00615596771240794,0.0114912378070807,-0.0259395611277467,-0.0190201644274692,-0.134794959585822,0,0,0,1478.75,20.8973195
0.69672473355883,0.486911857218816,0.979332029819489,0.0193251837044954,0.0230066440999508,-1.64649013942615,0.398273175492007,0.035782670698911,0.0549192077398939,0.0424495348540416,-0.124580818030279,-0.0213530807448753,1.71395897865295,1.03321135044098,0.980980575084686,0.00660976656400528,-0.0220839483583271,0.0145858285999843,0.379202365873865,0.0657057762143606,-0.00179767608641924,-0.0341351100358057,0.0500730307493301,-0.0112816037957464,-0.136557578314563,0,0,0,1478.8,20.9640564
0.71000050607523,0.48810461290878,0.979332029819489,0.0193251837044954,0.0230066440999508,-1.64649013942615,0.398273175492007,0.035782670698911,0.000486994433466854,0.0297146743978291,-0.0872065726211952,-0.0149471565214127,1.74996197223663,1.03940176963806,0.981342077255249,0.00954363014979752,-0.023457928908496,0.0136204633295003,0.360029935837119,0.0619041919708815,0.00361502170563073,0.0293386358579491,-0.0137398055017017,-0.00965365270484865,-0.138788694810959,0,0,0,1478.9,21.0307571
0.723276278591631,0.489297368598743,0.971561312675476,0.0193251837044954,0.0230066440999508,-1.64649013942615,0.398273175492007,0.035782670698911,0.0704234487295789,0.0208002720784804,-0.0610446008348366,-0.0104630095649889,1.76679825782776,1.04248631000519,0.981842875480652,0.00715885516764562,-0.0239110771822076,0.0140088006860199,0.336725711822816,0.0616908073425854,0.0100159645080657,-0.0476954996430813,-0.00906296547424133,0.00776674713039922,-0.141791330647687,0,0,0,1478.95,21.0974772
0.736550900142594,0.490502054720587,0.971561312675476,0.0214499216526747,0.0224687270820141,-1.6455450481786,0.398238646528886,0.0361405836553244,0.00104870887986555,-0.00456245107867695,-0.0378899674229553,-0.0158299279235196,1.7826920747757,1.04523050785065,0.982765197753906,0.00487816253788325,-0.0223242931001512,0.0139749577485915,0.317876338959029,0.0548839569092296,0.0184464454651047,-0.045613852595289,0.0317356816411583,-0.000676858748567639,-0.145799386826259,0,0,0,1479,21.1641916
0.749825521693556,0.491706740842432,0.971561312675476,0.0214499216526747,0.0224687270820141,-1.6455450481786,0.398238646528886,0.0361405836553244,0.00104870887986555,-0.00319371575507386,-0.0265229771960687,-0.0110809495464637,1.81261658668518,1.05071401596069,0.984722256660461,0.00262405634659789,-0.0198847936546061,0.016055220258752,0.29924511909444,0.0548350811003891,0.0195705890655251,-0.0225410619128228,0.024394994455417,0.0208026251015759,-0.150978716532307,0,0,0,1479.1,21.2309376
0.75521782019346,0.494829246290616,0.971561312675476,0.0214499216526747,0.0224687270820141,-1.6455450481786,0.161768954997105,0.093675163445536,-0.0137377501243827,-0.0022356010285517,-0.0185660840372481,-0.0077566646825246,1.82642102241516,1.05338883399963,0.98564213514328,0.00423555749092265,-0.0207016934529422,0.0153885310454552,0.27608871459986,0.0534963607788572,0.0183975696563888,0.0322300228865245,-0.0163379959667356,-0.0133337842659476,-0.157411009058333,0,0,0,1479.15,21.2976315
0.760610121152623,0.497946285355459,0.979829132556915,0.0168399661779404,0.0219427105039358,-1.64663915103809,0.161769028774901,0.0935111719452799,-0.0886846773929053,0.0399246785526226,-0.00826210962336922,0.00441726045770642,1.83968222141266,1.05578625202179,0.986194431781769,0.00388452440744164,-0.022927814486204,0.0151174436888765,0.265223979950192,0.0479483604431588,0.0110459327697854,-0.00702066166962659,-0.0445224206652771,-0.00542174713157793,-0.165119682287086,0,0,0,1479.2,21.3643606
0.766002422111786,0.501063324420301,0.979829132556915,0.0168399661779404,0.0219427105039358,-1.64663915103809,0.161769028774901,0.0935111719452799,-0.0142742984599525,0.0279472749868358,-0.00578347673635846,0.00309208232039449,1.86369502544403,1.06076085567474,0.986352682113647,0.00333236704238317,-0.022961068972568,0.0149843118086461,0.240128040313393,0.0497460365294732,0.00158250331878446,-0.00552157365057721,-0.000332544863639141,-0.00133131880230255,-0.174042640507217,0,0,0,1479.3,21.4310544
0.771374380210586,0.504581014966965,0.98138552904129,0.0168399661779404,0.0219427105039358,-1.64663915103809,0.161158742963991,0.105530716399893,-0.0160909018495357,0.0195630924907851,-0.00404843371545092,0.00216445762427614,1.87444722652435,1.06313443183899,0.986098945140839,0.00316599275661948,-0.0191594563053923,0.0151371158272146,0.215044021606641,0.0474715232849553,-0.00507473945618137,-0.0033274857152768,0.0760322533435819,0.00305608037137355,-0.184063245286407,0,0,0,1479.35,21.4977258
0.776748383715323,0.508095735082549,0.98138552904129,0.0171602219343185,0.02297168597579,-1.64720277255909,0.161220105142091,0.105441603467529,-0.00196452039499239,0.010811862936146,-0.0120946828475035,0.00658771402595815,1.88455271720886,1.06555390357971,0.986143827438354,0.00238935165287209,-0.0188542045414185,0.0162224044392455,0.202109813690369,0.0483894348144971,0.000897645950318199,-0.0155328220749618,0.00610503527948177,0.0217057722406377,-0.195022375611529,0,0,0,1479.4,21.5644498
0.782122387220059,0.511610455198133,0.98138552904129,0.0171602219343185,0.02297168597579,-1.64720277255909,0.161220105142091,0.105441603467529,-0.00196452039499239,0.00756830405530218,-0.00846627799325247,0.0046113998181707,1.90275251865387,1.07041752338409,0.986726999282837,0.00566683520647085,-0.0263748096593133,0.0162880135210345,0.181998014450239,0.0486361980438675,0.00583171844482952,0.0327748355360174,-0.0752060511790162,0.000656090817889941,-0.206694922618594,0,0,0,1479.5,21.6311595
0.783716465495652,0.511295049726254,0.983013093471527,0.0171602219343185,0.02297168597579,-1.64720277255909,0.047822348267802,-0.00946216415638722,-0.0219309538062473,0.00529781283871153,-0.00592639459527673,0.00322797987271949,1.91092085838318,1.07247889041901,0.987129867076874,0.00608907880636076,-0.0259612397909991,0.0145616379679468,0.163366794585587,0.0412273406980922,0.00805735588070799,0.00844487199776738,0.00827139736625295,-0.034527511061628,-0.21884314251316,0,0,0,1479.55,21.6979069
0.785310981856677,0.510981449176183,0.983013093471527,0.0180479604750872,0.0284686498343945,-1.64722470706837,0.0478354908307386,-0.00940801650211659,-0.00727495019196324,-0.00428117787981954,-0.0536211509441336,0.00245699649439974,1.91828596591949,1.07472133636475,0.987569272518158,0.00535677239097861,-0.0240819096941322,0.0139052436896189,0.147302150726452,0.0448489189148357,0.00878810882569159,-0.0146461283076564,0.0375866019373737,-0.0131278855665701,-0.231182344779129,0,0,0,1479.6,21.7645934
0.786905498217702,0.510667848626112,0.983013093471527,0.0180479604750872,0.0284686498343945,-1.64722470706837,0.0478354908307386,-0.00940801650211659,-0.00727495019196324,-0.00299682451587368,-0.0375348056608935,0.00171989754607982,1.93095993995667,1.07884955406189,0.988192737102509,0.00474289764384398,-0.0276647592877156,0.0134856452711427,0.126739740371819,0.0412821769714731,0.00623464584351153,-0.00613874747135185,-0.0358284959358664,-0.00419598418476583,-0.243452596917962,0,0,0,1479.7,21.8312936
0.788500014578726,0.510354248076042,0.983013093471527,0.0180479604750872,0.0284686498343945,-1.64722470706837,0.0478354908307386,-0.00940801650211659,-0.00727495019196324,-0.00209777716111158,-0.0262743639626255,0.00120392828225587,1.93611919879913,1.08084058761597,0.988389611244202,0.00244170347978949,-0.0310528829459017,0.013195540208624,0.103185176849459,0.0398206710815792,0.00393748283386589,-0.0460238832811317,-0.0677624731637839,-0.00580210125037846,-0.255386049594749,0,0,0,1479.75,21.8980121
0.789141039310673,0.509781119986063,0.985424876213074,0.0172546356916428,0.0301145389676094,-1.64541701740162,0.019230741958407,-0.0171938426993608,-0.0260559006762856,0.00567147903822154,-0.0332050569727724,-0.0154264572031533,1.94072818756104,1.08256721496582,0.988710224628448,0.00188922121088164,-0.0324220928696325,0.0123360490357743,0.0921797752377018,0.0345325469969447,0.0064122676849132,-0.0110496453781167,-0.0273841984745177,-0.0171898234569311,-0.266733541559459,0,0,0,1479.8,21.9647728
0.78978206404262,0.509207991896084,0.985424876213074,0.0172546356916428,0.0301145389676094,-1.64541701740162,0.019230741958407,-0.0171938426993608,-0.00434985600236591,0.00397003532675508,-0.0232435398809407,-0.0107985200422073,1.94675540924072,1.0862044095993,0.989430844783783,0.000406923128712131,-0.0315939633318474,0.0133748199536544,0.0602722167969298,0.0363719463348719,0.00720620155335128,-0.0148229808217086,0.00828129537785837,0.0103877091788102,-0.277256967376593,0,0,0,1479.9,22.031514
0.790423088774567,0.508634863806106,0.975484371185303,0.0172546356916428,0.0301145389676094,-1.64541701740162,0.019230741958407,-0.0171938426993608,0.0851146892475731,0.00277902472872855,-0.0162704779166585,-0.00755896402954512,1.94826197624207,1.08801984786987,0.990203440189362,0.00269986069573672,-0.0330974990324661,0.0146592015160155,0.0301313400268829,0.03630876541141,0.0154519081115863,0.0458587513405335,-0.0300707140124011,0.0256876312472445,-0.286759524851915,0,0,0,1479.95,22.0982077
0.791063308663492,0.5080621207807,0.975484371185303,0.0160702504217625,0.0353079549968243,-1.64657239383594,0.0192065966677643,-0.0171822907621732,-0.00442386608617682,0.0126047847390326,-0.0581300788045947,0.00510711308825396,1.94912672042847,1.08990800380707,0.991648316383362,0.00259693114289853,-0.0357948227661702,0.0149644108252809,0.0172948837280431,0.0377631187439308,0.0288975238800312,-0.0020585910567657,-0.0539464746741303,0.00610418618531498,-0.295092149387258,0,0,0,1480,22.1648808
0.791703528552418,0.507489377755294,0.975484371185303,0.0160702504217625,0.0353079549968243,-1.64657239383594,0.0192065966677643,-0.0171822907621732,-0.00442386608617682,0.00882334931732285,-0.0406910551632163,0.00357497916177777,1.94756436347961,1.09345841407776,0.995055615901947,0.00785130029401707,-0.0412144921247602,0.0167197824270739,-0.0156235694885041,0.0355041027068607,0.0340729951858056,0.0525436915111137,-0.0541966935858259,0.0175537160179057,-0.302151256708023,0,0,0,1480.1,22.2316115
0.791275610140397,0.50663253660837,0.975484371185303,0.0160702504217625,0.0353079549968243,-1.64657239383594,-0.0128375523606387,-0.0257052344077389,-0.0217750094271404,0.00617634452212599,-0.0284837386142514,0.00250248541324444,1.94518411159515,1.09528386592865,0.996033132076263,0.00847401007393463,-0.0424186658913138,0.0158950119549865,-0.0476050376892523,0.0365090370178555,0.0195503234863459,0.0124541955983625,-0.0240834753310945,-0.0164954094417627,-0.307855405208763,0,0,0,1480.15,22.2982844
0.790847949266838,0.505781639988062,0.975484371185303,0.0162251051515341,0.0408895611763,-1.64696840709583,-0.0128298262067451,-0.025526898609228,-0.0218797875664117,0.00292974859754367,-0.070173072645258,0.00531585912826037,1.94205355644226,1.09672558307648,0.996741414070129,0.00939059574384716,-0.0454047087478988,0.0156472516151965,-0.0626111030579183,0.0288343429565692,0.0141656398773322,0.0183317133982673,-0.0597208571317535,-0.00495520679580537,-0.312185204495049,0,0,0,1480.2,22.3649867
0.79042028839328,0.504930743367754,0.975484371185303,0.0162251051515341,0.0408895611763,-1.64696840709583,-0.0128298262067451,-0.025526898609228,-0.0218797875664117,0.00205082401828057,-0.0491211508516806,0.00372110138978226,1.93281483650208,1.09994208812714,0.996821820735931,0.00721955419201508,-0.0438702484170772,0.0157689313542168,-0.0923871994017294,0.0321650505065479,0.000804066658018923,-0.0217104155182912,0.0153446033081949,0.00121679739020168,-0.315149884586498,0,0,0,1480.3,22.4317446
0.788384596191855,0.502979070289625,0.975484371185303,0.0162251051515341,0.0408895611763,-1.64696840709583,-0.0610707660427568,-0.0585501923438751,-0.015647448962251,0.0014355768127964,-0.0343848055961764,0.00260477097284758,1.92663061618805,1.1014279127121,0.996082246303558,0.00688618272431091,-0.0438695232116969,0.0155371215635735,-0.12368440628063,0.0297164916992458,-0.0147914886474744,-0.0066674293540894,1.45041076046869e-05,-0.0046361958128713,-0.316787182164589,0,0,0,1480.35,22.4984665
0.786346989754855,0.501028340514945,1.00015103816986,0.0149510679766536,0.0407125800848007,-1.64751247829334,-0.0611281931100097,-0.0585218932403947,-0.237589340806029,0.012471238342882,-0.0224765340938295,0.0067199804585812,1.91932594776154,1.10384154319763,0.99571681022644,0.0057535721739985,-0.0480743770269524,0.0187483620904453,-0.146093368530406,0.0482726097107373,-0.00730872154236505,-0.0226522110062689,-0.0840970763051852,0.0642248105374961,-0.317166582144306,0,0,0,1480.4,22.5651433
0.784309383317854,0.499077610740266,1.00015103816986,0.0149510679766536,0.0407125800848007,-1.64751247829334,-0.0611281931100097,-0.0585218932403947,-0.0155893379450062,0.00872986684001741,-0.0157335738656807,0.00470398632100684,1.90192413330078,1.10650169849396,0.993353307247162,0.00523398898625402,-0.0486604776285719,0.0145252127704328,-0.174018144607702,0.026601552963281,-0.0236350297928071,-0.00519583187744954,-0.00586100601620036,-0.0422314932001642,-0.316372671873021,0,0,0,1480.5,22.6318537
0.779075206922784,0.495650576503001,1.00015103816986,0.0149510679766536,0.0407125800848007,-1.64751247829334,-0.157025291852113,-0.102811027117936,-0.00783342127430255,0.00611090678801219,-0.0110135017059765,0.00329279042470479,1.89140582084656,1.10835599899292,0.991500556468964,-0.000654025132094279,-0.041113462132824,0.0150622642046337,-0.210366249083707,0.0370860099791131,-0.03705501556383,-0.117760282366537,0.150940309914408,0.0107410286839801,-0.314495895144955,0,0,0,1480.55,22.6985716
0.773839705561807,0.492227501514023,1.00008177757263,0.013638174161315,0.046962559223175,-1.64786462253467,-0.157065040829313,-0.102692249669358,-0.00757454689770914,0.016093679089656,-0.0639592634395525,0.00547425146929042,1.88032829761505,1.11012613773346,0.990050971508026,-0.00184178680181477,-0.0405760313392146,0.0149093984165615,-0.221550464630328,0.0354027748108232,-0.0289916992187764,-0.0237552333944314,0.0107486158721987,-0.00305731576144653,-0.311624902073804,0,0,0,1480.6,22.7653025
0.76860420420083,0.488804426525044,1.00008177757263,0.013638174161315,0.046962559223175,-1.64786462253467,-0.157065040829313,-0.102692249669358,-0.00819789227277018,0.0112655753627592,-0.0447714844076867,0.00383197602850329,1.85480415821075,1.11419880390167,0.987860679626465,0.00491036772270162,-0.0451422259619247,0.0162775831346351,-0.255241394043201,0.0407266616821659,-0.0219029188156327,0.0675215452452253,-0.045661946227143,0.0136818471807479,-0.307839076362512,0,0,0,1480.7,22.8320209
0.763368702839853,0.485381351536065,1.00008177757263,0.013638174161315,0.046962559223175,-1.64786462253467,-0.157065040829313,-0.102692249669358,-0.00819789227277018,0.00788590275393146,-0.0313400390853807,0.00268238321995231,1.840656042099,1.11641073226929,0.986330151557922,0.0071884871751048,-0.0497425865559526,0.0185826469297095,-0.282962322235365,0.0442385673523352,-0.0306105613708774,0.0455623890481051,-0.0920072118806402,0.0461012759015311,-0.303197283800318,0,0,0,1480.75,22.8987364
0.758417105628198,0.479281595968633,1.00291860103607,0.0151631822809577,0.0458711311221123,-1.64866666263477,-0.148547916349639,-0.182992667022966,-0.0357846922858636,-0.00820494114903259,-0.0121151744502015,0.00909602915484552,1.82494151592255,1.11849784851074,0.984242141246796,0.00739528522992561,-0.0483717812118169,0.0183116817887466,-0.314290523527909,0.0417423248289497,-0.0417602062223823,0.00413596109640099,0.0274161068826143,-0.00541930281923834,-0.297733483238286,0,0,0,1480.8,22.9654392
0.753465508416544,0.473181840401201,1.00291860103607,0.0151631822809577,0.0458711311221123,-1.64866666263477,-0.148547916349639,-0.182992667022966,-0.0102532811149041,-0.00574345880432281,-0.00848062211514107,0.00636722040839186,1.7913430929184,1.12210810184479,0.979387700557709,0.00492518647050985,-0.0395945035952221,0.018196023935577,-0.335984230041809,0.0361025333404869,-0.0485444068909133,-0.02470098759418,0.0877727761660272,-0.0011565785316976,-0.29143280692785,0,0,0,1480.9,23.0322985
0.748513911204889,0.467082084833769,1.00327455997467,0.0151631822809577,0.0458711311221123,-1.64866666263477,-0.148547916349639,-0.182992667022966,-0.0134569115622918,-0.00402042116302597,-0.00593643548059875,0.0044570542858743,1.77326619625092,1.12394416332245,0.976495683193207,0.00394830801235899,-0.037717431114576,0.0179150902324402,-0.361537933349938,0.0367212295532561,-0.0578403472900917,-0.019537569163035,0.037541449612956,-0.00561867406274033,-0.284290632007765,0,0,0,1480.95,23.0990116
0.743560320241993,0.460982643041761,1.00327455997467,0.0172648355364799,0.04185800999403,-1.64904145664112,-0.148607728886869,-0.182983253760226,-0.00990498646539171,-0.0217291741138184,0.0319625853163214,0.00649308405724092,1.75413167476654,1.12533926963806,0.974179446697235,0.00609866851833525,-0.0370776155043735,0.017911574399478,-0.382690429687848,0.0279021263122812,-0.0463247299194757,0.0430072101195644,0.0127963122040624,-7.03166592446543e-05,-0.276224556987017,0,0,0,1481,23.1657332
0.738606729279098,0.454883201249754,1.00327455997467,0.0172648355364799,0.04185800999403,-1.64904145664112,-0.148607728886869,-0.182983253760226,-0.00990498646539171,-0.0152104218796729,0.0223738097214249,0.00454515884006864,1.71408772468567,1.12899577617645,0.970068097114563,0.0109243859056051,-0.0438606806347932,0.0161876685560394,-0.40043950080817,0.0365650653838612,-0.0411134958266651,0.0482571738726323,-0.0678306513041042,-0.0172390584343622,-0.267138136854949,0,0,0,1481.1,23.2324182
0.733653138316202,0.448783759457746,1.00327455997467,0.0172648355364799,0.04185800999403,-1.64904145664112,-0.148607728886869,-0.182983253760226,-0.00990498646539171,-0.010647295315771,0.0156616668049975,0.00318161118804805,1.69251811504364,1.13085722923279,0.967879295349121,0.00716783106694159,-0.0373567696434596,0.0178057188650551,-0.431392192840969,0.0372290611267428,-0.0437760353088777,-0.0751310967733378,0.13007821982679,0.0323610061803423,-0.256887725998576,0,0,0,1481.15,23.2991446
0.72573458699825,0.439295034719694,0.97244668006897,0.0168394539505243,0.0399648025631905,-1.65010456508533,-0.237556539538568,-0.28466174214155,0.288806422593649,-0.00362467244743915,0.0280020336410541,0.0117951038295584,1.67014002799988,1.13253235816956,0.967730224132538,0.011881675766819,-0.0419627158735792,0.0172689050374453,-0.447561740875651,0.033502578735382,-0.00298142433166775,0.0942768939976347,-0.0921189246024765,-0.010736276552206,-0.245342588545428,0,0,0,1481.2,23.3657554
0.717816035680298,0.429806309981643,0.97244668006897,0.0168394539505243,0.0399648025631905,-1.65010456508533,-0.237556539538568,-0.28466174214155,0.011355503442343,-0.0025372707132074,0.0196014235487378,0.00825657268069091,1.62395906448364,1.13586628437042,0.967249870300293,0.0131573955033801,-0.0411756956338957,0.0170696272957751,-0.461809635161724,0.0333392620086215,-0.00480353832244218,0.012757197365593,0.00787020239682497,-0.00199277741669916,-0.23226594194843,0,0,0,1481.3,23.4325943
0.709427613611389,0.422002764463854,0.97244668006897,0.0168394539505243,0.0399648025631905,-1.65010456508533,-0.251652662067262,-0.234106365533667,-0.0114452852755904,-0.00177608949924518,0.0137209964841165,0.00577960087648364,1.59977912902832,1.13738989830017,0.967532694339752,0.0174759688912843,-0.0458385479075328,0.0137724491037704,-0.483598709106885,0.0304722785949984,0.00565648078918971,0.086371467758164,-0.0932570454728264,-0.0659435638401541,-0.217545789612713,0,0,0,1481.35,23.4992973
0.701036583975635,0.414202425440267,0.970914125442505,0.0201625339686871,0.0375983864068985,-1.65052918857471,-0.25173088907262,-0.234010170707615,0.00222734710183062,-0.0311509828129362,0.0309024429455092,0.00786733201795749,1.57471883296967,1.13858127593994,0.967527806758881,0.0127934552845317,-0.0416247277301576,0.0167393346055918,-0.501205921173552,0.0238275527954318,-9.77516174317295e-05,-0.0936502721351381,0.0842764035475794,0.0593377100364831,-0.200966304417602,0,0,0,1481.4,23.5660593
0.692645554339881,0.40640208641668,0.970914125442505,0.0201625339686871,0.0375983864068985,-1.65052918857471,-0.25173088907262,-0.234010170707615,-0.011565644536353,-0.0218056879690553,0.0216317100618564,0.00550713241257024,1.52339148521423,1.14117324352264,0.968637108802795,0.0116404654263548,-0.0383914623671318,0.0149678496324026,-0.513273477554788,0.0259196758270499,0.011093020439158,-0.0115298985817799,0.0323326536302874,-0.0177148497319081,-0.182303637036322,0,0,0,1481.5,23.6330827
0.687860468389485,0.39156605995277,0.970914125442505,0.0201625339686871,0.0375983864068985,-1.65052918857471,-0.143552578511888,-0.445080793917288,-0.022803796587111,-0.0152639815783387,0.0151421970432995,0.00385499268879917,1.49787306785583,1.14201688766479,0.969522535800934,0.0180305446790925,-0.0414149073257581,0.0133628865893522,-0.510368347166112,0.0168728828429562,0.0177085399627041,0.127801585054289,-0.0604688991723058,-0.032099260860891,-0.161587436146252,0,0,0,1481.55,23.6997993
0.683062327682074,0.376731080075622,0.968855619430542,0.0189583618193865,0.034969225525856,-1.65135173267261,-0.143944221222305,-0.445049396314426,-0.00334890208563469,0.00015276223886807,0.034261985859692,0.0101013917632629,1.47020244598389,1.14303982257843,0.970195055007935,0.0167887832621622,-0.0371499782176361,0.0158563654465483,-0.553412437439468,0.0204586982727237,0.0134503841400269,-0.0248352283386284,0.0852985821625178,0.0498695771439668,-0.13865254724159,0,0,0,1481.6,23.7665023
0.678264186974664,0.361896100198475,0.968855619430542,0.0189583618193865,0.034969225525856,-1.65135173267261,-0.143944221222305,-0.445049396314426,-0.0218754561933007,0.000106933567207649,0.0239833901017844,0.00707097423428406,1.41380405426025,1.14375901222229,0.971530199050903,0.0121680688243517,-0.0248507551528185,0.019142889697479,-0.563983917236841,0.00719189643860517,0.0133514404296996,-0.0462071443781466,0.122992230648288,0.0328652425093368,-0.11343594773785,0,0,0,1481.7,23.8332594
0.673466046267254,0.347061120321327,0.968855619430542,0.0189583618193865,0.034969225525856,-1.65135173267261,-0.143944221222305,-0.445049396314426,-0.0218754561933007,7.48534970453544e-05,0.0167883730712491,0.00494968196399884,1.3859531879425,1.14401578903198,0.972647130489349,0.00303202027586186,-0.0245087127199698,0.0154768526481269,-0.557017326355487,0.00513553619385233,0.0223386287689412,-0.182720970969963,0.00684084865698068,-0.0733207409871097,-0.0860146423227805,0,0,0,1481.75,23.899933
0.660431434838144,0.340436810298115,0.962036848068237,0.0245735161006451,0.0276205912232399,-1.65092353290455,-0.391038342873292,-0.198729300696361,0.048634284002141,-0.0504839910833955,0.0778895698734194,-0.00038902053779847,1.35905158519745,1.14522337913513,0.973619520664215,0.00885278729639822,-0.0314459758756355,0.0149750452431175,-0.538032054899166,0.0241518020629004,0.0194478034972437,0.116415340410304,-0.13874526311281,-0.0100361481001499,-0.056430605267979,0,0,0,1481.8,23.9666505
0.647396823409035,0.333812500274903,0.962036848068237,0.0245735161006451,0.0276205912232399,-1.65092353290455,-0.391038342873292,-0.198729300696361,-0.0127346582586012,-0.0353387937583768,0.0545226989113936,-0.000272314376458929,1.30086445808411,1.14459276199341,0.976779222488403,0.00511154896019315,-0.024105692838756,0.015499950212674,-0.581871271133952,-0.00630617141724206,0.0315970182419111,-0.0374123833620847,0.0734028303688619,0.00524904969556964,-0.0248798624128637,0,0,0,1481.9,24.0333429
0.634362211979925,0.327188190251691,0.962036848068237,0.0245735161006451,0.0276205912232399,-1.65092353290455,-0.391038342873292,-0.198729300696361,-0.0127346582586012,-0.0247371556308638,0.0381658892379755,-0.00019062006352125,1.27164912223816,1.14521896839142,0.977889120578766,0.00326533905837215,-0.0234044073788711,0.0174926347242346,-0.584306716919477,0.0125241279602165,0.0221979618072712,-0.0369241980364536,0.0140257091977114,0.0398536902312478,0.00840272215162891,0,0,0,1481.95,24.1000297
0.621322421094023,0.320560674949939,0.962596654891968,0.0148964896798134,0.0211233701556921,-1.65114144748585,-0.391193726577067,-0.198825459052555,-0.01419697857638,0.0697772288458805,0.0851911120745131,0.00182779718722458,1.24220395088196,1.14518344402313,0.977937579154968,0.00346434361702036,-0.0179738088492062,0.0165967500841352,-0.588903427124559,-0.000710487365723302,0.000969171524048733,0.00398009117296774,0.108611970593395,-0.0179176928020034,0.0431078481079714,0,0,0,1482,24.1667291
0.60828263020812,0.313933159648187,0.962596654891968,0.0148964896798134,0.0211233701556921,-1.65114144748585,-0.391193726577067,-0.198825459052555,-0.00915871716280576,0.0488440601921163,0.0596337784521591,0.0012794580310572,1.18316745758057,1.14577543735504,0.982344269752502,0.0030626887789147,-0.0173078010993824,0.0185317473562728,-0.590364933013111,0.00591993331908372,0.0440669059752817,-0.00401654838105112,0.00666007749822978,0.0193499727213492,0.078828389113619,0,0,0,1482.1,24.2334099
0.595242839322218,0.307305644346436,0.962596654891968,0.0148964896798134,0.0211233701556921,-1.65114144748585,-0.391193726577067,-0.198825459052555,-0.00915871716280576,0.0341908421344814,0.0417436449165114,0.000895620621740043,1.15460896492004,1.1455979347229,0.983987867832184,-0.00061599472953168,-0.0129947629511873,0.0162218520900058,-0.571169853210969,-0.00355005264282549,0.0328719615936578,-0.0735736701689945,0.0862607629639791,-0.0461979053253826,0.115110176915784,0,0,0,1482.15,24.3000765
0.58278789766963,0.303706945453259,0.967575371265411,0.012835580855608,0.0113509139046073,-1.65092353290455,-0.373648249577652,-0.107960966795306,-0.065604781703051,0.0424817689119856,0.117172657701321,-0.00133429679647142,1.12570071220398,1.14574575424194,0.985437393188477,-0.00221803895995609,-0.00786513588054688,0.0176616194893522,-0.578165054321815,0.00295639038086206,0.0289905071258809,-0.0320408846085173,0.102592541412902,0.0287953479869551,0.151455719915594,0,0,0,1482.2,24.3667542
0.570332956017041,0.300108246560082,0.967575371265411,0.012835580855608,0.0113509139046073,-1.65092353290455,-0.373648249577652,-0.107960966795306,-0.0207963343420586,0.0297372382383899,0.0820208603909249,-0.000934007757529996,1.06835055351257,1.14705312252045,0.987756788730621,-0.000789147383852659,0.00727521570062212,0.0195402087478584,-0.57350158691328,0.0130736827850163,0.0231939554214161,0.0142889157610148,0.151403515811483,0.0187858925850359,0.187363159355981,0,0,0,1482.3,24.4335416
0.5562081267012,0.292999819075089,0.967575371265411,0.012835580855608,0.0113509139046073,-1.65092353290455,-0.423744879475241,-0.213252824549799,-0.0178478214763514,0.0208160667668729,0.0574146022736474,-0.000653805430270997,1.04125559329987,1.14771115779877,0.9889777302742,0.00117887787504333,0.011879556157943,0.0206712083381956,-0.541899204254643,0.0131607055664182,0.0244188308716042,0.0393605051779556,0.092086809146501,0.0226199918067646,0.222136289981059,0,0,0,1482.35,24.5002281
0.54208226864956,0.285879389003718,0.973372340202332,0.0132978409528732,-0.00486209196969867,-1.65097407764332,-0.423775741549211,-0.213612902141122,-0.0673520757653705,0.0104109058614239,0.186107274460307,-2.76115226391691e-06,1.0142685174942,1.14805769920349,0.99032986164093,-0.0024806193411201,0.0182252046419587,0.0197468986778105,-0.539741516113772,0.00693082809448873,0.0270426273346193,-0.0731899443233352,0.12691296968043,-0.0184861932077188,0.255258773260839,0,0,0,1482.4,24.5669603
0.527956410597919,0.278758958932347,0.973372340202332,0.0132978409528732,-0.00486209196969867,-1.65097407764332,-0.423775741549211,-0.213612902141122,-0.015179355333089,0.0072876341029967,0.130275092122215,-1.93280658474184e-06,0.962078273296356,1.14940583705902,0.993678271770477,-3.43585089168544e-05,0.0213677089940788,0.0178462401769713,-0.521902441978929,0.0134813785553101,0.0334841012955016,0.0244626083220547,0.03142504352123,-0.0190065850084094,0.286098032723916,0,0,0,1482.5,24.6336442
0.519082977261551,0.2648181967493,0.973372340202332,0.0132978409528732,-0.00486209196969867,-1.65097407764332,-0.266203000091041,-0.418222865491423,-0.00467617211387505,0.00510134387209769,0.0911925644855504,-1.35296460931929e-06,0.93731951713562,1.15002048015594,0.995023250579834,0.00124883097377324,0.0235228774995994,0.0180436304713068,-0.49517512321292,0.0122928619384318,0.0268995761870359,0.0256637896537084,0.0431033701102546,0.00394780588669652,0.314135675555356,0,0,0,1482.55,24.7003693
0.510208910410279,0.250876098481235,0.979433536529541,0.0108902798965573,-0.0210890043526888,-1.65096311038868,-0.26622200553817,-0.418262948041927,-0.0538584302063609,0.0252389902173115,0.209877006586796,-9.96523669745704e-05,0.9129878282547,1.15117204189301,0.996524751186371,0.00441850915174548,0.0285730015215944,0.0180865798945366,-0.486633777618851,0.0230312347412319,0.0300300121307646,0.0633935635595025,0.101002480439992,0.000858988464596343,0.33883818190251,0,0,0,1482.6,24.7670986
0.501334843559006,0.236934000213171,0.979433536529541,0.0108902798965573,-0.0210890043526888,-1.65096311038868,-0.26622200553817,-0.418262948041927,0.000692336738524373,0.017667293152118,0.146913904610757,-6.97566568821993e-05,0.869283378124237,1.15248703956604,0.998785376548767,0.0040322198616936,0.0394043781391401,0.0180091068460731,-0.437044501305024,0.0131499767303586,0.022606253623983,-0.00386289290052233,0.108313766175555,-0.000774730484635691,0.35973936531226,0,0,0,1482.7,24.8337835
0.492460776707734,0.222991901945107,0.979433536529541,0.0108902798965573,-0.0210890043526888,-1.65096311038868,-0.26622200553817,-0.418262948041927,0.000692336738524373,0.0123671052064826,0.10283973322753,-4.88296598175395e-05,0.84913831949234,1.15353810787201,0.99988204240799,0.00350298713558595,0.0403268292148678,0.0187234610652974,-0.402901172638306,0.0210213661194039,0.0219333171844682,-0.0105846545221624,0.0184490215145702,0.014287084384499,0.376483758782203,0,0,0,1482.75,24.9004581
0.484853751762864,0.214910331650839,0.983024537563324,0.015784315764904,-0.0384833365678787,-1.65057925647633,-0.2282107483461,-0.242447108828053,-0.0370086320098068,-0.0353893491705824,0.228536803195981,-0.00348886597305392,0.830239057540894,1.15412878990173,1.00112450122833,0.00473062301014624,0.0424280408975954,0.0179507136502628,-0.377985239027556,0.0118136405944394,0.02484917640677,0.0245527174911164,0.0420242336544005,-0.0154549483006353,0.388801422040447,0,0,0,1482.8,24.9671503
0.477246726817994,0.20682876135657,0.983024537563324,0.015784315764904,-0.0384833365678787,-1.65057925647633,-0.2282107483461,-0.242447108828053,-0.00468962270576018,-0.0247725444194077,0.159975762237186,-0.00244220618113774,0.796186506748199,1.15569174289703,1.00284457206726,0.00198869922817823,0.0456854747729521,0.0195151208988904,-0.340525507927251,0.0156295299530171,0.0172007083892979,-0.0274192378197051,0.0325743387535966,0.0156440724862902,0.39651640707124,0,0,0,1482.9,25.0338295
0.469639701873124,0.198747191062302,0.983024537563324,0.015784315764904,-0.0384833365678787,-1.65057925647633,-0.2282107483461,-0.242447108828053,-0.00468962270576018,-0.0173407810935854,0.11198303356603,-0.00170954432679642,0.781492233276367,1.15637278556824,1.00349926948547,0.00159250078647897,0.0462412031154166,0.0197425930324055,-0.293885469436913,0.0136208534240847,0.0130939483642697,-0.00792396883399232,0.0111145668493005,0.00454944267030519,0.399576766640838,0,0,0,1482.95,25.1005193
0.462033759199561,0.190662461446277,0.981842160224915,0.0129504920914769,-0.0477343574166298,-1.65024690097706,-0.228178280206891,-0.242541888480746,0.00804725690559994,0.0133658662953342,0.161647311134981,-0.0041878805221657,0.767967343330383,1.15723013877869,1.00418889522552,0.0018255614815398,0.0469520125167202,0.0194996652022885,-0.270497798919924,0.017147064209,0.0137925148010379,0.00466121390122074,0.0142161880260837,-0.004858556602344,0.398044533186558,0,0,0,1483,25.1672316
0.454427816525998,0.182577731830252,0.981842160224915,0.0129504920914769,-0.0477343574166298,-1.65024690097706,-0.228178280206891,-0.242541888480746,-0.00259413914008487,0.00935610640673393,0.113153117794487,-0.00293151636551599,0.74591451883316,1.15903985500336,1.00542378425598,0.00164615456989475,0.0477686259170097,0.0171645475093061,-0.220528244971928,0.0180971622466794,0.0123488903045486,-0.00179406911644804,0.00816613400288362,-0.0233511769297917,0.39209973714713,0,0,0,1483.1,25.2339771
0.446821873852435,0.174493002214227,0.981842160224915,0.0129504920914769,-0.0477343574166298,-1.65024690097706,-0.228178280206891,-0.242541888480746,-0.00259413914008487,0.00654927448471375,0.0792071824561406,-0.00205206145586119,0.736454427242279,1.16028773784637,1.00596833229065,0.00132673891233213,0.0484196219449779,0.0170458903964563,-0.189201831817799,0.0249576568603743,0.0108909606933693,-0.00638831315125812,0.0130199205593765,-0.00237314225699809,0.382054049903602,0,0,0,1483.15,25.300678
0.445635981315419,0.170577925585825,0.996548235416412,0.0130876256152987,-0.0498531460762024,-1.64927796787159,-0.0355767761104759,-0.117452298852059,-0.142808035584516,0.00335029042490315,0.0745141256554519,-0.0101568409683216,0.72842264175415,1.16116178035736,1.00622689723969,-0.000326784548451535,0.0491868081553875,0.0158142063558391,-0.160635709762719,0.0174808502197425,0.00517129898071759,-0.0330704692157034,0.0153437242082061,-0.0246336808123678,0.368323456046365,0,0,0,1483.2,25.3673584
0.444450088778403,0.166662848957423,0.996548235416412,0.0130876256152987,-0.0498531460762024,-1.64927796787159,-0.0355767761104759,-0.117452298852059,-0.0104533588610356,0.0023452032974322,0.0521598879588163,-0.00710978867782511,0.716736316680908,1.16360759735107,1.00555431842804,0.00096848873755897,0.0489225520268035,0.0186131507314794,-0.116863250732262,0.0244581699371004,-0.0067257881164459,0.0129527328600874,-0.00264256128583614,0.0279894437563649,0.351410733582631,0,0,0,1483.3,25.4340646
0.443341116929151,0.168053763680122,0.996548235416412,0.0130876256152987,-0.0498531460762024,-1.64927796787159,-0.0332691554775756,0.041727441680965,-0.00511198022601509,0.00164164230820254,0.0365119215711714,-0.00497685207447758,0.71293967962265,1.16467261314392,1.00422847270966,0.000355248685992385,0.0493160158529935,0.01865665349571,-0.0759327411652302,0.021300315856953,-0.0265169143676999,-0.0122648010313429,0.00786927652380761,0.000870055284612856,0.331910244142072,0,0,0,1483.35,25.5007947
0.442232811614174,0.16944462015905,1.00393235683441,0.0148719390854239,-0.0507620759308338,-1.64954642719166,-0.0332491594493001,0.0417256943678381,-0.071639326166194,-0.014909671615385,0.0337387137915028,-0.00106766257151907,0.710334539413452,1.16587066650391,1.00278115272522,0.000384921915098958,0.0480154526207035,0.0186453123204119,-0.0521028041840073,0.0239610671997288,-0.028946399688747,0.000593464582131996,-0.0260112646458247,-0.000226823505960481,0.310511726425688,0,0,0,1483.4,25.5674637
0.441124506299198,0.170835476637978,1.00393235683441,0.0148719390854239,-0.0507620759308338,-1.64954642719166,-0.0332491594493001,0.0417256943678381,-0.0051822334042006,-0.0104367701307695,0.023617099654052,-0.000747363800063348,0.708361446857452,1.16852211952209,0.99869167804718,-0.00288925821709091,0.0440410548910971,0.0184325777616019,-0.0197309255600155,0.0265145301819089,-0.0408947467804327,-0.0327418013219285,-0.0397439772961004,-0.00212734558810201,0.287895655973961,0,0,0,1483.5,25.6341624
0.441849615148708,0.172978566843099,1.00393235683441,0.0148719390854239,-0.0507620759308338,-1.64954642719166,0.0217532654853042,0.0642927061536355,0.0159258711999361,-0.00730573909153865,0.0165319697578364,-0.000523154660044343,0.709233939647675,1.16955327987671,0.996258914470673,-0.00343275026812451,0.0447213356388318,0.0183133098025002,0.0174498558043799,0.0206232070922101,-0.0486552715299744,-0.0108698410206324,0.0136056149546446,-0.00238535918202602,0.264803544850446,0,0,0,1483.55,25.7008579
0.442575330852514,0.175117504614082,0.997424423694611,0.0122152008116245,-0.0450413227081299,-1.64891867107288,0.0217714711141973,0.0641681331294798,0.0747295680151176,0.0187966271001177,-0.03991440017385,-0.00601601333100077,0.711487233638763,1.17106235027313,0.993863582611084,-0.00267160545062076,0.0436278633017446,0.0182004765786872,0.0450658798218183,0.0301814079284942,-0.047906637191816,0.0152228963500887,-0.0218694467417641,-0.00225666447626287,0.24195199788642,0,0,0,1483.6,25.7675907
0.443301046556321,0.177256442385064,0.997424423694611,0.0122152008116245,-0.0450413227081299,-1.64891867107288,0.0217714711141973,0.0641681331294798,0.0161581697569084,0.0131576389700824,-0.027940080121695,-0.00421120933170054,0.718721330165863,1.17416000366211,0.990953207015991,-0.000624898773037861,0.0386947165429649,0.0188619030241705,0.0723409652710619,0.0309765338897987,-0.0291037559509542,0.0204670667758476,-0.0493314675878421,0.00661426445483981,0.220072230650929,0,0,0,1483.7,25.8342859
0.444026762260127,0.179395380156047,0.997424423694611,0.0122152008116245,-0.0450413227081299,-1.64891867107288,0.0217714711141973,0.0641681331294798,0.0161581697569084,0.00921034727905768,-0.0195580560851865,-0.00294784653219038,0.724131166934967,1.17596280574799,0.990281105041504,0.000244567690036408,0.0364534660670389,0.0171578486946614,0.108196735382178,0.0360560417175621,-0.0134420394897583,0.0173893292615012,-0.0448250095185608,-0.0340810865902133,0.199816796384226,0,0,0,1483.75,25.9009503
0.447332419294263,0.182599190097478,0.973138809204102,0.012550612911582,-0.036848146468401,-1.64953307575123,0.0991697110240755,0.0961142982429266,0.232127463703658,0.00342853419572318,-0.0874292254171909,0.00346614953256928,0.729869723320007,1.17744970321655,0.989889562129974,8.37072231998003e-06,0.035944727498667,0.0164491591411994,0.114771127700388,0.0297379493712297,-0.00783085823056233,-0.00472393935431138,-0.0101747713673992,-0.0141737910691898,0.1817376552404,0,0,0,1483.8,25.9677052
0.450638076328399,0.185803000038909,0.973138809204102,0.012550612911582,-0.036848146468401,-1.64953307575123,0.0991697110240755,0.0961142982429266,0.0135569332890772,0.00239997393700623,-0.0612004577920336,0.00242630467279849,0.744508385658264,1.18115603923798,0.988909363746643,0.00218713465958115,0.0281139324803005,0.0178699749565611,0.146386623382702,0.0370633602142671,-0.0098019838333219,0.0217876393726315,-0.0783079501837369,0.0142081581536307,0.166374076363332,0,0,0,1483.9,26.0343922
0.453943733362535,0.18900680998034,0.973138809204102,0.012550612911582,-0.036848146468401,-1.64953307575123,0.0991697110240755,0.0961142982429266,0.0135569332890772,0.00167998175590436,-0.0428403204544235,0.00169841327095895,0.752489805221558,1.18330156803131,0.988769352436066,0.00240545253554481,0.024891336447686,0.0174527421670911,0.159628391266014,0.0429105758667382,-0.0028002262115504,0.00436635751927716,-0.0644519206523478,-0.00834465578940759,0.154095768573663,0,0,0,1483.95,26.1010639
0.457250030270506,0.192203014013671,0.978182673454285,0.0135499499738216,-0.0280063357204199,-1.65011600917713,0.0991889072391294,0.0958861209999481,-0.0311332351339457,-0.00781804633102377,-0.109564521049926,0.00643529012280115,0.760523498058319,1.18540167808533,0.988565027713776,0.00267767492937612,0.0232511913119945,0.0187926645608041,0.160673856735376,0.0420022010803605,-0.0040864944458045,0.00544444787663125,-0.0328029027138606,0.0267984478742839,0.145163198392055,0,0,0,1484,26.1677425
0.460556327178477,0.195399218047003,0.978182673454285,0.0135499499738216,-0.0280063357204199,-1.65011600917713,0.0991889072391294,0.0958861209999481,0.0142615431177023,-0.00547263243171664,-0.0766951647349483,0.0045047030859608,0.77904200553894,1.18939161300659,0.987346947193146,0.0040547114447119,0.0248919913002545,0.0186483769765909,0.185185074805961,0.039899349212592,-0.0121808052062822,0.013770365153339,0.0164079998825778,-0.0014428758421305,0.139710728410604,0,0,0,1484.1,26.2344395
0.463862624086448,0.198595422080334,0.978182673454285,0.0135499499738216,-0.0280063357204199,-1.65011600917713,0.0991889072391294,0.0958861209999481,0.0142615431177023,-0.00383084270220165,-0.0536866153144638,0.00315329216017256,0.788560926914215,1.19160521030426,0.986620843410492,0.00319924901365186,0.0232314395953884,0.0192059274692286,0.190378427505666,0.0442719459534094,-0.0145220756530894,-0.0171092486212164,-0.0332110340973511,0.0111510098527648,0.137738066388586,0,0,0,1484.15,26.301322
0.467168612358916,0.201786336892534,0.974603474140167,0.0157809667289257,-0.0224648416042328,-1.65065292781727,0.0991796481740433,0.0957274443659842,0.0470178554796992,-0.0227607406874777,-0.0874540777658085,0.00703957227335126,0.799105405807495,1.19349050521851,0.985854625701904,0.00475099271785131,0.0207434804894786,0.0198770627540375,0.210889577865792,0.0377058982849464,-0.0153243541717669,0.0310348740840171,-0.0497591821182431,0.0134227056961901,0.139119896953839,0,0,0,1484.2,26.3681071
0.470474600631384,0.204977251704733,0.974603474140167,0.0157809667289257,-0.0224648416042328,-1.65065292781727,0.0991796481740433,0.0957274443659842,0.0148050616526423,-0.0159325184812344,-0.061217854436066,0.00492770059134588,0.821712136268616,1.19723331928253,0.982915163040161,0.00525019209202793,0.0212595293189561,0.0186261945848364,0.226067304610898,0.0374281406402077,-0.0293946266173915,0.00499199374175937,0.00516048829476805,-0.0125086816919943,0.14356898233269,0,0,0,1484.3,26.434806
0.473780588903852,0.208168166516933,0.974603474140167,0.0157809667289257,-0.0224648416042328,-1.65065292781727,0.0991796481740433,0.0957274443659842,0.0148050616526423,-0.0111527629368641,-0.0428524981052462,0.00344939041394212,0.833478152751923,1.1990555524826,0.98137503862381,0.00680669902618253,0.020975085727702,0.0183655491207553,0.235320329666352,0.036444664001498,-0.0308024883270544,0.0311301386831205,-0.00568887182508669,-0.00521290928162612,0.15068667323398,0,0,0,1484.35,26.5014994
0.480270257714693,0.210199837247198,0.996869027614594,0.0167556218802929,-0.0194771122187376,-1.651128334464,0.194690064325219,0.0609501219079669,-0.21411426936934,-0.0165788304181096,-0.056886313143129,0.00669323311031612,0.845512092113495,1.20064318180084,0.979228794574738,0.00823534023391853,0.0202884485851028,0.018216526957546,0.240678787231664,0.031752586364775,-0.0429248809814844,0.0285728241547458,-0.0137327428519953,-0.00298044326418904,0.159969705489325,0,0,0,1484.4,26.5682277
0.486759926525533,0.212231507977464,0.996869027614594,0.0167556218802929,-0.0194771122187376,-1.651128334464,0.194690064325219,0.0609501219079669,-0.0137242880995034,-0.0116051812926767,-0.0398204192001903,0.00468526317722129,0.870459139347076,1.20436346530914,0.973830580711365,0.00451746685175273,0.0227534148454813,0.0177130710905459,0.249470472336042,0.0372028350830416,-0.0539821386337771,-0.0371787338216918,0.0246496626038066,-0.00503455867000506,0.170806430478662,0,0,0,1484.5,26.6349302
0.493249595336374,0.214263178707729,0.996869027614594,0.0167556218802929,-0.0194771122187376,-1.651128334464,0.194690064325219,0.0609501219079669,-0.0137242880995034,-0.00812362690487368,-0.0278742934401332,0.0032796842240549,0.884064376354218,1.20560169219971,0.970188140869141,-0.000388572872046455,0.026835260283784,0.0143779862416041,0.272104740141832,0.0247645378111892,-0.0728487968442174,-0.0981207944756268,0.0816369087657582,-0.0667016969785935,0.182521357438411,0,0,0,1484.55,26.701627
0.500313558105351,0.217928903901038,0.982523679733276,0.0162107702344656,-0.0200393460690975,-1.65132264560596,0.211918883069317,0.10997175579925,0.138103005739676,-0.000782874020965934,-0.014451900754854,0.00404457923454839,0.897857964038849,1.20772922039032,0.96772575378418,0.00452242978407083,0.0206766123374123,0.0153898081400533,0.275871753692878,0.0425505638122946,-0.0492477416992635,0.0982200531224351,-0.123172958927547,0.0202364379690024,0.194386493900225,0,0,0,1484.6,26.7683235
0.507377520874329,0.221594629094346,0.982523679733276,0.0162107702344656,-0.0200393460690975,-1.65132264560596,0.211918883069317,0.10997175579925,0.00899487480782198,-0.000548011814676154,-0.0101163305283978,0.00283120546418387,0.92638486623764,1.21075105667114,0.963533639907837,0.00646498234378011,0.0210494468396687,0.0160312646568752,0.285269021988174,0.030218362808255,-0.0419211387634659,0.0194255255971104,0.00372834502256734,0.00641456516822502,0.20564529728568,0,0,0,1484.7,26.8350125
0.514441483643306,0.225260354287654,0.982523679733276,0.0162107702344656,-0.0200393460690975,-1.65132264560596,0.211918883069317,0.10997175579925,0.00899487480782198,-0.000383608270273308,-0.00708143136987845,0.00198184382492871,0.940538346767426,1.21199977397919,0.961541175842285,0.00494583956479677,0.0272170551647923,0.0183894981803742,0.283069610595961,0.0249743461609114,-0.0398492813110714,-0.0303828555796945,0.123352166502585,0.0471646704700218,0.215548960388556,0,0,0,1484.75,26.9017452
0.523832819522716,0.229922553245907,0.982523679733276,0.0162107702344656,-0.0200393460690975,-1.65132264560596,0.281740076382295,0.139865968747568,0.0110633845437376,-0.000268525789191315,-0.00495700195891492,0.0013872906774501,0.955610990524292,1.21381425857544,0.960014939308167,0.00715013114970984,0.0264973450230978,0.0161003786435248,0.301452875136232,0.0362896919249168,-0.030524730682262,0.0440858316981011,-0.0143942028338378,-0.0457823907368203,0.223381870054928,0,0,0,1484.8,26.9687294
0.533224155402126,0.234584752204159,0.982523679733276,0.0162107702344656,-0.0200393460690975,-1.65132264560596,0.281740076382295,0.139865968747568,0.0110633845437376,-0.000187968052433921,-0.00346990137124044,0.000971103474215068,0.987038612365723,1.21625578403473,0.957237124443054,0.00929211834365109,0.0299452689331853,0.0168647452723217,0.314276218414592,0.0244152545929177,-0.0277781486511483,0.021419871939432,0.0344792391009066,0.00764366628797566,0.22839737924805,0,0,0,1484.9,27.0353968
0.542618624162949,0.239242489980568,0.964286148548126,0.0165273994207382,-0.0236488450318575,-1.65200452274219,0.281834062824711,0.139732133292267,0.174851317192946,-0.00298124031315734,0.0300565597049714,0.00681666665802477,1.00377762317657,1.21770811080933,0.95631068944931,0.0111571109401538,0.0270151078686457,0.0182220018577227,0.334780216217345,0.0290465354919698,-0.0185286998748948,0.0372998519300885,-0.0586032212908459,0.0271451317080444,0.230031136206357,0,0,0,1484.95,27.102078
0.552012324816184,0.243901244625746,0.953994274139404,0.0172792375087738,-0.0240036752074957,-1.65193681186573,0.281811019597044,0.139762639355357,0.103441961177589,-0.00885341101153039,0.0242330633742238,0.00416226877243374,1.02083098888397,1.21927440166473,0.955884277820587,0.00720316795128095,0.0271857421661156,0.018745592329396,0.341067314148259,0.0313258171081828,-0.00852823257447065,-0.0790788597775293,0.00341268594940177,0.0104718094334757,0.227765648877672,0,0,0,1485,27.1688074
0.561406025469419,0.248559999270925,0.953994274139404,0.0172792375087738,-0.0240036752074957,-1.65193681186573,0.281811019597044,0.139762639355357,0.0108150914990913,-0.00619738770807127,0.0169631443619567,0.00291358814070362,1.05637800693512,1.22130131721497,0.954060852527618,0.0066651443493354,0.0310738230014598,0.0161863076875345,0.35547018051099,0.0202691555022917,-0.0182342529296626,-0.00538023601944818,0.0388808083533886,-0.0255928464185798,0.221202795324268,0,0,0,1485.1,27.2354902
0.570799726122654,0.253218753916103,0.953994274139404,0.0172792375087738,-0.0240036752074957,-1.65193681186573,0.281811019597044,0.139762639355357,0.0108150914990913,-0.00433817139564989,0.0118742010533697,0.00203951169849253,1.07479977607727,1.22238004207611,0.95313686132431,0.00683775972719267,0.0318436296932376,0.0158856539794628,0.368435382843353,0.02157449722292,-0.0184798240661789,0.00345230755714864,0.0153961338355697,-0.00601307416144044,0.210049810541901,0,0,0,1485.15,27.3022604
0.580677024949355,0.259454995841447,0.959300816059113,0.0173671673983335,-0.0312368459999561,-1.65169863170521,0.296318964801026,0.187087257760317,-0.0528631934176507,-0.00382808898299263,0.0734104778695027,-0.000715963255757375,1.09397602081299,1.22352683544159,0.952538371086121,0.00906807058433571,0.0291581771491882,0.0161479851103661,0.383524894714704,0.0229358673095912,-0.0119698047638048,0.0446062171429013,-0.053709050881037,0.00524662261807076,0.194175417434275,0,0,0,1485.2,27.3690209
0.590554323776056,0.265691237766791,0.959300816059113,0.0173671673983335,-0.0312368459999561,-1.65169863170521,0.296318964801026,0.187087257760317,-0.00510431614027639,-0.00267966228809484,0.0513873345086519,-0.000501174279030163,1.13341820240021,1.22501027584076,0.950529992580414,0.00745068465901046,0.0261748152300826,0.0150952672042849,0.394421815871654,0.014834403991679,-0.0200837850570405,-0.0161738592532305,-0.0298336191910148,-0.0105271790607979,0.173585351747139,0,0,0,1485.3,27.4357669
0.600431622602757,0.271927479692135,0.959300816059113,0.0173671673983335,-0.0312368459999561,-1.65169863170521,0.296318964801026,0.187087257760317,-0.00510431614027639,-0.00187576360166639,0.0359711341560563,-0.000350821995321114,1.15424919128418,1.22543287277222,0.949427723884583,0.00654854898874295,0.0248048048209513,0.0141404745695516,0.416619777679822,0.00845193862915808,-0.022045373916646,-0.0180427134053666,-0.0274002081826513,-0.0190958526946826,0.148425391906675,0,0,0,1485.35,27.5025015
0.612187223504975,0.277858662651135,0.956790030002594,0.0176021661609411,-0.0244936048984528,-1.65143088764088,0.352668027066548,0.177935488769998,0.0197527394274166,-0.00342802338463464,-0.0355093760042909,-0.00265527197570427,1.17497992515564,1.22612607479095,0.948925256729126,0.00743389918049651,0.0199293682092175,0.0149465285139416,0.414614677429576,0.0138640403747685,-0.01004934310914,0.0177070038350873,-0.0975087322347658,0.0161210788878145,0.119006097942395,0,0,0,1485.4,27.5691682
0.623942824407193,0.283789845610135,0.956790030002594,0.0176021661609411,-0.0244936048984528,-1.65143088764088,0.352668027066548,0.177935488769998,-0.00284433508125039,-0.00239961636924425,-0.0248565632030036,-0.00185869038299299,1.21659684181213,1.22734749317169,0.946558356285095,0.00384070321570989,0.021237134278745,0.0152760787638315,0.41616916656532,0.0122141838073842,-0.0236690044403291,-0.0359319596478989,0.013077660695287,0.00329550249890224,0.0857063165267652,0,0,0,1485.5,27.6358485
0.635698425309411,0.289721028569135,0.956790030002594,0.0176021661609411,-0.0244936048984528,-1.65143088764088,0.352668027066548,0.177935488769998,-0.00284433508125039,-0.00167973145847098,-0.0173995942421026,-0.00130108326809509,1.2382892370224,1.22793185710907,0.945046901702881,0.0046271962934337,0.016534645973954,0.0150871908147407,0.433847904203744,0.0116872787475161,-0.0302290916441771,0.0157298615544191,-0.0940497660954761,-0.00377775898180318,0.0490373273044709,0,0,0,1485.55,27.702563
0.644897028857848,0.297798830764257,0.972689032554626,0.016027744859457,-0.0185863394290209,-1.65175203746693,0.275958106453088,0.242334065853674,-0.154160010561744,0.0129939796924273,-0.0653451051943587,0.00197959014678168,1.25950086116791,1.22883927822113,0.943123638629913,0.00448620170217593,0.0142063606516853,0.0136352372421569,0.424232482910542,0.0181484222412274,-0.0384652614593856,-0.00281989182515804,-0.0465657064454169,-0.0290390714517019,0.00966401829209254,0,0,0,1485.6,27.7692391
0.654095632406284,0.30587663295938,0.972689032554626,0.016027744859457,-0.0185863394290209,-1.65175203746693,0.275958106453088,0.242334065853674,-0.0110689875934517,0.0090957857846991,-0.0457415736360511,0.00138571310274717,1.30361938476562,1.2297614812851,0.938865721225739,0.00328211377536796,0.00879797388221088,0.0154289004425521,0.441185235977574,0.00922203063965682,-0.0425791740417868,-0.0120408792680906,-0.0540838676947936,0.0179366320039689,-0.0317627772845596,0,0,0,1485.7,27.8359673
0.66329423595472,0.313954435154502,0.972689032554626,0.016027744859457,-0.0185863394290209,-1.65175203746693,0.275958106453088,0.242334065853674,-0.0110689875934517,0.00636705004928937,-0.0320191015452358,0.000969999171923022,1.32606911659241,1.23026037216187,0.936770439147949,0.00452806557587976,0.00403333673789819,0.0143664343091681,0.448994636536053,0.00997781753540946,-0.0419056415558242,0.0249190360102586,-0.0952927428863404,-0.0212493226676999,-0.0744227451278561,0,0,0,1485.75,27.9026535
0.67440493259524,0.321438344914679,0.958221971988678,0.016027744859457,-0.0185863394290209,-1.65175203746693,0.333320899215594,0.224517292805287,0.129464491451732,0.00445693503450256,-0.022413371081665,0.000678999420346115,1.3482483625412,1.23085522651672,0.935726523399353,0.00373239464263232,-0.00134746598094287,0.0138122637139422,0.443584918974216,0.0118970870971247,-0.0208783149718479,-0.0159134186648908,-0.10761605437643,-0.0110834119044775,-0.117546588751743,0,0,0,1485.8,27.9693418
0.68551562923576,0.328922254674855,0.958221971988678,0.016027744859457,-0.0185863394290209,-1.65175203746693,0.333320899215594,0.224517292805287,-0.000739053641804578,0.00311985452415179,-0.0156893597571655,0.000475299594242281,1.3901880979538,1.23185276985168,0.93383264541626,0.00639388274444701,-0.0100386944564887,0.013130797048821,0.419397354126358,0.00997543334961845,-0.0189387798309498,0.0266148810181711,-0.0869122847555369,-0.00681466665121884,-0.160327653685237,0,0,0,1485.9,28.0360314
0.696634677052826,0.336393679565884,0.958221971988678,0.0149269364774227,-0.00724693341180682,-1.65285448497669,0.333571434512003,0.224142746730878,0.00100918602318226,0.012091173605215,-0.113037205984942,0.0102547373038602,1.41061723232269,1.23246335983276,0.933012783527374,0.00778384436226676,-0.0200883159865176,0.0128754524911659,0.408582687378301,0.0122117996215931,-0.0163972377777249,0.0277992323564203,-0.200992430600762,-0.00510689115310592,-0.201984044926688,0,0,0,1485.95,28.1027388
0.707743075277247,0.343876284674866,0.952858507633209,0.0185256954282522,0.0145672122016549,-1.65153030818836,0.33325194673263,0.224478153269468,0.0538995457560443,-0.0239250090338151,-0.275453354710615,-0.00473927498226855,1.43150556087494,1.23260235786438,0.931581139564514,0.0060222512939662,-0.0233868732296009,0.0113161340665252,0.417766571045302,0.00277996063232675,-0.0286328792572282,-0.0352318613660432,-0.0659711448617245,-0.0311863684928415,-0.241745598171776,0,0,0,1486,28.16944
0.718851473501668,0.351358889783848,0.952858507633209,0.0185256954282522,0.0145672122016549,-1.65153030818836,0.33325194673263,0.224478153269468,0.00562836655682555,-0.0167475063236706,-0.192817348297431,-0.00331749248758798,1.46903622150421,1.2331850528717,0.93132495880127,0.00797146713045702,-0.0284560981777871,0.00990350411491248,0.375306606292213,0.00582695007323424,-0.00256180763244279,0.0194921583648815,-0.0506922494817938,-0.0141262995161083,-0.278910246660458,0,0,0,1486.1,28.2361222
0.729959871726089,0.358841494892831,0.952858507633209,0.0185256954282522,0.0145672122016549,-1.65153030818836,0.33325194673263,0.224478153269468,0.00562836655682555,-0.0117232544265694,-0.134972143808201,-0.00232224474131159,1.48662567138672,1.23296630382538,0.933077573776245,0.00929028710248501,-0.0331982945028226,0.0112692773605606,0.351788997650466,-0.00437498092651765,0.0350522994995436,0.026376399440584,-0.0948439265007944,0.0273154649129875,-0.312889977408258,0,0,0,1486.15,28.3028408
0.741328261330208,0.363290262321809,0.919637262821198,0.0208169538527727,0.0302515421062708,-1.648766798438,0.341051688123566,0.133463022869335,0.301045207732483,-0.028827603919283,-0.235639469807284,-0.026497159072214,1.50368010997772,1.23229002952576,0.935147047042847,0.00954632939845455,-0.0359153333389793,0.0101029384657413,0.341088771820379,-0.0135254859924439,0.0413894653320689,0.00512084591939532,-0.0543407767231843,-0.0233267778964077,-0.343130507042035,0,0,0,1486.2,28.3695375
0.752696650934327,0.367739029750786,0.919637262821198,0.0208169538527727,0.0302515421062708,-1.648766798438,0.341051688123566,0.133463022869335,0.00205400442437788,-0.0201793227434981,-0.164947628865099,-0.0185480113505498,1.53385746479034,1.23062586784363,0.940168857574463,0.00477746674684733,-0.0437245998991945,0.0102303796857296,0.301773548125809,-0.0166416168212664,0.0502181053160936,-0.0476886265160071,-0.0780926656020458,0.0012744121998817,-0.369239936527024,0,0,0,1486.3,28.4362708
0.764065040538446,0.372187797179764,0.919637262821198,0.0208169538527727,0.0302515421062708,-1.648766798438,0.341051688123566,0.133463022869335,0.00205400442437788,-0.0141255259204487,-0.115463340205569,-0.0129836079453849,1.54672658443451,1.23029088973999,0.942990362644196,0.00253174276862371,-0.0452973126704073,0.00859445950313062,0.257382392883535,-0.00669956207276,0.0564301013947046,-0.0449144795645132,-0.0314542554242849,-0.03271840365201,-0.390887051792509,0,0,0,1486.35,28.5029637
0.767731716711619,0.372019336133155,0.929715156555176,0.0126428622752428,0.0433228835463524,-1.64905695384876,0.110000285195196,-0.00505383139826102,-0.116064644554698,0.0636789560534551,-0.198466411104633,-0.00647712686486999,1.55940806865692,1.22889053821564,0.945473074913025,0.00431758262123502,-0.0469211475867666,0.0111000408761305,0.253629684448473,-0.028007030487086,0.0496542453766321,0.0357167970522586,-0.0324766983272148,0.0501116274600424,-0.40791104948524,0,0,0,1486.4,28.5696721
0.771398392884793,0.371850875086547,0.929715156555176,0.0126428622752428,0.0433228835463524,-1.64905695384876,0.110000285195196,-0.00505383139826102,-0.025363600948894,0.0445752692374186,-0.138926487773243,-0.00453398880540899,1.5801762342453,1.22766542434692,0.950621128082275,0.00635585504652148,-0.0540190601372962,0.0112861861089888,0.207681655883978,-0.0122511386871449,0.0514805316925517,0.0203827242528831,-0.0709791255053609,0.00186145232858553,-0.420245197181968,0,0,0,1486.5,28.6363789
0.775065069057966,0.371682414039938,0.929715156555176,0.0126428622752428,0.0433228835463524,-1.64905695384876,0.110000285195196,-0.00505383139826102,-0.025363600948894,0.031202688466193,-0.09724854144127,-0.0031737921637863,1.58871567249298,1.22699058055878,0.953172981739044,0.00838050353216902,-0.05625948212734,0.0119143906247348,0.170788764952992,-0.0134968757628904,0.0510370731351903,0.0404929697128036,-0.0448084398007126,0.0125640903148724,-0.427945397396679,0,0,0,1486.55,28.7030785
0.776312520561536,0.370148200190849,0.932690680027008,0.0155636379495263,0.0520526915788651,-1.65036658710377,0.0374235451070962,-0.0460264154726764,-0.0513252447258919,-0.00444509914221645,-0.146642251301503,0.00956504478039354,1.59604132175446,1.22609901428223,0.955612778663635,0.0086028348690612,-0.0549785638940819,0.0115219945487539,0.146512985229625,-0.0178313255310221,0.0487959384918657,0.00444662673784765,0.0256183646651867,-0.0078479215196233,-0.431178402304326,0,0,0,1486.6,28.7697519
0.777559972065105,0.36861398634176,0.932690680027008,0.0155636379495263,0.0520526915788651,-1.65036658710377,0.0374235451070962,-0.0460264154726764,-0.0245455334794014,-0.00311156939955152,-0.102649575911052,0.00669553134627548,1.60730087757111,1.22432148456573,0.961167275905609,0.0168124027795882,-0.0581758109507078,0.00838062462299788,0.112595558166606,-0.0177752971649332,0.0555449724197893,0.0820956791053444,-0.0319724705662886,-0.0314136992575892,-0.430213796232644,0,0,0,1486.7,28.8363908
0.778807423568675,0.36707977249267,0.932690680027008,0.0155636379495263,0.0520526915788651,-1.65036658710377,0.0374235451070962,-0.0460264154726764,-0.0245455334794014,-0.00217809857968606,-0.0718547031377365,0.00468687194239283,1.60929441452026,1.22316336631775,0.962850868701935,0.0160521628340626,-0.0645746024482226,0.0105471329571454,0.0398707389831906,-0.0231623649597379,0.0336718559265443,-0.0152047989105249,-0.127975829950412,0.0433301666829906,-0.42538322981237,0,0,0,1486.75,28.90323
0.781908804764783,0.362833448514803,0.935557544231415,0.0155636379495263,0.0520526915788651,-1.65036658710377,0.0930414358832298,-0.127389719336012,-0.044677919276192,-0.00152466900578024,-0.0502982921964155,0.00328081035967498,1.61093068122864,1.22187972068787,0.964724481105804,0.0155566811874153,-0.0627980084501985,0.010772323904584,0.0327253341673614,-0.0256729125975629,0.0374722480772563,-0.00990963293290965,0.0355318799603522,0.00450381894875558,-0.417119836424001,0,0,0,1486.8,28.9699691
0.785014239250564,0.358592290951967,0.935557544231415,0.0189488995820284,0.0575576573610306,-1.65003685420887,0.0931630345734421,-0.127234726885103,-0.0190932399736208,-0.0315346229965649,-0.0847534965769806,-0.000671028802304661,1.60940170288086,1.21901977062225,0.969110071659088,0.0112125441458579,-0.0627948900077701,0.0114750003651201,-0.0152897834777971,-0.0285995006561539,0.0438559055328768,-0.0434413704156141,3.11844242838483e-05,0.00702676460536661,-0.405902139121738,0,0,0,1486.9,29.0366483
0.788119673736346,0.35435113338913,0.935557544231415,0.0189488995820284,0.0575576573610306,-1.65003685420887,0.0931630345734421,-0.127234726885103,-0.0190932399736208,-0.0220742360975954,-0.0593274476038864,-0.000469720161613263,1.60736167430878,1.21738886833191,0.971666097640991,0.0155532634538969,-0.061748693982752,0.0110117949136239,-0.0408005714416875,-0.0326180458069144,0.051120519638108,0.0868143861608586,0.0209239205003821,-0.00926410902993158,-0.392228414976551,0,0,0,1486.95,29.103325
0.791225108222127,0.350109975826293,0.950704634189606,0.0189488995820284,0.0575576573610306,-1.65003685420887,0.0931630345734421,-0.127234726885103,-0.155417049597339,-0.0154519652683168,-0.0415292133227205,-0.000328804113129284,1.59811973571777,1.21373796463013,0.974457979202271,0.010621881357356,-0.0582812370449135,0.0116867281751843,-0.0924193859099081,-0.0365090370177725,0.0279188156127549,-0.0493138209653413,0.0346745693783375,0.00674933261559497,-0.376607072231834,0,0,0,1487.05,29.1700397
0.794334058616964,0.345872202658762,0.950704634189606,0.0197315197438002,0.0591748543083668,-1.64935664600269,0.0932685118450959,-0.127133195025917,-0.0191721482807716,-0.0178599571437677,-0.0436252218519301,-0.00635203673478132,1.59156942367554,1.2114143371582,0.976048171520233,0.0102648794783196,-0.0585498078546671,0.0128146476597009,-0.131006240844846,-0.0464725494385188,0.0318038463592819,-0.00714003758073439,-0.00537141619507633,0.0225583896903517,-0.359564365783096,0,0,0,1487.1,29.23674
0.7974430090118,0.341634429491232,0.950704634189606,0.0197315197438002,0.0591748543083668,-1.64935664600269,0.0932685118450959,-0.127133195025917,-0.0191721482807716,-0.0125019700006374,-0.0305376552963511,-0.00444642571434692,1.58379793167114,1.20938169956207,0.978584170341492,0.0114578142200734,-0.0657567271652367,0.0100489615049392,-0.155429840088032,-0.0406527519226444,0.050719976425217,0.0238586948350974,-0.144138386211523,-0.0553137230952846,-0.34158756511225,0,0,0,1487.15,29.303454
0.793734746081957,0.336943177004156,0.961962044239044,0.0186812411993742,0.0563526414334774,-1.64938525623218,-0.111247887895292,-0.14073757461226,-0.13309853973782,0.000701127899387496,0.00402355716655861,-0.00285500593461316,1.57480764389038,1.20708465576172,0.980910003185272,0.0160275370387634,-0.0674011841574499,0.0110125297844331,-0.179805755615398,-0.0459408760071219,0.0465166568756527,0.091394456373884,-0.0328891398442954,0.0192713655898952,-0.323112260961823,0,0,0,1487.2,29.3702621
0.790026483152114,0.332251924517081,0.961962044239044,0.0186812411993742,0.0563526414334774,-1.64938525623218,-0.111247887895292,-0.14073757461226,-0.0317818492928736,0.000490789529571247,0.00281649001659103,-0.00199850415422921,1.55287706851959,1.20236301422119,0.983341753482819,0.0152145290796093,-0.0618299396275978,0.0128285065246317,-0.219305753707587,-0.047216415405209,0.0243175029754307,-0.00813007959153052,0.0557124452984457,0.0181597674019615,-0.304589441432975,0,0,0,1487.3,29.4370147
0.786318220222271,0.327560672030006,0.961962044239044,0.0186812411993742,0.0563526414334774,-1.64938525623218,-0.111247887895292,-0.14073757461226,-0.0317818492928736,0.000343552670699873,0.00197154301161372,-0.00139895290796045,1.54063189029694,1.20012283325195,0.984635353088379,0.0153944019042724,-0.060862105127297,0.0118126301581092,-0.244903564453348,-0.0448036193848064,0.0258719921112296,0.0035974564932663,0.0193566900060338,-0.020317527330468,-0.28636694993609,0,0,0,1487.35,29.503719
0.78002013852279,0.321503761098947,0.958371996879578,0.0176043845713139,0.0520941652357578,-1.65033273166553,-0.188942450984442,-0.181707327931754,0.00824355227304424,0.00993219652203298,0.0397063658876058,0.00754801186457417,1.52639508247375,1.19811809062958,0.985109746456146,0.00615730508285571,-0.0516522753418036,0.0121505235970343,-0.284736156463882,-0.0400948524475462,0.00948786735535531,-0.184741936428502,0.184196595710035,0.00675786877850742,-0.268164413526534,0,0,0,1487.4,29.5725432
0.773722056823308,0.315446850167889,0.958371996879578,0.0176043845713139,0.0520941652357578,-1.65033273166553,-0.188942450984442,-0.181707327931754,-0.0240668739621547,0.00695253756542309,0.027794456121324,0.00528360830520192,1.49586522579193,1.193962931633,0.989235401153564,0.00722793201084827,-0.0499457447966067,0.0128500064674122,-0.305298566818515,-0.0415515899658581,0.0412565469742197,0.0107062692799353,0.0170653054519845,0.00699482870378563,-0.25130600487952,0,0,0,1487.5,29.6392982
0.767423975123827,0.30938993923683,0.958371996879578,0.0176043845713139,0.0520941652357578,-1.65033273166553,-0.188942450984442,-0.181707327931754,-0.0240668739621547,0.00486677629579616,0.0194561192849268,0.00369852581364134,1.47963809967041,1.19171512126923,0.991635084152222,0.00910582788970427,-0.0535228684534453,0.0111148433233684,-0.324542522429239,-0.0449562072752271,0.0479936599729699,0.0375579175769835,-0.0715424731365123,-0.0347032628807488,-0.235386032383533,0,0,0,1487.55,29.7059866
0.758440883569667,0.303753280869073,0.965425193309784,0.0150364032015204,0.047880295664072,-1.65154389804737,-0.26949274662478,-0.169099751032725,-0.097433599568234,0.0265185757351981,0.0515441096446209,0.0134894655060724,1.44357216358185,1.18802666664124,0.994814038276672,0.0109303296427006,-0.0476513814853676,0.0130768950745912,-0.360659360885948,-0.0368845462799408,0.0317895412445358,0.0182450175299802,0.058714869680831,0.019620517512245,-0.22020624029189,0,0,0,1487.65,29.7738142
0.749457792015508,0.298116622501315,0.965425193309784,0.0150364032015204,0.047880295664072,-1.65154389804737,-0.26949274662478,-0.169099751032725,-0.0339548316963773,0.0185630030146386,0.0360808767512346,0.00944262585425067,1.42417657375336,1.18642103672028,0.996426165103912,0.0120307311529819,-0.0443151218187436,0.0153751047224529,-0.387911796570177,-0.0321125984192187,0.0322425365448291,0.0220080302056459,0.0667251933325397,0.0459641929572759,-0.206248069549351,0,0,0,1487.7,29.8406397
0.740474700461349,0.292479964133558,0.965425193309784,0.0150364032015204,0.047880295664072,-1.65154389804737,-0.26949274662478,-0.169099751032725,-0.0339548316963773,0.012994102110247,0.0252566137258642,0.00660983809797547,1.40568017959595,1.18522894382477,0.998229920864105,0.0153245343107674,-0.0498201399087015,0.00982073334909997,-0.36992788314853,-0.0238418579101779,0.0360751152038902,0.0658760631557687,-0.110100361799257,-0.111087427467159,-0.193242772778307,0,0,0,1487.75,29.9073426
0.732754355157623,0.287013788860301,0.969457924365997,0.0150364032015204,0.047880295664072,-1.65154389804737,-0.231610359111762,-0.163985258197709,-0.0681087231217382,0.00909587147717293,0.017679629608105,0.00462688666858283,1.36180126667023,1.18101990222931,1.00153362751007,0.00757030199313467,-0.0412737890975212,0.0137710394107026,-0.438789129256604,-0.0420904159545324,0.0330370664596107,-0.0775423231762212,0.085463508111686,0.0395030606159728,-0.18105458214924,0,0,0,1487.85,29.9740479
0.725034009853898,0.281547613587044,0.969457924365997,0.0150364032015204,0.047880295664072,-1.65154389804737,-0.231610359111762,-0.163985258197709,-0.0318141436158178,0.00636711003402105,0.0123757407256735,0.00323882066800798,1.34018099308014,1.17987203598022,1.00304102897644,0.0141880663576466,-0.0450280925810183,0.0121932890776143,-0.432405471802151,-0.0229573249817103,0.03014802932742,0.13235528729036,-0.0750860696700101,-0.0315550066617963,-0.169543046328725,0,0,0,1487.9,30.040717
0.7173129616451,0.276076839829662,0.969457924365997,0.0191106088459492,0.0396792963147163,-1.65242747730152,-0.231631446263937,-0.164123212721446,-0.0313874785519507,-0.0322108737760438,0.0824720126521727,0.0102193877549591,1.31872308254242,1.17808699607849,1.0039609670639,0.0232173240074285,-0.0472595386203147,0.0128686877486938,-0.429158210754785,-0.0357007980347004,0.0183987617492843,0.1805851529958,-0.0446289207859691,0.0135079734216029,-0.158525574849514,0,0,0,1487.95,30.1074025
0.709596121083448,0.270593880603081,0.9914271235466,0.0197874903678894,0.035077627748251,-1.65171532100574,-0.231505216849541,-0.164488776797449,-0.228625168719565,-0.0286395453406928,0.0991454259547093,0.000744164766484066,1.27200317382812,1.17418396472931,1.00215268135071,0.0171428440583503,-0.0344495418711816,0.0162102152861477,-0.467199087142307,-0.039030313491768,-0.0180828571319333,-0.0607447994906988,0.128099967491156,0.0334152753744936,-0.147807548577464,0,0,0,1488.05,30.174152
0.701879280521797,0.265110921376499,0.9914271235466,0.0197874903678894,0.035077627748251,-1.65171532100574,-0.231505216849541,-0.164488776797449,-0.030902376094138,-0.0200476817384849,0.0694017981682965,0.000520915336538846,1.24812948703766,1.17278647422791,1.0010586977005,0.0160555057573125,-0.0293674022741882,0.0177266068282183,-0.47747373580976,-0.0279498100281016,-0.0218796730041703,-0.0217467660207746,0.10164279193996,0.0303278308414399,-0.137212994473087,0,0,0,1488.1,30.2408814
0.694162439960146,0.259627962149917,0.9914271235466,0.0197874903678894,0.035077627748251,-1.65171532100574,-0.231505216849541,-0.164488776797449,-0.030902376094138,-0.0140333772169395,0.0485812587178076,0.000364640735577192,1.22412550449371,1.1709235906601,0.999398350715637,0.0137484575957367,-0.0293301429180594,0.018091858200917,-0.480079650879343,-0.0372576713562351,-0.0332069396972958,-0.0461409632315583,0.000745187122577607,0.00730502745398013,-0.126566928285059,0,0,0,1488.15,30.3075563
0.686431525054389,0.254150046467495,0.995217025279999,0.0190398897975683,0.0267517678439617,-1.65393070644276,-0.231927447172718,-0.164337470472673,-0.0638320890440469,-0.00309495891896787,0.108939620241068,0.0201937174480095,1.17479872703552,1.16613101959229,0.997210562229156,0.0104967102996549,-0.0218051793718436,0.0204204948042312,-0.493267774582358,-0.0479257106781442,-0.021877884864827,-0.0325174729608479,0.075249635462226,0.023286366033163,-0.115695447419203,0,0,0,1488.25,30.3742586
0.678700610148631,0.248672130785073,0.995217025279999,0.0190398897975683,0.0267517678439617,-1.65393070644276,-0.231927447172718,-0.164337470472673,-0.029722973443461,-0.00216647124327751,0.0762577341687479,0.0141356022136067,1.1503643989563,1.16463804244995,0.996216952800751,0.0068372059396055,-0.0215011960501867,0.0182225831575967,-0.488686561582695,-0.0298595428465711,-0.0198721885680429,-0.0731900872007217,0.00607966643311671,-0.0439582329325298,-0.10446527495851,0,0,0,1488.3,30.4409875
0.670969695242874,0.24319421510265,0.995217025279999,0.0190398897975683,0.0267517678439617,-1.65393070644276,-0.231927447172718,-0.164337470472673,-0.029722973443461,-0.00151652987029426,0.0533804139181236,0.00989492154952466,1.1249817609787,1.1632137298584,0.995842039585114,0.00280937392741344,-0.0222369866869247,0.0205692044199827,-0.507652759552464,-0.0284862518310806,-0.00749826431275096,-0.0805566402439145,-0.0147158127347737,0.0469324252477619,-0.092786059548377,0,0,0,1488.35,30.5076926
0.659662630561848,0.235235960227034,0.991380095481873,0.0157230440527201,0.0235291682183743,-1.65382556384937,-0.339211940430768,-0.238747646268488,0.0206541030443311,0.0287900407944283,0.0663696863729737,0.00598016174421316,1.07471358776093,1.15908634662628,0.995381355285645,0.00330459682099604,-0.0224719718734719,0.0197945913669271,-0.502681732178192,-0.0412738323212045,-0.00460684299469413,0.0049522289358305,-0.00234985186547415,-0.00774613053056272,-0.0805990354029533,0,0,0,1488.45,30.5743686
0.648355565880823,0.227277705351418,0.991380095481873,0.0157230440527201,0.0235291682183743,-1.65382556384937,-0.339211940430768,-0.238747646268488,-0.0138782651388049,0.0201530285560998,0.0464587804610816,0.00418611322094921,1.04850602149963,1.15725386142731,0.994956076145172,0.000709900639300557,-0.019566038243723,0.0188988005336551,-0.524151325226307,-0.0366497039795255,-0.00850558280945598,-0.0518939236339569,0.0581186725950316,-0.0179158166654562,-0.0678788528620222,0,0,0,1488.5,30.641047
0.637048501199797,0.219319450475801,0.991380095481873,0.0157230440527201,0.0235291682183743,-1.65382556384937,-0.339211940430768,-0.238747646268488,-0.0138782651388049,0.0141071199892699,0.0325211463227571,0.00293027925466445,1.02356576919556,1.15624260902405,0.99294114112854,0.00484871882968427,-0.0155613619412647,0.0212922772719149,-0.498805046079728,-0.020225048065112,-0.040298700332495,0.082776363807373,0.0800935260488745,0.0478695347650214,-0.0546374725769377,0,0,0,1488.55,30.7077666
0.622388033249057,0.213437546188841,1.00370275974274,0.0135327810421586,0.0179204661399126,-1.65507249301807,-0.439814038522196,-0.176457128608814,-0.125156165466299,0.0295873510875421,0.0732431211320848,0.0132735579965757,0.97169041633606,1.15315341949463,0.989383935928345,0.00489484772291434,-0.0117941372819029,0.0215895468224333,-0.518753528595443,-0.0308918952942175,-0.0355720520019855,0.000461288932301138,0.0376722465936518,0.0029726955051873,-0.0409363627962157,0,0,0,1488.65,30.7745012
0.607727565298318,0.207555641901881,1.00370275974274,0.0135327810421586,0.0179204661399126,-1.65507249301807,-0.439814038522196,-0.176457128608814,-0.0142521871185207,0.0207111457612795,0.0512701847924594,0.00929149059760296,0.946187674999237,1.15159928798676,0.988768756389618,0.00618470515158325,-0.0144697122012284,0.0205247021934768,-0.510054826736914,-0.031082630157499,-0.0123035907745473,0.0257971485734017,-0.0535114983865572,-0.0212968925791493,-0.0268739775326886,0,0,0,1488.7,30.8412054
0.593067097347578,0.20167373761492,1.00370275974274,0.0135327810421586,0.0179204661399126,-1.65507249301807,-0.439814038522196,-0.176457128608814,-0.0142521871185207,0.0144978020328956,0.0358891293547215,0.00650404341832207,0.920902729034424,1.15040421485901,0.987689673900604,0.0066891437332106,-0.0131847417679786,0.021238864537416,-0.505698919296725,-0.0239014625549534,-0.0215816497802931,0.0100887716325562,0.0256994086650188,0.0142832468787956,-0.0125637083154548,0,0,0,1488.75,30.9078854
0.581163843244071,0.191347954760324,0.999735057353973,0.0135327810421586,0.0179204661399126,-1.65507249301807,-0.357097623105213,-0.309773485637869,0.0263135105112745,0.0101484614230269,0.0251223905483051,0.00455283039282545,0.895332932472229,1.14745783805847,0.985119938850403,0.00786069967065759,-0.00694228009447742,0.0225427498071923,-0.511395931242036,-0.0589275360105278,-0.0513947010038413,0.0234311187488546,0.124849233469569,0.0260777053954308,0.00188418415592324,0,0,0,1488.8,30.9746399
0.569260589140563,0.181022171905729,0.999735057353973,0.0135327810421586,0.0179204661399126,-1.65507249301807,-0.357097623105213,-0.309773485637869,-0.00939581098759639,0.00710392299611886,0.0175856733838136,0.00318698127497782,0.844885885715485,1.14588916301727,0.983828663825989,0.0073983292188779,-0.00618499972796512,0.0222641173123729,-0.504470467567903,-0.0156867504120016,-0.0129127502441524,-0.00462370451780116,0.00757280366512988,-0.00278632494819641,0.0162986990142242,0,0,0,1488.9,31.0413248
0.557364596625705,0.170686529628899,0.999735057353973,0.0162640269845724,0.012077291496098,-1.65442137187855,-0.356879775445753,-0.310069268304886,-0.0086405468366474,-0.0196084673844411,0.0648985431630006,-0.00362920336325284,0.820029735565186,1.14455556869507,0.982141494750977,0.00262910254967567,-0.00582064289244322,0.0256238157300488,-0.497123003006434,-0.0266718864441161,-0.0337433815002748,-0.0953845333841313,0.00728713671044471,0.0671939683535805,0.0305562010333639,0,0,0,1488.95,31.1080088
0.545459494288829,0.1603583122106,0.98837286233902,0.0153104458004236,0.00538773508742452,-1.65525750583546,-0.357153070106285,-0.309846522548971,0.0954259603750829,-0.00514369651176965,0.105634987892162,0.00498476325790563,0.770897090435028,1.1420761346817,0.978667974472046,0.00410141765131306,-0.00143835611978661,0.021872412137358,-0.491326451300904,-0.0247943401336332,-0.0347352027892593,0.0147231510163538,0.0438228677265063,-0.0375140359268576,0.044535187028974,0,0,0,1489.05,31.1747224
0.533554391951953,0.150030094792301,0.98837286233902,0.0153104458004236,0.00538773508742452,-1.65525750583546,-0.357153070106285,-0.309846522548971,-0.00683379475949967,-0.00360058755823875,0.0739444915245135,0.00348933428053394,0.746988654136658,1.14065480232239,0.978068113327026,0.00223323740160609,-2.25355903834062e-05,0.021898105130953,-0.478168725967842,-0.0284266471863052,-0.0119972229004015,-0.0373636049941734,0.0283164105880898,0.000513859871902038,0.0581127595141831,0,0,0,1489.1,31.2413959
0.521649289615077,0.139701877374002,0.98837286233902,0.0153104458004236,0.00538773508742452,-1.65525750583546,-0.357153070106285,-0.309846522548971,-0.00683379475949967,-0.00252041129076713,0.0517611440671594,0.00244253399637376,0.72357851266861,1.13897359371185,0.978413045406342,0.000801976019581235,0.00173662976965038,0.0216164265781338,-0.468202829361388,-0.0336241722107239,0.00689864158630999,-0.0286252276405231,0.0351833072007076,-0.00563357105639052,0.0712254301396883,0,0,0,1489.15,31.3081166
0.50725466969583,0.13317665065137,0.972823679447174,0.0146293509751558,-0.00111164734698832,-1.65441946452991,-0.431838597577401,-0.195756801678977,0.131995712336002,0.00436556552387314,0.0947272427567271,-0.0058325979524163,0.676939785480499,1.13646459579468,0.979889452457428,0.00348996065090733,0.00704721750591887,0.0216983665204349,-0.466387271881528,-0.0250899791717757,0.0147640705108777,0.0268798463132854,0.0531058773627333,0.000819399423012522,0.0838194037903411,0,0,0,1489.25,31.3748572
0.492860049776583,0.126651423928737,0.972823679447174,0.0146293509751558,-0.00111164734698832,-1.65441946452991,-0.431838597577401,-0.195756801678977,-0.00794693369060887,0.0030558958667112,0.066309069929709,-0.00408281856669141,0.65490460395813,1.13529241085052,0.980951070785522,0.002414635764951,0.00516170727598603,0.0218009759440787,-0.440703630445784,-0.0234436988829714,0.0212323665618124,-0.0215064977190483,-0.0377102045985198,0.00205218847286702,0.0958791976605725,0,0,0,1489.3,31.4415879
0.478465429857337,0.120126197206104,0.972823679447174,0.0146293509751558,-0.00111164734698832,-1.65441946452991,-0.431838597577401,-0.195756801678977,-0.00794693369060887,0.00213912710669784,0.0464163489507963,-0.00285797299668399,0.633121192455292,1.134113073349,0.981994569301605,0.00276917690216102,0.00435749916525376,0.0219672884447041,-0.435668230057159,-0.023586750030539,0.0208699703216743,0.00709082274420672,-0.0160841622146599,0.00332625001251124,0.107436356889125,0,0,0,1489.35,31.5083135
0.470107235155656,0.11273643235826,0.977078437805176,0.0132199609652162,-0.00443437788635492,-1.6540785259618,-0.250745841050403,-0.22169294543532,-0.0452359309906568,0.0141818990641455,0.0623960191198568,-0.0050690282107159,0.590541243553162,1.1320538520813,0.982682943344116,0.00181372228895135,0.011804749202385,0.020691673489856,-0.425799489021689,-0.0205922126770207,0.00688374042511612,-0.00955454613210535,0.0744725003713803,-0.0127561495484922,0.118567840271854,0,0,0,1489.45,31.5750718
0.461749040453976,0.105346667510416,0.977078437805176,0.0132199609652162,-0.00443437788635492,-1.6540785259618,-0.250745841050403,-0.22169294543532,-0.00694310576864142,0.00992732934490187,0.0436772133838998,-0.00354831974750113,0.569755077362061,1.13130879402161,0.982815444469452,0.00105203792579062,0.0162842973410158,0.0199043557521124,-0.4157233238224,-0.0149011611938612,0.00265002250671628,-0.0152336872632285,0.0895909627726972,-0.0157463547548859,0.129365365754985,0,0,0,1489.5,31.6417614
0.453390845752296,0.0979569026625723,0.977078437805176,0.0132199609652162,-0.00443437788635492,-1.6540785259618,-0.250745841050403,-0.22169294543532,-0.00694310576864142,0.00694913054143131,0.0305740493687298,-0.00248382382325079,0.549835503101349,1.13091278076172,0.983476102352142,-0.000820225029514623,0.0194690800874213,0.02200560717693,-0.398391485212784,-0.00792026519772509,0.0132131576537605,-0.0374452591059686,0.0636956549278786,0.0420250284961983,0.13998408823403,0,0,0,1489.55,31.7084669
0.442662341546019,0.0931806668380723,0.981518030166626,0.0137011092156172,-0.01492088008672,-1.65495089954273,-0.321855126188329,-0.143287074735,-0.0497055906471598,0.000534057125392733,0.115780354361396,0.006112685552118,0.512853384017944,1.12943279743195,0.985085487365723,-0.00346384334754935,0.0150992362139094,0.0218512168858222,-0.369821190834382,-0.014799833297743,0.0160938501358179,-0.0264361831803713,-0.0436984387351587,-0.00154390291107915,0.150590113429601,0,0,0,1489.65,31.7751839
0.431933837339741,0.0884044310135723,0.981518030166626,0.0137011092156172,-0.01492088008672,-1.65495089954273,-0.321855126188329,-0.143287074735,-0.00974925939410801,0.000373839987774913,0.0810462480529775,0.0042788798864826,0.495638519525528,1.12827527523041,0.986229300498962,-0.00418289651835503,0.0123349580847682,0.0212182181180379,-0.344297289848641,-0.0231504440307828,0.0228762626648157,-0.0143810634161266,-0.0552855625828757,-0.012659975355699,0.161374852555354,0,0,0,1489.7,31.8419583
0.421205333133463,0.0836281951890724,0.981518030166626,0.0137011092156172,-0.01492088008672,-1.65495089954273,-0.321855126188329,-0.143287074735,-0.00974925939410801,0.000261687991442439,0.0567323736370843,0.00299521592053782,0.478073745965958,1.12789976596832,0.987549364566803,-0.00648365802782218,0.0128720672486406,0.0200032478069461,-0.351295471191726,-0.00751018524170605,0.0264012813568355,-0.0460152301893849,0.0107421832774593,-0.024299406221858,0.172507760196126,0,0,0,1489.75,31.9086612
0.413227142635128,0.0809331225168215,0.969937682151794,0.0137011092156172,-0.01492088008672,-1.65495089954273,-0.239345714950065,-0.0808521801675243,0.10117269935154,0.000183181594009707,0.039712661545959,0.00209665114437647,0.445229470729828,1.12790870666504,0.990242183208466,-0.000942780377076641,0.0162368628001805,0.0196360152446136,-0.32844275236085,8.9406967162964e-05,0.0269281864165892,0.0554087765073798,0.0336479555153528,-0.00367232562331939,0.184182019398045,0,0,0,1489.85,31.9753463
0.405248952136792,0.0782380498445707,0.969937682151794,0.0137011092156172,-0.01492088008672,-1.65495089954273,-0.239345714950065,-0.0808521801675243,-0.00305043278194423,0.000128227115806795,0.0277988630821713,0.00146765580106353,0.429987698793411,1.12802124023438,0.991939961910248,-0.00119804418738512,0.0184244219358738,0.0172216652737148,-0.30483543872861,0.0022506713867208,0.0339555740356754,-0.0051052762061742,0.0437511827139066,-0.0482869994180207,0.196571357704176,0,0,0,1489.9,32.0420487
0.39727446363493,0.0755315229652287,0.969937682151794,0.0128061566501856,-0.0158512014895678,-1.6535160965337,-0.239234655055879,-0.0811958063802606,-0.00283972592700321,0.00814433206994911,0.0278320967831498,-0.0118858680205544,0.416000753641129,1.12836158275604,0.993674695491791,-0.00175386940458737,0.0222263130638339,0.0195091845790383,-0.279738903045909,0.0068068504333558,0.0346946716308909,-0.011116504344055,0.0760378225592705,0.0457503861065126,0.209805533391052,0,0,0,1489.95,32.1087248
0.389301821696165,0.0728182359641163,0.967951416969299,0.0113138183951378,-0.0213242396712303,-1.65272097057239,-0.239179258162954,-0.0813986100333723,0.0156644382562176,0.0191320767443946,0.0687398113831679,-0.0154762412661214,0.389567494392395,1.12953460216522,0.997001349925995,-0.0044767660838839,0.0289514620889442,0.0213360340972846,-0.264332592486975,0.0117301940917809,0.0332665443419956,-0.0272289667929282,0.0672514902510112,0.0182684951824375,0.223996904388414,0,0,0,1490.05,32.1754498
0.381329179757399,0.0701049489630039,0.967951416969299,0.0113138183951378,-0.0213242396712303,-1.65272097057239,-0.239179258162954,-0.0813986100333723,-0.0022119483862385,0.0133924537210762,0.0481178679682175,-0.010833368886285,0.377339035272598,1.13067150115967,0.998802483081818,-0.00263774141330595,0.0293123551611298,0.0194509720261668,-0.244569182396157,0.0227379798889367,0.0360226631164878,0.0367804934115924,0.00721786144371882,-0.0377012414223887,0.239184523849726,0,0,0,1490.1,32.2421878
0.373356537818634,0.0673916619618915,0.967951416969299,0.0113138183951378,-0.0213242396712303,-1.65272097057239,-0.239179258162954,-0.0813986100333723,-0.0022119483862385,0.00937471760475333,0.0336825075777523,-0.00758335822039951,0.365985482931137,1.13196671009064,1.00099742412567,-0.000617924435706618,0.0291660852292306,0.0218646855414695,-0.22707104682943,0.0259041786194083,0.0438988208771151,0.0403963395520235,-0.00292539863798675,0.0482742703060975,0.255343791630516,0,0,0,1490.15,32.3088988
0.370570978375472,0.0636125466175712,0.963463544845581,0.0138479322195053,-0.0274760145694017,-1.65365199512379,-0.0835667832948804,-0.113373460329608,0.0449780999214164,-0.0162447220959804,0.0789437293879694,0.00307087020824476,0.345389872789383,1.13469445705414,1.00485849380493,-0.00329188738033564,0.0402380192196554,0.0222196169637003,-0.205956101417729,0.0272774696350346,0.0386106967926377,-0.0267396294463146,0.110719339904348,0.00354931422231086,0.272399695433945,0,0,0,1490.25,32.3756153
0.367785418932309,0.059833431273251,0.963463544845581,0.0138479322195053,-0.0274760145694017,-1.65365199512379,-0.0835667832948804,-0.113373460329608,0.00458725080795202,-0.0113713054671863,0.0552606105715786,0.00214960914577133,0.337698101997375,1.13579738140106,1.00631439685822,-0.00329459804685825,0.0382194734092744,0.0190519490390726,-0.153835415839589,0.0220584869383963,0.0291180610655679,-5.42133304519606e-05,-0.0403709162074723,-0.0633533584923242,0.290198924941989,0,0,0,1490.3,32.4423382
0.364999859489146,0.0560543159289307,0.963463544845581,0.0138479322195053,-0.0274760145694017,-1.65365199512379,-0.0835667832948804,-0.113373460329608,0.00458725080795202,-0.00795991382703039,0.038682427400105,0.00150472640203993,0.330943703651428,1.13775992393494,1.00832211971283,0.00040684630533804,0.0367615739015712,0.0221656048357279,-0.135087966919068,0.0392508506775259,0.0401544570923217,0.0740288870439932,-0.0291579901540914,0.0622731159331637,0.308503562355758,0,0,0,1490.35,32.5090253
0.364299969613317,0.0529498590931337,0.970238983631134,0.013793233782053,-0.0339876376092434,-1.65320949024097,-0.0209966962748786,-0.0931337050739099,-0.0723615454592651,-0.00507965374185042,0.0856823065386484,-0.00292923546388455,0.319256126880646,1.14104628562927,1.01248407363892,0.00302986371787902,0.0374198447885775,0.0208263120164787,-0.116875767707931,0.0328636169433893,0.0416195392609021,0.0262301741254337,0.00658270887006938,-0.0133929281925041,0.327005128756682,0,0,0,1490.45,32.5756362
0.363600079737488,0.0498454022573367,0.970238983631134,0.013793233782053,-0.0339876376092434,-1.65320949024097,-0.0209966962748786,-0.0931337050739099,-0.0113825963892883,-0.0035557576192953,0.0599776145770539,-0.00205046482471918,0.314566999673843,1.14299178123474,1.01477265357971,0.00256444118841354,0.0383092955288745,0.0215377092022166,-0.0937825441361327,0.0389099121094104,0.0457715988159596,-0.00930845058931805,0.0177890148059563,0.0142279437147699,0.345427753805474,0,0,0,1490.5,32.6424839
0.362900189861658,0.0467409454215397,0.970238983631134,0.013793233782053,-0.0339876376092434,-1.65320949024097,-0.0209966962748786,-0.0931337050739099,-0.0113825963892883,-0.00248903033350671,0.0419843302039377,-0.00143532537730343,0.310497403144836,1.14496827125549,1.01710283756256,0.00250995893802817,0.041856082278181,0.0228530249070987,-0.0813919305798431,0.0395298004148953,0.0466036796568129,-0.00108964500770347,0.0709357349858721,0.0263063140975475,0.363244878965301,0,0,0,1490.55,32.7091857
0.363457691508887,0.0460633451772577,0.973543524742126,0.0171156618744135,-0.0379255264997482,-1.65387134021656,0.0167250494168544,-0.020328007328459,-0.0390137072627477,-0.0316441740646992,0.0648300311572999,0.00495192201616104,0.307075470685959,1.1488550901413,1.02110636234283,0.00383127812712727,0.0434133069471771,0.0216702058706053,-0.0342193245888068,0.0388681888580676,0.0400352478027708,0.013213191891003,0.0155722466899748,-0.011828190364945,0.380027219319248,0,0,0,1490.65,32.7758755
0.364015193156115,0.0453857449329758,0.973543524742126,0.0171156618744135,-0.0379255264997482,-1.65387134021656,0.0167250494168544,-0.020328007328459,-0.00927283726381579,-0.0221509218452894,0.04538102181011,0.00346634541131273,0.306131839752197,1.15089106559753,1.02312481403351,0.00329589320086799,0.0461471955274309,0.0213924478567351,-0.0188726186752491,0.0407195091247929,0.0403690338135133,-0.0107076985251954,0.054677771605127,-0.00555516027740904,0.395280122361866,0,0,0,1490.7,32.8425735
0.364572694803344,0.0447081446886938,0.973543524742126,0.0171156618744135,-0.0379255264997482,-1.65387134021656,0.0167250494168544,-0.020328007328459,-0.00927283726381579,-0.0155056452917026,0.031766715267077,0.00242644178791891,0.306925535202026,1.15300035476685,1.02453458309174,0.00270884004321673,0.0475506172713172,0.0228819560497008,0.0158739089965965,0.0421857833862688,0.0281953811645764,-0.0117410631530358,0.0280684348777514,0.0297901638593406,0.408481164258336,0,0,0,1490.75,32.9092542
0.368809197946849,0.0452969972382495,0.983957767486572,0.0171156618744135,-0.0379255264997482,-1.65387134021656,0.127095094305144,0.0176655764866722,-0.100922044504783,-0.0108539517041918,0.0222367006869539,0.00169850925154324,0.31171640753746,1.15681946277618,1.02695846557617,0.00251309046736266,0.0473738844607821,0.0225597479960421,0.0479087233542742,0.0381910800933317,0.0242388248443273,-0.00195749575853811,-0.00176732810534904,-0.00322208053658281,0.419120060270544,0,0,0,1490.85,32.9759512
0.373045701090353,0.0458858497878053,0.983957767486572,0.0171156618744135,-0.0379255264997482,-1.65387134021656,0.127095094305144,0.0176655764866722,-0.0071938598047712,-0.00759776619293427,0.0155656904808677,0.00118895647608026,0.315932512283325,1.15849423408508,1.02749979496002,0.00309621604844869,0.0516393284673601,0.0223167665756384,0.0843220949173741,0.033495426178009,0.0108265876770118,0.0116625116217313,0.0853088801316385,-0.00485962840807678,0.426696290387764,0,0,0,1490.9,33.0426665
0.377281893086735,0.046472893070233,0.983957767486572,0.0170519836246967,-0.0449878722429276,-1.6537213749303,0.127085759891432,0.0176112984728301,-0.00733842210493194,-0.00474533208760316,0.0744570950252213,-0.00051741804303776,0.321618586778641,1.16013813018799,1.0276403427124,0.00390219317102253,0.0542792355142615,0.0238500331859511,0.113721489906414,0.0328779220581354,0.00281095504760998,0.0161195424514916,0.0527981409380751,0.0306653322062808,0.430743471266525,0,0,0,1490.95,33.1093426
0.3815187513535,0.0470580509756159,1.00269067287445,0.0196232702583075,-0.0511564947664738,-1.65376905864612,0.127105748002956,0.0175547371614889,-0.17583061261358,-0.0264633121638187,0.107637569229571,6.69608122563806e-05,0.33613908290863,1.16334319114685,1.02747511863708,0.00570096315110746,0.056221437657337,0.0256499361750854,0.145204961299698,0.0320506095885793,-0.00165224075317157,0.0179876998008247,0.0194220214307288,0.0179990298913181,0.43086027826354,0,0,0,1491.05,33.1760592
0.385755609620265,0.0476432088809989,1.00269067287445,0.0196232702583075,-0.0511564947664738,-1.65376905864612,0.127105748002956,0.0175547371614889,-0.00723446412267447,-0.0185243185146731,0.0753462984606996,4.68725685794664e-05,0.345182865858078,1.16524910926819,1.0268486738205,0.00570548669855575,0.0557194311658438,0.0230168478766684,0.180875658989117,0.0381183624267925,-0.0125288963317985,9.0470948965744e-05,-0.0100401298298733,-0.0526617659683875,0.426706497092193,0,0,0,1491.1,33.2428098
0.38999246788703,0.0482283667863819,1.00269067287445,0.0196232702583075,-0.0511564947664738,-1.65376905864612,0.127105748002956,0.0175547371614889,-0.00723446412267447,-0.0129670229602712,0.0527424089224897,3.28107980056265e-05,0.354842215776443,1.16668999195099,1.02625954151154,0.00364147060271017,0.0580335559158783,0.023961175371964,0.193186998367485,0.0288176536560321,-0.0117826461792099,-0.0412803219169491,0.0462824950007318,0.0188865499059306,0.418040334896165,0,0,0,1491.15,33.3095322
0.395210975336769,0.0525311651125998,1.00480365753174,0.0196232702583075,-0.0511564947664738,-1.65376905864612,0.156555223492154,0.129083949786539,-0.0150371466294941,-0.00907691607218983,0.0369196862457428,2.29675586039385e-05,0.378551870584488,1.17000186443329,1.02376735210419,0.00200076073328713,0.0581083885790489,0.0241797826583878,0.23709654808066,0.0331187248230282,-0.024921894073509,-0.0164070986942453,0.000748326631706875,0.00218607286423954,0.404716496802948,0,0,0,1491.25,33.3762587
0.400429482786507,0.0568339634388178,1.00480365753174,0.0196232702583075,-0.0511564947664738,-1.65376905864612,0.156555223492154,0.129083949786539,0.00397971528609426,-0.00635384125053288,0.02584378037202,1.6077291022757e-05,0.392065525054932,1.17223381996155,1.0219190120697,0.00227514234409795,0.0567234292062106,0.0242731828819999,0.270273089407891,0.0446391105650231,-0.0369668006895628,0.00548763221619633,-0.0276991874566662,0.00186800447223516,0.386714901079224,0,0,0,1491.3,33.4429476
0.405650605611596,0.0611345683227604,1.00480365753174,0.016221622005105,-0.0526980981230736,-1.65405539935963,0.156633684752679,0.129018146518278,0.00348129409673566,0.0261671454034489,0.0319650764698122,0.00258832052522472,0.406992584466934,1.17392003536224,1.01934707164764,0.00102277812078576,0.0586493061059678,0.0240852189834734,0.298541188240323,0.0337243080139467,-0.0514388084412089,-0.0250472844662664,0.0385175379951799,-0.00375927797053396,0.364104720848261,0,0,0,1491.35,33.5096652
0.413284731430279,0.067348251748367,1.0195974111557,0.0136319100856781,-0.0557672567665577,-1.65453223651783,0.229023774560485,0.1864105027682,-0.131558515541337,0.0416244090572565,0.0499979813202256,0.00610335879148543,0.440427660942078,1.17793095111847,1.01375544071198,0.00158248229441998,0.0479249303067122,0.0232140319282465,0.334350764751738,0.0401091575622923,-0.0559163093567403,0.0055970417363473,-0.107243757992654,-0.00871187055227687,0.337053850027751,0,0,0,1491.45,33.5764878
0.420918857248962,0.0735619351739737,1.0195974111557,0.0136319100856781,-0.0557672567665577,-1.65453223651783,0.229023774560485,0.1864105027682,0.00158526707432444,0.0291370863400796,0.0349985869241579,0.0042723511540398,0.458391129970551,1.18035542964935,1.01059770584106,0.00205306074342647,0.0448344464347749,0.0254721373223169,0.359269380569785,0.0484895706177199,-0.0631546974182703,0.00941156898013824,-0.0618096774388018,0.0451621078814506,0.305974713051841,0,0,0,1491.5,33.6432045
0.428552983067645,0.0797756185995804,1.0195974111557,0.0136319100856781,-0.0557672567665577,-1.65453223651783,0.229023774560485,0.1864105027682,0.00158526707432444,0.0203959604380557,0.0244990108469106,0.00299064580782786,0.477075725793839,1.18303310871124,1.00737178325653,0.00368204765345932,0.0410729722890694,0.0246080210838718,0.3736919164644,0.0535535812375981,-0.0645184516904391,0.0325797382005385,-0.0752294829138354,-0.0172823247688406,0.271272890177962,0,0,0,1491.55,33.7099131
0.438532372708984,0.0875729686625111,0.99709951877594,0.0155827682465315,-0.0472177676856518,-1.65642337268726,0.299381689240164,0.233920501887922,0.22595627264295,-0.00328055114104149,-0.0597960941353158,0.0191136775903819,0.518108367919922,1.18777596950531,1.00109696388245,0.00885052050852541,0.0407000377332049,0.0247436999821028,0.410326421261207,0.047428607940717,-0.0627481937409018,0.0516847285507079,-0.00372934555864928,0.00135678898231137,0.23348844890558,0,0,0,1491.65,33.7766239
0.448511762350322,0.0953703187254418,0.99709951877594,0.0155827682465315,-0.0472177676856518,-1.65642337268726,0.299381689240164,0.233920501887922,0.0234752412251038,-0.00229638579872905,-0.0418572658947211,0.0133795743132673,0.539700031280518,1.18984580039978,0.998392701148987,0.00978900412406412,0.0388504963829296,0.0242122692251572,0.431833267212307,0.0413966178894419,-0.0540852546692386,0.0187696723107914,-0.0369908270055385,-0.0106286151389222,0.193272799428683,0,0,0,1491.7,33.8433116
0.458491151991661,0.103167668788373,0.99709951877594,0.0155827682465315,-0.0472177676856518,-1.65642337268726,0.299381689240164,0.233920501887922,0.0234752412251038,-0.00160747005911033,-0.0293000861263048,0.0093657020192871,0.562212347984314,1.19189155101776,0.996503829956055,0.0120653272567841,0.0364314046055669,0.0247207417881893,0.450246334076337,0.0409150123596564,-0.0377774238586769,0.0455264626544402,-0.0483818355472983,0.0101694512606514,0.151306275768625,0,0,0,1491.75,33.9100255
0.470067312580352,0.11280718852385,0.99709951877594,0.0155827682465315,-0.0472177676856518,-1.65642337268726,0.347284817660721,0.289185592064331,0.00877174822587221,-0.00112522904137723,-0.0205100602884133,0.00655599141350097,0.609154760837555,1.1967865228653,0.993180096149445,0.00898870218095589,0.0320344370514596,0.0276486747024185,0.469424128531769,0.048949718475275,-0.0332373380660557,-0.0307662507582397,-0.043969675541013,0.0292793291422525,0.108358640833642,0,0,0,1491.85,33.976756
0.481643473169043,0.122446708259328,0.99709951877594,0.0155827682465315,-0.0472177676856518,-1.65642337268726,0.347284817660721,0.289185592064331,0.00877174822587221,-0.000787660328964063,-0.0143570422018893,0.00458919398945068,0.633694291114807,1.19948673248291,0.991872310638428,0.0106294640703041,0.0262224360892954,0.0279139854422966,0.49079060554549,0.054004192352344,-0.0261557102203607,0.0328152377869949,-0.116240019243389,0.00530621479756587,0.0652681213898631,0,0,0,1491.9,34.0434406
0.493223026482668,0.132076393459652,0.985846996307373,0.0189427826553583,-0.0396093167364597,-1.6571188396825,0.347386599408754,0.288890556009707,0.112491851027085,-0.0307914919097163,-0.078525988084051,0.0094716387497688,0.658260762691498,1.20210289955139,0.99124014377594,0.0165664839293095,0.0195349230768998,0.0287431829288109,0.49132943153426,0.0523233413696765,-0.0126433372497674,0.118740397180216,-0.133750260248034,0.0165839497303009,0.0228122474030809,0,0,0,1491.95,34.1101238
0.504818212549448,0.141675314630319,0.981361508369446,0.0193752143532038,-0.0227454844862223,-1.65888194507496,0.347855582003412,0.287967635120029,0.055435078166582,-0.0254459296174105,-0.206742681910973,0.0224980956569427,0.708534240722656,1.20757675170898,0.989543855190277,0.0158512801902483,0.0119727695023097,0.0285394231647992,0.502734780310899,0.0547385215758531,-0.0169628858566053,-0.00715203739060216,-0.0756215357457976,-0.00203759764011369,-0.0182131327200622,0,0,0,1492.05,34.1767971
0.516413398616228,0.151274235800987,0.981361508369446,0.0193752143532038,-0.0227454844862223,-1.65888194507496,0.347855582003412,0.287967635120029,0.0150656867252367,-0.0178121507321874,-0.144719877337681,0.0157486669598599,0.733654141426086,1.21005117893219,0.988247811794281,0.0126476034998564,0.00949457959933076,0.0273305239172552,0.50239801406906,0.0494885444641563,-0.0259208679199454,-0.064073533807897,-0.0495637980596246,-0.0241779849509022,-0.0570681779143916,0,0,0,1492.1,34.2434793
0.528008584683009,0.160873156971654,0.981361508369446,0.0193752143532038,-0.0227454844862223,-1.65888194507496,0.347855582003412,0.287967635120029,0.0150656867252367,-0.0124685055125312,-0.101303914136377,0.0110240668719019,0.75869345664978,1.21238124370575,0.986887812614441,0.0138701665742812,0.00373155762954562,0.027952416490702,0.500786304474332,0.0466012954712338,-0.0271999835968265,0.024451261488518,-0.115260439395808,0.0124378514689467,-0.0930705280755772,0,0,0,1492.15,34.3101853
0.538705012169294,0.167543507504746,0.991600692272186,0.0193752143532038,-0.0227454844862223,-1.65888194507496,0.320892824588544,0.200110515992734,-0.0994009406560463,-0.00872795385877181,-0.0709127398954637,0.00771684681033133,0.808899521827698,1.21797454357147,0.983051478862762,0.0111338170815317,0.000117018011778634,0.0263587332948571,0.502060651779631,0.0559329986572774,-0.0383633375168196,-0.0273634949275195,-0.0361453961777027,-0.0159368319584628,-0.125595674084891,0,0,0,1492.25,34.3768814
0.549401439655579,0.174213858037837,0.991600692272186,0.0193752143532038,-0.0227454844862223,-1.65888194507496,0.320892824588544,0.200110515992734,-0.00724828553138197,-0.00610956770114027,-0.0496389179268246,0.00540179276723193,0.833040475845337,1.22063410282135,0.981017768383026,0.0114762480013192,-0.00409528180995181,0.0254511891059593,0.482819080351027,0.0531911849973651,-0.0406742095945786,0.00684861839572354,-0.0842459964343024,-0.0181508837778902,-0.1541399783896,0,0,0,1492.3,34.4435601
0.560090851653552,0.180901004931861,0.991600692272186,0.0200094264000654,-0.00599631946533918,-1.65775327152149,0.320682359939213,0.200614406820742,-0.00444524598299031,-0.00998460581255303,-0.185489727736725,-0.00637680704413882,0.857072830200195,1.22335731983185,0.97829407453537,0.0154994234548938,-0.00816834444663384,0.0258950678434397,0.480647087097605,0.0544643402100105,-0.0544738769531745,0.0804635090715652,-0.0814612527337146,0.00887757474961645,-0.178347616069023,0,0,0,1492.35,34.5102947
0.573550845127428,0.186199446327179,0.987774908542633,0.0221724286675453,0.0088119013234973,-1.65617017215626,0.403799804216274,0.158953241859524,0.0530301986153382,-0.0264562444761062,-0.263116796515236,-0.0187116592180066,0.90334677696228,1.22866535186768,0.972554266452789,0.0174619105915754,-0.0193645628363555,0.0253893914391234,0.46273946762127,0.0530803203583246,-0.0573980808258579,0.0196248713668339,-0.111962183897318,-0.00505676404316804,-0.197930171307984,0,0,0,1492.45,34.5769915
0.587010838601304,0.191497887722496,0.987774908542633,0.0221724286675453,0.0088119013234973,-1.65617017215626,0.403799804216274,0.158953241859524,0.0185981450493592,-0.0185193711332743,-0.184181757560665,-0.0130981614526046,0.925856709480286,1.23109364509583,0.969341039657593,0.0165414596211958,-0.0234411818672286,0.0245569123411017,0.450198650360517,0.0485658645630325,-0.0642645359039891,-0.0184090194076078,-0.0815323806175359,-0.0166495819604496,-0.212787318345086,0,0,0,1492.5,34.6436807
0.60047083207518,0.196796329117814,0.987774908542633,0.0221724286675453,0.0088119013234973,-1.65617017215626,0.403799804216274,0.158953241859524,0.0185981450493592,-0.012963559793292,-0.128927230292466,-0.00916871301682321,0.947105884552002,1.23319256305695,0.966428339481354,0.0149458074141063,-0.0249232578292032,0.0256853907660123,0.42498350143278,0.0419783592222594,-0.0582540035245683,-0.0319130441416749,-0.029641519239384,0.022569568498131,-0.222954272811504,0,0,0,1492.55,34.7104103
0.609634575043829,0.204179833597634,0.980185925960541,0.0187272522598505,0.0252390280365944,-1.65563778346912,0.274912289059467,0.221505134394609,0.0843094998414167,0.0219320958139489,-0.2380932016226,-0.0112095972959803,0.987564027309418,1.23760008811951,0.961062729358673,0.0137280255734162,-0.0289477000843162,0.0241327969282375,0.404581427574526,0.0440752506256504,-0.0536561012268554,-0.0121778184069112,-0.0402444225511665,-0.0155259383777627,-0.228587669343943,0,0,0,1492.65,34.7771104
0.618798318012478,0.211563338077454,0.980185925960541,0.0187272522598505,0.0252390280365944,-1.65563778346912,0.274912289059467,0.221505134394609,0.0160086566025861,0.0153524670697643,-0.16666524113582,-0.00784671810718625,1.00598752498627,1.23991072177887,0.958941996097565,0.0159540222797999,-0.0313191019534491,0.0251635762353385,0.368469953537322,0.0462126731872979,-0.0424146652222065,0.0445199341277144,-0.0474280373827029,0.0206155861420388,-0.229995935607207,0,0,0,1492.7,34.8437769
0.627962060981126,0.218946842557275,0.980185925960541,0.0187272522598505,0.0252390280365944,-1.65563778346912,0.274912289059467,0.221505134394609,0.0160086566025861,0.010746726948835,-0.116665668795074,-0.00549270267503037,1.02353644371033,1.24219369888306,0.957399666309357,0.0165637051295297,-0.0325502595020971,0.0252711057494681,0.35097837448152,0.0456595420837818,-0.0308465957641882,0.0121936569946068,-0.0246231509729813,0.00215059028259434,-0.227603578853436,0,0,0,1492.75,34.9105231
0.642177094298234,0.221715363919277,0.980185925960541,0.0187272522598505,0.0252390280365944,-1.65563778346912,0.426450999513221,0.0830556408600812,0.0144098186961658,0.00752270886418448,-0.0816659681565517,-0.00384489187252126,1.05514657497406,1.24623847007751,0.955344557762146,0.021290842711334,-0.0338107218572202,0.0244804894314661,0.316101312636898,0.0404477119445249,-0.0205510854720789,0.0472713758179781,-0.0126046235512139,-0.00790616318000943,-0.221948731086613,0,0,0,1492.85,34.9772097
0.656392127615341,0.22448388528128,0.980185925960541,0.0187272522598505,0.0252390280365944,-1.65563778346912,0.426450999513221,0.0830556408600812,0.0144098186961658,0.00526589620492914,-0.0571661777095862,-0.00269142431076488,1.06873178482056,1.2480137348175,0.95524001121521,0.0217383105711831,-0.035154432262534,0.0248148670707243,0.271704196930179,0.035505294799837,-0.0020909309387226,0.00894935719698962,-0.0268742081063006,0.00668755278516985,-0.213653915504994,0,0,0,1492.9,35.0439081
0.670605397447172,0.227238157918829,0.955765604972839,0.0225206520408392,0.0341779552400112,-1.65608648723499,0.426398094954935,0.0826281791264749,0.236044961102148,-0.0304544706854478,-0.120466669227462,0.00215433687528685,1.08111464977264,1.2491443157196,0.95559287071228,0.0164979313316188,-0.0357257463198334,0.0220296119223557,0.247657299041973,0.0226116180420128,0.00705718994141267,-0.104807584791381,-0.0114262811459989,-0.0557051029674215,-0.203414376143815,0,0,0,1492.95,35.1106017
0.684804571609732,0.230038003359291,0.95434981584549,0.027843413874507,0.0381915867328644,-1.65248088306324,0.425975224876805,0.083995363213858,0.0308927955166483,-0.0692229859828233,-0.120449351894902,-0.0309424017330756,1.10274350643158,1.25042772293091,0.957026541233063,0.0106927357740608,-0.0331743368798293,0.0206206987564338,0.21628856658906,0.0128340721130196,0.0143367052078051,-0.0580519555755006,0.0255140944000065,-0.0140891316592003,-0.191962932043388,0,0,0,1493.05,35.1773244
0.699003745772293,0.232837848799753,0.95434981584549,0.027843413874507,0.0381915867328644,-1.65248088306324,0.425975224876805,0.083995363213858,0.0181506933704996,-0.0484560901879763,-0.0843145463264312,-0.0216596812131529,1.11287271976471,1.25079882144928,0.956327676773071,0.00353874941738411,-0.0256293422966413,0.0204182209462742,0.202584266662782,0.00742197036743839,-0.0139772891998418,-0.143079727133664,0.150899891663897,-0.004049556203196,-0.180066825875514,0,0,0,1493.1,35.2440244
0.713202919934853,0.235637694240215,0.95434981584549,0.027843413874507,0.0381915867328644,-1.65248088306324,0.425975224876805,0.083995363213858,0.0181506933704996,-0.0339192631315834,-0.0590201824285018,-0.015161776849207,1.12189567089081,1.2509161233902,0.955869972705841,-0.000299891279999193,-0.0241176709608995,0.0218493205979867,0.180459022522137,0.00234603881836151,-0.00915408134461282,-0.0767728139477359,0.0302334267148634,0.0286219930342778,-0.168470435148212,0,0,0,1493.15,35.3107482
0.719957109149562,0.234447817611868,0.965774536132812,0.027843413874507,0.0381915867328644,-1.65248088306324,0.202625676441267,-0.0356962988503973,-0.105704129552891,-0.0237434841921084,-0.0413141276999513,-0.0106132437944449,1.13650238513947,1.25112998485565,0.954401016235352,0.00506342053406871,-0.0316678598194958,0.0211736123773866,0.146067142486705,0.00213861465454296,-0.0146895647049084,0.0536331181407278,-0.0755018885860313,-0.00675708220600754,-0.157899722396245,0,0,0,1493.25,35.3774673
0.726711298364271,0.233257940983522,0.965774536132812,0.027843413874507,0.0381915867328644,-1.65248088306324,0.202625676441267,-0.0356962988503973,-0.00288164696698388,-0.0166204389344759,-0.0289198893899659,-0.00742927065611145,1.14236688613892,1.25134229660034,0.953547120094299,0.0110027642720523,-0.0320127029663431,0.0211045008738881,0.117290019988587,0.00424623489378338,-0.0170779228209828,0.118786874759241,-0.00689686293692221,-0.00138223006996539,-0.149017304132077,0,0,0,1493.3,35.4441964
0.733462402609795,0.232063160663926,0.965774536132812,0.0148353427648544,0.0301776248961687,-1.6534681743993,0.202533127365744,-0.0358434095878724,-0.00463902660481509,0.10543833273274,0.0518817339572849,0.00368513256525812,1.1477245092392,1.25141286849976,0.95215517282486,0.0116192590680341,-0.0257176553522295,0.0206925037354724,0.107152462005713,0.00141143798828253,-0.0278389453888193,0.0123298959196455,0.125900952282388,-0.00823994276832045,-0.142414421293267,0,0,0,1493.35,35.510883
0.733495983526961,0.233587611921534,0.959471106529236,0.0254970844835043,0.0238046329468489,-1.65179089969532,0.00100742751496964,0.0457335377282413,0.0616424087587207,-0.0221488425549311,0.093674141313978,-0.0125158795401347,1.15589737892151,1.25075554847717,0.950097560882568,0.0104007559604862,-0.0220912142285274,0.0220000107510265,0.0817286968231944,-0.00657320022583606,-0.0205761194229313,-0.0121850310754895,0.0362644112370541,0.0130750701555525,-0.138570430623438,0,0,0,1493.45,35.5776066
0.733529564444127,0.235112063179142,0.959471106529236,0.0254970844835043,0.0238046329468489,-1.65179089969532,0.00100742751496964,0.0457335377282413,0.00491154232653073,-0.0155041897884518,0.0655718989197846,-0.00876111567809432,1.15883994102478,1.25008475780487,0.949244618415833,0.00768922117626253,-0.0220425623827195,0.0227522039709598,0.0588512420654832,-0.0134158134460571,-0.0170588493347323,-0.0542306956845231,0.000973036916157699,0.0150438643986808,-0.137862820060695,0,0,0,1493.5,35.6443244
0.733563145361292,0.23663651443675,0.959471106529236,0.0254970844835043,0.0238046329468489,-1.65179089969532,0.00100742751496964,0.0457335377282413,0.00491154232653073,-0.0108529328519162,0.0459003292438492,-0.00613278097466602,1.1614134311676,1.24942982196808,0.948334157466888,0.0070636507364274,-0.0215715534127409,0.0224510045265703,0.0514698028562581,-0.0130987167357922,-0.0182092189788156,-0.0125114087966572,0.00942017939953799,-0.00602398888776904,-0.140537267499795,0,0,0,1493.55,35.7110373
0.732767872562712,0.236570882943393,0.952270746231079,0.0184632893651724,0.0205606557428837,-1.65361790126697,-0.0238581839574226,-0.0019689448007234,0.0629230748953212,0.0557071030686458,0.0613260253063811,0.0121500674626312,1.16527700424194,1.24813389778137,0.946905970573425,0.0047826424866196,-0.017964531651547,0.0245670192113285,0.0386357307434433,-0.0129592418670772,-0.0142818689346443,-0.0228100824980987,0.036070217611972,0.0211601468476012,-0.14670534858214,0,0,0,1493.65,35.7777481
0.731972599764131,0.236505251450035,0.952270746231079,0.0184632893651724,0.0205606557428837,-1.65361790126697,-0.0238581839574226,-0.0019689448007234,-0.00188016778808947,0.0389949721480521,0.0429282177144668,0.00850504722384187,1.1665130853653,1.24789023399353,0.94682514667511,0.00117945529211715,-0.0125552759043356,0.0253673688808495,0.0247216224670635,-0.00487327575684037,-0.00161647796631006,-0.0720637438901144,0.108185114944326,0.0160069933904351,-0.156340497335546,0,0,0,1493.7,35.8444528
0.73117732696555,0.236439619956678,0.952270746231079,0.0184632893651724,0.0205606557428837,-1.65361790126697,-0.0238581839574226,-0.0019689448007234,-0.00188016778808947,0.0272964805036365,0.0300497524001268,0.00595353305668931,1.16627645492554,1.24777364730835,0.947202146053314,-6.40091923609796e-05,-0.00854520225616524,0.0270827209524305,-0.00473260879517032,-0.0023317337036154,0.00753998756409377,-0.0248692896895853,0.0802014729634802,0.0343070414316507,-0.169287443524895,0,0,0,1493.75,35.9111843
0.730777916916661,0.235640754292239,0.952270746231079,0.0184632893651724,0.0205606557428837,-1.65361790126697,-0.0119823014666623,-0.0239659699331764,-0.00210729987005929,0.0191075363525455,0.0210348266800887,0.00416747313968252,1.16667771339417,1.24801158905029,0.95017683506012,0.00695349557046915,-0.0115387171978118,0.0254002968646095,0.00401258468627382,0.00237941741943035,0.0297468900680136,0.0701750476282056,-0.0299351494164247,-0.0168242408781868,-0.185241829358797,0,0,0,1493.85,35.9778792
0.730378506867773,0.2348418886278,0.952270746231079,0.0184632893651724,0.0205606557428837,-1.65361790126697,-0.0119823014666623,-0.0239659699331764,-0.00210729987005929,0.0133752754467819,0.0147243786760621,0.00291723119777776,1.16578912734985,1.24789845943451,0.952181339263916,0.00790730197136109,-0.0148503608384845,0.0241194814971521,-0.0177717208862466,-0.00226259231567589,0.0400900840759642,0.0190761280178561,-0.0662328728135133,-0.0256163073491724,-0.203805734610018,0,0,0,1493.9,36.0445954
0.729976425522402,0.234043568974719,0.924988210201263,0.0140793910250068,0.0144366901367903,-1.65644602245228,-0.0120624403611285,-0.0239495895924016,0.243572770897613,0.0488177778742378,0.0654227555280841,0.027495152506169,1.16434049606323,1.24772119522095,0.953910052776337,0.0109654397239119,-0.0199490248906066,0.0234360006111198,-0.0289726257324482,-0.00354528427124346,0.0345742702484445,0.0611627550510718,-0.101973281042536,-0.0136696177206579,-0.224462664040675,0,0,0,1493.95,36.1113235
0.729578678071754,0.233244856952241,0.926896452903748,0.0222389996051788,0.0281513780355453,-1.65201596683399,-0.0119324235194288,-0.0239613606743573,-0.0194398936825465,-0.0392640327095821,-0.0776362622191368,-0.0206238938102569,1.15948021411896,1.24749410152435,0.958055377006531,0.00915717332327532,-0.0267434196025986,0.0218370539028411,-0.0486028194426827,-0.00227093696593928,0.0414532423018844,-0.0180826640063411,-0.0679439471198271,-0.0159894670827649,-0.246600246074967,0,0,0,1494.05,36.1780333
0.729180930621107,0.232446144929762,0.926896452903748,0.0222389996051788,0.0281513780355453,-1.65201596683399,-0.0119324235194288,-0.0239613606743573,-0.00226570936018927,-0.0274848228967075,-0.0543453835533957,-0.0144367256671798,1.15550303459167,1.24691474437714,0.961118459701538,0.0117971517923991,-0.0293966163110727,0.020498706628137,-0.0795435905457266,-0.0115871429443465,0.0612616539002022,0.0527995693825244,-0.0530639341695292,-0.0267669454941075,-0.269549287633103,0,0,0,1494.1,36.2447269
0.728783183170459,0.231647432907284,0.926896452903748,0.0222389996051788,0.0281513780355453,-1.65201596683399,-0.0119324235194288,-0.0239613606743573,-0.00226570936018927,-0.0192393760276952,-0.038041768487377,-0.0101057079670259,1.15042912960052,1.24607491493225,0.96431165933609,0.00833312014132577,-0.0300610869097331,0.0230304224895492,-0.10147809982309,-0.0167965888977204,0.0638639926910981,-0.0692806330215303,-0.0132894119732213,0.0506343172282918,-0.292613494633148,0,0,0,1494.15,36.3114519
0.725769335353139,0.229680300581784,0.925688743591309,0.0222389996051788,0.0281513780355453,-1.65201596683399,-0.0904154345196,-0.059013969764979,-0.0166445052461783,-0.0134675632193867,-0.0266292379411639,-0.00707399557691811,1.13954973220825,1.2459762096405,0.970959782600403,-0.00324622977979695,-0.0289677703369978,0.0200589557110563,-0.108793973922828,-0.000987052917481366,0.0664812326431879,-0.115793499211333,0.0109331657273628,-0.0297146677849562,-0.315020415368015,0,0,0,1494.25,36.3780902
0.722755487535819,0.227713168256285,0.925688743591309,0.0222389996051788,0.0281513780355453,-1.65201596683399,-0.0904154345196,-0.059013969764979,-0.027513889058129,-0.00942729425357066,-0.0186404665588147,-0.00495179690384267,1.13267171382904,1.24588906764984,0.974589347839355,-0.00432903395915026,-0.0274932687064035,0.0195312680854568,-0.137560367583728,-0.00174283981322608,0.0725913047787887,-0.0216560835869875,0.0294900326117793,-0.0105537525119521,-0.336117761657121,0,0,0,1494.3,36.4448746
0.719742591615175,0.225739891245857,0.925688743591309,0.0169715508818626,0.0317477509379387,-1.64839891857044,-0.0903868776193215,-0.0591983103128539,-0.0273654214528699,0.0408079325323463,-0.0454156827127104,-0.0360196922046381,1.12558913230896,1.24641442298889,0.978521347045898,-0.00342154813302317,-0.0305608273103862,0.0198569046518421,-0.14165163040174,0.0105071067810154,0.0786399841309309,0.0181497165225585,-0.0613511720797105,0.00651273132771207,-0.355122861532344,0,0,0,1494.35,36.51155
0.716270533964583,0.223327450467224,0.930255770683289,0.0146450968459249,0.0368689559400082,-1.65226678317921,-0.104161729517751,-0.0723732233589678,-0.064206782202134,0.0495036390960825,-0.0778818229175225,0.00959699693563516,1.1081725358963,1.24838519096375,0.985710918903351,0.00833142453759174,-0.0430844265627601,0.0222678932272343,-0.174165964126745,0.0197076797485531,0.0718957185745893,0.117529726706256,-0.125235992523853,0.0241098857539443,-0.371454811085209,0,0,0,1494.45,36.5783777
0.712798476313992,0.220915009688592,0.930255770683289,0.0146450968459249,0.0368689559400082,-1.65226678317921,-0.104161729517751,-0.0723732233589678,-0.0231035383743142,0.0346525473672577,-0.0545172760422658,0.00671789785494461,1.09760069847107,1.24929964542389,0.988122582435608,0.00797622626558096,-0.0453638247526044,0.0215707210185045,-0.211436748504831,0.0182890892028975,0.0482332706451855,-0.00710396544022209,-0.0455879637969279,-0.013943444174609,-0.384488509414317,0,0,0,1494.5,36.6452363
0.7093264186634,0.21850256890996,0.930255770683289,0.0146450968459249,0.0368689559400082,-1.65226678317921,-0.104161729517751,-0.0723732233589678,-0.0231035383743142,0.0242567831570804,-0.038162093229586,0.00470252849846123,1.08672571182251,1.25039649009705,0.990829229354858,0.0105895651301846,-0.0494680271237721,0.022009887248862,-0.2174997329704,0.021936893463055,0.0541329383848128,0.052266777291883,-0.0820840474230547,0.00878332460711739,-0.393703277489857,0,0,0,1494.55,36.7119487
0.704257279825805,0.214596231634262,0.958386838436127,0.0209356248378754,0.0506111644208431,-1.65302590793507,-0.152074165127843,-0.117190118270928,-0.288248808548816,-0.0396350037175983,-0.150393341588225,0.0101238927516572,1.06190192699432,1.25249087810516,0.995144724845886,0.00938891970993782,-0.0521016729116133,0.0247264045963124,-0.248237848282086,0.0209438800811958,0.0431549549103176,-0.0120064542024789,-0.0263364578784361,0.0271651734745284,-0.39873930966741,0,0,0,1494.65,36.7786485
0.699188140988211,0.210689894358565,0.958386838436127,0.0209356248378754,0.0506111644208431,-1.65302590793507,-0.152074165127843,-0.117190118270928,-0.0350691987732723,-0.0277445026023188,-0.105275339111757,0.00708672492616006,1.047687292099,1.25355648994446,0.996250927448273,0.0119091958453705,-0.0513058930235088,0.0261882214225305,-0.284292697906753,0.0213122367859081,0.0221240520477496,0.0504055227087001,0.0159155977621058,0.0292363365243888,-0.399318186896008,0,0,0,1494.7,36.8454012
0.694119002150616,0.206783557082867,0.958386838436127,0.0209356248378754,0.0506111644208431,-1.65302590793507,-0.152074165127843,-0.117190118270928,-0.0350691987732723,-0.0194211518216232,-0.0736927373782302,0.00496070744831204,1.03272461891174,1.2540922164917,0.995964229106903,0.0127868055765905,-0.0448390821495607,0.0274279200570537,-0.299253463745389,0.010714530944834,-0.00573396682739779,0.017552194624415,0.129336217479079,0.0247939726904872,-0.395278752622358,0,0,0,1494.75,36.9120972
0.689049863313021,0.202877219807169,0.958386838436127,0.0209356248378754,0.0506111644208431,-1.65302590793507,-0.152074165127843,-0.117190118270928,-0.0350691987732723,-0.0135948062751362,-0.0515849161647611,0.00347249521381843,0.998362362384796,1.25599026679993,0.996916055679321,0.00987547016206439,-0.0471861619999827,0.0276938092629862,-0.343622565269001,0.0189805030822495,0.00951826572416914,-0.0291133541452212,-0.0234707985041884,0.00265889205932146,-0.386582742115166,0,0,0,1494.85,36.9788005
0.683980724475426,0.198970882531472,0.958386838436127,0.0209356248378754,0.0506111644208431,-1.65302590793507,-0.152074165127843,-0.117190118270928,-0.0350691987732723,-0.00951636439259536,-0.0361094413153328,0.0024307466496729,0.979489207267761,1.25675654411316,0.996766805648804,0.00850356306685387,-0.0500454507431685,0.0272192357410494,-0.377463102341042,0.0153255462646624,-0.00298500061035428,-0.0274381419042353,-0.0571857748637684,-0.00949147043874571,-0.373297574222611,0,0,0,1494.9,37.0455576
0.676242456756077,0.193491891255452,0.973973512649536,0.0223293155431747,0.0535734966397285,-1.65515689319508,-0.232148031580475,-0.164369738280586,-0.164770613328457,-0.0192046714225112,-0.0519375988907017,0.0208803899948589,0.960600078105927,1.25734758377075,0.996239900588989,0.0106562358668432,-0.0520081127511686,0.0277699763132127,-0.377782583237038,0.0118207931518662,-0.0105381011962986,0.0430534559998255,-0.0392532401600378,0.0110148114432761,-0.355633596927467,0,0,0,1494.95,37.1122762
0.668504189036728,0.188012899979433,0.991137802600861,0.0223293155431747,0.0535734966397285,-1.65515689319508,-0.232148031580475,-0.164369738280586,-0.178969154969692,-0.0134432699957578,-0.0363563192234912,0.0146162729964012,0.917340517044067,1.2583464384079,0.992916464805603,0.0100928153061547,-0.046993853210597,0.0279240381997359,-0.432595610618001,0.00998854637144633,-0.033234357833817,-0.00563420560687764,0.050142595405648,0.00154061886522985,-0.33388486607056,0,0,0,1495.05,37.1789876
0.660765921317379,0.182533908703413,0.991137802600861,0.0223293155431747,0.0535734966397285,-1.65515689319508,-0.232148031580475,-0.164369738280586,-0.0244905454077719,-0.00941028899703046,-0.0254494234564439,0.0102313910974809,0.894891858100891,1.25872731208801,0.991476833820343,0.0114942169148169,-0.0475286960411406,0.0268788561329496,-0.448973178863934,0.00761747360230185,-0.0287926197052264,0.028028032173271,-0.0106968566108814,-0.0209036413357438,-0.308422301894987,0,0,0,1495.1,37.2457408
0.653011652394877,0.177075269742037,0.991137802600861,0.0194278750568628,0.055227879434824,-1.65765790408985,-0.232628067675058,-0.163759168841288,-0.0242617506010092,0.0195257620788859,-0.0327040415753697,0.0296710718212151,0.870620787143707,1.2591986656189,0.99021303653717,0.0126557401039446,-0.0463440861425112,0.0269248131530534,-0.485421419144118,0.00942707061768436,-0.0252759456634751,0.0232304637825746,0.0236921979726092,0.00091914040207711,-0.279757046637317,0,0,0,1495.15,37.3124242
0.640383954770467,0.168084271475477,0.991137802600861,0.0194278750568628,0.055227879434824,-1.65765790408985,-0.378830928732295,-0.269729947996784,-0.0166692743946257,0.0136680334552201,-0.0228928291027588,0.0207697502748506,0.81951630115509,1.25937628746033,0.986178636550903,0.0121067706042758,-0.038279396436954,0.0327044381261022,-0.511044859886634,0.00177621841430826,-0.0403439998627076,-0.00548969499669338,0.0806468970556452,0.0577962497305405,-0.248410185545478,0,0,0,1495.25,37.3790656
0.627756257146057,0.159093273208918,0.991137802600861,0.0194278750568628,0.055227879434824,-1.65765790408985,-0.378830928732295,-0.269729947996784,-0.0166692743946257,0.00956762341865409,-0.0160249803719311,0.0145388251923954,0.793473958969116,1.25985646247864,0.984655976295471,0.0123691669648674,-0.0353382639083505,0.0329713933753529,-0.520846843717588,0.009603500366176,-0.0304532051085318,0.00524792721181426,0.0588226505718552,0.00533910498499491,-0.214894939185561,0,0,0,1495.3,37.4457752
0.61510762881265,0.150127463295022,0.99688458442688,0.0196968335658312,0.0499483831226826,-1.65995816654102,-0.37945885000221,-0.268974297416885,-0.0673421246550515,0.00427670981234268,0.036297980548921,0.0308795396952237,0.766968369483948,1.26008152961731,0.98312246799469,0.00903722920283159,-0.0346552830313035,0.0332216787468513,-0.530111789703851,0.00450134277344159,-0.0306701660156529,-0.0666387552407776,0.0136596175409525,0.00500570742997222,-0.179812808418812,0,0,0,1495.35,37.5125199
0.603331201775339,0.136660535625485,0.971834003925323,0.0196968335658312,0.0499483831226826,-1.65995816654102,-0.35329281111933,-0.404007830086092,0.207465020509154,0.00299369686863988,0.0254085863842447,0.0216156777866566,0.710325539112091,1.25978195667267,0.982925891876221,0.0126681752911704,-0.0259465728568162,0.0323115456369682,-0.566428303719082,-0.00299572944641386,-0.00196576118469417,0.0363094608834209,0.0870871017449524,-0.0091013310988391,-0.143510733983183,0,0,0,1495.45,37.5797497
0.591554774738028,0.123193607955949,0.971834003925323,0.0196968335658312,0.0499483831226826,-1.65995816654102,-0.35329281111933,-0.404007830086092,-0.017990204004854,0.00209558780804791,0.0177860104689713,0.0151309744506596,0.682097613811493,1.25935328006744,0.983051657676697,0.0136483072901228,-0.0225042379022818,0.0336442359971617,-0.564558506012476,-0.00857353210449999,0.00251531600952377,0.0196026399790655,0.0688466990907518,0.0266538072038942,-0.10701805315444,0,0,0,1495.5,37.6466357
0.579771290140695,0.109723834394539,0.971834003925323,0.0198403429239988,0.0390610322356224,-1.66042785114185,-0.353504537919986,-0.404093206842314,-0.0147143928408346,0.000175327242124704,0.110436365311821,0.0148188435229324,0.65322357416153,1.25859475135803,0.982526302337646,0.00998376481397082,-0.0225776228761936,0.0344563299060757,-0.577480792997167,-0.0151705741881772,-0.0105071067809676,-0.0732908495227722,-0.0014676994782311,0.0162418781782203,-0.0708077729397748,0,0,0,1495.55,37.7133256
0.558890384280352,0.104804512707411,0.996945798397064,0.0198403429239988,0.0390610322356224,-1.66042785114185,-0.626427175810314,-0.147579650613843,-0.260526306739652,0.000122729069487293,0.077305455718275,0.0103731904660527,0.593510806560516,1.25719320774078,0.980591714382172,0.00482036292742899,-0.0121699171520381,0.0343156228176785,-0.597127676010675,-0.0140154361724981,-0.0193458795547661,-0.0516340188654653,0.10407705724165,-0.00140707088397303,-0.0352804328721937,0,0,0,1495.65,37.7800021
0.538009478420008,0.0998851910202824,0.996945798397064,0.0198403429239988,0.0390610322356224,-1.66042785114185,-0.626427175810314,-0.147579650613843,-0.0345201564939856,8.59103486411049e-05,0.0541138190027925,0.00726123332623689,0.563812732696533,1.25630128383636,0.979358911514282,0.00385771095584003,-0.0104556472925381,0.034223217223933,-0.593961477280203,-0.0178384780883951,-0.0246560573578105,-0.0192530394317967,0.03428539719003,-0.00184811187491198,-0.000864487597262178,0,0,0,1495.7,37.846691
0.517124566554663,0.0949430830815814,0.996945798397064,0.018401775509119,0.0251030381768942,-1.6604261822118,-0.626547355960333,-0.148263238161029,-0.0319180322896671,0.013007243977967,0.163501619830509,0.00506784295788242,0.534478962421417,1.25563895702362,0.977869510650635,-0.00282410860945483,-0.0120200256712778,0.0303041388822266,-0.586675405502853,-0.0132465362548949,-0.0297880172729763,-0.133636391306019,-0.0312875675748211,-0.0783815668342003,0.0320600405378295,0,0,0,1495.75,37.9133837
0.496239654689319,0.0900009751428805,0.996945798397064,0.018401775509119,0.0251030381768942,-1.6604261822118,-0.626547355960333,-0.148263238161029,-0.0319180322896671,0.00910507078457687,0.114451133881356,0.00354749007051769,0.475850880146027,1.25378704071045,0.976657450199127,-0.0123122299217896,-0.00776418164648812,0.0305252096093201,-0.586280822753106,-0.0185191631316886,-0.0121206045150591,-0.0948812131232184,0.0425584402478384,0.00221070727093195,0.0631765948794221,0,0,0,1495.85,37.9800485
0.475354742823975,0.0850588672041795,0.996945798397064,0.018401775509119,0.0251030381768942,-1.6604261822118,-0.626547355960333,-0.148263238161029,-0.0319180322896671,0.00637354954920381,0.0801157937169493,0.00248324304936239,0.446932703256607,1.25243902206421,0.975761353969574,-0.0177062484599176,-0.00075862743375965,0.0306157950774468,-0.578363537788917,-0.0269603729248292,-0.0179219245910808,-0.107880370762657,0.140111084254697,0.00181170936253664,0.0922858613725241,0,0,0,1495.9,38.0467418
0.462015922578776,0.0778455579124673,0.979445934295654,0.0100354366004467,0.0127780893817544,-1.65807132190601,-0.400164607355966,-0.216399278751368,0.146325894574181,0.0797585348624937,0.167005594758123,-0.0194554726175215,0.417967915534973,1.25220346450806,0.975579142570496,-0.0129598759921582,0.0049303691219937,0.0327191793500291,-0.579295754433205,-0.00471115112305116,-0.0036442279815707,0.0949274493552744,0.11377993111517,0.0420676854516848,0.119220808538445,0,0,0,1495.95,38.1134254
0.448677102333577,0.070632248620755,0.978533327579498,0.0100354366004467,0.0127780893817544,-1.65807132190601,-0.400164607355966,-0.216399278751368,-0.00295942189310376,0.0558309744037456,0.116903916330686,-0.0136188308322651,0.362285554409027,1.25151550769806,0.973957777023315,-0.0195544528162469,0.0127362050244636,0.0321963033542754,-0.556823611258701,-0.0068795680999662,-0.0162136554717796,-0.0659457682407974,0.0780583590245929,-0.00522875995753043,0.14391907731485,0,0,0,1496.05,38.1801366
0.435338282088378,0.0634189393290427,0.978533327579498,0.0100354366004467,0.0127780893817544,-1.65807132190601,-0.400164607355966,-0.216399278751368,-0.0111728823385078,0.0390816820826219,0.0818327414314801,-0.00953318158258555,0.335256278514862,1.25112545490265,0.973223149776459,-0.0204520011112527,0.012766473196488,0.0325891480057013,-0.540585517883792,-0.00780105590821022,-0.0146925449371472,-0.0179509659001322,0.000605363440487542,0.00785689302852603,0.166345640926805,0,0,0,1496.1,38.2468035
0.422007667419327,0.0561785851952486,0.978533327579498,0.00635568518191576,-0.00545215280726552,-1.65663556522266,-0.399918440071532,-0.217210624013823,-0.00699680611530916,0.0604749402246138,0.221355098703215,-0.0195950372579564,0.308891475200653,1.25098943710327,0.972785413265228,-0.0168347427752062,0.0154372793179388,0.0323077817024287,-0.527296066284659,-0.0027203559875513,-0.00875473022461734,0.0723451667209962,0.0534161224290649,-0.00562732606545753,0.186580394248593,0,0,0,1496.15,38.3135152
0.411901745490923,0.0445073358542245,0.978533327579498,0.00635568518191576,-0.00545215280726552,-1.65663556522266,-0.303177657852123,-0.350137480230725,-0.000498408835886832,0.0423324581572297,0.154948569092251,-0.0137165260805695,0.25815537571907,1.25120997428894,0.972003042697906,-0.0128398505618017,0.0179302375746223,0.0320943890302998,-0.507360994816288,0.00220537185669146,-0.00782370567322489,0.0399489221340814,0.024929582566858,-0.00213392672129102,0.204695581967616,0,0,0,1496.25,38.3801832
0.401795823562519,0.0328360865132003,0.978533327579498,0.00635568518191576,-0.00545215280726552,-1.65663556522266,-0.303177657852123,-0.350137480230725,-0.000498408835886832,0.0296327207100608,0.108463998364576,-0.00960156825639862,0.233895808458328,1.25204849243164,0.972187101840973,-0.0101655684317524,0.0168819465704404,0.0327515562673413,-0.485191345213079,0.0167703628539429,0.00368118286131473,0.0534856426007903,-0.0209658200835626,0.0131433447407819,0.220858092726357,0,0,0,1496.3,38.4469206
0.391690167671682,0.0211653685263877,0.97634220123291,0.00546308793127537,-0.0175436642020941,-1.65661172336475,-0.303169676725107,-0.350121539604376,0.0225643142553175,0.0287762797528061,0.18474840140866,-0.00693567450067044,0.211036071181297,1.25262928009033,0.972146093845367,-0.008460289384774,0.0175076495252728,0.0322331657829637,-0.457194745541035,0.0116157531738387,-0.000820159912110121,0.0341055809395992,0.0125140590966603,-0.0103678096875612,0.235208856232513,0,0,0,1496.35,38.5136444
0.382725342979777,0.0109614845845954,0.956662714481354,0.00546308793127537,-0.0175436642020941,-1.65661172336475,-0.268944740757136,-0.30611651825377,0.176867343713108,0.0201433958269642,0.129323880986062,-0.00485497215046931,0.166493460536003,1.25228714942932,0.974485754966736,-0.000741490526946488,0.0173413076056755,0.0353245820712357,-0.445426106453347,-0.00342130661011053,0.0233966112137054,0.0771879885783453,-0.00166341919597515,0.0309141628827483,0.247912409840446,0,0,0,1496.45,38.5802768
0.373760518287873,0.0007576006428031,0.956662714481354,0.00546308793127537,-0.0175436642020941,-1.65661172336475,-0.268944740757136,-0.30611651825377,-0.000248037050899489,0.014100377078875,0.0905267166902433,-0.00339848050532852,0.147421851754189,1.25386071205139,0.975188016891479,-0.00408145813053829,0.023350968985472,0.0310749089500154,-0.381432175636638,0.0314712524414349,0.0140452384948858,-0.0667993520718968,0.120193227596041,-0.0849934624244842,0.259192337205541,0,0,0,1496.5,38.6470595
0.364772614933546,-0.00942594840033852,0.956662714481354,0.0123244673013687,-0.0254857819527388,-1.65902094310657,-0.269637100629809,-0.305506471294249,0.000415216194961359,-0.0518821503756276,0.134847761438972,0.0193040413226616,0.127464219927788,1.25423979759216,0.977132499217987,-0.00334740298203997,0.0243067333985542,0.0340816440418414,-0.399152636526563,0.00758171081540211,0.0388896465300099,0.014681102969913,0.0191152882615731,0.0601347018363019,0.269172495669455,0,0,0,1496.55,38.7137213
0.35771646931029,-0.0156266744648559,0.959620296955109,0.0123244673013687,-0.0254857819527388,-1.65902094310657,-0.211684368697683,-0.186021781935522,-0.0434851968793491,-0.0363175052629394,0.0943934330072807,0.0135128289258632,0.0926760211586952,1.25674414634705,0.980325043201447,-0.00630980452279399,0.0287892622788346,0.0274323821103333,-0.347881987691242,0.0250434875488509,0.0319254398346238,-0.0296240154075672,0.0448252888028448,-0.0664926193151415,0.278028884377972,0,0,0,1496.65,38.7803994
0.350660323687034,-0.0218274005293733,0.959620296955109,0.0123244673013687,-0.0254857819527388,-1.65902094310657,-0.211684368697683,-0.186021781935522,-0.0168669546155552,-0.0254222536840575,0.0660754031050965,0.0094589802481042,0.076313279569149,1.25781583786011,0.981935799121857,-0.0108142421839224,0.0274555831622432,0.0314620169037114,-0.327254831791222,0.02143383026125,0.0322151184082324,-0.0900887532226492,-0.0266735823318521,0.0805926958676363,0.285895437893645,0,0,0,1496.7,38.8471666
0.343591458843101,-0.0280178026590394,0.959620296955109,0.011931455694139,-0.0299462638795376,-1.66096286243336,-0.212065945317968,-0.185712063889983,-0.0161765106586535,-0.0142584731137729,0.0863971195147569,0.024098560114713,0.0609502494335175,1.25916576385498,0.983175098896027,-0.0126001258881125,0.0281439032586829,0.0307406565476124,-0.307260602712911,0.0269985198974855,0.024785995483421,-0.0357176740838351,0.0137664019288059,-0.014427207121993,0.292847773261043,0,0,0,1496.75,38.9138566
0.336522593999169,-0.0342082047887055,0.959620296955109,0.011931455694139,-0.0299462638795376,-1.66096286243336,-0.212065945317968,-0.185712063889983,-0.0161765106586535,-0.00998093117964103,0.0604779836603299,0.0168689920802991,0.0325547009706497,1.26237666606903,0.986031532287598,-0.00943196535944819,0.031132385483056,0.0305681946940453,-0.28395548462829,0.0321090221404591,0.0285643339156715,0.0316816052865998,0.0298848222436904,-0.00172461853566897,0.298949802232836,0,0,0,1496.85,38.9804699
0.329453729155237,-0.0403986069183716,0.959620296955109,0.011931455694139,-0.0299462638795376,-1.66096286243336,-0.212065945317968,-0.185712063889983,-0.0161765106586535,-0.00698665182574872,0.0423345885622309,0.0118082944562094,0.0207593999803066,1.26443040370941,0.986761212348938,-0.0152382124514434,0.0353951353110636,0.028452058387476,-0.235906019807076,0.0410747528076545,0.0145936012268199,-0.11612494184001,0.0852549965602295,-0.0423227261314252,0.304244061380874,0,0,0,1496.9,39.0472025
0.327910321547326,-0.0470989777318216,0.966032385826111,0.00761140789836645,-0.037654522806406,-1.6584206051244,-0.0463022282373269,-0.201011124403501,-0.073326399701109,0.0339897738839289,0.0990085423353776,-0.0146145096612931,0.00891441665589809,1.26729869842529,0.98899781703949,-0.0101905537481013,0.0309507600782696,0.0325646754293819,-0.236899666488386,0.0573658943176791,0.0447320938110758,0.100953174066934,-0.0888875046559596,0.0822523408381938,0.308710320533251,0,0,0,1496.95,39.1139358
0.326366913939415,-0.0537993485452717,0.966032385826111,0.00761140789836645,-0.037654522806406,-1.6584206051244,-0.0463022282373269,-0.201011124403501,-0.0156175998620892,0.0237928417187502,0.0693059796347643,-0.0102301567629052,-0.0105880722403526,1.27079093456268,0.990497827529907,-0.00386823771555186,0.0404584709286852,0.0248799777989012,-0.195024888962241,0.0349223613738537,0.0150001049041543,0.0632231603254083,0.0950771085040255,-0.0768469763047019,0.312309321985018,0,0,0,1497.05,39.1806652
0.324823506331504,-0.0604997193587217,0.966032385826111,0.00761140789836645,-0.037654522806406,-1.6584206051244,-0.0463022282373269,-0.201011124403501,-0.0156175998620892,0.0166549892031251,0.048514185744335,-0.00716110973403362,-0.0188364535570145,1.27319598197937,0.991289913654327,-0.00592100910597671,0.0425996176453235,0.0231985085311963,-0.164967626333387,0.048100948333784,0.0158417224884177,-0.0410554278085343,0.042822934332805,-0.0336293853541294,0.314977389705474,0,0,0,1497.1,39.2473896
0.323296954876306,-0.0672055343830742,0.971510767936707,0.0155182685703039,-0.0408701784908772,-1.6570504135503,-0.0457965436559387,-0.201174450730575,-0.0646202452021803,-0.0595032536052496,0.0629008311812747,-0.0173445009806937,-0.0263826698064804,1.27505552768707,0.99241429567337,-0.00622525366614995,0.0434936003692854,0.0219232757513479,-0.150924324989456,0.0371909141540866,0.0224876403808798,-0.00608489120347029,0.0178796544792551,-0.0255046555969915,0.316633158123815,0,0,0,1497.15,39.3140947
0.321770403421108,-0.0739113494074267,0.971510767936707,0.0155182685703039,-0.0408701784908772,-1.6570504135503,-0.0457965436559387,-0.201174450730575,-0.015314806206819,-0.0416522775236747,0.0440305818268923,-0.0121411506864856,-0.0370719619095325,1.27999484539032,0.992711007595062,-0.0109687764223246,0.0479309094683281,0.0215645168943434,-0.106892921030619,0.0493931770325156,0.00296711921692164,-0.0474352275617898,0.0443730909904677,-0.00358758857004864,0.317187123481556,0,0,0,1497.25,39.3808123
0.32024385196591,-0.0806171644317792,0.971510767936707,0.0155182685703039,-0.0408701784908772,-1.6570504135503,-0.0457965436559387,-0.201174450730575,-0.015314806206819,-0.0291565942665723,0.0308214072788246,-0.00849880548053989,-0.040579728782177,1.28451681137085,0.992813885211945,-0.0148638220666998,0.0447106990938884,0.0273005921385257,-0.0701553374526333,0.0904393196102667,0.002057552337639,-0.0779009128872196,-0.0644042074885609,0.11472150488323,0.316549376754434,0,0,0,1497.3,39.4474789
0.317913063189708,-0.0805626679201696,0.979552030563354,0.0100571094080806,-0.0478724464774132,-1.65689424938099,-0.0699236632860624,0.00163489534828898,-0.0937722904260753,0.0287408164734094,0.0845953969740015,-0.00735464136018163,-0.0424307435750961,1.28740131855011,0.99183988571167,-0.0143802961441788,0.0442765814159539,0.0298270756630204,-0.0370202958584168,0.0576901435852576,-0.0194799900055109,0.00967051845042756,-0.00868235355869786,0.0505296704899386,0.314638575782933,0,0,0,1497.35,39.5141779
0.318356650879449,-0.0792570965578017,0.979552030563354,0.0100571094080806,-0.0478724464774132,-1.65689424938099,0.0133076306922209,0.0391671408710364,-0.00158805432202254,0.0201185715313866,0.059216777881801,-0.00514824895212714,-0.0438316315412521,1.29417538642883,0.989752531051636,-0.0110207605455064,0.0449904525151656,0.0278600089367414,-0.0140088796615728,0.067740678787293,-0.0208735466003608,0.0335953559867551,0.00713871099212328,-0.0196706672628075,0.311390596526055,0,0,0,1497.45,39.580901
0.318800238569189,-0.0779515251954338,0.979552030563354,0.0100571094080806,-0.0478724464774132,-1.65689424938099,0.0133076306922209,0.0391671408710364,-0.00158805432202254,0.0140830000719706,0.0414517445172607,-0.003603774266489,-0.0431269817054272,1.29724216461182,0.98896998167038,-0.00499868858233289,0.0421399164653319,0.0294754948494668,0.0140929967165121,0.0613355636597238,-0.0156509876251363,0.120441439263579,-0.0570107209967249,0.0323097182545378,0.306771814320135,0,0,0,1497.5,39.6475978
0.319244121165543,-0.0766459820333838,0.979294419288635,0.013732211664319,-0.0478397943079472,-1.65708569950001,0.013316477890613,0.0391662948615013,0.000756781158039043,-0.0232178202557667,0.0287223516368883,-0.000799590915375307,-0.0411738269031048,1.30043947696686,0.988091588020325,-0.00390608286648664,0.0438541114130912,0.026696371012458,0.0390630960463056,0.0639462471005974,-0.0175678730010347,0.0218521143168456,0.0342838989550607,-0.0555824767399732,0.300777975896493,0,0,0,1497.55,39.714301
0.322133792306371,-0.0748216386302884,0.979294419288635,0.013732211664319,-0.0478397943079472,-1.65708569950001,0.0866901342248471,0.054730302092861,-0.00831930205560446,-0.0162524741790367,0.0201056461458218,-0.000559713640762715,-0.0334443934261799,1.30921101570129,0.986567378044128,0.00356708602536462,0.0424784757406923,0.0279641907448248,0.0772943347693193,0.0877153873444401,-0.0152420997619768,0.0747316889185806,-0.0137563567240009,0.0126781973236789,0.293442701673406,0,0,0,1497.65,39.781029
0.3250234634472,-0.072997295227193,0.979294419288635,0.013732211664319,-0.0478397943079472,-1.65708569950001,0.0866901342248471,0.054730302092861,-0.00831930205560446,-0.0113767319253257,0.0140739523020753,-0.000391799548533901,-0.0276724323630333,1.3128696680069,0.985507428646088,0.0059925317048773,0.0442085053840977,0.0279925892005044,0.115439221263037,0.0731730461121271,-0.0211989879608347,0.0485089135902978,0.0346005928681381,0.000567969113593361,0.284841401064406,0,0,0,1497.7,39.8477929
0.327913372102279,-0.0711704961740456,0.97046560049057,0.0157218500971794,-0.0440375953912735,-1.65681485599415,0.08669725965239,0.0548039715944236,0.0714187574328675,-0.0258704582434714,-0.0243680236386103,-0.00271185123670811,-0.0216413736343384,1.31639039516449,0.985044181346893,0.00633893697685779,0.0439266326944104,0.029184508930793,0.120621174574008,0.0704145431519195,-0.00926494598389515,0.00692810543961606,-0.00563745379375021,0.0238383946057939,0.27509972909592,0,0,0,1497.75,39.9145547
0.330803280757359,-0.0693436971208981,0.97046560049057,0.0157218500971794,-0.0440375953912735,-1.65681485599415,0.08669725965239,0.0548039715944236,-0.00804061174971921,-0.0181093207704299,-0.0170576165470272,-0.00189829586569567,-0.00634158402681351,1.32445180416107,0.984959185123444,0.00708158825061378,0.0416731111264836,0.0319827209844282,0.15299789607504,0.0806140899657103,-0.000849962234495911,0.00742651273754971,-0.0225352156792377,0.0279821205363138,0.264395154262147,0,0,0,1497.85,39.9812319
0.333693189412439,-0.0675168980677507,0.97046560049057,0.0157218500971794,-0.0440375953912735,-1.65681485599415,0.08669725965239,0.0548039715944236,-0.00804061174971921,-0.012676524539301,-0.011940331582919,-0.00132880710598697,0.00236241286620498,1.32823252677917,0.985231578350067,0.0104759884080117,0.0404340217587482,0.0339018832739763,0.174079937860528,0.0756144523621293,0.00544786453247566,0.0678880031480204,-0.0247817873547298,0.0383832457909968,0.252907891197681,0,0,0,1497.9,40.0479602
0.339343945855346,-0.0654883819421621,0.966854333877563,0.0147989662364125,-0.0427217073738575,-1.65863351291553,0.169522693287209,0.0608554837676574,0.0257363084202184,-0.000567612430608683,-0.0202012242647873,0.0154377473182896,0.0120253711938858,1.33217108249664,0.985499918460846,0.0120254601777697,0.0406247435512663,0.0333614759027311,0.193259166553792,0.0787711143494369,0.00536680221558105,0.0309894353951875,0.00381443585036514,-0.010808147424914,0.240884358327718,0,0,0,1497.95,40.1146597
0.344994702298253,-0.0634598658165735,0.966854333877563,0.0147989662364125,-0.0427217073738575,-1.65863351291553,0.169522693287209,0.0608554837676574,-0.00676509109684093,-0.000397328701426078,-0.0141408569853511,0.0108064231228027,0.0343424044549465,1.34001684188843,0.98702198266983,0.0104160284069603,0.0385310361353623,0.0334222709897745,0.223170332610303,0.0784575939177396,0.015220642089823,-0.0160943177080721,-0.0209370741590112,0.000607950870432781,0.228570640371969,0,0,0,1498.05,40.1813907
0.35064545874116,-0.061431349690985,0.966854333877563,0.0147989662364125,-0.0427217073738575,-1.65863351291553,0.169522693287209,0.0608554837676574,-0.00676509109684093,-0.000278130090998254,-0.00989859988974579,0.0075644961859619,0.0463553592562675,1.34364771842957,0.988537192344666,0.00993482201526211,0.0380477046557754,0.0322250772554616,0.240259096026639,0.07261753082282,0.0303041934967317,-0.00962412783397205,-0.00966662959174696,-0.0239438746862797,0.216247477526547,0,0,0,1498.1,40.2480985
0.356299923883136,-0.0594092131540743,0.949382483959198,0.0177823379635811,-0.0388414636254311,-1.66008071369068,0.169633954259287,0.0606640961073208,0.151027930913173,-0.0270450366082158,-0.04185121365866,0.0183199543064917,0.0591381452977657,1.34771049022675,0.990161299705505,0.0104631246348461,0.0389987122906388,0.0337100936958144,0.255655720830196,0.0812554359436774,0.0324821472168264,0.0105660523916892,0.0190201526972849,0.0297003288070833,0.204189701914201,0,0,0,1498.15,40.3147728
0.361954389025112,-0.0573870766171636,0.949382483959198,0.0177823379635811,-0.0388414636254311,-1.66008071369068,0.169633954259287,0.0606640961073208,-0.00621871835211667,-0.0189315256257511,-0.029295849561062,0.0128239680145442,0.0861755460500717,1.35548305511475,0.993205070495605,0.00734198064427248,0.0389829648104029,0.0364924959225257,0.270374007523306,0.0777256488800756,0.0304377079010287,-0.0312114399057645,-0.000157474802359036,0.0278240222671382,0.192646374391097,0,0,0,1498.25,40.3814934
0.367608854167088,-0.0553649400802529,0.949382483959198,0.0177823379635811,-0.0388414636254311,-1.66008071369068,0.169633954259287,0.0606640961073208,-0.00621871835211667,-0.0132520679380258,-0.0205070946927434,0.00897677761018093,0.101910561323166,1.3598005771637,0.994642794132233,0.00651617354477501,0.0343664990745576,0.0349551483666499,0.314700305460739,0.0863504409786898,0.0287544727324393,-0.0165161419898892,-0.0923293147165697,-0.0307469511174036,0.181871163077519,0,0,0,1498.3,40.4481892
0.374788487865594,-0.0507048529290552,0.96182507276535,0.0171537790447474,-0.0352285988628864,-1.66103343433277,0.215389010955181,0.13980261453593,-0.133661156249858,-0.00361941728711443,-0.0468707491478221,0.0148582301059352,0.11755209416151,1.36370575428009,0.99634051322937,0.00707161325830941,0.0312773975305852,0.0350109871099917,0.312830656767176,0.0781035423279519,0.0339543819427799,0.011108794270698,-0.0617820308795043,0.00111677486683744,0.172063657509765,0,0,0,1498.35,40.5149032
0.380667545308128,-0.046059820093175,0.96182507276535,0.0171537790447474,-0.0352285988628864,-1.66103343433277,0.176371723275994,0.139350985076406,-0.0351576667811394,-0.0025335921009801,-0.0328095244034754,0.0104007610741547,0.148582071065903,1.3723738193512,0.999856412410736,0.0117677710850395,0.0228962097708968,0.0334038889576646,0.310299769044205,0.0866806507111384,0.0351589918136916,0.0469615782673432,-0.0838118775969605,-0.0160709815232857,0.163391661952092,0,0,0,1498.45,40.5815828
0.386546602750661,-0.0414147872572948,0.96182507276535,0.0171537790447474,-0.0352285988628864,-1.66103343433277,0.176371723275994,0.139350985076406,-0.0351576667811394,-0.00177351447068607,-0.0229666670824328,0.00728053275190827,0.165004640817642,1.37644827365875,1.00097811222076,0.0192348616292781,0.0208404602199165,0.0310072920714922,0.328451395035089,0.0814890861511972,0.0224339962005819,0.149341810884908,-0.041114991019643,-0.0479319377234918,0.15595101623029,0,0,0,1498.5,40.6482919
0.392429477695636,-0.0367574293601974,0.978038132190704,0.0170830357819796,-0.025790860876441,-1.66157440608875,0.176486248349265,0.139720736912924,-0.180059859496713,-0.000604770764570123,-0.101016308835712,0.0099651187301688,0.182053491473198,1.38010668754578,1.00100266933441,0.0181811417543198,0.0227389378702661,0.0322043921992329,0.340977013109874,0.0731682777402123,0.000491142272947432,-0.0210743974990899,0.0379695530068548,0.0239420025547256,0.149783740263239,0,0,0,1498.55,40.7150236
0.399212754125495,-0.0322396727490052,0.978038132190704,0.0170830357819796,-0.025790860876441,-1.66157440608875,0.203498292895763,0.135532698335766,-0.0228976948305846,-0.000423339535199086,-0.0707114161849983,0.00697558311111816,0.217188343405724,1.38798451423645,0.998924791812897,0.00726246555403371,0.0277924252525741,0.0321355996325261,0.351348519325576,0.0787782669068099,-0.0207787752151678,-0.10918676200296,0.0505348738231251,-0.000687925667068394,0.144863610200997,0,0,0,1498.65,40.7817284
0.405996030555354,-0.027721916137813,0.978038132190704,0.0170830357819796,-0.025790860876441,-1.66157440608875,0.203498292895763,0.135532698335766,-0.0228976948305846,-0.00029633767463936,-0.0494979913294988,0.00488290817778271,0.23538963496685,1.39238464832306,0.997085750102997,0.00498209983455365,0.0280405736902231,0.0307835880998843,0.364025831222865,0.0880026817322578,-0.0367808341980315,-0.0456073143896426,0.00496296875298529,-0.0270402306528596,0.141083235261895,0,0,0,1498.7,40.8484396
0.412752734668865,-0.0231696111370867,1.00245094299316,0.0151733886450529,-0.0275464225560427,-1.65616325801746,0.202701123405352,0.136569150021787,-0.243055845973861,0.0169793878600923,-0.0188485388142341,-0.0452822969171537,0.253699839115143,1.39670360088348,0.994722366333008,0.00528990735875855,0.026591292147426,0.0316267025744227,0.366204082966184,0.0863790512085747,-0.0472676753998233,0.00615615048410365,-0.0289856308559679,0.0168622894907835,0.138259980549645,0,0,0,1498.75,40.9152859
0.419509438782377,-0.0186173061363605,1.00245094299316,0.0151733886450529,-0.0275464225560427,-1.65616325801746,0.202701123405352,0.136569150021787,-0.0233405487517235,0.0118855715020646,-0.0131939771699639,-0.0316976078420076,0.292218059301376,1.40562665462494,0.988576173782349,0.00434396162286203,0.0222975118788074,0.0308836101651177,0.38518220186181,0.089230537414429,-0.0614619255065079,-0.00945945735895232,-0.0429378026861272,-0.00743092409304007,0.136156686120161,0,0,0,1498.85,40.9819533
0.426266142895889,-0.0140650011356342,1.00245094299316,0.0151733886450529,-0.0275464225560427,-1.65616325801746,0.202701123405352,0.136569150021787,-0.0233405487517235,0.00831990005144523,-0.00923578401897472,-0.0221883254894053,0.31147563457489,1.41031956672668,0.986246764659882,0.00882409232760652,0.0192081271772299,0.0321918844284155,0.385151505470626,0.0938582420349975,-0.0465881824493832,0.0896026140949712,-0.0617876940316061,0.0261654852659795,0.134450079194783,0,0,0,1498.9,41.0486523
0.434393399069865,-0.0057427047869293,1.00370419025421,0.0122908847406507,-0.0262304842472076,-1.65631441539661,0.243817685219278,0.249668890461148,-0.0103859457880191,0.031766465175632,-0.0183084935927976,-0.0141714114302302,0.332229733467102,1.41529202461243,0.982636749744415,0.0111333186900911,0.0219678722095724,0.0308426914138048,0.415081977844616,0.0994491577149342,-0.0722002983093918,0.0461845272497334,0.0551949006469,-0.0269838602922381,0.132770893019292,0,0,0,1498.95,41.1153661
0.442520655243841,0.00257959156177564,1.00370419025421,0.0122908847406507,-0.0262304842472076,-1.65631441539661,0.243817685219278,0.249668890461148,0.000893279561407193,0.0222365256229424,-0.0128159455149583,-0.00991998800116113,0.37267541885376,1.42549228668213,0.97752982378006,0.0140865515878031,0.0210033455089038,0.0304635846071172,0.404456853866025,0.102002620696882,-0.051069259643485,0.0295323289770798,-0.00964526700667326,-0.0037910680668711,0.130706581277876,0,0,0,1499.05,41.1820445
0.450647911417817,0.0109018879104806,1.00370419025421,0.0122908847406507,-0.0262304842472076,-1.65631441539661,0.243817685219278,0.249668890461148,0.000893279561407193,0.0155655679360597,-0.00897116186047081,-0.00694399160081279,0.393600195646286,1.43001592159271,0.974952042102814,0.0118872280084895,0.0208078261154539,0.0281286875314184,0.418495535850906,0.0904726982117522,-0.0515556335449688,-0.0439864715863109,-0.00391038786900203,-0.0466979415140187,0.127811267189869,0,0,0,1499.1,41.2487584
0.45876594817331,0.019232383342687,0.988534867763519,0.0187304075807333,-0.0226061772555113,-1.65543107456104,0.243541102664806,0.249914862966193,0.139099630130165,-0.0470598080055021,-0.0388985762275968,-0.0128108616407106,0.41481226682663,1.43445563316345,0.971516728401184,0.00755568524916796,0.020930529314337,0.0291757654003612,0.424241423607258,0.0887942314148757,-0.0687062740326553,-0.0866308551865106,0.00245406397766547,0.0209415573788745,0.12362821219014,0,0,0,1499.15,41.3154785
0.466883984928804,0.0275628787748935,0.988534867763519,0.0187304075807333,-0.0226061772555113,-1.65543107456104,0.243541102664806,0.249914862966193,0.00257572771393596,-0.0329418656038514,-0.0272290033593178,-0.00896760314849739,0.457191169261932,1.44446730613708,0.966091275215149,0.00185630092727849,0.0161394231094409,0.0332141534962997,0.423789024353413,0.100116729736419,-0.0542545318604009,-0.0569938432189465,-0.047911062049005,0.0403838809594224,0.117705747564617,0,0,0,1499.25,41.3821876
0.475002021684297,0.0358933742070999,0.988534867763519,0.0187304075807333,-0.0226061772555113,-1.65543107456104,0.243541102664806,0.249914862966193,0.00257572771393596,-0.023059305922696,-0.0190603023515224,-0.00627732220394817,0.479245960712433,1.44948363304138,0.96303802728653,-0.00207060734624401,0.0139272815493071,0.031624121941017,0.441095829008405,0.100326538085573,-0.0610649585721655,-0.0785381654701643,-0.0442428312025159,-0.031800631105538,0.109619799795263,0,0,0,1499.3,41.4488497
0.482626596254734,0.0473161427353361,0.987501978874207,0.0141866430640221,-0.0161608457565308,-1.65520123905079,0.228737237113098,0.342683055847086,0.0140535191551056,0.0247523665045139,-0.0713501951368904,-0.00646264513504888,0.500214040279388,1.45504832267761,0.960404634475708,-0.00256177044173743,0.0131579401418333,0.0349288349905947,0.419361591339493,0.111293792724711,-0.0526678562164786,-0.00982326190987746,-0.0153868281494894,0.0660942609916141,0.0989646704706546,0,0,0,1499.35,41.5155902
0.490251170825171,0.0587389112635723,0.987501978874207,0.0141866430640221,-0.0161608457565308,-1.65520123905079,0.228737237113098,0.342683055847086,0.00475751915129093,0.0173266565531597,-0.0499451365958233,-0.00452385159453421,0.543015003204346,1.4661191701889,0.955431580543518,0.00871766181057178,0.0178195058321263,0.0342437066130934,0.428009629249962,0.110708475113016,-0.0497305393219446,0.112794322523195,0.0466156569029729,-0.00685128377501903,0.0854228734822177,0,0,0,1499.45,41.5823101
0.497875745395607,0.0701616797918085,0.987501978874207,0.0141866430640221,-0.0161608457565308,-1.65520123905079,0.228737237113098,0.342683055847086,0.00475751915129093,0.0121286595872118,-0.0349615956170763,-0.00316669611617395,0.564649820327759,1.47175800800323,0.95290333032608,0.0100535227061608,0.0191661347217664,0.0332454080689801,0.432696342468655,0.112776756286724,-0.0505650043488009,0.026717217911805,0.0269325777928269,-0.0199659708822849,0.0687396758574139,0,0,0,1499.5,41.6490205
0.506353625692722,0.076506109311676,0.976687014102936,0.01543621532619,-0.0122120399028063,-1.65767626232044,0.254336408913442,0.190332885596025,0.0995848043726607,-0.0027560886484631,-0.0600123696154737,0.0200585221455581,0.585766851902008,1.47728657722473,0.95072728395462,0.0111170778961359,0.0173741259558903,0.036176580270056,0.422340631483449,0.110571384429529,-0.0435209274290409,0.0212711037994244,-0.0358401753173929,0.0586234440213042,0.0487559065408883,0,0,0,1499.55,41.7157092
0.514831505989837,0.0828505388315435,0.976687014102936,0.01543621532619,-0.0122120399028063,-1.65767626232044,0.254336408913442,0.190332885596025,0.00225012143122394,-0.00192926205392417,-0.0420086587308316,0.0140409655018907,0.628512322902679,1.48922824859619,0.946968495845795,0.00300034665916923,0.0151369081746403,0.0317500631053047,0.427454710007103,0.119416713714708,-0.037587881088291,-0.0811673123697406,-0.0223721778125202,-0.0442651716475529,0.0254083946667585,0,0,0,1499.65,41.7823855
0.523309386286951,0.089194968351411,0.976687014102936,0.01543621532619,-0.0122120399028063,-1.65767626232044,0.254336408913442,0.190332885596025,0.00225012143122394,-0.00135048343774692,-0.0294060611115821,0.00982867585132348,0.649643778800964,1.49523866176605,0.944941163063049,0.0029045450706196,0.0104081245214722,0.0317004076099043,0.422629117966083,0.120208263397326,-0.0405466556549441,-0.00191603177099431,-0.0945756730634482,-0.00099310990801023,-0.00127745596772207,0,0,0,1499.7,41.8491045
0.535010564858878,0.0911822618081329,0.967025876045227,0.0118673723191023,-0.0116778099909425,-1.6560726589574,0.351035357157794,0.0596188037016558,0.0866807137059646,0.0311742486573665,-0.0253923119848817,-0.00755235717140755,0.670840561389923,1.50095474720001,0.943316221237183,0.00632162097219904,0.0105224737838728,0.0306457636350162,0.42393565177956,0.114321708679303,-0.0324988365173635,0.068341518031651,0.00228698524801358,-0.0210928794977811,-0.0311283584701013,0,0,0,1499.75,41.9158288
0.546711743430804,0.0931695552648548,0.967025876045227,0.0118673723191023,-0.0116778099909425,-1.6560726589574,0.351035357157794,0.0596188037016558,-0.000269528813414103,0.0218219740601566,-0.0177746183894172,-0.00528665001998529,0.713296294212341,1.51277351379395,0.939454734325409,0.020550624050833,0.00541591809030595,0.0295679510720976,0.424557328223603,0.11818766593917,-0.0386148691176841,0.142290030786145,-0.0510655569355985,-0.0107781256291708,-0.0638627687718701,0,0,0,1499.85,41.9825497
0.558412922002731,0.0951568487215766,0.967025876045227,0.0118673723191023,-0.0116778099909425,-1.6560726589574,0.351035357157794,0.0596188037016558,-0.000269528813414103,0.0152753818421096,-0.012442232872592,-0.0037006550139897,0.733690023422241,1.51881539821625,0.937870800495148,0.0187819686727301,0.00390953190799734,0.0288765309052994,0.407874584198369,0.120837688446155,-0.0316786766052534,-0.0353731075620887,-0.0301277236461996,-0.0138284033359777,-0.0990974397924697,0,0,0,1499.9,42.0492812
0.568973915381994,0.100369763069356,0.960460364818573,0.0254369396716356,-0.00321728177368641,-1.65421108669178,0.316829801377889,0.156387430433377,0.0620737682439915,-0.111433338883323,-0.0848543169661191,-0.0193446089004178,0.754651129245758,1.52497267723083,0.936900794506073,0.0152314112959173,-0.00360173371595702,0.0279809952586301,0.419222116470718,0.12314558029186,-0.0194001197815118,-0.0710111475363205,-0.150225312479224,-0.0179107129334024,-0.136299530367184,0,0,0,1499.95,42.115957
0.579534908761257,0.105582677417135,0.960460364818573,0.0254369396716356,-0.00321728177368641,-1.65421108669178,0.316829801377889,0.156387430433377,0.00298416720410503,-0.0780033372183263,-0.0593980218762833,-0.0135412262302925,0.794940412044525,1.53600859642029,0.934341549873352,0.00990220107561289,-0.0108960619115348,0.0270118624761446,0.402892827987121,0.110359191894381,-0.0255924463271746,-0.0532921022029719,-0.0729432819556781,-0.00969132782484141,-0.174929457667055,0,0,0,1500.05,42.1826683
0.59009590214052,0.110795591764914,0.960460364818573,0.0254369396716356,-0.00321728177368641,-1.65421108669178,0.316829801377889,0.156387430433377,0.00298416720410503,-0.0546023360528284,-0.0415786153133983,-0.00947885836120472,0.815048515796661,1.54164946079254,0.93340402841568,0.0134273165892299,-0.0152216531650715,0.0228425172260793,0.40216207504309,0.112817287445171,-0.0187504291534594,0.0705023102724049,-0.0865118250708132,-0.0833869050013818,-0.214284149496622,0,0,0,1500.1,42.2493547
0.600640672096612,0.116041507682764,0.952436506748199,0.0166064370423555,0.00980128534138203,-1.65093497699634,0.316343098682787,0.157377477535487,0.074988251835482,0.0412528884265409,-0.146272134754995,-0.0361201881117544,0.833627998828888,1.54736173152924,0.932836294174194,0.0161271312242551,-0.016547527580133,0.0221955454018908,0.371589660644869,0.114245414733991,-0.0113546848297222,0.0539962927005518,-0.0265174883012535,-0.0129394364837809,-0.253648615902345,0,0,0,1500.15,42.3160414
0.611185442052705,0.121287423600613,0.952436506748199,0.0166064370423555,0.00980128534138203,-1.65093497699634,0.316343098682787,0.157377477535487,0.00277352920212019,0.0288770218985786,-0.102390494328496,-0.0252841316782281,0.869208335876465,1.55808162689209,0.933042168617249,0.00922625096280177,-0.0229396078942673,0.022646028883298,0.355803370476093,0.107198953628638,0.00205874443054386,-0.0690088026145956,-0.063920803141401,0.00450483481407551,-0.292242368979673,0,0,0,1500.25,42.3827096
0.621730212008798,0.126533339518463,0.952436506748199,0.0166064370423555,0.00980128534138203,-1.65093497699634,0.316343098682787,0.157377477535487,0.00277352920212019,0.020213915329005,-0.0716733460299474,-0.0176988921747597,0.885699093341827,1.56313729286194,0.93418949842453,0.00720542060823698,-0.027164390363175,0.0220107408105845,0.329815149306051,0.101113319396605,0.0229465961455464,-0.0404166070911489,-0.0844956493778468,-0.0127057614542229,-0.329309024997914,0,0,0,1500.3,42.449414
0.628731736869005,0.13322257048624,0.938851296901703,0.0226664543151855,0.0230604689568281,-1.64491919940845,0.210045745806207,0.200676929033301,0.114061911338729,-0.0403904147251666,-0.169503994759978,-0.0665312228133474,0.902952253818512,1.56791269779205,0.934795916080475,0.00805811653546721,-0.0331018653476143,0.0187859838659177,0.345063209534005,0.0955080986023818,0.0121283531189075,0.0170539185446203,-0.118749499688895,-0.0644951388933946,-0.364031581069018,0,0,0,1500.35,42.516091
0.635733261729212,0.139911801454016,0.938851296901703,0.0226664543151855,0.0230604689568281,-1.64491919940845,0.210045745806207,0.200676929033301,-0.00820497727973994,-0.0282732903076166,-0.118652796331985,-0.0465718559693432,0.932673037052155,1.57747840881348,0.935582160949707,0.00591710946996647,-0.0376980223613569,0.0192174477285337,0.297207832336696,0.0956571102143204,0.00786244869232893,-0.0214100706550269,-0.0459615701374675,0.00431463862616385,-0.395685124609754,0,0,0,1500.45,42.582791
0.642734786589419,0.146601032421793,0.938851296901703,0.0226664543151855,0.0230604689568281,-1.64491919940845,0.210045745806207,0.200676929033301,-0.00820497727973994,-0.0197913032153316,-0.0830569574323892,-0.0326002991785402,0.946394801139832,1.58204805850983,0.935108602046967,0.00268614642039487,-0.0389348601091832,0.0190090835518897,0.27443528175379,0.0913929939270851,-0.00947117805481818,-0.0646192609914908,-0.0247367549565492,-0.00416728353288498,-0.42354846885282,0,0,0,1500.5,42.6494617
0.647348638533701,0.149080236553874,0.951369524002075,0.0158732775598764,0.0386414565145969,-1.6418395466222,0.138415558328454,0.0743761239624174,-0.142392472759276,0.0472846785470498,-0.198368758222592,-0.0505370845012721,0.959039688110352,1.58677852153778,0.934588611125946,0.000286647162775078,-0.0416470040011254,0.0186671636226972,0.25289773940948,0.0946092605587378,-0.0103998184203723,-0.0479899851522213,-0.0542428778386457,-0.00683839858382527,-0.447031169201164,0,0,0,1500.55,42.7161795
0.651962490477982,0.151559440685954,0.951369524002075,0.0158732775598764,0.0386414565145969,-1.6418395466222,0.138415558328454,0.0743761239624174,-0.0297284288559251,0.0330992749829349,-0.138858130755814,-0.0353759591508905,0.979918956756592,1.59612727165222,0.933537900447845,-0.00325254059385565,-0.047905515373763,0.0173854344555372,0.208792686462592,0.0934875011444942,-0.0105071067810154,-0.0353918775663395,-0.062585113726433,-0.0128172916716107,-0.46559024435851,0,0,0,1500.65,42.7829067
0.656576342422264,0.154038644818035,0.951369524002075,0.0158732775598764,0.0386414565145969,-1.6418395466222,0.138415558328454,0.0743761239624174,-0.0297284288559251,0.0231694924880544,-0.09720069152907,-0.0247631714056233,0.988177716732025,1.60044467449188,0.932333707809448,-0.00182394646021987,-0.0507763875281709,0.0177971851840818,0.165175199508817,0.0863480567932914,-0.0240838527679662,0.0285718826727417,-0.0574174430882092,0.00823501457089898,-0.478811022153195,0,0,0,1500.7,42.8496241
0.660158290166155,0.155021169482737,0.949220299720764,0.0127949230372906,0.0566549822688103,-1.64045719570057,0.107458432316719,0.0294757399410728,0.00481737626411888,0.0439238354449109,-0.230162215858269,-0.0297753782786141,0.99575662612915,1.60522556304932,0.930795192718506,-0.000733583845341229,-0.0526018701957726,0.01578464256296,0.151578187942643,0.0956177711487686,-0.0307703018188756,0.0218072522975926,-0.0365096533520672,-0.0402508524224738,-0.486401362116556,0,0,0,1500.75,42.9161332
0.663740237910045,0.15600369414744,0.949220299720764,0.0127949230372906,0.0566549822688103,-1.64045719570057,0.107458432316719,0.0294757399410728,-0.0145256422676804,0.0307466848114376,-0.161113551100788,-0.0208427647950298,1.00592732429504,1.61517226696014,0.929076254367828,-0.000988320209314536,-0.0575097985122768,0.0134017276800848,0.101706981658797,0.0994670391081407,-0.0171893835067515,-0.00254736363972959,-0.0490792831649759,-0.0238291488287186,-0.488265140209958,0,0,0,1500.85,42.9830045
0.667322185653936,0.156986218812142,0.949220299720764,0.0127949230372906,0.0566549822688103,-1.64045719570057,0.107458432316719,0.0294757399410728,-0.0145256422676804,0.0215226793680063,-0.112779485770552,-0.0145899353565209,1.00909090042114,1.6194052696228,0.927554190158844,0.000401911948090345,-0.0567493547580186,0.0164920640784484,0.0632715225220302,0.0846600532532508,-0.0304412841797152,0.0278046431481229,0.0152088750851786,0.0618067279673276,-0.484362571886296,0,0,0,1500.9,43.0497366
0.668654262952455,0.156947345239399,0.942520916461945,0.0127949230372906,0.0566549822688103,-1.64045719570057,0.0399623189555652,-0.0011662071822898,0.0434605230004748,0.0150658755576044,-0.0789456400393862,-0.0102129547495646,1.01080822944641,1.62467849254608,0.927105724811554,0.00295069834566193,-0.0589867746595583,0.018734080173865,0.0343465805054023,0.105464458465672,-0.00896930694580894,0.0509757279514782,-0.044748398030834,0.044840321908372,-0.474849510273655,0,0,0,1500.95,43.1164846
0.669988644972508,0.156913957717128,0.942520916461945,0.0153344823047519,0.0605471022427082,-1.63841871684925,0.0400314606016058,-0.00100162566812573,-0.0167584533481272,-0.0123099205168286,-0.0902910277926518,-0.0254953779865605,1.00880324840546,1.63350415229797,0.925857424736023,0.000812419274556003,-0.0608139462446684,0.019942372800042,-0.0200498104095185,0.0882565975188005,-0.012483000755293,-0.0213827907110301,-0.0182717158510768,0.0120829262617536,-0.46001995721285,0,0,0,1501.05,43.1832225
0.671323026992562,0.156880570194857,0.942520916461945,0.0153344823047519,0.0605471022427082,-1.63841871684925,0.0400314606016058,-0.00100162566812573,-0.0167584533481272,-0.00861694436178002,-0.0632037194548562,-0.0178467645905923,1.00542604923248,1.63783740997314,0.92616069316864,0.00336728030045701,-0.0661855402689198,0.0210394231955556,-0.0675439834595341,0.0866651535034968,0.00606536865234927,0.0510972205180666,-0.107431880485125,0.0219410079102931,-0.440309375587547,0,0,0,1501.1,43.2499247
0.672660137969277,0.156840439085919,0.939943492412567,0.0187200419604778,0.0670090392231941,-1.64694575733082,0.040113329301441,-0.00120393326816306,0.00654112496698744,-0.0365018979547796,-0.102400036442773,0.0642506291206918,0.999522745609283,1.64235901832581,0.92639023065567,0.00193409818203803,-0.0641709901586945,0.0208540022353349,-0.118066072464097,0.0904321670533049,0.00459074974060476,-0.0286636423684057,0.0402910022045427,-0.00370841920441724,-0.416249922398054,0,0,0,1501.15,43.3166424
0.673997248945991,0.15680030797698,0.939943492412567,0.0187200419604778,0.0670090392231941,-1.64694575733082,0.040113329301441,-0.00120393326816306,-0.0166556914774095,-0.0255513285683457,-0.0716800255099408,0.0449754403844843,0.984609127044678,1.65075671672821,0.924696147441864,0.00195039056471634,-0.0582211557863052,0.0223754294525082,-0.149136185646193,0.0839769840241242,-0.0169408321380769,0.000162923826783296,0.0594983437239471,0.0152142721717466,-0.388510861237137,0,0,0,1501.25,43.3833236
0.675334359922706,0.156760176868041,0.939943492412567,0.0187200419604778,0.0670090392231941,-1.64694575733082,0.040113329301441,-0.00120393326816306,-0.0166556914774095,-0.017885929997842,-0.0501760178569586,0.031482808269139,0.974885702133179,1.65475904941559,0.92389053106308,0.00457020142033327,-0.0570207201765172,0.0247833839670205,-0.194468498229273,0.0800466537472674,-0.016112327575625,0.0523962171121479,0.0240087121956721,0.0481590902900702,-0.357816231633398,0,0,0,1501.3,43.449996
0.67277051059958,0.151546765540675,0.941775679588318,0.0164082981646061,0.0642636865377426,-1.65005974239246,-0.0769154796937759,-0.156402339820971,-0.0493804471396065,0.00828554316435621,-0.0104150383308074,0.0500638313432069,0.963462889194489,1.65911900997162,0.923420608043671,0.00422671276695931,-0.0555245259032976,0.0253364962123799,-0.228456258774011,0.0871992111206848,-0.00939846038819214,-0.00686977306748535,0.0299238854644202,0.0110622449071981,-0.324934085831012,0,0,0,1501.35,43.5167099
0.670206661276455,0.14633335421331,0.941775679588318,0.0164082981646061,0.0642636865377426,-1.65005974239246,-0.0769154796937759,-0.156402339820971,-0.0328907625578499,0.00579988021504934,-0.0072905268315652,0.0350446819402448,0.936304807662964,1.66767930984497,0.921790897846222,0.00408349151810733,-0.0586282367120214,0.0287319298216347,-0.271580815315494,0.0856029987335984,-0.0162971019745021,-0.00143221248852112,-0.0310371080872664,0.0339543360925792,-0.290689446968523,0,0,0,1501.45,43.5834688
0.667642811953329,0.141119942885944,0.941775679588318,0.0164082981646061,0.0642636865377426,-1.65005974239246,-0.0769154796937759,-0.156402339820971,-0.0328907625578499,0.00405991615053454,-0.00510336878209564,0.0245312773581714,0.921370923519135,1.67195451259613,0.920788526535034,0.00364334584925246,-0.0544182749807448,0.0298001744808783,-0.298677682876859,0.0855040550232711,-0.0200474262237731,-0.00880291337710539,0.0841992346256093,0.0213648931848916,-0.255961040238417,0,0,0,1501.5,43.6501986
0.662382535766131,0.135657036619923,0.934240221977234,0.0175318196415901,0.0631051957607269,-1.65252141422169,-0.15780828561594,-0.163887187980635,0.0485339011210881,-0.00726975198748204,0.00685405884567423,0.0393269406137327,0.904301822185516,1.67601537704468,0.920221865177155,0.00411830468485319,-0.0490752737671845,0.0281746690918212,-0.341382026671121,0.0812172889706518,-0.0113332271575515,0.00949917671198005,0.106860024270816,-0.032510107781025,-0.221570371978908,0,0,0,1501.55,43.7169064
0.657122259578933,0.130194130353902,0.934240221977234,0.0175318196415901,0.0631051957607269,-1.65252141422169,-0.15780828561594,-0.163887187980635,-0.0192852173786678,-0.00508882639123743,0.00479784119197196,0.0275288584296129,0.867145836353302,1.68472921848297,0.919833719730377,0.00302284391071525,-0.042063430459825,0.0272234518257018,-0.371559858322482,0.0871384143830138,-0.00388145446777697,-0.0109546077413894,0.0701184330736589,-0.00951217266120204,-0.188303341185983,0,0,0,1501.65,43.7835843
0.651861983391735,0.12473122408788,0.934240221977234,0.0175318196415901,0.0631051957607269,-1.65252141422169,-0.15780828561594,-0.163887187980635,-0.0192852173786678,-0.0035621784738662,0.00335848883438037,0.019270200900729,0.847647726535797,1.68950831890106,0.919641256332397,0.00573959502991921,-0.0375484102149315,0.027748385787741,-0.389962196350452,0.0955820083619033,-0.00384926795959823,0.0543350223841286,0.0903004048979532,0.0104986792407931,-0.156764510297393,0,0,0,1501.7,43.8504741
0.645950971843042,0.117116401455076,0.918841123580933,0.0107893273234367,0.0471293516457081,-1.6549113220586,-0.177330346460781,-0.228444678984123,0.122202267888771,0.0581889059316741,0.146133539219236,0.0349983111627369,0.82773894071579,1.6940575838089,0.919603765010834,0.0085734235163084,-0.0350042186736984,0.0282657115596538,-0.398175716400509,0.090985298156821,-0.000749826431275096,0.0566765697278353,0.0508838308247072,0.0103465154382651,-0.1277628360911,0,0,0,1501.75,43.9172052
0.640039960294349,0.109501578822272,0.918841123580933,0.0107893273234367,0.0471293516457081,-1.6549113220586,-0.177330346460781,-0.228444678984123,-0.0163896176779407,0.0407322341521719,0.102293477453465,0.0244988178139158,0.784385859966278,1.70230793952942,0.923253297805786,0.0155615003089653,-0.0348235875224226,0.0278526655201343,-0.433530807494526,0.0825035572050876,0.0364953279494741,0.0698807679264732,0.00180631151275572,-0.00413046039518953,-0.101768039524957,0,0,0,1501.85,43.9838766
0.634128948745657,0.101886756189468,0.918841123580933,0.0107893273234367,0.0471293516457081,-1.6549113220586,-0.177330346460781,-0.228444678984123,-0.0163896176779407,0.0285125639065203,0.0716054342174256,0.0171491724697411,0.762082099914551,1.70603382587433,0.925920844078064,0.0171783819141063,-0.0329425249920058,0.0283099818847582,-0.446075201034952,0.0745177268982611,0.0533509254456052,0.03233763210285,0.0376212506083704,0.00914632729248756,-0.0791482702497446,0,0,0,1501.9,44.0505748
0.624464473365008,0.0940994496007564,0.906389236450195,0.0107893273234367,0.0471293516457081,-1.6549113220586,-0.289934261419466,-0.233619197661351,0.0810928369410066,0.0199587947345642,0.0501238039521979,0.0120044207288187,0.739080727100372,1.70927298069,0.928615748882294,0.0154513960458706,-0.0284321808322763,0.0279647892733056,-0.460027456283988,0.0647830963135355,0.0538980960846437,-0.0345397173647452,0.0902068831946723,-0.00690385222905845,-0.0601925976837659,0,0,0,1501.95,44.1172546
0.614807493634768,0.086315653537611,0.906389236450195,0.0256592072546482,0.039306003600359,-1.65604524082081,-0.289709391907204,-0.233513881894362,-0.032363138327687,-0.119857763066708,0.105496795174681,0.0186083633700364,0.69056624174118,1.71435725688934,0.936937153339386,0.00937926440352298,-0.0211850827435975,0.0242875629222607,-0.485144853591257,0.0508427619933388,0.0832140445708093,-0.0607213164233933,0.0724709808866885,-0.0367722635103987,-0.0450228231824049,0,0,0,1502.05,44.183973
0.605150513904527,0.0785318574744655,0.906389236450195,0.0256592072546482,0.039306003600359,-1.65604524082081,-0.289709391907204,-0.233513881894362,-0.032363138327687,-0.0839004341466958,0.0738477566222764,0.0130258543590255,0.666837275028229,1.71666598320007,0.940127909183502,0.0051011806792953,-0.0122400756497728,0.0252617159240277,-0.474579334259465,0.0461745262146416,0.0638151168823823,-0.0855616744846315,0.178900141876657,0.0194830600353562,-0.0336549579517887,0,0,0,1502.1,44.2506488
0.595500277986225,0.070688453131345,0.921014726161957,0.0141148306429386,0.0179940406233072,-1.65313653415577,-0.28950707754907,-0.235302130293615,-0.157973223409191,0.0451690856026993,0.243501096429059,-0.0170602619340337,0.642423868179321,1.71973693370819,0.943334519863129,0.000298527639267719,-0.0035541360312728,0.0260141065816858,-0.488268136978594,0.0614190101624094,0.0641322135925876,-0.0960530608006389,0.173718792370159,0.0150478131531756,-0.0259360893738676,0,0,0,1502.15,44.317379
0.585850042067923,0.0628450487882245,0.921014726161957,0.0141148306429386,0.0179940406233072,-1.65313653415577,-0.28950707754907,-0.235302130293615,-0.0263438160033377,0.0316183599218895,0.170450767500341,-0.0119421833538236,0.594248831272125,1.7244439125061,0.948706805706024,-0.00550409871643908,0.00992699460264542,0.0270131844773492,-0.481750369072399,0.0470697879791688,0.0537228584290039,-0.0580262635571208,0.134811306339305,0.0099907789566438,-0.0216027658525974,0,0,0,1502.25,44.3843332
0.576199806149621,0.055001644445104,0.921014726161957,0.0141148306429386,0.0179940406233072,-1.65313653415577,-0.28950707754907,-0.235302130293615,-0.0263438160033377,0.0221328519453227,0.119315537250239,-0.00835952834767653,0.57072913646698,1.72734749317169,0.951418101787567,8.28443352565706e-05,0.00737723271682136,0.0282657289330777,-0.470393896101194,0.0580716133115563,0.0542259216306621,0.111738861033507,-0.0509952377162956,0.0250508891144781,-0.0203021923667548,0,0,0,1502.3,44.4512665
0.563825565986722,0.046186465149558,0.940375566482544,0.0134452665224671,0.00221783178858459,-1.65424255794422,-0.37122720488697,-0.26445537886638,-0.221451076231568,0.0215190734459692,0.225506755587671,0.00410254425269577,0.546985447406769,1.73071312904358,0.954009294509888,0.00131134438266399,0.00471629778619721,0.029564864765285,-0.474873781204656,0.0673127174378054,0.0518238544464583,0.0245700009481707,-0.0532186986125313,0.0259827166441702,-0.0215394648024716,0,0,0,1502.35,44.5179826
0.551451325823823,0.037371285854012,0.940375566482544,0.0134452665224671,0.00221783178858459,-1.65424255794422,-0.37122720488697,-0.26445537886638,-0.0472035133462837,0.0150633514121784,0.15785472891137,0.00287178097688704,0.499954879283905,1.73653137683868,0.958281457424164,-0.00545715896189757,0.00369429532122766,0.0276465151285981,-0.470305681229065,0.0581824779511027,0.0427216291428001,-0.0676850334456771,-0.0102200246497049,-0.0191834963668865,-0.0247432021825701,0,0,0,1502.45,44.5846865
0.539077085660924,0.028556106558466,0.940375566482544,0.0134452665224671,0.00221783178858459,-1.65424255794422,-0.37122720488697,-0.26445537886638,-0.0472035133462837,0.0105443459885249,0.110498310237959,0.00201024668382093,0.476893812417984,1.73947334289551,0.960609674453735,-0.00566617871357106,0.00243174152816837,0.0272797689351513,-0.46122133731884,0.0588393211365281,0.046564340591473,-0.00418039503347356,-0.0252510758612086,-0.00733492386894235,-0.0292945403467722,0,0,0,1502.5,44.6514182
0.531353833571624,0.0220908666553099,0.946575284004211,0.00964441057294607,0.0018436909886077,-1.65561251109974,-0.231697562678991,-0.193957197094683,-0.0854502538344317,0.041588745737657,0.0807160843663631,0.0137367510783329,0.454206436872482,1.74288558959961,0.962795913219452,-0.00794738065171135,0.00416301113360493,0.027793759383716,-0.453747510908383,0.068244934081783,0.043724775314172,-0.0456240387626399,0.0346253921086052,0.0102798089712548,-0.0345318236615988,0,0,0,1502.55,44.7181207
0.523630581482324,0.0156256267521538,0.946575284004211,0.00964441057294607,0.0018436909886077,-1.65561251109974,-0.231697562678991,-0.193957197094683,-0.0296527961394244,0.0291121220163599,0.0565012590564542,0.009615725754833,0.408154010772705,1.74935555458069,0.967658042907715,-0.00652295537929926,-0.0032523620746114,0.0330733681635232,-0.460524260998191,0.0646996498108499,0.0486212968826736,0.0142442527241339,-0.0741537320822307,0.0527960877981208,-0.0397788191332186,0,0,0,1502.65,44.7847213
0.515907329393025,0.00916038684899766,0.946575284004211,0.00964441057294607,0.0018436909886077,-1.65561251109974,-0.231697562678991,-0.193957197094683,-0.0296527961394244,0.0203784854114519,0.0395508813395179,0.0067310080283831,0.386352807283401,1.75263631343842,0.969121694564819,-0.0130223165331772,-0.002758321860025,0.0325888128647287,-0.436024069786468,0.0656151771546007,0.0292730331421165,-0.129987223077676,0.00988080429173701,-0.00969110597590035,-0.0443993208194912,0,0,0,1502.7,44.8515259
0.505215184069366,0.00354421640973776,0.955870568752289,0.0172472465783358,0.00363804074004292,-1.66008786624805,-0.320764359709759,-0.168485113177797,-0.109338812700124,-0.0541605842604909,0.0115364691747456,0.044989901954707,0.364001005887985,1.75599503517151,0.9709113240242,-0.0192107142458459,-0.00613527032350037,0.0334978813112861,-0.447036027908732,0.0671744346619263,0.0357925891876546,-0.123767954253487,-0.0675389692695689,0.0181813689311661,-0.0477439107088563,0,0,0,1502.75,44.9182076
0.494523038745707,-0.00207195402952213,0.955870568752289,0.0172472465783358,0.00363804074004292,-1.66008786624805,-0.320764359709759,-0.168485113177797,-0.025681249967427,-0.0379124089823436,0.00807552842232189,0.0314929313682949,0.319193482398987,1.76372134685516,0.974620819091797,-0.0146381367969957,-0.00891261499474441,0.0332263546927426,-0.448075234889373,0.0772631168364424,0.0370949506759138,0.0457257744884393,-0.0277734467124026,-0.00271526618543194,-0.0492520882756745,0,0,0,1502.85,44.9849075
