time,x,y,z,yaw,linx,liny,linz,yaw_rate,xd,yd,zd,yawd,vxd,vyd,vzd,wyawd,cmd_linx,cmd_liny,cmd_linz,cmd_angz
1777336352.898782,1.278903,-0.674876,2.134686,-2.434537,0.103630,0.002550,0.012073,-0.171296,1.267415,-0.677885,2.135588,-2.462172,-0.080017,-0.064630,0.012075,-0.281173,0.035727,-0.043649,0.014288,-0.143730
1777336352.932125,1.277201,-0.676591,2.134942,-2.444105,0.102620,0.002739,0.011926,-0.186317,1.264695,-0.680039,2.135995,-2.471745,-0.080446,-0.063713,0.012038,-0.287186,0.033101,-0.045779,0.014258,-0.141727
1777336352.965429,1.277201,-0.676591,2.134942,-2.444105,0.102620,0.002739,0.011926,-0.186317,1.262025,-0.682112,2.136391,-2.481152,-0.080863,-0.062815,0.012001,-0.282206,0.033040,-0.046834,0.014311,-0.144567
1777336352.998815,1.272962,-0.680648,2.135829,-2.454349,0.103324,0.003080,0.012293,-0.189248,1.259331,-0.684165,2.136788,-2.490655,-0.081281,-0.061911,0.011965,-0.285103,0.031331,-0.048594,0.014256,-0.146453
1777336353.032129,1.271245,-0.682272,2.136197,-2.463568,0.102250,0.003217,0.012273,-0.201177,1.256605,-0.686200,2.137186,-2.500277,-0.081702,-0.060998,0.011928,-0.288650,0.030483,-0.049995,0.014208,-0.148285
1777336353.065417,1.266221,-0.686805,2.136520,-2.482588,0.102187,0.003504,0.011697,-0.211730,1.253873,-0.688198,2.137582,-2.509923,-0.082120,-0.060085,0.011892,-0.289389,0.027636,-0.052238,0.014176,-0.145744
1777336353.098788,1.262204,-0.690294,2.137185,-2.492214,0.104865,0.003724,0.012115,-0.226647,1.251124,-0.690170,2.137977,-2.519640,-0.082537,-0.059168,0.011855,-0.291513,0.024010,-0.054758,0.014088,-0.143677
1777336353.132100,1.260030,-0.692160,2.137526,-2.502106,0.104830,0.003848,0.012131,-0.242111,1.248357,-0.692112,2.138371,-2.529421,-0.082955,-0.058247,0.011819,-0.293429,0.021259,-0.056869,0.014014,-0.141981
1777336353.165411,1.255534,-0.695839,2.138429,-2.512340,0.106798,0.004019,0.012678,-0.245981,1.245569,-0.694029,2.138765,-2.539281,-0.083372,-0.057321,0.011782,-0.295778,0.017455,-0.059352,0.013838,-0.140475
1777336353.198787,1.253265,-0.697676,2.138871,-2.521851,0.106058,0.004103,0.012706,-0.251365,1.242779,-0.695907,2.139156,-2.549150,-0.083787,-0.056397,0.011745,-0.296073,0.014544,-0.061419,0.013660,-0.139514
1777336353.232126,1.249209,-0.700791,2.139103,-2.531266,0.107843,0.004187,0.012475,-0.256091,1.239978,-0.697752,2.139545,-2.559057,-0.084200,-0.055471,0.011708,-0.297209,0.011065,-0.063635,0.013523,-0.139000
1777336353.265472,1.246859,-0.702574,2.139872,-2.540611,0.106923,0.004220,0.012884,-0.258594,1.237148,-0.699577,2.139936,-2.569070,-0.084615,-0.054537,0.011671,-0.300392,0.008417,-0.065459,0.013315,-0.138942
1777336353.298759,1.242898,-0.705409,2.140255,-2.549683,0.108623,0.004214,0.012857,-0.263055,1.234319,-0.701360,2.140323,-2.579073,-0.085027,-0.053606,0.011634,-0.300088,0.005354,-0.067350,0.013119,-0.139506
1777336353.332112,1.240566,-0.707058,2.140469,-2.558856,0.107759,0.004200,0.012592,-0.265535,1.231471,-0.703116,2.140709,-2.589140,-0.085438,-0.052671,0.011598,-0.302024,0.003127,-0.068849,0.012969,-0.140434
1777336353.365425,1.236540,-0.709729,2.141173,-2.567902,0.109383,0.004097,0.012962,-0.269053,1.228612,-0.704839,2.141094,-2.599243,-0.085848,-0.051735,0.011561,-0.303072,0.000468,-0.070396,0.012762,-0.141823
1777336353.398781,1.233847,-0.711503,2.141610,-2.577298,0.107960,0.004019,0.012845,-0.266028,1.225738,-0.706531,2.141478,-2.609392,-0.086257,-0.050795,0.011524,-0.304479,-0.001609,-0.071658,0.012555,-0.143424
1777336353.432125,1.229529,-0.714139,2.141810,-2.586473,0.108951,0.003802,0.012472,-0.264227,1.222849,-0.708193,2.141861,-2.619583,-0.086666,-0.049853,0.011487,-0.305746,-0.004220,-0.072976,0.012398,-0.145328
1777336353.465411,1.227289,-0.715476,2.142508,-2.595745,0.107357,0.003662,0.012755,-0.263984,1.219942,-0.709826,2.142244,-2.629833,-0.087074,-0.048907,0.011450,-0.307477,-0.005874,-0.073869,0.012184,-0.147453
1777336353.498755,1.223114,-0.717798,2.142863,-2.605204,0.108247,0.003346,0.012601,-0.264286,1.217031,-0.711422,2.142623,-2.640082,-0.087480,-0.047962,0.011413,-0.307469,-0.007917,-0.074741,0.011989,-0.149712
1777336353.532084,1.221020,-0.718928,2.143023,-2.614708,0.106894,0.003167,0.012279,-0.267885,1.214102,-0.712988,2.143002,-2.650381,-0.087886,-0.047014,0.011376,-0.308975,-0.008950,-0.075179,0.011850,-0.152003
1777336353.565445,1.216968,-0.720971,2.143664,-2.624512,0.107959,0.002766,0.012545,-0.271730,1.211142,-0.714533,2.143382,-2.660775,-0.088293,-0.046058,0.011338,-0.311828,-0.010304,-0.075553,0.011665,-0.154251
1777336353.598799,1.214635,-0.722126,2.144013,-2.634570,0.106608,0.002537,0.012423,-0.274417,1.208193,-0.716033,2.143758,-2.671115,-0.088696,-0.045108,0.011301,-0.310213,-0.010858,-0.075586,0.011498,-0.156430
1777336353.632119,1.210304,-0.724106,2.144201,-2.644859,0.107385,0.002035,0.012057,-0.275310,1.205205,-0.717513,2.144136,-2.681573,-0.089101,-0.044147,0.011264,-0.313724,-0.011897,-0.075582,0.011378,-0.158275
1777336353.665469,1.207991,-0.725127,2.144837,-2.655245,0.105700,0.001761,0.012273,-0.276797,1.202237,-0.718946,2.144508,-2.691940,-0.089500,-0.043195,0.011227,-0.311011,-0.012128,-0.075248,0.011213,-0.160005
1777336353.698787,1.203656,-0.726892,2.145173,-2.665887,0.106174,0.001175,0.012067,-0.277014,1.199241,-0.720353,2.144881,-2.702382,-0.089901,-0.042237,0.011190,-0.313271,-0.012813,-0.074841,0.011064,-0.161282
1777336353.732118,1.203656,-0.726892,2.145173,-2.665887,0.106174,0.001175,0.012067,-0.277014,1.196242,-0.721724,2.145252,-2.712811,-0.090299,-0.041280,0.011152,-0.312865,-0.011463,-0.073905,0.011000,-0.167130
1777336353.765462,1.201014,-0.727876,2.145342,-2.676661,0.104388,0.000777,0.011653,-0.276743,1.193195,-0.723078,2.145625,-2.723380,-0.090701,-0.040310,0.011115,-0.317059,-0.009853,-0.072794,0.010981,-0.171899
1777336353.798800,1.197173,-0.729269,2.145918,-2.687381,0.104700,0.000207,0.011825,-0.280248,1.190186,-0.724378,2.145991,-2.733791,-0.091095,-0.039355,0.011078,-0.312339,-0.008660,-0.071658,0.010920,-0.175976
1777336353.832121,1.195016,-0.730015,2.146224,-2.698477,0.102839,-0.000094,0.011647,-0.283421,1.187131,-0.725660,2.146360,-2.744333,-0.091493,-0.038387,0.011040,-0.316252,-0.006925,-0.070340,0.010874,-0.178940
1777336353.865438,1.190722,-0.731391,2.146386,-2.710142,0.103059,-0.000772,0.011241,-0.284795,1.184064,-0.726909,2.146727,-2.754880,-0.091889,-0.037419,0.011003,-0.316405,-0.005827,-0.069005,0.010872,-0.181036
1777336353.898772,1.188981,-0.731865,2.146898,-2.721620,0.101724,-0.001077,0.011466,-0.298504,1.180980,-0.728127,2.147093,-2.765457,-0.092285,-0.036447,0.010965,-0.317316,-0.003911,-0.067425,0.010839,-0.182370
1777336353.932204,1.184996,-0.732988,2.147195,-2.734000,0.102573,-0.001745,0.011361,-0.308648,1.177906,-0.729304,2.147456,-2.775959,-0.092676,-0.035481,0.010928,-0.315071,-0.002470,-0.065795,0.010821,-0.182700
1777336353.965449,1.182557,-0.733656,2.147367,-2.746657,0.101102,-0.002080,0.011047,-0.313825,1.174771,-0.730466,2.147822,-2.786633,-0.093073,-0.034498,0.010890,-0.320208,-0.000657,-0.064051,0.010841,-0.181933
1777336353.998794,1.177083,-0.735098,2.148097,-2.771599,0.100230,-0.002848,0.011068,-0.324345,1.171672,-0.731577,2.148182,-2.797146,-0.093463,-0.033530,0.010853,-0.315391,-0.000009,-0.062370,0.010784,-0.175047
1777336354.032095,1.177083,-0.735098,2.148097,-2.771599,0.100230,-0.002848,0.011068,-0.324345,1.168558,-0.732658,2.148541,-2.807669,-0.093851,-0.032559,0.010816,-0.315686,0.002340,-0.060478,0.010803,-0.173857
1777336354.065437,1.172279,-0.736042,2.148360,-2.784586,0.101033,-0.003736,0.010825,-0.325663,1.165406,-0.733714,2.148902,-2.818273,-0.094242,-0.031578,0.010778,-0.318128,0.003804,-0.058457,0.010838,-0.171805
1777336354.098804,1.169860,-0.736552,2.148932,-2.796838,0.099851,-0.004044,0.011060,-0.330679,1.162226,-0.734742,2.149263,-2.828927,-0.094634,-0.030592,0.010740,-0.319608,0.005659,-0.056365,0.010825,-0.169475
1777336354.132133,1.165668,-0.737370,2.149231,-2.808836,0.100785,-0.004693,0.010964,-0.335195,1.159095,-0.735718,2.149615,-2.839370,-0.095017,-0.029624,0.010703,-0.313291,0.006996,-0.054243,0.010824,-0.167029
1777336354.165427,1.163310,-0.737801,2.149386,-2.820709,0.099560,-0.004969,0.010687,-0.338364,1.155899,-0.736677,2.149973,-2.849978,-0.095405,-0.028638,0.010665,-0.318262,0.008741,-0.052068,0.010861,-0.164213
1777336354.198757,1.157614,-0.738853,2.150125,-2.843605,0.098775,-0.005624,0.010736,-0.342150,1.152715,-0.737597,2.150326,-2.860497,-0.095789,-0.027658,0.010627,-0.315575,0.009280,-0.049947,0.010815,-0.156567
1777336354.232107,1.153002,-0.739510,2.150327,-2.854801,0.100263,-0.006337,0.010548,-0.344008,1.149515,-0.738484,2.150678,-2.871013,-0.096173,-0.026677,0.010590,-0.315458,0.009332,-0.047717,0.010801,-0.149868
1777336354.265439,1.150434,-0.739865,2.150941,-2.865739,0.099237,-0.006596,0.010845,-0.343001,1.146278,-0.739346,2.151032,-2.881594,-0.096558,-0.025686,0.010552,-0.317426,0.009923,-0.045429,0.010731,-0.144191
1777336354.298789,1.146136,-0.740455,2.151254,-2.875992,0.100349,-0.007134,0.010787,-0.341384,1.143064,-0.740165,2.151381,-2.892044,-0.096938,-0.024706,0.010514,-0.313508,0.010168,-0.043125,0.010672,-0.139797
1777336354.332108,1.143670,-0.740773,2.151424,-2.885714,0.099197,-0.007320,0.010527,-0.336812,1.139821,-0.740955,2.151730,-2.902527,-0.097319,-0.023719,0.010476,-0.314495,0.010952,-0.040824,0.010652,-0.136492
1777336354.365465,1.139362,-0.741312,2.152003,-2.894858,0.100151,-0.007789,0.010781,-0.330952,1.136540,-0.741718,2.152080,-2.913070,-0.097702,-0.022724,0.010438,-0.316286,0.011343,-0.038550,0.010582,-0.134541
1777336354.398794,1.136700,-0.741629,2.152338,-2.903751,0.098485,-0.007919,0.010636,-0.320567,1.133284,-0.742440,2.152425,-2.923470,-0.098079,-0.021739,0.010400,-0.311990,0.012179,-0.036325,0.010519,-0.133896
1777336354.432141,1.132409,-0.742111,2.152484,-2.912107,0.099120,-0.008316,0.010318,-0.311991,1.130002,-0.743131,2.152771,-2.933888,-0.098457,-0.020749,0.010362,-0.312551,0.012622,-0.034154,0.010498,-0.134328
1777336354.465483,1.132409,-0.742111,2.152484,-2.912107,0.099120,-0.008316,0.010318,-0.311991,1.126697,-0.743792,2.153116,-2.944312,-0.098835,-0.019755,0.010324,-0.312734,0.014678,-0.032098,0.010546,-0.139585
1777336354.498809,1.125241,-0.742892,2.153181,-2.928719,0.099346,-0.008855,0.010274,-0.305859,1.123409,-0.744414,2.153457,-2.954614,-0.099208,-0.018769,0.010287,-0.309041,0.014834,-0.030144,0.010518,-0.141392
1777336354.532101,1.125241,-0.742892,2.153181,-2.928719,0.099346,-0.008855,0.010274,-0.305859,1.120095,-0.745006,2.153798,-2.964927,-0.099582,-0.017778,0.010249,-0.309386,0.016623,-0.028318,0.010558,-0.147575
1777336354.565426,1.121871,-0.743189,2.153541,-2.946146,0.095124,-0.008815,0.009787,-0.300878,1.116736,-0.745570,2.154141,-2.975304,-0.099959,-0.016777,0.010210,-0.311332,0.018305,-0.026570,0.010590,-0.149711
1777336354.598755,1.118882,-0.743450,2.154024,-2.955179,0.095386,-0.008995,0.010028,-0.304287,1.113404,-0.746094,2.154479,-2.985526,-0.100329,-0.015786,0.010173,-0.306666,0.020072,-0.024922,0.010589,-0.152281
1777336354.632121,1.113863,-0.743911,2.154312,-2.965239,0.097105,-0.009307,0.009936,-0.303280,1.110061,-0.746585,2.154815,-2.995706,-0.100699,-0.014796,0.010135,-0.305391,0.020951,-0.023404,0.010595,-0.154464
1777336354.665416,1.111227,-0.744133,2.154932,-2.975248,0.096367,-0.009332,0.010280,-0.304307,1.106687,-0.747046,2.155152,-3.005904,-0.101070,-0.013799,0.010096,-0.305950,0.022161,-0.022004,0.010540,-0.156422
1777336354.698765,1.106700,-0.744528,2.155269,-2.985584,0.097592,-0.009499,0.010249,-0.304631,1.103297,-0.747474,2.155489,-3.016073,-0.101440,-0.012800,0.010058,-0.305046,0.022791,-0.020752,0.010486,-0.158102
1777336354.732101,1.104312,-0.744719,2.155433,-2.995998,0.096615,-0.009447,0.010026,-0.307174,1.099911,-0.747866,2.155822,-3.026146,-0.101806,-0.011806,0.010020,-0.302206,0.023908,-0.019621,0.010468,-0.159447
1777336354.765437,1.099852,-0.745088,2.156016,-3.006739,0.097692,-0.009512,0.010298,-0.307791,1.096509,-0.748226,2.156154,-3.036188,-0.102173,-0.010810,0.009982,-0.301251,0.024480,-0.018650,0.010396,-0.160254
1777336354.798772,1.097584,-0.745262,2.156302,-3.017399,0.096684,-0.009407,0.010236,-0.311748,1.093093,-0.748553,2.156486,-3.046186,-0.102538,-0.009813,0.009944,-0.299944,0.025593,-0.017799,0.010336,-0.160687
1777336354.832125,1.093399,-0.745597,2.156450,-3.028254,0.097942,-0.009398,0.010021,-0.316626,1.089661,-0.748847,2.156816,-3.056147,-0.102903,-0.008814,0.009906,-0.298833,0.026285,-0.017118,0.010315,-0.160689
1777336354.865427,1.090789,-0.745778,2.157029,-3.039417,0.096789,-0.009237,0.010269,-0.316633,1.086210,-0.749108,2.157146,-3.066077,-0.103267,-0.007813,0.009867,-0.297894,0.027347,-0.016549,0.010242,-0.160177
1777336354.898784,1.086195,-0.746120,2.157337,-3.050491,0.097713,-0.009108,0.010159,-0.314870,1.082762,-0.749335,2.157473,-3.075914,-0.103628,-0.006816,0.009829,-0.295119,0.027826,-0.016161,0.010174,-0.159265
1777336354.932122,1.084009,-0.746279,2.157467,-3.061275,0.096566,-0.008898,0.009903,-0.317945,1.079294,-0.749529,2.157799,-3.085718,-0.103989,-0.005816,0.009791,-0.294116,0.028899,-0.015883,0.010150,-0.158051
1777336354.965438,1.079580,-0.746590,2.158022,-3.072315,0.097610,-0.008702,0.010144,-0.318174,1.075810,-0.749690,2.158125,-3.095478,-0.104350,-0.004815,0.009752,-0.292786,0.029464,-0.015786,0.010077,-0.156512
1777336354.998757,1.076934,-0.746748,2.158333,-3.083333,0.095997,-0.008416,0.010000,-0.314042,1.072325,-0.749817,2.158448,-3.105152,-0.104708,-0.003817,0.009714,-0.290236,0.030422,-0.015784,0.010009,-0.154683
1777336355.032119,1.072769,-0.747040,2.158453,-3.093791,0.097059,-0.008145,0.009740,-0.315438,1.068828,-0.749910,2.158770,-3.114766,-0.105065,-0.002819,0.009676,-0.288426,0.031019,-0.015970,0.009986,-0.152791
1777336355.065446,1.070490,-0.747183,2.158977,-3.104298,0.095982,-0.007869,0.009977,-0.317021,1.065302,-0.749971,2.159092,-3.124370,-0.105422,-0.001816,0.009637,-0.288094,0.032167,-0.016245,0.009919,-0.150826
1777336355.098849,1.066390,-0.747440,2.159236,-3.114515,0.097390,-0.007576,0.009937,-0.321478,1.061781,-0.749998,2.159412,-3.133866,-0.105777,-0.000817,0.009599,-0.284895,0.032968,-0.016696,0.009868,-0.148982
1777336355.132159,1.063563,-0.747569,2.159413,-3.125057,0.096167,-0.007247,0.009657,-0.316845,1.058253,-0.749992,2.159730,-3.143291,-0.106130,0.000180,0.009560,-0.282740,0.034052,-0.017218,0.009846,-0.146956
1777336355.165407,1.058988,-0.747809,2.159954,-3.135033,0.097265,-0.006847,0.009880,-0.313192,1.054691,-0.749953,2.160048,-3.152707,-0.106484,0.001184,0.009522,-0.282497,0.034590,-0.017917,0.009778,-0.145036
1777336355.198783,1.056677,-0.747930,2.160216,-3.144774,0.096150,-0.006515,0.009785,-0.311958,1.051144,-0.749880,2.160363,-3.161993,-0.106834,0.002180,0.009483,-0.278558,0.035702,-0.018687,0.009723,-0.143374
1777336355.232111,1.052496,-0.748125,2.160337,-3.154320,0.097585,-0.006128,0.009576,-0.313919,1.047569,-0.749774,2.160678,-3.171252,-0.107184,0.003180,0.009445,-0.277792,0.036447,-0.019612,0.009709,-0.141845
1777336355.265429,1.050116,-0.748221,2.160833,-3.163848,0.096930,-0.005813,0.009824,-0.315405,1.043957,-0.749634,2.160994,-3.180512,-0.107536,0.004187,0.009406,-0.277782,0.037701,-0.020591,0.009657,-0.140530
1777336355.298787,1.045789,-0.748364,2.161098,-3.173202,0.098599,-0.005411,0.009804,-0.317195,1.040365,-0.749461,2.161306,-3.189622,-0.107884,0.005186,0.009367,-0.273319,0.038524,-0.021708,0.009615,-0.139500
1777336355.332101,1.042558,-0.748409,2.161295,-3.182925,0.097245,-0.005011,0.009498,-0.308013,1.036785,-0.749257,2.161615,-3.198609,-0.108228,0.006177,0.009329,-0.269607,0.039475,-0.022856,0.009597,-0.138330
1777336355.365401,1.037701,-0.748505,2.161838,-3.192031,0.098246,-0.004503,0.009692,-0.300588,1.033161,-0.749017,2.161925,-3.207605,-0.108574,0.007178,0.009290,-0.269864,0.039803,-0.024134,0.009529,-0.137285
1777336355.398772,1.035671,-0.748572,2.162059,-3.200760,0.097317,-0.004177,0.009613,-0.301883,1.029539,-0.748745,2.162232,-3.216500,-0.108918,0.008174,0.009251,-0.266847,0.040893,-0.025454,0.009482,-0.136646
1777336355.432190,1.031165,-0.748588,2.162191,-3.209863,0.098778,-0.003743,0.009394,-0.300566,1.025896,-0.748439,2.162539,-3.225349,-0.109261,0.009173,0.009213,-0.265477,0.041514,-0.026855,0.009472,-0.136030
1777336355.465417,1.028620,-0.748586,2.162691,-3.218836,0.097937,-0.003416,0.009617,-0.298528,1.022214,-0.748098,2.162848,-3.234190,-0.109605,0.010178,0.009174,-0.265232,0.042629,-0.028269,0.009419,-0.135521
1777336355.498871,1.023994,-0.748525,2.162955,-3.227743,0.099487,-0.002985,0.009558,-0.296653,1.018565,-0.747727,2.163151,-3.242855,-0.109945,0.011171,0.009135,-0.259951,0.043246,-0.029745,0.009377,-0.135163
1777336355.532111,1.021281,-0.748471,2.163101,-3.236708,0.098528,-0.002658,0.009311,-0.292937,1.014889,-0.747321,2.163454,-3.251484,-0.110284,0.012168,0.009096,-0.258881,0.044287,-0.031217,0.009367,-0.134661
1777336355.565433,1.016497,-0.748316,2.163606,-3.245559,0.099982,-0.002232,0.009532,-0.289588,1.011188,-0.746881,2.163757,-3.260074,-0.110624,0.013169,0.009057,-0.257699,0.044768,-0.032716,0.009314,-0.134203
1777336355.598795,1.013919,-0.748225,2.163864,-3.254375,0.098996,-0.001931,0.009439,-0.287021,1.007497,-0.746409,2.164057,-3.268540,-0.110960,0.014162,0.009018,-0.253976,0.045786,-0.034212,0.009270,-0.133774
1777336355.632115,1.013919,-0.748225,2.163864,-3.254375,0.098996,-0.001931,0.009439,-0.287021,1.003797,-0.745906,2.164355,-3.276927,-0.111295,0.015155,0.008980,-0.251619,0.048389,-0.035687,0.009288,-0.137207
1777336355.665427,1.008456,-0.747939,2.164054,-3.263561,0.099479,-0.001440,0.009083,-0.276977,1.000070,-0.745366,2.164654,-3.285278,-0.111630,0.016151,0.008941,-0.250517,0.049890,-0.037194,0.009325,-0.139738
1777336355.698779,1.001052,-0.747379,2.164651,-3.280802,0.100699,-0.000934,0.009105,-0.277296,0.996341,-0.744795,2.164950,-3.293533,-0.111963,0.017144,0.008902,-0.247647,0.049598,-0.038634,0.009296,-0.137882
1777336355.732117,0.998837,-0.747237,2.164811,-3.289989,0.099432,-0.000674,0.008924,-0.278006,0.992605,-0.744192,2.165245,-3.301706,-0.112295,0.018135,0.008863,-0.245207,0.050154,-0.040077,0.009294,-0.135867
1777336355.765415,0.998837,-0.747237,2.164811,-3.289989,0.099432,-0.000674,0.008924,-0.278006,0.988840,-0.743553,2.165540,-3.309842,-0.112627,0.019130,0.008824,-0.244072,0.052415,-0.041537,0.009350,-0.137845
1777336355.798778,0.993424,-0.746709,2.165383,-3.299821,0.099878,-0.000291,0.009072,-0.270184,0.985079,-0.742883,2.165833,-3.317871,-0.112956,0.020120,0.008785,-0.240855,0.053680,-0.042933,0.009342,-0.138761
1777336355.832185,0.991156,-0.746474,2.165625,-3.308812,0.098587,-0.000098,0.008978,-0.270201,0.981266,-0.742172,2.166127,-3.325911,-0.113287,0.021121,0.008746,-0.241209,0.055540,-0.044324,0.009343,-0.139042
1777336355.865433,0.986782,-0.745936,2.165731,-3.317812,0.100317,0.000135,0.008798,-0.275153,0.977486,-0.741436,2.166417,-3.333784,-0.113614,0.022108,0.008707,-0.236185,0.056950,-0.045632,0.009379,-0.138899
1777336355.898796,0.984112,-0.745587,2.166217,-3.327261,0.099667,0.000309,0.009037,-0.277496,0.973700,-0.740669,2.166705,-3.341569,-0.113939,0.023094,0.008668,-0.233571,0.058752,-0.046912,0.009370,-0.137951
1777336355.932123,0.978890,-0.744803,2.166495,-3.336816,0.101450,0.000533,0.008981,-0.276268,0.969914,-0.739871,2.166991,-3.349260,-0.114261,0.024075,0.008629,-0.230728,0.059690,-0.048020,0.009360,-0.136315
1777336355.965414,0.976109,-0.744373,2.166630,-3.346202,0.100533,0.000694,0.008746,-0.275527,0.966091,-0.739035,2.167277,-3.356929,-0.114585,0.025063,0.008590,-0.230048,0.061044,-0.049099,0.009379,-0.134127
1777336355.998790,0.970959,-0.743469,2.167136,-3.355567,0.102314,0.000867,0.008991,-0.274470,0.962258,-0.738166,2.167563,-3.364520,-0.114907,0.026049,0.008550,-0.227757,0.061644,-0.049985,0.009348,-0.131547
1777336356.032107,0.968205,-0.742970,2.167393,-3.364787,0.101382,0.000995,0.008909,-0.273582,0.958425,-0.737267,2.167846,-3.372015,-0.115227,0.027031,0.008511,-0.224844,0.062751,-0.050853,0.009322,-0.128624
1777336356.065413,0.963246,-0.741969,2.167514,-3.373757,0.103369,0.001112,0.008716,-0.274447,0.954566,-0.736331,2.168129,-3.379465,-0.115547,0.028016,0.008472,-0.223496,0.063222,-0.051511,0.009328,-0.125468
1777336356.098781,0.960495,-0.741397,2.168001,-3.382599,0.102761,0.001205,0.008962,-0.274762,0.950700,-0.735363,2.168410,-3.386835,-0.115866,0.028999,0.008433,-0.221084,0.064230,-0.052161,0.009289,-0.122214
1777336356.132109,0.955352,-0.740224,2.168261,-3.391212,0.104930,0.001277,0.008937,-0.274142,0.946837,-0.734367,2.168689,-3.394102,-0.116182,0.029977,0.008394,-0.218020,0.064526,-0.052566,0.009254,-0.118918
1777336356.165416,0.952310,-0.739513,2.168406,-3.399649,0.104211,0.001350,0.008714,-0.270527,0.942952,-0.733334,2.168968,-3.401317,-0.116498,0.030957,0.008354,-0.216445,0.065245,-0.052951,0.009245,-0.115606
1777336356.198767,0.946966,-0.738156,2.168909,-3.407696,0.106311,0.001377,0.008968,-0.266744,0.939051,-0.732268,2.169245,-3.408466,-0.116813,0.031936,0.008315,-0.214489,0.065190,-0.053058,0.009188,-0.112486
1777336356.232107,0.944151,-0.737426,2.169161,-3.415427,0.105641,0.001415,0.008907,-0.263691,0.935146,-0.731171,2.169521,-3.415531,-0.117126,0.032913,0.008276,-0.211941,0.065742,-0.053198,0.009137,-0.109635
1777336356.265536,0.938671,-0.735898,2.169300,-3.423011,0.107763,0.001396,0.008696,-0.258540,0.931221,-0.730038,2.169797,-3.422537,-0.117438,0.033890,0.008236,-0.210184,0.065470,-0.053032,0.009114,-0.107021
1777336356.298786,0.936104,-0.735164,2.169757,-3.430057,0.107347,0.001400,0.008948,-0.257734,0.927280,-0.728871,2.170071,-3.429481,-0.117750,0.034867,0.008197,-0.208310,0.065971,-0.052955,0.009052,-0.104854
1777336356.332232,0.930853,-0.733573,2.170016,-3.437131,0.109808,0.001330,0.008940,-0.254982,0.923370,-0.727684,2.170341,-3.436279,-0.118057,0.035833,0.008158,-0.203934,0.065762,-0.052594,0.008995,-0.103020
1777336356.365437,0.927696,-0.732603,2.170163,-3.444033,0.109327,0.001315,0.008739,-0.249721,0.919424,-0.726457,2.170612,-3.443047,-0.118365,0.036803,0.008118,-0.203050,0.066007,-0.052268,0.008964,-0.101397
1777336356.398760,0.922553,-0.730922,2.170624,-3.450532,0.111901,0.001199,0.009010,-0.247372,0.915462,-0.725196,2.170881,-3.449754,-0.118672,0.037773,0.008079,-0.201217,0.065615,-0.051669,0.008892,-0.100231
1777336356.432131,0.919583,-0.729939,2.170877,-3.457033,0.111745,0.001156,0.008991,-0.244695,0.911509,-0.723909,2.171149,-3.456358,-0.118976,0.038737,0.008039,-0.198105,0.065820,-0.051167,0.008826,-0.099389
1777336356.465446,0.913592,-0.727866,2.171040,-3.463616,0.114170,0.001002,0.008784,-0.237612,0.907510,-0.722578,2.171417,-3.462947,-0.119282,0.039708,0.008000,-0.197664,0.064940,-0.050270,0.008782,-0.098687
1777336356.498816,0.910702,-0.726841,2.171507,-3.469801,0.113633,0.000938,0.009011,-0.233474,0.903542,-0.721228,2.171681,-3.469399,-0.119583,0.040667,0.007960,-0.193566,0.064795,-0.049527,0.008697,-0.098356
1777336356.532114,0.904980,-0.724734,2.171771,-3.476139,0.115996,0.000748,0.008952,-0.227874,0.899555,-0.719844,2.171944,-3.475794,-0.119883,0.041627,0.007921,-0.191861,0.063747,-0.048432,0.008615,-0.098083
1777336356.565458,0.901697,-0.723509,2.171912,-3.482445,0.114929,0.000670,0.008685,-0.221182,0.895534,-0.718419,2.172208,-3.482157,-0.120184,0.042590,0.007881,-0.190876,0.063258,-0.047457,0.008561,-0.097912
1777336356.598766,0.895933,-0.721267,2.172399,-3.488666,0.116985,0.000449,0.008876,-0.215210,0.891523,-0.716970,2.172469,-3.488418,-0.120482,0.043546,0.007842,-0.187833,0.061918,-0.046140,0.008462,-0.097864
1777336356.632155,0.893137,-0.720156,2.172624,-3.494820,0.115999,0.000361,0.008771,-0.211809,0.887502,-0.715488,2.172729,-3.494610,-0.120779,0.044501,0.007802,-0.185769,0.061465,-0.045056,0.008375,-0.097831
1777336356.665464,0.888116,-0.718101,2.172719,-3.500921,0.118535,0.000136,0.008596,-0.212491,0.883459,-0.713970,2.172988,-3.500753,-0.121075,0.045457,0.007763,-0.184278,0.060539,-0.043754,0.008324,-0.097831
1777336356.698780,0.884779,-0.716733,2.173190,-3.507396,0.117874,0.000037,0.008779,-0.209085,0.879414,-0.712423,2.173245,-3.506813,-0.121370,0.046409,0.007723,-0.181821,0.060168,-0.042608,0.008231,-0.097677
1777336356.732131,0.879600,-0.714534,2.173401,-3.513535,0.120576,-0.000195,0.008744,-0.210057,0.875365,-0.710847,2.173501,-3.512798,-0.121663,0.047357,0.007683,-0.179538,0.059226,-0.041225,0.008150,-0.097475
1777336356.765519,0.876371,-0.713155,2.173529,-3.519983,0.120216,-0.000292,0.008541,-0.208741,0.871277,-0.709228,2.173757,-3.518758,-0.121956,0.048310,0.007644,-0.178798,0.058899,-0.040034,0.008099,-0.097059
1777336356.798826,0.870729,-0.710688,2.173966,-3.526348,0.122915,-0.000523,0.008747,-0.207613,0.867224,-0.707595,2.174009,-3.524585,-0.122245,0.049251,0.007604,-0.174820,0.057752,-0.038540,0.008011,-0.096534
1777336356.832130,0.867595,-0.709300,2.174196,-3.532717,0.122489,-0.000611,0.008678,-0.206712,0.863140,-0.705922,2.174262,-3.530377,-0.122534,0.050194,0.007564,-0.173763,0.057309,-0.037279,0.007931,-0.095751
1777336356.865450,0.861687,-0.706641,2.174326,-3.539165,0.125036,-0.000825,0.008464,-0.204132,0.859042,-0.704216,2.174513,-3.536110,-0.122822,0.051136,0.007525,-0.171989,0.055900,-0.035677,0.007879,-0.094787
1777336356.898799,0.858415,-0.705148,2.174771,-3.545538,0.124108,-0.000897,0.008614,-0.201050,0.854946,-0.702483,2.174762,-3.541762,-0.123108,0.052074,0.007485,-0.169537,0.055198,-0.034321,0.007788,-0.093651
1777336356.932218,0.852656,-0.702479,2.174993,-3.551826,0.126435,-0.001083,0.008512,-0.198520,0.850830,-0.700715,2.175010,-3.547362,-0.123393,0.053011,0.007445,-0.168006,0.053659,-0.032673,0.007706,-0.092350
1777336356.965409,0.849601,-0.701044,2.175100,-3.558052,0.125453,-0.001135,0.008264,-0.196436,0.846707,-0.698916,2.175257,-3.552895,-0.123677,0.053945,0.007405,-0.166003,0.052995,-0.031336,0.007656,-0.090942
1777336356.998799,0.844357,-0.698553,2.175487,-3.564080,0.128028,-0.001290,0.008445,-0.197449,0.842592,-0.697095,2.175501,-3.558341,-0.123958,0.054873,0.007366,-0.163385,0.051798,-0.029825,0.007578,-0.089491
1777336357.032115,0.840908,-0.696904,2.175726,-3.570327,0.127144,-0.001326,0.008334,-0.194302,0.838416,-0.695219,2.175748,-3.563791,-0.124241,0.055811,0.007326,-0.163501,0.051207,-0.028545,0.007505,-0.087844
1777336357.065422,0.835147,-0.694120,2.175836,-3.576265,0.129522,-0.001440,0.008107,-0.191756,0.834290,-0.693339,2.175989,-3.569103,-0.124519,0.056732,0.007286,-0.159349,0.049808,-0.027014,0.007461,-0.086259
1777336357.098803,0.832328,-0.692741,2.176217,-3.582006,0.128877,-0.001457,0.008262,-0.191703,0.830109,-0.691408,2.176232,-3.574410,-0.124798,0.057661,0.007246,-0.159198,0.049432,-0.025864,0.007390,-0.084621
1777336357.132099,0.826492,-0.689876,2.176439,-3.587841,0.131354,-0.001532,0.008178,-0.189233,0.825960,-0.689464,2.176471,-3.579604,-0.125074,0.058579,0.007206,-0.155835,0.048171,-0.024452,0.007325,-0.083019
1777336357.165451,0.823858,-0.688568,2.176523,-3.593246,0.131044,-0.001532,0.008011,-0.191300,0.821772,-0.687476,2.176710,-3.584774,-0.125350,0.059500,0.007166,-0.155109,0.048045,-0.023471,0.007294,-0.081494
1777336357.198921,0.818435,-0.685868,2.176896,-3.598781,0.133928,-0.001574,0.008193,-0.191860,0.817578,-0.685459,2.176948,-3.589880,-0.125624,0.060418,0.007126,-0.153153,0.047235,-0.022312,0.007235,-0.080049
1777336357.232110,0.815029,-0.684158,2.177117,-3.604254,0.133617,-0.001548,0.008129,-0.189658,0.813398,-0.683423,2.177184,-3.594898,-0.125895,0.061328,0.007086,-0.150560,0.047062,-0.021423,0.007181,-0.078632
1777336357.265414,0.808521,-0.680876,2.177257,-3.609665,0.135936,-0.001526,0.007881,-0.183795,0.809176,-0.681340,2.177419,-3.599896,-0.126167,0.062243,0.007046,-0.149947,0.045560,-0.020150,0.007148,-0.077202
1777336357.298763,0.805237,-0.679205,2.177661,-3.614786,0.134425,-0.001460,0.007978,-0.178492,0.804978,-0.679244,2.177652,-3.604797,-0.126436,0.063148,0.007007,-0.147010,0.044924,-0.019222,0.007080,-0.075941
1777336357.332129,0.799512,-0.676286,2.177852,-3.619779,0.136436,-0.001399,0.007851,-0.174358,0.800756,-0.677109,2.177884,-3.609658,-0.126704,0.064053,0.006967,-0.145826,0.043531,-0.018109,0.007022,-0.074761
1777336357.365410,0.796845,-0.674917,2.177928,-3.624594,0.135494,-0.001329,0.007641,-0.173099,0.796522,-0.674943,2.178115,-3.614465,-0.126971,0.064957,0.006926,-0.144215,0.043382,-0.017467,0.006998,-0.073766
1777336357.398791,0.790622,-0.671704,2.178336,-3.629612,0.137479,-0.001226,0.007744,-0.168083,0.792261,-0.672738,2.178346,-3.619234,-0.127238,0.065861,0.006886,-0.143086,0.042129,-0.016530,0.006937,-0.072793
1777336357.432100,0.787810,-0.670246,2.178510,-3.634274,0.136252,-0.001134,0.007627,-0.165481,0.788022,-0.670518,2.178573,-3.623914,-0.127502,0.066755,0.006846,-0.140400,0.042062,-0.016041,0.006889,-0.071994
1777336357.465438,0.781863,-0.667147,2.178612,-3.639049,0.138240,-0.000998,0.007384,-0.161408,0.783750,-0.668256,2.178801,-3.628564,-0.127765,0.067652,0.006806,-0.139486,0.041060,-0.015320,0.006868,-0.071196
1777336357.498781,0.779156,-0.665733,2.178957,-3.643568,0.137202,-0.000895,0.007511,-0.160103,0.779496,-0.665979,2.179026,-3.633130,-0.128025,0.068540,0.006766,-0.136973,0.041298,-0.015062,0.006822,-0.070556
1777336357.532116,0.773386,-0.662699,2.179155,-3.648222,0.139423,-0.000732,0.007420,-0.157382,0.775202,-0.663655,2.179251,-3.637675,-0.128286,0.069432,0.006726,-0.136354,0.040675,-0.014601,0.006782,-0.069895
1777336357.565412,0.770193,-0.661008,2.179255,-3.652787,0.138166,-0.000604,0.007191,-0.154335,0.770940,-0.661323,2.179473,-3.642123,-0.128543,0.070312,0.006686,-0.133447,0.040964,-0.014488,0.006768,-0.069304
1777336357.598774,0.764659,-0.658078,2.179609,-3.657242,0.140408,-0.000413,0.007325,-0.152536,0.766659,-0.658957,2.179693,-3.646529,-0.128800,0.071191,0.006646,-0.132166,0.040544,-0.014227,0.006726,-0.068701
1777336357.632124,0.761855,-0.656588,2.179779,-3.661639,0.139696,-0.000285,0.007259,-0.152570,0.762345,-0.656548,2.179914,-3.650908,-0.129056,0.072073,0.006606,-0.131371,0.041248,-0.014377,0.006694,-0.068147
1777336357.665412,0.756630,-0.653794,2.179865,-3.666032,0.142399,-0.000086,0.007120,-0.153720,0.758010,-0.654102,2.180134,-3.655245,-0.129311,0.072953,0.006565,-0.130131,0.041399,-0.014430,0.006689,-0.067638
1777336357.698754,0.753314,-0.652003,2.180218,-3.670533,0.141964,0.000061,0.007265,-0.152859,0.753717,-0.651656,2.180351,-3.659481,-0.129563,0.073820,0.006525,-0.127065,0.042294,-0.014768,0.006655,-0.067084
1777336357.732112,0.747617,-0.648917,2.180407,-3.674926,0.144635,0.000299,0.007219,-0.151841,0.749392,-0.649168,2.180567,-3.663690,-0.129814,0.074688,0.006485,-0.126261,0.042281,-0.014892,0.006626,-0.066434
1777336357.765428,0.744081,-0.646984,2.180518,-3.679369,0.143697,0.000466,0.007019,-0.149059,0.745057,-0.646650,2.180781,-3.667848,-0.130064,0.075554,0.006445,-0.124752,0.042898,-0.015255,0.006618,-0.065739
1777336357.798810,0.738375,-0.643855,2.180869,-3.683664,0.146046,0.000725,0.007163,-0.147266,0.740704,-0.644097,2.180995,-3.671966,-0.130312,0.076418,0.006404,-0.123545,0.042672,-0.015421,0.006579,-0.065023
1777336357.832108,0.734996,-0.641986,2.181063,-3.688020,0.144743,0.000891,0.007060,-0.144417,0.736358,-0.641525,2.181207,-3.676021,-0.130559,0.077275,0.006364,-0.121636,0.043240,-0.015868,0.006545,-0.064252
1777336357.865459,0.729481,-0.638921,2.181147,-3.692214,0.146973,0.001152,0.006884,-0.143151,0.731975,-0.638907,2.181419,-3.680052,-0.130806,0.078135,0.006324,-0.120939,0.043103,-0.016149,0.006536,-0.063456
1777336357.898817,0.726471,-0.637238,2.181485,-3.696413,0.146017,0.001304,0.007018,-0.142295,0.727606,-0.636274,2.181629,-3.684014,-0.131050,0.078987,0.006283,-0.118868,0.044011,-0.016780,0.006499,-0.062662
1777336357.932214,0.720735,-0.633991,2.181671,-3.700614,0.148313,0.001571,0.006957,-0.140714,0.723252,-0.633625,2.181836,-3.687909,-0.131291,0.079831,0.006243,-0.116841,0.044022,-0.017173,0.006467,-0.061795
1777336357.965447,0.717697,-0.632266,2.181760,-3.704700,0.147379,0.001722,0.006784,-0.139769,0.718857,-0.630930,2.182043,-3.691785,-0.131533,0.080678,0.006203,-0.116270,0.045021,-0.017886,0.006458,-0.060888
1777336357.998776,0.711915,-0.628938,2.182108,-3.708798,0.149665,0.001989,0.006927,-0.137994,0.714464,-0.628212,2.182248,-3.695604,-0.131772,0.081519,0.006162,-0.114586,0.045083,-0.018340,0.006418,-0.059978
1777336358.032096,0.708518,-0.626969,2.182299,-3.712854,0.148233,0.002141,0.006828,-0.135121,0.710080,-0.625477,2.182452,-3.699363,-0.132010,0.082354,0.006122,-0.112772,0.045926,-0.019040,0.006381,-0.059023
1777336358.065440,0.702318,-0.623333,2.182401,-3.716845,0.149867,0.002413,0.006601,-0.131295,0.705636,-0.622682,2.182656,-3.703120,-0.132248,0.083195,0.006081,-0.112718,0.045571,-0.019385,0.006365,-0.058022
1777336358.098797,0.699658,-0.621777,2.182724,-3.720606,0.148347,0.002535,0.006723,-0.130077,0.701227,-0.619885,2.182857,-3.706796,-0.132483,0.084024,0.006041,-0.110259,0.046606,-0.020160,0.006322,-0.057143
1777336358.132186,0.694087,-0.618450,2.182899,-3.724436,0.150390,0.002772,0.006658,-0.128497,0.696826,-0.617072,2.183056,-3.710413,-0.132716,0.084846,0.006001,-0.108524,0.046835,-0.020688,0.006285,-0.056221
1777336358.165463,0.691008,-0.616602,2.182987,-3.728190,0.149040,0.002890,0.006471,-0.126695,0.692356,-0.614191,2.183256,-3.714036,-0.132950,0.085676,0.005960,-0.108682,0.048052,-0.021508,0.006271,-0.055293
1777336358.198791,0.691008,-0.616602,2.182987,-3.728190,0.149040,0.002890,0.006471,-0.126695,0.687918,-0.611309,2.183454,-3.717583,-0.133181,0.086494,0.005919,-0.106399,0.052193,-0.023220,0.006295,-0.056120
1777336358.232182,0.684411,-0.612583,2.183359,-3.732031,0.149673,0.003136,0.006502,-0.121523,0.683489,-0.608411,2.183649,-3.721072,-0.133409,0.087306,0.005879,-0.104679,0.054354,-0.024330,0.006280,-0.056569
1777336358.265509,0.681658,-0.610898,2.183518,-3.735511,0.147562,0.003218,0.006388,-0.118973,0.679041,-0.605478,2.183843,-3.724528,-0.133636,0.088116,0.005839,-0.103685,0.057436,-0.025712,0.006270,-0.056849
1777336358.298774,0.676401,-0.607626,2.183587,-3.739023,0.149455,0.003400,0.006223,-0.117930,0.674587,-0.602519,2.184036,-3.727940,-0.133862,0.088922,0.005798,-0.102370,0.059586,-0.026793,0.006284,-0.056974
1777336358.332135,0.673532,-0.605831,2.183902,-3.742662,0.148186,0.003478,0.006359,-0.117503,0.670108,-0.599522,2.184228,-3.731324,-0.134088,0.089727,0.005758,-0.101515,0.062586,-0.028117,0.006268,-0.056880
1777336358.365455,0.667920,-0.602242,2.184072,-3.746379,0.150482,0.003630,0.006329,-0.117010,0.665636,-0.596508,2.184419,-3.734655,-0.134311,0.090525,0.005717,-0.099920,0.064401,-0.029039,0.006256,-0.056565
1777336358.398806,0.664859,-0.600275,2.184157,-3.750112,0.149400,0.003691,0.006176,-0.116811,0.661139,-0.593455,2.184608,-3.737957,-0.134533,0.091323,0.005676,-0.099069,0.066980,-0.030169,0.006263,-0.056008
1777336358.432120,0.659413,-0.596694,2.184474,-3.753824,0.152020,0.003800,0.006366,-0.117609,0.656610,-0.590359,2.184798,-3.741236,-0.134756,0.092121,0.005636,-0.098379,0.068516,-0.030921,0.006240,-0.055268
1777336358.465486,0.656139,-0.594530,2.184653,-3.757615,0.151156,0.003840,0.006329,-0.117407,0.652139,-0.587282,2.184983,-3.744429,-0.134973,0.092903,0.005595,-0.095764,0.070731,-0.031850,0.006218,-0.054335
1777336358.498800,0.650043,-0.590408,2.184753,-3.761385,0.153619,0.003908,0.006198,-0.116041,0.647663,-0.584180,2.185167,-3.747580,-0.135189,0.093681,0.005555,-0.094539,0.071432,-0.032227,0.006212,-0.053147
1777336358.532147,0.646822,-0.588217,2.185091,-3.765044,0.152285,0.003913,0.006342,-0.114832,0.643151,-0.581033,2.185351,-3.750711,-0.135405,0.094459,0.005514,-0.093946,0.072926,-0.032809,0.006171,-0.051822
1777336358.565451,0.640780,-0.584013,2.185270,-3.768667,0.154554,0.003926,0.006302,-0.113073,0.638600,-0.577836,2.185535,-3.753826,-0.135621,0.095239,0.005473,-0.093443,0.073046,-0.032865,0.006131,-0.050410
1777336358.598811,0.637819,-0.581937,2.185349,-3.772133,0.153247,0.003901,0.006142,-0.112295,0.634103,-0.574658,2.185714,-3.756861,-0.135832,0.096005,0.005433,-0.091039,0.074287,-0.033233,0.006112,-0.048993
1777336358.632123,0.632295,-0.577983,2.185666,-3.775509,0.155944,0.003872,0.006330,-0.112134,0.629567,-0.571431,2.185894,-3.759879,-0.136043,0.096771,0.005392,-0.090540,0.074514,-0.033182,0.006063,-0.047521
1777336358.665467,0.629103,-0.575688,2.185838,-3.778828,0.155097,0.003831,0.006295,-0.111291,0.624994,-0.568158,2.186074,-3.762878,-0.136255,0.097538,0.005351,-0.089986,0.075648,-0.033377,0.006016,-0.046083
1777336358.698781,0.623172,-0.571343,2.185932,-3.782031,0.157920,0.003766,0.006183,-0.109786,0.620471,-0.564900,2.186250,-3.765803,-0.136462,0.098291,0.005311,-0.087753,0.075502,-0.033065,0.005986,-0.044719
1777336358.732115,0.619866,-0.568909,2.186259,-3.785107,0.156918,0.003700,0.006329,-0.107917,0.615927,-0.561607,2.186425,-3.768701,-0.136668,0.099043,0.005270,-0.086922,0.076217,-0.032990,0.005924,-0.043388
1777336358.765429,0.613951,-0.564472,2.186430,-3.788054,0.159731,0.003596,0.006312,-0.105983,0.611353,-0.558272,2.186600,-3.771576,-0.136874,0.099793,0.005229,-0.086267,0.075668,-0.032409,0.005864,-0.042177
1777336358.798781,0.609870,-0.561414,2.186541,-3.791011,0.157448,0.003491,0.006077,-0.101575,0.606797,-0.554931,2.186772,-3.774400,-0.137077,0.100536,0.005189,-0.084698,0.075510,-0.031915,0.005818,-0.041056
1777336358.832118,0.604328,-0.557147,2.186849,-3.793639,0.159871,0.003341,0.006236,-0.099453,0.602224,-0.551557,2.186944,-3.777194,-0.137279,0.101275,0.005148,-0.083844,0.074498,-0.031042,0.005744,-0.040105
1777336358.865403,0.601230,-0.554756,2.187009,-3.796289,0.158502,0.003235,0.006169,-0.097241,0.597645,-0.548159,2.187114,-3.779953,-0.137480,0.102010,0.005107,-0.082749,0.074687,-0.030540,0.005675,-0.039297
1777336358.898753,0.595611,-0.550357,2.187084,-3.798816,0.161383,0.003071,0.006056,-0.095732,0.593051,-0.544731,2.187283,-3.782681,-0.137679,0.102741,0.005066,-0.081858,0.073907,-0.029633,0.005627,-0.038642
1777336358.932094,0.592296,-0.547757,2.187394,-3.801333,0.160426,0.002955,0.006185,-0.093667,0.588456,-0.541283,2.187450,-3.785372,-0.137877,0.103468,0.005026,-0.080705,0.074137,-0.029047,0.005550,-0.038112
1777336358.965434,0.586376,-0.543053,2.187554,-3.803760,0.163440,0.002770,0.006162,-0.091768,0.583832,-0.537794,2.187617,-3.788040,-0.138074,0.104193,0.004985,-0.080069,0.073149,-0.027979,0.005477,-0.037701
1777336358.998782,0.582962,-0.540332,2.187640,-3.806170,0.162403,0.002644,0.006005,-0.089548,0.579226,-0.534299,2.187782,-3.790661,-0.138269,0.104909,0.004944,-0.078628,0.073147,-0.027237,0.005422,-0.037401
1777336359.032133,0.576183,-0.534883,2.187971,-3.808594,0.164776,0.002423,0.006114,-0.086190,0.574599,-0.530769,2.187946,-3.793256,-0.138462,0.105623,0.004903,-0.077847,0.071292,-0.025796,0.005334,-0.037137
1777336359.065440,0.573226,-0.532474,2.188112,-3.810879,0.163119,0.002289,0.006022,-0.084220,0.569994,-0.527237,2.188107,-3.795803,-0.138653,0.106329,0.004862,-0.076395,0.070933,-0.024865,0.005254,-0.036972
1777336359.098749,0.567608,-0.527877,2.188176,-3.813178,0.165980,0.002088,0.005895,-0.083242,0.565367,-0.523671,2.188268,-3.798324,-0.138843,0.107031,0.004821,-0.075647,0.069676,-0.023580,0.005197,-0.036840
1777336359.132123,0.564604,-0.525406,2.188443,-3.815489,0.165289,0.001967,0.006012,-0.082868,0.560730,-0.520078,2.188427,-3.800816,-0.139031,0.107730,0.004780,-0.074748,0.069788,-0.022777,0.005119,-0.036739
1777336359.165437,0.558656,-0.520505,2.188595,-3.817842,0.168553,0.001773,0.005990,-0.082132,0.556084,-0.516460,2.188586,-3.803276,-0.139219,0.108424,0.004739,-0.073806,0.068680,-0.021526,0.005044,-0.036627
1777336359.198776,0.555191,-0.517639,2.188676,-3.820197,0.167808,0.001651,0.005848,-0.081084,0.551426,-0.512814,2.188743,-3.805707,-0.139404,0.109115,0.004698,-0.072938,0.068568,-0.020638,0.004988,-0.036486
1777336359.232124,0.548722,-0.512267,2.188965,-3.822574,0.170759,0.001453,0.005957,-0.079401,0.546796,-0.509172,2.188897,-3.808089,-0.139587,0.109795,0.004658,-0.071460,0.066861,-0.019178,0.004906,-0.036297
1777336359.265416,0.545459,-0.509537,2.189102,-3.824895,0.169543,0.001339,0.005879,-0.078369,0.542131,-0.505485,2.189051,-3.810455,-0.139770,0.110475,0.004617,-0.070969,0.066405,-0.018175,0.004830,-0.036050
1777336359.298778,0.539150,-0.504250,2.189179,-3.827265,0.172308,0.001157,0.005728,-0.077012,0.537479,-0.501790,2.189203,-3.812781,-0.139950,0.111147,0.004576,-0.069767,0.064542,-0.016674,0.004773,-0.035754
1777336359.332112,0.536108,-0.501681,2.189430,-3.829559,0.171179,0.001058,0.005810,-0.076681,0.532816,-0.498069,2.189354,-3.815078,-0.140129,0.111815,0.004535,-0.068910,0.064167,-0.015719,0.004696,-0.035410
1777336359.365417,0.530158,-0.496663,2.189563,-3.831887,0.174243,0.000908,0.005766,-0.076335,0.528117,-0.494302,2.189505,-3.817359,-0.140307,0.112482,0.004494,-0.068438,0.062665,-0.014378,0.004625,-0.035007
1777336359.398759,0.526826,-0.493843,2.189633,-3.834197,0.173326,0.000824,0.005618,-0.075910,0.523441,-0.490537,2.189653,-3.819596,-0.140483,0.113140,0.004453,-0.067102,0.062409,-0.013506,0.004573,-0.034570
1777336359.432113,0.520602,-0.488578,2.189884,-3.836496,0.176372,0.000701,0.005710,-0.075115,0.518764,-0.486752,2.189800,-3.821801,-0.140657,0.113793,0.004412,-0.066168,0.060798,-0.012181,0.004501,-0.034060
1777336359.465436,0.517216,-0.485701,2.190015,-3.838748,0.175248,0.000633,0.005629,-0.074367,0.514033,-0.482908,2.189946,-3.823999,-0.140831,0.114447,0.004370,-0.065939,0.060406,-0.011317,0.004435,-0.033508
1777336359.498780,0.511198,-0.480592,2.190078,-3.840961,0.178307,0.000545,0.005499,-0.073877,0.509341,-0.479078,2.190090,-3.826147,-0.141002,0.115089,0.004330,-0.064436,0.058904,-0.010099,0.004387,-0.032960
1777336359.532111,0.507549,-0.477486,2.190324,-3.843193,0.176923,0.000496,0.005548,-0.072608,0.504657,-0.475238,2.190233,-3.828260,-0.141171,0.115725,0.004289,-0.063394,0.058417,-0.009271,0.004319,-0.032341
1777336359.565408,0.501405,-0.472258,2.190445,-3.845336,0.179749,0.000439,0.005477,-0.071676,0.499928,-0.471345,2.190375,-3.830362,-0.141340,0.116361,0.004247,-0.063059,0.056709,-0.008058,0.004257,-0.031703
1777336359.598788,0.498689,-0.469934,2.190488,-3.847363,0.179167,0.000413,0.005360,-0.072745,0.495234,-0.467464,2.190514,-3.832418,-0.141506,0.116987,0.004207,-0.061676,0.056861,-0.007532,0.004218,-0.031121
1777336359.632119,0.492453,-0.464621,2.190717,-3.849507,0.182460,0.000390,0.005444,-0.072216,0.490505,-0.463539,2.190653,-3.834458,-0.141671,0.117611,0.004165,-0.061211,0.055623,-0.006574,0.004160,-0.030481
1777336359.665423,0.488675,-0.461393,2.190846,-3.851576,0.181306,0.000380,0.005357,-0.070811,0.485702,-0.459535,2.190793,-3.836500,-0.141838,0.118239,0.004124,-0.061249,0.055307,-0.005977,0.004105,-0.029848
1777336359.698761,0.482408,-0.456046,2.190908,-3.853554,0.184211,0.000392,0.005219,-0.069589,0.481036,-0.455630,2.190927,-3.838453,-0.141997,0.118843,0.004083,-0.058602,0.053757,-0.005010,0.004067,-0.029278
1777336359.732143,0.478934,-0.453075,2.191127,-3.855504,0.182776,0.000402,0.005259,-0.068301,0.476305,-0.451654,2.191062,-3.840405,-0.142157,0.119449,0.004042,-0.058554,0.053399,-0.004493,0.004012,-0.028649
1777336359.765434,0.472375,-0.447474,2.191248,-3.857428,0.185258,0.000448,0.005169,-0.066541,0.471550,-0.447643,2.191195,-3.842337,-0.142316,0.120053,0.004001,-0.057962,0.051533,-0.003517,0.003960,-0.028064
1777336359.798766,0.468763,-0.444381,2.191307,-3.859297,0.182866,0.000473,0.004972,-0.064531,0.466811,-0.443630,2.191327,-3.844234,-0.142473,0.120648,0.003960,-0.056902,0.050908,-0.002999,0.003925,-0.027513
1777336359.832131,0.463215,-0.439648,2.191500,-3.861031,0.185530,0.000545,0.005037,-0.064048,0.462059,-0.439590,2.191458,-3.846108,-0.142629,0.121240,0.003919,-0.056210,0.049700,-0.002340,0.003878,-0.027021
1777336359.865464,0.459699,-0.436637,2.191616,-3.862835,0.183967,0.000587,0.004943,-0.062787,0.457254,-0.435491,2.191588,-3.847973,-0.142784,0.121831,0.003877,-0.055960,0.049728,-0.002133,0.003833,-0.026549
1777336359.898790,0.453579,-0.431414,2.191670,-3.864554,0.186673,0.000695,0.004807,-0.061703,0.452515,-0.431433,2.191715,-3.849785,-0.142936,0.122409,0.003836,-0.054348,0.048666,-0.001621,0.003805,-0.026143
1777336359.932201,0.453579,-0.431414,2.191670,-3.864554,0.186673,0.000695,0.004807,-0.061703,0.447761,-0.427347,2.191841,-3.851574,-0.143086,0.122982,0.003795,-0.053695,0.051735,-0.002531,0.003803,-0.026503
1777336359.965465,0.448606,-0.427159,2.191893,-3.866332,0.184087,0.000770,0.004756,-0.059021,0.442904,-0.423157,2.191969,-3.853375,-0.143238,0.123562,0.003753,-0.054015,0.054160,-0.003265,0.003778,-0.026723
1777336359.998804,0.441835,-0.421375,2.192013,-3.867996,0.184213,0.000907,0.004586,-0.056361,0.438164,-0.419053,2.192091,-3.855105,-0.143384,0.124121,0.003712,-0.051900,0.054644,-0.003401,0.003753,-0.026904
1777336360.032120,0.441835,-0.421375,2.192013,-3.867996,0.184213,0.000907,0.004586,-0.056361,0.433424,-0.414936,2.192213,-3.856808,-0.143529,0.124675,0.003672,-0.051096,0.059044,-0.004862,0.003753,-0.027695
1777336360.065451,0.438860,-0.418853,2.192047,-3.869607,0.180566,0.000976,0.004367,-0.054597,0.428604,-0.410734,2.192335,-3.858514,-0.143675,0.125232,0.003630,-0.051163,0.064284,-0.006631,0.003768,-0.028300
1777336360.098747,0.433240,-0.414048,2.192231,-3.871268,0.181847,0.001112,0.004403,-0.053632,0.423815,-0.406546,2.192454,-3.860181,-0.143817,0.125779,0.003589,-0.050029,0.068057,-0.007951,0.003767,-0.028748
1777336360.132118,0.430329,-0.411558,2.192321,-3.872987,0.179347,0.001174,0.004310,-0.053109,0.419045,-0.402361,2.192572,-3.861816,-0.143958,0.126318,0.003548,-0.049048,0.072849,-0.009616,0.003770,-0.028980
1777336360.165426,0.424410,-0.406474,2.192356,-3.874785,0.181643,0.001324,0.004209,-0.053061,0.414221,-0.398114,2.192689,-3.863444,-0.144098,0.126856,0.003507,-0.048830,0.075924,-0.010742,0.003786,-0.028984
1777336360.198783,0.421187,-0.403700,2.192542,-3.876655,0.179855,0.001394,0.004269,-0.053214,0.409430,-0.393883,2.192804,-3.865034,-0.144236,0.127385,0.003465,-0.047719,0.079876,-0.012158,0.003784,-0.028784
1777336360.232136,0.414975,-0.398303,2.192638,-3.878566,0.182612,0.001528,0.004262,-0.053491,0.404615,-0.389617,2.192918,-3.866608,-0.144372,0.127911,0.003424,-0.047202,0.081966,-0.012971,0.003784,-0.028349
1777336360.265423,0.411611,-0.395374,2.192684,-3.880495,0.181117,0.001589,0.004155,-0.053857,0.399767,-0.385308,2.193032,-3.868166,-0.144508,0.128434,0.003383,-0.046754,0.084936,-0.014062,0.003794,-0.027719
1777336360.298780,0.405815,-0.390275,2.192869,-3.882375,0.184489,0.001694,0.004299,-0.055243,0.394972,-0.381033,2.193143,-3.869683,-0.144640,0.128945,0.003342,-0.045502,0.086550,-0.014703,0.003786,-0.026948
1777336360.332108,0.401977,-0.386886,2.192978,-3.884336,0.183392,0.001744,0.004269,-0.055286,0.390146,-0.376718,2.193253,-3.871184,-0.144772,0.129453,0.003300,-0.045042,0.088659,-0.015487,0.003776,-0.025978
1777336360.365463,0.395486,-0.381097,2.193034,-3.886191,0.186729,0.001827,0.004227,-0.055325,0.385313,-0.372384,2.193361,-3.872664,-0.144902,0.129955,0.003259,-0.044379,0.088883,-0.015634,0.003774,-0.024912
1777336360.398755,0.391776,-0.377780,2.193239,-3.888006,0.185371,0.001857,0.004311,-0.054924,0.380501,-0.368056,2.193468,-3.874112,-0.145030,0.130449,0.003218,-0.043455,0.089946,-0.016032,0.003750,-0.023769
1777336360.432114,0.385430,-0.372047,2.193341,-3.889713,0.188769,0.001911,0.004333,-0.054792,0.375665,-0.363693,2.193574,-3.875544,-0.145157,0.130940,0.003176,-0.042953,0.089364,-0.015862,0.003724,-0.022591
1777336360.465408,0.381411,-0.368408,2.193401,-3.891396,0.187051,0.001922,0.004214,-0.053587,0.370788,-0.359281,2.193679,-3.876964,-0.145283,0.131428,0.003135,-0.042599,0.089472,-0.015891,0.003707,-0.021403
1777336360.498770,0.375162,-0.362695,2.193597,-3.892903,0.190415,0.001949,0.004351,-0.053049,0.365955,-0.354897,2.193782,-3.878347,-0.145406,0.131906,0.003094,-0.041494,0.088207,-0.015435,0.003668,-0.020291
1777336360.532107,0.371758,-0.359576,2.193699,-3.894346,0.189513,0.001948,0.004327,-0.052483,0.361115,-0.350494,2.193883,-3.879709,-0.145528,0.132378,0.003052,-0.040853,0.088265,-0.015391,0.003629,-0.019232
1777336360.565491,0.365191,-0.353514,2.193756,-3.895710,0.193222,0.001959,0.004284,-0.051515,0.356235,-0.346043,2.193984,-3.881059,-0.145649,0.132848,0.003011,-0.040491,0.086615,-0.014754,0.003599,-0.018264
1777336360.598808,0.361620,-0.350210,2.193949,-3.896965,0.192524,0.001949,0.004375,-0.050484,0.351352,-0.341577,2.194084,-3.882386,-0.145768,0.133312,0.002969,-0.039813,0.086236,-0.014520,0.003548,-0.017426
1777336360.632146,0.354732,-0.343800,2.194060,-3.898160,0.196244,0.001945,0.004381,-0.048946,0.346510,-0.337137,2.194181,-3.883679,-0.145885,0.133765,0.002928,-0.038795,0.083952,-0.013632,0.003495,-0.016706
1777336360.665465,0.351067,-0.340381,2.194114,-3.899251,0.195285,0.001924,0.004287,-0.047446,0.341634,-0.332655,2.194277,-3.884958,-0.146001,0.134215,0.002887,-0.038381,0.082922,-0.013149,0.003451,-0.016108
1777336360.698788,0.344233,-0.333974,2.194310,-3.900289,0.198917,0.001906,0.004397,-0.045771,0.336787,-0.328189,2.194372,-3.886208,-0.146114,0.134657,0.002845,-0.037482,0.080122,-0.012063,0.003386,-0.015649
1777336360.732139,0.340246,-0.330231,2.194417,-3.901278,0.197362,0.001873,0.004337,-0.043860,0.331929,-0.323700,2.194465,-3.887438,-0.146226,0.135093,0.002804,-0.036907,0.078390,-0.011323,0.003320,-0.015300
1777336360.765422,0.333467,-0.323837,2.194469,-3.902203,0.200685,0.001845,0.004256,-0.042141,0.326992,-0.319128,2.194558,-3.888665,-0.146338,0.135530,0.002762,-0.036826,0.075040,-0.010035,0.003263,-0.015073
1777336360.798753,0.329508,-0.320098,2.194664,-3.903118,0.198657,0.001804,0.004292,-0.040276,0.322172,-0.314653,2.194648,-3.889842,-0.146445,0.135950,0.002721,-0.035302,0.072980,-0.009171,0.003186,-0.014965
1777336360.832112,0.322892,-0.313830,2.194756,-3.903985,0.201820,0.001774,0.004255,-0.038791,0.317275,-0.310097,2.194737,-3.891016,-0.146553,0.136370,0.002680,-0.035212,0.069489,-0.007823,0.003111,-0.014910
1777336360.865417,0.319520,-0.310628,2.194799,-3.904845,0.200519,0.001740,0.004144,-0.037684,0.312374,-0.305525,2.194825,-3.892169,-0.146659,0.136785,0.002638,-0.034594,0.067821,-0.007085,0.003048,-0.014945
1777336360.898786,0.312755,-0.304205,2.194975,-3.905726,0.203999,0.001720,0.004210,-0.036549,0.307503,-0.300972,2.194912,-3.893293,-0.146763,0.137191,0.002597,-0.033732,0.064616,-0.005840,0.002967,-0.015018
1777336360.932123,0.309038,-0.300670,2.195065,-3.906607,0.202684,0.001690,0.004145,-0.035541,0.302609,-0.296387,2.194997,-3.894402,-0.146865,0.137592,0.002556,-0.033259,0.062873,-0.005091,0.002889,-0.015102
1777336360.965412,0.302766,-0.294708,2.195107,-3.907479,0.206458,0.001688,0.004068,-0.035077,0.297686,-0.291765,2.195081,-3.895496,-0.146967,0.137989,0.002514,-0.032808,0.060058,-0.004003,0.002822,-0.015203
1777336360.998784,0.298740,-0.290877,2.195271,-3.908413,0.205395,0.001668,0.004096,-0.034316,0.292781,-0.287150,2.195163,-3.896564,-0.147066,0.138378,0.002472,-0.032064,0.058426,-0.003324,0.002740,-0.015282
1777336361.032117,0.291884,-0.284360,2.195358,-3.909342,0.208941,0.001684,0.004046,-0.033686,0.287808,-0.282461,2.195245,-3.897627,-0.147165,0.138766,0.002430,-0.031865,0.055202,-0.002145,0.002659,-0.015324
1777336361.065429,0.288010,-0.280674,2.195401,-3.910295,0.207486,0.001672,0.003921,-0.033090,0.282969,-0.277888,2.195324,-3.898640,-0.147259,0.139138,0.002389,-0.030398,0.053436,-0.001468,0.002590,-0.015337
1777336361.098801,0.280757,-0.273784,2.195560,-3.911275,0.210410,0.001708,0.003935,-0.032325,0.278065,-0.273246,2.195402,-3.899646,-0.147354,0.139507,0.002348,-0.030187,0.049711,-0.000176,0.002506,-0.015249
1777336361.132240,0.276595,-0.269824,2.195643,-3.912269,0.207313,0.001699,0.003809,-0.031366,0.273148,-0.268581,2.195479,-3.900635,-0.147446,0.139872,0.002307,-0.029662,0.047247,0.000685,0.002424,-0.015105
1777336361.165427,0.276595,-0.269824,2.195643,-3.912269,0.207313,0.001699,0.003809,-0.031366,0.268215,-0.263892,2.195555,-3.901606,-0.147538,0.140231,0.002265,-0.029146,0.049628,-0.000070,0.002360,-0.015347
1777336361.198784,0.270096,-0.263659,2.195682,-3.913250,0.208377,0.001748,0.003647,-0.030578,0.263296,-0.259208,2.195629,-3.902555,-0.147627,0.140583,0.002223,-0.028455,0.050208,-0.000259,0.002307,-0.015461
1777336361.232118,0.265519,-0.259308,2.195836,-3.914259,0.203971,0.001745,0.003570,-0.029427,0.258369,-0.254508,2.195702,-3.903485,-0.147715,0.140929,0.002182,-0.027899,0.051040,-0.000535,0.002237,-0.015437
1777336361.265434,0.265519,-0.259308,2.195836,-3.914259,0.203971,0.001745,0.003570,-0.029427,0.253472,-0.249827,2.195773,-3.904390,-0.147800,0.141266,0.002141,-0.027144,0.056226,-0.002244,0.002185,-0.015749
1777336361.298790,0.258800,-0.252954,2.195909,-3.915237,0.203615,0.001820,0.003415,-0.028426,0.248546,-0.245111,2.195842,-3.905280,-0.147885,0.141599,0.002099,-0.026707,0.058969,-0.003176,0.002134,-0.015882
1777336361.332113,0.255585,-0.249910,2.195913,-3.916208,0.200177,0.001832,0.003250,-0.028060,0.243614,-0.240380,2.195911,-3.906152,-0.147968,0.141926,0.002058,-0.026156,0.062870,-0.004483,0.002097,-0.015870
1777336361.365423,0.249514,-0.244166,2.196014,-3.917192,0.202667,0.001930,0.003266,-0.028275,0.238677,-0.235636,2.195978,-3.907005,-0.148049,0.142246,0.002016,-0.025597,0.065138,-0.005276,0.002054,-0.015719
1777336361.398807,0.245597,-0.240449,2.196064,-3.918256,0.199782,0.001956,0.003172,-0.027995,0.233732,-0.230877,2.196044,-3.907840,-0.148129,0.142561,0.001975,-0.025054,0.068003,-0.006258,0.002015,-0.015403
1777336361.432111,0.239556,-0.234700,2.196082,-3.919264,0.202831,0.002047,0.003123,-0.028572,0.228801,-0.226123,2.196109,-3.908654,-0.148206,0.142868,0.001933,-0.024405,0.069409,-0.006773,0.001986,-0.014970
1777336361.465421,0.236558,-0.231845,2.196176,-3.920280,0.202110,0.002078,0.003156,-0.029776,0.223817,-0.221311,2.196172,-3.909456,-0.148283,0.143172,0.001891,-0.024086,0.072342,-0.007777,0.001950,-0.014424
1777336361.498844,0.229509,-0.225081,2.196238,-3.921353,0.205833,0.002160,0.003158,-0.029959,0.218893,-0.216550,2.196233,-3.910231,-0.148358,0.143466,0.001850,-0.023222,0.072856,-0.007998,0.001914,-0.013765
1777336361.532145,0.225505,-0.221233,2.196269,-3.922362,0.204437,0.002181,0.003075,-0.029837,0.213958,-0.211770,2.196294,-3.910988,-0.148430,0.143754,0.001808,-0.022717,0.074079,-0.008440,0.001884,-0.013011
1777336361.565475,0.218962,-0.214910,2.196370,-3.923302,0.208181,0.002242,0.003141,-0.029984,0.208971,-0.206933,2.196353,-3.911734,-0.148502,0.144038,0.001766,-0.022378,0.073534,-0.008304,0.001845,-0.012215
1777336361.598773,0.215238,-0.211306,2.196423,-3.924213,0.207286,0.002253,0.003105,-0.029962,0.204041,-0.202144,2.196410,-3.912453,-0.148571,0.144313,0.001725,-0.021567,0.074154,-0.008537,0.001806,-0.011401
1777336361.632240,0.207926,-0.204187,2.196457,-3.925084,0.210879,0.002295,0.003065,-0.029380,0.199097,-0.197336,2.196466,-3.913155,-0.148639,0.144582,0.001684,-0.021067,0.072352,-0.007974,0.001773,-0.010565
1777336361.665437,0.204325,-0.200677,2.196554,-3.925854,0.209659,0.002291,0.003077,-0.028931,0.194125,-0.192493,2.196521,-3.913842,-0.148706,0.144846,0.001642,-0.020630,0.071978,-0.007865,0.001730,-0.009760
1777336361.698789,0.197249,-0.193746,2.196611,-3.926582,0.213243,0.002316,0.003063,-0.028166,0.189198,-0.187687,2.196574,-3.914506,-0.148770,0.145101,0.001601,-0.019896,0.069575,-0.007086,0.001687,-0.008999
1777336361.732114,0.192893,-0.189475,2.196642,-3.927250,0.210902,0.002293,0.002950,-0.026976,0.184230,-0.182835,2.196626,-3.915156,-0.148833,0.145352,0.001559,-0.019514,0.067989,-0.006560,0.001648,-0.008282
1777336361.765429,0.185788,-0.182479,2.196742,-3.927828,0.213760,0.002299,0.002966,-0.025817,0.179249,-0.177964,2.196677,-3.915790,-0.148895,0.145596,0.001517,-0.019010,0.064550,-0.005415,0.001599,-0.007650
1777336361.798799,0.182701,-0.179435,2.196783,-3.928327,0.212304,0.002276,0.002911,-0.025011,0.174277,-0.173096,2.196726,-3.916404,-0.148955,0.145834,0.001476,-0.018430,0.063335,-0.004986,0.001553,-0.007115
1777336361.832143,0.175861,-0.172680,2.196811,-3.928805,0.215888,0.002286,0.002853,-0.023986,0.169319,-0.168237,2.196774,-3.916999,-0.149013,0.146064,0.001434,-0.017834,0.060458,-0.004008,0.001511,-0.006662
1777336361.865420,0.172143,-0.169006,2.196897,-3.929220,0.214711,0.002264,0.002843,-0.022925,0.164312,-0.163324,2.196821,-3.917581,-0.149070,0.146290,0.001392,-0.017464,0.059111,-0.003525,0.001461,-0.006297
1777336361.898807,0.165348,-0.162287,2.196944,-3.929596,0.218500,0.002279,0.002806,-0.021850,0.159365,-0.158463,2.196865,-3.918138,-0.149124,0.146507,0.001351,-0.016720,0.056199,-0.002537,0.001412,-0.006025
1777336361.932127,0.161382,-0.158364,2.196968,-3.929943,0.217292,0.002258,0.002715,-0.020729,0.154424,-0.153604,2.196909,-3.918677,-0.149177,0.146717,0.001309,-0.016171,0.054587,-0.001977,0.001367,-0.005823
1777336361.965434,0.154671,-0.151727,2.197045,-3.930256,0.221094,0.002281,0.002719,-0.019706,0.149394,-0.148651,2.196952,-3.919208,-0.149229,0.146924,0.001267,-0.015921,0.051478,-0.000943,0.001316,-0.005692
1777336361.998795,0.143041,-0.140235,2.197105,-3.930864,0.225271,0.002314,0.002603,-0.018727,0.144467,-0.143795,2.196992,-3.919710,-0.149278,0.147120,0.001226,-0.015068,0.042601,0.001943,0.001262,-0.005490
1777336362.032133,0.139359,-0.136589,2.197116,-3.931148,0.222972,0.002289,0.002488,-0.017674,0.139488,-0.138883,2.197031,-3.920200,-0.149327,0.147312,0.001184,-0.014700,0.036268,0.003986,0.001215,-0.005343
1777336362.065474,0.139359,-0.136589,2.197116,-3.931148,0.222972,0.002289,0.002488,-0.017674,0.134491,-0.133949,2.197070,-3.920674,-0.149373,0.147498,0.001143,-0.014223,0.035582,0.004172,0.001177,-0.005381
1777336362.098797,0.133051,-0.130362,2.197204,-3.931433,0.225137,0.002320,0.002473,-0.016755,0.129514,-0.129030,2.197106,-3.921129,-0.149418,0.147676,0.001101,-0.013640,0.033754,0.004707,0.001128,-0.005436
1777336362.132154,0.128853,-0.126218,2.197252,-3.931719,0.223376,0.002313,0.002365,-0.015884,0.124535,-0.124105,2.197142,-3.921566,-0.149461,0.147848,0.001059,-0.013122,0.032944,0.004897,0.001077,-0.005491
1777336362.165454,0.121884,-0.119391,2.197326,-3.931997,0.226229,0.002399,0.002294,-0.015097,0.119522,-0.119142,2.197176,-3.921989,-0.149503,0.148015,0.001018,-0.012685,0.030421,0.005599,0.001019,-0.005542
1777336362.198814,0.118441,-0.116021,2.197355,-3.932278,0.224542,0.002415,0.002207,-0.014525,0.114562,-0.114227,2.197208,-3.922390,-0.149543,0.148173,0.000976,-0.012034,0.029795,0.005665,0.000964,-0.005584
1777336362.232120,0.108939,-0.106751,2.197430,-3.932911,0.224095,0.002525,0.002081,-0.014044,0.109604,-0.109311,2.197239,-3.922774,-0.149580,0.148324,0.000935,-0.011516,0.025126,0.006989,0.000901,-0.005440
1777336362.265473,0.108939,-0.106751,2.197430,-3.932911,0.224095,0.002525,0.002081,-0.014044,0.104600,-0.104345,2.197269,-3.923144,-0.149617,0.148471,0.000893,-0.011105,0.025873,0.006565,0.000846,-0.005423
1777336362.298785,0.098934,-0.097044,2.197454,-3.933577,0.223970,0.002690,0.001902,-0.013631,0.099589,-0.099370,2.197298,-3.923498,-0.149652,0.148610,0.000851,-0.010600,0.021986,0.007569,0.000794,-0.005208
1777336362.332112,0.098934,-0.097044,2.197454,-3.933577,0.223970,0.002690,0.001902,-0.013631,0.094622,-0.094433,2.197324,-3.923831,-0.149685,0.148742,0.000810,-0.009997,0.023457,0.006859,0.000748,-0.005118
1777336362.365456,0.091552,-0.089937,2.197485,-3.933902,0.227225,0.002892,0.001839,-0.013196,0.089600,-0.089440,2.197350,-3.924150,-0.149717,0.148869,0.000768,-0.009589,0.022571,0.006835,0.000702,-0.004974
1777336362.398804,0.086670,-0.085207,2.197527,-3.934241,0.224544,0.002949,0.001729,-0.012661,0.084632,-0.084497,2.197374,-3.924450,-0.149747,0.148988,0.000726,-0.008979,0.022065,0.006674,0.000654,-0.004779
1777336362.432140,0.080057,-0.078858,2.197536,-3.934546,0.226803,0.003139,0.001623,-0.012291,0.079619,-0.079507,2.197397,-3.924735,-0.149775,0.149101,0.000685,-0.008546,0.020253,0.006877,0.000609,-0.004539
1777336362.465430,0.076677,-0.075617,2.197561,-3.934850,0.224594,0.003198,0.001568,-0.012034,0.074633,-0.074541,2.197419,-3.925001,-0.149801,0.149207,0.000643,-0.007992,0.020380,0.006453,0.000564,-0.004263
1777336362.498836,0.070504,-0.069708,2.197575,-3.935144,0.227369,0.003397,0.001507,-0.011851,0.069637,-0.069562,2.197439,-3.925251,-0.149826,0.149306,0.000601,-0.007499,0.019530,0.006293,0.000522,-0.003950
1777336362.532133,0.059434,-0.059083,2.197622,-3.935708,0.230045,0.003699,0.001402,-0.011594,0.064674,-0.064613,2.197457,-3.925483,-0.149849,0.149398,0.000560,-0.006949,0.013359,0.007737,0.000475,-0.003477
1777336362.565445,0.056043,-0.055864,2.197633,-3.935953,0.227105,0.003768,0.001318,-0.011158,0.059643,-0.059596,2.197475,-3.925700,-0.149871,0.149485,0.000518,-0.006533,0.009811,0.008345,0.000429,-0.003004
1777336362.598787,0.049661,-0.049783,2.197635,-3.936176,0.229254,0.003984,0.001241,-0.010733,0.054671,-0.054634,2.197490,-3.925899,-0.149891,0.149564,0.000476,-0.005954,0.005787,0.009061,0.000388,-0.002541
1777336362.632126,0.046003,-0.046294,2.197640,-3.936369,0.226592,0.004046,0.001148,-0.010218,0.049680,-0.049653,2.197505,-3.926081,-0.149909,0.149637,0.000435,-0.005474,0.003828,0.009132,0.000349,-0.002087
1777336362.665412,0.046003,-0.046294,2.197640,-3.936369,0.226592,0.004046,0.001148,-0.010218,0.044677,-0.044657,2.197518,-3.926247,-0.149926,0.149703,0.000393,-0.004984,0.006957,0.007644,0.000314,-0.001727
1777336362.698832,0.037509,-0.038209,2.197696,-3.936640,0.224706,0.004263,0.000992,-0.009628,0.039668,-0.039654,2.197530,-3.926397,-0.149941,0.149763,0.000351,-0.004484,0.006627,0.007196,0.000269,-0.001315
1777336362.732112,0.030617,-0.031728,2.197710,-3.936714,0.227716,0.004567,0.000897,-0.008896,0.034679,-0.034670,2.197540,-3.926529,-0.149954,0.149815,0.000310,-0.003965,0.004885,0.007126,0.000225,-0.000942
1777336362.765416,0.026670,-0.028010,2.197710,-3.936766,0.225484,0.004667,0.000813,-0.008156,0.029663,-0.029657,2.197549,-3.926645,-0.149965,0.149862,0.000268,-0.003483,0.004624,0.006592,0.000183,-0.000604
1777336362.798784,0.020379,-0.022102,2.197699,-3.936789,0.227634,0.004934,0.000739,-0.007414,0.024693,-0.024689,2.197556,-3.926744,-0.149975,0.149901,0.000227,-0.002953,0.003498,0.006281,0.000146,-0.000302
1777336362.832235,0.017158,-0.019085,2.197706,-3.936786,0.225803,0.005022,0.000684,-0.006662,0.019693,-0.019692,2.197563,-3.926826,-0.149984,0.149934,0.000185,-0.002470,0.004399,0.005348,0.000109,-0.000034
1777336362.865459,0.010991,-0.013295,2.197712,-3.936762,0.228093,0.005281,0.000620,-0.005918,0.014682,-0.014681,2.197567,-3.926892,-0.149990,0.149960,0.000143,-0.001974,0.004333,0.004679,0.000072,0.000202
1777336362.898812,0.007119,-0.009656,2.197714,-3.936719,0.225592,0.005361,0.000546,-0.005200,0.009650,-0.009650,2.197571,-3.926941,-0.149995,0.149980,0.000101,-0.001476,0.005558,0.003619,0.000036,0.000409
1777336362.932138,0.000174,-0.003134,2.197718,-3.936656,0.226454,0.005605,0.000463,-0.004528,0.004666,-0.004666,2.197573,-3.926973,-0.149998,0.149993,0.000060,-0.000963,0.005096,0.003050,-0.000001,0.000591
1777336362.965466,0.000174,-0.003134,2.197718,-3.936656,0.226454,0.005605,0.000463,-0.004528,-0.000349,0.000349,2.197573,-3.926989,-0.150000,0.149999,0.000018,-0.000467,0.009438,0.001052,-0.000037,0.000787
1777336362.998782,-0.003834,0.000597,2.197711,-3.936578,0.222474,0.005672,0.000381,-0.003887,-0.005310,0.005310,2.197573,-3.926987,-0.150000,0.149999,-0.000023,0.000033,0.014254,-0.001090,-0.000072,0.000966
1777336363.032130,-0.009066,0.005509,2.197707,-3.936488,0.223320,0.005853,0.000330,-0.003202,-0.010327,0.010327,2.197570,-3.926970,-0.149998,0.149992,-0.000065,0.000534,0.018255,-0.002981,-0.000106,0.001133
1777336363.065438,-0.018976,0.014874,2.197699,-3.936292,0.223698,0.006104,0.000236,-0.002568,-0.015309,0.015308,2.197567,-3.926935,-0.149994,0.149978,-0.000107,0.001028,0.017343,-0.003379,-0.000139,0.001253
1777336363.098812,-0.021904,0.017608,2.197686,-3.936167,0.219498,0.006102,0.000185,-0.001966,-0.020331,0.020329,2.197562,-3.926884,-0.149989,0.149957,-0.000149,0.001539,0.018674,-0.004434,-0.000171,0.001372
1777336363.132134,-0.021904,0.017608,2.197686,-3.936167,0.219498,0.006102,0.000185,-0.001966,-0.025303,0.025300,2.197556,-3.926817,-0.149983,0.149930,-0.000190,0.002021,0.024541,-0.006821,-0.000205,0.001553
1777336363.165423,-0.027667,0.023065,2.197669,-3.936040,0.218841,0.006204,0.000145,-0.001458,-0.030347,0.030341,2.197548,-3.926732,-0.149974,0.149896,-0.000232,0.002556,0.028905,-0.008721,-0.000236,0.001735
1777336363.198796,-0.030733,0.025981,2.197672,-3.935910,0.215822,0.006184,0.000100,-0.000916,-0.035380,0.035370,2.197539,-3.926630,-0.149964,0.149856,-0.000274,0.003060,0.034523,-0.010958,-0.000271,0.001927
1777336363.232118,-0.036438,0.031453,2.197668,-3.935773,0.217238,0.006271,0.000077,-0.000396,-0.040313,0.040298,2.197528,-3.926513,-0.149952,0.149809,-0.000315,0.003492,0.038708,-0.012705,-0.000307,0.002131
1777336363.265483,-0.039485,0.034374,2.197645,-3.935626,0.214836,0.006242,0.000038,0.000132,-0.045327,0.045306,2.197516,-3.926378,-0.149939,0.149755,-0.000357,0.004050,0.044030,-0.014752,-0.000341,0.002343
1777336363.298811,-0.047865,0.042501,2.197619,-3.935300,0.212938,0.006192,0.000000,0.000625,-0.050322,0.050294,2.197503,-3.926227,-0.149924,0.149695,-0.000399,0.004538,0.045438,-0.015507,-0.000372,0.002497
1777336363.332116,-0.047865,0.042501,2.197619,-3.935300,0.212938,0.006192,0.000000,0.000625,-0.055347,0.055310,2.197488,-3.926058,-0.149907,0.149627,-0.000440,0.005073,0.051262,-0.017588,-0.000407,0.002750
1777336363.365439,-0.054289,0.048851,2.197604,-3.935104,0.214377,0.006126,0.000003,0.001084,-0.060313,0.060264,2.197472,-3.925874,-0.149888,0.149554,-0.000482,0.005513,0.054774,-0.018850,-0.000443,0.003009
1777336363.398822,-0.057817,0.052330,2.197592,-3.934906,0.212029,0.006019,-0.000022,0.001561,-0.065323,0.065261,2.197455,-3.925672,-0.149868,0.149473,-0.000524,0.006068,0.059005,-0.020277,-0.000480,0.003275
1777336363.432120,-0.064061,0.058591,2.197586,-3.934694,0.213681,0.005886,-0.000010,0.001996,-0.070289,0.070212,2.197436,-3.925455,-0.149847,0.149387,-0.000565,0.006515,0.061250,-0.020972,-0.000520,0.003553
1777336363.465420,-0.067528,0.062068,2.197553,-3.934464,0.210464,0.005715,-0.000050,0.002412,-0.075276,0.075181,2.197416,-3.925220,-0.149823,0.149293,-0.000607,0.007048,0.064424,-0.021895,-0.000557,0.003834
1777336363.498768,-0.073090,0.067765,2.197542,-3.934218,0.212350,0.005511,-0.000025,0.002973,-0.080259,0.080144,2.197394,-3.924968,-0.149798,0.149193,-0.000648,0.007547,0.066313,-0.022287,-0.000597,0.004123
1777336363.532110,-0.076218,0.070967,2.197534,-3.933951,0.210149,0.005325,-0.000032,0.003537,-0.085256,0.085118,2.197371,-3.924699,-0.149771,0.149086,-0.000690,0.008076,0.069461,-0.023018,-0.000640,0.004412
1777336363.565429,-0.084404,0.079385,2.197492,-3.933361,0.209229,0.004924,-0.000057,0.004146,-0.090280,0.090116,2.197347,-3.924411,-0.149743,0.148972,-0.000732,0.008633,0.068817,-0.022373,-0.000679,0.004569
1777336363.598784,-0.084404,0.079385,2.197492,-3.933361,0.209229,0.004924,-0.000057,0.004146,-0.095275,0.095082,2.197321,-3.924108,-0.149713,0.148852,-0.000774,0.009096,0.072862,-0.023258,-0.000724,0.004885
1777336363.632133,-0.090892,0.086316,2.197489,-3.933019,0.211672,0.004473,-0.000017,0.004687,-0.100241,0.100016,2.197294,-3.923790,-0.149681,0.148726,-0.000815,0.009552,0.074386,-0.023127,-0.000773,0.005187
1777336363.665422,-0.094864,0.090471,2.197445,-3.932668,0.209330,0.004196,-0.000061,0.005147,-0.105221,0.104962,2.197265,-3.923453,-0.149648,0.148593,-0.000857,0.010090,0.076317,-0.023076,-0.000819,0.005477
1777336363.698746,-0.101485,0.097530,2.197421,-3.932301,0.211007,0.003739,-0.000034,0.005551,-0.110203,0.109905,2.197235,-3.923100,-0.149613,0.148453,-0.000898,0.010606,0.075926,-0.022113,-0.000866,0.005762
1777336363.732112,-0.104758,0.101045,2.197409,-3.931915,0.207737,0.003428,-0.000042,0.006028,-0.115216,0.114875,2.197204,-3.922727,-0.149576,0.148306,-0.000940,0.011192,0.076894,-0.021548,-0.000917,0.006040
1777336363.765432,-0.110392,0.107180,2.197374,-3.931514,0.209936,0.002960,-0.000038,0.006711,-0.120220,0.119834,2.197171,-3.922337,-0.149537,0.148152,-0.000982,0.011696,0.076622,-0.020431,-0.000966,0.006316
1777336363.798801,-0.113589,0.110655,2.197354,-3.931086,0.207745,0.002653,-0.000058,0.007359,-0.125190,0.124754,2.197137,-3.921932,-0.149497,0.147992,-0.001023,0.012132,0.077752,-0.019747,-0.001018,0.006584
1777336363.832151,-0.119268,0.116887,2.197350,-3.930644,0.210593,0.002163,-0.000021,0.008151,-0.130176,0.129685,2.197102,-3.921509,-0.149455,0.147826,-0.001065,0.012690,0.077487,-0.018470,-0.001076,0.006841
1777336363.865500,-0.122758,0.120699,2.197300,-3.930175,0.208860,0.001837,-0.000076,0.008779,-0.135172,0.134622,2.197065,-3.921068,-0.149412,0.147652,-0.001107,0.013241,0.078286,-0.017531,-0.001130,0.007091
1777336363.898784,-0.129011,0.127579,2.197275,-3.929690,0.211621,0.001289,-0.000063,0.009354,-0.140119,0.139507,2.197027,-3.920614,-0.149367,0.147474,-0.001148,0.013633,0.077168,-0.015822,-0.001187,0.007333
1777336363.932111,-0.132541,0.131468,2.197259,-3.929187,0.209445,0.000947,-0.000074,0.009869,-0.145090,0.144410,2.196987,-3.920140,-0.149321,0.147288,-0.001190,0.014220,0.077149,-0.014478,-0.001247,0.007562
1777336363.965420,-0.139900,0.139556,2.197191,-3.928656,0.210677,0.000310,-0.000115,0.009994,-0.150100,0.149347,2.196946,-3.919644,-0.149272,0.147094,-0.001232,0.014864,0.074234,-0.012014,-0.001300,0.007783
1777336363.998775,-0.142580,0.142588,2.197167,-3.928137,0.207727,-0.000005,-0.000145,0.010602,-0.155062,0.154231,2.196903,-3.919136,-0.149222,0.146896,-0.001273,0.015252,0.073596,-0.010334,-0.001356,0.008014
1777336364.032193,-0.148606,0.149286,2.197156,-3.927588,0.210008,-0.000562,-0.000120,0.011151,-0.159998,0.159086,2.196860,-3.918612,-0.149171,0.146692,-0.001314,0.015698,0.071460,-0.008047,-0.001418,0.008238
1777336364.065464,-0.151933,0.152988,2.197089,-3.927024,0.207497,-0.000879,-0.000201,0.011650,-0.164971,0.163970,2.196815,-3.918067,-0.149117,0.146479,-0.001356,0.016346,0.070794,-0.006285,-0.001474,0.008456
1777336364.098792,-0.157485,0.159179,2.197063,-3.926461,0.210560,-0.001395,-0.000202,0.012544,-0.169942,0.168848,2.196768,-3.917505,-0.149062,0.146261,-0.001398,0.016877,0.069111,-0.004108,-0.001533,0.008687
1777336364.132158,-0.161012,0.163084,2.197044,-3.925863,0.209019,-0.001700,-0.000218,0.013154,-0.174906,0.173713,2.196720,-3.916925,-0.149006,0.146036,-0.001439,0.017391,0.068654,-0.002389,-0.001597,0.008917
1777336364.165458,-0.167361,0.170093,2.196969,-3.925256,0.212083,-0.002226,-0.000278,0.013692,-0.179910,0.178612,2.196670,-3.916323,-0.148947,0.145802,-0.001481,0.018080,0.066366,0.000017,-0.001654,0.009148
1777336364.198797,-0.171309,0.174438,2.196922,-3.924627,0.209544,-0.002525,-0.000327,0.013933,-0.184868,0.183459,2.196620,-3.915707,-0.148887,0.145564,-0.001523,0.018457,0.065026,0.002055,-0.001710,0.009386
1777336364.232152,-0.178091,0.181879,2.196901,-3.923989,0.211566,-0.003035,-0.000321,0.014130,-0.189854,0.188327,2.196567,-3.915070,-0.148825,0.145319,-0.001565,0.019107,0.061603,0.004864,-0.001772,0.009623
1777336364.265452,-0.181300,0.185426,2.196895,-3.923345,0.208708,-0.003271,-0.000331,0.014543,-0.194798,0.193149,2.196514,-3.914420,-0.148762,0.145068,-0.001606,0.019500,0.060046,0.006962,-0.001842,0.009874
1777336364.298771,-0.182853,0.187153,2.196816,-3.922683,0.203734,-0.003370,-0.000440,0.015109,-0.199708,0.197930,2.196459,-3.913757,-0.148698,0.144813,-0.001647,0.019903,0.061716,0.007841,-0.001905,0.010125
1777336364.332191,-0.187920,0.192671,2.196776,-3.922006,0.205321,-0.003713,-0.000467,0.015851,-0.204659,0.202746,2.196403,-3.913069,-0.148631,0.144549,-0.001689,0.020626,0.062562,0.009010,-0.001969,0.010377
1777336364.365452,-0.194562,0.199838,2.196681,-3.921321,0.210656,-0.004133,-0.000553,0.017025,-0.209632,0.207575,2.196345,-3.912360,-0.148563,0.144278,-0.001730,0.021273,0.061174,0.010963,-0.002023,0.010645
1777336364.398786,-0.198836,0.204434,2.196620,-3.920592,0.210915,-0.004363,-0.000607,0.017817,-0.214579,0.212372,2.196286,-3.911636,-0.148493,0.144001,-0.001772,0.021722,0.060275,0.012680,-0.002077,0.010916
1777336364.432109,-0.205977,0.212036,2.196577,-3.919846,0.214962,-0.004718,-0.000597,0.018292,-0.219513,0.217150,2.196226,-3.910895,-0.148421,0.143719,-0.001813,0.022227,0.056953,0.015216,-0.002132,0.011180
1777336364.465432,-0.209923,0.216241,2.196463,-3.919095,0.213785,-0.004879,-0.000709,0.018782,-0.224471,0.221944,2.196164,-3.910132,-0.148348,0.143429,-0.001855,0.022900,0.054728,0.017279,-0.002176,0.011446
1777336364.498841,-0.216618,0.223295,2.196406,-3.918325,0.217110,-0.005152,-0.000729,0.019279,-0.229460,0.226759,2.196100,-3.909345,-0.148273,0.143130,-0.001897,0.023620,0.050782,0.019891,-0.002220,0.011719
1777336364.532120,-0.220813,0.227708,2.196373,-3.917523,0.214638,-0.005260,-0.000750,0.019401,-0.234345,0.231468,2.196036,-3.908555,-0.148197,0.142831,-0.001938,0.023697,0.047885,0.022049,-0.002270,0.011998
1777336364.565441,-0.220813,0.227708,2.196373,-3.917523,0.214638,-0.005260,-0.000750,0.019401,-0.239309,0.236243,2.195970,-3.907733,-0.148118,0.142521,-0.001980,0.024651,0.049836,0.022360,-0.002333,0.012620
1777336364.598812,-0.228142,0.235332,2.196257,-3.916700,0.215214,-0.005447,-0.000869,0.019172,-0.244225,0.240966,2.195903,-3.906900,-0.148039,0.142207,-0.002021,0.024996,0.048861,0.023673,-0.002384,0.013202
1777336364.632213,-0.231431,0.238742,2.196199,-3.915895,0.212050,-0.005473,-0.000929,0.019501,-0.249146,0.245685,2.195834,-3.906047,-0.147958,0.141886,-0.002063,0.025596,0.049307,0.024415,-0.002436,0.013743
1777336364.665420,-0.238133,0.245576,2.196169,-3.915038,0.213791,-0.005557,-0.000938,0.019775,-0.254118,0.250445,2.195763,-3.905165,-0.147874,0.141556,-0.002105,0.026456,0.047723,0.025801,-0.002496,0.014242
1777336364.698789,-0.241447,0.248949,2.196034,-3.914141,0.210785,-0.005540,-0.001071,0.020337,-0.259014,0.255124,2.195692,-3.904277,-0.147790,0.141224,-0.002146,0.026641,0.047724,0.026559,-0.002540,0.014707
1777336364.732106,-0.247836,0.255358,2.195969,-3.913195,0.213100,-0.005559,-0.001102,0.021111,-0.263916,0.259799,2.195620,-3.903368,-0.147704,0.140885,-0.002187,0.027257,0.046108,0.027801,-0.002586,0.015103
1777336364.765405,-0.251241,0.258767,2.195935,-3.912206,0.210849,-0.005517,-0.001113,0.022037,-0.268848,0.264494,2.195545,-3.902434,-0.147616,0.140538,-0.002229,0.028021,0.045959,0.028456,-0.002639,0.015444
1777336364.798780,-0.259555,0.267006,2.195776,-3.910143,0.211349,-0.005449,-0.001250,0.023638,-0.273763,0.269165,2.195470,-3.901483,-0.147526,0.140186,-0.002270,0.028528,0.042522,0.030184,-0.002674,0.015271
1777336364.832237,-0.267235,0.274457,2.195720,-3.909021,0.215569,-0.005338,-0.001266,0.024640,-0.278680,0.273828,2.195392,-3.900512,-0.147435,0.139827,-0.002312,0.029142,0.036972,0.032509,-0.002713,0.015092
1777336364.865415,-0.267235,0.274457,2.195720,-3.909021,0.215569,-0.005338,-0.001266,0.024640,-0.283591,0.278477,2.195314,-3.899521,-0.147342,0.139461,-0.002353,0.029721,0.036687,0.032930,-0.002768,0.015425
1777336364.898774,-0.272695,0.279744,2.195558,-3.907889,0.214044,-0.005199,-0.001418,0.024859,-0.288506,0.283119,2.195234,-3.898509,-0.147247,0.139090,-0.002395,0.030356,0.035830,0.033467,-0.002805,0.015688
1777336364.932118,-0.279798,0.286544,2.195480,-3.906811,0.215269,-0.005016,-0.001477,0.024961,-0.293393,0.287726,2.195153,-3.897483,-0.147151,0.138714,-0.002436,0.030797,0.033032,0.034569,-0.002842,0.015928
1777336364.965415,-0.282783,0.289363,2.195452,-3.905777,0.212482,-0.004871,-0.001496,0.025781,-0.298336,0.292376,2.195070,-3.896423,-0.147053,0.138327,-0.002478,0.031786,0.032364,0.034867,-0.002890,0.016167
1777336364.998812,-0.289446,0.295589,2.195295,-3.904686,0.214586,-0.004620,-0.001644,0.026348,-0.303232,0.296972,2.194986,-3.895353,-0.146953,0.137937,-0.002519,0.032106,0.030244,0.035540,-0.002922,0.016414
1777336365.032123,-0.292740,0.298642,2.195218,-3.903600,0.212504,-0.004445,-0.001704,0.027322,-0.308103,0.301534,2.194901,-3.894267,-0.146853,0.137543,-0.002561,0.032569,0.029900,0.035538,-0.002957,0.016652
1777336365.065434,-0.299356,0.304708,2.195178,-3.902479,0.215153,-0.004138,-0.001713,0.028127,-0.313038,0.306145,2.194813,-3.893146,-0.146749,0.137137,-0.002602,0.033638,0.028086,0.035906,-0.003001,0.016879
1777336365.098785,-0.303224,0.308249,2.195018,-3.901337,0.212984,-0.003925,-0.001870,0.028678,-0.317908,0.310686,2.194726,-3.892018,-0.146645,0.136731,-0.002644,0.033841,0.027534,0.035787,-0.003029,0.017122
1777336365.132080,-0.310132,0.314467,2.194934,-3.900185,0.215355,-0.003544,-0.001924,0.029168,-0.322761,0.315201,2.194637,-3.890873,-0.146540,0.136319,-0.002685,0.034357,0.025349,0.036082,-0.003059,0.017350
1777336365.165417,-0.313921,0.317863,2.194888,-3.899019,0.212862,-0.003299,-0.001932,0.029628,-0.327661,0.319748,2.194546,-3.889695,-0.146432,0.135897,-0.002726,0.035340,0.024521,0.035866,-0.003098,0.017577
1777336365.198775,-0.321542,0.324624,2.194709,-3.897814,0.214178,-0.002833,-0.002088,0.029468,-0.332532,0.324258,2.194453,-3.888502,-0.146323,0.135472,-0.002768,0.035786,0.021574,0.036223,-0.003119,0.017815
1777336365.232108,-0.324901,0.327551,2.194629,-3.896639,0.210928,-0.002569,-0.002135,0.029893,-0.337385,0.328740,2.194360,-3.887291,-0.146212,0.135041,-0.002809,0.036316,0.020560,0.035890,-0.003144,0.018065
1777336365.265414,-0.331355,0.333127,2.194593,-3.895440,0.212917,-0.002098,-0.002130,0.030602,-0.342272,0.333242,2.194265,-3.886050,-0.146100,0.134601,-0.002851,0.037231,0.018518,0.035769,-0.003181,0.018326
1777336365.298786,-0.334709,0.336004,2.194434,-3.894227,0.210848,-0.001834,-0.002282,0.031614,-0.347148,0.337723,2.194168,-3.884790,-0.145985,0.134156,-0.002892,0.037826,0.018295,0.035013,-0.003206,0.018615
1777336365.332122,-0.341048,0.341394,2.194353,-3.892994,0.213557,-0.001342,-0.002340,0.032798,-0.351998,0.342169,2.194071,-3.883513,-0.145870,0.133707,-0.002933,0.038301,0.017064,0.034466,-0.003234,0.018917
1777336365.365424,-0.344761,0.344546,2.194305,-3.891731,0.212084,-0.001055,-0.002350,0.033823,-0.356899,0.346649,2.193971,-3.882200,-0.145751,0.133247,-0.002975,0.039384,0.017175,0.033451,-0.003274,0.019221
1777336365.398761,-0.351994,0.350639,2.194126,-3.890428,0.214428,-0.000491,-0.002514,0.034143,-0.361750,0.351073,2.193870,-3.880877,-0.145633,0.132785,-0.003016,0.039685,0.015503,0.032892,-0.003297,0.019542
1777336365.432113,-0.355780,0.353794,2.194032,-3.889135,0.212155,-0.000184,-0.002567,0.034660,-0.366567,0.355453,2.193769,-3.879541,-0.145513,0.132320,-0.003057,0.040087,0.015199,0.031863,-0.003322,0.019863
1777336365.465462,-0.362605,0.359427,2.193983,-3.887815,0.214258,0.000396,-0.002562,0.035162,-0.371446,0.359877,2.193665,-3.878164,-0.145390,0.131843,-0.003099,0.041307,0.013505,0.031163,-0.003359,0.020180
1777336365.498880,-0.366578,0.362701,2.193797,-3.886461,0.211430,0.000709,-0.002718,0.035380,-0.376261,0.364232,2.193561,-3.876781,-0.145267,0.131365,-0.003140,0.041477,0.013063,0.030050,-0.003380,0.020523
1777336365.532119,-0.372537,0.367506,2.193719,-3.885143,0.213869,0.001269,-0.002761,0.036870,-0.381079,0.368576,2.193455,-3.875375,-0.145142,0.130882,-0.003181,0.042195,0.012019,0.029024,-0.003407,0.020872
1777336365.565433,-0.376646,0.370861,2.193664,-3.883718,0.211607,0.001581,-0.002756,0.037296,-0.385935,0.372942,2.193347,-3.873933,-0.145014,0.130388,-0.003223,0.043257,0.011954,0.027687,-0.003445,0.021207
1777336365.598791,-0.383859,0.376681,2.193474,-3.882291,0.213174,0.002195,-0.002913,0.037365,-0.390754,0.377263,2.193239,-3.872478,-0.144886,0.129892,-0.003264,0.043655,0.010229,0.026779,-0.003466,0.021555
1777336365.632113,-0.386527,0.378746,2.193399,-3.880940,0.211703,0.002465,-0.002955,0.039721,-0.395591,0.381586,2.193128,-3.870993,-0.144755,0.129388,-0.003306,0.044544,0.010816,0.025146,-0.003496,0.021934
1777336365.665431,-0.393509,0.384335,2.193341,-3.879422,0.213888,0.003052,-0.002950,0.040294,-0.400400,0.385872,2.193017,-3.869492,-0.144624,0.128880,-0.003347,0.045028,0.009805,0.023942,-0.003536,0.022291
1777336365.698776,-0.397489,0.387498,2.193149,-3.877926,0.211400,0.003343,-0.003106,0.040601,-0.405208,0.390143,2.192904,-3.867967,-0.144490,0.128367,-0.003388,0.045758,0.009874,0.022417,-0.003561,0.022634
1777336365.732123,-0.405365,0.393753,2.193033,-3.876373,0.211764,0.003957,-0.003139,0.039886,-0.410020,0.394405,2.192790,-3.866415,-0.144355,0.127846,-0.003429,0.046551,0.007718,0.021515,-0.003585,0.022958
1777336365.765447,-0.408354,0.396047,2.192991,-3.874887,0.208385,0.004188,-0.003107,0.040504,-0.414849,0.398668,2.192674,-3.864833,-0.144218,0.127318,-0.003471,0.047472,0.007681,0.019985,-0.003626,0.023310
1777336365.798787,-0.414654,0.400964,2.192806,-3.873331,0.209737,0.004716,-0.003253,0.041213,-0.419653,0.402895,2.192557,-3.863233,-0.144080,0.126787,-0.003512,0.047992,0.006764,0.018687,-0.003652,0.023672
1777336365.832199,-0.418083,0.403624,2.192708,-3.871751,0.207054,0.004941,-0.003289,0.041994,-0.424430,0.407086,2.192439,-3.861616,-0.143941,0.126252,-0.003553,0.048505,0.007382,0.016963,-0.003683,0.024026
1777336365.865448,-0.424631,0.408723,2.192658,-3.870138,0.208525,0.005451,-0.003267,0.042566,-0.429234,0.411285,2.192319,-3.859965,-0.143799,0.125708,-0.003594,0.049545,0.006765,0.015596,-0.003729,0.024367
1777336365.898793,-0.428190,0.411474,2.192461,-3.868510,0.205765,0.005656,-0.003420,0.043178,-0.434032,0.415465,2.192197,-3.858289,-0.143655,0.125158,-0.003636,0.050284,0.007518,0.013860,-0.003758,0.024721
1777336365.932146,-0.434581,0.416425,2.192359,-3.866860,0.207263,0.006128,-0.003454,0.043894,-0.438792,0.419598,2.192075,-3.856600,-0.143511,0.124607,-0.003677,0.050665,0.007152,0.012459,-0.003792,0.025077
1777336365.965431,-0.438195,0.419212,2.192302,-3.865176,0.204466,0.006306,-0.003424,0.044450,-0.443597,0.423755,2.191951,-3.854868,-0.143364,0.124044,-0.003718,0.051962,0.008018,0.010740,-0.003840,0.025415
1777336365.998789,-0.444510,0.424095,2.192104,-3.863482,0.205926,0.006731,-0.003573,0.045201,-0.448337,0.427842,2.191826,-3.853133,-0.143218,0.123484,-0.003759,0.052058,0.007797,0.009362,-0.003873,0.025782
1777336366.032124,-0.448082,0.426846,2.191994,-3.861751,0.203151,0.006875,-0.003602,0.045796,-0.453120,0.431951,2.191699,-3.851354,-0.143068,0.122911,-0.003800,0.053355,0.008780,0.007682,-0.003909,0.026119
1777336366.065493,-0.454718,0.431990,2.191935,-3.859987,0.204187,0.007247,-0.003558,0.046032,-0.457893,0.436037,2.191571,-3.849551,-0.142916,0.122334,-0.003842,0.054076,0.008363,0.006457,-0.003959,0.026473
1777336366.098796,-0.457791,0.434344,2.191738,-3.858251,0.201627,0.007347,-0.003707,0.047216,-0.462640,0.440086,2.191442,-3.847731,-0.142764,0.121754,-0.003883,0.054613,0.009585,0.004801,-0.003994,0.026848
1777336366.132112,-0.464098,0.439243,2.191626,-3.856439,0.203008,0.007657,-0.003732,0.047937,-0.467381,0.444114,2.191311,-3.845885,-0.142610,0.121169,-0.003924,0.055381,0.009567,0.003571,-0.004033,0.027207
1777336366.165444,-0.467622,0.441967,2.191566,-3.854613,0.200201,0.007723,-0.003692,0.048503,-0.472154,0.448154,2.191179,-3.843998,-0.142454,0.120574,-0.003965,0.056615,0.010708,0.002063,-0.004087,0.027567
1777336366.198751,-0.473669,0.446679,2.191358,-3.852784,0.201632,0.007966,-0.003840,0.049429,-0.476900,0.452155,2.191045,-3.842092,-0.142296,0.119976,-0.004006,0.057161,0.010814,0.000936,-0.004125,0.027957
1777336366.232113,-0.476962,0.449234,2.191247,-3.850923,0.199280,0.008000,-0.003868,0.050525,-0.481626,0.456125,2.190910,-3.840166,-0.142138,0.119375,-0.004047,0.057788,0.012206,-0.000510,-0.004167,0.028347
1777336366.265427,-0.483264,0.454176,2.191185,-3.849012,0.200659,0.008180,-0.003821,0.051139,-0.486388,0.460108,2.190773,-3.838196,-0.141976,0.118763,-0.004089,0.059112,0.012239,-0.001458,-0.004224,0.028724
1777336366.298814,-0.486741,0.456892,2.190961,-3.847090,0.197882,0.008165,-0.003976,0.051675,-0.491095,0.464030,2.190636,-3.836219,-0.141815,0.118152,-0.004129,0.059316,0.013401,-0.002675,-0.004262,0.029129
1777336366.332124,-0.492871,0.461732,2.190845,-3.845147,0.199083,0.008266,-0.003989,0.052276,-0.495795,0.467929,2.190498,-3.834215,-0.141652,0.117536,-0.004170,0.060109,0.013323,-0.003414,-0.004305,0.029513
1777336366.365449,-0.496402,0.464508,2.190779,-3.843160,0.195913,0.008196,-0.003933,0.052514,-0.500535,0.471846,2.190357,-3.832164,-0.141486,0.116909,-0.004212,0.061542,0.014271,-0.004389,-0.004362,0.029892
1777336366.398771,-0.501504,0.468580,2.190581,-3.841249,0.197762,0.008238,-0.004080,0.055028,-0.505244,0.475721,2.190215,-3.830095,-0.141319,0.116280,-0.004253,0.062068,0.014802,-0.005129,-0.004407,0.030343
1777336366.432151,-0.504934,0.471300,2.190457,-3.839186,0.195866,0.008168,-0.004115,0.056339,-0.509952,0.479578,2.190072,-3.827996,-0.141150,0.115645,-0.004294,0.062966,0.016293,-0.006093,-0.004455,0.030764
1777336366.465427,-0.511208,0.476328,2.190385,-3.837105,0.197382,0.008138,-0.004066,0.056876,-0.514651,0.483411,2.189927,-3.825869,-0.140980,0.115006,-0.004335,0.063797,0.016276,-0.006465,-0.004517,0.031178
1777336366.498818,-0.514695,0.479116,2.190143,-3.835022,0.194712,0.008001,-0.004229,0.057276,-0.519354,0.487231,2.189781,-3.823709,-0.140808,0.114360,-0.004376,0.064793,0.017216,-0.007065,-0.004558,0.031594
1777336366.532111,-0.521151,0.484331,2.190006,-3.832888,0.195395,0.007866,-0.004230,0.057032,-0.524013,0.490998,2.189635,-3.821538,-0.140636,0.113714,-0.004417,0.065142,0.016552,-0.007021,-0.004600,0.032010
1777336366.565449,-0.524502,0.487035,2.189939,-3.830753,0.191637,0.007657,-0.004154,0.056864,-0.528712,0.494780,2.189486,-3.819316,-0.140461,0.113058,-0.004458,0.066660,0.017008,-0.007259,-0.004659,0.032409
1777336366.598774,-0.530261,0.491749,2.189698,-3.828610,0.192289,0.007455,-0.004303,0.057285,-0.533375,0.498516,2.189336,-3.817078,-0.140285,0.112400,-0.004499,0.067140,0.016456,-0.007028,-0.004697,0.032849
1777336366.632108,-0.533576,0.494446,2.189566,-3.826398,0.188558,0.007215,-0.004305,0.057266,-0.538080,0.502269,2.189184,-3.814787,-0.140106,0.111730,-0.004540,0.068741,0.017022,-0.007085,-0.004740,0.033268
1777336366.665409,-0.539415,0.499257,2.189508,-3.824185,0.189033,0.006945,-0.004221,0.057529,-0.542723,0.505953,2.189032,-3.812493,-0.139928,0.111063,-0.004581,0.068819,0.016485,-0.006630,-0.004802,0.033727
1777336366.698786,-0.542363,0.501687,2.189259,-3.821951,0.185740,0.006693,-0.004386,0.058188,-0.547374,0.509627,2.188878,-3.810161,-0.139747,0.110390,-0.004622,0.069957,0.017313,-0.006555,-0.004842,0.034163
1777336366.732116,-0.547697,0.506123,2.189141,-3.819705,0.186948,0.006409,-0.004396,0.059694,-0.552017,0.513277,2.188723,-3.807799,-0.139565,0.109712,-0.004663,0.070852,0.017323,-0.006067,-0.004890,0.034626
1777336366.765420,-0.550661,0.508579,2.189077,-3.817403,0.184674,0.006165,-0.004344,0.061269,-0.556673,0.516919,2.188566,-3.805396,-0.139381,0.109026,-0.004704,0.072099,0.018559,-0.005933,-0.004956,0.035091
1777336366.798781,-0.556473,0.513406,2.188818,-3.815039,0.186002,0.005833,-0.004515,0.062200,-0.561314,0.520531,2.188407,-3.802966,-0.139195,0.108336,-0.004745,0.072899,0.018503,-0.005228,-0.005000,0.035560
1777336366.832154,-0.559741,0.516115,2.188677,-3.812657,0.183315,0.005550,-0.004534,0.062860,-0.566021,0.524176,2.188245,-3.800465,-0.139005,0.107631,-0.004786,0.075035,0.019409,-0.004802,-0.005046,0.036022
1777336366.865405,-0.559741,0.516115,2.188677,-3.812657,0.183315,0.005550,-0.004534,0.062860,-0.570574,0.527683,2.188087,-3.798011,-0.138819,0.106944,-0.004826,0.073616,0.023767,-0.005594,-0.005126,0.037625
1777336366.898740,-0.566338,0.521612,2.188575,-3.810165,0.182340,0.005061,-0.004431,0.061551,-0.575194,0.531224,2.187925,-3.795485,-0.138629,0.106240,-0.004867,0.075786,0.025570,-0.005339,-0.005215,0.038926
1777336366.932096,-0.569353,0.524119,2.188303,-3.807770,0.178266,0.004748,-0.004587,0.061388,-0.579882,0.534798,2.187759,-3.792884,-0.138434,0.105521,-0.004909,0.078019,0.028177,-0.005313,-0.005278,0.040160
1777336366.965464,-0.574755,0.528658,2.188175,-3.805302,0.178739,0.004327,-0.004565,0.062163,-0.584444,0.538257,2.187595,-3.790316,-0.138243,0.104815,-0.004949,0.077030,0.029534,-0.004712,-0.005347,0.041338
1777336366.998776,-0.578295,0.531586,2.188085,-3.802605,0.173930,0.003972,-0.004441,0.061596,-0.589025,0.541711,2.187430,-3.787701,-0.138049,0.104100,-0.004990,0.078447,0.031301,-0.004210,-0.005430,0.042244
1777336367.032120,-0.578295,0.531586,2.188085,-3.802605,0.173930,0.003972,-0.004441,0.061596,-0.593606,0.545146,2.187263,-3.785049,-0.137853,0.103380,-0.005030,0.079575,0.036222,-0.004871,-0.005543,0.044231
1777336367.065418,-0.583842,0.536296,2.187814,-3.799857,0.172368,0.003426,-0.004542,0.061196,-0.598208,0.548578,2.187093,-3.782346,-0.137655,0.102651,-0.005071,0.081098,0.039269,-0.004690,-0.005631,0.045894
1777336367.098800,-0.586286,0.538367,2.187687,-3.797120,0.169371,0.003141,-0.004541,0.063551,-0.602810,0.551990,2.186922,-3.779604,-0.137454,0.101917,-0.005112,0.082262,0.043268,-0.004813,-0.005724,0.047321
1777336367.132226,-0.591891,0.543074,2.187613,-3.794155,0.170312,0.002665,-0.004433,0.065399,-0.607360,0.555345,2.186751,-3.776853,-0.137255,0.101185,-0.005153,0.082502,0.045494,-0.004167,-0.005834,0.048450
1777336367.165429,-0.595565,0.546120,2.187270,-3.790959,0.165841,0.002295,-0.004607,0.065420,-0.611932,0.558695,2.186578,-3.774051,-0.137052,0.100444,-0.005194,0.084071,0.047786,-0.003513,-0.005904,0.049196
1777336367.198772,-0.596760,0.547153,2.187136,-3.787779,0.160059,0.002061,-0.004595,0.067224,-0.616476,0.562006,2.186404,-3.771226,-0.136849,0.099702,-0.005234,0.084766,0.052118,-0.003612,-0.005980,0.049694
1777336367.232130,-0.601263,0.550979,2.187080,-3.784501,0.160305,0.001591,-0.004475,0.070455,-0.621036,0.565308,2.186228,-3.768350,-0.136643,0.098951,-0.005275,0.086276,0.055448,-0.003222,-0.006077,0.049922
1777336367.265448,-0.607648,0.556374,2.186786,-3.781139,0.163657,0.000984,-0.004634,0.074208,-0.625585,0.568582,2.186051,-3.765439,-0.136436,0.098197,-0.005316,0.087314,0.056390,-0.001788,-0.006147,0.049938
1777336367.298785,-0.611497,0.559600,2.186615,-3.777673,0.162319,0.000589,-0.004639,0.076547,-0.630134,0.571836,2.185872,-3.762487,-0.136227,0.097438,-0.005357,0.088552,0.057362,-0.000348,-0.006216,0.049732
1777336367.332105,-0.617541,0.564690,2.186534,-3.774266,0.164781,-0.000016,-0.004515,0.079259,-0.634655,0.575049,2.185692,-3.759513,-0.136018,0.096678,-0.005397,0.089249,0.056558,0.001869,-0.006303,0.049396
1777336367.365428,-0.620573,0.567258,2.186230,-3.770908,0.163642,-0.000363,-0.004730,0.083157,-0.639206,0.578263,2.185510,-3.756475,-0.135805,0.095907,-0.005438,0.091139,0.056638,0.003726,-0.006361,0.048970
1777336367.398783,-0.626594,0.572286,2.186057,-3.767482,0.166182,-0.000962,-0.004732,0.085533,-0.643719,0.581430,2.185328,-3.753419,-0.135592,0.095137,-0.005479,0.091673,0.055095,0.006276,-0.006420,0.048509
1777336367.432120,-0.630131,0.575228,2.185964,-3.764107,0.164501,-0.001329,-0.004661,0.086741,-0.648223,0.584569,2.185144,-3.750326,-0.135378,0.094363,-0.005519,0.092787,0.054146,0.008561,-0.006496,0.048011
1777336367.465429,-0.636219,0.580267,2.185622,-3.760817,0.166748,-0.001931,-0.004874,0.087808,-0.652738,0.587695,2.184958,-3.747181,-0.135162,0.093582,-0.005560,0.094339,0.051662,0.011496,-0.006537,0.047561
1777336367.498751,-0.636219,0.580267,2.185622,-3.760817,0.166748,-0.001931,-0.004874,0.087808,-0.657232,0.590785,2.184772,-3.744007,-0.134944,0.092799,-0.005601,0.095233,0.052673,0.012896,-0.006616,0.048671
1777336367.532122,-0.640915,0.584149,2.185373,-3.757452,0.164024,-0.002390,-0.004910,0.086025,-0.661712,0.593845,2.184584,-3.740797,-0.134726,0.092014,-0.005641,0.096287,0.052922,0.014632,-0.006679,0.049571
1777336367.565433,-0.647202,0.589244,2.185300,-3.754265,0.164225,-0.002938,-0.004741,0.084443,-0.666227,0.596907,2.184394,-3.737517,-0.134504,0.091216,-0.005682,0.098421,0.051317,0.017143,-0.006765,0.050391
1777336367.598830,-0.649892,0.591453,2.184964,-3.751135,0.160862,-0.003192,-0.004965,0.084421,-0.670687,0.599910,2.184204,-3.734229,-0.134282,0.090423,-0.005722,0.098614,0.050973,0.019116,-0.006817,0.051235
1777336367.632197,-0.649892,0.591453,2.184964,-3.751135,0.160862,-0.003192,-0.004965,0.084421,-0.675137,0.602885,2.184012,-3.730903,-0.134060,0.089627,-0.005763,0.099780,0.053725,0.019734,-0.006908,0.053448
1777336367.665435,-0.656244,0.596554,2.184728,-3.747763,0.160297,-0.003726,-0.004948,0.082648,-0.679635,0.605870,2.183817,-3.727494,-0.133833,0.088816,-0.005804,0.102287,0.054162,0.021350,-0.006985,0.055336
1777336367.698771,-0.659207,0.598916,2.184671,-3.744465,0.157009,-0.003940,-0.004802,0.082793,-0.684055,0.608782,2.183624,-3.724095,-0.133608,0.088014,-0.005844,0.101953,0.055313,0.022655,-0.007089,0.057060
1777336367.732108,-0.664768,0.603288,2.184340,-3.741061,0.158820,-0.004366,-0.005009,0.085037,-0.688499,0.611688,2.183428,-3.720630,-0.133380,0.087203,-0.005884,0.103963,0.055025,0.024551,-0.007160,0.058497
1777336367.765457,-0.667925,0.605757,2.184158,-3.737377,0.156786,-0.004575,-0.005029,0.087300,-0.692948,0.614574,2.183230,-3.717112,-0.133150,0.086385,-0.005925,0.105542,0.055376,0.026147,-0.007232,0.059671
1777336367.798791,-0.673497,0.610048,2.184083,-3.733628,0.159464,-0.004966,-0.004932,0.092127,-0.697396,0.617437,2.183030,-3.713545,-0.132918,0.085563,-0.005966,0.107005,0.054439,0.028250,-0.007327,0.060604
1777336367.832213,-0.677041,0.612756,2.183708,-3.729578,0.158168,-0.005174,-0.005199,0.095194,-0.701796,0.620247,2.182831,-3.709966,-0.132687,0.084744,-0.006006,0.107365,0.053949,0.030116,-0.007381,0.061216
1777336367.865472,-0.683736,0.617781,2.183497,-3.725424,0.160555,-0.005568,-0.005211,0.096905,-0.706256,0.623073,2.182628,-3.706287,-0.132450,0.083908,-0.006047,0.110387,0.051477,0.032752,-0.007433,0.061484
1777336367.898772,-0.687386,0.620510,2.183390,-3.721227,0.158433,-0.005739,-0.005116,0.098323,-0.710636,0.625826,2.182426,-3.702622,-0.132216,0.083083,-0.006087,0.109944,0.049644,0.035068,-0.007503,0.061574
1777336367.932115,-0.687386,0.620510,2.183390,-3.721227,0.158433,-0.005739,-0.005116,0.098323,-0.715010,0.628551,2.182223,-3.698911,-0.131981,0.082253,-0.006127,0.111319,0.050954,0.035998,-0.007612,0.063290
1777336367.965450,-0.694565,0.625778,2.182972,-3.716872,0.158933,-0.006084,-0.005323,0.097159,-0.719481,0.631314,2.182014,-3.695064,-0.131738,0.081400,-0.006168,0.115426,0.049671,0.037974,-0.007673,0.064488
1777336367.998791,-0.698118,0.628359,2.182760,-3.712663,0.155439,-0.006175,-0.005323,0.096928,-0.723815,0.633969,2.181809,-3.691281,-0.131501,0.080568,-0.006208,0.113483,0.048936,0.039684,-0.007731,0.065462
1777336368.032128,-0.705142,0.633341,2.182656,-3.708356,0.155979,-0.006409,-0.005148,0.096056,-0.728169,0.636614,2.181602,-3.687427,-0.131261,0.079726,-0.006248,0.115619,0.046127,0.042183,-0.007809,0.065982
1777336368.065421,-0.705142,0.633341,2.182656,-3.708356,0.155979,-0.006409,-0.005148,0.096056,-0.732543,0.639247,2.181392,-3.683501,-0.131018,0.078876,-0.006289,0.117764,0.046570,0.043286,-0.007927,0.068217
1777336368.098762,-0.708947,0.636031,2.182250,-3.703952,0.152024,-0.006454,-0.005361,0.095436,-0.736891,0.641842,2.181181,-3.679543,-0.130774,0.078026,-0.006329,0.118759,0.047074,0.044343,-0.007999,0.069943
1777336368.132118,-0.714651,0.639942,2.182061,-3.699603,0.153207,-0.006588,-0.005365,0.098037,-0.741245,0.644416,2.180969,-3.675523,-0.130529,0.077170,-0.006369,0.120582,0.046302,0.045856,-0.008073,0.071242
1777336368.165443,-0.717452,0.641850,2.181978,-3.695127,0.151194,-0.006602,-0.005283,0.102454,-0.745610,0.646972,2.180754,-3.671437,-0.130280,0.076306,-0.006410,0.122605,0.046495,0.046928,-0.008171,0.072177
1777336368.198778,-0.723594,0.645925,2.181571,-3.690406,0.153685,-0.006709,-0.005575,0.107099,-0.749922,0.649474,2.180540,-3.667343,-0.130033,0.075448,-0.006450,0.122815,0.045204,0.048511,-0.008226,0.072733
1777336368.232084,-0.727053,0.648205,2.181351,-3.685533,0.152387,-0.006720,-0.005639,0.111526,-0.754280,0.651978,2.180322,-3.663146,-0.129781,0.074576,-0.006490,0.125902,0.044478,0.049800,-0.008278,0.072852
1777336368.265469,-0.733600,0.652408,2.181237,-3.680572,0.155228,-0.006781,-0.005554,0.115771,-0.758573,0.654421,2.180106,-3.658954,-0.129531,0.073711,-0.006530,0.125775,0.042172,0.051612,-0.008350,0.072704
1777336368.298805,-0.737531,0.654917,2.180784,-3.675487,0.153686,-0.006764,-0.005881,0.118122,-0.762875,0.656845,2.179887,-3.654692,-0.129279,0.072840,-0.006570,0.127844,0.040275,0.053186,-0.008371,0.072178
1777336368.332127,-0.744549,0.659265,2.180549,-3.670435,0.156134,-0.006758,-0.005911,0.119928,-0.767169,0.659240,2.179667,-3.650380,-0.129025,0.071966,-0.006610,0.129372,0.036702,0.055291,-0.008390,0.071454
1777336368.365434,-0.748115,0.661451,2.180440,-3.665459,0.154487,-0.006697,-0.005824,0.122528,-0.771481,0.661621,2.179444,-3.645987,-0.128768,0.071083,-0.006651,0.131782,0.034016,0.056964,-0.008432,0.070610
1777336368.398812,-0.755140,0.665635,2.179981,-3.660444,0.156826,-0.006621,-0.006141,0.123778,-0.775775,0.663966,2.179221,-3.641552,-0.128510,0.070199,-0.006691,0.133059,0.029857,0.059067,-0.008426,0.069720
1777336368.432217,-0.759160,0.668012,2.179733,-3.655483,0.154338,-0.006508,-0.006175,0.123346,-0.780034,0.666268,2.178997,-3.637089,-0.128253,0.069317,-0.006731,0.133870,0.026428,0.060808,-0.008417,0.068803
1777336368.465492,-0.759160,0.668012,2.179733,-3.655483,0.154338,-0.006508,-0.006175,0.123346,-0.784296,0.668546,2.178772,-3.632561,-0.127993,0.068429,-0.006771,0.135847,0.026165,0.061311,-0.008457,0.070100
1777336368.498763,-0.766772,0.672346,2.179586,-3.650559,0.154566,-0.006293,-0.006018,0.120410,-0.788555,0.670798,2.178545,-3.627972,-0.127731,0.067538,-0.006811,0.137672,0.023732,0.062503,-0.008513,0.071107
1777336368.532122,-0.769876,0.674081,2.179158,-3.646012,0.152111,-0.006141,-0.006324,0.121358,-0.792797,0.673016,2.178317,-3.623337,-0.127469,0.066645,-0.006851,0.139047,0.022355,0.063241,-0.008526,0.072062
1777336368.565448,-0.776260,0.677527,2.178947,-3.641394,0.154281,-0.005898,-0.006369,0.123271,-0.797044,0.675212,2.178087,-3.618630,-0.127204,0.065746,-0.006891,0.141206,0.019825,0.064256,-0.008545,0.072945
1777336368.598819,-0.779578,0.679295,2.178842,-3.636685,0.152980,-0.005726,-0.006294,0.126610,-0.801278,0.677374,2.177856,-3.613873,-0.126938,0.064845,-0.006931,0.142715,0.018239,0.064859,-0.008590,0.073786
1777336368.632098,-0.786262,0.682750,2.178398,-3.631812,0.155647,-0.005417,-0.006631,0.129287,-0.805498,0.679505,2.177623,-3.609063,-0.126671,0.063942,-0.006971,0.144303,0.015385,0.065755,-0.008591,0.074518
1777336368.665425,-0.790138,0.684736,2.178153,-3.626852,0.154333,-0.005201,-0.006701,0.131118,-0.809716,0.681608,2.177389,-3.604188,-0.126403,0.063035,-0.007011,0.146237,0.013180,0.066351,-0.008592,0.075147
1777336368.698780,-0.797174,0.688198,2.178024,-3.621833,0.156778,-0.004797,-0.006621,0.132443,-0.813911,0.683674,2.177155,-3.599273,-0.126133,0.062129,-0.007051,0.147476,0.009643,0.067230,-0.008617,0.075703
1777336368.732121,-0.800970,0.690040,2.177561,-3.616783,0.155213,-0.004543,-0.006959,0.134039,-0.818108,0.685716,2.176918,-3.594283,-0.125862,0.061216,-0.007091,0.149673,0.006927,0.067752,-0.008595,0.076182
1777336368.765453,-0.807716,0.693173,2.177326,-3.611704,0.157634,-0.004073,-0.007025,0.136352,-0.822304,0.687730,2.176680,-3.589227,-0.125589,0.060300,-0.007131,0.151706,0.003193,0.068423,-0.008578,0.076646
1777336368.798810,-0.811509,0.694916,2.177202,-3.606543,0.156174,-0.003787,-0.006944,0.138311,-0.826469,0.689704,2.176442,-3.584136,-0.125315,0.059386,-0.007171,0.152723,0.000339,0.068730,-0.008587,0.077089
1777336368.832181,-0.818371,0.697932,2.176742,-3.601354,0.158462,-0.003244,-0.007290,0.140075,-0.830642,0.691655,2.176201,-3.578965,-0.125040,0.058465,-0.007211,0.155134,-0.003533,0.069164,-0.008553,0.077486
1777336368.865404,-0.823122,0.700039,2.176449,-3.595948,0.155270,-0.002882,-0.007300,0.137200,-0.834799,0.693573,2.175959,-3.573739,-0.124763,0.057543,-0.007251,0.156759,-0.007030,0.069418,-0.008513,0.077826
1777336368.898799,-0.830166,0.702924,2.176336,-3.590771,0.156267,-0.002218,-0.007157,0.136081,-0.838954,0.695462,2.175716,-3.568444,-0.124484,0.056617,-0.007291,0.158851,-0.011440,0.069724,-0.008504,0.078220
1777336368.932121,-0.832154,0.703626,2.175984,-3.586068,0.155457,-0.001934,-0.007472,0.149865,-0.843092,0.697318,2.175472,-3.563097,-0.124205,0.055691,-0.007331,0.160426,-0.013759,0.069320,-0.008477,0.078924
1777336368.965415,-0.838891,0.706265,2.175720,-3.580438,0.157753,-0.001286,-0.007584,0.152605,-0.847255,0.699157,2.175224,-3.557641,-0.123921,0.054754,-0.007371,0.163686,-0.016995,0.069000,-0.008449,0.079480
1777336368.998749,-0.842637,0.707694,2.175584,-3.575118,0.156612,-0.000919,-0.007533,0.154842,-0.851355,0.700942,2.174979,-3.552193,-0.123640,0.053826,-0.007411,0.163440,-0.019327,0.068364,-0.008449,0.080154
1777336369.032113,-0.849286,0.710097,2.175130,-3.569767,0.158789,-0.000185,-0.007890,0.156490,-0.855452,0.702699,2.174731,-3.546672,-0.123358,0.052895,-0.007450,0.165616,-0.022489,0.067745,-0.008409,0.080800
1777336369.065427,-0.853121,0.711461,2.174878,-3.564363,0.157323,0.000214,-0.007956,0.157522,-0.859582,0.704442,2.174480,-3.541030,-0.123071,0.051952,-0.007490,0.169270,-0.024822,0.066845,-0.008373,0.081509
1777336369.098753,-0.860000,0.713779,2.174739,-3.558888,0.158936,0.001027,-0.007878,0.157276,-0.863673,0.706142,2.174229,-3.535362,-0.122784,0.051013,-0.007530,0.170032,-0.028043,0.065957,-0.008365,0.082339
1777336369.132102,-0.863820,0.715036,2.174268,-3.553395,0.156657,0.001440,-0.008180,0.156611,-0.867731,0.707801,2.173978,-3.529663,-0.122498,0.050077,-0.007569,0.170982,-0.030389,0.064798,-0.008315,0.083182
1777336369.165430,-0.871153,0.717339,2.173999,-3.547762,0.156951,0.002329,-0.008177,0.153429,-0.871844,0.709454,2.173722,-3.523805,-0.122206,0.049124,-0.007609,0.175737,-0.033825,0.063678,-0.008267,0.083992
1777336369.198781,-0.874416,0.718290,2.173893,-3.542269,0.153711,0.002717,-0.008004,0.152447,-0.875906,0.711059,2.173467,-3.517939,-0.121916,0.048179,-0.007649,0.175986,-0.035992,0.062222,-0.008256,0.085026
1777336369.232230,-0.874416,0.718290,2.173893,-3.542269,0.153711,0.002717,-0.008004,0.152447,-0.879918,0.712617,2.173214,-3.512066,-0.121627,0.047241,-0.007688,0.176180,-0.035479,0.060321,-0.008301,0.088577
1777336369.265472,-0.880718,0.720026,2.173455,-3.536555,0.152950,0.003586,-0.008220,0.150020,-0.883963,0.714161,2.172956,-3.506061,-0.121333,0.046290,-0.007728,0.180133,-0.035927,0.058412,-0.008308,0.091669
1777336369.298884,-0.883919,0.720914,2.173228,-3.530955,0.150099,0.003943,-0.008213,0.150461,-0.888014,0.715678,2.172696,-3.499966,-0.121037,0.045334,-0.007768,0.182855,-0.035599,0.056360,-0.008324,0.094595
1777336369.332119,-0.889938,0.722481,2.173114,-3.525127,0.150674,0.004786,-0.008089,0.151770,-0.892026,0.717153,2.172437,-3.493847,-0.120742,0.044383,-0.007807,0.183575,-0.036029,0.054304,-0.008371,0.097273
1777336369.365461,-0.892983,0.723230,2.172680,-3.519041,0.148312,0.005156,-0.008358,0.155201,-0.896042,0.718601,2.172175,-3.487636,-0.120445,0.043427,-0.007847,0.186338,-0.035619,0.052099,-0.008383,0.099567
1777336369.398788,-0.899047,0.724701,2.172442,-3.512584,0.149031,0.006004,-0.008373,0.158002,-0.900049,0.720017,2.171912,-3.481354,-0.120146,0.042468,-0.007886,0.188447,-0.036008,0.049904,-0.008401,0.101476
1777336369.432134,-0.902990,0.725661,2.172292,-3.505743,0.145289,0.006375,-0.008164,0.156850,-0.904104,0.721421,2.171644,-3.474911,-0.119842,0.041494,-0.007927,0.193307,-0.036017,0.047670,-0.008444,0.102893
1777336369.465431,-0.908366,0.726811,2.171870,-3.499112,0.145811,0.007168,-0.008434,0.161858,-0.908050,0.722760,2.171381,-3.468552,-0.119543,0.040541,-0.007966,0.190760,-0.036364,0.045366,-0.008456,0.104151
1777336369.498811,-0.908366,0.726811,2.171870,-3.499112,0.145811,0.007168,-0.008434,0.161858,-0.912002,0.724071,2.171115,-3.462099,-0.119242,0.039583,-0.008005,0.193586,-0.034482,0.042932,-0.008523,0.107974
1777336369.532116,-0.912418,0.727653,2.171568,-3.491887,0.142746,0.007615,-0.008429,0.162165,-0.915988,0.725365,2.170846,-3.455503,-0.118937,0.038612,-0.008045,0.197877,-0.032670,0.040493,-0.008581,0.110923
1777336369.565453,-0.918825,0.729048,2.171451,-3.484657,0.141378,0.008313,-0.008157,0.160271,-0.919946,0.726621,2.170576,-3.448863,-0.118631,0.037644,-0.008084,0.199205,-0.032063,0.038187,-0.008670,0.113234
1777336369.598807,-0.921259,0.729490,2.171016,-3.477547,0.137590,0.008494,-0.008367,0.162800,-0.923882,0.727841,2.170306,-3.442172,-0.118325,0.036677,-0.008123,0.200728,-0.030528,0.035821,-0.008722,0.114985
1777336369.632134,-0.921259,0.729490,2.171016,-3.477547,0.137590,0.008494,-0.008367,0.162800,-0.927804,0.729028,2.170035,-3.435413,-0.118018,0.035710,-0.008163,0.202767,-0.027110,0.033435,-0.008828,0.119472
1777336369.665453,-0.926785,0.730529,2.170734,-3.469842,0.135955,0.009111,-0.008302,0.162796,-0.931728,0.730186,2.169761,-3.428562,-0.117709,0.034738,-0.008202,0.205525,-0.024752,0.031129,-0.008928,0.122853
1777336369.698790,-0.930163,0.731192,2.170632,-3.462018,0.131435,0.009248,-0.007989,0.162044,-0.935651,0.731314,2.169486,-3.421620,-0.117397,0.033762,-0.008241,0.208262,-0.022261,0.028913,-0.009060,0.125304
1777336369.732122,-0.935096,0.732084,2.170210,-3.454302,0.131392,0.009792,-0.008218,0.168139,-0.939543,0.732404,2.169210,-3.414641,-0.117086,0.032789,-0.008281,0.209370,-0.020410,0.026780,-0.009156,0.127058
1777336369.765425,-0.937913,0.732578,2.169982,-3.445927,0.128385,0.009921,-0.008162,0.173247,-0.943464,0.733472,2.168931,-3.407517,-0.116771,0.031805,-0.008320,0.213734,-0.018108,0.024696,-0.009257,0.127899
1777336369.798780,-0.937913,0.732578,2.169982,-3.445927,0.128385,0.009921,-0.008162,0.173247,-0.947325,0.734494,2.168654,-3.400409,-0.116458,0.030833,-0.008359,0.213251,-0.014129,0.022655,-0.009412,0.131882
1777336369.832121,-0.943334,0.733532,2.169850,-3.437249,0.127529,0.010366,-0.007937,0.175641,-0.951207,0.735492,2.168373,-3.393169,-0.116141,0.029851,-0.008399,0.217186,-0.011342,0.020770,-0.009590,0.134469
1777336369.865416,-0.946205,0.734037,2.169378,-3.428681,0.124826,0.010435,-0.008196,0.180935,-0.955050,0.736450,2.168093,-3.385906,-0.115826,0.028875,-0.008438,0.217883,-0.008354,0.018990,-0.009718,0.136125
1777336369.898779,-0.951254,0.734940,2.169156,-3.420009,0.125509,0.010810,-0.008181,0.189713,-0.958906,0.737381,2.167810,-3.378525,-0.115507,0.027891,-0.008477,0.221426,-0.006275,0.017394,-0.009853,0.136862
1777336369.932126,-0.954199,0.735443,2.169030,-3.410821,0.123309,0.010851,-0.008018,0.196772,-0.962724,0.738273,2.167528,-3.371123,-0.115189,0.026914,-0.008516,0.222063,-0.003967,0.015894,-0.010013,0.136745
1777336369.965491,-0.959334,0.736356,2.168544,-3.401612,0.124273,0.011135,-0.008333,0.206339,-0.966571,0.739142,2.167241,-3.363566,-0.114867,0.025925,-0.008555,0.226715,-0.002549,0.014597,-0.010123,0.135827
1777336369.998799,-0.962786,0.736943,2.168242,-3.391918,0.121591,0.011091,-0.008316,0.208526,-0.970396,0.739974,2.166955,-3.355959,-0.114544,0.024937,-0.008595,0.228225,-0.001065,0.013410,-0.010225,0.134223
1777336370.032081,-0.962786,0.736943,2.168242,-3.391918,0.121591,0.011091,-0.008316,0.208526,-0.974185,0.740769,2.166668,-3.348323,-0.114222,0.023955,-0.008634,0.229074,0.002046,0.012229,-0.010380,0.136315
1777336370.065460,-0.968794,0.737994,2.168066,-3.382292,0.120508,0.011139,-0.008057,0.206202,-0.978017,0.741542,2.166376,-3.340504,-0.113894,0.022958,-0.008673,0.234554,0.003685,0.011333,-0.010551,0.137203
1777336370.098792,-0.972045,0.738537,2.167469,-3.372964,0.116133,0.010904,-0.008316,0.203097,-0.981777,0.742269,2.166088,-3.332737,-0.113570,0.021977,-0.008712,0.233029,0.005421,0.010557,-0.010650,0.137438
1777336370.132159,-0.972045,0.738537,2.167469,-3.372964,0.116133,0.010904,-0.008316,0.203097,-0.985547,0.742968,2.165797,-3.324850,-0.113244,0.020988,-0.008751,0.236611,0.008691,0.009780,-0.010803,0.141047
1777336370.165511,-0.977798,0.739553,2.167143,-3.363662,0.113622,0.010703,-0.008148,0.197879,-0.989349,0.743641,2.165501,-3.316796,-0.112912,0.019987,-0.008790,0.241625,0.010568,0.009331,-0.010941,0.143550
1777336370.198776,-0.977798,0.739553,2.167143,-3.363662,0.113622,0.010703,-0.008148,0.197879,-0.993078,0.744270,2.165208,-3.308799,-0.112584,0.019002,-0.008829,0.239895,0.013943,0.008876,-0.011133,0.149373
1777336370.232210,-0.980782,0.740071,2.167063,-3.354462,0.108888,0.010357,-0.007743,0.194559,-0.996806,0.744868,2.164914,-3.300706,-0.112254,0.018013,-0.008868,0.242801,0.017175,0.008596,-0.011359,0.153646
1777336370.265458,-0.986075,0.741006,2.166478,-3.345025,0.107533,0.010129,-0.007999,0.193200,-1.000565,0.745440,2.164614,-3.292447,-0.111919,0.017013,-0.008907,0.247768,0.019197,0.008640,-0.011512,0.156686
1777336370.298809,-0.987921,0.741343,2.166263,-3.335538,0.104532,0.009842,-0.007935,0.199931,-1.004264,0.745971,2.164318,-3.284221,-0.111588,0.016024,-0.008946,0.246761,0.021826,0.008763,-0.011674,0.158801
1777336370.332129,-0.992608,0.742191,2.166164,-3.325440,0.105324,0.009655,-0.007745,0.210488,-1.007960,0.746470,2.164019,-3.275904,-0.111254,0.015033,-0.008984,0.249520,0.023589,0.009179,-0.011869,0.159664
1777336370.365577,-0.992608,0.742191,2.166164,-3.325440,0.105324,0.009655,-0.007745,0.210488,-1.011700,0.746944,2.163715,-3.267385,-0.110914,0.014026,-0.009024,0.255576,0.026777,0.009513,-0.012114,0.164119
1777336370.398803,-0.996344,0.742826,2.165545,-3.314449,0.102559,0.009293,-0.008054,0.211134,-1.015356,0.747374,2.163416,-3.258962,-0.110580,0.013039,-0.009062,0.252700,0.029454,0.010055,-0.012280,0.166910
1777336370.432090,-0.996344,0.742826,2.165545,-3.314449,0.102559,0.009293,-0.008054,0.211134,-1.019017,0.747774,2.163113,-3.250426,-0.110243,0.012046,-0.009101,0.256071,0.033366,0.010530,-0.012498,0.172829
1777336370.465431,-1.001764,0.743762,2.165141,-3.303605,0.101297,0.008849,-0.008030,0.209685,-1.022718,0.748146,2.162806,-3.241697,-0.109899,0.011038,-0.009140,0.261851,0.035802,0.011387,-0.012682,0.176824
1777336370.498778,-1.004583,0.744219,2.165026,-3.292606,0.097516,0.008424,-0.007696,0.209818,-1.026340,0.748478,2.162502,-3.233057,-0.109561,0.010049,-0.009179,0.259201,0.038239,0.012349,-0.012895,0.179282
1777336370.532151,-1.004583,0.744219,2.165026,-3.292606,0.097516,0.008424,-0.007696,0.209818,-1.029999,0.748781,2.162193,-3.224231,-0.109217,0.009046,-0.009218,0.264805,0.041912,0.013212,-0.013159,0.184985
1777336370.565470,-1.009765,0.745141,2.164415,-3.281236,0.096676,0.007882,-0.007971,0.210752,-1.033623,0.749049,2.161885,-3.215389,-0.108875,0.008049,-0.009256,0.265241,0.044240,0.014490,-0.013345,0.188749
1777336370.598774,-1.012615,0.745592,2.164076,-3.269489,0.093426,0.007448,-0.007921,0.213161,-1.037232,0.749284,2.161576,-3.206484,-0.108531,0.007053,-0.009295,0.267145,0.046522,0.015857,-0.013513,0.190548
1777336370.632117,-1.012615,0.745592,2.164076,-3.269489,0.093426,0.007448,-0.007921,0.213161,-1.040828,0.749485,2.161266,-3.197517,-0.108186,0.006057,-0.009333,0.269022,0.050034,0.017092,-0.013735,0.195929
1777336370.665470,-1.017938,0.746501,2.163917,-3.257365,0.093070,0.006851,-0.007629,0.215709,-1.044431,0.749654,2.160953,-3.188433,-0.107838,0.005055,-0.009372,0.272516,0.052129,0.018746,-0.013976,0.199025
1777336370.698790,-1.020913,0.746947,2.163187,-3.244871,0.090043,0.006394,-0.008062,0.218745,-1.048027,0.749790,2.160638,-3.179270,-0.107489,0.004052,-0.009411,0.274908,0.054132,0.020477,-0.014116,0.200131
1777336370.732130,-1.020913,0.746947,2.163187,-3.244871,0.090043,0.006394,-0.008062,0.218745,-1.051589,0.749891,2.160324,-3.170094,-0.107140,0.003055,-0.009449,0.275252,0.057384,0.022044,-0.014313,0.205042
1777336370.765465,-1.026324,0.747821,2.162799,-3.232104,0.090040,0.005741,-0.008038,0.222384,-1.055162,0.749960,2.160006,-3.160797,-0.106789,0.002051,-0.009488,0.278935,0.059204,0.024026,-0.014483,0.207505
1777336370.798786,-1.029436,0.748251,2.162671,-3.218937,0.087089,0.005263,-0.007695,0.225157,-1.058680,0.749995,2.159691,-3.151547,-0.106440,0.001060,-0.009526,0.277479,0.060895,0.026070,-0.014682,0.207884
1777336370.832133,-1.029436,0.748251,2.162671,-3.218937,0.087089,0.005263,-0.007695,0.225157,-1.062243,0.749997,2.159370,-3.142083,-0.106084,0.000052,-0.009565,0.283934,0.063837,0.027914,-0.014935,0.212095
1777336370.865493,-1.035176,0.749094,2.161962,-3.205549,0.087085,0.004535,-0.008047,0.227296,-1.065756,0.749965,2.159051,-3.132658,-0.105731,-0.000945,-0.009603,0.282739,0.065258,0.030180,-0.015092,0.214022
1777336370.898781,-1.037998,0.749467,2.161598,-3.192074,0.084646,0.004081,-0.008042,0.233276,-1.069251,0.749901,2.158731,-3.123186,-0.105378,-0.001940,-0.009642,0.284155,0.066717,0.032469,-0.015232,0.213728
1777336370.932082,-1.043095,0.750138,2.161478,-3.178824,0.086620,0.003511,-0.007852,0.251181,-1.072751,0.749803,2.158409,-3.113611,-0.105022,-0.002939,-0.009680,0.287268,0.067167,0.035015,-0.015404,0.211775
1777336370.965427,-1.045788,0.750473,2.160757,-3.164998,0.085962,0.003117,-0.008437,0.270578,-1.076252,0.749671,2.158084,-3.103941,-0.104663,-0.003943,-0.009719,0.290102,0.067855,0.037526,-0.015485,0.208291
1777336370.998784,-1.051394,0.751061,2.160372,-3.151044,0.088564,0.002534,-0.008561,0.287773,-1.079723,0.749507,2.157759,-3.094262,-0.104305,-0.004941,-0.009757,0.290370,0.067435,0.040234,-0.015549,0.203517
1777336371.032097,-1.054685,0.751381,2.160156,-3.137122,0.088116,0.002097,-0.008467,0.299252,-1.083184,0.749309,2.157433,-3.084522,-0.103945,-0.005939,-0.009795,0.292184,0.067114,0.042885,-0.015632,0.197620
1777336371.065413,-1.060484,0.751867,2.159373,-3.123800,0.090964,0.001482,-0.009087,0.312401,-1.086647,0.749077,2.157104,-3.074685,-0.103583,-0.006941,-0.009834,0.295123,0.065750,0.045674,-0.015617,0.191151
1777336371.098794,-1.063932,0.752127,2.158932,-3.110559,0.090616,0.001035,-0.009253,0.319246,-1.090078,0.748813,2.156776,-3.064854,-0.103222,-0.007937,-0.009872,0.294926,0.064567,0.048375,-0.015581,0.184347
1777336371.132123,-1.069906,0.752483,2.158718,-3.097968,0.093517,0.000414,-0.009146,0.327156,-1.093515,0.748514,2.156445,-3.054917,-0.102858,-0.008938,-0.009910,0.298101,0.062402,0.051151,-0.015572,0.177482
1777336371.165448,-1.073225,0.752665,2.157906,-3.085741,0.093383,-0.000004,-0.009805,0.333397,-1.096937,0.748183,2.156113,-3.044939,-0.102492,-0.009937,-0.009949,0.299354,0.060602,0.053806,-0.015466,0.170914
1777336371.198790,-1.079862,0.752868,2.157425,-3.073719,0.096058,-0.000655,-0.009931,0.330893,-1.100339,0.747818,2.155780,-3.034936,-0.102127,-0.010934,-0.009987,0.300084,0.057634,0.056498,-0.015337,0.164672
1777336371.232121,-1.083151,0.752972,2.157208,-3.062644,0.095544,-0.001050,-0.009811,0.330650,-1.103719,0.747422,2.155447,-3.024911,-0.101761,-0.011928,-0.010025,0.300735,0.055179,0.059051,-0.015243,0.159150
1777336371.265419,-1.089303,0.753010,2.156378,-3.051954,0.098288,-0.001614,-0.010435,0.329366,-1.107105,0.746990,2.155111,-3.014791,-0.101393,-0.012926,-0.010063,0.303618,0.051875,0.061564,-0.015054,0.154433
1777336371.298780,-1.092307,0.753032,2.155986,-3.041989,0.098261,-0.001939,-0.010597,0.333389,-1.110469,0.746527,2.154774,-3.004655,-0.101024,-0.013921,-0.010101,0.304072,0.049272,0.063929,-0.014868,0.150853
1777336371.332152,-1.098147,0.752905,2.155768,-3.032180,0.101358,-0.002397,-0.010519,0.335492,-1.113825,0.746030,2.154436,-2.994466,-0.100654,-0.014917,-0.010139,0.305668,0.045979,0.066199,-0.014721,0.148245
1777336371.365429,-1.101700,0.752809,2.154966,-3.022619,0.101470,-0.002707,-0.011149,0.333471,-1.117187,0.745496,2.154095,-2.984179,-0.100281,-0.015917,-0.010178,0.308607,0.043138,0.068331,-0.014489,0.146633
1777336371.398774,-1.108045,0.752481,2.154512,-3.013358,0.104473,-0.003120,-0.011296,0.328645,-1.120495,0.744936,2.153757,-2.973985,-0.099911,-0.016904,-0.010215,0.305820,0.039421,0.070336,-0.014253,0.146083
1777336371.432111,-1.111513,0.752292,2.154281,-3.004410,0.104370,-0.003369,-0.011195,0.324848,-1.123816,0.744339,2.153415,-2.963676,-0.099537,-0.017899,-0.010253,0.309279,0.036255,0.072211,-0.014056,0.146342
1777336371.465420,-1.117706,0.751783,2.153492,-2.995474,0.107239,-0.003677,-0.011767,0.320437,-1.127128,0.743708,2.153071,-2.953323,-0.099162,-0.018893,-0.010291,0.310606,0.032318,0.073908,-0.013783,0.147531
1777336371.498818,-1.121217,0.751479,2.153066,-2.986548,0.106925,-0.003862,-0.011877,0.315942,-1.130433,0.743043,2.152726,-2.942917,-0.098784,-0.019888,-0.010330,0.312174,0.028966,0.075493,-0.013514,0.149450
1777336371.532132,-1.127301,0.750782,2.152846,-2.977576,0.109632,-0.004051,-0.011734,0.312494,-1.133696,0.742351,2.152382,-2.932580,-0.098410,-0.020874,-0.010367,0.310106,0.024920,0.076857,-0.013292,0.151983
1777336371.565436,-1.130742,0.750371,2.152093,-2.968420,0.109181,-0.004167,-0.012248,0.309355,-1.136970,0.741620,2.152034,-2.922137,-0.098031,-0.021866,-0.010405,0.313294,0.021504,0.078118,-0.013003,0.154790
1777336371.598769,-1.136807,0.749472,2.151691,-2.959050,0.111688,-0.004245,-0.012310,0.306737,-1.140231,0.740857,2.151686,-2.911673,-0.097651,-0.022856,-0.010443,0.313910,0.017403,0.079114,-0.012725,0.157930
1777336371.632118,-1.140012,0.748977,2.151495,-2.949519,0.111221,-0.004287,-0.012150,0.307298,-1.143556,0.740042,2.151327,-2.900936,-0.097262,-0.023869,-0.010482,0.322102,0.014065,0.080040,-0.012501,0.161194
1777336371.665425,-1.146148,0.747857,2.150762,-2.939447,0.113506,-0.004261,-0.012598,0.305114,-1.146695,0.739237,2.150986,-2.890740,-0.096891,-0.024828,-0.010519,0.305899,0.010022,0.080674,-0.012218,0.164667
1777336371.698800,-1.149596,0.747204,2.150371,-2.929158,0.112418,-0.004245,-0.012586,0.302386,-1.149921,0.738374,2.150634,-2.880204,-0.096508,-0.025817,-0.010557,0.316063,0.006590,0.081218,-0.011948,0.167189
1777336371.732122,-1.155131,0.745979,2.150203,-2.918807,0.114555,-0.004108,-0.012378,0.305074,-1.153110,0.737485,2.150282,-2.869729,-0.096126,-0.026797,-0.010594,0.314248,0.002706,0.081452,-0.011737,0.169859
1777336371.765435,-1.158227,0.745272,2.149553,-2.907954,0.113752,-0.004043,-0.012758,0.308462,-1.156310,0.736556,2.149927,-2.859167,-0.095741,-0.027782,-0.010632,0.316882,-0.000385,0.081661,-0.011483,0.172015
1777336371.798802,-1.163804,0.743841,2.149206,-2.896763,0.115812,-0.003828,-0.012757,0.312003,-1.159483,0.735599,2.149572,-2.848637,-0.095356,-0.028763,-0.010670,0.315904,-0.004019,0.081528,-0.011252,0.173760
1777336371.832114,-1.167083,0.742977,2.149012,-2.885229,0.114690,-0.003715,-0.012515,0.312910,-1.162648,0.734608,2.149215,-2.838081,-0.094970,-0.029743,-0.010707,0.316661,-0.006975,0.081379,-0.011074,0.174870
1777336371.865439,-1.174190,0.740927,2.148216,-2.862077,0.114747,-0.003391,-0.012697,0.319839,-1.165824,0.733576,2.148854,-2.827438,-0.094579,-0.030730,-0.010745,0.319281,-0.011247,0.080690,-0.010822,0.170312
1777336371.898782,-1.174190,0.740927,2.148216,-2.862077,0.114747,-0.003391,-0.012697,0.319839,-1.168961,0.732520,2.148495,-2.816880,-0.094191,-0.031707,-0.010783,0.316765,-0.013075,0.080489,-0.010665,0.171461
1777336371.932118,-1.180110,0.738904,2.147950,-2.849904,0.116865,-0.002943,-0.012555,0.321691,-1.172075,0.731435,2.148136,-2.806352,-0.093803,-0.032680,-0.010820,0.315839,-0.015891,0.079731,-0.010542,0.171764
1777336371.965502,-1.183640,0.737723,2.147306,-2.837891,0.115501,-0.002769,-0.012817,0.319374,-1.175218,0.730302,2.147770,-2.795681,-0.093408,-0.033665,-0.010858,0.320106,-0.018283,0.078951,-0.010374,0.171459
1777336371.998790,-1.188848,0.735789,2.147009,-2.826462,0.116854,-0.002373,-0.012717,0.319410,-1.178277,0.729164,2.147412,-2.785256,-0.093022,-0.034625,-0.010895,0.312758,-0.021207,0.077794,-0.010235,0.171131
1777336372.032126,-1.191557,0.734746,2.146865,-2.814941,0.115388,-0.002181,-0.012431,0.321032,-1.181366,0.727976,2.147047,-2.774687,-0.092629,-0.035598,-0.010933,0.317062,-0.023289,0.076747,-0.010154,0.170268
1777336372.065407,-1.196626,0.732674,2.146298,-2.803259,0.116430,-0.001750,-0.012649,0.320155,-1.184447,0.726755,2.146681,-2.764110,-0.092234,-0.036571,-0.010970,0.317324,-0.025924,0.075316,-0.010042,0.169316
1777336372.098791,-1.198963,0.731666,2.146048,-2.791962,0.115081,-0.001549,-0.012547,0.325015,-1.187503,0.725506,2.146315,-2.753583,-0.091840,-0.037538,-0.011008,0.315810,-0.027539,0.074092,-0.009965,0.168343
1777336372.132122,-1.203786,0.729511,2.145894,-2.780300,0.116104,-0.001092,-0.012272,0.324872,-1.190559,0.724219,2.145946,-2.743023,-0.091444,-0.038508,-0.011045,0.316803,-0.029689,0.072501,-0.009942,0.167113
1777336372.165514,-1.206134,0.728413,2.145389,-2.769068,0.114719,-0.000882,-0.012483,0.328212,-1.193607,0.722897,2.145575,-2.732455,-0.091045,-0.039478,-0.011083,0.317033,-0.030901,0.071131,-0.009897,0.165958
1777336372.198824,-1.210267,0.726384,2.145139,-2.757927,0.116024,-0.000424,-0.012428,0.334564,-1.196628,0.721549,2.145204,-2.721954,-0.090647,-0.040441,-0.011120,0.315030,-0.032366,0.069508,-0.009885,0.164893
1777336372.232123,-1.212782,0.725132,2.144990,-2.746611,0.114855,-0.000199,-0.012194,0.336927,-1.199620,0.720177,2.144834,-2.711526,-0.090250,-0.041398,-0.011157,0.312841,-0.033109,0.068076,-0.009922,0.163728
1777336372.265450,-1.217344,0.722755,2.144447,-2.735349,0.115723,0.000294,-0.012404,0.334418,-1.202631,0.718757,2.144459,-2.701005,-0.089848,-0.042363,-0.011194,0.315640,-0.034481,0.066267,-0.009926,0.162466
1777336372.298807,-1.219878,0.721398,2.144159,-2.724293,0.113749,0.000519,-0.012250,0.329972,-1.205598,0.717320,2.144086,-2.690614,-0.089449,-0.043317,-0.011232,0.311734,-0.035153,0.064666,-0.009952,0.161415
1777336372.332097,-1.223823,0.719153,2.144042,-2.713575,0.114389,0.001010,-0.011972,0.329467,-1.208560,0.715848,2.143712,-2.680219,-0.089048,-0.044271,-0.011269,0.311842,-0.036149,0.062804,-0.010032,0.160425
1777336372.365403,-1.226037,0.717868,2.143524,-2.702754,0.112576,0.001224,-0.012158,0.327768,-1.211522,0.714337,2.143334,-2.669803,-0.088645,-0.045228,-0.011306,0.312475,-0.036338,0.061216,-0.010082,0.159570
1777336372.398800,-1.230226,0.715355,2.143234,-2.691910,0.112721,0.001727,-0.012003,0.322205,-1.214456,0.712801,2.142957,-2.659467,-0.088242,-0.046178,-0.011343,0.310098,-0.037098,0.059288,-0.010150,0.158840
1777336372.432118,-1.231957,0.714248,2.143135,-2.681625,0.111009,0.001927,-0.011733,0.324298,-1.217384,0.711230,2.142577,-2.649137,-0.087837,-0.047129,-0.011380,0.309887,-0.036800,0.057755,-0.010275,0.158338
1777336372.465415,-1.235691,0.711857,2.142607,-2.670957,0.111390,0.002410,-0.011948,0.322685,-1.220300,0.709627,2.142197,-2.638833,-0.087431,-0.048078,-0.011417,0.309124,-0.036918,0.055964,-0.010364,0.157920
1777336372.498780,-1.237518,0.710638,2.142355,-2.660621,0.109799,0.002609,-0.011860,0.324282,-1.223202,0.707992,2.141815,-2.628565,-0.087024,-0.049024,-0.011454,0.308021,-0.036140,0.054535,-0.010478,0.157693
1777336372.532108,-1.240943,0.708308,2.142220,-2.650185,0.110353,0.003084,-0.011631,0.325422,-1.226088,0.706327,2.141432,-2.618345,-0.086617,-0.049968,-0.011491,0.306610,-0.035702,0.052896,-0.010638,0.157553
1777336372.565425,-1.242788,0.707017,2.141703,-2.639828,0.108932,0.003280,-0.011884,0.327525,-1.228970,0.704625,2.141046,-2.608126,-0.086207,-0.050912,-0.011528,0.306570,-0.034486,0.051594,-0.010762,0.157489
1777336372.598782,-1.246314,0.704506,2.141399,-2.629272,0.109284,0.003754,-0.011815,0.325431,-1.231830,0.702897,2.140661,-2.597978,-0.085797,-0.051852,-0.011565,0.304446,-0.033791,0.050020,-0.010899,0.157440
1777336372.632132,-1.248172,0.703140,2.141250,-2.618903,0.107500,0.003936,-0.011561,0.323947,-1.234671,0.701140,2.140275,-2.587890,-0.085387,-0.052787,-0.011602,0.302635,-0.032380,0.048769,-0.011077,0.157386
1777336372.665436,-1.251373,0.700720,2.140693,-2.608532,0.107742,0.004386,-0.011830,0.323128,-1.237507,0.699347,2.139886,-2.577815,-0.084975,-0.053723,-0.011639,0.302243,-0.031359,0.047305,-0.011212,0.157307
1777336372.698776,-1.253127,0.699361,2.140398,-2.598118,0.105924,0.004550,-0.011754,0.322144,-1.240323,0.697528,2.139498,-2.567810,-0.084563,-0.054655,-0.011676,0.300156,-0.029614,0.046179,-0.011359,0.157223
1777336372.732116,-1.256388,0.696784,2.140232,-2.587581,0.105837,0.004988,-0.011478,0.318375,-1.243126,0.695676,2.139107,-2.557846,-0.084150,-0.055584,-0.011713,0.298925,-0.028399,0.044785,-0.011545,0.156990
1777336372.765420,-1.258233,0.695292,2.139597,-2.577038,0.103235,0.005115,-0.011722,0.312101,-1.245932,0.693782,2.138714,-2.547871,-0.083733,-0.056516,-0.011750,0.299244,-0.026565,0.043684,-0.011670,0.156631
1777336372.798792,-1.261015,0.692952,2.139324,-2.566829,0.103076,0.005515,-0.011621,0.311259,-1.248701,0.691873,2.138322,-2.538026,-0.083319,-0.057439,-0.011786,0.295350,-0.024956,0.042448,-0.011815,0.156368
1777336372.832152,-1.262504,0.691670,2.139183,-2.556431,0.101050,0.005631,-0.011350,0.310976,-1.251458,0.689932,2.137929,-2.528229,-0.082904,-0.058359,-0.011823,0.293921,-0.022543,0.041592,-0.012004,0.155907
1777336372.865420,-1.265381,0.689167,2.138562,-2.545962,0.100895,0.006015,-0.011656,0.309184,-1.254225,0.687943,2.137531,-2.518395,-0.082484,-0.059285,-0.011860,0.295000,-0.020572,0.040517,-0.012136,0.155301
1777336372.898784,-1.265381,0.689167,2.138562,-2.545962,0.100895,0.006015,-0.011656,0.309184,-1.256959,0.685938,2.137134,-2.508685,-0.082066,-0.060202,-0.011897,0.291320,-0.016664,0.040439,-0.012342,0.159374
1777336372.932117,-1.267581,0.687207,2.138109,-2.535167,0.097624,0.006146,-0.011504,0.298537,-1.259665,0.683912,2.136739,-2.499080,-0.081650,-0.061111,-0.011933,0.288142,-0.012907,0.040311,-0.012526,0.162307
1777336372.965437,-1.269895,0.685082,2.138029,-2.525276,0.097128,0.006448,-0.011168,0.298486,-1.262388,0.681834,2.136338,-2.489423,-0.081227,-0.062028,-0.011970,0.289706,-0.009417,0.040063,-0.012764,0.164638
1777336372.998788,-1.271071,0.683968,2.137443,-2.514999,0.095175,0.006509,-0.011484,0.301471,-1.265076,0.679740,2.135939,-2.479895,-0.080807,-0.062935,-0.012006,0.285854,-0.005188,0.040184,-0.012951,0.166454
1777336373.032118,-1.273780,0.681413,2.137100,-2.504084,0.094964,0.006843,-0.011414,0.300906,-1.267744,0.677621,2.135539,-2.470444,-0.080387,-0.063838,-0.012043,0.283529,-0.001662,0.039986,-0.013138,0.167310
1777336373.065429,-1.275002,0.680210,2.136956,-2.493290,0.093251,0.006911,-0.011183,0.305979,-1.270409,0.675463,2.135136,-2.461014,-0.079965,-0.064741,-0.012079,0.282885,0.002521,0.040105,-0.013368,0.167423
1777336373.098756,-1.277608,0.677640,2.136280,-2.481992,0.093386,0.007246,-0.011569,0.308730,-1.273068,0.673269,2.134731,-2.451618,-0.079540,-0.065644,-0.012116,0.281901,0.006033,0.039914,-0.013528,0.166727
1777336373.132103,-1.279032,0.676199,2.135920,-2.470622,0.091597,0.007306,-0.011543,0.310592,-1.275691,0.671063,2.134328,-2.442356,-0.079118,-0.066537,-0.012152,0.277854,0.010029,0.039951,-0.013688,0.165292
1777336373.165636,-1.281563,0.673589,2.135745,-2.459310,0.091848,0.007634,-0.011307,0.313725,-1.278331,0.668801,2.133919,-2.433050,-0.078690,-0.067438,-0.012189,0.279182,0.013373,0.039680,-0.013885,0.163110
1777336373.198823,-1.283081,0.671994,2.134993,-2.447793,0.089883,0.007671,-0.011719,0.312288,-1.280940,0.666523,2.133512,-2.423862,-0.078264,-0.068329,-0.012225,0.275626,0.017127,0.039594,-0.014001,0.160401
1777336373.232121,-1.285743,0.669135,2.134613,-2.436540,0.089867,0.007975,-0.011652,0.310212,-1.283540,0.664211,2.133102,-2.414720,-0.077836,-0.069220,-0.012261,0.274266,0.020100,0.039138,-0.014116,0.157165
1777336373.265407,-1.285743,0.669135,2.134613,-2.436540,0.089867,0.007975,-0.011652,0.310212,-1.286107,0.661886,2.132694,-2.405706,-0.077411,-0.070101,-0.012297,0.270413,0.024951,0.039583,-0.014309,0.158612
1777336373.298779,-1.287562,0.667125,2.134368,-2.425184,0.087139,0.007997,-0.011261,0.301539,-1.288673,0.659520,2.132283,-2.396712,-0.076982,-0.070983,-0.012334,0.269823,0.029611,0.039946,-0.014524,0.158744
1777336373.332104,-1.289911,0.664494,2.133637,-2.414679,0.086827,0.008225,-0.011642,0.298782,-1.291223,0.657126,2.131871,-2.387788,-0.076553,-0.071862,-0.012370,0.267717,0.033579,0.040000,-0.014661,0.158239
1777336373.365434,-1.290944,0.663296,2.133308,-2.404369,0.085108,0.008214,-0.011614,0.301594,-1.293777,0.654686,2.131455,-2.378865,-0.076120,-0.072744,-0.012406,0.267686,0.038259,0.040369,-0.014808,0.157206
1777336373.398769,-1.293342,0.660514,2.133128,-2.393714,0.085627,0.008491,-0.011369,0.303828,-1.296301,0.652230,2.131040,-2.370061,-0.075688,-0.073618,-0.012443,0.264141,0.042148,0.040387,-0.014995,0.155641
1777336373.432152,-1.294636,0.658982,2.132373,-2.383090,0.084303,0.008506,-0.011854,0.305999,-1.298799,0.649758,2.130626,-2.361365,-0.075258,-0.074483,-0.012479,0.260872,0.046483,0.040597,-0.015100,0.153482
1777336373.465461,-1.297148,0.655963,2.131972,-2.372517,0.085155,0.008797,-0.011870,0.307667,-1.301294,0.647246,2.130209,-2.352696,-0.074825,-0.075350,-0.012515,0.260067,0.049869,0.040391,-0.015203,0.150810
1777336373.498793,-1.298513,0.654293,2.131765,-2.362066,0.084029,0.008817,-0.011661,0.308972,-1.303776,0.644703,2.129790,-2.344089,-0.074391,-0.076214,-0.012551,0.258198,0.053679,0.040359,-0.015344,0.147836
1777336373.532116,-1.301650,0.650394,2.130820,-2.351316,0.084217,0.009069,-0.012100,0.299420,-1.306225,0.642151,2.129373,-2.335611,-0.073959,-0.077068,-0.012586,0.254339,0.055894,0.039645,-0.015369,0.144409
1777336373.565417,-1.302802,0.648925,2.130465,-2.341580,0.082634,0.009022,-0.012046,0.297940,-1.308691,0.639537,2.128950,-2.327093,-0.073521,-0.077929,-0.012623,0.255540,0.058924,0.039258,-0.015406,0.140946
1777336373.598798,-1.305328,0.645668,2.130285,-2.331774,0.083608,0.009278,-0.011757,0.296763,-1.311113,0.636926,2.128530,-2.318742,-0.073087,-0.078777,-0.012658,0.250548,0.061102,0.038511,-0.015492,0.137608
1777336373.632115,-1.306541,0.644078,2.129525,-2.322400,0.082776,0.009277,-0.012282,0.299610,-1.313534,0.634273,2.128107,-2.310414,-0.072650,-0.079626,-0.012694,0.249822,0.064020,0.038062,-0.015505,0.134309
1777336373.665426,-1.309054,0.640746,2.129112,-2.313118,0.084351,0.009554,-0.012340,0.301328,-1.315948,0.631582,2.127682,-2.302127,-0.072211,-0.080474,-0.012730,0.248619,0.066041,0.037256,-0.015520,0.131218
1777336373.698778,-1.310509,0.638791,2.128883,-2.304069,0.083809,0.009572,-0.012168,0.300788,-1.318346,0.628866,2.127255,-2.293913,-0.071771,-0.081318,-0.012766,0.246428,0.068547,0.036651,-0.015576,0.128381
1777336373.732110,-1.313224,0.635097,2.128053,-2.295292,0.085574,0.009837,-0.012703,0.298306,-1.320724,0.626127,2.126828,-2.285784,-0.071332,-0.082157,-0.012802,0.243863,0.069928,0.035621,-0.015547,0.125821
1777336373.765445,-1.314688,0.633083,2.127620,-2.286876,0.085139,0.009840,-0.012778,0.296540,-1.323088,0.623359,2.126400,-2.277721,-0.070891,-0.082992,-0.012838,0.241889,0.071859,0.034825,-0.015521,0.123610
1777336373.798774,-1.317494,0.629174,2.127374,-2.278550,0.087026,0.010083,-0.012557,0.292270,-1.325432,0.620570,2.125972,-2.269741,-0.070451,-0.083822,-0.012873,0.239406,0.072585,0.033596,-0.015535,0.121724
1777336373.832114,-1.319091,0.626923,2.126514,-2.270457,0.086391,0.010049,-0.013094,0.286537,-1.327764,0.617750,2.125542,-2.261821,-0.070010,-0.084649,-0.012909,0.237598,0.073783,0.032573,-0.015461,0.120161
1777336373.865447,-1.321974,0.622820,2.126062,-2.262571,0.088245,0.010248,-0.013083,0.280396,-1.330104,0.614876,2.125106,-2.253893,-0.069563,-0.085480,-0.012945,0.237832,0.073750,0.031131,-0.015390,0.118955
1777336373.898793,-1.323470,0.620671,2.125845,-2.254908,0.087630,0.010191,-0.012841,0.275883,-1.332393,0.612018,2.124677,-2.246153,-0.069123,-0.086294,-0.012981,0.232209,0.074461,0.030005,-0.015370,0.118213
1777336373.932117,-1.326300,0.616570,2.125017,-2.247288,0.089668,0.010361,-0.013333,0.271508,-1.334677,0.609121,2.124244,-2.238447,-0.068679,-0.087108,-0.013016,0.231183,0.074037,0.028518,-0.015272,0.117605
1777336373.965465,-1.327746,0.614461,2.124610,-2.239868,0.089383,0.010309,-0.013376,0.270184,-1.336962,0.606176,2.123807,-2.230754,-0.068232,-0.087924,-0.013052,0.230787,0.074456,0.027383,-0.015188,0.117328
1777336373.998783,-1.330708,0.610096,2.124362,-2.232227,0.091594,0.010451,-0.013121,0.265683,-1.339212,0.603231,2.123372,-2.223195,-0.067789,-0.088729,-0.013087,0.226767,0.073613,0.025866,-0.015151,0.117235
1777336374.032122,-1.332418,0.607547,2.123496,-2.224653,0.090941,0.010340,-0.013607,0.259629,-1.341463,0.600239,2.122934,-2.215651,-0.067341,-0.089535,-0.013123,0.226333,0.073326,0.024597,-0.015030,0.117143
1777336374.065415,-1.335112,0.603550,2.123122,-2.217428,0.093352,0.010440,-0.013608,0.260181,-1.343687,0.597235,2.122496,-2.208210,-0.066895,-0.090334,-0.013158,0.223214,0.072239,0.023134,-0.014933,0.117311
1777336374.098773,-1.336850,0.600924,2.122873,-2.209712,0.092963,0.010326,-0.013349,0.256221,-1.345902,0.594197,2.122056,-2.200816,-0.066447,-0.091130,-0.013193,0.221814,0.071719,0.021923,-0.014883,0.117335
1777336374.132154,-1.340155,0.595922,2.121980,-2.201994,0.095000,0.010321,-0.013760,0.248953,-1.348115,0.591114,2.121613,-2.193443,-0.065996,-0.091927,-0.013229,0.221198,0.069580,0.020257,-0.014747,0.117260
1777336374.165468,-1.341811,0.593404,2.121556,-2.194444,0.093891,0.010106,-0.013641,0.243069,-1.350292,0.588035,2.121172,-2.186207,-0.065548,-0.092712,-0.013264,0.217079,0.068348,0.018954,-0.014627,0.117180
1777336374.198903,-1.344991,0.588563,2.121345,-2.186781,0.095670,0.010009,-0.013210,0.236978,-1.352473,0.584903,2.120727,-2.178972,-0.065096,-0.093500,-0.013300,0.217044,0.065792,0.017322,-0.014565,0.116864
1777336374.232115,-1.344991,0.588563,2.121345,-2.186781,0.095670,0.010009,-0.013210,0.236978,-1.354620,0.581772,2.120284,-2.171864,-0.064647,-0.094277,-0.013335,0.213238,0.066487,0.016794,-0.014602,0.119935
1777336374.265432,-1.346809,0.585831,2.120637,-2.179206,0.094948,0.009761,-0.013484,0.232891,-1.356752,0.578615,2.119840,-2.164818,-0.064197,-0.095050,-0.013370,0.211384,0.067466,0.016454,-0.014585,0.122246
1777336374.298765,-1.349668,0.581429,2.120197,-2.171571,0.096597,0.009622,-0.013414,0.229848,-1.358875,0.575423,2.119393,-2.157815,-0.063745,-0.095821,-0.013405,0.210109,0.067206,0.015826,-0.014574,0.123907
1777336374.332114,-1.351049,0.579315,2.120014,-2.164012,0.095871,0.009396,-0.013146,0.231061,-1.360981,0.572210,2.118946,-2.150882,-0.063293,-0.096587,-0.013440,0.207983,0.067983,0.015583,-0.014620,0.125045
1777336374.365445,-1.354829,0.573409,2.119023,-2.147850,0.096907,0.009057,-0.013398,0.234731,-1.363081,0.568957,2.118496,-2.143982,-0.062838,-0.097352,-0.013475,0.207012,0.066249,0.014699,-0.014556,0.121794
1777336374.398777,-1.354829,0.573409,2.119023,-2.147850,0.096907,0.009057,-0.013398,0.234731,-1.365164,0.565681,2.118045,-2.137147,-0.062383,-0.098112,-0.013511,0.205035,0.067741,0.014775,-0.014591,0.122169
1777336374.432117,-1.358290,0.568170,2.118683,-2.139389,0.100112,0.008761,-0.013248,0.236296,-1.367231,0.562381,2.117593,-2.130378,-0.061927,-0.098867,-0.013546,0.203059,0.067192,0.014430,-0.014650,0.121719
1777336374.465442,-1.360207,0.565130,2.117861,-2.130961,0.099977,0.008480,-0.013685,0.236140,-1.369288,0.559047,2.117138,-2.123652,-0.061469,-0.099620,-0.013581,0.201796,0.066963,0.014220,-0.014631,0.120555
1777336374.498781,-1.363402,0.560121,2.117446,-2.122851,0.102713,0.008174,-0.013623,0.236357,-1.371317,0.555709,2.116685,-2.117027,-0.061014,-0.100363,-0.013616,0.198742,0.065228,0.013707,-0.014625,0.118939
1777336374.532109,-1.365197,0.557283,2.117224,-2.114669,0.102266,0.007838,-0.013311,0.235650,-1.373321,0.552364,2.116234,-2.110496,-0.060560,-0.101099,-0.013650,0.195945,0.064206,0.013430,-0.014670,0.116808
1777336374.565395,-1.368347,0.552301,2.116447,-2.106625,0.104903,0.007465,-0.013702,0.235784,-1.375328,0.548964,2.115777,-2.103962,-0.060102,-0.101837,-0.013685,0.196005,0.061830,0.012904,-0.014647,0.114277
1777336374.598775,-1.373181,0.544489,2.115913,-2.091032,0.108379,0.006875,-0.013398,0.239544,-1.377321,0.545535,2.115318,-2.097481,-0.059642,-0.102571,-0.013720,0.194432,0.055802,0.011608,-0.014614,0.108102
1777336374.632075,-1.374719,0.542129,2.115162,-2.083507,0.108379,0.006510,-0.013904,0.244697,-1.379284,0.542109,2.114862,-2.091108,-0.059185,-0.103295,-0.013755,0.191198,0.051681,0.010825,-0.014525,0.102441
1777336374.665410,-1.378092,0.536640,2.114687,-2.075784,0.111127,0.006014,-0.013870,0.241275,-1.381249,0.538628,2.114400,-2.084735,-0.058724,-0.104020,-0.013790,0.191173,0.046332,0.009845,-0.014441,0.097039
1777336374.698807,-1.379695,0.534069,2.114494,-2.069000,0.110944,0.005646,-0.013638,0.240715,-1.383188,0.535144,2.113940,-2.078456,-0.058264,-0.104737,-0.013824,0.188366,0.042667,0.009294,-0.014421,0.092396
1777336374.732188,-1.383008,0.528644,2.113672,-2.062354,0.113516,0.005085,-0.014059,0.234718,-1.385110,0.531638,2.113480,-2.072238,-0.057804,-0.105449,-0.013859,0.186565,0.037826,0.008585,-0.014331,0.088332
1777336374.765411,-1.384791,0.525728,2.113254,-2.056336,0.112774,0.004651,-0.013987,0.227871,-1.387027,0.528088,2.113015,-2.066038,-0.057341,-0.106160,-0.013894,0.186002,0.034322,0.008216,-0.014258,0.085048
1777336374.798775,-1.387520,0.521359,2.113110,-2.050995,0.115481,0.004119,-0.013767,0.226881,-1.388925,0.524522,2.112550,-2.059908,-0.056878,-0.106865,-0.013929,0.183899,0.030633,0.007934,-0.014259,0.082765
1777336374.832134,-1.389222,0.518571,2.112376,-2.045595,0.115464,0.003723,-0.014211,0.222957,-1.390821,0.520907,2.112081,-2.053786,-0.056411,-0.107570,-0.013963,0.183636,0.028267,0.007982,-0.014208,0.081220
1777336374.865420,-1.392489,0.513185,2.111926,-2.040387,0.118017,0.003074,-0.014191,0.215385,-1.392684,0.517302,2.111615,-2.047777,-0.055948,-0.108263,-0.013998,0.180274,0.024679,0.007907,-0.014167,0.080430
1777336374.898785,-1.394320,0.510171,2.111693,-2.035489,0.117247,0.002614,-0.013885,0.207331,-1.394531,0.513676,2.111148,-2.041824,-0.055485,-0.108952,-0.014032,0.178607,0.022233,0.008122,-0.014179,0.080259
1777336374.932102,-1.397614,0.504744,2.110873,-2.030662,0.119123,0.001893,-0.014244,0.198514,-1.396351,0.510048,2.110682,-2.035955,-0.055023,-0.109632,-0.014067,0.176048,0.018556,0.008229,-0.014121,0.080656
1777336374.965419,-1.399253,0.502072,2.110488,-2.025958,0.117761,0.001446,-0.014107,0.191302,-1.398194,0.506322,2.110206,-2.030020,-0.054552,-0.110321,-0.014101,0.178072,0.016385,0.008683,-0.014086,0.081509
1777336374.998784,-1.402130,0.497361,2.110320,-2.021210,0.119650,0.000783,-0.013776,0.186526,-1.399986,0.502645,2.109738,-2.024249,-0.054089,-0.110992,-0.014136,0.173133,0.013690,0.009167,-0.014120,0.082888
1777336375.032111,-1.403763,0.494660,2.109564,-2.016246,0.118510,0.000361,-0.014142,0.181839,-1.401792,0.498883,2.109260,-2.018431,-0.053617,-0.111669,-0.014170,0.174534,0.012372,0.009951,-0.014096,0.084304
1777336375.065429,-1.406536,0.490077,2.109207,-2.011271,0.120490,-0.000287,-0.014086,0.179806,-1.403545,0.495178,2.108792,-2.012784,-0.053155,-0.112328,-0.014204,0.169419,0.010548,0.010758,-0.014101,0.085956
1777336375.098768,-1.408069,0.487536,2.109020,-2.006062,0.119782,-0.000680,-0.013820,0.178919,-1.405296,0.491424,2.108319,-2.007144,-0.052688,-0.112986,-0.014238,0.169193,0.010125,0.011848,-0.014167,0.087406
1777336375.132109,-1.410951,0.482672,2.108269,-2.000608,0.121753,-0.001344,-0.014216,0.177468,-1.407039,0.487629,2.107842,-2.001526,-0.052219,-0.113642,-0.014273,0.168541,0.008785,0.012874,-0.014174,0.088716
1777336375.165428,-1.412617,0.479839,2.107855,-1.994990,0.120658,-0.001754,-0.014137,0.175409,-1.408769,0.483810,2.107364,-1.995951,-0.051749,-0.114294,-0.014307,0.167235,0.008585,0.014120,-0.014196,0.089798
1777336375.198786,-1.415373,0.475143,2.107665,-1.989321,0.122426,-0.002406,-0.013837,0.175205,-1.410471,0.479994,2.106888,-1.990461,-0.051281,-0.114936,-0.014341,0.164710,0.007641,0.015327,-0.014279,0.090618
1777336375.232106,-1.415373,0.475143,2.107665,-1.989321,0.122426,-0.002406,-0.013837,0.175205,-1.412160,0.476152,2.106410,-1.985009,-0.050812,-0.115575,-0.014375,0.163544,0.010356,0.017089,-0.014457,0.093696
1777336375.265433,-1.417373,0.471747,2.106921,-1.983311,0.121319,-0.002900,-0.014094,0.172345,-1.413850,0.472252,2.105927,-1.979551,-0.050338,-0.116214,-0.014409,0.163740,0.013053,0.018906,-0.014571,0.095973
1777336375.298774,-1.420711,0.465751,2.106366,-1.971436,0.120669,-0.003598,-0.013749,0.174060,-1.415500,0.468385,2.105449,-1.974216,-0.049870,-0.116839,-0.014443,0.160072,0.013435,0.020419,-0.014665,0.094959
1777336375.332214,-1.421644,0.464195,2.106262,-1.965129,0.118194,-0.003865,-0.013329,0.175208,-1.417146,0.464471,2.104966,-1.968888,-0.049399,-0.117463,-0.014477,0.159821,0.015899,0.022216,-0.014834,0.093509
1777336375.365483,-1.423899,0.460179,2.105563,-1.958800,0.119407,-0.004421,-0.013701,0.178702,-1.418786,0.460513,2.104480,-1.963575,-0.048924,-0.118086,-0.014511,0.159411,0.017888,0.023965,-0.014949,0.091790
1777336375.398781,-1.427066,0.454319,2.105162,-1.952353,0.122254,-0.005137,-0.013616,0.179256,-1.420405,0.456547,2.103994,-1.958321,-0.048450,-0.118701,-0.014545,0.157597,0.017819,0.025456,-0.015076,0.089785
1777336375.432118,-1.428723,0.451255,2.104296,-1.946179,0.121807,-0.005511,-0.014154,0.180369,-1.422007,0.452563,2.103507,-1.953114,-0.047975,-0.119311,-0.014579,0.156210,0.018581,0.027034,-0.015119,0.087597
1777336375.465456,-1.429685,0.449446,2.103815,-1.940053,0.119363,-0.005694,-0.014152,0.179641,-1.423586,0.448576,2.103021,-1.947973,-0.047503,-0.119913,-0.014613,0.154257,0.021220,0.028800,-0.015162,0.085273
1777336375.498733,-1.431794,0.445375,2.103598,-1.934244,0.120413,-0.006157,-0.013891,0.180427,-1.425139,0.444598,2.102538,-1.942909,-0.047033,-0.120505,-0.014646,0.151912,0.023360,0.030476,-0.015260,0.082939
1777336375.532112,-1.434653,0.439655,2.102786,-1.928503,0.123242,-0.006748,-0.014339,0.179917,-1.426691,0.440561,2.102048,-1.937836,-0.046558,-0.121098,-0.014680,0.152188,0.023553,0.031881,-0.015286,0.080583
1777336375.565431,-1.435899,0.437197,2.102447,-1.923310,0.123476,-0.007015,-0.014393,0.186486,-1.428226,0.436506,2.101558,-1.932806,-0.046082,-0.121686,-0.014714,0.150902,0.025119,0.033411,-0.015342,0.078555
1777336375.598782,-1.438435,0.431852,2.102178,-1.917714,0.125842,-0.007472,-0.014167,0.185493,-1.429760,0.432395,2.101062,-1.927771,-0.045602,-0.122273,-0.014748,0.151035,0.025226,0.034712,-0.015442,0.076556
1777336375.632121,-1.440027,0.428467,2.101293,-1.912446,0.124897,-0.007703,-0.014619,0.180990,-1.431253,0.428330,2.100573,-1.922856,-0.045129,-0.122845,-0.014781,0.147474,0.025945,0.036033,-0.015457,0.074778
1777336375.665442,-1.442445,0.423106,2.100840,-1.907471,0.126356,-0.008060,-0.014516,0.176077,-1.432750,0.424192,2.100076,-1.917915,-0.044649,-0.123419,-0.014815,0.148218,0.025347,0.037129,-0.015480,0.073147
1777336375.698811,-1.443756,0.420179,2.100609,-1.902631,0.124535,-0.008177,-0.014122,0.170751,-1.434217,0.420076,2.099583,-1.913060,-0.044173,-0.123983,-0.014848,0.145651,0.025926,0.038303,-0.015559,0.071846
1777336375.732115,-1.445843,0.415277,2.099791,-1.898007,0.125749,-0.008414,-0.014529,0.166876,-1.435672,0.415928,2.099088,-1.908229,-0.043696,-0.124542,-0.014882,0.144937,0.025696,0.039301,-0.015568,0.070777
1777336375.765423,-1.446904,0.412765,2.099390,-1.893477,0.124325,-0.008469,-0.014462,0.164042,-1.437125,0.411720,2.098586,-1.903385,-0.043213,-0.125102,-0.014916,0.145295,0.026976,0.040407,-0.015597,0.069992
1777336375.798787,-1.448869,0.407861,2.099181,-1.888982,0.125757,-0.008626,-0.014144,0.161213,-1.438540,0.407562,2.098091,-1.898658,-0.042737,-0.125647,-0.014949,0.141821,0.027424,0.041330,-0.015687,0.069499
1777336375.832125,-1.449923,0.405207,2.098369,-1.884564,0.124528,-0.008645,-0.014600,0.158760,-1.439945,0.403367,2.097593,-1.893944,-0.042259,-0.126189,-0.014982,0.141435,0.029154,0.042332,-0.015708,0.069111
1777336375.865547,-1.451813,0.400194,2.097934,-1.880162,0.126043,-0.008729,-0.014556,0.156185,-1.441342,0.399129,2.097091,-1.889237,-0.041777,-0.126728,-0.015015,0.141184,0.029870,0.043121,-0.015743,0.068906
1777336375.898796,-1.452892,0.397305,2.097696,-1.875753,0.124644,-0.008697,-0.014236,0.153040,-1.442721,0.394879,2.096589,-1.884574,-0.041296,-0.127262,-0.015049,0.139905,0.031685,0.043971,-0.015832,0.068848
1777336375.932115,-1.452892,0.397305,2.097696,-1.875753,0.124644,-0.008697,-0.014236,0.153040,-1.444074,0.390643,2.096088,-1.879977,-0.040818,-0.127785,-0.015082,0.137903,0.036998,0.045202,-0.016020,0.070852
1777336375.965469,-1.454572,0.392509,2.096933,-1.871380,0.125535,-0.008673,-0.014568,0.150048,-1.445426,0.386341,2.095582,-1.875363,-0.040334,-0.128309,-0.015115,0.138413,0.040927,0.046186,-0.016144,0.072557
1777336375.998900,-1.455863,0.388877,2.096367,-1.866865,0.123335,-0.008576,-0.014439,0.144534,-1.446755,0.382047,2.095077,-1.870809,-0.039852,-0.128824,-0.015148,0.136634,0.044795,0.047114,-0.016249,0.074016
1777336376.032116,-1.457775,0.383059,2.096110,-1.862402,0.123568,-0.008432,-0.013898,0.139177,-1.448071,0.377721,2.094569,-1.866272,-0.039368,-0.129335,-0.015182,0.136098,0.046656,0.047702,-0.016401,0.075176
1777336376.065409,-1.457775,0.383059,2.096110,-1.862402,0.123568,-0.008432,-0.013898,0.139177,-1.449361,0.373414,2.094064,-1.861805,-0.038888,-0.129837,-0.015215,0.134020,0.052024,0.048698,-0.016649,0.078129
1777336376.098797,-1.458685,0.380127,2.095289,-1.857801,0.120843,-0.008211,-0.014139,0.135375,-1.450637,0.369083,2.093558,-1.857361,-0.038406,-0.130333,-0.015248,0.133311,0.057716,0.049666,-0.016817,0.080419
1777336376.132164,-1.460294,0.374826,2.094806,-1.852994,0.120938,-0.007995,-0.013924,0.132319,-1.451922,0.364651,2.093040,-1.852863,-0.037915,-0.130833,-0.015281,0.134944,0.061578,0.050319,-0.016982,0.082075
1777336376.165437,-1.460895,0.372703,2.094643,-1.848157,0.118776,-0.007795,-0.013537,0.133030,-1.453153,0.360334,2.092537,-1.848528,-0.037437,-0.131312,-0.015314,0.130055,0.066829,0.051078,-0.017211,0.083274
1777336376.198828,-1.462390,0.367300,2.093729,-1.842853,0.119787,-0.007525,-0.013957,0.132969,-1.454382,0.355949,2.092026,-1.844170,-0.036954,-0.131792,-0.015346,0.130739,0.070208,0.051493,-0.017342,0.083592
1777336376.232098,-1.462390,0.367300,2.093729,-1.842853,0.119787,-0.007525,-0.013957,0.132969,-1.455598,0.351540,2.091513,-1.839834,-0.036469,-0.132267,-0.015379,0.130097,0.076843,0.052299,-0.017570,0.085751
1777336376.265444,-1.463289,0.363878,2.093171,-1.837359,0.117711,-0.007232,-0.013852,0.131783,-1.456808,0.347075,2.090995,-1.835488,-0.035979,-0.132740,-0.015412,0.130379,0.083199,0.052996,-0.017776,0.086919
1777336376.298771,-1.464767,0.358130,2.092977,-1.831800,0.118207,-0.006884,-0.013259,0.130437,-1.457987,0.342651,2.090482,-1.831225,-0.035495,-0.133201,-0.015445,0.127880,0.087290,0.053320,-0.018037,0.087249
1777336376.332075,-1.465328,0.355742,2.092106,-1.826316,0.116118,-0.006632,-0.013713,0.132299,-1.459147,0.338224,2.089969,-1.827001,-0.035012,-0.133655,-0.015478,0.126713,0.092427,0.053696,-0.018209,0.086780
1777336376.365462,-1.466544,0.350379,2.091684,-1.820585,0.117833,-0.006257,-0.013596,0.135778,-1.460297,0.333755,2.089452,-1.822780,-0.034526,-0.134106,-0.015510,0.126635,0.095788,0.053732,-0.018389,0.085556
1777336376.398794,-1.467105,0.347771,2.091500,-1.814829,0.117019,-0.006017,-0.013314,0.142091,-1.461444,0.329221,2.088929,-1.818538,-0.034034,-0.134555,-0.015543,0.127261,0.100129,0.053807,-0.018628,0.083726
1777336376.432102,-1.468225,0.342369,2.090637,-1.809013,0.119735,-0.005635,-0.013872,0.149625,-1.462550,0.324772,2.088415,-1.814416,-0.033553,-0.134989,-0.015576,0.123654,0.102853,0.053572,-0.018782,0.081402
1777336376.465431,-1.469030,0.338582,2.090070,-1.802961,0.119143,-0.005360,-0.013901,0.150950,-1.463655,0.320246,2.087894,-1.810262,-0.033064,-0.135424,-0.015608,0.124630,0.105563,0.053266,-0.018916,0.078378
1777336376.498758,-1.470280,0.332085,2.089797,-1.797274,0.121845,-0.004885,-0.013552,0.151769,-1.464737,0.315732,2.087374,-1.806157,-0.032577,-0.135849,-0.015641,0.123135,0.105924,0.052563,-0.019094,0.075099
1777336376.532099,-1.470908,0.328677,2.088803,-1.791806,0.121202,-0.004599,-0.014178,0.152804,-1.465806,0.311193,2.086852,-1.802068,-0.032089,-0.136270,-0.015673,0.122687,0.107038,0.051876,-0.019164,0.071617
1777336376.565450,-1.472043,0.322171,2.088289,-1.786537,0.124120,-0.004104,-0.014152,0.153208,-1.466865,0.306615,2.086326,-1.797980,-0.031599,-0.136687,-0.015706,0.122629,0.106060,0.050834,-0.019231,0.068094
1777336376.598771,-1.472594,0.318846,2.088050,-1.781616,0.123872,-0.003819,-0.013906,0.154549,-1.467897,0.302067,2.085804,-1.793956,-0.031112,-0.137094,-0.015738,0.120731,0.106179,0.049858,-0.019354,0.064718
1777336376.632138,-1.473530,0.312864,2.087143,-1.777037,0.127386,-0.003347,-0.014543,0.157941,-1.468916,0.297489,2.085279,-1.789940,-0.030623,-0.137496,-0.015770,0.120471,0.104831,0.048621,-0.019391,0.061547
1777336376.665418,-1.474149,0.308972,2.086585,-1.772520,0.127763,-0.003055,-0.014684,0.157637,-1.469923,0.292882,2.084751,-1.785934,-0.030132,-0.137894,-0.015803,0.120173,0.104126,0.047419,-0.019419,0.058635
1777336376.698745,-1.475222,0.301812,2.086264,-1.768343,0.131468,-0.002524,-0.014442,0.154959,-1.470914,0.288258,2.084221,-1.781947,-0.029641,-0.138285,-0.015835,0.119608,0.101088,0.045885,-0.019489,0.056098
1777336376.732142,-1.475810,0.297755,2.085218,-1.764494,0.131558,-0.002217,-0.015146,0.151575,-1.471883,0.283650,2.083694,-1.778007,-0.029152,-0.138668,-0.015867,0.118198,0.098868,0.044418,-0.019449,0.054012
1777336376.765461,-1.476837,0.290315,2.084637,-1.760856,0.135116,-0.001660,-0.015173,0.147005,-1.472843,0.278992,2.083161,-1.774058,-0.028659,-0.139049,-0.015899,0.118466,0.094325,0.042637,-0.019402,0.052356
1777336376.798826,-1.477341,0.286462,2.084364,-1.757509,0.135026,-0.001358,-0.014929,0.143221,-1.473779,0.274360,2.082632,-1.770163,-0.028170,-0.139419,-0.015932,0.116871,0.091069,0.040989,-0.019412,0.051252
1777336376.832135,-1.478341,0.278715,2.083264,-1.754212,0.138438,-0.000791,-0.015565,0.137807,-1.474700,0.269706,2.082101,-1.766280,-0.027679,-0.139785,-0.015964,0.116493,0.085432,0.039043,-0.019305,0.050551
1777336376.865456,-1.478790,0.274968,2.082753,-1.751184,0.138172,-0.000499,-0.015616,0.133971,-1.475608,0.265030,2.081567,-1.762409,-0.027187,-0.140145,-0.015996,0.116128,0.081377,0.037273,-0.019211,0.050341
1777336376.898807,-1.479746,0.267059,2.082435,-1.748087,0.141432,0.000070,-0.015256,0.128623,-1.476497,0.260347,2.081033,-1.758562,-0.026695,-0.140498,-0.016028,0.115410,0.074998,0.035234,-0.019169,0.050501
1777336376.932114,-1.480234,0.262843,2.081347,-1.745104,0.140454,0.000362,-0.015889,0.123566,-1.477369,0.255659,2.080498,-1.754740,-0.026204,-0.140845,-0.016060,0.114638,0.069976,0.033360,-0.019018,0.050996
1777336376.965445,-1.481126,0.254906,2.080780,-1.742099,0.143221,0.000922,-0.015789,0.118475,-1.478230,0.250936,2.079960,-1.750919,-0.025710,-0.141187,-0.016092,0.114655,0.062821,0.031250,-0.018872,0.051740
1777336376.998807,-1.481529,0.251067,2.080536,-1.739115,0.141914,0.001183,-0.015398,0.114669,-1.479069,0.246224,2.079423,-1.747133,-0.025217,-0.141521,-0.016123,0.113561,0.057570,0.029371,-0.018798,0.052720
1777336377.032091,-1.482326,0.243511,2.079485,-1.736013,0.144645,0.001698,-0.015981,0.111292,-1.479891,0.241512,2.078886,-1.743375,-0.024726,-0.141848,-0.016155,0.112734,0.050632,0.027322,-0.018626,0.053784
1777336377.065409,-1.482667,0.240010,2.079018,-1.732887,0.143817,0.001927,-0.015980,0.110201,-1.480697,0.236783,2.078348,-1.739630,-0.024234,-0.142169,-0.016187,0.112365,0.045894,0.025538,-0.018482,0.054899
1777336377.098741,-1.483368,0.233026,2.078776,-1.729577,0.146998,0.002385,-0.015706,0.109937,-1.481489,0.232027,2.077806,-1.735890,-0.023739,-0.142486,-0.016219,0.112213,0.039941,0.023656,-0.018411,0.055975
1777336377.132096,-1.483730,0.229268,2.077830,-1.726171,0.146787,0.002599,-0.016346,0.110836,-1.482263,0.227271,2.077265,-1.732174,-0.023246,-0.142795,-0.016250,0.111454,0.035862,0.022012,-0.018264,0.056975
1777336377.165445,-1.484463,0.221834,2.077278,-1.722551,0.150087,0.003029,-0.016410,0.110778,-1.483026,0.222476,2.076720,-1.728453,-0.022749,-0.143099,-0.016282,0.111631,0.030104,0.020244,-0.018127,0.057779
1777336377.198796,-1.484866,0.217596,2.076983,-1.718856,0.149519,0.003221,-0.016132,0.110615,-1.483765,0.217713,2.076178,-1.724781,-0.022257,-0.143395,-0.016314,0.110180,0.025821,0.018673,-0.018053,0.058412
1777336377.232124,-1.485563,0.210223,2.075987,-1.715077,0.152505,0.003598,-0.016733,0.110709,-1.484491,0.212916,2.075632,-1.721106,-0.021761,-0.143686,-0.016345,0.110243,0.019973,0.017004,-0.017893,0.058786
1777336377.265437,-1.485905,0.206413,2.075492,-1.711260,0.151895,0.003745,-0.016754,0.112099,-1.485201,0.208112,2.075086,-1.717448,-0.021266,-0.143970,-0.016377,0.109746,0.016018,0.015564,-0.017757,0.058971
1777336377.298776,-1.486569,0.199213,2.075219,-1.707301,0.154786,0.004058,-0.016471,0.112952,-1.485892,0.203313,2.074540,-1.713816,-0.020772,-0.144247,-0.016408,0.108960,0.010653,0.014057,-0.017689,0.058908
1777336377.332121,-1.486955,0.194908,2.074211,-1.703267,0.153657,0.004166,-0.017015,0.112591,-1.486568,0.198496,2.073992,-1.710192,-0.020277,-0.144518,-0.016439,0.108706,0.006691,0.012731,-0.017532,0.058580
1777336377.365479,-1.487618,0.187563,2.073695,-1.699260,0.155946,0.004407,-0.016945,0.112111,-1.487230,0.193652,2.073441,-1.706569,-0.019779,-0.144783,-0.016471,0.108700,0.001231,0.011344,-0.017396,0.058052
1777336377.398789,-1.487969,0.183510,2.073429,-1.695242,0.154115,0.004455,-0.016517,0.111145,-1.487873,0.188814,2.072890,-1.702971,-0.019283,-0.145042,-0.016502,0.107946,-0.002514,0.010157,-0.017330,0.057361
1777336377.432121,-1.488567,0.176769,2.072502,-1.691344,0.156111,0.004616,-0.017017,0.111292,-1.488496,0.183996,2.072342,-1.699407,-0.018790,-0.145292,-0.016533,0.106906,-0.007207,0.008965,-0.017194,0.056553
1777336377.465432,-1.488841,0.173535,2.072075,-1.687536,0.154996,0.004635,-0.016989,0.113258,-1.489107,0.179134,2.071789,-1.695830,-0.018293,-0.145538,-0.016565,0.107306,-0.009588,0.008007,-0.017095,0.055666
1777336377.498808,-1.489386,0.167389,2.071857,-1.683744,0.157486,0.004742,-0.016751,0.115800,-1.489701,0.174266,2.071234,-1.692267,-0.017795,-0.145777,-0.016596,0.106891,-0.012583,0.007082,-0.017075,0.054776
1777336377.532097,-1.489749,0.163155,2.070896,-1.679849,0.156316,0.004731,-0.017254,0.115043,-1.490276,0.169416,2.070682,-1.688736,-0.017300,-0.146009,-0.016627,0.105945,-0.014377,0.006304,-0.016975,0.053808
1777336377.565418,-1.490341,0.156487,2.070415,-1.676172,0.158330,0.004767,-0.017212,0.114482,-1.490837,0.164529,2.070125,-1.685195,-0.016802,-0.146235,-0.016658,0.106222,-0.017349,0.005530,-0.016899,0.052843
1777336377.598776,-1.490645,0.152959,2.070178,-1.672580,0.157020,0.004715,-0.016882,0.114311,-1.491382,0.159636,2.069568,-1.681666,-0.016304,-0.146455,-0.016689,0.105865,-0.018479,0.004936,-0.016897,0.051966
1777336377.632129,-1.491212,0.146607,2.069289,-1.669038,0.158909,0.004693,-0.017378,0.113940,-1.491906,0.154773,2.069013,-1.678176,-0.015810,-0.146667,-0.016720,0.104694,-0.020575,0.004367,-0.016829,0.051163
1777336377.665434,-1.491539,0.142790,2.068785,-1.665527,0.157223,0.004602,-0.017291,0.112318,-1.492420,0.149850,2.068452,-1.674659,-0.015310,-0.146875,-0.016751,0.105534,-0.021246,0.003941,-0.016779,0.050393
1777336377.698803,-1.492081,0.136783,2.068565,-1.662196,0.158877,0.004524,-0.016969,0.111824,-1.492912,0.144957,2.067894,-1.671178,-0.014813,-0.147074,-0.016782,0.104410,-0.022625,0.003561,-0.016806,0.049811
1777336377.732134,-1.492386,0.133276,2.067671,-1.658853,0.157292,0.004411,-0.017427,0.110721,-1.493389,0.140053,2.067334,-1.667704,-0.014316,-0.147267,-0.016813,0.104214,-0.022397,0.003322,-0.016765,0.049303
1777336377.765493,-1.492951,0.126975,2.067188,-1.655567,0.158609,0.004279,-0.017345,0.109044,-1.493852,0.135115,2.066770,-1.664221,-0.013816,-0.147455,-0.016844,0.104509,-0.023304,0.003112,-0.016744,0.048911
1777336377.798776,-1.493226,0.123911,2.066973,-1.652413,0.157033,0.004147,-0.017013,0.108612,-1.494293,0.130222,2.066210,-1.660782,-0.013321,-0.147634,-0.016874,0.103158,-0.022254,0.003048,-0.016800,0.048695
1777336377.832116,-1.493772,0.117840,2.066077,-1.649199,0.158311,0.003979,-0.017472,0.107306,-1.494723,0.125271,2.065644,-1.657317,-0.012820,-0.147808,-0.016905,0.103964,-0.022289,0.003017,-0.016786,0.048529
1777336377.865409,-1.494083,0.114258,2.065576,-1.646007,0.156120,0.003812,-0.017341,0.105137,-1.495132,0.120353,2.065081,-1.653887,-0.012324,-0.147975,-0.016936,0.102902,-0.020962,0.003091,-0.016788,0.048491
1777336377.898777,-1.494621,0.108306,2.065338,-1.642875,0.156906,0.003596,-0.016925,0.103358,-1.495524,0.115444,2.064519,-1.650475,-0.011828,-0.148134,-0.016966,0.102356,-0.020640,0.003205,-0.016860,0.048512
1777336377.932142,-1.494881,0.105483,2.064489,-1.639796,0.154992,0.003430,-0.017367,0.103061,-1.495904,0.110476,2.063950,-1.647034,-0.011327,-0.148289,-0.016997,0.103230,-0.018389,0.003431,-0.016871,0.048615
1777336377.965428,-1.495363,0.100195,2.064058,-1.636692,0.156264,0.003217,-0.017334,0.103639,-1.496264,0.105540,2.063383,-1.643626,-0.010830,-0.148436,-0.017028,0.102228,-0.016679,0.003710,-0.016911,0.048831
1777336377.998795,-1.495670,0.096542,2.063766,-1.633439,0.154171,0.003029,-0.016943,0.101971,-1.496610,0.100567,2.062812,-1.640203,-0.010329,-0.148577,-0.017058,0.102688,-0.013995,0.004054,-0.017009,0.049000
1777336378.032113,-1.496158,0.091146,2.062900,-1.630335,0.155170,0.002780,-0.017404,0.101796,-1.496938,0.095599,2.062242,-1.636794,-0.009829,-0.148712,-0.017089,0.102278,-0.012033,0.004445,-0.017041,0.049248
1777336378.065419,-1.496432,0.087981,2.062419,-1.627127,0.153232,0.002592,-0.017322,0.101256,-1.497247,0.090669,2.061675,-1.633421,-0.009333,-0.148838,-0.017119,0.101201,-0.008700,0.004899,-0.017092,0.049480
1777336378.098810,-1.496913,0.082456,2.062178,-1.623920,0.154137,0.002326,-0.016963,0.100992,-1.497542,0.085692,2.061102,-1.630024,-0.008833,-0.148959,-0.017149,0.101893,-0.006369,0.005388,-0.017209,0.049660
1777336378.132116,-1.497168,0.079514,2.061296,-1.620701,0.152332,0.002139,-0.017428,0.101257,-1.497820,0.080729,2.060530,-1.626645,-0.008334,-0.149074,-0.017180,0.101374,-0.002548,0.005928,-0.017257,0.049857
1777336378.165454,-1.497618,0.074200,2.060834,-1.617451,0.153408,0.001872,-0.017381,0.101925,-1.498082,0.075733,2.059953,-1.623252,-0.007833,-0.149182,-0.017210,0.101785,0.000379,0.006500,-0.017327,0.050007
1777336378.198807,-1.497875,0.071045,2.060571,-1.614133,0.151635,0.001680,-0.017040,0.101978,-1.498325,0.070781,2.059381,-1.619897,-0.007336,-0.149282,-0.017240,0.100665,0.004498,0.007104,-0.017458,0.050123
1777336378.232114,-1.498316,0.065573,2.059663,-1.610827,0.152604,0.001398,-0.017511,0.102139,-1.498553,0.065804,2.058806,-1.616531,-0.006836,-0.149377,-0.017270,0.100961,0.007494,0.007732,-0.017514,0.050150
1777336378.265449,-1.498560,0.062439,2.059166,-1.607483,0.150664,0.001205,-0.017432,0.101958,-1.498764,0.060822,2.058229,-1.613169,-0.006337,-0.149464,-0.017300,0.100870,0.011645,0.008378,-0.017583,0.050133
1777336378.298805,-1.498985,0.056829,2.058906,-1.604130,0.151416,0.000915,-0.017037,0.101542,-1.498959,0.055842,2.057652,-1.609814,-0.005838,-0.149545,-0.017330,0.100642,0.014548,0.009044,-0.017716,0.050061
1777336378.332113,-1.499218,0.053632,2.057938,-1.600755,0.149035,0.000721,-0.017481,0.100600,-1.499137,0.050859,2.057074,-1.606463,-0.005339,-0.149620,-0.017360,0.100548,0.018548,0.009714,-0.017761,0.049925
1777336378.365402,-1.499620,0.047892,2.057437,-1.597392,0.149395,0.000425,-0.017303,0.099435,-1.499298,0.045868,2.056494,-1.603111,-0.004839,-0.149688,-0.017390,0.100546,0.021198,0.010403,-0.017821,0.049743
1777336378.398776,-1.499813,0.045252,2.057228,-1.594111,0.147205,0.000253,-0.016901,0.099779,-1.499442,0.040879,2.055914,-1.599766,-0.004339,-0.149749,-0.017420,0.100359,0.025473,0.011086,-0.017955,0.049562
1777336378.432147,-1.500163,0.039825,2.056296,-1.590765,0.147990,-0.000017,-0.017359,0.099862,-1.499571,0.035876,2.055331,-1.596415,-0.003839,-0.149803,-0.017450,0.100525,0.028615,0.011782,-0.018010,0.049345
1777336378.465433,-1.500347,0.036927,2.055815,-1.587454,0.146067,-0.000181,-0.017280,0.100160,-1.499683,0.030843,2.054744,-1.593047,-0.003335,-0.149851,-0.017480,0.101038,0.033061,0.012459,-0.018084,0.049129
1777336378.498756,-1.500665,0.031377,2.055561,-1.584138,0.147028,-0.000441,-0.016889,0.100145,-1.499776,0.025895,2.054166,-1.589740,-0.002840,-0.149892,-0.017510,0.099214,0.036252,0.013149,-0.018224,0.048931
1777336378.532107,-1.500839,0.028181,2.054577,-1.580822,0.144934,-0.000602,-0.017371,0.099473,-1.499854,0.020893,2.053581,-1.586399,-0.002339,-0.149927,-0.017539,0.100229,0.040403,0.013810,-0.018274,0.048647
1777336378.565500,-1.501116,0.022701,2.054097,-1.577586,0.145964,-0.000847,-0.017266,0.099524,-1.499916,0.015862,2.052991,-1.583042,-0.001836,-0.149955,-0.017569,0.100721,0.043360,0.014481,-0.018343,0.048433
1777336378.598794,-1.501261,0.019740,2.053853,-1.574349,0.144255,-0.000988,-0.016903,0.099833,-1.499961,0.010869,2.052405,-1.579710,-0.001337,-0.149976,-0.017599,0.099940,0.047570,0.015116,-0.018480,0.048269
1777336378.632222,-1.501494,0.014192,2.052909,-1.571125,0.145600,-0.001213,-0.017405,0.100257,-1.499989,0.005853,2.051816,-1.576365,-0.000835,-0.149990,-0.017628,0.100355,0.050481,0.015759,-0.018537,0.048103
1777336378.665502,-1.501621,0.011003,2.052392,-1.567899,0.144049,-0.001345,-0.017358,0.100252,-1.500000,0.000870,2.051229,-1.573043,-0.000337,-0.149998,-0.017658,0.099660,0.054413,0.016361,-0.018606,0.047980
1777336378.698779,-1.501815,0.005150,2.052119,-1.564695,0.145444,-0.001556,-0.016974,0.099993,-1.499994,-0.004138,2.050639,-1.569704,0.000164,-0.149999,-0.017687,0.100159,0.056785,0.016973,-0.018737,0.047856
1777336378.732158,-1.501917,0.001877,2.051125,-1.561504,0.143794,-0.001675,-0.017499,0.099537,-1.499972,-0.009116,2.050051,-1.566385,0.000662,-0.149994,-0.017717,0.099575,0.060162,0.017539,-0.018779,0.047785
1777336378.765452,-1.502062,-0.003996,2.050613,-1.558343,0.145273,-0.001864,-0.017409,0.099330,-1.499934,-0.014122,2.049458,-1.563047,0.001162,-0.149982,-0.017746,0.100147,0.062030,0.018114,-0.018834,0.047728
1777336378.798797,-1.502134,-0.007069,2.050365,-1.555211,0.143949,-0.001963,-0.017073,0.099853,-1.499878,-0.019144,2.048863,-1.559697,0.001665,-0.149963,-0.017775,0.100502,0.065140,0.018635,-0.018959,0.047742
1777336378.832120,-1.502228,-0.013363,2.049337,-1.551998,0.145520,-0.002134,-0.017577,0.099092,-1.499806,-0.024111,2.048273,-1.556382,0.002161,-0.149937,-0.017805,0.099461,0.066431,0.019174,-0.018988,0.047778
1777336378.865502,-1.502273,-0.016486,2.048841,-1.548890,0.144191,-0.002218,-0.017533,0.099440,-1.499717,-0.029118,2.047678,-1.553038,0.002662,-0.149905,-0.017834,0.100309,0.068965,0.019653,-0.019035,0.047820
1777336378.898773,-1.502312,-0.022746,2.048558,-1.545703,0.145941,-0.002363,-0.017135,0.099049,-1.499612,-0.034098,2.047084,-1.549709,0.003161,-0.149867,-0.017863,0.099876,0.069777,0.020149,-0.019146,0.047904
1777336378.932105,-1.502326,-0.026325,2.047517,-1.542519,0.144324,-0.002435,-0.017667,0.098176,-1.499490,-0.039095,2.046487,-1.546366,0.003661,-0.149821,-0.017892,0.100284,0.071510,0.020590,-0.019159,0.047977
1777336378.965455,-1.502307,-0.032821,2.046975,-1.539343,0.145907,-0.002558,-0.017526,0.097170,-1.499351,-0.044112,2.045887,-1.543006,0.004163,-0.149769,-0.017921,0.100796,0.071430,0.021054,-0.019184,0.048076
1777336378.998801,-1.502292,-0.036018,2.046734,-1.536216,0.144422,-0.002607,-0.017139,0.097318,-1.499195,-0.049113,2.045287,-1.539653,0.004664,-0.149710,-0.017950,0.100604,0.072786,0.021448,-0.019283,0.048231
1777336379.032121,-1.502213,-0.042512,2.045702,-1.533005,0.146237,-0.002706,-0.017647,0.096875,-1.499024,-0.054064,2.044693,-1.536328,0.005160,-0.149645,-0.017979,0.099749,0.072396,0.021866,-0.019288,0.048368
1777336379.065510,-1.502162,-0.046026,2.045168,-1.529814,0.144698,-0.002743,-0.017563,0.096517,-1.498835,-0.059061,2.044091,-1.532968,0.005661,-0.149572,-0.018008,0.100802,0.073156,0.022218,-0.019308,0.048466
1777336379.098797,-1.501999,-0.053729,2.044815,-1.526497,0.145657,-0.002819,-0.016935,0.093729,-1.498630,-0.064042,2.043490,-1.529612,0.006160,-0.149494,-0.018037,0.100668,0.071207,0.022631,-0.019380,0.048546
1777336379.132110,-1.501931,-0.056562,2.043839,-1.523404,0.143666,-0.002831,-0.017458,0.093905,-1.498408,-0.069020,2.042888,-1.526253,0.006660,-0.149408,-0.018066,0.100783,0.071313,0.022946,-0.019371,0.048673
1777336379.165458,-1.501732,-0.063064,2.043314,-1.520159,0.145396,-0.002879,-0.017323,0.093734,-1.498167,-0.074034,2.042280,-1.522863,0.007163,-0.149316,-0.018095,0.101697,0.069880,0.023286,-0.019382,0.048781
1777336379.198793,-1.501732,-0.063064,2.043314,-1.520159,0.145396,-0.002879,-0.017323,0.093734,-1.497915,-0.078960,2.041682,-1.519525,0.007657,-0.149218,-0.018123,0.100140,0.072942,0.023456,-0.019518,0.050378
1777336379.232138,-1.501591,-0.067331,2.043009,-1.516881,0.143899,-0.002885,-0.016860,0.092729,-1.497643,-0.083926,2.041078,-1.516153,0.008156,-0.149113,-0.018152,0.101160,0.075926,0.023614,-0.019708,0.051643
1777336379.265429,-1.501302,-0.074695,2.041858,-1.513567,0.144548,-0.002907,-0.017258,0.090348,-1.497354,-0.088902,2.040470,-1.512766,0.008656,-0.149001,-0.018181,0.101609,0.076124,0.023860,-0.019775,0.052702
1777336379.298785,-1.501178,-0.077530,2.041414,-1.510383,0.142256,-0.002887,-0.017080,0.090574,-1.497049,-0.093854,2.039865,-1.509386,0.009154,-0.148882,-0.018209,0.101390,0.078024,0.024022,-0.019873,0.053631
1777336379.332133,-1.500875,-0.083706,2.041200,-1.507005,0.144219,-0.002893,-0.016637,0.092190,-1.496727,-0.098827,2.039255,-1.505983,0.009655,-0.148757,-0.018238,0.102077,0.078353,0.024224,-0.020047,0.054338
1777336379.365430,-1.500690,-0.087317,2.040159,-1.503439,0.142787,-0.002880,-0.017190,0.093293,-1.496387,-0.103794,2.038645,-1.502575,0.010155,-0.148625,-0.018266,0.102245,0.079665,0.024367,-0.020123,0.054810
1777336379.398785,-1.500690,-0.087317,2.040159,-1.503439,0.142787,-0.002880,-0.017190,0.093293,-1.496033,-0.108731,2.038036,-1.499178,0.010653,-0.148487,-0.018295,0.101924,0.084977,0.024341,-0.020320,0.056681
1777336379.432126,-1.500214,-0.095741,2.039357,-1.499629,0.143161,-0.002864,-0.016912,0.090561,-1.495662,-0.113666,2.037427,-1.495772,0.011150,-0.148342,-0.018323,0.102183,0.086150,0.024483,-0.020467,0.057982
1777336379.465415,-1.499986,-0.099532,2.039154,-1.495983,0.139603,-0.002817,-0.016129,0.088876,-1.495274,-0.118606,2.036815,-1.492350,0.011649,-0.148190,-0.018351,0.102642,0.087978,0.024584,-0.020690,0.058894
1777336379.498797,-1.499565,-0.105806,2.038177,-1.492362,0.141326,-0.002795,-0.016588,0.090538,-1.494869,-0.123541,2.036202,-1.488921,0.012147,-0.148032,-0.018380,0.102872,0.088145,0.024740,-0.020825,0.059500
1777336379.532130,-1.499359,-0.108703,2.037738,-1.488573,0.140240,-0.002768,-0.016538,0.095162,-1.494447,-0.128469,2.035589,-1.485485,0.012646,-0.147868,-0.018408,0.103096,0.089909,0.024801,-0.020988,0.059772
1777336379.565399,-1.498853,-0.115556,2.037477,-1.484531,0.143079,-0.002756,-0.016154,0.098552,-1.494008,-0.133405,2.034973,-1.482030,0.013145,-0.147696,-0.018436,0.103635,0.089480,0.024950,-0.021215,0.059653
1777336379.598773,-1.498554,-0.119456,2.036405,-1.480463,0.142421,-0.002738,-0.016806,0.101445,-1.493555,-0.138304,2.034360,-1.478588,0.013641,-0.147519,-0.018464,0.103266,0.089841,0.025040,-0.021335,0.059217
1777336379.632111,-1.497961,-0.126719,2.035834,-1.476382,0.145573,-0.002730,-0.016783,0.104050,-1.493083,-0.143220,2.033743,-1.475120,0.014139,-0.147334,-0.018492,0.104028,0.087833,0.025234,-0.021456,0.058477
1777336379.665421,-1.497596,-0.131055,2.035509,-1.472265,0.144726,-0.002711,-0.016415,0.105164,-1.492594,-0.148134,2.033124,-1.471640,0.014638,-0.147143,-0.018520,0.104404,0.086462,0.025373,-0.021631,0.057519
1777336379.698781,-1.496945,-0.138303,2.034411,-1.468287,0.147945,-0.002705,-0.017074,0.107409,-1.492087,-0.153055,2.032503,-1.468140,0.015138,-0.146944,-0.018548,0.105005,0.083030,0.025610,-0.021697,0.056439
1777336379.732120,-1.496550,-0.142585,2.033799,-1.464269,0.147207,-0.002690,-0.017086,0.108381,-1.491568,-0.157934,2.031885,-1.464655,0.015634,-0.146741,-0.018576,0.104557,0.080526,0.025774,-0.021761,0.055262
1777336379.765531,-1.495842,-0.149825,2.033522,-1.460428,0.150572,-0.002686,-0.016752,0.110413,-1.491027,-0.162846,2.031262,-1.461130,0.016134,-0.146529,-0.018604,0.105760,0.076131,0.026035,-0.021892,0.054050
1777336379.798807,-1.495425,-0.153992,2.032392,-1.456613,0.150210,-0.002676,-0.017491,0.111738,-1.490474,-0.167707,2.030643,-1.457625,0.016629,-0.146313,-0.018632,0.105136,0.072924,0.026207,-0.021911,0.052897
1777336379.832116,-1.494586,-0.161985,2.031747,-1.452854,0.153509,-0.002675,-0.017501,0.111298,-1.489906,-0.172551,2.030024,-1.454116,0.017124,-0.146090,-0.018659,0.105284,0.067274,0.026524,-0.021924,0.051757
1777336379.865455,-1.494117,-0.166338,2.031423,-1.449259,0.152658,-0.002658,-0.017155,0.110564,-1.489315,-0.177445,2.029397,-1.450553,0.017624,-0.145859,-0.018687,0.106875,0.062816,0.026751,-0.021997,0.050735
1777336379.898782,-1.493310,-0.173435,2.030329,-1.445860,0.156073,-0.002653,-0.017893,0.111699,-1.488712,-0.182293,2.028774,-1.447005,0.018119,-0.145622,-0.018715,0.106427,0.056965,0.027063,-0.021971,0.049974
1777336379.932153,-1.492770,-0.178128,2.029656,-1.442373,0.155340,-0.002637,-0.017945,0.110279,-1.488094,-0.187123,2.028151,-1.443452,0.018614,-0.145380,-0.018742,0.106590,0.052070,0.027305,-0.021937,0.049327
1777336379.965470,-1.491819,-0.185960,2.029331,-1.439078,0.158451,-0.002620,-0.017595,0.108872,-1.487451,-0.191999,2.027521,-1.439846,0.019114,-0.145128,-0.018770,0.108183,0.045178,0.027683,-0.021967,0.048885
1777336379.998783,-1.491307,-0.190094,2.028165,-1.435874,0.157613,-0.002598,-0.018346,0.107909,-1.486803,-0.196791,2.026899,-1.436283,0.019606,-0.144875,-0.018797,0.106897,0.039963,0.027941,-0.021886,0.048727
1777336380.032120,-1.490315,-0.197735,2.027545,-1.432691,0.160648,-0.002568,-0.018385,0.106732,-1.486134,-0.201601,2.026273,-1.432686,0.020100,-0.144613,-0.018825,0.107917,0.032975,0.028325,-0.021812,0.048710
1777336380.065451,-1.489686,-0.202521,2.027174,-1.429482,0.159058,-0.002530,-0.017962,0.103966,-1.485444,-0.206437,2.025641,-1.429049,0.020598,-0.144342,-0.018852,0.109119,0.027090,0.028632,-0.021796,0.048885
1777336380.098810,-1.488691,-0.209673,2.026041,-1.426445,0.161792,-0.002481,-0.018694,0.103242,-1.484741,-0.211238,2.025012,-1.425416,0.021093,-0.144067,-0.018880,0.108993,0.020058,0.029025,-0.021680,0.049322
1777336380.132121,-1.488147,-0.213510,2.025461,-1.423347,0.160928,-0.002442,-0.018755,0.103244,-1.484025,-0.216006,2.024385,-1.421786,0.021586,-0.143787,-0.018907,0.108877,0.015004,0.029271,-0.021582,0.049908
1777336380.165545,-1.487072,-0.220801,2.025145,-1.420189,0.163810,-0.002376,-0.018474,0.103024,-1.483289,-0.220794,2.023753,-1.418118,0.022081,-0.143499,-0.018934,0.110034,0.008516,0.029628,-0.021556,0.050589
1777336380.198814,-1.486434,-0.225059,2.023970,-1.416983,0.162810,-0.002327,-0.019211,0.102370,-1.482536,-0.225571,2.023121,-1.414436,0.022576,-0.143204,-0.018961,0.110463,0.003564,0.029872,-0.021422,0.051384
1777336380.232115,-1.485255,-0.232570,2.023337,-1.413728,0.165297,-0.002236,-0.019243,0.101519,-1.481768,-0.230328,2.022488,-1.410745,0.023069,-0.142904,-0.018988,0.110731,-0.002992,0.030244,-0.021298,0.052232
1777336380.265449,-1.484624,-0.236509,2.023029,-1.410447,0.164001,-0.002172,-0.018903,0.101420,-1.480981,-0.235089,2.021854,-1.407027,0.023564,-0.142596,-0.019016,0.111558,-0.007713,0.030474,-0.021250,0.053110
1777336380.298781,-1.483445,-0.243548,2.021888,-1.407077,0.166319,-0.002061,-0.019623,0.101665,-1.480178,-0.239839,2.021218,-1.403292,0.024058,-0.142282,-0.019043,0.112038,-0.013642,0.030801,-0.021103,0.054001
1777336380.332116,-1.482730,-0.247764,2.021246,-1.403578,0.164608,-0.001984,-0.019598,0.101059,-1.479361,-0.244563,2.020583,-1.399552,0.024551,-0.141963,-0.019070,0.112218,-0.018056,0.031010,-0.020965,0.054837
1777336380.365427,-1.481427,-0.255096,2.020917,-1.400022,0.166171,-0.001840,-0.019171,0.100186,-1.478522,-0.249305,2.019944,-1.395770,0.025046,-0.141636,-0.019097,0.113443,-0.023981,0.031342,-0.020902,0.055592
1777336380.398783,-1.480649,-0.259403,2.019652,-1.396350,0.162993,-0.001743,-0.019724,0.098241,-1.477675,-0.253991,2.019310,-1.392007,0.025537,-0.141305,-0.019123,0.112906,-0.028428,0.031555,-0.020717,0.056272
1777336380.432115,-1.480649,-0.259403,2.019652,-1.396350,0.162993,-0.001743,-0.019724,0.098241,-1.476808,-0.258688,2.018672,-1.388207,0.026029,-0.140966,-0.019150,0.113983,-0.027865,0.031363,-0.020675,0.058484
1777336380.465405,-1.479038,-0.267919,2.018813,-1.389001,0.160479,-0.001529,-0.019205,0.098901,-1.475922,-0.263384,2.018031,-1.384379,0.026522,-0.140621,-0.019177,0.114836,-0.030619,0.031469,-0.020598,0.058730
1777336380.498763,-1.477691,-0.274474,2.017771,-1.385213,0.162624,-0.001322,-0.019833,0.101302,-1.475024,-0.268048,2.017393,-1.380549,0.027013,-0.140270,-0.019204,0.114920,-0.034436,0.031639,-0.020446,0.058932
1777336380.532103,-1.476949,-0.278052,2.017231,-1.381219,0.161263,-0.001216,-0.019790,0.104009,-1.474109,-0.272706,2.016753,-1.376694,0.027504,-0.139914,-0.019230,0.115641,-0.036514,0.031646,-0.020327,0.058985
1777336380.565421,-1.475627,-0.284239,2.016956,-1.377210,0.163065,-0.001023,-0.019464,0.106800,-1.473173,-0.277368,2.016109,-1.372805,0.027996,-0.139549,-0.019257,0.116680,-0.039470,0.031714,-0.020293,0.058937
1777336380.598780,-1.474840,-0.287873,2.015872,-1.373155,0.161509,-0.000919,-0.020084,0.108606,-1.472224,-0.282008,2.015466,-1.368903,0.028487,-0.139179,-0.019283,0.117046,-0.040876,0.031636,-0.020172,0.058814
1777336380.632132,-1.473382,-0.294363,2.015258,-1.369085,0.162619,-0.000707,-0.020032,0.108942,-1.471259,-0.286629,2.014824,-1.364986,0.028978,-0.138804,-0.019310,0.117508,-0.043548,0.031660,-0.020068,0.058606
1777336380.665452,-1.472597,-0.297770,2.014961,-1.365093,0.160307,-0.000595,-0.019594,0.109328,-1.470268,-0.291281,2.014174,-1.361009,0.029472,-0.138418,-0.019336,0.119315,-0.044542,0.031519,-0.020045,0.058374
1777336380.698768,-1.471229,-0.303475,2.013899,-1.361148,0.161168,-0.000376,-0.020187,0.110407,-1.469274,-0.295861,2.013531,-1.357061,0.029960,-0.138032,-0.019363,0.118437,-0.046155,0.031417,-0.019941,0.058217
1777336380.732120,-1.470457,-0.306642,2.013337,-1.357188,0.158952,-0.000262,-0.020110,0.111183,-1.468264,-0.300427,2.012888,-1.353091,0.030447,-0.137639,-0.019389,0.119098,-0.046081,0.031146,-0.019863,0.058020
1777336380.765464,-1.469137,-0.311841,2.013083,-1.353326,0.159949,-0.000034,-0.019778,0.113381,-1.467230,-0.305017,2.012239,-1.349066,0.030938,-0.137237,-0.019415,0.120738,-0.046430,0.030891,-0.019872,0.057895
1777336380.798787,-1.468395,-0.314708,2.012084,-1.349446,0.158375,0.000080,-0.020377,0.115888,-1.466184,-0.309569,2.011592,-1.345039,0.031426,-0.136831,-0.019441,0.120821,-0.045040,0.030459,-0.019811,0.057882
1777336380.832121,-1.466889,-0.320421,2.011475,-1.345472,0.159144,0.000332,-0.020360,0.116026,-1.465109,-0.314166,2.010936,-1.340935,0.031920,-0.136414,-0.019468,0.123118,-0.044775,0.030120,-0.019764,0.057874
1777336380.865459,-1.466024,-0.323636,2.011151,-1.341577,0.156747,0.000459,-0.019936,0.115475,-1.464034,-0.318675,2.010289,-1.336872,0.032406,-0.135997,-0.019494,0.121883,-0.043185,0.029644,-0.019791,0.058012
1777336380.898801,-1.464493,-0.329130,2.010050,-1.337701,0.156833,0.000726,-0.020462,0.114491,-1.462938,-0.323193,2.009639,-1.332765,0.032894,-0.135573,-0.019520,0.123219,-0.042604,0.029246,-0.019725,0.058151
1777336380.932140,-1.464493,-0.329130,2.010050,-1.337701,0.156833,0.000726,-0.020462,0.114491,-1.461831,-0.327674,2.008991,-1.328652,0.033379,-0.135144,-0.019546,0.123387,-0.037994,0.028464,-0.019798,0.060142
1777336380.965438,-1.463067,-0.334248,2.009135,-1.329960,0.149971,0.000908,-0.019818,0.113398,-1.460698,-0.332181,2.008336,-1.324477,0.033868,-0.134706,-0.019572,0.125259,-0.034548,0.027810,-0.019815,0.060160
1777336380.998782,-1.463067,-0.334248,2.009135,-1.329960,0.149971,0.000908,-0.019818,0.113398,-1.459553,-0.336653,2.007683,-1.320293,0.034355,-0.134263,-0.019598,0.125517,-0.027537,0.026810,-0.019967,0.062090
1777336381.032104,-1.459958,-0.344548,2.007908,-1.322162,0.151054,0.001504,-0.019849,0.113980,-1.458397,-0.341097,2.007032,-1.316096,0.034840,-0.133816,-0.019624,0.125905,-0.026787,0.026410,-0.019994,0.062060
1777336381.065401,-1.459175,-0.346946,2.007529,-1.318183,0.148486,0.001645,-0.019563,0.114944,-1.457218,-0.345546,2.006376,-1.311851,0.035326,-0.133361,-0.019649,0.127342,-0.024267,0.025792,-0.020078,0.062114
1777336381.098752,-1.457773,-0.351320,2.006481,-1.314143,0.149089,0.001914,-0.020216,0.118184,-1.456025,-0.349973,2.005721,-1.307586,0.035812,-0.132900,-0.019675,0.127961,-0.022043,0.025173,-0.020078,0.062269
1777336381.132113,-1.456901,-0.354033,2.005876,-1.309924,0.147174,0.002037,-0.020227,0.120117,-1.454814,-0.354391,2.005064,-1.303286,0.036297,-0.132433,-0.019701,0.129003,-0.018605,0.024415,-0.020089,0.062413
1777336381.165416,-1.455294,-0.358980,2.005541,-1.305708,0.147541,0.002305,-0.019856,0.120820,-1.453581,-0.358815,2.004402,-1.298934,0.036785,-0.131958,-0.019727,0.130545,-0.016175,0.023752,-0.020168,0.062581
1777336381.198799,-1.454390,-0.361709,2.004448,-1.301523,0.145213,0.002414,-0.020418,0.121219,-1.452342,-0.363186,2.003745,-1.294591,0.037268,-0.131481,-0.019752,0.130311,-0.012605,0.022959,-0.020155,0.062822
1777336381.232116,-1.452745,-0.366615,2.003856,-1.297312,0.145215,0.002670,-0.020297,0.120961,-1.451082,-0.367557,2.003086,-1.290201,0.037753,-0.130996,-0.019778,0.131690,-0.010089,0.022271,-0.020158,0.063055
1777336381.265495,-1.452745,-0.366615,2.003856,-1.297312,0.145215,0.002670,-0.020297,0.120961,-1.449805,-0.371916,2.002424,-1.285777,0.038237,-0.130505,-0.019803,0.132718,-0.004102,0.021218,-0.020298,0.065253
1777336381.298778,-1.451537,-0.370136,2.003459,-1.292992,0.141643,0.002804,-0.019655,0.118004,-1.448522,-0.376225,2.001767,-1.281356,0.038718,-0.130012,-0.019828,0.132646,0.001643,0.020198,-0.020485,0.067154
1777336381.332116,-1.450086,-0.374329,2.002434,-1.288908,0.141091,0.003007,-0.020112,0.118079,-1.447214,-0.380545,2.001105,-1.276875,0.039201,-0.129510,-0.019854,0.134429,0.006515,0.019282,-0.020585,0.068869
1777336381.365470,-1.449343,-0.376422,2.001928,-1.284688,0.138495,0.003073,-0.019977,0.119600,-1.445887,-0.384858,2.000440,-1.272350,0.039685,-0.129001,-0.019879,0.135734,0.012535,0.018240,-0.020713,0.070448
1777336381.398769,-1.447869,-0.380593,2.001680,-1.280278,0.138843,0.003277,-0.019572,0.122753,-1.444554,-0.389124,1.999779,-1.267826,0.040165,-0.128490,-0.019904,0.135722,0.017623,0.017315,-0.020919,0.071829
1777336381.432101,-1.446856,-0.383447,2.000530,-1.275519,0.136242,0.003344,-0.020091,0.123070,-1.443200,-0.393387,1.999115,-1.263253,0.040646,-0.127971,-0.019929,0.137185,0.023061,0.016357,-0.021013,0.072842
1777336381.465464,-1.445050,-0.388515,1.999918,-1.270693,0.135906,0.003525,-0.019846,0.122607,-1.441828,-0.397637,1.998450,-1.258642,0.041128,-0.127447,-0.019955,0.138337,0.026794,0.015624,-0.021113,0.073580
1777336381.498782,-1.444245,-0.390707,1.999680,-1.265890,0.133332,0.003560,-0.019341,0.124805,-1.440441,-0.401868,1.997784,-1.253998,0.041608,-0.126916,-0.019980,0.139336,0.031654,0.014751,-0.021296,0.074105
1777336381.532154,-1.442681,-0.395035,1.998637,-1.260960,0.133886,0.003699,-0.019901,0.128779,-1.439039,-0.406079,1.997117,-1.249322,0.042088,-0.126381,-0.020005,0.140270,0.035508,0.014022,-0.021390,0.074406
1777336381.565447,-1.441634,-0.397901,1.998000,-1.255767,0.131443,0.003717,-0.019768,0.129584,-1.437612,-0.410298,1.996446,-1.244580,0.042571,-0.125836,-0.020030,0.142252,0.039810,0.013244,-0.021486,0.074415
1777336381.598794,-1.439557,-0.403624,1.997620,-1.250521,0.130760,0.003802,-0.019040,0.127267,-1.436174,-0.414482,1.995776,-1.239822,0.043051,-0.125288,-0.020055,0.142745,0.041940,0.012793,-0.021638,0.074217
1777336381.632153,-1.439557,-0.403624,1.997620,-1.250521,0.130760,0.003802,-0.019040,0.127267,-1.434733,-0.418611,1.995111,-1.235069,0.043526,-0.124739,-0.020079,0.142587,0.047301,0.011911,-0.021918,0.076173
1777336381.665456,-1.438461,-0.406575,1.996472,-1.245386,0.126806,0.003766,-0.019310,0.124953,-1.433257,-0.422778,1.994437,-1.230214,0.044008,-0.124178,-0.020104,0.145657,0.052704,0.011043,-0.022083,0.077601
1777336381.698775,-1.436571,-0.411742,1.995820,-1.240270,0.125464,0.003770,-0.018906,0.122575,-1.431777,-0.426890,1.993767,-1.225362,0.044484,-0.123615,-0.020129,0.145541,0.056199,0.010497,-0.022243,0.078734
1777336381.732105,-1.436571,-0.411742,1.995820,-1.240270,0.125464,0.003770,-0.018906,0.122575,-1.430286,-0.430970,1.993099,-1.220490,0.044959,-0.123049,-0.020154,0.146186,0.062620,0.009546,-0.022531,0.081821
1777336381.765422,-1.435645,-0.414232,1.995554,-1.235172,0.121277,0.003687,-0.018119,0.120808,-1.428763,-0.435076,1.992422,-1.215523,0.045439,-0.122471,-0.020178,0.149003,0.069262,0.008594,-0.022884,0.084281
1777336381.798794,-1.433806,-0.419232,1.994312,-1.229935,0.120320,0.003646,-0.018527,0.119605,-1.427236,-0.439129,1.991751,-1.210558,0.045914,-0.121892,-0.020203,0.148945,0.073866,0.008005,-0.023100,0.086252
1777336381.832118,-1.433096,-0.421145,1.993824,-1.224683,0.117364,0.003559,-0.018286,0.121997,-1.425676,-0.443208,1.991070,-1.205496,0.046394,-0.121301,-0.020228,0.151859,0.079462,0.007282,-0.023340,0.087711
1777336381.865479,-1.433096,-0.421145,1.993824,-1.224683,0.117364,0.003559,-0.018286,0.121997,-1.424124,-0.447204,1.990400,-1.200473,0.046866,-0.120715,-0.020252,0.150680,0.087580,0.006184,-0.023705,0.091238
1777336381.898806,-1.431261,-0.426128,1.993506,-1.218926,0.116730,0.003459,-0.017563,0.122033,-1.422544,-0.451215,1.989723,-1.195365,0.047341,-0.120117,-0.020276,0.153247,0.093298,0.005530,-0.024120,0.093761
1777336381.932117,-1.430408,-0.428428,1.992390,-1.213292,0.114827,0.003365,-0.018184,0.126810,-1.420958,-0.455178,1.989050,-1.190251,0.047813,-0.119519,-0.020300,0.153412,0.099385,0.004835,-0.024418,0.095645
1777336381.965459,-1.428534,-0.433527,1.991801,-1.207296,0.116246,0.003250,-0.018079,0.131860,-1.419341,-0.459159,1.988369,-1.185045,0.048289,-0.118909,-0.020325,0.156179,0.103234,0.004571,-0.024714,0.096755
1777336381.998799,-1.427530,-0.436234,1.991509,-1.201034,0.114962,0.003128,-0.017676,0.138032,-1.417718,-0.463097,1.987692,-1.179827,0.048761,-0.118298,-0.020349,0.156543,0.107332,0.004270,-0.025070,0.097220
1777336382.032217,-1.425519,-0.441702,1.990264,-1.194525,0.116987,0.002945,-0.018401,0.144097,-1.416075,-0.467025,1.987012,-1.174550,0.049234,-0.117680,-0.020373,0.158335,0.109139,0.004428,-0.025287,0.096967
1777336382.065463,-1.424092,-0.445481,1.989464,-1.187631,0.114801,0.002746,-0.018248,0.144042,-1.414420,-0.470922,1.986333,-1.169243,0.049706,-0.117058,-0.020397,0.159200,0.110522,0.004665,-0.025464,0.096010
1777336382.098780,-1.424092,-0.445481,1.989464,-1.187631,0.114801,0.002746,-0.018248,0.144042,-1.412757,-0.474780,1.985656,-1.163915,0.050174,-0.116433,-0.020421,0.159824,0.114850,0.004321,-0.025769,0.097558
1777336382.132204,-1.421807,-0.451708,1.989075,-1.180880,0.115347,0.002397,-0.017513,0.143111,-1.411062,-0.478656,1.984972,-1.158490,0.050647,-0.115798,-0.020445,0.162768,0.116123,0.004643,-0.026113,0.098177
1777336382.165455,-1.420765,-0.454516,1.987789,-1.174406,0.113587,0.002193,-0.018251,0.146280,-1.409358,-0.482496,1.984289,-1.153038,0.051118,-0.115159,-0.020469,0.163560,0.117870,0.004876,-0.026310,0.098259
1777336382.198820,-1.418604,-0.460355,1.987156,-1.167854,0.115714,0.001847,-0.018146,0.150086,-1.407644,-0.486301,1.983608,-1.147558,0.051586,-0.114518,-0.020493,0.164381,0.117309,0.005637,-0.026505,0.097803
1777336382.232098,-1.417490,-0.463354,1.986855,-1.161228,0.114736,0.001616,-0.017737,0.155189,-1.405867,-0.490188,1.982908,-1.141881,0.052067,-0.113854,-0.020518,0.170330,0.117291,0.006282,-0.026765,0.096881
1777336382.265448,-1.414759,-0.470567,1.985285,-1.154258,0.116663,0.001144,-0.018482,0.153903,-1.404146,-0.493897,1.982235,-1.136383,0.052527,-0.113212,-0.020541,0.164919,0.114098,0.007680,-0.026829,0.095670
1777336382.298750,-1.413656,-0.473538,1.984658,-1.147737,0.115197,0.000875,-0.018401,0.156560,-1.402388,-0.497629,1.981553,-1.130773,0.052993,-0.112557,-0.020565,0.168319,0.111848,0.008862,-0.026898,0.093987
1777336382.332114,-1.413656,-0.473538,1.984658,-1.147737,0.115197,0.000875,-0.018401,0.156560,-1.400569,-0.501437,1.980852,-1.124963,0.053470,-0.111879,-0.020589,0.174297,0.113013,0.009239,-0.027101,0.095183
1777336382.365450,-1.411081,-0.480348,1.984242,-1.140967,0.116705,0.000334,-0.017736,0.154868,-1.398800,-0.505085,1.980176,-1.119314,0.053929,-0.111221,-0.020612,0.169459,0.111149,0.010400,-0.027351,0.095925
1777336382.398769,-1.409546,-0.484278,1.982652,-1.134455,0.114036,0.000021,-0.018471,0.151562,-1.396999,-0.508744,1.979493,-1.113565,0.054392,-0.110553,-0.020635,0.172490,0.109159,0.011595,-0.027396,0.095982
1777336382.432104,-1.409546,-0.484278,1.982652,-1.134455,0.114036,0.000021,-0.018471,0.151562,-1.395170,-0.512407,1.978805,-1.107723,0.054858,-0.109874,-0.020659,0.175253,0.110516,0.011975,-0.027578,0.098691
1777336382.465408,-1.407130,-0.490639,1.981877,-1.128061,0.115259,-0.000548,-0.018285,0.149970,-1.393327,-0.516045,1.978116,-1.101834,0.055323,-0.109191,-0.020682,0.176676,0.109134,0.013113,-0.027731,0.100782
1777336382.498802,-1.405998,-0.493574,1.981707,-1.121794,0.114260,-0.000813,-0.017730,0.154032,-1.391470,-0.519658,1.977426,-1.095896,0.055787,-0.108504,-0.020706,0.178135,0.108435,0.014101,-0.027981,0.102384
1777336382.532108,-1.403552,-0.499788,1.980385,-1.115191,0.117501,-0.001338,-0.018603,0.159748,-1.389593,-0.523255,1.976734,-1.089892,0.056251,-0.107810,-0.020729,0.180117,0.105410,0.015728,-0.028084,0.103448
1777336382.565400,-1.402143,-0.503331,1.979665,-1.108309,0.117262,-0.001648,-0.018708,0.164955,-1.387701,-0.526829,1.976042,-1.083836,0.056715,-0.107112,-0.020752,0.181687,0.102771,0.017264,-0.028175,0.103980
1777336382.598777,-1.399454,-0.509993,1.979299,-1.101322,0.120957,-0.002225,-0.018359,0.170586,-1.385792,-0.530380,1.975349,-1.077724,0.057178,-0.106409,-0.020775,0.183366,0.097706,0.019479,-0.028326,0.104032
1777336382.632125,-1.397877,-0.513858,1.977805,-1.094175,0.120878,-0.002566,-0.019400,0.174732,-1.383872,-0.533902,1.974656,-1.071565,0.057640,-0.105702,-0.020799,0.184741,0.093051,0.021585,-0.028303,0.103641
1777336382.665433,-1.394810,-0.521221,1.976973,-1.086923,0.124458,-0.003209,-0.019461,0.176325,-1.381937,-0.537399,1.973962,-1.065356,0.058101,-0.104991,-0.020822,0.186289,0.085670,0.024472,-0.028253,0.102848
1777336382.698769,-1.393335,-0.524779,1.976615,-1.079898,0.124251,-0.003536,-0.019137,0.181081,-1.379986,-0.540871,1.973268,-1.059090,0.058561,-0.104275,-0.020845,0.187970,0.079334,0.027068,-0.028274,0.101854
1777336382.732121,-1.390551,-0.531308,1.975193,-1.072868,0.128141,-0.004137,-0.020181,0.187693,-1.378018,-0.544325,1.972572,-1.052759,0.059021,-0.103553,-0.020868,0.189949,0.071270,0.030180,-0.028144,0.100729
1777336382.765506,-1.388947,-0.535035,1.974419,-1.065817,0.128501,-0.004472,-0.020427,0.193626,-1.376023,-0.547774,1.971871,-1.046333,0.059483,-0.102823,-0.020891,0.192754,0.064213,0.032998,-0.028006,0.099534
1777336382.798794,-1.385469,-0.542832,1.973896,-1.058585,0.132134,-0.005134,-0.020058,0.192141,-1.374027,-0.551173,1.971175,-1.039899,0.059941,-0.102093,-0.020914,0.193036,0.054459,0.036627,-0.027915,0.098273
1777336382.832108,-1.383769,-0.546655,1.972353,-1.051822,0.131622,-0.005456,-0.021117,0.192414,-1.372005,-0.554566,1.970474,-1.033369,0.060401,-0.101355,-0.020936,0.195883,0.045911,0.039900,-0.027655,0.097099
1777336382.865405,-1.380519,-0.553702,1.971545,-1.045078,0.134934,-0.006046,-0.021206,0.191857,-1.369988,-0.557901,1.969780,-1.026847,0.060856,-0.100620,-0.020959,0.195665,0.035574,0.043729,-0.027390,0.096139
1777336382.898772,-1.378499,-0.558020,1.971072,-1.038323,0.133391,-0.006326,-0.020663,0.187583,-1.367947,-0.561226,1.969081,-1.020236,0.061312,-0.099877,-0.020982,0.198323,0.026124,0.047290,-0.027190,0.095255
1777336382.932100,-1.375582,-0.564108,1.969678,-1.032111,0.136500,-0.006818,-0.021665,0.189835,-1.365877,-0.564547,1.968377,-1.013523,0.061771,-0.099125,-0.021004,0.201411,0.015880,0.051105,-0.026860,0.094818
1777336382.965412,-1.373737,-0.567895,1.968869,-1.025606,0.135641,-0.007046,-0.021752,0.188718,-1.363817,-0.567804,1.967681,-1.006829,0.062223,-0.098377,-0.021027,0.200812,0.007021,0.054496,-0.026532,0.094689
1777336382.998771,-1.370339,-0.574598,1.968462,-1.019268,0.138412,-0.007471,-0.021349,0.186931,-1.361735,-0.571048,1.966982,-1.000050,0.062676,-0.097623,-0.021049,0.203361,-0.003269,0.058323,-0.026287,0.094768
1777336383.032133,-1.368752,-0.577720,1.967092,-1.013145,0.137761,-0.007638,-0.022318,0.188955,-1.359625,-0.574285,1.966278,-0.993172,0.063131,-0.096860,-0.021072,0.206356,-0.011597,0.061536,-0.025921,0.095260
1777336383.065471,-1.365530,-0.583729,1.966345,-1.006858,0.140670,-0.007944,-0.022490,0.190468,-1.357512,-0.577478,1.965577,-0.986269,0.063583,-0.096096,-0.021094,0.207070,-0.020817,0.065001,-0.025572,0.096086
1777336383.098755,-1.363544,-0.587399,1.965912,-1.000469,0.139810,-0.008056,-0.022136,0.189471,-1.355367,-0.580671,1.964869,-0.979250,0.064037,-0.095323,-0.021117,0.210583,-0.028728,0.068045,-0.025304,0.097083
1777336383.132115,-1.360332,-0.593023,1.964567,-0.994273,0.142444,-0.008236,-0.023088,0.191313,-1.353220,-0.583819,1.964165,-0.972208,0.064489,-0.094549,-0.021139,0.211263,-0.037273,0.071238,-0.024924,0.098450
1777336383.165459,-1.358295,-0.596564,1.963772,-0.987790,0.141365,-0.008270,-0.023146,0.190270,-1.351037,-0.586971,1.963454,-0.965034,0.064944,-0.093764,-0.021161,0.215214,-0.044509,0.074000,-0.024552,0.099915
1777336383.198796,-1.354849,-0.602208,1.963386,-0.981363,0.143411,-0.008297,-0.022775,0.189969,-1.348860,-0.590067,1.962749,-0.957867,0.065393,-0.092982,-0.021183,0.215018,-0.052521,0.076932,-0.024275,0.101649
1777336383.232210,-1.352830,-0.605487,1.961969,-0.974750,0.141685,-0.008234,-0.023550,0.188343,-1.346684,-0.593113,1.962048,-0.950688,0.065839,-0.092202,-0.021205,0.215360,-0.059090,0.079382,-0.023872,0.103383
1777336383.265461,-1.349338,-0.610796,1.961266,-0.968087,0.143010,-0.008092,-0.023490,0.187542,-1.344462,-0.596177,1.961337,-0.943343,0.066291,-0.091407,-0.021227,0.220356,-0.066321,0.081932,-0.023497,0.105111
1777336383.298799,-1.347636,-0.613333,1.960960,-0.961353,0.141367,-0.007943,-0.023037,0.189818,-1.342246,-0.599186,1.960631,-0.936001,0.066737,-0.090616,-0.021249,0.220257,-0.071579,0.083829,-0.023235,0.107022
1777336383.332129,-1.344221,-0.618125,1.959669,-0.954305,0.142543,-0.007662,-0.023780,0.191241,-1.340007,-0.602179,1.959922,-0.928567,0.067184,-0.089817,-0.021271,0.223037,-0.077286,0.085735,-0.022872,0.108779
1777336383.365418,-1.342363,-0.620689,1.959006,-0.947156,0.140700,-0.007435,-0.023705,0.193081,-1.337749,-0.605151,1.959211,-0.921053,0.067632,-0.089013,-0.021293,0.225399,-0.081337,0.087083,-0.022546,0.110488
1777336383.398775,-1.339055,-0.624927,1.958681,-0.939891,0.141657,-0.006998,-0.023295,0.196182,-1.335486,-0.608083,1.958503,-0.913506,0.068076,-0.088208,-0.021315,0.226404,-0.085586,0.088334,-0.022324,0.112126
1777336383.432111,-1.337411,-0.626967,1.957555,-0.932594,0.140278,-0.006726,-0.023977,0.203273,-1.333197,-0.611003,1.957790,-0.905856,0.068522,-0.087395,-0.021337,0.229510,-0.088006,0.088967,-0.022035,0.113661
1777336383.465411,-1.333894,-0.631133,1.956855,-0.924821,0.141018,-0.006148,-0.023964,0.205585,-1.330895,-0.613894,1.957077,-0.898142,0.068968,-0.086579,-0.021358,0.231415,-0.090903,0.089568,-0.021771,0.115006
1777336383.498795,-1.332014,-0.633292,1.956515,-0.917133,0.139115,-0.005775,-0.023520,0.208696,-1.328584,-0.616748,1.956365,-0.890386,0.069411,-0.085762,-0.021380,0.232702,-0.092347,0.089669,-0.021604,0.116219
1777336383.532155,-1.328606,-0.636920,1.955325,-0.909277,0.139410,-0.005055,-0.024133,0.211073,-1.326265,-0.619569,1.955655,-0.882582,0.069852,-0.084943,-0.021402,0.234114,-0.094045,0.089635,-0.021354,0.117246
1777336383.565426,-1.326744,-0.638848,1.954708,-0.901365,0.137203,-0.004616,-0.023997,0.213733,-1.323913,-0.622383,1.954938,-0.874650,0.070296,-0.084114,-0.021423,0.237944,-0.094357,0.089124,-0.021142,0.118115
1777336383.598803,-1.323800,-0.641584,1.954456,-0.893601,0.137665,-0.003819,-0.023643,0.222297,-1.321565,-0.625147,1.954226,-0.866716,0.070735,-0.083287,-0.021444,0.238040,-0.094377,0.088304,-0.021044,0.119057
1777336383.632137,-1.321938,-0.643331,1.953362,-0.885445,0.135966,-0.003344,-0.024219,0.227966,-1.319185,-0.627904,1.953508,-0.858655,0.071177,-0.082451,-0.021466,0.241827,-0.093207,0.087076,-0.020877,0.119768
1777336383.665430,-1.318285,-0.646559,1.952672,-0.877085,0.135628,-0.002351,-0.024084,0.227508,-1.316793,-0.630630,1.952791,-0.850535,0.071617,-0.081612,-0.021487,0.243601,-0.092565,0.085751,-0.020729,0.120368
1777336383.698790,-1.316565,-0.647946,1.952386,-0.869066,0.133322,-0.001812,-0.023597,0.230709,-1.314397,-0.633316,1.952075,-0.842381,0.072055,-0.080773,-0.021508,0.244606,-0.090582,0.083982,-0.020684,0.120994
1777336383.732111,-1.313282,-0.650463,1.951277,-0.860809,0.132842,-0.000766,-0.024100,0.232576,-1.311982,-0.635979,1.951358,-0.834147,0.072493,-0.079930,-0.021530,0.247029,-0.088729,0.081989,-0.020564,0.121527
1777336383.765407,-1.311492,-0.651776,1.950701,-0.852583,0.130368,-0.000191,-0.023923,0.234697,-1.309545,-0.638621,1.950638,-0.825820,0.072932,-0.079080,-0.021551,0.249810,-0.085758,0.079639,-0.020484,0.122079
1777336383.798774,-1.308050,-0.654165,1.950364,-0.844190,0.129345,0.000972,-0.023341,0.233627,-1.307096,-0.641232,1.949918,-0.817434,0.073369,-0.078227,-0.021572,0.251570,-0.083075,0.077094,-0.020492,0.122627
1777336383.832107,-1.306211,-0.655370,1.949235,-0.835883,0.126138,0.001575,-0.023718,0.232313,-1.304618,-0.643830,1.949193,-0.808932,0.073808,-0.077366,-0.021593,0.255082,-0.079393,0.074245,-0.020418,0.123203
1777336383.865421,-1.302961,-0.657316,1.948670,-0.827574,0.124732,0.002779,-0.023409,0.231210,-1.302156,-0.646368,1.948476,-0.800464,0.074240,-0.076512,-0.021614,0.254039,-0.075800,0.071146,-0.020386,0.123912
1777336383.898780,-1.301357,-0.658185,1.948419,-0.819315,0.121696,0.003361,-0.022788,0.232105,-1.299668,-0.648888,1.947755,-0.791892,0.074674,-0.075650,-0.021635,0.257144,-0.071134,0.067758,-0.020455,0.124596
1777336383.932113,-1.298337,-0.659773,1.947369,-0.810992,0.120586,0.004542,-0.023212,0.233966,-1.297164,-0.651381,1.947033,-0.783248,0.075107,-0.074785,-0.021656,0.259336,-0.066493,0.064133,-0.020455,0.125409
1777336383.965420,-1.296743,-0.660550,1.946838,-0.802640,0.117985,0.005119,-0.023013,0.237028,-1.294643,-0.653847,1.946310,-0.774529,0.075540,-0.073916,-0.021677,0.261567,-0.060946,0.060298,-0.020497,0.126323
1777336383.998775,-1.293593,-0.662104,1.946537,-0.794113,0.116881,0.006326,-0.022465,0.237996,-1.292115,-0.656278,1.945588,-0.765766,0.075971,-0.073045,-0.021697,0.262876,-0.055655,0.056300,-0.020627,0.127279
1777336384.032118,-1.291923,-0.662858,1.945466,-0.785645,0.114170,0.006896,-0.022898,0.239549,-1.289579,-0.658674,1.944867,-0.756960,0.076400,-0.072174,-0.021718,0.264177,-0.049648,0.052166,-0.020680,0.128287
1777336384.065419,-1.288784,-0.664277,1.944887,-0.777037,0.112971,0.008085,-0.022666,0.239940,-1.287020,-0.661048,1.944143,-0.748062,0.076829,-0.071296,-0.021738,0.266958,-0.043968,0.047905,-0.020760,0.129294
1777336384.098773,-1.287094,-0.664984,1.944598,-0.768400,0.110103,0.008621,-0.022073,0.240385,-1.284450,-0.663391,1.943419,-0.739108,0.077258,-0.070417,-0.021759,0.268616,-0.037686,0.043564,-0.020928,0.130376
1777336384.132081,-1.284383,-0.666058,1.943600,-0.759926,0.109418,0.009693,-0.022567,0.246726,-1.281856,-0.665713,1.942692,-0.730056,0.077686,-0.069531,-0.021780,0.271565,-0.031503,0.039106,-0.021030,0.131585
1777336384.165458,-1.282680,-0.666756,1.943016,-0.751034,0.107149,0.010197,-0.022434,0.250123,-1.279232,-0.668018,1.941960,-0.720884,0.078117,-0.068636,-0.021800,0.275153,-0.024878,0.034644,-0.021158,0.132798
1777336384.198788,-1.279426,-0.668164,1.942671,-0.742007,0.106134,0.011259,-0.021875,0.249812,-1.276625,-0.670267,1.941236,-0.711759,0.078542,-0.067749,-0.021820,0.273744,-0.018847,0.030198,-0.021359,0.134027
1777336384.232092,-1.277860,-0.668748,1.941585,-0.733161,0.103754,0.011676,-0.022374,0.252663,-1.274001,-0.672489,1.940510,-0.702559,0.078966,-0.066858,-0.021841,0.276002,-0.012328,0.025766,-0.021474,0.135171
1777336384.265484,-1.274825,-0.670033,1.940997,-0.724076,0.103020,0.012594,-0.022201,0.254768,-1.271349,-0.674692,1.939779,-0.693250,0.079391,-0.065960,-0.021861,0.279257,-0.006344,0.021400,-0.021611,0.136286
1777336384.298792,-1.273199,-0.670674,1.940705,-0.714964,0.100787,0.012940,-0.021700,0.257651,-1.268686,-0.676863,1.939049,-0.683892,0.079816,-0.065059,-0.021881,0.280764,0.000015,0.017104,-0.021832,0.137445
1777336384.332137,-1.270176,-0.671994,1.939577,-0.705735,0.100262,0.013729,-0.022227,0.260276,-1.266021,-0.678994,1.938322,-0.674515,0.080237,-0.064160,-0.021901,0.281291,0.005779,0.012944,-0.021957,0.138557
1777336384.365510,-1.268457,-0.672715,1.938967,-0.696400,0.098046,0.013992,-0.022069,0.261838,-1.263303,-0.681125,1.937583,-0.664945,0.080664,-0.063245,-0.021921,0.287107,0.011787,0.008899,-0.022100,0.139557
1777336384.398777,-1.265405,-0.674108,1.938663,-0.687054,0.097620,0.014637,-0.021547,0.263862,-1.260629,-0.683181,1.936860,-0.655518,0.081080,-0.062346,-0.021941,0.282816,0.017151,0.005055,-0.022324,0.140715
1777336384.432076,-1.263619,-0.674901,1.937457,-0.677528,0.095315,0.014794,-0.022077,0.263759,-1.257913,-0.685229,1.936128,-0.645933,0.081500,-0.061436,-0.021961,0.287546,0.022679,0.001356,-0.022435,0.141538
1777336384.465447,-1.260913,-0.676192,1.936942,-0.668349,0.095390,0.015271,-0.021984,0.271795,-1.255158,-0.687264,1.935389,-0.636207,0.081923,-0.060514,-0.021981,0.291786,0.027725,-0.002106,-0.022584,0.142596
1777336384.498789,-1.259456,-0.676865,1.936681,-0.658943,0.094221,0.015392,-0.021650,0.283299,-1.252433,-0.689236,1.934660,-0.626579,0.082339,-0.059604,-0.022001,0.288846,0.033126,-0.005437,-0.022823,0.143801
1777336384.532103,-1.255938,-0.678694,1.935396,-0.648834,0.094216,0.015752,-0.022236,0.282324,-1.249677,-0.691191,1.933927,-0.616837,0.082756,-0.058686,-0.022021,0.292244,0.037406,-0.008368,-0.022932,0.144542
1777336384.565472,-1.254172,-0.679582,1.934766,-0.639197,0.092427,0.015728,-0.022106,0.282903,-1.246883,-0.693131,1.933187,-0.606958,0.083176,-0.057757,-0.022040,0.296378,0.041858,-0.011139,-0.023055,0.145357
1777336384.598780,-1.250871,-0.681403,1.934426,-0.629374,0.092439,0.015860,-0.021545,0.282098,-1.244101,-0.695022,1.932453,-0.597120,0.083591,-0.056835,-0.022060,0.295143,0.045401,-0.013487,-0.023254,0.146237
1777336384.632090,-1.250871,-0.681403,1.934426,-0.629374,0.092439,0.015860,-0.021545,0.282098,-1.241318,-0.696875,1.931721,-0.587275,0.084003,-0.055914,-0.022080,0.295354,0.050261,-0.015881,-0.023590,0.151386
1777336384.665409,-1.248397,-0.682736,1.933096,-0.619204,0.089675,0.015641,-0.021853,0.274087,-1.238487,-0.698719,1.930980,-0.577259,0.084419,-0.054979,-0.022099,0.300466,0.054630,-0.017975,-0.023782,0.155600
1777336384.698815,-1.245541,-0.684440,1.932524,-0.609674,0.089487,0.015519,-0.021630,0.274576,-1.235666,-0.700516,1.930245,-0.567284,0.084831,-0.054049,-0.022119,0.299250,0.058253,-0.019622,-0.023996,0.159533
1777336384.732198,-1.243970,-0.685357,1.932227,-0.599656,0.087517,0.015231,-0.021063,0.275706,-1.232811,-0.702294,1.929503,-0.557189,0.085245,-0.053111,-0.022138,0.302852,0.062088,-0.021120,-0.024287,0.162780
1777336384.765458,-1.240947,-0.687272,1.931035,-0.589343,0.088022,0.014998,-0.021691,0.281072,-1.229966,-0.704028,1.928767,-0.547133,0.085654,-0.052178,-0.022157,0.301673,0.065054,-0.022100,-0.024467,0.165520
1777336384.798805,-1.239209,-0.688348,1.930387,-0.578494,0.086606,0.014665,-0.021607,0.285935,-1.227105,-0.705731,1.928030,-0.537026,0.086063,-0.051242,-0.022177,0.303220,0.068152,-0.022932,-0.024652,0.167420
1777336384.832122,-1.235734,-0.690620,1.930027,-0.567259,0.087255,0.014241,-0.021064,0.288479,-1.224228,-0.707404,1.927291,-0.526873,0.086471,-0.050303,-0.022196,0.304581,0.070116,-0.023142,-0.024904,0.168549
1777336384.865439,-1.233982,-0.691774,1.928753,-0.555994,0.085939,0.013808,-0.021767,0.293851,-1.221314,-0.709060,1.926546,-0.516597,0.086882,-0.049353,-0.022215,0.308288,0.072299,-0.023244,-0.025029,0.169032
1777336384.898780,-1.229411,-0.694769,1.927835,-0.532962,0.085384,0.012970,-0.021254,0.302446,-1.218419,-0.710665,1.925809,-0.506399,0.087287,-0.048413,-0.022234,0.305950,0.072768,-0.022493,-0.025110,0.163826
1777336384.932120,-1.225590,-0.697581,1.926472,-0.521235,0.087330,0.012148,-0.022085,0.310418,-1.215494,-0.712249,1.925067,-0.496105,0.087693,-0.047465,-0.022253,0.308817,0.072131,-0.020965,-0.025058,0.158704
1777336384.965420,-1.223350,-0.699147,1.925727,-0.509508,0.086493,0.011505,-0.022044,0.312744,-1.212520,-0.713819,1.924315,-0.485653,0.088104,-0.046503,-0.022272,0.313559,0.071740,-0.019384,-0.025009,0.153887
1777336384.998788,-1.219509,-0.701907,1.925356,-0.498453,0.087943,0.010588,-0.021536,0.313234,-1.209603,-0.715320,1.923580,-0.475418,0.088503,-0.045562,-0.022291,0.307035,0.070437,-0.017151,-0.025042,0.149782
1777336385.032124,-1.217520,-0.703347,1.924022,-0.487983,0.087077,0.009927,-0.022311,0.314156,-1.206650,-0.716802,1.922839,-0.465078,0.088905,-0.044612,-0.022310,0.310215,0.069614,-0.014993,-0.024950,0.146104
1777336385.065471,-1.213722,-0.706097,1.923309,-0.477852,0.088594,0.008928,-0.022251,0.312837,-1.203665,-0.718261,1.922093,-0.454640,0.089308,-0.043653,-0.022328,0.313139,0.067951,-0.012218,-0.024870,0.143310
1777336385.098795,-1.211744,-0.707548,1.922968,-0.468224,0.087863,0.008244,-0.021825,0.312616,-1.200676,-0.719684,1.921348,-0.444211,0.089710,-0.042696,-0.022347,0.312877,0.066853,-0.009568,-0.024879,0.141535
1777336385.132139,-1.211744,-0.707548,1.922968,-0.468224,0.087863,0.008244,-0.021825,0.312616,-1.197682,-0.721070,1.920605,-0.433787,0.090108,-0.041739,-0.022366,0.312714,0.067579,-0.007755,-0.025042,0.144850
1777336385.165414,-1.207363,-0.710697,1.921521,-0.458402,0.088650,0.006964,-0.022333,0.302156,-1.194668,-0.722428,1.919860,-0.423320,0.090507,-0.040779,-0.022384,0.314016,0.066840,-0.004981,-0.025049,0.148018
1777336385.198820,-1.205322,-0.712156,1.920821,-0.449431,0.087300,0.006252,-0.022181,0.296086,-1.191611,-0.723767,1.919106,-0.412727,0.090909,-0.039807,-0.022403,0.317777,0.066483,-0.002276,-0.025067,0.151493
1777336385.232120,-1.201335,-0.714999,1.920471,-0.440270,0.088532,0.005101,-0.021560,0.290465,-1.188523,-0.725081,1.918348,-0.402059,0.091312,-0.038828,-0.022422,0.320045,0.065152,0.001135,-0.025167,0.155260
1777336385.265445,-1.198990,-0.716635,1.918993,-0.430627,0.086681,0.004313,-0.022165,0.282666,-1.185517,-0.726322,1.917612,-0.391705,0.091702,-0.037877,-0.022440,0.310600,0.064151,0.004491,-0.025114,0.159023
1777336385.298783,-1.198990,-0.716635,1.918993,-0.430627,0.086681,0.004313,-0.022165,0.282666,-1.182465,-0.727545,1.916868,-0.381226,0.092094,-0.036915,-0.022458,0.314395,0.064918,0.006937,-0.025216,0.166568
1777336385.332092,-1.194936,-0.719564,1.918173,-0.420721,0.087062,0.003013,-0.021869,0.275345,-1.179383,-0.728743,1.916119,-0.370676,0.092488,-0.035945,-0.022476,0.316479,0.064476,0.010272,-0.025297,0.173316
1777336385.365412,-1.192967,-0.720937,1.917967,-0.410712,0.085681,0.002363,-0.021132,0.274966,-1.176285,-0.729909,1.915369,-0.360109,0.092882,-0.034973,-0.022495,0.317030,0.064451,0.013478,-0.025486,0.179297
1777336385.398743,-1.189421,-0.723398,1.916817,-0.400385,0.087501,0.001348,-0.021810,0.285186,-1.173171,-0.731044,1.914617,-0.349526,0.093275,-0.033998,-0.022513,0.317485,0.063743,0.017209,-0.025581,0.184435
1777336385.432102,-1.187245,-0.724861,1.916150,-0.388889,0.087006,0.000706,-0.021791,0.293734,-1.170057,-0.732142,1.913868,-0.338984,0.093665,-0.033026,-0.022531,0.316242,0.063379,0.020806,-0.025688,0.188336
1777336385.465437,-1.183067,-0.727563,1.915791,-0.376845,0.089053,-0.000362,-0.021350,0.302117,-1.166901,-0.733218,1.913112,-0.328344,0.094057,-0.032043,-0.022549,0.319206,0.062057,0.025005,-0.025869,0.190870
1777336385.498784,-1.180699,-0.729086,1.914445,-0.364320,0.088592,-0.001019,-0.022144,0.310549,-1.163759,-0.734251,1.912361,-0.317793,0.094446,-0.031067,-0.022567,0.316524,0.061093,0.029033,-0.025918,0.192215
1777336385.532108,-1.175980,-0.731956,1.913657,-0.351155,0.090424,-0.002142,-0.022027,0.313162,-1.160602,-0.735253,1.911609,-0.307242,0.094833,-0.030089,-0.022585,0.316531,0.059025,0.033699,-0.025956,0.192055
1777336385.565414,-1.173783,-0.733330,1.913339,-0.338254,0.089794,-0.002742,-0.021565,0.323007,-1.157426,-0.736224,1.910855,-0.296676,0.095220,-0.029109,-0.022603,0.316982,0.057559,0.038036,-0.026082,0.190840
1777336385.598797,-1.168099,-0.736519,1.911622,-0.311795,0.090598,-0.003946,-0.022103,0.336210,-1.154220,-0.737167,1.910097,-0.286061,0.095608,-0.028121,-0.022620,0.318453,0.054661,0.043151,-0.026003,0.182684
1777336385.632161,-1.168099,-0.736519,1.911622,-0.311795,0.090598,-0.003946,-0.022103,0.336210,-1.151044,-0.738065,1.909348,-0.275599,0.095990,-0.027146,-0.022638,0.313867,0.053839,0.047010,-0.026085,0.180660
1777336385.665466,-1.162842,-0.739501,1.910960,-0.298151,0.093262,-0.005199,-0.021907,0.340328,-1.147808,-0.738943,1.908587,-0.264992,0.096376,-0.026154,-0.022656,0.318200,0.051714,0.051666,-0.026180,0.177424
1777336385.698790,-1.160130,-0.740925,1.909554,-0.285372,0.092994,-0.005756,-0.022760,0.345699,-1.144588,-0.739781,1.907833,-0.254499,0.096758,-0.025171,-0.022673,0.314801,0.050027,0.056005,-0.026136,0.173920
1777336385.732130,-1.153703,-0.744005,1.908489,-0.261155,0.093604,-0.006824,-0.022270,0.348449,-1.141363,-0.740584,1.907079,-0.244043,0.097138,-0.024188,-0.022691,0.313680,0.046753,0.061077,-0.026032,0.164759
1777336385.765444,-1.148369,-0.746461,1.907010,-0.249403,0.096424,-0.007752,-0.023172,0.349533,-1.138097,-0.741361,1.906318,-0.233517,0.097521,-0.023196,-0.022708,0.315775,0.042762,0.066381,-0.025787,0.156539
1777336385.798811,-1.145557,-0.747729,1.906272,-0.238008,0.096106,-0.008204,-0.023164,0.349601,-1.134851,-0.742097,1.905565,-0.223121,0.097898,-0.022213,-0.022726,0.311898,0.039558,0.071142,-0.025563,0.149437
1777336385.832115,-1.140745,-0.749659,1.905905,-0.227338,0.098335,-0.008838,-0.022733,0.349070,-1.131585,-0.742802,1.904809,-0.212720,0.098275,-0.021226,-0.022743,0.312020,0.036005,0.075838,-0.025434,0.143383
1777336385.865432,-1.137941,-0.750763,1.904500,-0.217267,0.097825,-0.009163,-0.023545,0.344472,-1.128279,-0.743480,1.904046,-0.202261,0.098654,-0.020231,-0.022760,0.313756,0.033226,0.079979,-0.025181,0.138630
1777336385.898760,-1.133134,-0.752429,1.903782,-0.207959,0.099870,-0.009612,-0.023532,0.339564,-1.124980,-0.744121,1.903288,-0.191893,0.099030,-0.019240,-0.022777,0.311047,0.030139,0.083982,-0.024956,0.135409
1777336385.932099,-1.130373,-0.753371,1.903392,-0.199085,0.099259,-0.009804,-0.023080,0.332550,-1.121644,-0.744734,1.902523,-0.181479,0.099408,-0.018241,-0.022795,0.312423,0.027830,0.087444,-0.024822,0.133496
1777336385.965457,-1.125424,-0.754815,1.902020,-0.190638,0.101107,-0.010059,-0.023829,0.324343,-1.118332,-0.745306,1.901766,-0.171211,0.099780,-0.017252,-0.022812,0.308046,0.025150,0.090732,-0.024574,0.133027
1777336385.998781,-1.122520,-0.755648,1.901259,-0.182355,0.100061,-0.010116,-0.023700,0.314023,-1.115006,-0.745846,1.901008,-0.160973,0.100151,-0.016262,-0.022829,0.307146,0.023161,0.093533,-0.024343,0.133592
1777336386.032120,-1.122520,-0.755648,1.901259,-0.182355,0.100061,-0.010116,-0.023700,0.314023,-1.111666,-0.746353,1.900248,-0.150765,0.100522,-0.015271,-0.022846,0.306221,0.023154,0.095468,-0.024285,0.138846
1777336386.065464,-1.117690,-0.756790,1.900852,-0.174208,0.101120,-0.010119,-0.023106,0.303707,-1.108272,-0.746834,1.899479,-0.140469,0.100896,-0.014267,-0.022863,0.308880,0.022521,0.097323,-0.024305,0.144337
1777336386.098810,-1.113855,-0.757699,1.899189,-0.157755,0.098078,-0.009959,-0.023389,0.299305,-1.104904,-0.747275,1.898718,-0.130331,0.101265,-0.013273,-0.022879,0.304150,0.021903,0.099007,-0.024143,0.146414
1777336386.132129,-1.109608,-0.758370,1.898738,-0.148781,0.099137,-0.009712,-0.023028,0.296914,-1.101536,-0.747682,1.897960,-0.120272,0.101631,-0.012283,-0.022896,0.301752,0.021128,0.100338,-0.024057,0.148661
1777336386.165436,-1.109608,-0.758370,1.898738,-0.148781,0.099137,-0.009712,-0.023028,0.296914,-1.098112,-0.748061,1.897190,-0.110128,0.102000,-0.011279,-0.022913,0.304349,0.022163,0.101107,-0.024135,0.155108
1777336386.198802,-1.101953,-0.759424,1.897040,-0.129477,0.100502,-0.009178,-0.023372,0.298004,-1.094708,-0.748403,1.896428,-0.100122,0.102366,-0.010283,-0.022929,0.300153,0.021249,0.101884,-0.024020,0.156596
1777336386.232116,-1.096157,-0.759830,1.896508,-0.119300,0.103164,-0.008535,-0.023104,0.299241,-1.091292,-0.748711,1.895665,-0.090168,0.102730,-0.009288,-0.022946,0.298640,0.019563,0.102234,-0.023962,0.157717
1777336386.265486,-1.093038,-0.760034,1.895118,-0.108610,0.102764,-0.008161,-0.023897,0.301973,-1.087831,-0.748990,1.894894,-0.080167,0.103096,-0.008283,-0.022963,0.300023,0.018445,0.102221,-0.023780,0.158356
1777336386.298797,-1.087858,-0.760161,1.894389,-0.097679,0.104629,-0.007453,-0.023845,0.304798,-1.084387,-0.749232,1.894129,-0.070305,0.103458,-0.007286,-0.022979,0.295867,0.016912,0.101774,-0.023621,0.158591
1777336386.332126,-1.084913,-0.760211,1.894000,-0.086628,0.103735,-0.007010,-0.023333,0.306085,-1.080958,-0.749440,1.893370,-0.060567,0.103816,-0.006296,-0.022995,0.292137,0.016029,0.101022,-0.023552,0.158193
1777336386.365471,-1.079897,-0.760071,1.892710,-0.075640,0.105283,-0.006179,-0.023978,0.307908,-1.077466,-0.749617,1.892598,-0.050742,0.104179,-0.005291,-0.023012,0.294747,0.014775,0.099801,-0.023380,0.157249
1777336386.398776,-1.077207,-0.759959,1.892051,-0.064699,0.104319,-0.005693,-0.023853,0.310479,-1.073980,-0.749760,1.891830,-0.041023,0.104538,-0.004291,-0.023028,0.291554,0.014279,0.098327,-0.023244,0.156109
1777336386.432214,-1.072253,-0.759591,1.891704,-0.053756,0.105776,-0.004756,-0.023322,0.311714,-1.070462,-0.749871,1.891058,-0.031307,0.104898,-0.003285,-0.023044,0.291480,0.013414,0.096386,-0.023207,0.154576
1777336386.465439,-1.069433,-0.759357,1.890413,-0.042903,0.104559,-0.004220,-0.023904,0.310689,-1.066986,-0.749946,1.890296,-0.021797,0.105252,-0.002294,-0.023060,0.285326,0.013209,0.094261,-0.023067,0.152853
1777336386.498771,-1.069433,-0.759357,1.890413,-0.042903,0.104559,-0.004220,-0.023904,0.310689,-1.063459,-0.749990,1.889525,-0.012240,0.105608,-0.001293,-0.023076,0.286685,0.014767,0.092298,-0.023095,0.155579
1777336386.532095,-1.064765,-0.758731,1.889642,-0.032263,0.105405,-0.003177,-0.023812,0.308830,-1.059945,-0.749999,1.888759,-0.002809,0.105961,-0.000298,-0.023092,0.282928,0.015768,0.089866,-0.023122,0.157511
1777336386.565452,-1.061982,-0.758414,1.889363,-0.021876,0.104310,-0.002647,-0.023164,0.307812,-1.056379,-0.749976,1.887984,0.006663,0.106316,0.000708,-0.023108,0.284166,0.017128,0.087375,-0.023250,0.158658
1777336386.598809,-1.057279,-0.757676,1.888205,-0.011615,0.105733,-0.001623,-0.023700,0.309021,-1.052819,-0.749919,1.887213,0.016026,0.106669,0.001710,-0.023124,0.280913,0.017947,0.084487,-0.023292,0.159373
1777336386.632192,-1.054653,-0.757232,1.887589,-0.001052,0.104766,-0.001063,-0.023538,0.310839,-1.049267,-0.749829,1.886445,0.025273,0.107018,0.002705,-0.023140,0.277401,0.019231,0.081571,-0.023365,0.159393
1777336386.665445,-1.049105,-0.756246,1.887174,0.010032,0.105666,0.000098,-0.022789,0.304747,-1.045670,-0.749705,1.885669,0.034541,0.107370,0.003710,-0.023156,0.278032,0.019591,0.078190,-0.023508,0.158528
1777336386.698769,-1.046910,-0.755734,1.886020,0.020459,0.104407,0.000624,-0.023355,0.308077,-1.042092,-0.749548,1.884899,0.043662,0.107717,0.004706,-0.023171,0.273640,0.020694,0.074865,-0.023566,0.157355
1777336386.732123,-1.042403,-0.754721,1.885423,0.031216,0.105872,0.001665,-0.023234,0.312900,-1.038482,-0.749358,1.884124,0.052769,0.108065,0.005708,-0.023187,0.273216,0.021358,0.071199,-0.023657,0.155556
1777336386.765440,-1.039829,-0.754121,1.885100,0.042034,0.105024,0.002199,-0.022757,0.316460,-1.034872,-0.749134,1.883352,0.061778,0.108411,0.006706,-0.023203,0.270253,0.022539,0.067627,-0.023836,0.153328
1777336386.798798,-1.034835,-0.752928,1.883819,0.052868,0.106482,0.003262,-0.023361,0.315792,-1.031260,-0.748878,1.882581,0.070694,0.108755,0.007701,-0.023218,0.267488,0.023038,0.063694,-0.023900,0.150614
1777336386.832109,-1.032287,-0.752262,1.883192,0.063299,0.105550,0.003766,-0.023241,0.317296,-1.027617,-0.748588,1.881805,0.079588,0.109099,0.008701,-0.023233,0.266829,0.024079,0.059906,-0.023990,0.147645
1777336386.865483,-1.027535,-0.751012,1.882862,0.073650,0.107129,0.004763,-0.022743,0.318091,-1.023964,-0.748264,1.881029,0.088407,0.109442,0.009701,-0.023249,0.264547,0.024560,0.055827,-0.024167,0.144565
1777336386.898775,-1.023500,-0.750028,1.881192,0.093651,0.103956,0.005258,-0.023015,0.317492,-1.020318,-0.747909,1.880256,0.097112,0.109782,0.010695,-0.023264,0.261170,0.024936,0.051750,-0.024151,0.136959
1777336386.932147,-1.023500,-0.750028,1.881192,0.093651,0.103956,0.005258,-0.023015,0.317492,-1.016654,-0.747520,1.879482,0.105760,0.110122,0.011690,-0.023279,0.259431,0.027078,0.048439,-0.024294,0.134504
1777336386.965439,-1.018217,-0.748373,1.880668,0.103367,0.105917,0.006454,-0.022702,0.314480,-1.012956,-0.747095,1.878702,0.114390,0.110462,0.012691,-0.023294,0.258897,0.028209,0.044562,-0.024481,0.132037
1777336386.998776,-1.012813,-0.746863,1.879310,0.112803,0.107772,0.007357,-0.023363,0.309143,-1.009270,-0.746640,1.877926,0.122894,0.110799,0.013685,-0.023309,0.255110,0.028446,0.040395,-0.024537,0.129718
1777336387.032142,-1.009850,-0.745995,1.878601,0.121725,0.106757,0.007733,-0.023205,0.302831,-1.005562,-0.746150,1.877148,0.131346,0.111136,0.014682,-0.023325,0.253568,0.029075,0.036467,-0.024604,0.127596
1777336387.065417,-1.004690,-0.744487,1.878235,0.130445,0.108124,0.008498,-0.022572,0.295577,-1.001835,-0.745626,1.876368,0.139745,0.111472,0.015680,-0.023340,0.251967,0.028991,0.032341,-0.024751,0.125778
1777336387.098794,-1.002326,-0.743749,1.876998,0.138715,0.107142,0.008761,-0.023249,0.293199,-0.998115,-0.745071,1.875591,0.148026,0.111805,0.016672,-0.023354,0.248434,0.029650,0.028608,-0.024796,0.124393
1777336387.132106,-0.997663,-0.742366,1.876341,0.147000,0.108833,0.009385,-0.023180,0.290970,-0.994391,-0.744484,1.874815,0.156219,0.112137,0.017662,-0.023369,0.245805,0.029820,0.024817,-0.024863,0.123253
1777336387.165420,-0.995033,-0.741565,1.875993,0.155157,0.108097,0.009608,-0.022735,0.288339,-0.990600,-0.743855,1.874027,0.164458,0.112472,0.018665,-0.023384,0.247149,0.030560,0.021396,-0.025014,0.122362
1777336387.198783,-0.990168,-0.740137,1.874682,0.163220,0.109865,0.010128,-0.023452,0.284844,-0.986870,-0.743205,1.873253,0.172468,0.112799,0.019650,-0.023399,0.240312,0.030728,0.017936,-0.025048,0.121867
1777336387.232133,-0.987218,-0.739252,1.873931,0.171292,0.108805,0.010268,-0.023339,0.278584,-0.983108,-0.742519,1.872474,0.180447,0.113128,0.020638,-0.023413,0.239366,0.031315,0.014811,-0.025084,0.121331
1777336387.265440,-0.982201,-0.737799,1.873566,0.179164,0.110309,0.010645,-0.022773,0.273035,-0.979312,-0.741796,1.871691,0.188399,0.113456,0.021632,-0.023428,0.238569,0.031267,0.011667,-0.025204,0.121016
1777336387.298798,-0.979507,-0.736997,1.872211,0.187008,0.109105,0.010683,-0.023459,0.268106,-0.975529,-0.741043,1.870911,0.196228,0.113782,0.022618,-0.023442,0.234869,0.031835,0.008936,-0.025199,0.120886
1777336387.332111,-0.974637,-0.735616,1.871529,0.194817,0.110619,0.010915,-0.023323,0.264403,-0.971740,-0.740260,1.870132,0.203970,0.114106,0.023602,-0.023457,0.232241,0.031860,0.006258,-0.025215,0.120773
1777336387.365420,-0.971824,-0.734798,1.871154,0.202729,0.109300,0.010867,-0.022730,0.259334,-0.967912,-0.739437,1.869347,0.211695,0.114431,0.024593,-0.023471,0.231764,0.032439,0.003974,-0.025313,0.120613
1777336387.398794,-0.967235,-0.733541,1.869885,0.210384,0.110965,0.010968,-0.023447,0.259021,-0.964094,-0.738586,1.868566,0.219303,0.114753,0.025577,-0.023486,0.228234,0.032642,0.001836,-0.025306,0.120586
1777336387.432116,-0.964552,-0.732786,1.869181,0.218293,0.110098,0.010873,-0.023394,0.257770,-0.960256,-0.737700,1.867782,0.226854,0.115075,0.026562,-0.023500,0.226540,0.033456,0.000106,-0.025316,0.120402
1777336387.465461,-0.959626,-0.731471,1.868814,0.226184,0.111834,0.010846,-0.022913,0.256412,-0.956385,-0.736776,1.866993,0.234374,0.115397,0.027552,-0.023514,0.225580,0.033703,-0.001514,-0.025412,0.120121
1777336387.498769,-0.956684,-0.730663,1.867404,0.234183,0.110715,0.010655,-0.023624,0.252779,-0.952526,-0.735824,1.866208,0.241773,0.115716,0.028535,-0.023528,0.221990,0.034465,-0.002768,-0.025374,0.119712
1777336387.532166,-0.951641,-0.729364,1.866699,0.242056,0.112266,0.010469,-0.023483,0.250205,-0.948674,-0.734845,1.865427,0.249064,0.116032,0.029512,-0.023542,0.218727,0.034638,-0.003895,-0.025355,0.119110
1777336387.565450,-0.948994,-0.728674,1.866358,0.249912,0.111199,0.010211,-0.022956,0.248975,-0.944738,-0.733813,1.864630,0.256419,0.116353,0.030507,-0.023556,0.220654,0.035488,-0.004622,-0.025429,0.118311
1777336387.598809,-0.944177,-0.727479,1.865049,0.257736,0.112938,0.009925,-0.023683,0.249385,-0.940884,-0.732773,1.863851,0.263525,0.116665,0.031476,-0.023570,0.213179,0.035901,-0.005166,-0.025394,0.117552
1777336387.632125,-0.941463,-0.726791,1.864346,0.265609,0.112136,0.009623,-0.023641,0.249542,-0.937017,-0.731700,1.863072,0.270564,0.116976,0.032445,-0.023584,0.211163,0.036931,-0.005355,-0.025377,0.116395
1777336387.665435,-0.936136,-0.725479,1.863933,0.273565,0.113753,0.009191,-0.023090,0.246468,-0.933105,-0.730586,1.862285,0.277592,0.117288,0.033421,-0.023598,0.210850,0.037215,-0.005447,-0.025437,0.115003
1777336387.698756,-0.933375,-0.724802,1.862566,0.281282,0.112633,0.008805,-0.023804,0.244451,-0.929187,-0.729439,1.861498,0.284540,0.117599,0.034395,-0.023611,0.208441,0.038165,-0.005193,-0.025375,0.113572
1777336387.732099,-0.928025,-0.723518,1.861815,0.289062,0.114053,0.008245,-0.023617,0.240528,-0.925268,-0.728264,1.860713,0.291397,0.117908,0.035365,-0.023625,0.205692,0.038419,-0.004822,-0.025325,0.111974
1777336387.765494,-0.925569,-0.722956,1.861514,0.296472,0.113032,0.007833,-0.023111,0.240901,-0.921312,-0.727048,1.859922,0.298228,0.118218,0.036340,-0.023639,0.204945,0.039522,-0.004087,-0.025379,0.110351
1777336387.798798,-0.920595,-0.721795,1.860191,0.303976,0.114791,0.007243,-0.023829,0.240544,-0.917362,-0.725805,1.859133,0.304957,0.118525,0.037309,-0.023652,0.201859,0.040126,-0.003199,-0.025321,0.108720
1777336387.832135,-0.917821,-0.721140,1.859487,0.311348,0.113958,0.006796,-0.023774,0.239795,-0.913391,-0.724525,1.858343,0.311633,0.118831,0.038279,-0.023666,0.200277,0.041389,-0.002035,-0.025285,0.107022
1777336387.865455,-0.912747,-0.719958,1.859121,0.318583,0.115829,0.006133,-0.023299,0.238866,-0.909409,-0.723214,1.857551,0.318236,0.119137,0.039248,-0.023679,0.198092,0.042095,-0.000743,-0.025339,0.105354
1777336387.898790,-0.909471,-0.719150,1.857653,0.325887,0.114526,0.005604,-0.023967,0.233385,-0.905456,-0.721883,1.856767,0.324705,0.119438,0.040205,-0.023692,0.194086,0.043223,0.000735,-0.025252,0.103626
1777336387.932107,-0.904341,-0.717965,1.856984,0.332758,0.116154,0.004852,-0.023794,0.230514,-0.901463,-0.720510,1.855977,0.331152,0.119740,0.041168,-0.023706,0.193396,0.043798,0.002334,-0.025195,0.101925
1777336387.965422,-0.901450,-0.717279,1.856626,0.339646,0.114915,0.004338,-0.023200,0.226861,-0.897450,-0.719102,1.855184,0.337544,0.120041,0.042131,-0.023719,0.191751,0.045037,0.004147,-0.025232,0.100332
1777336387.998785,-0.895274,-0.715744,1.855060,0.346604,0.115722,0.003443,-0.023692,0.218222,-0.893421,-0.717659,1.854389,0.343873,0.120341,0.043094,-0.023732,0.189877,0.045224,0.005944,-0.025109,0.098736
1777336388.032123,-0.895274,-0.715744,1.855060,0.346604,0.115722,0.003443,-0.023692,0.218222,-0.889437,-0.716204,1.853605,0.350049,0.120637,0.044042,-0.023745,0.185273,0.047579,0.008104,-0.025159,0.100245
1777336388.065427,-0.891956,-0.715009,1.854251,0.353197,0.113291,0.002775,-0.023277,0.210011,-0.885402,-0.714703,1.852812,0.356219,0.120933,0.044998,-0.023758,0.185117,0.050152,0.010456,-0.025201,0.101223
1777336388.098789,-0.887172,-0.713824,1.854052,0.359502,0.114043,0.002048,-0.022431,0.205763,-0.881343,-0.713164,1.852016,0.362341,0.121230,0.045956,-0.023771,0.183666,0.052187,0.012846,-0.025365,0.102010
1777336388.132114,-0.884785,-0.713245,1.852799,0.365843,0.112375,0.001607,-0.023002,0.203444,-0.877302,-0.711605,1.851225,0.368353,0.121523,0.046904,-0.023784,0.180342,0.054988,0.015410,-0.025425,0.102547
1777336388.165464,-0.879718,-0.711939,1.852155,0.372387,0.113870,0.000869,-0.022784,0.201983,-0.873227,-0.710004,1.850429,0.374332,0.121816,0.047856,-0.023797,0.179379,0.057073,0.017952,-0.025514,0.102665
1777336388.198790,-0.876979,-0.711229,1.851832,0.379050,0.112643,0.000421,-0.022196,0.201065,-0.869170,-0.708382,1.849638,0.380205,0.122106,0.048800,-0.023809,0.176197,0.059747,0.020605,-0.025695,0.102431
1777336388.232131,-0.871462,-0.709704,1.850443,0.385860,0.114285,-0.000326,-0.022821,0.198953,-0.865101,-0.706729,1.848846,0.386014,0.122395,0.049742,-0.023822,0.174257,0.061485,0.023149,-0.025743,0.101712
1777336388.265432,-0.868737,-0.708964,1.849787,0.392551,0.113147,-0.000748,-0.022664,0.198897,-0.860993,-0.705032,1.848048,0.391798,0.122685,0.050688,-0.023835,0.173535,0.063873,0.025788,-0.025817,0.100646
1777336388.298794,-0.863566,-0.707455,1.849471,0.399275,0.115182,-0.001406,-0.022126,0.200272,-0.856895,-0.703311,1.847254,0.397489,0.122972,0.051628,-0.023847,0.170732,0.065553,0.028314,-0.025986,0.099302
1777336388.332110,-0.860582,-0.706567,1.848108,0.406084,0.114351,-0.001803,-0.022854,0.200429,-0.852797,-0.701563,1.846460,0.403102,0.123257,0.052564,-0.023860,0.168391,0.067761,0.030879,-0.026029,0.097579
1777336388.365435,-0.855067,-0.704825,1.847392,0.412793,0.116499,-0.002428,-0.022730,0.200089,-0.848673,-0.699777,1.845663,0.408673,0.123542,0.053500,-0.023872,0.167132,0.069070,0.033241,-0.026085,0.095564
1777336388.398781,-0.855067,-0.704825,1.847392,0.412793,0.116499,-0.002428,-0.022730,0.200089,-0.844536,-0.697959,1.844865,0.414185,0.123825,0.054436,-0.023884,0.165358,0.072501,0.035892,-0.026301,0.096354
1777336388.432194,-0.850757,-0.703449,1.846870,0.419660,0.115105,-0.002906,-0.021947,0.193875,-0.840419,-0.696122,1.844073,0.419595,0.124105,0.055362,-0.023897,0.162275,0.075501,0.038447,-0.026560,0.096353
1777336388.465403,-0.844794,-0.701387,1.845335,0.426108,0.115749,-0.003458,-0.022409,0.187318,-0.836276,-0.694247,1.843276,0.424963,0.124385,0.056289,-0.023909,0.161057,0.077212,0.040674,-0.026651,0.095775
1777336388.498803,-0.842668,-0.700686,1.844793,0.432146,0.114047,-0.003685,-0.022154,0.187028,-0.832120,-0.692340,1.842479,0.430274,0.124664,0.057215,-0.023921,0.159320,0.079929,0.043034,-0.026788,0.094934
1777336388.532130,-0.837817,-0.698916,1.844547,0.438375,0.116205,-0.004094,-0.021618,0.190120,-0.827952,-0.690400,1.841680,0.435527,0.124942,0.058139,-0.023933,0.157596,0.081992,0.045166,-0.027031,0.093747
1777336388.565466,-0.835069,-0.697900,1.843244,0.444732,0.115781,-0.004318,-0.022415,0.193161,-0.823766,-0.688426,1.840880,0.440728,0.125218,0.059062,-0.023945,0.156039,0.084656,0.047325,-0.027154,0.092186
1777336388.598791,-0.829315,-0.695625,1.842473,0.451174,0.118400,-0.004695,-0.022365,0.192932,-0.819593,-0.686432,1.840083,0.445842,0.125492,0.059977,-0.023957,0.153426,0.086136,0.049091,-0.027275,0.090259
1777336388.632133,-0.826583,-0.694545,1.842152,0.457214,0.118324,-0.004876,-0.022014,0.197029,-0.815372,-0.684388,1.839279,0.450945,0.125767,0.060899,-0.023969,0.153060,0.088295,0.050904,-0.027486,0.088137
1777336388.665459,-0.820676,-0.692045,1.840695,0.463514,0.121268,-0.005175,-0.022842,0.196512,-0.811168,-0.682326,1.838479,0.455954,0.126039,0.061812,-0.023981,0.150286,0.089220,0.052274,-0.027548,0.085804
1777336388.698814,-0.817199,-0.690559,1.839880,0.469576,0.120794,-0.005325,-0.022808,0.193917,-0.806985,-0.680249,1.837684,0.460870,0.126308,0.062716,-0.023993,0.147487,0.090485,0.053605,-0.027603,0.083288
1777336388.732113,-0.811473,-0.687968,1.839510,0.475312,0.123724,-0.005516,-0.022316,0.192864,-0.802778,-0.678135,1.836887,0.465746,0.126576,0.063620,-0.024004,0.146262,0.090677,0.054493,-0.027741,0.080725
1777336388.765422,-0.808161,-0.686456,1.838037,0.480982,0.123336,-0.005604,-0.023174,0.190610,-0.798546,-0.675982,1.836085,0.470582,0.126844,0.064525,-0.024016,0.145099,0.091396,0.055391,-0.027730,0.078191
1777336388.798776,-0.801699,-0.683346,1.837185,0.486534,0.126032,-0.005707,-0.023015,0.185452,-0.794305,-0.673799,1.835284,0.475362,0.127110,0.065427,-0.024027,0.143384,0.090675,0.055715,-0.027710,0.075719
1777336388.832104,-0.798398,-0.681740,1.836792,0.491740,0.124969,-0.005713,-0.022394,0.180622,-0.790059,-0.671588,1.834482,0.480081,0.127375,0.066326,-0.024039,0.141575,0.090646,0.056103,-0.027775,0.073413
1777336388.865416,-0.792860,-0.678898,1.835394,0.496621,0.127882,-0.005712,-0.023215,0.178739,-0.785803,-0.669346,1.833680,0.484744,0.127639,0.067222,-0.024050,0.139904,0.089803,0.056068,-0.027713,0.071368
1777336388.898785,-0.789798,-0.677316,1.834659,0.501428,0.127635,-0.005681,-0.023243,0.176975,-0.781490,-0.667049,1.832869,0.489405,0.127904,0.068125,-0.024062,0.139822,0.089807,0.056160,-0.027668,0.069557
1777336388.932137,-0.783854,-0.674120,1.834251,0.506102,0.130884,-0.005602,-0.022783,0.174097,-0.777274,-0.664779,1.832077,0.493897,0.128161,0.069002,-0.024073,0.134766,0.088740,0.055753,-0.027709,0.068054
1777336388.965426,-0.780391,-0.672246,1.832747,0.510616,0.130612,-0.005530,-0.023666,0.170170,-0.772987,-0.662446,1.831273,0.498402,0.128420,0.069890,-0.024084,0.135140,0.088267,0.055419,-0.027602,0.066648
1777336388.998772,-0.774277,-0.668802,1.831959,0.514950,0.133868,-0.005371,-0.023620,0.166249,-0.768692,-0.660084,1.830469,0.502852,0.128678,0.070775,-0.024095,0.133505,0.086628,0.054546,-0.027504,0.065580
1777336389.032105,-0.770863,-0.666865,1.831548,0.519181,0.133473,-0.005246,-0.023128,0.162216,-0.764405,-0.657701,1.829667,0.507231,0.128934,0.071652,-0.024106,0.131378,0.085744,0.053822,-0.027494,0.064752
1777336389.065461,-0.764843,-0.663325,1.830087,0.523290,0.136774,-0.005022,-0.023961,0.158835,-0.760089,-0.655278,1.828862,0.511580,0.129189,0.072531,-0.024117,0.130454,0.083773,0.052585,-0.027350,0.064130
1777336389.098799,-0.761540,-0.661368,1.829324,0.527336,0.136545,-0.004867,-0.023963,0.155894,-0.755777,-0.652833,1.828058,0.515863,0.129442,0.073404,-0.024128,0.128507,0.082686,0.051563,-0.027224,0.063731
1777336389.132128,-0.755298,-0.657570,1.828901,0.531384,0.139886,-0.004579,-0.023449,0.152349,-0.751463,-0.650362,1.827255,0.520089,0.129694,0.074273,-0.024139,0.126767,0.080382,0.049991,-0.027185,0.063450
1777336389.165607,-0.752019,-0.655551,1.827468,0.535329,0.139650,-0.004399,-0.024304,0.149889,-0.747095,-0.647836,1.826443,0.524308,0.129946,0.075147,-0.024150,0.126557,0.079021,0.048679,-0.027020,0.063293
1777336389.198812,-0.745709,-0.651588,1.826663,0.539350,0.142990,-0.004066,-0.024241,0.146681,-0.742773,-0.645313,1.825641,0.528424,0.130194,0.076008,-0.024161,0.123491,0.076449,0.046827,-0.026867,0.063244
1777336389.232244,-0.742236,-0.649387,1.826252,0.543332,0.142474,-0.003855,-0.023721,0.143690,-0.738433,-0.642756,1.824837,0.532499,0.130441,0.076866,-0.024171,0.122259,0.074744,0.045232,-0.026806,0.063162
1777336389.265448,-0.736095,-0.645410,1.824807,0.547306,0.145754,-0.003496,-0.024501,0.141370,-0.734075,-0.640164,1.824031,0.536535,0.130688,0.077724,-0.024182,0.121060,0.071948,0.043145,-0.026617,0.063088
1777336389.298781,-0.732700,-0.643194,1.824048,0.551316,0.145247,-0.003278,-0.024435,0.139350,-0.729709,-0.637543,1.823224,0.540522,0.130933,0.078578,-0.024192,0.119619,0.070137,0.041380,-0.026452,0.062985
1777336389.332123,-0.726508,-0.639090,1.823656,0.555354,0.148504,-0.002902,-0.023889,0.137507,-0.725339,-0.634898,1.822418,0.544456,0.131176,0.079427,-0.024203,0.118025,0.067221,0.039133,-0.026384,0.062809
1777336389.365454,-0.716749,-0.632590,1.821871,0.563408,0.152762,-0.002353,-0.024352,0.137812,-0.720942,-0.632212,1.821607,0.548360,0.131418,0.080277,-0.024213,0.117104,0.060906,0.035554,-0.026122,0.060729
1777336389.398796,-0.713409,-0.630268,1.821308,0.567552,0.151932,-0.002106,-0.024031,0.136210,-0.716557,-0.629510,1.820801,0.552198,0.131658,0.081119,-0.024224,0.115167,0.056192,0.032516,-0.025929,0.058814
1777336389.432174,-0.707103,-0.625925,1.819766,0.571651,0.154989,-0.001736,-0.024872,0.134293,-0.712178,-0.626789,1.819996,0.555979,0.131896,0.081955,-0.024234,0.113403,0.050754,0.029156,-0.025599,0.057000
1777336389.465478,-0.704100,-0.623826,1.819055,0.575508,0.154455,-0.001548,-0.024873,0.134201,-0.707738,-0.624007,1.819181,0.559757,0.132136,0.082798,-0.024244,0.113348,0.047053,0.026435,-0.025312,0.055363
1777336389.498761,-0.704100,-0.623826,1.819055,0.575508,0.154455,-0.001548,-0.024873,0.134201,-0.703326,-0.621220,1.818373,0.563459,0.132371,0.083630,-0.024254,0.111079,0.047006,0.025145,-0.025212,0.055673
1777336389.532111,-0.695395,-0.617841,1.816912,0.583040,0.154862,-0.001162,-0.025370,0.131329,-0.698902,-0.618402,1.817563,0.567120,0.132606,0.084459,-0.024264,0.109823,0.043895,0.022715,-0.024846,0.054115
1777336389.565433,-0.695395,-0.617841,1.816912,0.583040,0.154862,-0.001162,-0.025370,0.131329,-0.694475,-0.615560,1.816755,0.570732,0.132839,0.085283,-0.024274,0.108347,0.044382,0.021687,-0.024672,0.054393
1777336389.598795,-0.688141,-0.612738,1.816146,0.586652,0.157647,-0.000820,-0.024955,0.126306,-0.690085,-0.612719,1.815953,0.574264,0.133068,0.086095,-0.024284,0.105962,0.042704,0.019840,-0.024520,0.054554
1777336389.632119,-0.684656,-0.610301,1.815916,0.590123,0.156258,-0.000693,-0.024093,0.122883,-0.685638,-0.609820,1.815143,0.577792,0.133298,0.086913,-0.024294,0.105848,0.041916,0.018366,-0.024498,0.054608
1777336389.665431,-0.678460,-0.605974,1.814630,0.593569,0.158665,-0.000501,-0.024562,0.119797,-0.681176,-0.606888,1.814331,0.581283,0.133528,0.087728,-0.024304,0.104721,0.039982,0.016519,-0.024382,0.054647
1777336389.698793,-0.675517,-0.603895,1.814043,0.596990,0.157474,-0.000411,-0.024326,0.118569,-0.676724,-0.603942,1.813521,0.584716,0.133754,0.088536,-0.024314,0.103001,0.039441,0.015232,-0.024323,0.054633
1777336389.732124,-0.669732,-0.599835,1.813743,0.600503,0.160235,-0.000273,-0.023740,0.117802,-0.672268,-0.600970,1.812712,0.588105,0.133979,0.089339,-0.024323,0.101675,0.038023,0.013685,-0.024375,0.054484
1777336389.765459,-0.666515,-0.597564,1.812490,0.604046,0.159399,-0.000210,-0.024355,0.117217,-0.667777,-0.597953,1.811898,0.591474,0.134204,0.090144,-0.024333,0.101047,0.037734,0.012608,-0.024335,0.054198
1777336389.798816,-0.660534,-0.593357,1.811815,0.607619,0.162238,-0.000122,-0.024206,0.116471,-0.663290,-0.594918,1.811086,0.594791,0.134427,0.090942,-0.024342,0.099514,0.036425,0.011236,-0.024328,0.053795
1777336389.832108,-0.657347,-0.591100,1.811485,0.611159,0.161487,-0.000088,-0.023701,0.116408,-0.658822,-0.591874,1.810278,0.598048,0.134647,0.091732,-0.024352,0.097725,0.036287,0.010346,-0.024422,0.053254
1777336389.865468,-0.651193,-0.586764,1.810176,0.614767,0.164252,-0.000055,-0.024307,0.115353,-0.654310,-0.588779,1.809463,0.601292,0.134868,0.092524,-0.024361,0.097300,0.034971,0.009119,-0.024409,0.052531
1777336389.898779,-0.647608,-0.584224,1.809455,0.618351,0.162841,-0.000054,-0.024081,0.113414,-0.649813,-0.585672,1.808651,0.604479,0.135085,0.093308,-0.024371,0.095623,0.034582,0.008283,-0.024418,0.051702
1777336389.932139,-0.641731,-0.580076,1.809138,0.621814,0.165310,-0.000075,-0.023476,0.112482,-0.645313,-0.582543,1.807840,0.607624,0.135302,0.094087,-0.024380,0.094341,0.033298,0.007216,-0.024530,0.050771
1777336389.965450,-0.638767,-0.577973,1.807923,0.625219,0.164354,-0.000101,-0.024115,0.112792,-0.640762,-0.579357,1.807021,0.610759,0.135518,0.094870,-0.024389,0.094073,0.033398,0.006696,-0.024552,0.049778
1777336389.998806,-0.632874,-0.573810,1.807242,0.628652,0.167044,-0.000173,-0.023999,0.112286,-0.636226,-0.576161,1.806206,0.613841,0.135732,0.095644,-0.024398,0.092443,0.032567,0.005941,-0.024603,0.048748
1777336390.032124,-0.629731,-0.571581,1.806908,0.631959,0.166247,-0.000226,-0.023532,0.112206,-0.631735,-0.572976,1.805400,0.616849,0.135943,0.096405,-0.024407,0.090233,0.032959,0.005672,-0.024750,0.047678
1777336390.065438,-0.623931,-0.567483,1.805646,0.635222,0.169058,-0.000347,-0.024202,0.111818,-0.627196,-0.569737,1.804586,0.619846,0.136153,0.097169,-0.024416,0.089927,0.032401,0.005169,-0.024795,0.046545
1777336390.098793,-0.620496,-0.565044,1.804936,0.638430,0.168157,-0.000430,-0.024115,0.110582,-0.622649,-0.566471,1.803771,0.622807,0.136362,0.097929,-0.024425,0.088826,0.032823,0.005060,-0.024859,0.045442
1777336390.132139,-0.614370,-0.560710,1.804552,0.641550,0.170665,-0.000604,-0.023566,0.108675,-0.618100,-0.563184,1.802957,0.625728,0.136570,0.098684,-0.024434,0.087623,0.032107,0.004661,-0.025007,0.044360
1777336390.165452,-0.611203,-0.558465,1.803268,0.644532,0.169535,-0.000706,-0.024235,0.107377,-0.613510,-0.559847,1.802137,0.628633,0.136777,0.099440,-0.024443,0.087150,0.032621,0.004732,-0.025050,0.043341
1777336390.198785,-0.602949,-0.552582,1.802255,0.650347,0.169476,-0.000961,-0.023534,0.105558,-0.608972,-0.556528,1.801327,0.631464,0.136980,0.100182,-0.024452,0.084947,0.030476,0.004003,-0.025051,0.041109
1777336390.232178,-0.602949,-0.552582,1.802255,0.650347,0.169476,-0.000961,-0.023534,0.105558,-0.604404,-0.553167,1.800513,0.634275,0.137183,0.100923,-0.024460,0.084312,0.032139,0.004555,-0.025220,0.040394
1777336390.265488,-0.596465,-0.548021,1.800955,0.653156,0.171835,-0.001259,-0.024035,0.102524,-0.599818,-0.549774,1.799696,0.637056,0.137385,0.101662,-0.024469,0.083443,0.032275,0.004719,-0.025277,0.039734
1777336390.298816,-0.592632,-0.545277,1.800153,0.655847,0.170152,-0.001397,-0.023866,0.099132,-0.595207,-0.546342,1.798876,0.639813,0.137586,0.102399,-0.024477,0.082704,0.033083,0.005141,-0.025334,0.039147
1777336390.332125,-0.587152,-0.541393,1.799851,0.658284,0.172475,-0.001656,-0.023360,0.097455,-0.590635,-0.542920,1.798063,0.642508,0.137784,0.103124,-0.024486,0.080857,0.033269,0.005442,-0.025495,0.038730
1777336390.365462,-0.582271,-0.537869,1.798104,0.663231,0.168240,-0.001812,-0.023711,0.095732,-0.586020,-0.539447,1.797244,0.645190,0.137981,0.103850,-0.024494,0.080442,0.033363,0.005730,-0.025454,0.037256
1777336390.398786,-0.577194,-0.534271,1.797619,0.665644,0.169597,-0.002089,-0.023357,0.093694,-0.581406,-0.535955,1.796426,0.647833,0.138177,0.104571,-0.024502,0.079304,0.033304,0.006035,-0.025485,0.036073
1777336390.432102,-0.577194,-0.534271,1.797619,0.665644,0.169597,-0.002089,-0.023357,0.093694,-0.576681,-0.532360,1.795589,0.650501,0.138375,0.105303,-0.024511,0.080025,0.036858,0.007492,-0.025682,0.036189
1777336390.465412,-0.570122,-0.529225,1.796249,0.668056,0.173096,-0.002468,-0.024001,0.091134,-0.572209,-0.528939,1.794797,0.652990,0.138561,0.105990,-0.024519,0.074677,0.038276,0.008369,-0.025756,0.036379
1777336390.498775,-0.565999,-0.526237,1.795394,0.670356,0.171934,-0.002633,-0.023919,0.088039,-0.567580,-0.525379,1.793979,0.655530,0.138752,0.106696,-0.024527,0.076214,0.039868,0.009319,-0.025813,0.036404
1777336390.532112,-0.559109,-0.521239,1.794919,0.672612,0.173426,-0.002947,-0.023158,0.084246,-0.562955,-0.521804,1.793162,0.658032,0.138941,0.107396,-0.024535,0.075056,0.039664,0.009753,-0.025936,0.036542
1777336390.565447,-0.556374,-0.519274,1.793592,0.674774,0.171356,-0.003069,-0.023841,0.082490,-0.558300,-0.518187,1.792341,0.660515,0.139130,0.108094,-0.024543,0.074473,0.041096,0.010721,-0.025947,0.036713
1777336390.598791,-0.550706,-0.515130,1.792897,0.677058,0.173262,-0.003328,-0.023682,0.081072,-0.553669,-0.514571,1.791525,0.662949,0.139315,0.108783,-0.024551,0.073020,0.041694,0.011457,-0.025983,0.036862
1777336390.632101,-0.547720,-0.512944,1.792560,0.679351,0.171686,-0.003439,-0.023161,0.080204,-0.549019,-0.510923,1.790707,0.665357,0.139500,0.109469,-0.024559,0.072264,0.043611,0.012607,-0.026116,0.036938
1777336390.665413,-0.541716,-0.508492,1.791140,0.681725,0.173647,-0.003686,-0.023850,0.078805,-0.544354,-0.507244,1.789886,0.667740,0.139683,0.110151,-0.024566,0.071465,0.044336,0.013395,-0.026116,0.036921
1777336390.698801,-0.538909,-0.506415,1.790487,0.684034,0.172281,-0.003783,-0.023787,0.078849,-0.539688,-0.503547,1.789066,0.670088,0.139865,0.110828,-0.024574,0.070449,0.046522,0.014634,-0.026151,0.036843
1777336390.732113,-0.533204,-0.502131,1.790115,0.686446,0.174611,-0.004004,-0.023288,0.078608,-0.535036,-0.499843,1.788250,0.672395,0.140044,0.111497,-0.024582,0.069230,0.047685,0.015551,-0.026275,0.036642
1777336390.765458,-0.529877,-0.499624,1.788706,0.688875,0.173156,-0.004095,-0.024035,0.077974,-0.530340,-0.496086,1.787426,0.674691,0.140223,0.112167,-0.024589,0.068870,0.049815,0.016751,-0.026270,0.036305
1777336390.798796,-0.524187,-0.495288,1.787992,0.691271,0.175474,-0.004292,-0.023946,0.077760,-0.525690,-0.492349,1.786611,0.676931,0.140399,0.112824,-0.024597,0.067208,0.050936,0.017623,-0.026287,0.035891
1777336390.832194,-0.520795,-0.492693,1.787585,0.693709,0.173843,-0.004361,-0.023396,0.076950,-0.520925,-0.488502,1.785777,0.679194,0.140577,0.113492,-0.024604,0.067870,0.052965,0.018751,-0.026387,0.035325
1777336390.865436,-0.514539,-0.487841,1.786092,0.696135,0.175623,-0.004526,-0.024058,0.075464,-0.516266,-0.484724,1.784963,0.681373,0.140749,0.114139,-0.024612,0.065381,0.053588,0.019409,-0.026345,0.034719
1777336390.898778,-0.511072,-0.485143,1.785309,0.698523,0.172755,-0.004552,-0.023749,0.073542,-0.511620,-0.480940,1.784151,0.683515,0.140920,0.114778,-0.024619,0.064264,0.055152,0.020321,-0.026313,0.033959
1777336390.932106,-0.505258,-0.480553,1.784983,0.700822,0.174139,-0.004661,-0.022996,0.072216,-0.506917,-0.477093,1.783330,0.685652,0.141090,0.115419,-0.024626,0.064101,0.055617,0.020834,-0.026383,0.033136
1777336390.965446,-0.502894,-0.478683,1.783735,0.702989,0.172574,-0.004673,-0.023744,0.073000,-0.502188,-0.473208,1.782506,0.687769,0.141260,0.116058,-0.024633,0.063505,0.057952,0.021895,-0.026361,0.032350
1777336390.998785,-0.497255,-0.474151,1.782998,0.705230,0.174910,-0.004759,-0.023672,0.072728,-0.497492,-0.469333,1.781688,0.689840,0.141427,0.116686,-0.024640,0.062140,0.059230,0.022564,-0.026360,0.031541
1777336391.032175,-0.494094,-0.471602,1.782613,0.707367,0.173561,-0.004760,-0.023188,0.072110,-0.492760,-0.465413,1.780864,0.691897,0.141593,0.117314,-0.024647,0.061694,0.061586,0.023529,-0.026447,0.030717
1777336391.065418,-0.488347,-0.466899,1.781219,0.709430,0.176056,-0.004811,-0.023930,0.071337,-0.488035,-0.461481,1.780042,0.693920,0.141757,0.117934,-0.024654,0.060694,0.062748,0.024052,-0.026412,0.029937
1777336391.098789,-0.484751,-0.463949,1.780404,0.711473,0.174177,-0.004783,-0.023778,0.069528,-0.483298,-0.457524,1.779219,0.695918,0.141920,0.118551,-0.024661,0.059938,0.064664,0.024769,-0.026381,0.029171
1777336391.132080,-0.479363,-0.459450,1.780089,0.713349,0.176677,-0.004784,-0.023255,0.068963,-0.478574,-0.453563,1.778399,0.697880,0.142081,0.119159,-0.024668,0.058879,0.065707,0.025137,-0.026457,0.028491
1777336391.165416,-0.475979,-0.456621,1.778652,0.715267,0.175171,-0.004738,-0.023991,0.067581,-0.473832,-0.449570,1.777576,0.699821,0.142240,0.119764,-0.024675,0.058229,0.067667,0.025756,-0.026402,0.027838
1777336391.198789,-0.470303,-0.451796,1.777946,0.717073,0.177737,-0.004698,-0.023877,0.066564,-0.469076,-0.445550,1.776752,0.701739,0.142398,0.120364,-0.024681,0.057519,0.068471,0.025928,-0.026374,0.027264
1777336391.232106,-0.467289,-0.449223,1.777597,0.718832,0.176699,-0.004632,-0.023417,0.065902,-0.464331,-0.441524,1.775930,0.703623,0.142555,0.120958,-0.024688,0.056523,0.070534,0.026469,-0.026447,0.026764
1777336391.265423,-0.461044,-0.443828,1.776128,0.720613,0.179235,-0.004545,-0.024113,0.064222,-0.459572,-0.437471,1.775107,0.705484,0.142709,0.121547,-0.024694,0.055836,0.070904,0.026381,-0.026381,0.026294
1777336391.298803,-0.458099,-0.441263,1.775450,0.722264,0.178048,-0.004453,-0.024045,0.063382,-0.454808,-0.433398,1.774283,0.707319,0.142863,0.122130,-0.024701,0.055054,0.072641,0.026703,-0.026350,0.025907
1777336391.332112,-0.452351,-0.436195,1.775078,0.723931,0.180899,-0.004326,-0.023533,0.062459,-0.450047,-0.429313,1.773460,0.709125,0.143014,0.122707,-0.024707,0.054167,0.073113,0.026533,-0.026414,0.025568
1777336391.365416,-0.448804,-0.433065,1.773623,0.725596,0.179480,-0.004205,-0.024258,0.060909,-0.445256,-0.425187,1.772633,0.710914,0.143165,0.123282,-0.024714,0.053687,0.074413,0.026602,-0.026345,0.025252
1777336391.398780,-0.443262,-0.428085,1.772952,0.727165,0.182399,-0.004040,-0.024165,0.060238,-0.440477,-0.421058,1.771809,0.712671,0.143313,0.123849,-0.024720,0.052716,0.074668,0.026248,-0.026312,0.025006
1777336391.432104,-0.439778,-0.424958,1.772540,0.728788,0.181157,-0.003899,-0.023631,0.058998,-0.435715,-0.416928,1.770988,0.714395,0.143459,0.124408,-0.024726,0.051725,0.075833,0.026167,-0.026366,0.024762
1777336391.465429,-0.433675,-0.419403,1.771114,0.730373,0.183869,-0.003688,-0.024315,0.057688,-0.430903,-0.412740,1.770159,0.716111,0.143605,0.124967,-0.024732,0.051465,0.075433,0.025486,-0.026293,0.024520
1777336391.498784,-0.430873,-0.416824,1.770471,0.731884,0.182987,-0.003545,-0.024283,0.057569,-0.426136,-0.408578,1.769339,0.717784,0.143748,0.125514,-0.024738,0.050182,0.076636,0.025320,-0.026262,0.024335
1777336391.532224,-0.424513,-0.410966,1.770026,0.733500,0.185818,-0.003303,-0.023694,0.056319,-0.421275,-0.404319,1.768503,0.719462,0.143892,0.126066,-0.024744,0.050362,0.076015,0.024469,-0.026312,0.024095
1777336391.565456,-0.421674,-0.408314,1.768741,0.734992,0.184988,-0.003148,-0.024469,0.056272,-0.416524,-0.400143,1.767687,0.721078,0.144031,0.126600,-0.024750,0.048455,0.077029,0.024154,-0.026266,0.023916
1777336391.598800,-0.415113,-0.402196,1.767895,0.736600,0.187770,-0.002877,-0.024318,0.054915,-0.411727,-0.395913,1.766863,0.722682,0.144170,0.127133,-0.024756,0.048143,0.076023,0.023088,-0.026217,0.023639
1777336391.632130,-0.412073,-0.399325,1.767546,0.738096,0.186511,-0.002702,-0.023814,0.054361,-0.406902,-0.391645,1.766035,0.724271,0.144307,0.127662,-0.024762,0.047662,0.076479,0.022506,-0.026270,0.023376
1777336391.665454,-0.406204,-0.393763,1.766178,0.739621,0.189560,-0.002431,-0.024530,0.053852,-0.402086,-0.387371,1.765209,0.725831,0.144443,0.128184,-0.024767,0.046805,0.075641,0.021424,-0.026208,0.023100
1777336391.698772,-0.402852,-0.390577,1.765434,0.741142,0.188454,-0.002252,-0.024461,0.053252,-0.397252,-0.383067,1.764381,0.727372,0.144578,0.128702,-0.024773,0.046233,0.075979,0.020739,-0.026167,0.022789
1777336391.732138,-0.396277,-0.384302,1.764988,0.742678,0.191128,-0.001947,-0.023803,0.051947,-0.392436,-0.378767,1.763556,0.728882,0.144710,0.129212,-0.024779,0.045305,0.074408,0.019344,-0.026209,0.022441
1777336391.765435,-0.392646,-0.380822,1.763483,0.744174,0.188685,-0.001748,-0.024432,0.050442,-0.387606,-0.374442,1.762730,0.730372,0.144841,0.129718,-0.024784,0.044693,0.073900,0.018307,-0.026108,0.022055
1777336391.798801,-0.386437,-0.374824,1.762771,0.745629,0.190817,-0.001441,-0.024109,0.049206,-0.382763,-0.370091,1.761902,0.731842,0.144970,0.130218,-0.024790,0.044087,0.071940,0.016714,-0.026038,0.021653
1777336391.832205,-0.383200,-0.371682,1.762428,0.747071,0.188289,-0.001256,-0.023382,0.048080,-0.377963,-0.365767,1.761082,0.733274,0.145097,0.130708,-0.024795,0.042972,0.071505,0.015645,-0.026074,0.021236
1777336391.865445,-0.377138,-0.365787,1.761031,0.748484,0.190536,-0.000967,-0.023985,0.047129,-0.373093,-0.361368,1.760250,0.734703,0.145224,0.131198,-0.024800,0.042875,0.069728,0.014068,-0.025990,0.020787
1777336391.898795,-0.373667,-0.362407,1.760279,0.749893,0.187792,-0.000790,-0.023679,0.045858,-0.368247,-0.356978,1.759423,0.736101,0.145348,0.131680,-0.024805,0.041940,0.069291,0.012956,-0.025930,0.020341
1777336391.932127,-0.368187,-0.357039,1.760020,0.751204,0.190458,-0.000534,-0.023076,0.045636,-0.363426,-0.352598,1.758601,0.737469,0.145470,0.132153,-0.024811,0.041025,0.068093,0.011551,-0.025991,0.019904
1777336391.965429,-0.364898,-0.353821,1.758651,0.752549,0.188880,-0.000384,-0.023769,0.045068,-0.358567,-0.348171,1.757772,0.738824,0.145591,0.132624,-0.024816,0.040653,0.068273,0.010638,-0.025937,0.019445
1777336391.998754,-0.359044,-0.348096,1.757972,0.753831,0.191951,-0.000153,-0.023655,0.044721,-0.353724,-0.343749,1.756948,0.740151,0.145710,0.133087,-0.024821,0.039816,0.067278,0.009310,-0.025919,0.019011
1777336392.032119,-0.356047,-0.345150,1.757654,0.755070,0.191243,-0.000027,-0.023238,0.044857,-0.348860,-0.339294,1.756120,0.741461,0.145828,0.133546,-0.024826,0.039303,0.067910,0.008573,-0.026006,0.018591
1777336392.065424,-0.349990,-0.339232,1.756315,0.756321,0.194781,0.000176,-0.023977,0.044569,-0.343965,-0.334800,1.755287,0.742757,0.145945,0.134001,-0.024830,0.038866,0.067109,0.007353,-0.025984,0.018180
1777336392.098758,-0.346649,-0.335954,1.755605,0.757517,0.194278,0.000289,-0.023992,0.044352,-0.339109,-0.330329,1.754461,0.744019,0.146060,0.134446,-0.024835,0.037879,0.067634,0.006630,-0.025988,0.017801
1777336392.132100,-0.340157,-0.329610,1.755169,0.758716,0.197738,0.000472,-0.023492,0.043536,-0.334254,-0.325849,1.753636,0.745259,0.146172,0.134885,-0.024840,0.037198,0.066333,0.005301,-0.026073,0.017414
1777336392.165424,-0.336540,-0.326065,1.753766,0.759860,0.196580,0.000570,-0.024228,0.042639,-0.329367,-0.321328,1.752806,0.746485,0.146284,0.135320,-0.024845,0.036775,0.066155,0.004403,-0.026033,0.017045
1777336392.198799,-0.330111,-0.319781,1.753016,0.760981,0.199663,0.000722,-0.024080,0.041659,-0.324474,-0.316791,1.751975,0.747690,0.146394,0.135750,-0.024849,0.036152,0.064360,0.002979,-0.026013,0.016705
1777336392.232113,-0.326617,-0.316356,1.752638,0.762070,0.198111,0.000798,-0.023517,0.040722,-0.319612,-0.312272,1.751151,0.748866,0.146502,0.136171,-0.024854,0.035269,0.063933,0.002072,-0.026088,0.016386
1777336392.265412,-0.320689,-0.310563,1.751325,0.763117,0.201325,0.000910,-0.024227,0.040201,-0.314723,-0.307718,1.750322,0.750026,0.146608,0.136587,-0.024858,0.034812,0.062382,0.000820,-0.026057,0.016084
1777336392.298799,-0.317012,-0.306967,1.750561,0.764181,0.199940,0.000966,-0.024130,0.039307,-0.309811,-0.303131,1.749489,0.751170,0.146714,0.136999,-0.024863,0.034326,0.062007,0.000019,-0.026042,0.015795
1777336392.332112,-0.310373,-0.300500,1.750153,0.765215,0.202738,0.001046,-0.023506,0.038217,-0.304943,-0.298575,1.748665,0.752283,0.146817,0.137401,-0.024867,0.033384,0.059920,-0.001321,-0.026115,0.015522
1777336392.365441,-0.306374,-0.296597,1.748617,0.766241,0.199837,0.001079,-0.024107,0.036761,-0.299998,-0.293937,1.747828,0.753392,0.146919,0.137803,-0.024871,0.033262,0.058822,-0.002281,-0.026038,0.015236
1777336392.398817,-0.306374,-0.296597,1.748617,0.766241,0.199837,0.001079,-0.024107,0.036761,-0.295133,-0.289364,1.747004,0.754462,0.147018,0.138192,-0.024875,0.032097,0.062302,-0.001619,-0.026137,0.015429
1777336392.432159,-0.299989,-0.290392,1.747758,0.767229,0.200581,0.001113,-0.023802,0.035314,-0.290236,-0.284751,1.746176,0.755518,0.147117,0.138578,-0.024880,0.031686,0.063687,-0.001631,-0.026223,0.015526
1777336392.465448,-0.296666,-0.287162,1.747512,0.768179,0.197939,0.001116,-0.022993,0.034333,-0.285315,-0.280106,1.745344,0.756559,0.147214,0.138958,-0.024884,0.031213,0.066178,-0.001234,-0.026424,0.015576
1777336392.498768,-0.290421,-0.281122,1.746181,0.769134,0.200200,0.001109,-0.023551,0.033554,-0.280424,-0.275480,1.744518,0.757572,0.147308,0.139330,-0.024888,0.030403,0.066936,-0.001376,-0.026509,0.015574
1777336392.532121,-0.286926,-0.277737,1.745470,0.770123,0.197576,0.001092,-0.023268,0.032775,-0.275510,-0.270822,1.743688,0.758570,0.147402,0.139698,-0.024892,0.029938,0.068752,-0.001131,-0.026613,0.015488
1777336392.565479,-0.280778,-0.271798,1.745168,0.771104,0.200119,0.001061,-0.022596,0.032399,-0.270592,-0.266152,1.742858,0.759548,0.147494,0.140059,-0.024895,0.029348,0.069036,-0.001358,-0.026819,0.015337
1777336392.598811,-0.277774,-0.268894,1.743878,0.772088,0.198712,0.001035,-0.023332,0.032558,-0.265659,-0.261459,1.742026,0.760509,0.147584,0.140415,-0.024899,0.028826,0.070931,-0.001013,-0.026917,0.015121
1777336392.632120,-0.271513,-0.262840,1.743159,0.773102,0.201992,0.000991,-0.023248,0.032566,-0.260746,-0.256776,1.741197,0.761446,0.147673,0.140763,-0.024903,0.028113,0.071180,-0.001179,-0.027032,0.014829
1777336392.665492,-0.267933,-0.259374,1.742772,0.774103,0.200810,0.000956,-0.022767,0.032455,-0.255802,-0.252055,1.740364,0.762369,0.147760,0.141106,-0.024906,0.027683,0.072499,-0.000958,-0.027230,0.014465
1777336392.698806,-0.260936,-0.252601,1.741267,0.775107,0.203809,0.000891,-0.023476,0.031882,-0.250863,-0.247330,1.739532,0.763271,0.147845,0.141443,-0.024910,0.027061,0.071592,-0.001442,-0.027276,0.014040
1777336392.732132,-0.257366,-0.249145,1.740527,0.776064,0.201903,0.000845,-0.023334,0.031436,-0.245963,-0.242634,1.738707,0.764146,0.147928,0.141771,-0.024914,0.026262,0.071983,-0.001469,-0.027338,0.013572
1777336392.765481,-0.250942,-0.242929,1.740177,0.776996,0.204963,0.000767,-0.022745,0.031133,-0.240990,-0.237860,1.737870,0.765015,0.148011,0.142097,-0.024917,0.026057,0.070793,-0.001984,-0.027493,0.013062
1777336392.798805,-0.247540,-0.239635,1.738781,0.777898,0.203612,0.000716,-0.023551,0.030936,-0.236067,-0.233125,1.737041,0.765855,0.148091,0.142413,-0.024920,0.025218,0.071138,-0.001967,-0.027523,0.012548
1777336392.832111,-0.241352,-0.233648,1.738074,0.778763,0.207205,0.000628,-0.023531,0.030885,-0.231138,-0.228377,1.736212,0.766678,0.148170,0.142723,-0.024924,0.024667,0.070147,-0.002353,-0.027575,0.012016
1777336392.865555,-0.237519,-0.229931,1.737652,0.779616,0.206177,0.000569,-0.023077,0.030442,-0.226159,-0.223574,1.735375,0.767489,0.148247,0.143030,-0.024927,0.024334,0.070216,-0.002367,-0.027706,0.011478
1777336392.898787,-0.230566,-0.223200,1.736146,0.780423,0.209531,0.000455,-0.023870,0.029720,-0.221262,-0.218842,1.734552,0.768268,0.148322,0.143325,-0.024930,0.023368,0.068341,-0.002981,-0.027691,0.010958
1777336392.932114,-0.226828,-0.219582,1.735370,0.781176,0.207946,0.000387,-0.023800,0.028980,-0.216332,-0.214071,1.733723,0.769033,0.148395,0.143616,-0.024933,0.022961,0.067742,-0.003153,-0.027685,0.010444
1777336392.965459,-0.220207,-0.213183,1.734989,0.781887,0.211211,0.000256,-0.023257,0.028273,-0.211367,-0.209258,1.732889,0.769785,0.148468,0.143903,-0.024936,0.022557,0.065586,-0.003792,-0.027771,0.009967
1777336392.998806,-0.216633,-0.209730,1.733547,0.782558,0.209891,0.000183,-0.024101,0.027600,-0.206422,-0.204458,1.732059,0.770515,0.148538,0.144181,-0.024939,0.021900,0.064982,-0.003901,-0.027726,0.009534
1777336393.032109,-0.207398,-0.200779,1.732440,0.783812,0.210337,0.000011,-0.023509,0.026816,-0.201473,-0.199648,1.731229,0.771227,0.148607,0.144454,-0.024942,0.021359,0.060462,-0.005258,-0.027627,0.008857
1777336393.065411,-0.200417,-0.194080,1.730967,0.784361,0.215058,-0.000182,-0.024444,0.026113,-0.196507,-0.194814,1.730395,0.771923,0.148674,0.144720,-0.024945,0.020873,0.054761,-0.006934,-0.027402,0.008287
1777336393.098795,-0.196150,-0.189967,1.730133,0.784919,0.214190,-0.000283,-0.024446,0.025170,-0.191552,-0.189983,1.729564,0.772599,0.148740,0.144980,-0.024947,0.020275,0.050595,-0.008084,-0.027191,0.007801
1777336393.132117,-0.189048,-0.183136,1.729704,0.785431,0.217732,-0.000472,-0.023921,0.024180,-0.186599,-0.185150,1.728734,0.773256,0.148803,0.145233,-0.024950,0.019711,0.045111,-0.009606,-0.027076,0.007395
1777336393.165421,-0.185094,-0.179333,1.728203,0.785898,0.216102,-0.000569,-0.024757,0.023127,-0.181597,-0.180261,1.727895,0.773901,0.148866,0.145482,-0.024953,0.019353,0.041448,-0.010515,-0.026832,0.007068
1777336393.198808,-0.178387,-0.172922,1.727453,0.786322,0.219265,-0.000784,-0.024704,0.022136,-0.176652,-0.175422,1.727067,0.774520,0.148926,0.145721,-0.024955,0.018589,0.036855,-0.011660,-0.026621,0.006829
1777336393.232124,-0.174507,-0.169210,1.727043,0.786726,0.217436,-0.000893,-0.024178,0.021100,-0.171706,-0.170578,1.726238,0.775122,0.148985,0.145954,-0.024958,0.018047,0.034048,-0.012205,-0.026511,0.006649
1777336393.265412,-0.167922,-0.162970,1.725629,0.787098,0.220429,-0.001146,-0.024984,0.020168,-0.166711,-0.165678,1.725402,0.775711,0.149043,0.146183,-0.024960,0.017686,0.030296,-0.012979,-0.026289,0.006532
1777336393.298790,-0.165113,-0.160332,1.725024,0.787433,0.219874,-0.001265,-0.025089,0.019733,-0.161756,-0.160812,1.724572,0.776278,0.149098,0.146403,-0.024962,0.017006,0.029262,-0.012848,-0.026128,0.006485
1777336393.332127,-0.158173,-0.153789,1.724554,0.787815,0.223364,-0.001561,-0.024712,0.018973,-0.156796,-0.155937,1.723742,0.776828,0.149152,0.146617,-0.024965,0.016486,0.026705,-0.013120,-0.026053,0.006455
1777336393.365429,-0.154048,-0.149902,1.723090,0.788174,0.221891,-0.001715,-0.025505,0.018144,-0.151826,-0.151046,1.722910,0.777361,0.149204,0.146825,-0.024967,0.015990,0.025450,-0.012944,-0.025852,0.006447
1777336393.398775,-0.146975,-0.143301,1.722293,0.788532,0.224500,-0.002063,-0.025394,0.017336,-0.146845,-0.146140,1.722077,0.777877,0.149255,0.147026,-0.024969,0.015489,0.022659,-0.013158,-0.025672,0.006450
1777336393.432108,-0.143126,-0.139716,1.721887,0.788894,0.221991,-0.002224,-0.024786,0.016611,-0.141827,-0.141191,1.721238,0.778379,0.149304,0.147223,-0.024971,0.015069,0.021528,-0.012819,-0.025593,0.006451
1777336393.465431,-0.136376,-0.133473,1.720474,0.789261,0.224041,-0.002590,-0.025448,0.015983,-0.136867,-0.136296,1.720408,0.778858,0.149351,0.147410,-0.024973,0.014366,0.019240,-0.012752,-0.025401,0.006443
1777336393.498785,-0.132170,-0.129568,1.719656,0.789649,0.220107,-0.002752,-0.025091,0.015260,-0.131905,-0.131394,1.719579,0.779320,0.149397,0.147591,-0.024975,0.013847,0.018238,-0.012269,-0.025226,0.006398
1777336393.532143,-0.132170,-0.129568,1.719656,0.789649,0.220107,-0.002752,-0.025091,0.015260,-0.126928,-0.126473,1.718747,0.779765,0.149441,0.147766,-0.024977,0.013368,0.022080,-0.010318,-0.025233,0.006497
1777336393.565458,-0.126147,-0.124084,1.719321,0.790024,0.220252,-0.003125,-0.024324,0.014696,-0.121918,-0.121515,1.717910,0.780196,0.149483,0.147936,-0.024978,0.012931,0.024656,-0.008672,-0.025343,0.006539
1777336393.598813,-0.122285,-0.120513,1.717932,0.790414,0.216907,-0.003275,-0.024844,0.014206,-0.116954,-0.116598,1.717081,0.780606,0.149524,0.148097,-0.024980,0.012292,0.028098,-0.006763,-0.025334,0.006523
1777336393.632124,-0.115856,-0.114637,1.717273,0.790802,0.218372,-0.003661,-0.024549,0.013857,-0.111991,-0.111679,1.716252,0.780999,0.149562,0.148252,-0.024982,0.011775,0.029946,-0.005284,-0.025361,0.006440
1777336393.665435,-0.111839,-0.110948,1.716864,0.791218,0.213977,-0.003814,-0.023658,0.013386,-0.106954,-0.106682,1.715410,0.781380,0.149600,0.148403,-0.024983,0.011426,0.032617,-0.003565,-0.025475,0.006283
1777336393.698825,-0.105576,-0.105230,1.715534,0.791619,0.215096,-0.004181,-0.024173,0.013135,-0.101982,-0.101746,1.714580,0.781738,0.149636,0.148544,-0.024985,0.010763,0.034051,-0.002183,-0.025482,0.006072
1777336393.732095,-0.102289,-0.102231,1.714871,0.792028,0.211685,-0.004311,-0.023875,0.012936,-0.097016,-0.096813,1.713751,0.782080,0.149669,0.148679,-0.024986,0.010237,0.037050,-0.000351,-0.025524,0.005792
1777336393.765418,-0.096256,-0.096686,1.714585,0.792418,0.213599,-0.004641,-0.023234,0.012853,-0.092014,-0.091841,1.712916,0.782406,0.149702,0.148809,-0.024988,0.009800,0.038864,0.001128,-0.025676,0.005459
1777336393.798746,-0.092896,-0.093596,1.713270,0.792797,0.211243,-0.004766,-0.023885,0.012724,-0.087033,-0.086886,1.712085,0.782715,0.149733,0.148931,-0.024989,0.009247,0.042112,0.003008,-0.025721,0.005085
1777336393.832075,-0.086844,-0.087984,1.712615,0.793145,0.213797,-0.005064,-0.023766,0.012625,-0.082055,-0.081932,1.711254,0.783006,0.149761,0.149047,-0.024990,0.008733,0.044076,0.004487,-0.025799,0.004679
1777336393.865407,-0.083272,-0.084668,1.712247,0.793474,0.212006,-0.005176,-0.023258,0.012399,-0.077063,-0.076961,1.710422,0.783281,0.149789,0.149156,-0.024991,0.008249,0.047187,0.006274,-0.025968,0.004250
1777336393.898806,-0.076748,-0.078550,1.710879,0.793771,0.214604,-0.005437,-0.023931,0.012063,-0.072036,-0.071953,1.709583,0.783540,0.149815,0.149259,-0.024992,0.007793,0.048552,0.007504,-0.026016,0.003811
1777336393.932123,-0.073300,-0.075323,1.710184,0.794035,0.212876,-0.005518,-0.023851,0.011718,-0.067064,-0.066997,1.708754,0.783780,0.149839,0.149355,-0.024993,0.007203,0.051276,0.009104,-0.026091,0.003374
1777336393.965420,-0.066120,-0.068511,1.709736,0.794281,0.214942,-0.005720,-0.023169,0.011168,-0.062009,-0.061956,1.707910,0.784007,0.149861,0.149445,-0.024994,0.006809,0.051638,0.009940,-0.026239,0.002935
1777336393.998742,-0.062672,-0.065246,1.708345,0.794481,0.212251,-0.005746,-0.023843,0.010624,-0.057064,-0.057023,1.707086,0.784213,0.149882,0.149527,-0.024995,0.006159,0.053520,0.011188,-0.026265,0.002516
1777336394.032107,-0.056157,-0.058997,1.707629,0.794654,0.214316,-0.005876,-0.023621,0.010049,-0.052072,-0.052041,1.706253,0.784403,0.149901,0.149603,-0.024996,0.005717,0.053712,0.011857,-0.026311,0.002109
1777336394.065435,-0.053311,-0.056269,1.707355,0.794783,0.212685,-0.005879,-0.023162,0.009535,-0.047067,-0.047044,1.705419,0.784578,0.149918,0.149672,-0.024997,0.005227,0.055907,0.013084,-0.026469,0.001733
1777336394.098788,-0.047484,-0.050615,1.706087,0.794892,0.215916,-0.005973,-0.023925,0.009000,-0.042074,-0.042057,1.704586,0.784735,0.149934,0.149735,-0.024997,0.004711,0.056982,0.013902,-0.026527,0.001386
1777336394.132149,-0.043402,-0.046656,1.705263,0.794979,0.214399,-0.005957,-0.023897,0.008358,-0.037074,-0.037063,1.703753,0.784875,0.149948,0.149791,-0.024998,0.004214,0.058730,0.014875,-0.026582,0.001063
1777336394.165438,-0.036423,-0.039812,1.704817,0.795034,0.216898,-0.005980,-0.023297,0.007668,-0.032057,-0.032050,1.702917,0.784999,0.149960,0.149841,-0.024998,0.003725,0.058300,0.015098,-0.026713,0.000771
1777336394.198776,-0.036423,-0.039812,1.704817,0.795034,0.216898,-0.005980,-0.023297,0.007668,-0.027084,-0.027080,1.702088,0.785106,0.149971,0.149883,-0.024999,0.003193,0.062547,0.016748,-0.027007,0.000524
1777336394.232173,-0.031397,-0.034879,1.703279,0.795064,0.213424,-0.005879,-0.023735,0.006965,-0.022086,-0.022084,1.701254,0.785196,0.149980,0.149919,-0.024999,0.002710,0.066014,0.018095,-0.027134,0.000290
1777336394.265444,-0.024356,-0.027893,1.702437,0.795069,0.213047,-0.005774,-0.023241,0.006277,-0.017074,-0.017073,1.700419,0.785270,0.149987,0.149949,-0.024999,0.002214,0.066923,0.018551,-0.027251,0.000074
1777336394.298781,-0.022207,-0.025732,1.702233,0.795048,0.209696,-0.005648,-0.022624,0.005580,-0.012053,-0.012053,1.699582,0.785327,0.149993,0.149971,-0.025000,0.001714,0.070293,0.019718,-0.027490,-0.000125
1777336394.332234,-0.016198,-0.019680,1.700835,0.795022,0.211735,-0.005542,-0.023321,0.004942,-0.006975,-0.006975,1.698736,0.785368,0.149997,0.149988,-0.025000,0.001220,0.072046,0.020277,-0.027597,-0.000314
1777336394.365417,-0.012171,-0.015639,1.699975,0.794982,0.207916,-0.005374,-0.023035,0.004358,-0.002041,-0.002041,1.697914,0.785391,0.149999,0.149997,-0.025000,0.000692,0.074413,0.020968,-0.027694,-0.000495
1777336394.398797,-0.005986,-0.009311,1.699663,0.794924,0.209833,-0.005184,-0.022327,0.003760,0.002947,0.002947,1.697082,0.785397,0.150000,0.150000,-0.025000,0.000204,0.075019,0.020982,-0.027889,-0.000673
1777336394.432253,-0.002582,-0.005829,1.698172,0.794858,0.206842,-0.005003,-0.023069,0.003207,0.007916,0.007916,1.696254,0.785388,0.149999,0.149996,-0.025000,-0.000291,0.076884,0.021337,-0.027935,-0.000849
1777336394.465466,0.003693,0.000674,1.697454,0.794780,0.209242,-0.004761,-0.022876,0.002658,0.012959,0.012959,1.695413,0.785361,0.149996,0.149985,-0.025000,-0.000801,0.076961,0.020998,-0.028000,-0.001027
1777336394.498797,0.007014,0.004121,1.697103,0.794690,0.207031,-0.004564,-0.022319,0.002124,0.017945,0.017944,1.694582,0.785318,0.149992,0.149968,-0.025000,-0.001292,0.078474,0.021069,-0.028161,-0.001208
1777336394.532132,0.008838,0.006016,1.696923,0.794590,0.202263,-0.004388,-0.021563,0.001619,0.022914,0.022911,1.693754,0.785259,0.149986,0.149944,-0.024999,-0.001782,0.082616,0.021958,-0.028445,-0.001394
1777336394.565432,0.008838,0.006016,1.696923,0.794590,0.202263,-0.004388,-0.021563,0.001619,0.027917,0.027912,1.692920,0.785182,0.149978,0.149914,-0.024999,-0.002294,0.090680,0.024125,-0.028881,-0.001635
1777336394.598782,0.016788,0.014351,1.694987,0.794479,0.203813,-0.003999,-0.022414,0.001237,0.032913,0.032905,1.692088,0.785089,0.149969,0.149876,-0.024999,-0.002792,0.094292,0.024688,-0.029060,-0.001881
1777336394.632111,0.023215,0.021173,1.694559,0.794356,0.207117,-0.003656,-0.021943,0.000734,0.037905,0.037893,1.691255,0.784979,0.149958,0.149833,-0.024998,-0.003290,0.095548,0.024362,-0.029310,-0.002132
1777336394.665464,0.026573,0.024748,1.693073,0.794221,0.205866,-0.003426,-0.022881,0.000209,0.042921,0.042903,1.690419,0.784852,0.149945,0.149782,-0.024998,-0.003809,0.097832,0.024342,-0.029407,-0.002389
1777336394.698840,0.033302,0.031956,1.692218,0.794067,0.209405,-0.003028,-0.022826,-0.000269,0.047921,0.047896,1.689586,0.784709,0.149931,0.149725,-0.024997,-0.004301,0.097622,0.023385,-0.029491,-0.002651
1777336394.732136,0.036906,0.035832,1.691800,0.793896,0.208039,-0.002762,-0.022361,-0.000777,0.052910,0.052877,1.688754,0.784549,0.149915,0.149661,-0.024996,-0.004793,0.098395,0.022732,-0.029654,-0.002915
1777336394.765453,0.043548,0.043046,1.690251,0.793706,0.211760,-0.002307,-0.023243,-0.001288,0.057932,0.057888,1.687916,0.784372,0.149897,0.149590,-0.024996,-0.005331,0.096898,0.021210,-0.029657,-0.003179
1777336394.798800,0.047323,0.047149,1.689415,0.793497,0.210341,-0.002011,-0.023250,-0.001785,0.062893,0.062838,1.687089,0.784179,0.149878,0.149513,-0.024995,-0.005767,0.096404,0.020007,-0.029658,-0.003445
1777336394.832126,0.054378,0.054872,1.688962,0.793268,0.213803,-0.001488,-0.022648,-0.002238,0.067897,0.067828,1.686254,0.783969,0.149857,0.149429,-0.024994,-0.006321,0.093368,0.017836,-0.029735,-0.003705
1777336394.865443,0.058391,0.059267,1.687277,0.793020,0.211356,-0.001160,-0.023548,-0.002645,0.072931,0.072845,1.685415,0.783740,0.149834,0.149338,-0.024993,-0.006871,0.091324,0.015987,-0.029630,-0.003964
1777336394.898843,0.058391,0.059267,1.687277,0.793020,0.211356,-0.001160,-0.023548,-0.002645,0.077906,0.077801,1.684585,0.783496,0.149810,0.149242,-0.024992,-0.007296,0.094159,0.015900,-0.029702,-0.004340
1777336394.932143,0.065643,0.067296,1.686218,0.792750,0.212787,-0.000556,-0.023385,-0.002957,0.082880,0.082753,1.683755,0.783236,0.149784,0.149138,-0.024991,-0.007798,0.093695,0.014546,-0.029721,-0.004695
1777336394.965529,0.070711,0.072805,1.685757,0.792173,0.205873,-0.000186,-0.021990,-0.003529,0.087878,0.087727,1.682921,0.782958,0.149757,0.149028,-0.024990,-0.008346,0.092803,0.013019,-0.029815,-0.004905
1777336394.998792,0.070711,0.072805,1.685757,0.792173,0.205873,-0.000186,-0.021990,-0.003529,0.092878,0.092699,1.682086,0.782663,0.149727,0.148911,-0.024989,-0.008859,0.096615,0.013198,-0.030073,-0.005261
1777336395.032151,0.077811,0.080815,1.683984,0.791835,0.210033,0.000474,-0.023094,-0.004166,0.097847,0.097638,1.681257,0.782352,0.149697,0.148787,-0.024987,-0.009314,0.097067,0.012037,-0.030121,-0.005594
1777336395.065419,0.085364,0.089146,1.683405,0.791476,0.214410,0.001027,-0.022648,-0.004746,0.102842,0.102600,1.680423,0.782023,0.149664,0.148657,-0.024986,-0.009874,0.094292,0.009688,-0.030216,-0.005901
1777336395.098806,0.089583,0.093813,1.681698,0.791095,0.212829,0.001342,-0.023635,-0.005297,0.107824,0.107545,1.679591,0.781678,0.149630,0.148520,-0.024985,-0.010361,0.092206,0.007596,-0.030124,-0.006190
1777336395.132159,0.096841,0.101862,1.680824,0.790689,0.216472,0.001892,-0.023502,-0.005870,0.112817,0.112498,1.678757,0.781315,0.149594,0.148377,-0.024983,-0.010902,0.087593,0.004562,-0.030027,-0.006455
1777336395.165421,0.101433,0.106931,1.680303,0.790249,0.212827,0.002199,-0.022683,-0.006195,0.117819,0.117455,1.677922,0.780933,0.149556,0.148226,-0.024981,-0.011437,0.083632,0.001775,-0.030002,-0.006697
1777336395.198795,0.101433,0.106931,1.680303,0.790249,0.212827,0.002199,-0.022683,-0.006195,0.122793,0.122381,1.677091,0.780537,0.149517,0.148070,-0.024980,-0.011893,0.084853,0.000934,-0.030148,-0.007122
1777336395.232117,0.108776,0.115113,1.678661,0.789792,0.213627,0.002759,-0.023221,-0.006489,0.127754,0.127290,1.676262,0.780124,0.149476,0.147908,-0.024978,-0.012378,0.082952,-0.001099,-0.030118,-0.007500
1777336395.265439,0.112862,0.119621,1.677756,0.789318,0.208837,0.002997,-0.022865,-0.006788,0.132767,0.132246,1.675424,0.779690,0.149433,0.147737,-0.024976,-0.013032,0.081798,-0.002852,-0.030074,-0.007840
1777336395.298781,0.112862,0.119621,1.677756,0.789318,0.208837,0.002997,-0.022865,-0.006788,0.137760,0.137178,1.674589,0.779240,0.149389,0.147560,-0.024975,-0.013506,0.085416,-0.002815,-0.030204,-0.008373
1777336395.332125,0.121346,0.128964,1.675570,0.788313,0.206601,0.003508,-0.023447,-0.007506,0.142701,0.142054,1.673763,0.778777,0.149343,0.147378,-0.024973,-0.013885,0.084515,-0.004477,-0.030047,-0.008618
1777336395.365425,0.128821,0.137175,1.674949,0.787749,0.211416,0.003984,-0.023161,-0.008435,0.147696,0.146978,1.672927,0.778291,0.149295,0.147188,-0.024971,-0.014564,0.080759,-0.007186,-0.029943,-0.008823
1777336395.398774,0.132631,0.141359,1.674641,0.787153,0.210486,0.004192,-0.022577,-0.009487,0.152642,0.151850,1.672100,0.777793,0.149246,0.146994,-0.024969,-0.014948,0.078352,-0.009372,-0.029954,-0.008999
1777336395.432120,0.139556,0.148882,1.673155,0.786537,0.215155,0.004570,-0.023486,-0.010616,0.157613,0.156740,1.671268,0.777275,0.149196,0.146791,-0.024966,-0.015551,0.073930,-0.012251,-0.029828,-0.009137
1777336395.465410,0.143463,0.153127,1.672363,0.785904,0.214707,0.004748,-0.023575,-0.011696,0.162606,0.161647,1.670432,0.776736,0.149143,0.146581,-0.024964,-0.016155,0.070858,-0.014583,-0.029718,-0.009254
1777336395.498770,0.150795,0.160998,1.671914,0.785255,0.219373,0.005073,-0.023134,-0.012568,0.167580,0.166531,1.669600,0.776182,0.149089,0.146366,-0.024962,-0.016632,0.065565,-0.017653,-0.029695,-0.009354
1777336395.532092,0.155034,0.165548,1.670305,0.784598,0.218448,0.005215,-0.024132,-0.013284,0.172534,0.171389,1.668770,0.775612,0.149033,0.146144,-0.024960,-0.017100,0.061470,-0.020219,-0.029513,-0.009441
1777336395.565418,0.162669,0.173635,1.669432,0.783935,0.222571,0.005463,-0.024112,-0.013830,0.177510,0.176262,1.667936,0.775021,0.148975,0.145915,-0.024957,-0.017717,0.055062,-0.023529,-0.029334,-0.009520
1777336395.598779,0.166660,0.177865,1.669013,0.783275,0.221119,0.005543,-0.023628,-0.014436,0.182468,0.181113,1.667106,0.774415,0.148916,0.145680,-0.024955,-0.018193,0.050328,-0.026157,-0.029251,-0.009610
1777336395.632205,0.173736,0.185243,1.667487,0.782614,0.225258,0.005694,-0.024585,-0.015140,0.187422,0.185953,1.666275,0.773791,0.148855,0.145439,-0.024952,-0.018724,0.044026,-0.029235,-0.029030,-0.009710
1777336395.665401,0.177771,0.189449,1.666662,0.781944,0.224119,0.005729,-0.024645,-0.015744,0.192389,0.190800,1.665442,0.773147,0.148793,0.145191,-0.024950,-0.019318,0.039373,-0.031634,-0.028825,-0.009825
1777336395.698773,0.185078,0.196930,1.666232,0.781272,0.228192,0.005781,-0.024213,-0.016282,0.197351,0.195635,1.664610,0.772485,0.148729,0.144936,-0.024947,-0.019851,0.033023,-0.034502,-0.028715,-0.009964
1777336395.732152,0.189245,0.201193,1.664671,0.780594,0.226836,0.005760,-0.025165,-0.016719,0.202295,0.200447,1.663780,0.771807,0.148663,0.144676,-0.024944,-0.020332,0.028274,-0.036707,-0.028463,-0.010125
1777336395.765453,0.196329,0.208290,1.663888,0.779919,0.230822,0.005703,-0.025228,-0.017304,0.207277,0.205289,1.662944,0.771106,0.148595,0.144407,-0.024941,-0.021046,0.022147,-0.039240,-0.028236,-0.010313
1777336395.798782,0.201002,0.212982,1.663387,0.779215,0.228764,0.005608,-0.024683,-0.017410,0.212218,0.210083,1.662114,0.770392,0.148526,0.144134,-0.024939,-0.021429,0.017196,-0.041264,-0.028093,-0.010528
1777336395.832085,0.209281,0.221107,1.661695,0.778507,0.231040,0.005397,-0.025478,-0.017288,0.217236,0.214946,1.661272,0.769647,0.148455,0.143850,-0.024936,-0.022338,0.009919,-0.043920,-0.027782,-0.010759
1777336395.866078,0.212819,0.224542,1.660985,0.777812,0.228146,0.005229,-0.025321,-0.017603,0.222130,0.219681,1.660449,0.768902,0.148383,0.143566,-0.024933,-0.022344,0.005221,-0.045586,-0.027520,-0.011039
1777336395.898787,0.219914,0.231303,1.660629,0.777089,0.230831,0.004918,-0.024758,-0.017978,0.227068,0.224451,1.659619,0.768132,0.148309,0.143274,-0.024929,-0.023106,-0.000627,-0.047458,-0.027371,-0.011320
1777336395.932166,0.223740,0.234937,1.659166,0.776347,0.228477,0.004707,-0.025576,-0.018405,0.231985,0.229194,1.658792,0.767346,0.148234,0.142976,-0.024926,-0.023575,-0.004390,-0.048525,-0.027102,-0.011627
1777336395.965457,0.226028,0.237114,1.658361,0.775578,0.222849,0.004532,-0.025440,-0.018635,0.236931,0.233956,1.657960,0.766537,0.148156,0.142670,-0.024923,-0.024286,-0.004980,-0.048478,-0.026857,-0.011941
1777336395.998793,0.226028,0.237114,1.658361,0.775578,0.222849,0.004532,-0.025440,-0.018635,0.241862,0.238697,1.657131,0.765710,0.148077,0.142358,-0.024920,-0.024793,-0.000831,-0.046832,-0.026798,-0.012625
1777336396.032112,0.241582,0.251362,1.656280,0.773996,0.230324,0.003526,-0.026065,-0.019163,0.246791,0.243428,1.656301,0.764865,0.147997,0.142040,-0.024916,-0.025360,-0.006554,-0.048083,-0.026487,-0.012907
1777336396.065415,0.245527,0.254843,1.655675,0.773149,0.228346,0.003148,-0.025817,-0.019913,0.251721,0.248151,1.655470,0.764000,0.147914,0.141716,-0.024913,-0.025950,-0.010187,-0.048517,-0.026243,-0.013192
1777336396.098787,0.252608,0.261060,1.655366,0.772259,0.231370,0.002517,-0.025248,-0.020827,0.256635,0.252851,1.654642,0.763118,0.147831,0.141386,-0.024909,-0.026450,-0.014775,-0.049039,-0.026124,-0.013470
1777336396.132192,0.256639,0.264598,1.654018,0.771340,0.229507,0.002153,-0.025972,-0.021656,0.261571,0.257564,1.653810,0.762213,0.147745,0.141048,-0.024906,-0.027165,-0.017532,-0.048882,-0.025906,-0.013734
1777336396.165422,0.263989,0.270933,1.653274,0.770396,0.232014,0.001444,-0.025883,-0.022283,0.266522,0.262281,1.652975,0.761285,0.147657,0.140703,-0.024902,-0.027841,-0.021535,-0.048911,-0.025722,-0.013990
1777336396.198784,0.268077,0.274438,1.652893,0.769437,0.229442,0.001038,-0.025316,-0.022843,0.271428,0.266947,1.652148,0.760345,0.147569,0.140354,-0.024898,-0.028194,-0.023762,-0.048302,-0.025644,-0.014244
1777336396.232110,0.275205,0.280405,1.651512,0.768463,0.231419,0.000257,-0.026026,-0.023421,0.276329,0.271599,1.651320,0.759386,0.147479,0.139999,-0.024895,-0.028759,-0.027043,-0.047812,-0.025458,-0.014483
1777336396.265418,0.278965,0.283521,1.650818,0.767478,0.228806,-0.000162,-0.025902,-0.024130,0.281246,0.276258,1.650490,0.758404,0.147386,0.139637,-0.024891,-0.029462,-0.028363,-0.046649,-0.025313,-0.014720
1777336396.298768,0.285685,0.288988,1.650473,0.766477,0.230866,-0.000985,-0.025422,-0.024961,0.286151,0.280896,1.649661,0.757404,0.147293,0.139269,-0.024887,-0.030003,-0.030439,-0.045519,-0.025278,-0.014963
1777336396.332103,0.289433,0.292020,1.649161,0.765458,0.228602,-0.001422,-0.026122,-0.025794,0.291056,0.285524,1.648832,0.756383,0.147197,0.138894,-0.024883,-0.030619,-0.030704,-0.043786,-0.025147,-0.015206
1777336396.365442,0.296480,0.297649,1.648422,0.764414,0.230374,-0.002313,-0.026036,-0.026326,0.295992,0.290172,1.647997,0.755336,0.147100,0.138511,-0.024879,-0.031435,-0.032125,-0.042212,-0.025043,-0.015449
1777336396.398803,0.300320,0.300685,1.648046,0.763366,0.227597,-0.002775,-0.025487,-0.026866,0.300882,0.294767,1.647170,0.754277,0.147001,0.138125,-0.024875,-0.031769,-0.031860,-0.040095,-0.025041,-0.015709
1777336396.432137,0.307592,0.306377,1.646633,0.762288,0.228533,-0.003721,-0.026107,-0.027020,0.305762,0.299342,1.646343,0.753199,0.146901,0.137733,-0.024871,-0.032323,-0.032968,-0.038203,-0.024920,-0.015959
1777336396.465431,0.307592,0.306377,1.646633,0.762288,0.228533,-0.003721,-0.026107,-0.027020,0.310666,0.303930,1.645513,0.752095,0.146799,0.137333,-0.024866,-0.033123,-0.029447,-0.035096,-0.024976,-0.016701
1777336396.498771,0.312688,0.310293,1.645687,0.761183,0.223464,-0.004333,-0.025742,-0.026565,0.315563,0.308501,1.644683,0.750971,0.146695,0.136927,-0.024862,-0.033712,-0.026031,-0.031937,-0.025005,-0.017377
1777336396.532137,0.318208,0.314446,1.645521,0.760137,0.223839,-0.005135,-0.025049,-0.027398,0.320423,0.313027,1.643859,0.749835,0.146591,0.136518,-0.024858,-0.034101,-0.023026,-0.028778,-0.025169,-0.018024
1777336396.565418,0.328530,0.322410,1.643927,0.757846,0.224008,-0.006396,-0.025274,-0.028556,0.325313,0.317571,1.643029,0.748669,0.146484,0.136100,-0.024853,-0.034959,-0.024284,-0.026632,-0.025165,-0.018085
1777336396.598835,0.331382,0.324389,1.643490,0.756603,0.220674,-0.006829,-0.024906,-0.029936,0.330194,0.322094,1.642201,0.747485,0.146375,0.135677,-0.024849,-0.035541,-0.023030,-0.023756,-0.025243,-0.018154
1777336396.632104,0.337605,0.329019,1.642110,0.755319,0.221899,-0.007684,-0.025680,-0.031136,0.335061,0.326595,1.641374,0.746281,0.146265,0.135248,-0.024844,-0.036106,-0.022405,-0.020973,-0.025202,-0.018212
1777336396.665437,0.341234,0.331720,1.641357,0.754031,0.218997,-0.008069,-0.025609,-0.031977,0.339964,0.331118,1.640540,0.745047,0.146153,0.134810,-0.024839,-0.037036,-0.020307,-0.017829,-0.025179,-0.018267
1777336396.698774,0.347868,0.336694,1.640942,0.752745,0.219819,-0.008880,-0.025051,-0.032460,0.344865,0.335626,1.639707,0.743790,0.146039,0.134365,-0.024834,-0.037695,-0.019322,-0.014950,-0.025244,-0.018348
1777336396.732124,0.351537,0.339423,1.639546,0.751468,0.216198,-0.009203,-0.025678,-0.032766,0.349713,0.340076,1.638882,0.742525,0.145924,0.133919,-0.024830,-0.037966,-0.016944,-0.011755,-0.025188,-0.018456
1777336396.765447,0.357791,0.344092,1.638855,0.750206,0.216773,-0.009923,-0.025484,-0.033204,0.354571,0.344523,1.638055,0.741234,0.145808,0.133466,-0.024825,-0.038722,-0.015482,-0.008805,-0.025164,-0.018586
1777336396.798823,0.361255,0.346664,1.638494,0.748934,0.213190,-0.010183,-0.024850,-0.033521,0.359418,0.348947,1.637229,0.739923,0.145690,0.133008,-0.024820,-0.039313,-0.012602,-0.005555,-0.025237,-0.018757
1777336396.832091,0.361255,0.346664,1.638494,0.748934,0.213190,-0.010183,-0.024850,-0.033521,0.364234,0.353333,1.636408,0.738598,0.145571,0.132546,-0.024815,-0.039754,-0.005905,-0.001457,-0.025475,-0.019539
1777336396.865486,0.367101,0.350991,1.637258,0.747654,0.212621,-0.010796,-0.025272,-0.033651,0.369087,0.357739,1.635581,0.737240,0.145450,0.132074,-0.024810,-0.040746,-0.000577,0.002271,-0.025611,-0.020258
1777336396.898764,0.377287,0.358851,1.636237,0.745103,0.212597,-0.011574,-0.024659,-0.034476,0.373930,0.362125,1.634754,0.735861,0.145327,0.131597,-0.024805,-0.041374,0.000067,0.004681,-0.025699,-0.020384
1777336396.932118,0.380118,0.360917,1.634821,0.743726,0.209036,-0.011727,-0.025416,-0.035393,0.378771,0.366496,1.633927,0.734459,0.145202,0.131114,-0.024799,-0.042056,0.002663,0.007544,-0.025659,-0.020536
1777336396.965404,0.386199,0.365621,1.634068,0.742297,0.209613,-0.012142,-0.025251,-0.036021,0.383626,0.370867,1.633097,0.733029,0.145075,0.130624,-0.024794,-0.042900,0.004221,0.010017,-0.025636,-0.020700
1777336396.998789,0.389278,0.367983,1.633722,0.740884,0.206581,-0.012212,-0.024709,-0.036919,0.388454,0.375202,1.632272,0.731583,0.144947,0.130130,-0.024789,-0.043387,0.007306,0.012786,-0.025714,-0.020900
1777336397.032121,0.395265,0.372723,1.632340,0.739445,0.207376,-0.012497,-0.025379,-0.037532,0.393271,0.379514,1.631447,0.730116,0.144818,0.129630,-0.024783,-0.044011,0.009243,0.015089,-0.025671,-0.021115
1777336397.065412,0.398680,0.375415,1.631594,0.737998,0.203995,-0.012484,-0.025200,-0.037871,0.398113,0.383835,1.630618,0.728616,0.144686,0.129122,-0.024778,-0.044986,0.012279,0.017559,-0.025647,-0.021352
1777336397.098785,0.404333,0.379992,1.631255,0.736566,0.204858,-0.012632,-0.024626,-0.038602,0.402922,0.388113,1.629794,0.727103,0.144554,0.128612,-0.024772,-0.045409,0.014366,0.019586,-0.025725,-0.021640
1777336397.132105,0.407789,0.382778,1.629829,0.735089,0.201431,-0.012542,-0.025268,-0.038807,0.407724,0.392373,1.628971,0.725566,0.144420,0.128095,-0.024766,-0.046099,0.017421,0.021743,-0.025674,-0.021940
1777336397.165514,0.413500,0.387517,1.629135,0.733629,0.202138,-0.012553,-0.025070,-0.039297,0.412554,0.396643,1.628142,0.723996,0.144284,0.127570,-0.024761,-0.047115,0.019349,0.023374,-0.025652,-0.022276
1777336397.198765,0.416764,0.390214,1.628759,0.732131,0.198726,-0.012381,-0.024427,-0.039573,0.417339,0.400861,1.627320,0.722414,0.144147,0.127043,-0.024755,-0.047441,0.022378,0.025178,-0.025725,-0.022652
1777336397.232123,0.416764,0.390214,1.628759,0.732131,0.198726,-0.012381,-0.024427,-0.039573,0.422135,0.405074,1.626496,0.720804,0.144008,0.126509,-0.024749,-0.048315,0.028929,0.027912,-0.025961,-0.023716
1777336397.265436,0.424579,0.396801,1.627029,0.729093,0.194838,-0.012044,-0.024482,-0.040069,0.426943,0.409284,1.625669,0.719163,0.143867,0.125968,-0.024743,-0.049223,0.031971,0.029367,-0.025996,-0.024019
1777336397.298803,0.430318,0.401861,1.626560,0.727527,0.196758,-0.011802,-0.024118,-0.041296,0.431758,0.413485,1.624840,0.717494,0.143724,0.125419,-0.024737,-0.050072,0.033623,0.030136,-0.026102,-0.024361
1777336397.332108,0.430318,0.401861,1.626560,0.727527,0.196758,-0.011802,-0.024118,-0.041296,0.436507,0.417616,1.624022,0.715821,0.143581,0.124872,-0.024731,-0.050179,0.038964,0.031983,-0.026370,-0.025450
1777336397.365449,0.434730,0.405726,1.625036,0.725817,0.194041,-0.011448,-0.024721,-0.041309,0.441328,0.421794,1.623191,0.714096,0.143434,0.124311,-0.024725,-0.051748,0.043600,0.033437,-0.026474,-0.026373
1777336397.398797,0.441396,0.411623,1.624089,0.724104,0.192810,-0.010970,-0.024303,-0.040571,0.446075,0.425894,1.622372,0.712371,0.143288,0.123752,-0.024719,-0.051752,0.045745,0.033874,-0.026547,-0.027222
1777336397.432119,0.444097,0.414068,1.623749,0.722407,0.187533,-0.010514,-0.023444,-0.040522,0.450852,0.430005,1.621547,0.710608,0.143139,0.123183,-0.024712,-0.052898,0.049107,0.034564,-0.026714,-0.027964
1777336397.465472,0.449131,0.418768,1.622392,0.720645,0.187809,-0.009983,-0.024052,-0.041601,0.455620,0.434093,1.620724,0.708821,0.142989,0.122610,-0.024706,-0.053615,0.051389,0.034641,-0.026759,-0.028638
1777336397.498778,0.451809,0.421261,1.621706,0.718776,0.184512,-0.009559,-0.023856,-0.042932,0.460374,0.438154,1.619902,0.707011,0.142837,0.122032,-0.024700,-0.054292,0.054837,0.034980,-0.026830,-0.029204
1777336397.532129,0.457013,0.426204,1.621386,0.716855,0.185833,-0.008963,-0.023268,-0.044764,0.465119,0.442193,1.619080,0.705177,0.142684,0.121449,-0.024693,-0.055030,0.056940,0.034619,-0.026998,-0.029665
1777336397.565436,0.459690,0.428766,1.620069,0.714886,0.183875,-0.008537,-0.024041,-0.047236,0.469909,0.446255,1.618251,0.703297,0.142528,0.120855,-0.024687,-0.056403,0.060133,0.034525,-0.027053,-0.030028
1777336397.598779,0.465358,0.434208,1.619295,0.712817,0.185700,-0.007842,-0.023960,-0.048840,0.474641,0.450252,1.617430,0.701410,0.142371,0.120261,-0.024680,-0.056586,0.061559,0.033590,-0.027114,-0.030305
1777336397.632118,0.468728,0.437432,1.618859,0.710714,0.183116,-0.007307,-0.023385,-0.049760,0.479354,0.454218,1.616613,0.699503,0.142214,0.119665,-0.024673,-0.057213,0.063520,0.032756,-0.027249,-0.030461
1777336397.665415,0.474280,0.442907,1.617434,0.708631,0.184858,-0.006492,-0.024118,-0.051123,0.484114,0.458207,1.615786,0.697548,0.142053,0.119056,-0.024667,-0.058659,0.063846,0.031106,-0.027250,-0.030548
1777336397.698812,0.477300,0.445891,1.616692,0.706517,0.182630,-0.005943,-0.024029,-0.052513,0.488830,0.462144,1.614967,0.695581,0.141893,0.118447,-0.024660,-0.059001,0.065131,0.029734,-0.027267,-0.030613
1777336397.732121,0.483215,0.451769,1.616277,0.704367,0.184261,-0.005021,-0.023397,-0.053192,0.493554,0.466072,1.614145,0.693581,0.141730,0.117830,-0.024653,-0.059999,0.064519,0.027448,-0.027365,-0.030614
1777336397.765410,0.483215,0.451769,1.616277,0.704367,0.184261,-0.005021,-0.023397,-0.053192,0.498269,0.469975,1.613324,0.691555,0.141565,0.117210,-0.024646,-0.060775,0.067670,0.026682,-0.027624,-0.031567
1777336397.798770,0.487037,0.455666,1.614867,0.702216,0.181633,-0.004260,-0.023923,-0.053165,0.502989,0.473867,1.612502,0.689497,0.141399,0.116582,-0.024639,-0.061764,0.070449,0.025635,-0.027743,-0.032355
1777336397.832131,0.492705,0.461312,1.614044,0.700110,0.182365,-0.003348,-0.023725,-0.053270,0.507727,0.477757,1.611675,0.687399,0.141230,0.115946,-0.024632,-0.062926,0.071267,0.023681,-0.027853,-0.033045
1777336397.865466,0.495491,0.464144,1.613675,0.698001,0.179196,-0.002783,-0.023102,-0.053835,0.512407,0.481582,1.610858,0.685296,0.141062,0.115312,-0.024625,-0.063092,0.073049,0.022063,-0.028049,-0.033671
1777336397.898792,0.500580,0.469366,1.612301,0.695852,0.181178,-0.001861,-0.023875,-0.055741,0.517099,0.485401,1.610038,0.683156,0.140891,0.114671,-0.024618,-0.064188,0.073419,0.019730,-0.028116,-0.034198
1777336397.932139,0.503704,0.472530,1.611514,0.693566,0.179065,-0.001282,-0.023813,-0.056988,0.521781,0.489195,1.609220,0.680990,0.140719,0.114025,-0.024610,-0.064997,0.074455,0.017645,-0.028184,-0.034624
1777336397.965452,0.509283,0.478226,1.611134,0.691267,0.181429,-0.000296,-0.023285,-0.058632,0.526474,0.492981,1.608398,0.678786,0.140545,0.113371,-0.024603,-0.066125,0.073739,0.014723,-0.028336,-0.034964
1777336397.998804,0.512621,0.481610,1.609610,0.688885,0.179396,0.000305,-0.024111,-0.059621,0.531150,0.496736,1.607579,0.676557,0.140369,0.112714,-0.024595,-0.066856,0.073642,0.012052,-0.028332,-0.035221
1777336398.032147,0.518488,0.487586,1.608833,0.686498,0.181719,0.001333,-0.023995,-0.060756,0.535812,0.500462,1.606761,0.674303,0.140193,0.112054,-0.024588,-0.067626,0.071702,0.008511,-0.028335,-0.035406
1777336398.065458,0.521664,0.490833,1.608441,0.684086,0.179786,0.001912,-0.023460,-0.061965,0.540490,0.504183,1.605940,0.672008,0.140014,0.111385,-0.024580,-0.068862,0.070672,0.005364,-0.028424,-0.035533
1777336398.098774,0.527538,0.496790,1.606947,0.681655,0.182272,0.002921,-0.024276,-0.063179,0.545155,0.507877,1.605120,0.669685,0.139833,0.110712,-0.024573,-0.069692,0.067950,0.001431,-0.028367,-0.035638
1777336398.132186,0.531199,0.500464,1.606080,0.679165,0.179702,0.003507,-0.024128,-0.063164,0.549798,0.511535,1.604303,0.667339,0.139652,0.110036,-0.024565,-0.070362,0.065862,-0.002203,-0.028303,-0.035697
1777336398.165422,0.537043,0.506359,1.605720,0.676754,0.181969,0.004486,-0.023521,-0.064054,0.554457,0.515188,1.603483,0.664951,0.139469,0.109353,-0.024557,-0.071642,0.062280,-0.006526,-0.028336,-0.035760
1777336398.198785,0.540135,0.509487,1.604242,0.674321,0.180099,0.004990,-0.024376,-0.065224,0.559088,0.518801,1.602667,0.662543,0.139284,0.108668,-0.024549,-0.072239,0.059964,-0.010263,-0.028231,-0.035858
1777336398.232133,0.546401,0.515668,1.603418,0.671846,0.182379,0.005923,-0.024261,-0.065560,0.563726,0.522401,1.601848,0.660096,0.139098,0.107976,-0.024542,-0.073408,0.055884,-0.014765,-0.028129,-0.035953
1777336398.265434,0.549301,0.518579,1.603076,0.669460,0.180863,0.006365,-0.023801,-0.067275,0.568367,0.525985,1.601029,0.657612,0.138909,0.107278,-0.024534,-0.074521,0.053317,-0.018553,-0.028131,-0.036125
1777336398.298773,0.555394,0.524479,1.601576,0.666994,0.183566,0.007196,-0.024658,-0.068167,0.572977,0.529528,1.600214,0.655108,0.138721,0.106578,-0.024526,-0.075115,0.049249,-0.022957,-0.027992,-0.036340
1777336398.332104,0.559283,0.528217,1.600683,0.664494,0.181092,0.007627,-0.024526,-0.067589,0.577594,0.533056,1.599397,0.652565,0.138530,0.105873,-0.024517,-0.076296,0.045881,-0.026972,-0.027845,-0.036569
1777336398.365407,0.565129,0.533774,1.600338,0.662106,0.183564,0.008340,-0.023987,-0.068482,0.582238,0.536586,1.598574,0.649970,0.138336,0.105157,-0.024509,-0.077858,0.041409,-0.031408,-0.027804,-0.036897
1777336398.398803,0.574578,0.542467,1.598545,0.657258,0.186892,0.009235,-0.024602,-0.070932,0.586824,0.540054,1.597760,0.647370,0.138142,0.104444,-0.024501,-0.078003,0.033061,-0.037425,-0.027567,-0.036238
1777336398.432119,0.574578,0.542467,1.598545,0.657258,0.186892,0.009235,-0.024602,-0.070932,0.591467,0.543544,1.596936,0.644700,0.137945,0.103717,-0.024493,-0.080107,0.029451,-0.041212,-0.027510,-0.036892
1777336398.465419,0.578860,0.546488,1.597768,0.654652,0.185509,0.009643,-0.024426,-0.070905,0.596027,0.546954,1.596125,0.642039,0.137749,0.102997,-0.024484,-0.079824,0.026195,-0.044794,-0.027467,-0.037570
1777336398.498799,0.586913,0.553595,1.595805,0.649757,0.184332,0.010077,-0.024969,-0.071707,0.600617,0.550366,1.595309,0.639323,0.137550,0.102267,-0.024476,-0.081477,0.020214,-0.049395,-0.027190,-0.037157
1777336398.532106,0.593812,0.559506,1.595216,0.647210,0.187197,0.010428,-0.024643,-0.071927,0.605187,0.553745,1.594495,0.636579,0.137350,0.101535,-0.024467,-0.082306,0.013006,-0.054312,-0.026977,-0.036971
1777336398.565414,0.597262,0.562453,1.593676,0.644688,0.185514,0.010522,-0.025586,-0.072720,0.609748,0.557097,1.593681,0.633802,0.137149,0.100798,-0.024459,-0.083323,0.007586,-0.058313,-0.026629,-0.036976
1777336398.598732,0.603617,0.567648,1.592864,0.642172,0.187800,0.010656,-0.025600,-0.073184,0.614293,0.560418,1.592870,0.630995,0.136947,0.100059,-0.024450,-0.084199,0.001426,-0.062377,-0.026304,-0.037166
1777336398.632112,0.607141,0.570519,1.592445,0.639678,0.185866,0.010632,-0.025123,-0.073487,0.618847,0.563725,1.592056,0.628143,0.136742,0.099312,-0.024441,-0.085579,-0.003105,-0.065595,-0.026080,-0.037533
1777336398.665401,0.612910,0.574979,1.591113,0.637241,0.188255,0.010580,-0.025965,-0.075082,0.623406,0.567016,1.591240,0.625246,0.136535,0.098559,-0.024433,-0.086903,-0.007918,-0.068651,-0.025765,-0.038110
1777336398.698747,0.616473,0.577736,1.590340,0.634710,0.186745,0.010468,-0.025985,-0.075873,0.627959,0.570283,1.590424,0.622311,0.136327,0.097802,-0.024424,-0.088036,-0.011268,-0.070938,-0.025479,-0.038839
1777336398.732102,0.622821,0.582400,1.589914,0.632163,0.188765,0.010214,-0.025551,-0.076248,0.632489,0.573512,1.589612,0.619350,0.136118,0.097043,-0.024415,-0.088823,-0.015407,-0.073228,-0.025292,-0.039697
1777336398.765422,0.626861,0.585374,1.588413,0.629532,0.185956,0.009958,-0.026208,-0.075345,0.637058,0.576749,1.588791,0.616321,0.135906,0.096271,-0.024406,-0.090896,-0.018493,-0.074927,-0.024976,-0.040625
1777336398.798796,0.632804,0.589442,1.587751,0.626965,0.187402,0.009495,-0.026081,-0.076044,0.641571,0.579925,1.587980,0.613286,0.135694,0.095504,-0.024397,-0.091043,-0.021937,-0.076425,-0.024714,-0.041710
1777336398.832111,0.636600,0.592067,1.587336,0.624226,0.184296,0.009123,-0.025398,-0.075528,0.646185,0.583151,1.587149,0.610138,0.135475,0.094714,-0.024387,-0.094435,-0.024177,-0.077296,-0.024552,-0.042787
1777336398.865460,0.642599,0.595920,1.586036,0.621508,0.185287,0.008481,-0.026021,-0.076194,0.650592,0.586212,1.586355,0.607089,0.135265,0.093954,-0.024378,-0.091479,-0.026786,-0.077951,-0.024305,-0.044019
1777336398.898772,0.646058,0.598141,1.585329,0.618653,0.182274,0.008037,-0.025788,-0.076541,0.655104,0.589325,1.585541,0.603923,0.135047,0.093171,-0.024369,-0.094970,-0.028071,-0.077960,-0.024092,-0.045070
1777336398.932116,0.652150,0.601822,1.584991,0.615731,0.183010,0.007229,-0.025174,-0.077374,0.659577,0.592390,1.584733,0.600740,0.134830,0.092389,-0.024360,-0.095499,-0.029897,-0.077802,-0.023993,-0.046193
1777336398.965450,0.655370,0.603734,1.583721,0.612707,0.180194,0.006731,-0.025738,-0.078744,0.664101,0.595468,1.583914,0.597474,0.134608,0.091592,-0.024350,-0.097975,-0.030250,-0.076981,-0.023807,-0.047243
1777336398.998788,0.661322,0.607103,1.583063,0.609585,0.181017,0.005816,-0.025567,-0.080407,0.668553,0.598476,1.583108,0.594215,0.134388,0.090803,-0.024341,-0.097777,-0.031092,-0.075978,-0.023667,-0.048284
1777336399.032107,0.664766,0.609044,1.582704,0.606342,0.178067,0.005246,-0.024936,-0.081577,0.673003,0.601462,1.582301,0.590911,0.134167,0.090009,-0.024331,-0.099112,-0.030754,-0.074453,-0.023629,-0.049174
1777336399.065433,0.670330,0.611958,1.581525,0.603110,0.179067,0.004257,-0.025539,-0.084552,0.677479,0.604443,1.581488,0.587541,0.133942,0.089205,-0.024322,-0.101093,-0.030722,-0.072686,-0.023519,-0.050010
1777336399.098789,0.673488,0.613599,1.580888,0.599742,0.176970,0.003679,-0.025434,-0.087642,0.681919,0.607378,1.580681,0.584151,0.133717,0.088402,-0.024312,-0.101712,-0.029420,-0.070410,-0.023452,-0.050789
1777336399.132080,0.679372,0.616560,1.580535,0.596283,0.178050,0.002598,-0.024960,-0.090248,0.686378,0.610304,1.579869,0.580698,0.133489,0.087591,-0.024302,-0.103600,-0.028773,-0.068023,-0.023484,-0.051445
1777336399.165414,0.682870,0.618309,1.579277,0.592753,0.175620,0.001965,-0.025523,-0.091996,0.690842,0.613211,1.579055,0.577191,0.133259,0.086773,-0.024292,-0.105204,-0.027189,-0.065268,-0.023422,-0.052035
1777336399.198795,0.689131,0.621309,1.578577,0.589167,0.176027,0.000771,-0.025303,-0.092831,0.695263,0.616067,1.578248,0.573669,0.133029,0.085958,-0.024283,-0.105647,-0.026484,-0.062467,-0.023389,-0.052560
1777336399.232210,0.692531,0.622893,1.578226,0.585566,0.172794,0.000117,-0.024633,-0.093529,0.699681,0.618900,1.577441,0.570100,0.132798,0.085138,-0.024273,-0.107084,-0.024791,-0.059320,-0.023451,-0.052993
1777336399.265410,0.698445,0.625538,1.576979,0.581950,0.172889,-0.001083,-0.025127,-0.094505,0.704115,0.621719,1.576629,0.566467,0.132564,0.084310,-0.024263,-0.108980,-0.023749,-0.056081,-0.023420,-0.053396
1777336399.298788,0.701505,0.626856,1.576361,0.578317,0.169875,-0.001698,-0.024879,-0.096032,0.708552,0.624518,1.575816,0.562780,0.132328,0.083476,-0.024252,-0.110618,-0.021545,-0.052499,-0.023431,-0.053811
1777336399.332160,0.707715,0.629563,1.575998,0.574577,0.169592,-0.002918,-0.024158,-0.096026,0.712916,0.627249,1.575015,0.559101,0.132094,0.082651,-0.024242,-0.110350,-0.020233,-0.048928,-0.023535,-0.054204
1777336399.365423,0.710686,0.630773,1.575869,0.570918,0.166260,-0.003504,-0.023294,-0.097050,0.717372,0.630014,1.574196,0.555292,0.131853,0.081803,-0.024232,-0.114277,-0.017792,-0.045073,-0.023771,-0.054553
1777336399.398784,0.716201,0.633037,1.574755,0.567227,0.166453,-0.004628,-0.023724,-0.098709,0.721719,0.632688,1.573396,0.551524,0.131616,0.080971,-0.024222,-0.113054,-0.015835,-0.041169,-0.023931,-0.055042
1777336399.432113,0.719133,0.634204,1.574190,0.563512,0.163824,-0.005174,-0.023508,-0.100823,0.726076,0.635346,1.572593,0.547693,0.131377,0.080131,-0.024212,-0.114914,-0.012874,-0.037068,-0.024129,-0.055459
1777336399.465430,0.724741,0.636488,1.572824,0.559747,0.164293,-0.006249,-0.024259,-0.102513,0.730469,0.638002,1.571783,0.543777,0.131134,0.079280,-0.024201,-0.117500,-0.010637,-0.033035,-0.024198,-0.055919
1777336399.498755,0.727904,0.637751,1.572087,0.555956,0.161668,-0.006768,-0.024185,-0.103846,0.734826,0.640612,1.570977,0.539837,0.130890,0.078431,-0.024191,-0.118182,-0.007599,-0.028890,-0.024277,-0.056467
1777336399.532128,0.733363,0.639938,1.571726,0.552177,0.162272,-0.007768,-0.023712,-0.105803,0.739161,0.643187,1.570175,0.535862,0.130647,0.077580,-0.024180,-0.119267,-0.005246,-0.024847,-0.024440,-0.057044
1777336399.565413,0.736422,0.641138,1.570461,0.548352,0.159986,-0.008230,-0.024365,-0.107729,0.743542,0.645764,1.569363,0.531788,0.130398,0.076716,-0.024169,-0.122210,-0.002133,-0.020736,-0.024497,-0.057656
1777336399.598813,0.742279,0.643522,1.569732,0.544440,0.160363,-0.009162,-0.024212,-0.108229,0.747860,0.648281,1.568562,0.527715,0.130152,0.075859,-0.024159,-0.122193,0.000003,-0.016843,-0.024566,-0.058359
1777336399.632240,0.745528,0.644812,1.569355,0.540530,0.157400,-0.009549,-0.023602,-0.108370,0.752184,0.650777,1.567758,0.523579,0.129903,0.074996,-0.024148,-0.124079,0.002768,-0.012939,-0.024716,-0.059047
1777336399.665420,0.745528,0.644812,1.569355,0.540530,0.157400,-0.009549,-0.023602,-0.108370,0.756518,0.653255,1.566951,0.519375,0.129651,0.074126,-0.024137,-0.126125,0.007846,-0.008830,-0.025020,-0.061569
1777336399.698789,0.751658,0.647274,1.567984,0.536489,0.155935,-0.010365,-0.023913,-0.106182,0.760879,0.655724,1.566138,0.515084,0.129396,0.073245,-0.024126,-0.128734,0.011392,-0.005054,-0.025187,-0.063845
1777336399.732121,0.754231,0.648288,1.567371,0.532654,0.153076,-0.010599,-0.023726,-0.107734,0.765134,0.658108,1.565343,0.510838,0.129145,0.072381,-0.024115,-0.127363,0.015668,-0.001281,-0.025382,-0.066057
1777336399.765408,0.759731,0.650585,1.567020,0.528588,0.153198,-0.011226,-0.023102,-0.108529,0.769424,0.660488,1.564541,0.506498,0.128891,0.071505,-0.024104,-0.130219,0.018761,0.002118,-0.025654,-0.067958
1777336399.798794,0.763266,0.652057,1.565538,0.524273,0.149080,-0.011387,-0.023602,-0.107206,0.773731,0.662853,1.563734,0.502078,0.128633,0.070620,-0.024093,-0.132584,0.022005,0.005376,-0.025767,-0.069657
1777336399.832201,0.767994,0.654054,1.564997,0.520051,0.149561,-0.011849,-0.023396,-0.111138,0.777980,0.665161,1.562937,0.497656,0.128377,0.069742,-0.024082,-0.132666,0.024659,0.008352,-0.025925,-0.071247
1777336399.865477,0.770896,0.655276,1.564669,0.515410,0.147077,-0.011957,-0.022822,-0.114131,0.782275,0.667469,1.562130,0.493123,0.128116,0.068851,-0.024071,-0.135972,0.027817,0.011254,-0.026167,-0.072481
1777336399.898837,0.776485,0.657763,1.563294,0.510612,0.147574,-0.012293,-0.023468,-0.116316,0.786541,0.669737,1.561327,0.488557,0.127855,0.067960,-0.024060,-0.136985,0.029799,0.013682,-0.026276,-0.073499
1777336399.932165,0.778831,0.658782,1.562712,0.505917,0.145968,-0.012330,-0.023448,-0.123657,0.790786,0.671968,1.560527,0.483950,0.127594,0.067069,-0.024048,-0.138226,0.032653,0.016122,-0.026420,-0.074324
1777336399.965452,0.784469,0.661384,1.562302,0.500766,0.147009,-0.012523,-0.022948,-0.126837,0.795055,0.674187,1.559721,0.479250,0.127328,0.066167,-0.024037,-0.140998,0.034233,0.018019,-0.026632,-0.074809
1777336399.998793,0.788445,0.663189,1.560672,0.495475,0.143327,-0.012392,-0.023552,-0.125213,0.799279,0.676356,1.558923,0.474535,0.127064,0.065271,-0.024025,-0.141446,0.035753,0.019709,-0.026660,-0.075036
1777336400.032140,0.793847,0.665796,1.560015,0.490433,0.143590,-0.012336,-0.023253,-0.126431,0.803479,0.678488,1.558127,0.469780,0.126799,0.064375,-0.024014,-0.142635,0.036282,0.020866,-0.026713,-0.075095
1777336400.065499,0.793847,0.665796,1.560015,0.490433,0.143590,-0.012336,-0.023253,-0.126431,0.807712,0.680612,1.557324,0.464920,0.126531,0.063467,-0.024002,-0.145809,0.039138,0.022458,-0.026923,-0.077323
1777336400.098787,0.797722,0.667643,1.559575,0.485104,0.139634,-0.012044,-0.022334,-0.124513,0.811895,0.682685,1.556530,0.460051,0.126263,0.062565,-0.023991,-0.146086,0.041690,0.023759,-0.027193,-0.079086
1777336400.132122,0.802472,0.670036,1.558258,0.480098,0.139777,-0.011824,-0.022975,-0.126898,0.816098,0.684741,1.555730,0.455088,0.125992,0.061654,-0.023979,-0.148866,0.043364,0.024535,-0.027336,-0.080513
1777336400.165418,0.805657,0.671593,1.557457,0.474747,0.135889,-0.011463,-0.022638,-0.125961,0.820287,0.686765,1.554931,0.450074,0.125720,0.060741,-0.023967,-0.150424,0.045281,0.025194,-0.027467,-0.081620
1777336400.198756,0.810412,0.674102,1.557205,0.469557,0.136685,-0.011107,-0.022034,-0.130153,0.824467,0.688758,1.554133,0.445000,0.125447,0.059826,-0.023955,-0.152232,0.046360,0.025296,-0.027701,-0.082515
1777336400.232076,0.813198,0.675540,1.555787,0.464009,0.134443,-0.010756,-0.022811,-0.133506,0.828642,0.690723,1.553334,0.439860,0.125172,0.058907,-0.023943,-0.154198,0.047936,0.025369,-0.027790,-0.083109
1777336400.265466,0.818486,0.678371,1.555064,0.458410,0.135704,-0.010283,-0.022729,-0.137318,0.832791,0.692650,1.552539,0.434680,0.124897,0.057989,-0.023931,-0.155390,0.048354,0.024783,-0.027887,-0.083462
1777336400.298785,0.821713,0.680064,1.554644,0.452629,0.133350,-0.009832,-0.022138,-0.138743,0.836969,0.694563,1.551737,0.429390,0.124617,0.057060,-0.023919,-0.158700,0.049056,0.024130,-0.028053,-0.083528
1777336400.332109,0.826889,0.682932,1.553231,0.447009,0.134843,-0.009228,-0.022973,-0.143041,0.841103,0.696429,1.550942,0.424083,0.124339,0.056137,-0.023907,-0.159203,0.048752,0.022841,-0.028080,-0.083547
1777336400.365480,0.829826,0.684540,1.552472,0.441242,0.133226,-0.008757,-0.022970,-0.146761,0.845250,0.698275,1.550144,0.418686,0.124058,0.055205,-0.023895,-0.161937,0.048958,0.021584,-0.028110,-0.083383
1777336400.398822,0.835183,0.687542,1.552090,0.435509,0.135016,-0.008050,-0.022522,-0.150765,0.849373,0.700083,1.549348,0.413243,0.123776,0.054275,-0.023882,-0.163289,0.048076,0.019669,-0.028222,-0.083198
1777336400.432193,0.838681,0.689447,1.550485,0.429624,0.132959,-0.007475,-0.023375,-0.150799,0.853487,0.701859,1.548553,0.407737,0.123494,0.053342,-0.023870,-0.165162,0.047437,0.017726,-0.028158,-0.082908
1777336400.465431,0.844846,0.692910,1.549635,0.423847,0.133817,-0.006540,-0.023147,-0.149270,0.857612,0.703614,1.547754,0.402138,0.123208,0.052402,-0.023858,-0.167967,0.045335,0.014966,-0.028084,-0.082626
1777336400.498775,0.847482,0.694453,1.549314,0.418311,0.131707,-0.005961,-0.022571,-0.151007,0.861685,0.705319,1.546964,0.396533,0.122924,0.051470,-0.023845,-0.168159,0.044152,0.012428,-0.028113,-0.082536
1777336400.532078,0.852647,0.697430,1.547893,0.412759,0.133414,-0.005100,-0.023436,-0.154271,0.865775,0.707005,1.546169,0.390826,0.122636,0.050529,-0.023833,-0.171213,0.042155,0.009341,-0.028008,-0.082524
1777336400.565426,0.855573,0.699102,1.547130,0.407164,0.132069,-0.004531,-0.023469,-0.156979,0.869860,0.708660,1.545374,0.385048,0.122347,0.049585,-0.023820,-0.173331,0.040863,0.006452,-0.027914,-0.082700
1777336400.598782,0.861131,0.702247,1.546715,0.401567,0.133950,-0.003620,-0.023022,-0.158740,0.873939,0.710286,1.544578,0.379196,0.122056,0.048637,-0.023807,-0.175561,0.038554,0.002966,-0.027903,-0.083038
1777336400.632101,0.864498,0.704126,1.545149,0.395919,0.132200,-0.002997,-0.023890,-0.158303,0.877984,0.711870,1.543788,0.373314,0.121766,0.047693,-0.023795,-0.176469,0.036736,-0.000372,-0.027733,-0.083528
