time,x,y,z,yaw,linx,liny,linz,yaw_rate,xd,yd,zd,yawd,vxd,vyd,vzd,wyawd,cmd_linx,cmd_liny,cmd_linz,cmd_angz
1777056099.486608,0.010843,0.018215,1.550462,0.034950,-0.012486,0.022275,-0.008609,-0.009463,0.000000,0.000000,1.550000,0.000000,0.000000,0.000000,0.000000,0.000000,0.028085,-0.096065,0.000012,-0.008058
1777056099.520010,0.010577,0.017938,1.550459,0.034381,-0.011005,0.021685,-0.008553,-0.009948,0.000000,0.000000,1.550000,0.000000,0.000000,0.000000,0.000000,0.000000,0.025429,-0.094198,0.000011,-0.007841
1777056099.553241,0.010110,0.017195,1.550463,0.033804,-0.009881,0.020596,-0.008493,-0.010450,0.000000,0.000000,1.550000,0.000000,0.000000,0.000000,0.000000,0.000000,0.024327,-0.090143,-0.000004,-0.007584
1777056099.586699,0.010110,0.017195,1.550463,0.033804,-0.009881,0.020596,-0.008493,-0.010450,0.000000,0.000000,1.550000,0.000000,0.000000,0.000000,0.000000,0.000000,0.020361,-0.089608,-0.000011,-0.009834
1777056099.620055,0.009841,0.016614,1.550480,0.033231,-0.008302,0.019676,-0.008402,-0.010674,0.000000,0.000000,1.550000,0.000000,0.000000,0.000000,0.000000,0.000000,0.018403,-0.086345,-0.000054,-0.009384
1777056099.653265,0.009467,0.015806,1.550482,0.032695,-0.007372,0.018572,-0.008345,-0.011180,0.000000,0.000000,1.550000,0.000000,0.000000,0.000000,0.000000,0.000000,0.017308,-0.082022,-0.000066,-0.009110
1777056099.686629,0.009282,0.015347,1.550483,0.032124,-0.006244,0.017874,-0.008281,-0.011725,0.000000,0.000000,1.550000,0.000000,0.000000,0.000000,0.000000,0.000000,0.015026,-0.079347,-0.000078,-0.008683
1777056099.719942,0.008897,0.014328,1.550489,0.031421,-0.005471,0.016573,-0.008219,-0.012712,0.000000,0.000000,1.550000,0.000000,0.000000,0.000000,0.000000,0.000000,0.014290,-0.074039,-0.000098,-0.007667
1777056099.753259,0.008679,0.013757,1.550475,0.030740,-0.004221,0.015762,-0.008157,-0.013110,0.000000,0.000000,1.550000,0.000000,0.000000,0.000000,0.000000,0.000000,0.012442,-0.070863,-0.000079,-0.006802
1777056099.786655,0.008293,0.012565,1.550489,0.030134,-0.003546,0.014309,-0.008083,-0.013684,0.000000,0.000000,1.550000,0.000000,0.000000,0.000000,0.000000,0.000000,0.011921,-0.064755,-0.000116,-0.006302
1777056099.819933,0.008099,0.011913,1.550495,0.029622,-0.002678,0.013488,-0.008012,-0.013933,0.000000,0.000000,1.550000,0.000000,0.000000,0.000000,0.000000,0.000000,0.010149,-0.061227,-0.000137,-0.006216
1777056099.853235,0.007702,0.010662,1.550492,0.029190,-0.002003,0.012005,-0.007947,-0.013795,0.000000,0.000000,1.550000,0.000000,0.000000,0.000000,0.000000,0.000000,0.009903,-0.054879,-0.000142,-0.006472
1777056099.886569,0.007506,0.009957,1.550495,0.028826,-0.001226,0.011171,-0.007877,-0.013594,0.000000,0.000000,1.550000,0.000000,0.000000,0.000000,0.000000,0.000000,0.008338,-0.051147,-0.000159,-0.006978
1777056099.919935,0.007121,0.008656,1.550495,0.028491,-0.000687,0.009683,-0.007810,-0.013293,0.000000,0.000000,1.550000,0.000000,0.000000,0.000000,0.000000,0.000000,0.008211,-0.044612,-0.000168,-0.007549
1777056099.953289,0.006915,0.007906,1.550492,0.028147,0.000106,0.008843,-0.007739,-0.012991,0.000000,0.000000,1.550000,0.000000,0.000000,0.000000,0.000000,0.000000,0.006883,-0.040719,-0.000172,-0.008013
1777056099.986653,0.006507,0.006485,1.550471,0.027760,0.000849,0.007276,-0.007672,-0.012628,0.000000,0.000000,1.550000,0.000000,0.000000,0.000000,0.000000,0.000000,0.007033,-0.033671,-0.000138,-0.008244
1777056100.019916,0.006312,0.005714,1.550476,0.027321,0.001657,0.006471,-0.007582,-0.012588,0.000000,0.000000,1.550000,0.000000,0.000000,0.000000,0.000000,0.000000,0.005736,-0.029745,-0.000157,-0.008200
1777056100.053320,0.005933,0.004359,1.550486,0.026834,0.002111,0.005024,-0.007494,-0.012820,0.000000,0.000000,1.550000,0.000000,0.000000,0.000000,0.000000,0.000000,0.005819,-0.023076,-0.000185,-0.007919
1777056100.086707,0.005738,0.003603,1.550479,0.026312,0.002817,0.004281,-0.007420,-0.013054,0.000000,0.000000,1.550000,0.000000,0.000000,0.000000,0.000000,0.000000,0.004659,-0.019287,-0.000182,-0.007478
1777056100.120043,0.005356,0.002251,1.550472,0.025785,0.003341,0.002901,-0.007335,-0.013157,0.000000,0.000000,1.550000,0.000000,0.000000,0.000000,0.000000,0.000000,0.004871,-0.012711,-0.000176,-0.007017
1777056100.153301,0.005163,0.001494,1.550467,0.025283,0.004122,0.002231,-0.007241,-0.013108,0.000000,0.000000,1.550000,0.000000,0.000000,0.000000,0.000000,0.000000,0.003792,-0.009003,-0.000177,-0.006676
1777056100.186709,0.004790,0.000249,1.550474,0.024825,0.004469,0.000997,-0.007150,-0.013215,0.000000,0.000000,1.550000,0.000000,0.000000,0.000000,0.000000,0.000000,0.004035,-0.003015,-0.000201,-0.006525
1777056100.219945,0.004603,-0.000461,1.550465,0.024396,0.005160,0.000420,-0.007064,-0.013014,0.000000,0.000000,1.550000,0.000000,0.000000,0.000000,0.000000,0.000000,0.003027,0.000389,-0.000192,-0.006490
1777056100.253258,0.004236,-0.001577,1.550484,0.023999,0.005358,-0.000662,-0.006969,-0.013154,0.000000,0.000000,1.550000,0.000000,0.000000,0.000000,0.000000,0.000000,0.003332,0.005685,-0.000241,-0.006563
1777056100.286831,0.004049,-0.002254,1.550464,0.023600,0.005974,-0.001166,-0.006898,-0.012913,0.000000,0.000000,1.550000,0.000000,0.000000,0.000000,0.000000,0.000000,0.002442,0.008851,-0.000211,-0.006591
1777056100.320094,0.003677,-0.003311,1.550471,0.023202,0.006200,-0.002131,-0.006809,-0.012918,0.000000,0.000000,1.550000,0.000000,0.000000,0.000000,0.000000,0.000000,0.002878,0.013791,-0.000234,-0.006595
1777056100.353274,0.003482,-0.003916,1.550469,0.022791,0.006670,-0.002553,-0.006726,-0.012874,0.000000,0.000000,1.550000,0.000000,0.000000,0.000000,0.000000,0.000000,0.002132,0.016544,-0.000242,-0.006509
1777056100.386723,0.003115,-0.004872,1.550463,0.022375,0.006880,-0.003371,-0.006650,-0.012916,0.000000,0.000000,1.550000,0.000000,0.000000,0.000000,0.000000,0.000000,0.002629,0.020929,-0.000240,-0.006371
1777056100.419938,0.002915,-0.005403,1.550464,0.021957,0.007237,-0.003713,-0.006573,-0.013048,0.000000,0.000000,1.550000,0.000000,0.000000,0.000000,0.000000,0.000000,0.002011,0.023263,-0.000252,-0.006204
1777056100.453269,0.002554,-0.006261,1.550458,0.021540,0.007458,-0.004381,-0.006493,-0.013001,0.000000,0.000000,1.550000,0.000000,0.000000,0.000000,0.000000,0.000000,0.002552,0.027115,-0.000250,-0.006023
1777056100.486704,0.002359,-0.006766,1.550440,0.021132,0.007929,-0.004605,-0.006420,-0.012807,0.000000,0.000000,1.550000,0.000000,0.000000,0.000000,0.000000,0.000000,0.001973,0.029252,-0.000222,-0.005869
1777056100.519947,0.001986,-0.007530,1.550432,0.020739,0.008196,-0.005098,-0.006330,-0.012550,0.000000,0.000000,1.550000,0.000000,0.000000,0.000000,0.000000,0.000000,0.002630,0.032572,-0.000214,-0.005764
1777056100.553259,0.001784,-0.007915,1.550441,0.020364,0.008530,-0.005217,-0.006237,-0.012469,0.000000,0.000000,1.550000,0.000000,0.000000,0.000000,0.000000,0.000000,0.002146,0.034062,-0.000242,-0.005719
1777056100.586680,0.001429,-0.008494,1.550434,0.019997,0.008663,-0.005553,-0.006163,-0.012378,0.000000,0.000000,1.550000,0.000000,0.000000,0.000000,0.000000,0.000000,0.002750,0.036443,-0.000238,-0.005681
1777056100.619919,0.001238,-0.008816,1.550432,0.019636,0.008969,-0.005600,-0.006086,-0.012295,0.000000,0.000000,1.550000,0.000000,0.000000,0.000000,0.000000,0.000000,0.002273,0.037586,-0.000242,-0.005636
1777056100.653277,0.000890,-0.009280,1.550429,0.019273,0.009099,-0.005791,-0.006006,-0.012172,0.000000,0.000000,1.550000,0.000000,0.000000,0.000000,0.000000,0.000000,0.002888,0.039371,-0.000245,-0.005565
1777056100.686731,0.000699,-0.009536,1.550420,0.018913,0.009387,-0.005753,-0.005936,-0.012079,0.000000,0.000000,1.550000,0.000000,0.000000,0.000000,0.000000,0.000000,0.002475,0.040156,-0.000236,-0.005475
1777056100.719920,0.000359,-0.009910,1.550402,0.018549,0.009623,-0.005758,-0.005854,-0.011756,0.000000,0.000000,1.550000,0.000000,0.000000,0.000000,0.000000,0.000000,0.003088,0.041452,-0.000208,-0.005352
1777056100.753263,0.000159,-0.010076,1.550414,0.018198,0.009850,-0.005634,-0.005763,-0.011717,0.000000,0.000000,1.550000,0.000000,0.000000,0.000000,0.000000,0.000000,0.002786,0.041751,-0.000240,-0.005270
1777056100.786630,0.000159,-0.010076,1.550414,0.018198,0.009850,-0.005634,-0.005763,-0.011717,0.000000,0.000000,1.550000,0.000000,0.000000,0.000000,0.000000,0.000000,0.001270,0.041327,-0.000248,-0.006710
1777056100.819883,-0.000212,-0.010304,1.550414,0.017845,0.009990,-0.005500,-0.005668,-0.011445,0.000000,0.000000,1.550000,0.000000,0.000000,0.000000,0.000000,0.000000,0.002277,0.041923,-0.000256,-0.006450
1777056100.853276,-0.000364,-0.010412,1.550402,0.017508,0.010277,-0.005296,-0.005599,-0.011308,0.000000,0.000000,1.550000,0.000000,0.000000,0.000000,0.000000,0.000000,0.001830,0.041952,-0.000241,-0.006259
1777056100.886643,-0.000679,-0.010514,1.550395,0.017138,0.010405,-0.005059,-0.005518,-0.011185,0.000000,0.000000,1.550000,0.000000,0.000000,0.000000,0.000000,0.000000,0.002497,0.041916,-0.000234,-0.005909
1777056100.920039,-0.000843,-0.010571,1.550377,0.016672,0.010752,-0.004737,-0.005439,-0.011183,0.000000,0.000000,1.550000,0.000000,0.000000,0.000000,0.000000,0.000000,0.002157,0.041651,-0.000205,-0.005136
1777056100.953242,-0.001196,-0.010557,1.550384,0.016234,0.010754,-0.004424,-0.005351,-0.011409,0.000000,0.000000,1.550000,0.000000,0.000000,0.000000,0.000000,0.000000,0.003100,0.041024,-0.000227,-0.004509
1777056100.986701,-0.001363,-0.010554,1.550377,0.015819,0.011038,-0.004076,-0.005265,-0.011313,0.000000,0.000000,1.550000,0.000000,0.000000,0.000000,0.000000,0.000000,0.002809,0.040455,-0.000220,-0.004006
1777056101.019930,-0.001705,-0.010450,1.550377,0.015476,0.011017,-0.003688,-0.005189,-0.011261,0.000000,0.000000,1.550000,0.000000,0.000000,0.000000,0.000000,0.000000,0.003705,0.039385,-0.000229,-0.003829
1777056101.053272,-0.001863,-0.010394,1.550364,0.015184,0.011290,-0.003298,-0.005109,-0.010847,0.000000,0.000000,1.550000,0.000000,0.000000,0.000000,0.000000,0.000000,0.003392,0.038554,-0.000211,-0.003872
1777056101.086726,-0.001863,-0.010394,1.550364,0.015184,0.011290,-0.003298,-0.005109,-0.010847,0.000000,0.000000,1.550000,0.000000,0.000000,0.000000,0.000000,0.000000,0.002140,0.038064,-0.000217,-0.005172
1777056101.120058,-0.002234,-0.010192,1.550376,0.014936,0.011327,-0.002742,-0.004995,-0.010344,0.000000,0.000000,1.550000,0.000000,0.000000,0.000000,0.000000,0.000000,0.003369,0.036554,-0.000249,-0.005251
1777056101.153269,-0.002369,-0.010092,1.550359,0.014702,0.011568,-0.002349,-0.004925,-0.009907,0.000000,0.000000,1.550000,0.000000,0.000000,0.000000,0.000000,0.000000,0.003033,0.035548,-0.000223,-0.005374
1777056101.186692,-0.002672,-0.009830,1.550356,0.014434,0.011598,-0.001790,-0.004842,-0.009618,0.000000,0.000000,1.550000,0.000000,0.000000,0.000000,0.000000,0.000000,0.003825,0.033749,-0.000223,-0.005310
1777056101.220051,-0.002825,-0.009679,1.550353,0.014119,0.011809,-0.001359,-0.004750,-0.009417,0.000000,0.000000,1.550000,0.000000,0.000000,0.000000,0.000000,0.000000,0.003635,0.032501,-0.000225,-0.005024
1777056101.253345,-0.003135,-0.009352,1.550349,0.013791,0.011795,-0.000766,-0.004671,-0.009350,0.000000,0.000000,1.550000,0.000000,0.000000,0.000000,0.000000,0.000000,0.004491,0.030395,-0.000225,-0.004680
1777056101.286669,-0.003285,-0.009167,1.550344,0.013465,0.011974,-0.000338,-0.004585,-0.009211,0.000000,0.000000,1.550000,0.000000,0.000000,0.000000,0.000000,0.000000,0.004306,0.029000,-0.000223,-0.004347
1777056101.319979,-0.003590,-0.008812,1.550355,0.013170,0.011883,0.000218,-0.004503,-0.009257,0.000000,0.000000,1.550000,0.000000,0.000000,0.000000,0.000000,0.000000,0.005167,0.026790,-0.000255,-0.004147
1777056101.353325,-0.003731,-0.008605,1.550344,0.012894,0.012006,0.000614,-0.004438,-0.009102,0.000000,0.000000,1.550000,0.000000,0.000000,0.000000,0.000000,0.000000,0.004969,0.025322,-0.000240,-0.004028
1777056101.386679,-0.004007,-0.008221,1.550347,0.012648,0.011925,0.001176,-0.004369,-0.009017,0.000000,0.000000,1.550000,0.000000,0.000000,0.000000,0.000000,0.000000,0.005679,0.023010,-0.000256,-0.004018
1777056101.419976,-0.004150,-0.007998,1.550347,0.012411,0.011994,0.001544,-0.004302,-0.008874,0.000000,0.000000,1.550000,0.000000,0.000000,0.000000,0.000000,0.000000,0.005545,0.021508,-0.000263,-0.004029
1777056101.453352,-0.004392,-0.007580,1.550336,0.012177,0.011950,0.002125,-0.004245,-0.008713,0.000000,0.000000,1.550000,0.000000,0.000000,0.000000,0.000000,0.000000,0.006086,0.019082,-0.000250,-0.004032
1777056101.486579,-0.004529,-0.007340,1.550332,0.011941,0.012014,0.002488,-0.004182,-0.008585,0.000000,0.000000,1.550000,0.000000,0.000000,0.000000,0.000000,0.000000,0.005959,0.017538,-0.000250,-0.003996
1777056101.519900,-0.004758,-0.006912,1.550332,0.011699,0.011964,0.003052,-0.004115,-0.008501,0.000000,0.000000,1.550000,0.000000,0.000000,0.000000,0.000000,0.000000,0.006463,0.015106,-0.000257,-0.003916
1777056101.553321,-0.004876,-0.006656,1.550318,0.011451,0.012050,0.003411,-0.004060,-0.008369,0.000000,0.000000,1.550000,0.000000,0.000000,0.000000,0.000000,0.000000,0.006264,0.013529,-0.000235,-0.003795
1777056101.586666,-0.005087,-0.006216,1.550313,0.011206,0.012018,0.003965,-0.003995,-0.008262,0.000000,0.000000,1.550000,0.000000,0.000000,0.000000,0.000000,0.000000,0.006706,0.011084,-0.000233,-0.003670
1777056101.619933,-0.005206,-0.005971,1.550313,0.010966,0.012073,0.004281,-0.003927,-0.008175,0.000000,0.000000,1.550000,0.000000,0.000000,0.000000,0.000000,0.000000,0.006567,0.009606,-0.000240,-0.003556
1777056101.653307,-0.005396,-0.005549,1.550304,0.010735,0.012038,0.004786,-0.003872,-0.008083,0.000000,0.000000,1.550000,0.000000,0.000000,0.000000,0.000000,0.000000,0.006927,0.007296,-0.000227,-0.003465
1777056101.686643,-0.005501,-0.005308,1.550299,0.010511,0.012092,0.005071,-0.003812,-0.007974,0.000000,0.000000,1.550000,0.000000,0.000000,0.000000,0.000000,0.000000,0.006750,0.005887,-0.000224,-0.003395
1777056101.720038,-0.005658,-0.004881,1.550293,0.010294,0.012101,0.005557,-0.003744,-0.007775,0.000000,0.000000,1.550000,0.000000,0.000000,0.000000,0.000000,0.000000,0.006941,0.003602,-0.000219,-0.003335
1777056101.753300,-0.005736,-0.004630,1.550278,0.010082,0.012205,0.005826,-0.003682,-0.007525,0.000000,0.000000,1.550000,0.000000,0.000000,0.000000,0.000000,0.000000,0.006647,0.002194,-0.000195,-0.003286
1777056101.786707,-0.005897,-0.004238,1.550277,0.009876,0.012189,0.006245,-0.003611,-0.007336,0.000000,0.000000,1.550000,0.000000,0.000000,0.000000,0.000000,0.000000,0.006920,0.000125,-0.000198,-0.003248
1777056101.819986,-0.006003,-0.004051,1.550284,0.009676,0.012194,0.006428,-0.003545,-0.007297,0.000000,0.000000,1.550000,0.000000,0.000000,0.000000,0.000000,0.000000,0.006866,-0.000935,-0.000218,-0.003216
1777056101.853323,-0.006127,-0.003701,1.550274,0.009473,0.012188,0.006784,-0.003494,-0.007190,0.000000,0.000000,1.550000,0.000000,0.000000,0.000000,0.000000,0.000000,0.006954,-0.002755,-0.000204,-0.003153
1777056101.886756,-0.006202,-0.003508,1.550271,0.009272,0.012222,0.006953,-0.003437,-0.007118,0.000000,0.000000,1.550000,0.000000,0.000000,0.000000,0.000000,0.000000,0.006752,-0.003794,-0.000204,-0.003085
1777056101.919910,-0.006314,-0.003192,1.550270,0.009072,0.012211,0.007254,-0.003378,-0.007038,0.000000,0.000000,1.550000,0.000000,0.000000,0.000000,0.000000,0.000000,0.006822,-0.005407,-0.000207,-0.003006
1777056101.953289,-0.006377,-0.003012,1.550261,0.008876,0.012247,0.007391,-0.003328,-0.006955,0.000000,0.000000,1.550000,0.000000,0.000000,0.000000,0.000000,0.000000,0.006600,-0.006340,-0.000195,-0.002929
1777056101.986800,-0.006468,-0.002723,1.550255,0.008684,0.012250,0.007642,-0.003272,-0.006832,0.000000,0.000000,1.550000,0.000000,0.000000,0.000000,0.000000,0.000000,0.006592,-0.007779,-0.000189,-0.002856
1777056102.020007,-0.006520,-0.002560,1.550254,0.008497,0.012291,0.007740,-0.003211,-0.006701,0.000000,0.000000,1.550000,0.000000,0.000000,0.000000,0.000000,0.000000,0.006356,-0.008586,-0.000192,-0.002796
1777056102.053292,-0.006614,-0.002332,1.550249,0.008318,0.012267,0.007917,-0.003162,-0.006628,0.000000,0.000000,1.550000,0.000000,0.000000,0.000000,0.000000,0.000000,0.006429,-0.009691,-0.000187,-0.002751
1777056102.086678,-0.006661,-0.002199,1.550245,0.008142,0.012293,0.007979,-0.003111,-0.006537,0.000000,0.000000,1.550000,0.000000,0.000000,0.000000,0.000000,0.000000,0.006211,-0.010322,-0.000185,-0.002706
1777056102.120008,-0.006721,-0.001994,1.550242,0.007968,0.012301,0.008111,-0.003055,-0.006407,0.000000,0.000000,1.550000,0.000000,0.000000,0.000000,0.000000,0.000000,0.006114,-0.011282,-0.000184,-0.002656
1777056102.153270,-0.006740,-0.001863,1.550229,0.007796,0.012360,0.008135,-0.003002,-0.006217,0.000000,0.000000,1.550000,0.000000,0.000000,0.000000,0.000000,0.000000,0.005770,-0.011858,-0.000163,-0.002600
1777056102.186790,-0.006789,-0.001697,1.550224,0.007627,0.012376,0.008195,-0.002940,-0.006028,0.000000,0.000000,1.550000,0.000000,0.000000,0.000000,0.000000,0.000000,0.005657,-0.012590,-0.000158,-0.002547
1777056102.219862,-0.006789,-0.001697,1.550224,0.007627,0.012376,0.008195,-0.002940,-0.006028,0.000000,0.000000,1.550000,0.000000,0.000000,0.000000,0.000000,0.000000,0.005258,-0.012526,-0.000162,-0.003232
1777056102.253292,-0.006867,-0.001611,1.550232,0.007460,0.012358,0.008152,-0.002861,-0.005828,0.000000,0.000000,1.550000,0.000000,0.000000,0.000000,0.000000,0.000000,0.005393,-0.012857,-0.000182,-0.003111
1777056102.286764,-0.006860,-0.001481,1.550216,0.007298,0.012422,0.008146,-0.002807,-0.005618,0.000000,0.000000,1.550000,0.000000,0.000000,0.000000,0.000000,0.000000,0.004987,-0.013375,-0.000154,-0.003005
1777056102.319931,-0.006898,-0.001444,1.550217,0.007125,0.012417,0.008065,-0.002747,-0.005554,0.000000,0.000000,1.550000,0.000000,0.000000,0.000000,0.000000,0.000000,0.004907,-0.013434,-0.000163,-0.002843
1777056102.353344,-0.006911,-0.001366,1.550214,0.006937,0.012438,0.008003,-0.002683,-0.005448,0.000000,0.000000,1.550000,0.000000,0.000000,0.000000,0.000000,0.000000,0.004682,-0.013671,-0.000160,-0.002608
1777056102.386868,-0.006952,-0.001352,1.550213,0.006760,0.012414,0.007900,-0.002630,-0.005437,0.000000,0.000000,1.550000,0.000000,0.000000,0.000000,0.000000,0.000000,0.004670,-0.013592,-0.000164,-0.002426
1777056102.419976,-0.006977,-0.001326,1.550211,0.006593,0.012402,0.007804,-0.002577,-0.005370,0.000000,0.000000,1.550000,0.000000,0.000000,0.000000,0.000000,0.000000,0.004569,-0.013558,-0.000165,-0.002290
1777056102.453319,-0.007003,-0.001321,1.550213,0.006446,0.012383,0.007696,-0.002525,-0.005299,0.000000,0.000000,1.550000,0.000000,0.000000,0.000000,0.000000,0.000000,0.004488,-0.013414,-0.000175,-0.002233
1777056102.486841,-0.007014,-0.001324,1.550206,0.006311,0.012374,0.007572,-0.002482,-0.005168,0.000000,0.000000,1.550000,0.000000,0.000000,0.000000,0.000000,0.000000,0.004336,-0.013229,-0.000166,-0.002217
1777056102.519993,-0.007021,-0.001328,1.550203,0.006183,0.012364,0.007446,-0.002433,-0.005023,0.000000,0.000000,1.550000,0.000000,0.000000,0.000000,0.000000,0.000000,0.004171,-0.013030,-0.000166,-0.002226
1777056102.553274,-0.007011,-0.001353,1.550200,0.006057,0.012366,0.007278,-0.002378,-0.004842,0.000000,0.000000,1.550000,0.000000,0.000000,0.000000,0.000000,0.000000,0.003916,-0.012716,-0.000164,-0.002222
1777056102.586728,-0.007040,-0.001390,1.550197,0.005931,0.012321,0.007130,-0.002335,-0.004761,0.000000,0.000000,1.550000,0.000000,0.000000,0.000000,0.000000,0.000000,0.003944,-0.012349,-0.000164,-0.002209
1777056102.619992,-0.007043,-0.001452,1.550195,0.005800,0.012300,0.006949,-0.002291,-0.004685,0.000000,0.000000,1.550000,0.000000,0.000000,0.000000,0.000000,0.000000,0.003811,-0.011853,-0.000164,-0.002159
1777056102.653292,-0.007049,-0.001491,1.550195,0.005667,0.012272,0.006800,-0.002245,-0.004634,0.000000,0.000000,1.550000,0.000000,0.000000,0.000000,0.000000,0.000000,0.003710,-0.011468,-0.000169,-0.002090
1777056102.686669,-0.007045,-0.001575,1.550188,0.005533,0.012249,0.006600,-0.002208,-0.004589,0.000000,0.000000,1.550000,0.000000,0.000000,0.000000,0.000000,0.000000,0.003566,-0.010862,-0.000161,-0.002010
1777056102.720044,-0.007028,-0.001619,1.550183,0.005401,0.012233,0.006437,-0.002164,-0.004495,0.000000,0.000000,1.550000,0.000000,0.000000,0.000000,0.000000,0.000000,0.003351,-0.010450,-0.000154,-0.001930
1777056102.753331,-0.007029,-0.001728,1.550184,0.005277,0.012196,0.006216,-0.002119,-0.004441,0.000000,0.000000,1.550000,0.000000,0.000000,0.000000,0.000000,0.000000,0.003281,-0.009721,-0.000162,-0.001874
1777056102.786691,-0.007037,-0.001793,1.550179,0.005158,0.012151,0.006056,-0.002085,-0.004406,0.000000,0.000000,1.550000,0.000000,0.000000,0.000000,0.000000,0.000000,0.003261,-0.009207,-0.000156,-0.001833
1777056102.819916,-0.007016,-0.001907,1.550175,0.005042,0.012132,0.005837,-0.002048,-0.004331,0.000000,0.000000,1.550000,0.000000,0.000000,0.000000,0.000000,0.000000,0.003064,-0.008462,-0.000153,-0.001798
1777056102.853338,-0.007002,-0.001973,1.550174,0.004930,0.012098,0.005671,-0.002007,-0.004243,0.000000,0.000000,1.550000,0.000000,0.000000,0.000000,0.000000,0.000000,0.002935,-0.007943,-0.000153,-0.001769
1777056102.886639,-0.006982,-0.002101,1.550167,0.004820,0.012069,0.005440,-0.001974,-0.004161,0.000000,0.000000,1.550000,0.000000,0.000000,0.000000,0.000000,0.000000,0.002774,-0.007132,-0.000144,-0.001740
1777056102.919972,-0.006960,-0.002173,1.550162,0.004712,0.012033,0.005270,-0.001934,-0.004057,0.000000,0.000000,1.550000,0.000000,0.000000,0.000000,0.000000,0.000000,0.002622,-0.006592,-0.000139,-0.001705
1777056102.953256,-0.006940,-0.002309,1.550162,0.004605,0.011995,0.005034,-0.001892,-0.003976,0.000000,0.000000,1.550000,0.000000,0.000000,0.000000,0.000000,0.000000,0.002492,-0.005742,-0.000142,-0.001670
1777056102.986701,-0.006910,-0.002383,1.550153,0.004498,0.011954,0.004863,-0.001856,-0.003862,0.000000,0.000000,1.550000,0.000000,0.000000,0.000000,0.000000,0.000000,0.002316,-0.005195,-0.000128,-0.001624
1777056103.019903,-0.006877,-0.002524,1.550150,0.004393,0.011912,0.004619,-0.001813,-0.003751,0.000000,0.000000,1.550000,0.000000,0.000000,0.000000,0.000000,0.000000,0.002132,-0.004328,-0.000125,-0.001582
1777056103.053389,-0.006883,-0.002607,1.550153,0.004292,0.011835,0.004458,-0.001772,-0.003691,0.000000,0.000000,1.550000,0.000000,0.000000,0.000000,0.000000,0.000000,0.002219,-0.003740,-0.000133,-0.001548
1777056103.086662,-0.006855,-0.002741,1.550147,0.004193,0.011790,0.004239,-0.001739,-0.003621,0.000000,0.000000,1.550000,0.000000,0.000000,0.000000,0.000000,0.000000,0.002087,-0.002914,-0.000126,-0.001513
1777056103.120001,-0.006841,-0.002818,1.550145,0.004096,0.011727,0.004091,-0.001703,-0.003554,0.000000,0.000000,1.550000,0.000000,0.000000,0.000000,0.000000,0.000000,0.002064,-0.002368,-0.000125,-0.001481
1777056103.153276,-0.006811,-0.002948,1.550145,0.004001,0.011681,0.003886,-0.001666,-0.003490,0.000000,0.000000,1.550000,0.000000,0.000000,0.000000,0.000000,0.000000,0.001934,-0.001576,-0.000128,-0.001450
1777056103.186702,-0.006793,-0.003022,1.550139,0.003909,0.011616,0.003747,-0.001636,-0.003423,0.000000,0.000000,1.550000,0.000000,0.000000,0.000000,0.000000,0.000000,0.001902,-0.001055,-0.000120,-0.001419
1777056103.220007,-0.006748,-0.003142,1.550136,0.003817,0.011572,0.003553,-0.001600,-0.003338,0.000000,0.000000,1.550000,0.000000,0.000000,0.000000,0.000000,0.000000,0.001697,-0.000311,-0.000116,-0.001386
1777056103.253269,-0.006731,-0.003213,1.550135,0.003729,0.011497,0.003422,-0.001563,-0.003263,0.000000,0.000000,1.550000,0.000000,0.000000,0.000000,0.000000,0.000000,0.001693,0.000185,-0.000119,-0.001357
1777056103.286682,-0.006677,-0.003325,1.550128,0.003641,0.011446,0.003240,-0.001529,-0.003161,0.000000,0.000000,1.550000,0.000000,0.000000,0.000000,0.000000,0.000000,0.001452,0.000874,-0.000108,-0.001325
1777056103.319949,-0.006677,-0.003392,1.550129,0.003557,0.011352,0.003121,-0.001494,-0.003104,0.000000,0.000000,1.550000,0.000000,0.000000,0.000000,0.000000,0.000000,0.001580,0.001342,-0.000112,-0.001302
1777056103.353297,-0.006644,-0.003490,1.550129,0.003474,0.011293,0.002969,-0.001460,-0.003048,0.750000,0.750000,1.750000,0.872665,0.000000,0.000000,0.000000,0.000000,0.001486,0.001955,-0.000115,-0.001275
1777056103.386699,-0.006630,-0.003546,1.550125,0.003393,0.011212,0.002869,-0.001433,-0.003001,0.750000,0.750000,1.750000,0.872665,0.000000,0.000000,0.000000,0.000000,0.101338,0.101759,0.099896,0.098852
1777056103.419926,-0.006590,-0.003629,1.550122,0.003312,0.011158,0.002739,-0.001403,-0.002950,0.750000,0.750000,1.750000,0.872665,0.000000,0.000000,0.000000,0.000000,0.191204,0.191583,0.141377,0.152502
1777056103.453261,-0.006571,-0.003677,1.550120,0.005457,0.011079,0.002650,-0.001369,0.004099,0.750000,0.750000,1.750000,0.872665,0.000000,0.000000,0.000000,0.000000,0.272083,0.272425,0.178710,0.200519
1777056103.486701,-0.005923,-0.003151,1.552738,0.015436,0.011610,0.003291,0.001901,0.031471,0.750000,0.750000,1.750000,0.872665,0.000000,0.000000,0.000000,0.000000,0.344875,0.345182,0.207583,0.242785
1777056103.520049,-0.005923,-0.003151,1.552738,0.015436,0.011610,0.003291,0.001901,0.031471,0.750000,0.750000,1.750000,0.872665,0.000000,0.000000,0.000000,0.000000,0.410388,0.410664,0.237631,0.282196
1777056103.553301,-0.005418,-0.002744,1.554641,0.030765,0.011888,0.003758,0.004111,0.058947,0.750000,0.750000,1.750000,0.872665,0.000000,0.000000,0.000000,0.000000,0.469349,0.469598,0.261234,0.315605
1777056103.586576,-0.002805,-0.000213,1.555191,0.049810,0.014617,0.006483,0.004612,0.090793,0.750000,0.750000,1.750000,0.872665,0.000000,0.000000,0.000000,0.000000,0.522414,0.522638,0.284442,0.345076
1777056103.619929,-0.001593,0.000985,1.566295,0.071613,0.014879,0.008523,0.017950,0.139692,0.750000,0.750000,1.750000,0.872665,0.000000,0.000000,0.000000,0.000000,0.570173,0.570374,0.285925,0.370984
1777056103.653284,0.002622,0.005343,1.571555,0.096133,0.019185,0.013451,0.023896,0.203389,0.750000,0.750000,1.750000,0.872665,0.000000,0.000000,0.000000,0.000000,0.613155,0.613337,0.295001,0.393465
1777056103.686692,0.004953,0.007767,1.574329,0.123391,0.021424,0.015918,0.026637,0.267533,0.750000,0.750000,1.750000,0.872665,0.000000,0.000000,0.000000,0.000000,0.651840,0.652003,0.306385,0.412529
1777056103.719964,0.004953,0.007767,1.574329,0.123391,0.021424,0.015918,0.026637,0.267533,0.750000,0.750000,1.750000,0.872665,0.000000,0.000000,0.000000,0.000000,0.686656,0.686803,0.321053,0.436138
1777056103.753226,0.012731,0.016087,1.592428,0.183264,0.028625,0.025047,0.047095,0.329998,0.750000,0.750000,1.750000,0.872665,0.000000,0.000000,0.000000,0.000000,0.717990,0.718123,0.300339,0.439721
1777056103.786627,0.021865,0.026460,1.599207,0.215013,0.039243,0.035228,0.054307,0.404495,0.750000,0.750000,1.750000,0.872665,0.000000,0.000000,0.000000,0.000000,0.746191,0.746310,0.298030,0.448848
1777056103.819899,0.026864,0.032168,1.617680,0.248445,0.043442,0.041353,0.075481,0.469370,0.750000,0.750000,1.750000,0.872665,0.000000,0.000000,0.000000,0.000000,0.771572,0.771679,0.271503,0.453954
1777056103.853288,0.036974,0.044300,1.627696,0.281892,0.055513,0.052258,0.085856,0.523725,0.750000,0.750000,1.750000,0.872665,0.000000,0.000000,0.000000,0.000000,0.794415,0.776951,0.258726,0.455436
1777056103.886697,0.042568,0.051107,1.632967,0.315266,0.061779,0.057386,0.090135,0.576519,0.750000,0.750000,1.750000,0.872665,0.000000,0.000000,0.000000,0.000000,0.814973,0.787353,0.253726,0.453047
1777056103.919973,0.054088,0.065799,1.649424,0.348909,0.075808,0.069784,0.108078,0.618266,0.750000,0.750000,1.750000,0.872665,0.000000,0.000000,0.000000,0.000000,0.833476,0.767618,0.225585,0.446106
1777056103.953267,0.060344,0.073925,1.657953,0.381719,0.082861,0.075347,0.115927,0.661559,0.750000,0.750000,1.750000,0.872665,0.000000,0.000000,0.000000,0.000000,0.850128,0.757707,0.211307,0.435239
1777056103.986573,0.073317,0.091336,1.662798,0.414483,0.100656,0.087227,0.119123,0.688325,0.750000,0.750000,1.750000,0.872665,0.000000,0.000000,0.000000,0.000000,0.865116,0.717035,0.203441,0.419313
1777056104.019936,0.080741,0.101524,1.676827,0.446129,0.108579,0.093040,0.132909,0.701830,0.750000,0.750000,1.750000,0.872665,0.000000,0.000000,0.000000,0.000000,0.878604,0.689017,0.176483,0.399390
1777056104.053271,0.094407,0.120279,1.683411,0.475432,0.127987,0.104462,0.138710,0.726328,0.750000,0.750000,1.750000,0.872665,0.000000,0.000000,0.000000,0.000000,0.890744,0.635356,0.163266,0.377480
1777056104.086680,0.101788,0.130623,1.686770,0.503405,0.137388,0.109114,0.140127,0.748962,0.750000,0.750000,1.750000,0.872665,0.000000,0.000000,0.000000,0.000000,0.901669,0.598264,0.156074,0.352696
1777056104.119980,0.117215,0.151878,1.697044,0.530017,0.159299,0.120135,0.150575,0.752892,0.750000,0.750000,1.750000,0.872665,0.000000,0.000000,0.000000,0.000000,0.895225,0.533083,0.134570,0.325453
1777056104.153269,0.126701,0.165359,1.703181,0.554734,0.170183,0.124145,0.153725,0.734644,0.750000,0.750000,1.750000,0.872665,0.000000,0.000000,0.000000,0.000000,0.905703,0.483602,0.120762,0.297499
1777056104.186692,0.126701,0.165359,1.703181,0.554734,0.170183,0.124145,0.153725,0.734644,0.750000,0.750000,1.750000,0.872665,0.000000,0.000000,0.000000,0.000000,0.915132,0.466137,0.119142,0.322771
1777056104.220054,0.143275,0.187352,1.705964,0.576025,0.194015,0.132706,0.154939,0.722615,0.750000,0.750000,1.750000,0.872665,0.000000,0.000000,0.000000,0.000000,0.889417,0.399970,0.112013,0.296129
1777056104.253316,0.153138,0.201190,1.713819,0.595718,0.204624,0.135397,0.160109,0.696068,0.750000,0.750000,1.750000,0.872665,0.000000,0.000000,0.000000,0.000000,0.888799,0.349943,0.094457,0.270348
1777056104.286598,0.170551,0.223420,1.716873,0.613166,0.229723,0.142536,0.162418,0.685376,0.750000,0.750000,1.750000,0.872665,0.000000,0.000000,0.000000,0.000000,0.847448,0.284724,0.086278,0.247985
1777056104.319889,0.180753,0.236732,1.718793,0.632671,0.241394,0.144512,0.161317,0.673756,0.750000,0.750000,1.750000,0.872665,0.000000,0.000000,0.000000,0.000000,0.836651,0.236565,0.080420,0.217101
1777056104.353227,0.200000,0.260949,1.724002,0.649920,0.268510,0.150558,0.165901,0.660720,0.750000,0.750000,1.750000,0.872665,0.000000,0.000000,0.000000,0.000000,0.774179,0.170068,0.067858,0.190649
1777056104.386569,0.210793,0.274671,1.726743,0.665213,0.280633,0.151767,0.166025,0.642665,0.750000,0.750000,1.750000,0.872665,0.000000,0.000000,0.000000,0.000000,0.751847,0.122871,0.060183,0.168381
1777056104.419899,0.231953,0.300335,1.728346,0.678607,0.309587,0.156010,0.165411,0.617617,0.750000,0.750000,1.750000,0.872665,0.000000,0.000000,0.000000,0.000000,0.669729,0.059332,0.054867,0.150719
1777056104.453258,0.243680,0.314565,1.732074,0.689453,0.321608,0.156003,0.166294,0.588411,0.750000,0.750000,1.750000,0.872665,0.000000,0.000000,0.000000,0.000000,0.636026,0.015260,0.045298,0.140288
1777056104.486651,0.267067,0.341684,1.734422,0.698473,0.351283,0.157995,0.165071,0.552462,0.750000,0.750000,1.750000,0.872665,0.000000,0.000000,0.000000,0.000000,0.534138,-0.042577,0.038517,0.134867
1777056104.519983,0.279290,0.355598,1.735249,0.705793,0.361996,0.156534,0.161666,0.517820,0.750000,0.750000,1.750000,0.872665,0.000000,0.000000,0.000000,0.000000,0.493828,-0.080424,0.034938,0.134125
1777056104.553323,0.301467,0.379338,1.737283,0.712449,0.389604,0.156875,0.160969,0.487841,0.750000,0.750000,1.750000,0.872665,0.000000,0.000000,0.000000,0.000000,0.395326,-0.124017,0.029035,0.134268
1777056104.586659,0.314211,0.393247,1.738701,0.719204,0.400575,0.154973,0.157615,0.459383,0.750000,0.750000,1.750000,0.872665,0.000000,0.000000,0.000000,0.000000,0.348238,-0.156474,0.024483,0.132642
1777056104.619928,0.337348,0.416747,1.739215,0.726090,0.427754,0.153823,0.153707,0.435426,0.750000,0.750000,1.750000,0.872665,0.000000,0.000000,0.000000,0.000000,0.239859,-0.190590,0.021904,0.129170
1777056104.653278,0.350505,0.430205,1.740593,0.733339,0.438065,0.151126,0.150009,0.414342,0.750000,0.750000,1.750000,0.872665,0.000000,0.000000,0.000000,0.000000,0.188445,-0.216470,0.017729,0.123139
1777056104.686562,0.373951,0.452639,1.741218,0.740778,0.463624,0.148344,0.144871,0.396343,0.750000,0.750000,1.750000,0.872665,0.000000,0.000000,0.000000,0.000000,0.075356,-0.239700,0.015212,0.115428
1777056104.719886,0.387354,0.465494,1.741429,0.748275,0.472528,0.144775,0.139997,0.379803,0.750000,0.750000,1.750000,0.872665,0.000000,0.000000,0.000000,0.000000,0.021555,-0.258923,0.013692,0.106562
1777056104.753234,0.411117,0.486853,1.742050,0.755598,0.496015,0.140252,0.134281,0.363823,0.750000,0.750000,1.750000,0.872665,0.000000,0.000000,0.000000,0.000000,-0.080600,-0.270892,0.011507,0.097668
1777056104.786672,0.424383,0.498712,1.742202,0.762464,0.502938,0.135778,0.129156,0.348285,0.750000,0.750000,1.750000,0.872665,0.000000,0.000000,0.000000,0.000000,-0.134640,-0.283387,0.010404,0.089858
1777056104.819911,0.453691,0.524656,1.743597,0.774323,0.522161,0.127110,0.119481,0.332908,0.750000,0.750000,1.750000,0.872665,0.000000,0.000000,0.000000,0.000000,-0.221176,-0.282988,0.006960,0.060400
1777056104.853302,0.479855,0.543781,1.742914,0.779382,0.544553,0.118691,0.111359,0.315355,0.750000,0.750000,1.750000,0.872665,0.000000,0.000000,0.000000,0.000000,-0.299058,-0.267818,0.007849,0.059845
1777056104.886674,0.493509,0.553948,1.742531,0.783332,0.549715,0.112834,0.105843,0.296518,0.750000,0.750000,1.750000,0.872665,0.000000,0.000000,0.000000,0.000000,-0.360545,-0.268040,0.008295,0.062905
1777056104.919932,0.515886,0.569906,1.742517,0.785521,0.565535,0.104658,0.099184,0.273549,0.750000,0.750000,1.750000,0.872665,0.000000,0.000000,0.000000,0.000000,-0.424490,-0.251144,0.008136,0.072230
1777056104.953261,0.528447,0.578769,1.742479,0.787782,0.567294,0.098618,0.094039,0.253064,0.750000,0.750000,1.750000,0.872665,0.000000,0.000000,0.000000,0.000000,-0.480516,-0.248302,0.008118,0.079810
1777056104.986672,0.549222,0.592449,1.742368,0.790684,0.578759,0.089892,0.087784,0.236290,0.750000,0.750000,1.750000,0.872665,0.000000,0.000000,0.000000,0.000000,-0.532465,-0.225696,0.008347,0.083313
1777056105.019920,0.560009,0.599136,1.742194,0.794536,0.578177,0.084012,0.083385,0.225433,0.750000,0.750000,1.750000,0.872665,0.000000,0.000000,0.000000,0.000000,-0.576568,-0.220564,0.008772,0.081784
1777056105.053288,0.579009,0.610660,1.742167,0.799278,0.586401,0.075207,0.077849,0.217138,0.750000,0.750000,1.750000,0.872665,0.000000,0.000000,0.000000,0.000000,-0.618911,-0.194375,0.008979,0.075694
1777056105.086698,0.589158,0.616500,1.741997,0.804295,0.583925,0.069299,0.073809,0.211658,0.750000,0.750000,1.750000,0.872665,0.000000,0.000000,0.000000,0.000000,-0.657020,-0.187098,0.009518,0.068063
1777056105.119893,0.606783,0.626270,1.742128,0.809269,0.588807,0.060266,0.068989,0.204987,0.750000,0.750000,1.750000,0.872665,0.000000,0.000000,0.000000,0.000000,-0.691318,-0.157762,0.009503,0.060276
1777056105.153259,0.617021,0.631987,1.742213,0.813721,0.582901,0.053993,0.065080,0.196414,0.750000,0.750000,1.750000,0.872665,0.000000,0.000000,0.000000,0.000000,-0.722186,-0.147635,0.009600,0.054527
1777056105.186657,0.631820,0.638648,1.741972,0.817388,0.584174,0.045201,0.060774,0.188369,0.750000,0.750000,1.750000,0.872665,0.000000,0.000000,0.000000,0.000000,-0.749968,-0.118353,0.010391,0.051825
1777056105.219916,0.640524,0.642788,1.742216,0.820571,0.577186,0.039442,0.057792,0.178774,0.750000,0.750000,1.750000,0.872665,0.000000,0.000000,0.000000,0.000000,-0.774971,-0.108449,0.010218,0.050768
1777056105.253236,0.654943,0.648926,1.742336,0.823356,0.574875,0.030523,0.053909,0.168354,0.750000,0.750000,1.750000,0.872665,0.000000,0.000000,0.000000,0.000000,-0.797474,-0.076863,0.010304,0.050816
1777056105.286693,0.661606,0.651020,1.742139,0.825924,0.566392,0.025353,0.051157,0.159808,0.750000,0.750000,1.750000,0.872665,0.000000,0.000000,0.000000,0.000000,-0.811171,-0.068549,0.011032,0.051243
1777056105.319908,0.673552,0.655021,1.742476,0.828600,0.562299,0.017282,0.048369,0.151743,0.750000,0.750000,1.750000,0.872665,0.000000,0.000000,0.000000,0.000000,-0.830054,-0.039900,0.010690,0.050522
1777056105.353258,0.680017,0.656969,1.742572,0.831363,0.552514,0.012378,0.046058,0.144837,0.750000,0.750000,1.750000,0.872665,0.000000,0.000000,0.000000,0.000000,-0.841094,-0.030498,0.010815,0.048922
1777056105.386678,0.680017,0.656969,1.742572,0.831363,0.552514,0.012378,0.046058,0.144837,0.750000,0.750000,1.750000,0.872665,0.000000,0.000000,0.000000,0.000000,-0.818576,-0.045468,0.011098,0.059295
1777056105.419925,0.690531,0.658934,1.742415,0.834300,0.542194,0.004030,0.042843,0.137432,0.750000,0.750000,1.750000,0.872665,0.000000,0.000000,0.000000,0.000000,-0.836719,-0.013777,0.011719,0.055370
1777056105.453264,0.697033,0.661284,1.743094,0.837170,0.529003,-0.000442,0.040904,0.130504,0.750000,0.750000,1.750000,0.872665,0.000000,0.000000,0.000000,0.000000,-0.848154,-0.002411,0.010637,0.051484
1777056105.486711,0.706318,0.662608,1.743265,0.840773,0.515995,-0.007929,0.038352,0.125441,0.750000,0.750000,1.750000,0.872665,0.000000,0.000000,0.000000,0.000000,-0.863338,0.026807,0.010553,0.044095
1777056105.519935,0.709780,0.662017,1.742946,0.844294,0.501207,-0.011679,0.036241,0.122497,0.750000,0.750000,1.750000,0.872665,0.000000,0.000000,0.000000,0.000000,-0.847874,0.033807,0.011464,0.037010
1777056105.553264,0.715839,0.660833,1.743351,0.847448,0.489399,-0.017912,0.034760,0.119475,0.750000,0.750000,1.750000,0.872665,0.000000,0.000000,0.000000,0.000000,-0.841240,0.056547,0.010908,0.031516
1777056105.586588,0.715839,0.660833,1.743351,0.847448,0.489399,-0.017912,0.034760,0.119475,0.750000,0.750000,1.750000,0.872665,0.000000,0.000000,0.000000,0.000000,-0.814528,0.045661,0.011128,0.040166
1777056105.620039,0.719431,0.659052,1.743497,0.850035,0.473195,-0.022315,0.033034,0.114078,0.750000,0.750000,1.750000,0.872665,0.000000,0.000000,0.000000,0.000000,-0.796774,0.059769,0.011052,0.036217
1777056105.653290,0.724426,0.657888,1.743497,0.851929,0.460729,-0.027372,0.031502,0.108088,0.750000,0.750000,1.750000,0.872665,0.000000,0.000000,0.000000,0.000000,-0.786818,0.079631,0.011263,0.035189
1777056105.686624,0.727330,0.657139,1.743958,0.853729,0.445783,-0.030158,0.030483,0.101924,0.750000,0.750000,1.750000,0.872665,0.000000,0.000000,0.000000,0.000000,-0.768533,0.088256,0.010525,0.034250
1777056105.719953,0.731951,0.654722,1.744150,0.856128,0.427312,-0.035449,0.028812,0.096733,0.750000,0.750000,1.750000,0.872665,0.000000,0.000000,0.000000,0.000000,-0.750666,0.111501,0.010309,0.030214
1777056105.753299,0.731951,0.654722,1.744150,0.856128,0.427312,-0.035449,0.028812,0.096733,0.750000,0.750000,1.750000,0.872665,0.000000,0.000000,0.000000,0.000000,-0.723791,0.104042,0.010456,0.036955
1777056105.786668,0.732737,0.650897,1.743966,0.858416,0.407091,-0.038328,0.027051,0.092238,0.750000,0.750000,1.750000,0.872665,0.000000,0.000000,0.000000,0.000000,-0.686369,0.113654,0.010989,0.032582
1777056105.819958,0.735073,0.647710,1.744442,0.860538,0.391053,-0.042056,0.026300,0.088483,0.750000,0.750000,1.750000,0.872665,0.000000,0.000000,0.000000,0.000000,-0.657920,0.129856,0.010179,0.028864
1777056105.853290,0.736010,0.645600,1.744599,0.862580,0.375361,-0.043674,0.025169,0.084908,0.750000,0.750000,1.750000,0.872665,0.000000,0.000000,0.000000,0.000000,-0.627271,0.136148,0.009990,0.025408
1777056105.886786,0.736587,0.640875,1.744539,0.864920,0.359279,-0.046951,0.024164,0.083285,0.750000,0.750000,1.750000,0.872665,0.000000,0.000000,0.000000,0.000000,-0.586158,0.149316,0.010234,0.020490
1777056105.919955,0.737223,0.638447,1.744968,0.867001,0.343774,-0.048353,0.023432,0.080257,0.750000,0.750000,1.750000,0.872665,0.000000,0.000000,0.000000,0.000000,-0.553819,0.156277,0.009481,0.016706
1777056105.953359,0.737219,0.633374,1.745117,0.868649,0.326525,-0.051114,0.022556,0.076610,0.750000,0.750000,1.750000,0.872665,0.000000,0.000000,0.000000,0.000000,-0.509615,0.168661,0.009271,0.014769
1777056105.986731,0.736869,0.630354,1.745083,0.869847,0.312099,-0.052057,0.021455,0.072373,0.750000,0.750000,1.750000,0.872665,0.000000,0.000000,0.000000,0.000000,-0.472022,0.173528,0.009432,0.014660
1777056106.019917,0.736186,0.625302,1.745528,0.870752,0.295404,-0.054074,0.020935,0.067575,0.750000,0.750000,1.750000,0.872665,0.000000,0.000000,0.000000,0.000000,-0.426309,0.183492,0.008614,0.015557
1777056106.053259,0.736186,0.625302,1.745528,0.870752,0.295404,-0.054074,0.020935,0.067575,0.750000,0.750000,1.750000,0.872665,0.000000,0.000000,0.000000,0.000000,-0.404263,0.181776,0.008668,0.020284
1777056106.086671,0.734658,0.620771,1.745658,0.871518,0.278473,-0.054835,0.019954,0.062776,0.750000,0.750000,1.750000,0.872665,0.000000,0.000000,0.000000,0.000000,-0.359675,0.186593,0.008466,0.020959
1777056106.119909,0.733722,0.616669,1.745712,0.872291,0.264140,-0.055924,0.018961,0.058769,0.750000,0.750000,1.750000,0.872665,0.000000,0.000000,0.000000,0.000000,-0.319889,0.193671,0.008415,0.021298
1777056106.153251,0.733013,0.614127,1.746117,0.873277,0.251336,-0.055978,0.018301,0.055681,0.750000,0.750000,1.750000,0.872665,0.000000,0.000000,0.000000,0.000000,-0.287262,0.197517,0.007648,0.020414
1777056106.186656,0.731095,0.609468,1.746338,0.874609,0.236241,-0.056522,0.017464,0.053908,0.750000,0.750000,1.750000,0.872665,0.000000,0.000000,0.000000,0.000000,-0.242493,0.201966,0.007235,0.017782
1777056106.219920,0.730444,0.606977,1.746427,0.876061,0.220734,-0.056078,0.016053,0.051478,0.750000,0.750000,1.750000,0.872665,0.000000,0.000000,0.000000,0.000000,-0.211030,0.206737,0.007094,0.014510
1777056106.253278,0.727757,0.602141,1.746801,0.877325,0.203615,-0.055731,0.015186,0.049201,0.750000,0.750000,1.750000,0.872665,0.000000,0.000000,0.000000,0.000000,-0.162856,0.208472,0.006373,0.012036
1777056106.286715,0.725648,0.599271,1.746871,0.878285,0.192814,-0.054998,0.014407,0.047642,0.750000,0.750000,1.750000,0.872665,0.000000,0.000000,0.000000,0.000000,-0.125453,0.207691,0.006255,0.010892
1777056106.319893,0.723206,0.595534,1.746935,0.879078,0.179324,-0.054309,0.013370,0.045026,0.750000,0.750000,1.750000,0.872665,0.000000,0.000000,0.000000,0.000000,-0.084302,0.208192,0.006157,0.010337
1777056106.353312,0.723206,0.595534,1.746935,0.879078,0.179324,-0.054309,0.013370,0.045026,0.750000,0.750000,1.750000,0.872665,0.000000,0.000000,0.000000,0.000000,-0.068946,0.210135,0.006182,0.013275
1777056106.386661,0.720749,0.592299,1.747176,0.879657,0.165696,-0.053090,0.012458,0.041911,0.750000,0.750000,1.750000,0.872665,0.000000,0.000000,0.000000,0.000000,-0.031741,0.209247,0.005724,0.013195
1777056106.419931,0.718518,0.589605,1.747333,0.880133,0.154064,-0.051849,0.011528,0.039021,0.750000,0.750000,1.750000,0.872665,0.000000,0.000000,0.000000,0.000000,0.001912,0.208236,0.005432,0.013383
1777056106.453284,0.716945,0.587883,1.747387,0.880661,0.144919,-0.050640,0.010625,0.036744,0.750000,0.750000,1.750000,0.872665,0.000000,0.000000,0.000000,0.000000,0.028566,0.207896,0.005350,0.013164
1777056106.486780,0.714339,0.585517,1.747710,0.881435,0.133656,-0.048830,0.009911,0.035105,0.750000,0.750000,1.750000,0.872665,0.000000,0.000000,0.000000,0.000000,0.061388,0.204345,0.004721,0.011663
1777056106.520066,0.712710,0.584071,1.747832,0.882217,0.124349,-0.047271,0.009064,0.033681,0.750000,0.750000,1.750000,0.872665,0.000000,0.000000,0.000000,0.000000,0.086204,0.203275,0.004490,0.010053
1777056106.553254,0.709863,0.582290,1.747878,0.882989,0.114515,-0.044989,0.008137,0.032489,0.750000,0.750000,1.750000,0.872665,0.000000,0.000000,0.000000,0.000000,0.116739,0.197078,0.004419,0.008427
1777056106.586717,0.708195,0.581231,1.748125,0.883666,0.106660,-0.043299,0.007574,0.031226,0.750000,0.750000,1.750000,0.872665,0.000000,0.000000,0.000000,0.000000,0.139049,0.194988,0.003939,0.007176
1777056106.620065,0.705594,0.580349,1.748248,0.884222,0.097567,-0.040539,0.006717,0.029491,0.750000,0.750000,1.750000,0.872665,0.000000,0.000000,0.000000,0.000000,0.164200,0.187672,0.003705,0.006374
1777056106.653293,0.703921,0.579695,1.748285,0.884612,0.090728,-0.038686,0.005978,0.027724,0.750000,0.750000,1.750000,0.872665,0.000000,0.000000,0.000000,0.000000,0.183983,0.184605,0.003649,0.006233
1777056106.686694,0.701504,0.579605,1.748487,0.884922,0.084175,-0.035837,0.005462,0.025922,0.750000,0.750000,1.750000,0.872665,0.000000,0.000000,0.000000,0.000000,0.204247,0.176094,0.003257,0.006316
1777056106.719983,0.700119,0.579529,1.748589,0.885195,0.078290,-0.033897,0.004850,0.024139,0.750000,0.750000,1.750000,0.872665,0.000000,0.000000,0.000000,0.000000,0.219615,0.172931,0.003064,0.006426
1777056106.753319,0.698015,0.580328,1.748634,0.885470,0.072884,-0.030754,0.004191,0.022548,0.750000,0.750000,1.750000,0.872665,0.000000,0.000000,0.000000,0.000000,0.234360,0.163463,0.002987,0.006391
1777056106.786829,0.696734,0.580686,1.748798,0.885765,0.068211,-0.028774,0.003781,0.021259,0.750000,0.750000,1.750000,0.872665,0.000000,0.000000,0.000000,0.000000,0.246743,0.159566,0.002668,0.006157
1777056106.819923,0.695000,0.582300,1.748882,0.886092,0.064311,-0.025518,0.003285,0.020170,0.750000,0.750000,1.750000,0.872665,0.000000,0.000000,0.000000,0.000000,0.256050,0.149546,0.002508,0.005676
1777056106.853254,0.693983,0.583236,1.748923,0.886433,0.059998,-0.023392,0.002709,0.019123,0.750000,0.750000,1.750000,0.872665,0.000000,0.000000,0.000000,0.000000,0.264506,0.145200,0.002437,0.005052
1777056106.886657,0.692539,0.585641,1.749056,0.886743,0.057177,-0.019941,0.002346,0.018180,0.750000,0.750000,1.750000,0.872665,0.000000,0.000000,0.000000,0.000000,0.269089,0.134204,0.002179,0.004498
1777056106.920012,0.691706,0.587016,1.749124,0.887032,0.053612,-0.017803,0.001866,0.017181,0.750000,0.750000,1.750000,0.872665,0.000000,0.000000,0.000000,0.000000,0.274602,0.129351,0.002050,0.003973
1777056106.953296,0.690659,0.590329,1.749154,0.887271,0.051389,-0.014124,0.001361,0.016093,0.750000,0.750000,1.750000,0.872665,0.000000,0.000000,0.000000,0.000000,0.273826,0.117521,0.002002,0.003588
1777056106.986661,0.689978,0.592012,1.749260,0.887459,0.048532,-0.012059,0.001004,0.015035,0.750000,0.750000,1.750000,0.872665,0.000000,0.000000,0.000000,0.000000,0.277220,0.112335,0.001799,0.003367
1777056107.019965,0.689265,0.595676,1.749308,0.887612,0.047906,-0.008628,0.000700,0.014037,0.750000,0.750000,1.750000,0.872665,0.000000,0.000000,0.000000,0.000000,0.273300,0.100950,0.001710,0.003229
1777056107.053279,0.688868,0.597820,1.749331,0.887759,0.045765,-0.006617,0.000289,0.013062,0.750000,0.750000,1.750000,0.872665,0.000000,0.000000,0.000000,0.000000,0.273450,0.095599,0.001675,0.003039
1777056107.086730,0.688539,0.602150,1.749412,0.887887,0.045924,-0.003163,0.000059,0.012155,0.750000,0.750000,1.750000,0.872665,0.000000,0.000000,0.000000,0.000000,0.265213,0.083921,0.001521,0.002865
1777056107.119953,0.688329,0.604604,1.749452,0.888018,0.044387,-0.001233,-0.000275,0.011333,0.750000,0.750000,1.750000,0.872665,0.000000,0.000000,0.000000,0.000000,0.263216,0.078303,0.001448,0.002609
1777056107.153268,0.688365,0.609522,1.749468,0.888141,0.045187,0.002185,-0.000568,0.010561,0.750000,0.750000,1.750000,0.872665,0.000000,0.000000,0.000000,0.000000,0.251158,0.066441,0.001426,0.002328
1777056107.186687,0.688331,0.612188,1.749537,0.888253,0.044152,0.003983,-0.000820,0.009851,0.750000,0.750000,1.750000,0.872665,0.000000,0.000000,0.000000,0.000000,0.247534,0.060775,0.001298,0.002047
1777056107.219996,0.688683,0.617427,1.749568,0.888352,0.045632,0.007227,-0.001050,0.009171,0.750000,0.750000,1.750000,0.872665,0.000000,0.000000,0.000000,0.000000,0.232874,0.049242,0.001243,0.001765
1777056107.253328,0.688861,0.620415,1.749582,0.888437,0.044813,0.008923,-0.001370,0.008497,0.750000,0.750000,1.750000,0.872665,0.000000,0.000000,0.000000,0.000000,0.227189,0.043392,0.001226,0.001505
1777056107.286663,0.689568,0.626284,1.749635,0.888504,0.046458,0.012112,-0.001612,0.007820,0.750000,0.750000,1.750000,0.872665,0.000000,0.000000,0.000000,0.000000,0.208886,0.031496,0.001129,0.001259
1777056107.319948,0.689845,0.629166,1.749665,0.888541,0.045987,0.013555,-0.001857,0.007156,0.750000,0.750000,1.750000,0.872665,0.000000,0.000000,0.000000,0.000000,0.203286,0.026156,0.001078,0.001113
1777056107.353275,0.690737,0.634771,1.749675,0.888572,0.048292,0.016352,-0.002071,0.006537,0.750000,0.750000,1.750000,0.872665,0.000000,0.000000,0.000000,0.000000,0.185157,0.015667,0.001070,0.000944
1777056107.386662,0.691208,0.637877,1.749724,0.888589,0.048153,0.017684,-0.002276,0.005939,0.750000,0.750000,1.750000,0.872665,0.000000,0.000000,0.000000,0.000000,0.177967,0.010344,0.000982,0.000799
1777056107.419926,0.692353,0.643659,1.749744,0.888601,0.050761,0.020282,-0.002470,0.005382,0.750000,0.750000,1.750000,0.872665,0.000000,0.000000,0.000000,0.000000,0.158198,0.000300,0.000951,0.000634
1777056107.453311,0.692975,0.646903,1.749754,0.888604,0.050757,0.021471,-0.002714,0.004853,0.750000,0.750000,1.750000,0.872665,0.000000,0.000000,0.000000,0.000000,0.149985,-0.004968,0.000942,0.000473
1777056107.486629,0.694361,0.652871,1.749792,0.888603,0.053438,0.023849,-0.002899,0.004363,0.750000,0.750000,1.750000,0.872665,0.000000,0.000000,0.000000,0.000000,0.128697,-0.014620,0.000876,0.000292
1777056107.520003,0.695070,0.656007,1.749816,0.888586,0.053552,0.024831,-0.003103,0.003872,0.750000,0.750000,1.750000,0.872665,0.000000,0.000000,0.000000,0.000000,0.120695,-0.019398,0.000838,0.000151
1777056107.553255,0.696584,0.661739,1.749821,0.888567,0.056351,0.026893,-0.003310,0.003423,0.750000,0.750000,1.750000,0.872665,0.000000,0.000000,0.000000,0.000000,0.099857,-0.027966,0.000838,-0.000011
1777056107.586688,0.697423,0.664961,1.749860,0.888535,0.056445,0.027715,-0.003499,0.002982,0.750000,0.750000,1.750000,0.872665,0.000000,0.000000,0.000000,0.000000,0.091176,-0.032591,0.000771,-0.000147
1777056107.619891,0.699106,0.670671,1.749873,0.888497,0.059136,0.029499,-0.003708,0.002570,0.750000,0.750000,1.750000,0.872665,0.000000,0.000000,0.000000,0.000000,0.069928,-0.040462,0.000756,-0.000286
1777056107.653297,0.700014,0.673777,1.749883,0.888448,0.059135,0.030108,-0.003924,0.002156,0.750000,0.750000,1.750000,0.872665,0.000000,0.000000,0.000000,0.000000,0.061612,-0.044601,0.000749,-0.000397
1777056107.686668,0.701764,0.679137,1.749914,0.888392,0.061726,0.031566,-0.004098,0.001765,0.750000,0.750000,1.750000,0.872665,0.000000,0.000000,0.000000,0.000000,0.041563,-0.051293,0.000698,-0.000509
1777056107.720001,0.702735,0.682134,1.749932,0.888329,0.061681,0.031996,-0.004293,0.001387,0.750000,0.750000,1.750000,0.872665,0.000000,0.000000,0.000000,0.000000,0.033575,-0.054975,0.000674,-0.000611
1777056107.753249,0.704600,0.687365,1.749933,0.888263,0.063982,0.033152,-0.004515,0.001051,0.750000,0.750000,1.750000,0.872665,0.000000,0.000000,0.000000,0.000000,0.013743,-0.060857,0.000687,-0.000723
1777056107.786696,0.705599,0.690155,1.749967,0.888187,0.063777,0.033373,-0.004677,0.000702,0.750000,0.750000,1.750000,0.872665,0.000000,0.000000,0.000000,0.000000,0.006624,-0.063929,0.000631,-0.000814
1777056107.819901,0.707483,0.694973,1.749975,0.888110,0.065849,0.034216,-0.004871,0.000392,0.750000,0.750000,1.750000,0.872665,0.000000,0.000000,0.000000,0.000000,-0.011580,-0.068618,0.000627,-0.000917
1777056107.853224,0.708562,0.697762,1.749974,0.888027,0.065277,0.034225,-0.005068,0.000114,0.750000,0.750000,1.750000,0.872665,0.000000,0.000000,0.000000,0.000000,-0.018768,-0.071388,0.000642,-0.001019
1777056107.886573,0.710418,0.702046,1.750010,0.887936,0.067119,0.034759,-0.005218,-0.000202,0.750000,0.750000,1.750000,0.872665,0.000000,0.000000,0.000000,0.000000,-0.034703,-0.074725,0.000585,-0.001098
1777056107.919993,0.711505,0.704616,1.750017,0.887845,0.066456,0.034611,-0.005390,-0.000450,0.750000,0.750000,1.750000,0.872665,0.000000,0.000000,0.000000,0.000000,-0.040966,-0.076896,0.000584,-0.001202
1777056107.953263,0.713426,0.708698,1.750025,0.887746,0.067892,0.034854,-0.005580,-0.000709,0.750000,0.750000,1.750000,0.872665,0.000000,0.000000,0.000000,0.000000,-0.056230,-0.079369,0.000582,-0.001282
1777056107.986665,0.714553,0.711150,1.750041,0.887645,0.066769,0.034468,-0.005740,-0.000909,0.750000,0.750000,1.750000,0.872665,0.000000,0.000000,0.000000,0.000000,-0.061960,-0.081028,0.000562,-0.001373
1777056108.020004,0.716449,0.714780,1.750058,0.887536,0.067740,0.034388,-0.005905,-0.001147,0.750000,0.750000,1.750000,0.872665,0.000000,0.000000,0.000000,0.000000,-0.075213,-0.082298,0.000542,-0.001442
1777056108.053265,0.717463,0.716698,1.750063,0.887424,0.066756,0.033911,-0.006038,-0.001392,0.750000,0.750000,1.750000,0.872665,0.000000,0.000000,0.000000,0.000000,-0.078409,-0.082998,0.000544,-0.001507
1777056108.086756,0.719431,0.720241,1.750080,0.887310,0.067030,0.033517,-0.006218,-0.001540,0.750000,0.750000,1.750000,0.872665,0.000000,0.000000,0.000000,0.000000,-0.091442,-0.083645,0.000524,-0.001586
1777056108.119935,0.720408,0.721881,1.750098,0.887188,0.065619,0.032833,-0.006331,-0.001754,0.750000,0.750000,1.750000,0.872665,0.000000,0.000000,0.000000,0.000000,-0.093246,-0.083689,0.000502,-0.001637
1777056108.153261,0.722193,0.724694,1.750094,0.887065,0.065654,0.032236,-0.006480,-0.001927,0.750000,0.750000,1.750000,0.872665,0.000000,0.000000,0.000000,0.000000,-0.102740,-0.083088,0.000523,-0.001699
1777056108.186695,0.723128,0.726108,1.750119,0.886936,0.064163,0.031478,-0.006554,-0.002131,0.750000,0.750000,1.750000,0.872665,0.000000,0.000000,0.000000,0.000000,-0.103500,-0.082671,0.000485,-0.001744
1777056108.219928,0.724783,0.728393,1.750134,0.886806,0.064049,0.030744,-0.006663,-0.002327,0.750000,0.750000,1.750000,0.872665,0.000000,0.000000,0.000000,0.000000,-0.110556,-0.081166,0.000466,-0.001788
1777056108.253290,0.725721,0.729698,1.750133,0.886673,0.062393,0.029899,-0.006758,-0.002489,0.750000,0.750000,1.750000,0.872665,0.000000,0.000000,0.000000,0.000000,-0.110978,-0.080397,0.000478,-0.001829
1777056108.286699,0.727315,0.731627,1.750158,0.886537,0.061908,0.028974,-0.006836,-0.002656,0.750000,0.750000,1.750000,0.872665,0.000000,0.000000,0.000000,0.000000,-0.116513,-0.078116,0.000438,-0.001863
1777056108.319988,0.728224,0.732739,1.750161,0.886399,0.059968,0.028011,-0.006911,-0.002778,0.750000,0.750000,1.750000,0.872665,0.000000,0.000000,0.000000,0.000000,-0.116133,-0.076895,0.000440,-0.001901
1777056108.353254,0.729802,0.734418,1.750162,0.886259,0.058776,0.026815,-0.007012,-0.002863,0.750000,0.750000,1.750000,0.872665,0.000000,0.000000,0.000000,0.000000,-0.120623,-0.073880,0.000448,-0.001940
1777056108.386707,0.730578,0.735123,1.750190,0.886117,0.056772,0.025806,-0.007036,-0.003011,0.750000,0.750000,1.750000,0.872665,0.000000,0.000000,0.000000,0.000000,-0.118207,-0.072081,0.000398,-0.001971
1777056108.420071,0.731943,0.736265,1.750199,0.885975,0.055613,0.024611,-0.007090,-0.003143,0.750000,0.750000,1.750000,0.872665,0.000000,0.000000,0.000000,0.000000,-0.119994,-0.068526,0.000387,-0.002005
1777056108.453276,0.732739,0.736965,1.750196,0.885830,0.053233,0.023506,-0.007147,-0.003209,0.750000,0.750000,1.750000,0.872665,0.000000,0.000000,0.000000,0.000000,-0.117754,-0.066546,0.000401,-0.002038
1777056108.486630,0.732739,0.736965,1.750196,0.885830,0.053233,0.023506,-0.007147,-0.003209,0.750000,0.750000,1.750000,0.872665,0.000000,0.000000,0.000000,0.000000,-0.110319,-0.066659,0.000407,-0.002692
1777056108.520002,0.734446,0.738338,1.750174,0.885546,0.048847,0.021289,-0.007247,-0.003267,0.750000,0.750000,1.750000,0.872665,0.000000,0.000000,0.000000,0.000000,-0.114559,-0.061736,0.000457,-0.002065
1777056108.553291,0.735742,0.738705,1.750217,0.885372,0.047304,0.019742,-0.007225,-0.003483,0.750000,0.750000,1.750000,0.872665,0.000000,0.000000,0.000000,0.000000,-0.113409,-0.056029,0.000377,-0.001980
1777056108.586715,0.736408,0.738912,1.750246,0.885182,0.045260,0.018669,-0.007207,-0.003740,0.750000,0.750000,1.750000,0.872665,0.000000,0.000000,0.000000,0.000000,-0.109164,-0.053134,0.000322,-0.001828
1777056108.619891,0.737488,0.739185,1.750266,0.885032,0.043816,0.017348,-0.007207,-0.003877,0.750000,0.750000,1.750000,0.872665,0.000000,0.000000,0.000000,0.000000,-0.107112,-0.048301,0.000281,-0.001868
1777056108.653267,0.738126,0.739373,1.750266,0.884898,0.041717,0.016310,-0.007217,-0.003897,0.750000,0.750000,1.750000,0.872665,0.000000,0.000000,0.000000,0.000000,-0.103017,-0.045509,0.000281,-0.001972
1777056108.686694,0.739127,0.739497,1.750282,0.884773,0.039933,0.014943,-0.007204,-0.003893,0.750000,0.750000,1.750000,0.872665,0.000000,0.000000,0.000000,0.000000,-0.100375,-0.040625,0.000247,-0.002112
1777056108.719961,0.739684,0.739536,1.750290,0.884644,0.037740,0.013922,-0.007194,-0.003889,0.750000,0.750000,1.750000,0.872665,0.000000,0.000000,0.000000,0.000000,-0.095675,-0.037783,0.000231,-0.002228
1777056108.753255,0.740598,0.739499,1.750290,0.884506,0.035672,0.012533,-0.007190,-0.003895,0.750000,0.750000,1.750000,0.872665,0.000000,0.000000,0.000000,0.000000,-0.092333,-0.032834,0.000228,-0.002289
1777056108.786696,0.741076,0.739412,1.750305,0.884354,0.033430,0.011549,-0.007162,-0.003955,0.750000,0.750000,1.750000,0.872665,0.000000,0.000000,0.000000,0.000000,-0.087109,-0.029991,0.000196,-0.002291
1777056108.819937,0.741847,0.739197,1.750314,0.884194,0.031474,0.010266,-0.007139,-0.004060,0.750000,0.750000,1.750000,0.872665,0.000000,0.000000,0.000000,0.000000,-0.082833,-0.025216,0.000174,-0.002251
1777056108.853248,0.742301,0.739084,1.750308,0.884030,0.029047,0.009290,-0.007128,-0.004091,0.750000,0.750000,1.750000,0.872665,0.000000,0.000000,0.000000,0.000000,-0.077696,-0.022373,0.000182,-0.002195
1777056108.886715,0.742995,0.738763,1.750321,0.883867,0.026911,0.008025,-0.007092,-0.004153,0.750000,0.750000,1.750000,0.872665,0.000000,0.000000,0.000000,0.000000,-0.072966,-0.017632,0.000153,-0.002148
1777056108.919912,0.742995,0.738763,1.750321,0.883867,0.026911,0.008025,-0.007092,-0.004153,0.750000,0.750000,1.750000,0.872665,0.000000,0.000000,0.000000,0.000000,-0.067070,-0.017567,0.000149,-0.002812
1777056108.953285,0.743440,0.738392,1.750349,0.883708,0.024521,0.006967,-0.007033,-0.004177,0.750000,0.750000,1.750000,0.872665,0.000000,0.000000,0.000000,0.000000,-0.061826,-0.013965,0.000087,-0.002720
1777056108.986950,0.744010,0.738126,1.750335,0.883557,0.022454,0.005902,-0.007024,-0.004188,0.750000,0.750000,1.750000,0.872665,0.000000,0.000000,0.000000,0.000000,-0.057596,-0.010017,0.000111,-0.002669
1777056109.020075,0.744346,0.737941,1.750325,0.883409,0.019917,0.005062,-0.006997,-0.004118,0.750000,0.750000,1.750000,0.872665,0.000000,0.000000,0.000000,0.000000,-0.052706,-0.007491,0.000125,-0.002639
1777056109.053332,0.744844,0.737520,1.750341,0.883265,0.017931,0.004024,-0.006945,-0.004138,0.750000,0.750000,1.750000,0.872665,0.000000,0.000000,0.000000,0.000000,-0.047777,-0.003393,0.000088,-0.002624
1777056109.086877,0.745105,0.737267,1.750346,0.883122,0.015944,0.003334,-0.006906,-0.004141,0.750000,0.750000,1.750000,0.872665,0.000000,0.000000,0.000000,0.000000,-0.042616,-0.001029,0.000074,-0.002617
1777056109.119870,0.745547,0.736877,1.750354,0.882978,0.014197,0.002429,-0.006861,-0.004190,0.750000,0.750000,1.750000,0.872665,0.000000,0.000000,0.000000,0.000000,-0.037886,0.002697,0.000050,-0.002598
1777056109.153224,0.745794,0.736638,1.750352,0.882831,0.012343,0.001806,-0.006825,-0.004202,0.750000,0.750000,1.750000,0.872665,0.000000,0.000000,0.000000,0.000000,-0.033029,0.004952,0.000049,-0.002564
1777056109.186767,0.746200,0.736271,1.750355,0.882681,0.010634,0.000980,-0.006781,-0.004243,0.750000,0.750000,1.750000,0.872665,0.000000,0.000000,0.000000,0.000000,-0.028529,0.008421,0.000036,-0.002515
1777056109.220000,0.746420,0.736039,1.750354,0.882528,0.008864,0.000423,-0.006740,-0.004261,0.750000,0.750000,1.750000,0.872665,0.000000,0.000000,0.000000,0.000000,-0.023877,0.010517,0.000032,-0.002450
1777056109.253308,0.746803,0.735707,1.750347,0.882373,0.006953,-0.000355,-0.006697,-0.004225,0.750000,0.750000,1.750000,0.872665,0.000000,0.000000,0.000000,0.000000,-0.019645,0.013776,0.000041,-0.002381
1777056109.286701,0.746975,0.735493,1.750359,0.882221,0.005393,-0.000806,-0.006638,-0.004269,0.750000,0.750000,1.750000,0.872665,0.000000,0.000000,0.000000,0.000000,-0.015105,0.015567,0.000011,-0.002326
1777056109.319892,0.747278,0.735241,1.750360,0.882072,0.003913,-0.001391,-0.006589,-0.004289,0.750000,0.750000,1.750000,0.872665,0.000000,0.000000,0.000000,0.000000,-0.011139,0.018160,0.000001,-0.002280
1777056109.353344,0.747431,0.735079,1.750365,0.881927,0.002522,-0.001757,-0.006538,-0.004316,0.750000,0.750000,1.750000,0.872665,0.000000,0.000000,0.000000,0.000000,-0.007024,0.019689,-0.000015,-0.002249
1777056109.386618,0.747700,0.734913,1.750362,0.881785,0.001163,-0.002224,-0.006489,-0.004300,0.750000,0.750000,1.750000,0.872665,0.000000,0.000000,0.000000,0.000000,-0.003530,0.021836,-0.000018,-0.002227
1777056109.419925,0.747835,0.734799,1.750364,0.881645,-0.000138,-0.002518,-0.006437,-0.004296,0.750000,0.750000,1.750000,0.872665,0.000000,0.000000,0.000000,0.000000,0.000195,0.023118,-0.000029,-0.002212
1777056109.453287,0.748071,0.734730,1.750364,0.881507,-0.001320,-0.002861,-0.006384,-0.004276,0.750000,0.750000,1.750000,0.872665,0.000000,0.000000,0.000000,0.000000,0.003192,0.024782,-0.000035,-0.002196
1777056109.486573,0.748199,0.734655,1.750350,0.881367,-0.002896,-0.003125,-0.006332,-0.004168,0.750000,0.750000,1.750000,0.872665,0.000000,0.000000,0.000000,0.000000,0.006597,0.025918,-0.000013,-0.002174
1777056109.519915,0.748403,0.734702,1.750364,0.881230,-0.003826,-0.003333,-0.006263,-0.004182,0.750000,0.750000,1.750000,0.872665,0.000000,0.000000,0.000000,0.000000,0.009081,0.027064,-0.000049,-0.002156
1777056109.553265,0.748503,0.734712,1.750371,0.881092,-0.004778,-0.003467,-0.006204,-0.004215,0.750000,0.750000,1.750000,0.872665,0.000000,0.000000,0.000000,0.000000,0.011995,0.027771,-0.000070,-0.002131
1777056109.586675,0.748688,0.734860,1.750371,0.880955,-0.005560,-0.003573,-0.006149,-0.004224,0.750000,0.750000,1.750000,0.872665,0.000000,0.000000,0.000000,0.000000,0.013899,0.028492,-0.000079,-0.002099
1777056109.619880,0.748784,0.734926,1.750365,0.880817,-0.006526,-0.003660,-0.006098,-0.004200,0.750000,0.750000,1.750000,0.872665,0.000000,0.000000,0.000000,0.000000,0.016374,0.028996,-0.000075,-0.002062
1777056109.653274,0.748961,0.735190,1.750362,0.880681,-0.007271,-0.003671,-0.006038,-0.004156,0.750000,0.750000,1.750000,0.872665,0.000000,0.000000,0.000000,0.000000,0.017669,0.029306,-0.000075,-0.002028
1777056109.686729,0.749046,0.735316,1.750357,0.880547,-0.008268,-0.003704,-0.005973,-0.004076,0.750000,0.750000,1.750000,0.872665,0.000000,0.000000,0.000000,0.000000,0.019777,0.029567,-0.000072,-0.001998
1777056109.719945,0.749046,0.735316,1.750357,0.880547,-0.008268,-0.003704,-0.005973,-0.004076,0.750000,0.750000,1.750000,0.872665,0.000000,0.000000,0.000000,0.000000,0.022427,0.029741,-0.000079,-0.002554
1777056109.753254,0.749218,0.735723,1.750380,0.880415,-0.008810,-0.003603,-0.005881,-0.004031,0.750000,0.750000,1.750000,0.872665,0.000000,0.000000,0.000000,0.000000,0.022767,0.029566,-0.000133,-0.002477
1777056109.786721,0.749282,0.735881,1.750355,0.880272,-0.009770,-0.003593,-0.005834,-0.003964,0.750000,0.750000,1.750000,0.872665,0.000000,0.000000,0.000000,0.000000,0.024442,0.029599,-0.000091,-0.002351
1777056109.819934,0.749439,0.736377,1.750363,0.880096,-0.010104,-0.003410,-0.005761,-0.004085,0.750000,0.750000,1.750000,0.872665,0.000000,0.000000,0.000000,0.000000,0.024390,0.029071,-0.000114,-0.002078
1777056109.853342,0.749516,0.736637,1.750363,0.879923,-0.010630,-0.003327,-0.005701,-0.004212,0.750000,0.750000,1.750000,0.872665,0.000000,0.000000,0.000000,0.000000,0.025454,0.028842,-0.000121,-0.001832
1777056109.886666,0.749665,0.737214,1.750362,0.879761,-0.010805,-0.003079,-0.005641,-0.004292,0.750000,0.750000,1.750000,0.872665,0.000000,0.000000,0.000000,0.000000,0.024965,0.028006,-0.000128,-0.001640
1777056109.920033,0.749742,0.737530,1.750364,0.879620,-0.011229,-0.002959,-0.005579,-0.004305,0.750000,0.750000,1.750000,0.872665,0.000000,0.000000,0.000000,0.000000,0.025664,0.027585,-0.000139,-0.001549
1777056109.953273,0.749887,0.738197,1.750357,0.879503,-0.011294,-0.002649,-0.005525,-0.004233,0.750000,0.750000,1.750000,0.872665,0.000000,0.000000,0.000000,0.000000,0.024700,0.026439,-0.000132,-0.001559
1777056109.986624,0.749961,0.738566,1.750352,0.879405,-0.011683,-0.002498,-0.005466,-0.004096,0.750000,0.750000,1.750000,0.872665,0.000000,0.000000,0.000000,0.000000,0.025075,0.025829,-0.000131,-0.001650
1777056110.019935,0.750103,0.739341,1.750343,0.879321,-0.011779,-0.002126,-0.005399,-0.003896,0.750000,0.750000,1.750000,0.872665,0.000000,0.000000,0.000000,0.000000,0.023630,0.024328,-0.000120,-0.001787
1777056110.053355,0.750174,0.739759,1.750335,0.879234,-0.012200,-0.001958,-0.005332,-0.003725,0.750000,0.750000,1.750000,0.872665,0.000000,0.000000,0.000000,0.000000,0.023751,0.023557,-0.000110,-0.001899
1777056110.086644,0.750318,0.740617,1.750330,0.879136,-0.012205,-0.001546,-0.005257,-0.003586,0.750000,0.750000,1.750000,0.872665,0.000000,0.000000,0.000000,0.000000,0.021912,0.021820,-0.000106,-0.001945
1777056110.119975,0.750318,0.740617,1.750330,0.879136,-0.012205,-0.001546,-0.005257,-0.003586,0.750000,0.750000,1.750000,0.872665,0.000000,0.000000,0.000000,0.000000,0.023660,0.021935,-0.000112,-0.002414
1777056110.153274,0.750442,0.741238,1.750353,0.879023,-0.012335,-0.001292,-0.005156,-0.003526,0.750000,0.750000,1.750000,0.872665,0.000000,0.000000,0.000000,0.000000,0.022561,0.020802,-0.000166,-0.002340
1777056110.186663,0.750546,0.742020,1.750328,0.878889,-0.012405,-0.000916,-0.005103,-0.003482,0.750000,0.750000,1.750000,0.872665,0.000000,0.000000,0.000000,0.000000,0.020945,0.019075,-0.000123,-0.002173
1777056110.219949,0.750619,0.742457,1.750334,0.878715,-0.012612,-0.000750,-0.005029,-0.003639,0.750000,0.750000,1.750000,0.872665,0.000000,0.000000,0.000000,0.000000,0.020679,0.018248,-0.000141,-0.001831
1777056110.253276,0.750767,0.743385,1.750333,0.878533,-0.012362,-0.000305,-0.004957,-0.003769,0.750000,0.750000,1.750000,0.872665,0.000000,0.000000,0.000000,0.000000,0.018256,0.016297,-0.000147,-0.001468
1777056110.286675,0.750848,0.743886,1.750331,0.878368,-0.012471,-0.000111,-0.004893,-0.003882,0.750000,0.750000,1.750000,0.872665,0.000000,0.000000,0.000000,0.000000,0.017647,0.015310,-0.000149,-0.001194
1777056110.319974,0.750997,0.744879,1.750322,0.878231,-0.012190,0.000356,-0.004826,-0.003838,0.750000,0.750000,1.750000,0.872665,0.000000,0.000000,0.000000,0.000000,0.014917,0.013169,-0.000139,-0.001059
1777056110.353284,0.751081,0.745414,1.750324,0.878130,-0.012296,0.000547,-0.004752,-0.003725,0.750000,0.750000,1.750000,0.872665,0.000000,0.000000,0.000000,0.000000,0.014123,0.012095,-0.000150,-0.001090
1777056110.386600,0.751248,0.746402,1.750323,0.878055,-0.011871,0.001001,-0.004689,-0.003580,0.750000,0.750000,1.750000,0.872665,0.000000,0.000000,0.000000,0.000000,0.011271,0.010052,-0.000156,-0.001220
1777056110.420029,0.751321,0.746945,1.750315,0.877988,-0.011993,0.001184,-0.004623,-0.003391,0.750000,0.750000,1.750000,0.872665,0.000000,0.000000,0.000000,0.000000,0.010436,0.008899,-0.000147,-0.001376
1777056110.453299,0.751321,0.746945,1.750315,0.877988,-0.011993,0.001184,-0.004623,-0.003391,0.750000,0.750000,1.750000,0.872665,0.000000,0.000000,0.000000,0.000000,0.011765,0.009011,-0.000153,-0.001804
1777056110.486703,0.751526,0.747988,1.750336,0.877917,-0.011497,0.001626,-0.004533,-0.003258,0.750000,0.750000,1.750000,0.872665,0.000000,0.000000,0.000000,0.000000,0.008369,0.006982,-0.000202,-0.001878
1777056110.519884,0.751579,0.748477,1.750316,0.877833,-0.011607,0.001786,-0.004488,-0.003163,0.750000,0.750000,1.750000,0.872665,0.000000,0.000000,0.000000,0.000000,0.007644,0.005871,-0.000171,-0.001885
1777056110.553221,0.751723,0.749470,1.750304,0.877735,-0.011291,0.002199,-0.004422,-0.003080,0.750000,0.750000,1.750000,0.872665,0.000000,0.000000,0.000000,0.000000,0.004682,0.003702,-0.000153,-0.001818
1777056110.586699,0.751824,0.749994,1.750313,0.877629,-0.011253,0.002347,-0.004350,-0.003104,0.750000,0.750000,1.750000,0.872665,0.000000,0.000000,0.000000,0.000000,0.003599,0.002746,-0.000179,-0.001717
1777056110.619904,0.751981,0.750918,1.750307,0.877518,-0.010845,0.002722,-0.004295,-0.003122,0.750000,0.750000,1.750000,0.872665,0.000000,0.000000,0.000000,0.000000,0.000791,0.000850,-0.000172,-0.001592
1777056110.653245,0.752070,0.751424,1.750306,0.877409,-0.010817,0.002857,-0.004236,-0.003152,0.750000,0.750000,1.750000,0.872665,0.000000,0.000000,0.000000,0.000000,-0.000212,-0.000116,-0.000179,-0.001479
1777056110.686853,0.752224,0.752311,1.750304,0.877304,-0.010426,0.003199,-0.004176,-0.003150,0.750000,0.750000,1.750000,0.872665,0.000000,0.000000,0.000000,0.000000,-0.002910,-0.001913,-0.000182,-0.001384
1777056110.719939,0.752282,0.752828,1.750285,0.877205,-0.010610,0.003282,-0.004114,-0.003048,0.750000,0.750000,1.750000,0.872665,0.000000,0.000000,0.000000,0.000000,-0.003825,-0.003045,-0.000148,-0.001316
1777056110.753264,0.752456,0.753720,1.750288,0.877118,-0.010255,0.003574,-0.004039,-0.002970,0.750000,0.750000,1.750000,0.872665,0.000000,0.000000,0.000000,0.000000,-0.006615,-0.004730,-0.000161,-0.001299
1777056110.786725,0.752456,0.753720,1.750288,0.877118,-0.010255,0.003574,-0.004039,-0.002970,0.750000,0.750000,1.750000,0.872665,0.000000,0.000000,0.000000,0.000000,-0.005501,-0.004602,-0.000166,-0.001662
1777056110.819944,0.752531,0.754355,1.750273,0.876963,-0.010650,0.003575,-0.003927,-0.002887,0.750000,0.750000,1.750000,0.872665,0.000000,0.000000,0.000000,0.000000,-0.006964,-0.005964,-0.000142,-0.001308
1777056110.853277,0.752531,0.754355,1.750273,0.876963,-0.010650,0.003575,-0.003927,-0.002887,0.750000,0.750000,1.750000,0.872665,0.000000,0.000000,0.000000,0.000000,-0.005889,-0.005791,-0.000147,-0.001658
1777056110.886622,0.752802,0.755340,1.750298,0.876876,-0.010078,0.003855,-0.003836,-0.002849,0.750000,0.750000,1.750000,0.872665,0.000000,0.000000,0.000000,0.000000,-0.009584,-0.007244,-0.000206,-0.001585
1777056110.919948,0.752927,0.756090,1.750285,0.876773,-0.009852,0.004069,-0.003782,-0.002824,0.750000,0.750000,1.750000,0.872665,0.000000,0.000000,0.000000,0.000000,-0.011775,-0.008747,-0.000187,-0.001444
1777056110.953380,0.753006,0.756512,1.750276,0.876692,-0.009932,0.004082,-0.003723,-0.002747,0.750000,0.750000,1.750000,0.872665,0.000000,0.000000,0.000000,0.000000,-0.012571,-0.009461,-0.000175,-0.001406
1777056110.986724,0.753147,0.757226,1.750268,0.876615,-0.009771,0.004218,-0.003653,-0.002643,0.750000,0.750000,1.750000,0.872665,0.000000,0.000000,0.000000,0.000000,-0.014694,-0.010734,-0.000165,-0.001382
1777056111.019918,0.753243,0.757586,1.750276,0.876545,-0.009825,0.004190,-0.003583,-0.002576,0.750000,0.750000,1.750000,0.872665,0.000000,0.000000,0.000000,0.000000,-0.015336,-0.011153,-0.000186,-0.001384
1777056111.053308,0.753387,0.758157,1.750272,0.876475,-0.009613,0.004290,-0.003533,-0.002535,0.750000,0.750000,1.750000,0.872665,0.000000,0.000000,0.000000,0.000000,-0.016976,-0.011973,-0.000185,-0.001378
1777056111.086726,0.753459,0.758465,1.750268,0.876402,-0.009689,0.004255,-0.003479,-0.002497,0.750000,0.750000,1.750000,0.872665,0.000000,0.000000,0.000000,0.000000,-0.017358,-0.012358,-0.000184,-0.001358
1777056111.119934,0.753583,0.758960,1.750267,0.876327,-0.009550,0.004313,-0.003424,-0.002473,0.750000,0.750000,1.750000,0.872665,0.000000,0.000000,0.000000,0.000000,-0.018673,-0.013048,-0.000190,-0.001320
1777056111.153254,0.753658,0.759230,1.750261,0.876251,-0.009605,0.004266,-0.003380,-0.002476,0.750000,0.750000,1.750000,0.872665,0.000000,0.000000,0.000000,0.000000,-0.018974,-0.013300,-0.000184,-0.001272
1777056111.186687,0.753778,0.759643,1.750260,0.876174,-0.009475,0.004295,-0.003333,-0.002494,0.750000,0.750000,1.750000,0.872665,0.000000,0.000000,0.000000,0.000000,-0.020014,-0.013764,-0.000187,-0.001221
1777056111.219938,0.753836,0.759875,1.750256,0.876099,-0.009574,0.004230,-0.003284,-0.002482,0.750000,0.750000,1.750000,0.872665,0.000000,0.000000,0.000000,0.000000,-0.020153,-0.013992,-0.000185,-0.001171
1777056111.253283,0.753928,0.760233,1.750241,0.876025,-0.009596,0.004190,-0.003240,-0.002426,0.750000,0.750000,1.750000,0.872665,0.000000,0.000000,0.000000,0.000000,-0.020910,-0.014415,-0.000159,-0.001127
1777056111.286716,0.753999,0.760430,1.750241,0.875956,-0.009700,0.004089,-0.003187,-0.002397,0.750000,0.750000,1.750000,0.872665,0.000000,0.000000,0.000000,0.000000,-0.021001,-0.014450,-0.000164,-0.001102
1777056111.320017,0.754085,0.760710,1.750234,0.875889,-0.009785,0.003995,-0.003129,-0.002326,0.750000,0.750000,1.750000,0.872665,0.000000,0.000000,0.000000,0.000000,-0.021473,-0.014656,-0.000156,-0.001079
1777056111.353257,0.754149,0.760861,1.750229,0.875825,-0.009931,0.003862,-0.003080,-0.002280,0.750000,0.750000,1.750000,0.872665,0.000000,0.000000,0.000000,0.000000,-0.021398,-0.014576,-0.000151,-0.001068
1777056111.386652,0.754252,0.761067,1.750231,0.875763,-0.009948,0.003762,-0.003031,-0.002263,0.750000,0.750000,1.750000,0.872665,0.000000,0.000000,0.000000,0.000000,-0.021719,-0.014464,-0.000159,-0.001056
1777056111.419940,0.754297,0.761173,1.750228,0.875699,-0.010118,0.003625,-0.002981,-0.002227,0.750000,0.750000,1.750000,0.872665,0.000000,0.000000,0.000000,0.000000,-0.021439,-0.014349,-0.000158,-0.001036
1777056111.453254,0.754380,0.761312,1.750222,0.875636,-0.010210,0.003487,-0.002938,-0.002200,0.750000,0.750000,1.750000,0.872665,0.000000,0.000000,0.000000,0.000000,-0.021472,-0.014136,-0.000150,-0.001013
1777056111.486573,0.754419,0.761382,1.750217,0.875573,-0.010405,0.003327,-0.002889,-0.002162,0.750000,0.750000,1.750000,0.872665,0.000000,0.000000,0.000000,0.000000,-0.021084,-0.013933,-0.000145,-0.000984
1777056111.519943,0.754504,0.761467,1.750220,0.875512,-0.010501,0.003170,-0.002839,-0.002152,0.750000,0.750000,1.750000,0.872665,0.000000,0.000000,0.000000,0.000000,-0.020971,-0.013548,-0.000156,-0.000959
1777056111.553293,0.754538,0.761502,1.750211,0.875450,-0.010696,0.003005,-0.002798,-0.002119,0.750000,0.750000,1.750000,0.872665,0.000000,0.000000,0.000000,0.000000,-0.020481,-0.013269,-0.000143,-0.000931
1777056111.586681,0.754607,0.761529,1.750209,0.875391,-0.010847,0.002818,-0.002752,-0.002094,0.750000,0.750000,1.750000,0.872665,0.000000,0.000000,0.000000,0.000000,-0.020132,-0.012788,-0.000144,-0.000909
1777056111.619915,0.754640,0.761535,1.750208,0.875334,-0.011040,0.002645,-0.002704,-0.002059,0.750000,0.750000,1.750000,0.872665,0.000000,0.000000,0.000000,0.000000,-0.019582,-0.012427,-0.000145,-0.000889
1777056111.653270,0.754691,0.761504,1.750200,0.875277,-0.011256,0.002425,-0.002661,-0.002011,0.750000,0.750000,1.750000,0.872665,0.000000,0.000000,0.000000,0.000000,-0.018988,-0.011857,-0.000133,-0.000871
1777056111.686729,0.754729,0.761490,1.750199,0.875223,-0.011434,0.002248,-0.002613,-0.001978,0.750000,0.750000,1.750000,0.872665,0.000000,0.000000,0.000000,0.000000,-0.018428,-0.011411,-0.000136,-0.000857
1777056111.720021,0.754778,0.761423,1.750199,0.875169,-0.011640,0.002025,-0.002566,-0.001944,0.750000,0.750000,1.750000,0.872665,0.000000,0.000000,0.000000,0.000000,-0.017745,-0.010744,-0.000140,-0.000842
1777056111.753259,0.754791,0.761364,1.750189,0.875116,-0.011883,0.001825,-0.002521,-0.001887,0.750000,0.750000,1.750000,0.872665,0.000000,0.000000,0.000000,0.000000,-0.016957,-0.010291,-0.000125,-0.000824
1777056111.786709,0.754846,0.761272,1.750190,0.875064,-0.012075,0.001595,-0.002474,-0.001860,0.750000,0.750000,1.750000,0.872665,0.000000,0.000000,0.000000,0.000000,-0.016256,-0.009521,-0.000132,-0.000810
1777056111.819936,0.754871,0.761213,1.750191,0.875013,-0.012251,0.001419,-0.002428,-0.001833,0.750000,0.750000,1.750000,0.872665,0.000000,0.000000,0.000000,0.000000,-0.015573,-0.009010,-0.000138,-0.000793
1777056111.853271,0.754903,0.761078,1.750185,0.874962,-0.012479,0.001185,-0.002388,-0.001802,0.750000,0.750000,1.750000,0.872665,0.000000,0.000000,0.000000,0.000000,-0.014669,-0.008237,-0.000130,-0.000775
1777056111.886697,0.754928,0.761008,1.750184,0.874912,-0.012634,0.001018,-0.002346,-0.001783,0.750000,0.750000,1.750000,0.872665,0.000000,0.000000,0.000000,0.000000,-0.013997,-0.007703,-0.000134,-0.000759
1777056111.919945,0.754948,0.760845,1.750182,0.874863,-0.012873,0.000784,-0.002303,-0.001750,0.750000,0.750000,1.750000,0.872665,0.000000,0.000000,0.000000,0.000000,-0.012989,-0.006915,-0.000134,-0.000741
1777056111.953272,0.754971,0.760765,1.750179,0.874816,-0.013015,0.000624,-0.002266,-0.001732,0.750000,0.750000,1.750000,0.872665,0.000000,0.000000,0.000000,0.000000,-0.012324,-0.006374,-0.000132,-0.000726
1777056111.986688,0.754974,0.760568,1.750173,0.874768,-0.013280,0.000383,-0.002224,-0.001685,0.750000,0.750000,1.750000,0.872665,0.000000,0.000000,0.000000,0.000000,-0.011173,-0.005578,-0.000123,-0.000708
1777056112.019920,0.754997,0.760484,1.750175,0.874723,-0.013404,0.000228,-0.002180,-0.001662,0.750000,0.750000,1.750000,0.872665,0.000000,0.000000,0.000000,0.000000,-0.010549,-0.005031,-0.000132,-0.000697
1777056112.053265,0.755006,0.760298,1.750169,0.874678,-0.013621,0.000010,-0.002144,-0.001629,0.750000,0.750000,1.750000,0.872665,0.000000,0.000000,0.000000,0.000000,-0.009517,-0.004244,-0.000124,-0.000683
1777056112.086597,0.755012,0.760191,1.750167,0.874635,-0.013761,-0.000142,-0.002104,-0.001595,0.750000,0.750000,1.750000,0.872665,0.000000,0.000000,0.000000,0.000000,-0.008785,-0.003724,-0.000123,-0.000670
1777056112.119911,0.755007,0.759980,1.750163,0.874591,-0.013991,-0.000362,-0.002058,-0.001548,0.750000,0.750000,1.750000,0.872665,0.000000,0.000000,0.000000,0.000000,-0.007655,-0.002946,-0.000121,-0.000655
1777056112.153363,0.755011,0.759871,1.750158,0.874549,-0.014112,-0.000509,-0.002018,-0.001506,0.750000,0.750000,1.750000,0.872665,0.000000,0.000000,0.000000,0.000000,-0.006958,-0.002436,-0.000114,-0.000643
1777056112.186625,0.755011,0.759871,1.750158,0.874549,-0.014112,-0.000509,-0.002018,-0.001506,0.750000,0.750000,1.750000,0.872665,0.000000,0.000000,0.000000,0.000000,-0.006677,-0.002300,-0.000118,-0.000815
1777056112.219888,0.755050,0.759722,1.750163,0.874508,-0.014233,-0.000708,-0.001967,-0.001466,0.750000,0.750000,1.750000,0.872665,0.000000,0.000000,0.000000,0.000000,-0.006035,-0.001511,-0.000130,-0.000785
1777056112.253263,0.755010,0.759562,1.750155,0.874467,-0.014402,-0.000848,-0.001924,-0.001413,0.750000,0.750000,1.750000,0.872665,0.000000,0.000000,0.000000,0.000000,-0.005040,-0.001102,-0.000118,-0.000757
1777056112.286574,0.755029,0.759418,1.750155,0.874424,-0.014505,-0.001007,-0.001888,-0.001414,0.750000,0.750000,1.750000,0.872665,0.000000,0.000000,0.000000,0.000000,-0.004382,-0.000436,-0.000123,-0.000717
1777056112.319934,0.755031,0.759324,1.750154,0.874377,-0.014570,-0.001111,-0.001852,-0.001420,0.750000,0.750000,1.750000,0.872665,0.000000,0.000000,0.000000,0.000000,-0.003850,-0.000023,-0.000124,-0.000659
1777056112.353259,0.755029,0.759166,1.750155,0.874331,-0.014686,-0.001254,-0.001817,-0.001431,0.750000,0.750000,1.750000,0.872665,0.000000,0.000000,0.000000,0.000000,-0.003092,0.000562,-0.000130,-0.000608
1777056112.386678,0.755014,0.759050,1.750147,0.874287,-0.014761,-0.001353,-0.001787,-0.001417,0.750000,0.750000,1.750000,0.872665,0.000000,0.000000,0.000000,0.000000,-0.002455,0.000941,-0.000119,-0.000561
1777056112.419909,0.754998,0.758878,1.750144,0.874247,-0.014878,-0.001489,-0.001752,-0.001393,0.750000,0.750000,1.750000,0.872665,0.000000,0.000000,0.000000,0.000000,-0.001629,0.001482,-0.000117,-0.000530
1777056112.453292,0.754995,0.758792,1.750145,0.874211,-0.014904,-0.001569,-0.001715,-0.001365,0.750000,0.750000,1.750000,0.872665,0.000000,0.000000,0.000000,0.000000,-0.001200,0.001826,-0.000121,-0.000518
1777056112.486695,0.754948,0.758584,1.750134,0.874178,-0.015036,-0.001701,-0.001680,-0.001302,0.750000,0.750000,1.750000,0.872665,0.000000,0.000000,0.000000,0.000000,-0.000158,0.002309,-0.000102,-0.000516
1777056112.519965,0.754944,0.758505,1.750133,0.874148,-0.015024,-0.001770,-0.001639,-0.001247,0.750000,0.750000,1.750000,0.872665,0.000000,0.000000,0.000000,0.000000,0.000199,0.002615,-0.000103,-0.000525
1777056112.553293,0.754927,0.758375,1.750133,0.874118,-0.015062,-0.001861,-0.001598,-0.001201,0.750000,0.750000,1.750000,0.872665,0.000000,0.000000,0.000000,0.000000,0.000778,0.003010,-0.000108,-0.000532
1777056112.586637,0.754932,0.758328,1.750131,0.874088,-0.015018,-0.001906,-0.001568,-0.001174,0.750000,0.750000,1.750000,0.872665,0.000000,0.000000,0.000000,0.000000,0.000942,0.003251,-0.000107,-0.000532
1777056112.620006,0.754915,0.758224,1.750130,0.874056,-0.015036,-0.001971,-0.001537,-0.001156,0.750000,0.750000,1.750000,0.872665,0.000000,0.000000,0.000000,0.000000,0.001391,0.003544,-0.000108,-0.000522
1777056112.653284,0.754903,0.758160,1.750129,0.874023,-0.015006,-0.002008,-0.001505,-0.001141,0.750000,0.750000,1.750000,0.872665,0.000000,0.000000,0.000000,0.000000,0.001658,0.003733,-0.000110,-0.000504
1777056112.686672,0.754877,0.758062,1.750124,0.873990,-0.015011,-0.002056,-0.001478,-0.001128,0.750000,0.750000,1.750000,0.872665,0.000000,0.000000,0.000000,0.000000,0.002091,0.003949,-0.000103,-0.000482
1777056112.720100,0.754864,0.758011,1.750123,0.873958,-0.014961,-0.002081,-0.001449,-0.001115,0.750000,0.750000,1.750000,0.872665,0.000000,0.000000,0.000000,0.000000,0.002278,0.004090,-0.000103,-0.000462
1777056112.753286,0.754824,0.757911,1.750120,0.873927,-0.014954,-0.002114,-0.001416,-0.001088,0.750000,0.750000,1.750000,0.872665,0.000000,0.000000,0.000000,0.000000,0.002745,0.004230,-0.000101,-0.000445
1777056112.786596,0.754805,0.757861,1.750115,0.873897,-0.014880,-0.002128,-0.001388,-0.001059,0.750000,0.750000,1.750000,0.872665,0.000000,0.000000,0.000000,0.000000,0.002914,0.004326,-0.000094,-0.000435
1777056112.819965,0.754805,0.757861,1.750115,0.873897,-0.014880,-0.002128,-0.001388,-0.001059,0.750000,0.750000,1.750000,0.872665,0.000000,0.000000,0.000000,0.000000,0.002828,0.004363,-0.000096,-0.000553
1777056112.853250,0.754802,0.757842,1.750117,0.873870,-0.014764,-0.002132,-0.001351,-0.001026,0.750000,0.750000,1.750000,0.872665,0.000000,0.000000,0.000000,0.000000,0.002808,0.004436,-0.000102,-0.000534
1777056112.886667,0.754776,0.757794,1.750115,0.873843,-0.014702,-0.002135,-0.001323,-0.001004,0.750000,0.750000,1.750000,0.872665,0.000000,0.000000,0.000000,0.000000,0.002986,0.004469,-0.000102,-0.000522
1777056112.919908,0.754730,0.757731,1.750109,0.873814,-0.014648,-0.002132,-0.001297,-0.000984,0.750000,0.750000,1.750000,0.872665,0.000000,0.000000,0.000000,0.000000,0.003281,0.004451,-0.000092,-0.000494
1777056112.953295,0.754701,0.757690,1.750106,0.873777,-0.014543,-0.002125,-0.001266,-0.000977,0.750000,0.750000,1.750000,0.872665,0.000000,0.000000,0.000000,0.000000,0.003402,0.004449,-0.000088,-0.000431
1777056112.986699,0.754681,0.757684,1.750108,0.873742,-0.014430,-0.002100,-0.001235,-0.000987,0.750000,0.750000,1.750000,0.872665,0.000000,0.000000,0.000000,0.000000,0.003346,0.004375,-0.000095,-0.000377
1777056113.019922,0.754648,0.757648,1.750102,0.873708,-0.014314,-0.002085,-0.001207,-0.000971,0.750000,0.750000,1.750000,0.872665,0.000000,0.000000,0.000000,0.000000,0.003435,0.004332,-0.000086,-0.000331
1777056113.053284,0.754614,0.757639,1.750101,0.873679,-0.014185,-0.002049,-0.001177,-0.000947,0.750000,0.750000,1.750000,0.872665,0.000000,0.000000,0.000000,0.000000,0.003418,0.004195,-0.000086,-0.000309
1777056113.086790,0.754608,0.757653,1.750102,0.873656,-0.014033,-0.002022,-0.001147,-0.000921,0.750000,0.750000,1.750000,0.872665,0.000000,0.000000,0.000000,0.000000,0.003186,0.004128,-0.000092,-0.000310
1777056113.119918,0.754576,0.757659,1.750099,0.873637,-0.013905,-0.001978,-0.001124,-0.000887,0.750000,0.750000,1.750000,0.872665,0.000000,0.000000,0.000000,0.000000,0.003091,0.003946,-0.000088,-0.000323
1777056113.153359,0.754560,0.757665,1.750098,0.873618,-0.013766,-0.001948,-0.001099,-0.000853,0.750000,0.750000,1.750000,0.872665,0.000000,0.000000,0.000000,0.000000,0.002921,0.003845,-0.000088,-0.000340
1777056113.186682,0.754528,0.757684,1.750098,0.873600,-0.013632,-0.001897,-0.001074,-0.000826,0.750000,0.750000,1.750000,0.872665,0.000000,0.000000,0.000000,0.000000,0.002757,0.003624,-0.000092,-0.000350
1777056113.219953,0.754507,0.757689,1.750094,0.873579,-0.013495,-0.001864,-0.001053,-0.000804,0.750000,0.750000,1.750000,0.872665,0.000000,0.000000,0.000000,0.000000,0.002599,0.003496,-0.000087,-0.000350
1777056113.253309,0.754468,0.757707,1.750093,0.873557,-0.013357,-0.001806,-0.001030,-0.000789,0.750000,0.750000,1.750000,0.872665,0.000000,0.000000,0.000000,0.000000,0.002458,0.003235,-0.000086,-0.000340
1777056113.286692,0.754433,0.757699,1.750091,0.873534,-0.013207,-0.001769,-0.001003,-0.000768,0.750000,0.750000,1.750000,0.872665,0.000000,0.000000,0.000000,0.000000,0.002382,0.003077,-0.000084,-0.000323
1777056113.319950,0.754406,0.757744,1.750088,0.873512,-0.013040,-0.001703,-0.000982,-0.000760,0.750000,0.750000,1.750000,0.872665,0.000000,0.000000,0.000000,0.000000,0.002073,0.002795,-0.000082,-0.000307
1777056113.353275,0.754385,0.757761,1.750087,0.873490,-0.012884,-0.001664,-0.000959,-0.000748,0.750000,0.750000,1.750000,0.872665,0.000000,0.000000,0.000000,0.000000,0.001837,0.002633,-0.000081,-0.000293
1777056113.386640,0.754348,0.757795,1.750087,0.873469,-0.012730,-0.001599,-0.000936,-0.000734,-0.750000,0.750000,1.450000,2.617994,0.000000,0.000000,0.000000,0.000000,0.001600,0.002332,-0.000084,-0.000285
1777056113.420003,0.754348,0.757795,1.750087,0.873469,-0.012730,-0.001599,-0.000936,-0.000734,-0.750000,0.750000,1.450000,2.617994,0.000000,0.000000,0.000000,0.000000,-0.098560,0.102098,-0.100075,0.099743
1777056113.453279,0.754326,0.757831,1.750084,0.873450,-0.012520,-0.001545,-0.000910,-0.000705,-0.750000,0.750000,1.450000,2.617994,0.000000,0.000000,0.000000,0.000000,-0.180432,0.191889,-0.163303,0.154156
1777056113.486696,0.754288,0.757857,1.750082,0.873432,-0.012375,-0.001486,-0.000890,-0.000690,-0.750000,0.750000,1.450000,2.617994,0.000000,0.000000,0.000000,0.000000,-0.254121,0.272700,-0.220211,0.203125
1777056113.519901,0.754257,0.757859,1.750077,0.875677,-0.012222,-0.001451,-0.000862,0.005269,-0.750000,0.750000,1.450000,2.617994,0.000000,0.000000,0.000000,0.000000,-0.320140,0.345430,-0.271422,0.247240
1777056113.553279,0.753412,0.757837,1.747371,0.885533,-0.012796,-0.000815,-0.004151,0.036017,-0.750000,0.750000,1.450000,2.617994,0.000000,0.000000,0.000000,0.000000,-0.378248,0.410887,-0.313365,0.287122
1777056113.586593,0.752936,0.757824,1.745924,0.900496,-0.013066,-0.000500,-0.005810,0.078961,-0.750000,0.750000,1.450000,2.617994,0.000000,0.000000,0.000000,0.000000,-0.428896,0.469798,-0.352454,0.323305
1777056113.619890,0.749751,0.757615,1.745147,0.919546,-0.015392,0.002080,-0.006637,0.130925,-0.750000,0.750000,1.450000,2.617994,0.000000,0.000000,0.000000,0.000000,-0.471099,0.522818,-0.388351,0.356236
1777056113.653272,0.747914,0.757502,1.731986,0.942202,-0.017467,0.002547,-0.022605,0.186260,-0.750000,0.750000,1.450000,2.617994,0.000000,0.000000,0.000000,0.000000,-0.506522,0.570536,-0.401106,0.386303
1777056113.686707,0.741866,0.757038,1.724882,0.967799,-0.022239,0.007005,-0.030768,0.244847,-0.750000,0.750000,1.450000,2.617994,0.000000,0.000000,0.000000,0.000000,-0.533060,0.613483,-0.418959,0.413839
1777056113.720061,0.738417,0.756759,1.721039,0.996062,-0.024629,0.009445,-0.034645,0.303185,-0.750000,0.750000,1.450000,2.617994,0.000000,0.000000,0.000000,0.000000,-0.553967,0.652135,-0.438578,0.439132
1777056113.753267,0.728874,0.755897,1.698352,1.027098,-0.032570,0.015504,-0.061336,0.347615,-0.750000,0.750000,1.450000,2.617994,0.000000,0.000000,0.000000,0.000000,-0.564971,0.686921,-0.424238,0.462425
1777056113.786550,0.724134,0.755471,1.687684,1.058730,-0.035977,0.018416,-0.072886,0.414406,-0.750000,0.750000,1.450000,2.617994,0.000000,0.000000,0.000000,0.000000,-0.572171,0.718229,-0.425394,0.483952
1777056113.819915,0.712992,0.754368,1.682219,1.092524,-0.043259,0.027593,-0.078176,0.489576,-0.750000,0.750000,1.450000,2.617994,0.000000,0.000000,0.000000,0.000000,-0.569967,0.746406,-0.432603,0.503897
1777056113.853244,0.706433,0.753680,1.658109,1.128563,-0.048201,0.030859,-0.105876,0.553924,-0.750000,0.750000,1.450000,2.617994,0.000000,0.000000,0.000000,0.000000,-0.564084,0.771765,-0.404965,0.522457
1777056113.886663,0.692025,0.752133,1.644725,1.165909,-0.056950,0.042465,-0.119968,0.610221,-0.750000,0.750000,1.450000,2.617994,0.000000,0.000000,0.000000,0.000000,-0.548175,0.794589,-0.392363,0.539769
1777056113.919883,0.684182,0.751251,1.637903,1.203740,-0.060825,0.048448,-0.125709,0.677109,-0.750000,0.750000,1.450000,2.617994,0.000000,0.000000,0.000000,0.000000,-0.530812,0.815130,-0.389320,0.555946
1777056113.953260,0.667594,0.749354,1.614050,1.243292,-0.070176,0.061460,-0.152653,0.735857,-0.750000,0.750000,1.450000,2.617994,0.000000,0.000000,0.000000,0.000000,-0.503066,0.833617,-0.353050,0.571104
1777056113.986658,0.657869,0.748135,1.600747,1.283947,-0.074302,0.068431,-0.165235,0.784368,-0.750000,0.750000,1.450000,2.617994,0.000000,0.000000,0.000000,0.000000,-0.474392,0.850255,-0.333332,0.585312
1777056114.019933,0.638731,0.745840,1.593747,1.325098,-0.082228,0.085645,-0.170717,0.833697,-0.750000,0.750000,1.450000,2.617994,0.000000,0.000000,0.000000,0.000000,-0.435881,0.865230,-0.323913,0.598660
1777056114.053229,0.606247,0.741746,1.566197,1.409728,-0.093539,0.112527,-0.197429,0.882771,-0.750000,0.750000,1.450000,2.617994,0.000000,0.000000,0.000000,0.000000,-0.377739,0.878707,-0.273469,0.611064
1777056114.086571,0.594215,0.740326,1.557302,1.453200,-0.096008,0.121980,-0.204258,0.939328,-0.750000,0.750000,1.450000,2.617994,0.000000,0.000000,0.000000,0.000000,-0.330062,0.890836,-0.256691,0.623233
1777056114.119964,0.570832,0.737625,1.537724,1.497677,-0.101479,0.142491,-0.224848,0.983851,-0.750000,0.750000,1.450000,2.617994,0.000000,0.000000,0.000000,0.000000,-0.273129,0.901753,-0.217697,0.634477
1777056114.153273,0.557849,0.735897,1.527364,1.542554,-0.102468,0.152285,-0.232549,1.024233,-0.750000,0.750000,1.450000,2.617994,0.000000,0.000000,0.000000,0.000000,-0.218835,0.911577,-0.195440,0.644847
1777056114.186692,0.532769,0.733423,1.521898,1.587926,-0.104711,0.175910,-0.235494,1.063226,-0.750000,0.750000,1.450000,2.617994,0.000000,0.000000,0.000000,0.000000,-0.158923,0.920420,-0.182371,0.654260
1777056114.219929,0.518394,0.731769,1.508890,1.634102,-0.103867,0.186308,-0.246028,1.094229,-0.750000,0.750000,1.450000,2.617994,0.000000,0.000000,0.000000,0.000000,-0.101290,0.928378,-0.153771,0.662613
1777056114.253270,0.490459,0.729550,1.501824,1.680824,-0.102553,0.212004,-0.250107,1.116529,-0.750000,0.750000,1.450000,2.617994,0.000000,0.000000,0.000000,0.000000,-0.040088,0.935540,-0.136439,0.669743
1777056114.286623,0.476070,0.728419,1.498749,1.726834,-0.099941,0.223125,-0.248801,1.159406,-0.750000,0.750000,1.450000,2.617994,0.000000,0.000000,0.000000,0.000000,0.017370,0.941986,-0.127039,0.675625
1777056114.319912,0.446985,0.726801,1.490440,1.774431,-0.095063,0.249456,-0.254842,1.188322,-0.750000,0.750000,1.450000,2.617994,0.000000,0.000000,0.000000,0.000000,0.076719,0.940667,-0.107032,0.679707
1777056114.353256,0.430297,0.725609,1.485938,1.822183,-0.090123,0.261149,-0.254129,1.207883,-0.750000,0.750000,1.450000,2.617994,0.000000,0.000000,0.000000,0.000000,0.135316,0.939030,-0.094529,0.681756
1777056114.386578,0.399605,0.724805,1.483913,1.869348,-0.081309,0.288669,-0.252407,1.237020,-0.750000,0.750000,1.450000,2.617994,0.000000,0.000000,0.000000,0.000000,0.190170,0.925316,-0.087132,0.681473
1777056114.419956,0.382342,0.724096,1.478852,1.916978,-0.074336,0.300134,-0.252744,1.262587,-0.750000,0.750000,1.450000,2.617994,0.000000,0.000000,0.000000,0.000000,0.245980,0.912555,-0.073735,0.678034
1777056114.453305,0.348929,0.723755,1.476079,1.964672,-0.060982,0.328261,-0.251033,1.279055,-0.750000,0.750000,1.450000,2.617994,0.000000,0.000000,0.000000,0.000000,0.295988,0.886391,-0.065000,0.670725
1777056114.486701,0.328699,0.722973,1.474223,2.012730,-0.051028,0.339376,-0.245083,1.269328,-0.750000,0.750000,1.450000,2.617994,0.000000,0.000000,0.000000,0.000000,0.349242,0.861210,-0.058349,0.658345
1777056114.519977,0.293833,0.723797,1.471446,2.058335,-0.032929,0.366315,-0.242603,1.279629,-0.750000,0.750000,1.450000,2.617994,0.000000,0.000000,0.000000,0.000000,0.389308,0.825741,-0.050013,0.641633
1777056114.553342,0.274963,0.724020,1.470006,2.103640,-0.021829,0.375960,-0.237444,1.290003,-0.750000,0.750000,1.450000,2.617994,0.000000,0.000000,0.000000,0.000000,0.434725,0.794032,-0.044566,0.618491
1777056114.586721,0.239312,0.725477,1.469419,2.147420,-0.000402,0.401779,-0.231887,1.303261,-0.750000,0.750000,1.450000,2.617994,0.000000,0.000000,0.000000,0.000000,0.465716,0.750127,-0.041096,0.589081
1777056114.620001,0.218208,0.725824,1.467441,2.190309,0.013102,0.410903,-0.226628,1.295962,-0.750000,0.750000,1.450000,2.617994,0.000000,0.000000,0.000000,0.000000,0.504227,0.709304,-0.035044,0.552024
1777056114.653259,0.179056,0.727959,1.466536,2.230402,0.039662,0.435306,-0.219740,1.281226,-0.750000,0.750000,1.450000,2.617994,0.000000,0.000000,0.000000,0.000000,0.522124,0.656764,-0.031354,0.509714
1777056114.686726,0.179056,0.727959,1.466536,2.230402,0.039662,0.435306,-0.219740,1.281226,-0.750000,0.750000,1.450000,2.617994,0.000000,0.000000,0.000000,0.000000,0.564739,0.628849,-0.029638,0.530222
1777056114.720105,0.150262,0.729748,1.466173,2.268462,0.059345,0.445469,-0.210349,1.240725,-0.750000,0.750000,1.450000,2.617994,0.000000,0.000000,0.000000,0.000000,0.580798,0.582781,-0.027480,0.480024
1777056114.753392,0.111284,0.732160,1.464806,2.301995,0.087705,0.463621,-0.202187,1.198721,-0.750000,0.750000,1.450000,2.617994,0.000000,0.000000,0.000000,0.000000,0.581870,0.527167,-0.023502,0.430606
1777056114.786680,0.090632,0.733702,1.464356,2.331797,0.102220,0.465268,-0.193850,1.153852,-0.750000,0.750000,1.450000,2.617994,0.000000,0.000000,0.000000,0.000000,0.595911,0.483523,-0.021543,0.382907
1777056114.819923,0.051110,0.738145,1.464494,2.357242,0.133504,0.481980,-0.184881,1.111554,-0.750000,0.750000,1.450000,2.617994,0.000000,0.000000,0.000000,0.000000,0.577410,0.430240,-0.020984,0.341043
1777056114.853336,0.029772,0.740447,1.464034,2.379117,0.149058,0.483930,-0.177829,1.063629,-0.750000,0.750000,1.450000,2.617994,0.000000,0.000000,0.000000,0.000000,0.579164,0.387214,-0.019394,0.305182
1777056114.886755,0.029772,0.740447,1.464034,2.379117,0.149058,0.483930,-0.177829,1.063629,-0.750000,0.750000,1.450000,2.617994,0.000000,0.000000,0.000000,0.000000,0.608175,0.361117,-0.018779,0.333203
1777056114.919893,-0.015004,0.746062,1.463912,2.398009,0.184636,0.496976,-0.167174,0.998783,-0.750000,0.750000,1.450000,2.617994,0.000000,0.000000,0.000000,0.000000,0.562724,0.306117,-0.018124,0.300256
1777056114.953247,-0.035460,0.748767,1.464036,2.412730,0.199228,0.497313,-0.160376,0.944460,-0.750000,0.750000,1.450000,2.617994,0.000000,0.000000,0.000000,0.000000,0.551808,0.268377,-0.018097,0.278620
1777056114.986705,-0.078046,0.754477,1.463559,2.427157,0.233698,0.509909,-0.152478,0.889320,-0.750000,0.750000,1.450000,2.617994,0.000000,0.000000,0.000000,0.000000,0.493718,0.212480,-0.016988,0.256069
1777056115.019907,-0.103134,0.757514,1.463253,2.443491,0.249793,0.507900,-0.144550,0.838783,-0.750000,0.750000,1.450000,2.617994,0.000000,0.000000,0.000000,0.000000,0.465584,0.169911,-0.016318,0.224828
1777056115.053305,-0.145304,0.764893,1.463616,2.457877,0.284603,0.517895,-0.136616,0.796349,-0.750000,0.750000,1.450000,2.617994,0.000000,0.000000,0.000000,0.000000,0.387307,0.116533,-0.017112,0.199159
1777056115.086719,-0.169595,0.768617,1.463166,2.471231,0.299823,0.514915,-0.130318,0.750552,-0.750000,0.750000,1.450000,2.617994,0.000000,0.000000,0.000000,0.000000,0.348959,0.077155,-0.016349,0.175892
1777056115.119944,-0.212269,0.776428,1.463253,2.482238,0.334292,0.522692,-0.123774,0.705975,-0.750000,0.750000,1.450000,2.617994,0.000000,0.000000,0.000000,0.000000,0.251838,0.020228,-0.016728,0.160461
1777056115.153340,-0.235108,0.780707,1.463453,2.491416,0.348301,0.519094,-0.118617,0.661275,-0.750000,0.750000,1.450000,2.617994,0.000000,0.000000,0.000000,0.000000,0.206096,-0.014447,-0.017396,0.151034
1777056115.186692,-0.276167,0.788668,1.463113,2.499033,0.381157,0.525320,-0.114239,0.617557,-0.750000,0.750000,1.450000,2.617994,0.000000,0.000000,0.000000,0.000000,0.095904,-0.072369,-0.017007,0.146519
1777056115.219899,-0.276167,0.788668,1.463113,2.499033,0.381157,0.525320,-0.114239,0.617557,-0.750000,0.750000,1.450000,2.617994,0.000000,0.000000,0.000000,0.000000,0.119275,-0.075054,-0.017260,0.171871
1777056115.253328,-0.308533,0.794823,1.463031,2.506158,0.398851,0.519302,-0.108549,0.570025,-0.750000,0.750000,1.450000,2.617994,0.000000,0.000000,0.000000,0.000000,0.029290,-0.122411,-0.017399,0.165254
1777056115.286773,-0.347657,0.802370,1.462906,2.513188,0.426240,0.520172,-0.104217,0.529944,-0.750000,0.750000,1.450000,2.617994,0.000000,0.000000,0.000000,0.000000,-0.073639,-0.181770,-0.017474,0.157918
1777056115.319967,-0.366918,0.806594,1.462319,2.522159,0.433903,0.512112,-0.100359,0.500763,-0.750000,0.750000,1.450000,2.617994,0.000000,0.000000,0.000000,0.000000,-0.125811,-0.205809,-0.016616,0.141388
1777056115.353360,-0.406443,0.815065,1.462284,2.531173,0.461356,0.512360,-0.096887,0.472873,-0.750000,0.750000,1.450000,2.617994,0.000000,0.000000,0.000000,0.000000,-0.213230,-0.265603,-0.016864,0.124077
1777056115.386633,-0.425069,0.819738,1.462574,2.539342,0.468878,0.504889,-0.093825,0.449514,-0.750000,0.750000,1.450000,2.617994,0.000000,0.000000,0.000000,0.000000,-0.272992,-0.284651,-0.017783,0.109956
1777056115.419956,-0.435751,0.822132,1.462676,2.546475,0.466589,0.493247,-0.090290,0.424125,-0.750000,0.750000,1.450000,2.617994,0.000000,0.000000,0.000000,0.000000,-0.295077,-0.289627,-0.018353,0.099777
1777056115.453258,-0.435751,0.822132,1.462676,2.546475,0.466589,0.493247,-0.090290,0.424125,-0.750000,0.750000,1.450000,2.617994,0.000000,0.000000,0.000000,0.000000,-0.269094,-0.275281,-0.018685,0.120217
1777056115.486696,-0.480028,0.832204,1.461773,2.552528,0.492789,0.488618,-0.088325,0.392916,-0.750000,0.750000,1.450000,2.617994,0.000000,0.000000,0.000000,0.000000,-0.342185,-0.345857,-0.017165,0.111783
1777056115.519954,-0.514743,0.840944,1.461749,2.557767,0.515937,0.486294,-0.087024,0.367850,-0.750000,0.750000,1.450000,2.617994,0.000000,0.000000,0.000000,0.000000,-0.407966,-0.395260,-0.017368,0.106326
1777056115.553323,-0.532355,0.845640,1.460838,2.564464,0.521115,0.477999,-0.085113,0.350720,-0.750000,0.750000,1.450000,2.617994,0.000000,0.000000,0.000000,0.000000,-0.467170,-0.407428,-0.015757,0.093754
1777056115.586726,-0.564510,0.854254,1.460443,2.570875,0.541366,0.474557,-0.083734,0.333595,-0.750000,0.750000,1.450000,2.617994,0.000000,0.000000,0.000000,0.000000,-0.520453,-0.449530,-0.015136,0.082113
1777056115.620066,-0.582982,0.859061,1.460380,2.576765,0.544352,0.464570,-0.081295,0.315316,-0.750000,0.750000,1.450000,2.617994,0.000000,0.000000,0.000000,0.000000,-0.568407,-0.461626,-0.015184,0.072362
1777056115.653306,-0.590942,0.861726,1.460656,2.581509,0.538586,0.452661,-0.078506,0.298018,-0.750000,0.750000,1.450000,2.617994,0.000000,0.000000,0.000000,0.000000,-0.602368,-0.447527,-0.015942,0.067395
1777056115.686676,-0.614881,0.869134,1.460026,2.585445,0.550663,0.446120,-0.078179,0.279883,-0.750000,0.750000,1.450000,2.617994,0.000000,0.000000,0.000000,0.000000,-0.642132,-0.466740,-0.014850,0.065358
1777056115.719945,-0.614881,0.869134,1.460026,2.585445,0.550663,0.446120,-0.078179,0.279883,-0.750000,0.750000,1.450000,2.617994,0.000000,0.000000,0.000000,0.000000,-0.632132,-0.437812,-0.014986,0.080431
1777056115.753215,-0.644774,0.880132,1.459961,2.588730,0.570235,0.439733,-0.078229,0.261607,-0.750000,0.750000,1.450000,2.617994,0.000000,0.000000,0.000000,0.000000,-0.668919,-0.464547,-0.014974,0.078979
1777056115.786706,-0.662343,0.885081,1.459206,2.591803,0.573505,0.431320,-0.077461,0.244362,-0.750000,0.750000,1.450000,2.617994,0.000000,0.000000,0.000000,0.000000,-0.702027,-0.472665,-0.013546,0.077814
1777056115.819996,-0.690219,0.894144,1.458648,2.595306,0.585053,0.422017,-0.076624,0.228164,-0.750000,0.750000,1.450000,2.617994,0.000000,0.000000,0.000000,0.000000,-0.731824,-0.497709,-0.012472,0.073925
1777056115.853268,-0.702858,0.899075,1.458444,2.599138,0.581873,0.409904,-0.074185,0.215668,-0.750000,0.750000,1.450000,2.617994,0.000000,0.000000,0.000000,0.000000,-0.758642,-0.485847,-0.012113,0.068096
1777056115.886662,-0.725771,0.907967,1.457668,2.603154,0.587458,0.397816,-0.073080,0.203271,-0.750000,0.750000,1.450000,2.617994,0.000000,0.000000,0.000000,0.000000,-0.782778,-0.491965,-0.010579,0.061024
1777056115.919969,-0.734546,0.912511,1.457524,2.606731,0.581681,0.385638,-0.071109,0.193497,-0.750000,0.750000,1.450000,2.617994,0.000000,0.000000,0.000000,0.000000,-0.804500,-0.466776,-0.010312,0.055626
1777056115.953307,-0.750620,0.920413,1.457591,2.610000,0.585813,0.375292,-0.070069,0.184303,-0.750000,0.750000,1.450000,2.617994,0.000000,0.000000,0.000000,0.000000,-0.824050,-0.453064,-0.010476,0.051326
1777056115.986760,-0.761516,0.925034,1.457056,2.612918,0.578929,0.362448,-0.068323,0.173170,-0.750000,0.750000,1.450000,2.617994,0.000000,0.000000,0.000000,0.000000,-0.841645,-0.434635,-0.009436,0.048118
1777056116.020002,-0.761516,0.925034,1.457056,2.612918,0.578929,0.362448,-0.068323,0.173170,-0.750000,0.750000,1.450000,2.617994,0.000000,0.000000,0.000000,0.000000,-0.855685,-0.400900,-0.009450,0.057881
1777056116.053279,-0.773923,0.933197,1.457044,2.615373,0.577171,0.348357,-0.066886,0.162435,-0.750000,0.750000,1.450000,2.617994,0.000000,0.000000,0.000000,0.000000,-0.870117,-0.376650,-0.009458,0.055345
1777056116.086697,-0.782310,0.937157,1.456990,2.617589,0.570818,0.337587,-0.064936,0.152810,-0.750000,0.750000,1.450000,2.617994,0.000000,0.000000,0.000000,0.000000,-0.883105,-0.356013,-0.009402,0.053475
1777056116.119937,-0.797987,0.944819,1.456503,2.619818,0.567420,0.323351,-0.063405,0.142361,-0.750000,0.750000,1.450000,2.617994,0.000000,0.000000,0.000000,0.000000,-0.894795,-0.344033,-0.008473,0.051003
1777056116.153295,-0.802390,0.948621,1.456440,2.621835,0.557373,0.311153,-0.061269,0.134186,-0.750000,0.750000,1.450000,2.617994,0.000000,0.000000,0.000000,0.000000,-0.905315,-0.310463,-0.008403,0.049128
1777056116.186636,-0.811577,0.954876,1.456423,2.623983,0.553355,0.299412,-0.059690,0.127153,-0.750000,0.750000,1.450000,2.617994,0.000000,0.000000,0.000000,0.000000,-0.914784,-0.283522,-0.008437,0.046281
1777056116.219913,-0.817523,0.958519,1.456007,2.626171,0.542225,0.287088,-0.057661,0.120080,-0.750000,0.750000,1.450000,2.617994,0.000000,0.000000,0.000000,0.000000,-0.923305,-0.256885,-0.007678,0.042937
1777056116.253293,-0.825369,0.964244,1.455820,2.628265,0.534520,0.274215,-0.055802,0.113512,-0.750000,0.750000,1.450000,2.617994,0.000000,0.000000,0.000000,0.000000,-0.930975,-0.228513,-0.007374,0.039693
1777056116.286801,-0.828332,0.967208,1.455827,2.630207,0.522760,0.262908,-0.053524,0.107840,-0.750000,0.750000,1.450000,2.617994,0.000000,0.000000,0.000000,0.000000,-0.937877,-0.196363,-0.007480,0.036885
1777056116.319984,-0.833199,0.971613,1.455524,2.632011,0.514389,0.251837,-0.052042,0.102512,-0.750000,0.750000,1.450000,2.617994,0.000000,0.000000,0.000000,0.000000,-0.944090,-0.165633,-0.006964,0.034433
1777056116.353351,-0.835810,0.974085,1.455401,2.633673,0.502633,0.241502,-0.049982,0.097197,-0.750000,0.750000,1.450000,2.617994,0.000000,0.000000,0.000000,0.000000,-0.949681,-0.136521,-0.006813,0.032340
1777056116.386728,-0.839072,0.977384,1.455374,2.635196,0.492477,0.231115,-0.048009,0.092075,-0.750000,0.750000,1.450000,2.617994,0.000000,0.000000,0.000000,0.000000,-0.954713,-0.107261,-0.006870,0.030600
1777056116.419968,-0.841775,0.979414,1.455388,2.636668,0.478076,0.220082,-0.045370,0.086524,-0.750000,0.750000,1.450000,2.617994,0.000000,0.000000,0.000000,0.000000,-0.959241,-0.082142,-0.007031,0.028756
1777056116.453234,-0.841775,0.979414,1.455388,2.636668,0.478076,0.220082,-0.045370,0.086524,-0.750000,0.750000,1.450000,2.617994,0.000000,0.000000,0.000000,0.000000,-0.963317,-0.059023,-0.007152,0.033465
1777056116.486657,-0.840404,0.981441,1.455032,2.637965,0.462758,0.208708,-0.043275,0.081650,-0.750000,0.750000,1.450000,2.617994,0.000000,0.000000,0.000000,0.000000,-0.966985,-0.024613,-0.006563,0.031667
1777056116.519934,-0.843213,0.982671,1.454954,2.639295,0.448484,0.199027,-0.040837,0.076735,-0.750000,0.750000,1.450000,2.617994,0.000000,0.000000,0.000000,0.000000,-0.970287,-0.007382,-0.006539,0.029451
1777056116.553350,-0.842942,0.983278,1.454632,2.640495,0.432444,0.189275,-0.038637,0.072214,-0.750000,0.750000,1.450000,2.617994,0.000000,0.000000,0.000000,0.000000,-0.973258,0.016287,-0.006027,0.027571
1777056116.586659,-0.841751,0.983519,1.454512,2.641650,0.417706,0.180761,-0.036487,0.068456,-0.750000,0.750000,1.450000,2.617994,0.000000,0.000000,0.000000,0.000000,-0.973843,0.040257,-0.005924,0.025696
1777056116.619921,-0.840182,0.982639,1.454473,2.642816,0.399459,0.171793,-0.033739,0.064484,-0.750000,0.750000,1.450000,2.617994,0.000000,0.000000,0.000000,0.000000,-0.967309,0.059951,-0.006000,0.023562
1777056116.653319,-0.838537,0.982118,1.454166,2.643858,0.382520,0.163102,-0.031512,0.060719,-0.750000,0.750000,1.450000,2.617994,0.000000,0.000000,0.000000,0.000000,-0.959069,0.080390,-0.005541,0.021777
1777056116.686670,-0.833987,0.979657,1.454024,2.644802,0.364092,0.156103,-0.029086,0.057448,-0.750000,0.750000,1.450000,2.617994,0.000000,0.000000,0.000000,0.000000,-0.928720,0.100837,-0.005418,0.020258
1777056116.720186,-0.831394,0.978315,1.453936,2.645680,0.348587,0.149213,-0.026918,0.054301,-0.750000,0.750000,1.450000,2.617994,0.000000,0.000000,0.000000,0.000000,-0.911113,0.118513,-0.005408,0.018844
1777056116.753319,-0.826108,0.974435,1.453628,2.646495,0.328674,0.143169,-0.024605,0.051139,-0.750000,0.750000,1.450000,2.617994,0.000000,0.000000,0.000000,0.000000,-0.871634,0.133219,-0.004958,0.017504
1777056116.786599,-0.826108,0.974435,1.453628,2.646495,0.328674,0.143169,-0.024605,0.051139,-0.750000,0.750000,1.450000,2.617994,0.000000,0.000000,0.000000,0.000000,-0.871731,0.145393,-0.005099,0.019810
1777056116.819950,-0.820538,0.971472,1.453335,2.647243,0.309102,0.135958,-0.022277,0.048015,-0.750000,0.750000,1.450000,2.617994,0.000000,0.000000,0.000000,0.000000,-0.832186,0.162357,-0.004661,0.018353
1777056116.853379,-0.815705,0.966523,1.453280,2.647960,0.287689,0.130248,-0.019699,0.044867,-0.750000,0.750000,1.450000,2.617994,0.000000,0.000000,0.000000,0.000000,-0.791962,0.168115,-0.004708,0.016826
1777056116.886614,-0.811981,0.963744,1.452954,2.648586,0.270229,0.123767,-0.017846,0.041938,-0.750000,0.750000,1.450000,2.617994,0.000000,0.000000,0.000000,0.000000,-0.762385,0.178564,-0.004208,0.015537
1777056116.920053,-0.804268,0.957289,1.452792,2.649169,0.247939,0.119349,-0.015767,0.039261,-0.750000,0.750000,1.450000,2.617994,0.000000,0.000000,0.000000,0.000000,-0.701578,0.185629,-0.004033,0.014285
1777056116.953241,-0.799918,0.953802,1.452706,2.649707,0.230935,0.113764,-0.013959,0.036698,-0.750000,0.750000,1.450000,2.617994,0.000000,0.000000,0.000000,0.000000,-0.666936,0.193445,-0.004014,0.013082
1777056116.986700,-0.799918,0.953802,1.452706,2.649707,0.230935,0.113764,-0.013959,0.036698,-0.750000,0.750000,1.450000,2.617994,0.000000,0.000000,0.000000,0.000000,-0.665954,0.200733,-0.004149,0.014312
1777056117.019942,-0.790416,0.946271,1.452523,2.650190,0.207278,0.109678,-0.012085,0.034256,-0.750000,0.750000,1.450000,2.617994,0.000000,0.000000,0.000000,0.000000,-0.592849,0.206561,-0.003921,0.013060
1777056117.053225,-0.786698,0.942333,1.452346,2.650641,0.191590,0.105048,-0.010633,0.031947,-0.750000,0.750000,1.450000,2.617994,0.000000,0.000000,0.000000,0.000000,-0.561758,0.208235,-0.003699,0.011827
1777056117.086694,-0.778277,0.934310,1.452333,2.651071,0.171147,0.103235,-0.009256,0.030037,-0.750000,0.750000,1.450000,2.617994,0.000000,0.000000,0.000000,0.000000,-0.494568,0.207191,-0.003806,0.010609
1777056117.119902,-0.773478,0.929904,1.452194,2.651625,0.156912,0.099927,-0.008088,0.028723,-0.750000,0.750000,1.450000,2.617994,0.000000,0.000000,0.000000,0.000000,-0.457160,0.208898,-0.003659,0.008710
1777056117.153260,-0.764917,0.920969,1.452039,2.652140,0.136613,0.099021,-0.006922,0.027361,-0.750000,0.750000,1.450000,2.617994,0.000000,0.000000,0.000000,0.000000,-0.388269,0.203056,-0.003471,0.006949
1777056117.186718,-0.759891,0.916103,1.451990,2.652567,0.123135,0.096472,-0.005889,0.026003,-0.750000,0.750000,1.450000,2.617994,0.000000,0.000000,0.000000,0.000000,-0.349812,0.202231,-0.003492,0.005527
1777056117.219898,-0.751431,0.906719,1.451783,2.652928,0.103936,0.096491,-0.005180,0.024524,-0.750000,0.750000,1.450000,2.617994,0.000000,0.000000,0.000000,0.000000,-0.281839,0.192852,-0.003184,0.004349
1777056117.253257,-0.746458,0.901042,1.451689,2.653171,0.089596,0.093685,-0.004202,0.022696,-0.750000,0.750000,1.450000,2.617994,0.000000,0.000000,0.000000,0.000000,-0.243094,0.187519,-0.003094,0.003578
1777056117.286646,-0.737861,0.890879,1.451614,2.653272,0.070018,0.093794,-0.003472,0.020700,-0.750000,0.750000,1.450000,2.617994,0.000000,0.000000,0.000000,0.000000,-0.173709,0.174470,-0.003040,0.003315
1777056117.319909,-0.733028,0.885607,1.451450,2.653295,0.058006,0.091752,-0.003019,0.018700,-0.750000,0.750000,1.450000,2.617994,0.000000,0.000000,0.000000,0.000000,-0.137983,0.169538,-0.002793,0.003295
1777056117.353309,-0.725491,0.876077,1.451382,2.653294,0.041472,0.092727,-0.002654,0.016828,-0.750000,0.750000,1.450000,2.617994,0.000000,0.000000,0.000000,0.000000,-0.077483,0.154918,-0.002729,0.003240
1777056117.386659,-0.721133,0.870672,1.451345,2.653307,0.030653,0.091202,-0.002172,0.015185,-0.750000,0.750000,1.450000,2.617994,0.000000,0.000000,0.000000,0.000000,-0.045323,0.147307,-0.002721,0.003022
1777056117.419885,-0.714305,0.861103,1.451223,2.653341,0.015390,0.092488,-0.001979,0.013773,-0.750000,0.750000,1.450000,2.617994,0.000000,0.000000,0.000000,0.000000,0.010172,0.129764,-0.002535,0.002590
1777056117.453254,-0.710293,0.855612,1.451159,2.653397,0.005400,0.091019,-0.001547,0.012562,-0.750000,0.750000,1.450000,2.617994,0.000000,0.000000,0.000000,0.000000,0.039706,0.120402,-0.002459,0.001977
1777056117.486588,-0.704305,0.846424,1.451138,2.653461,-0.008099,0.092471,-0.001363,0.011507,-0.750000,0.750000,1.450000,2.617994,0.000000,0.000000,0.000000,0.000000,0.088739,0.101571,-0.002463,0.001273
1777056117.519909,-0.700808,0.841166,1.451032,2.653525,-0.016759,0.091129,-0.001006,0.010548,-0.750000,0.750000,1.450000,2.617994,0.000000,0.000000,0.000000,0.000000,0.114189,0.091494,-0.002293,0.000501
1777056117.553285,-0.695676,0.832306,1.450982,2.653560,-0.028684,0.092603,-0.000802,0.009601,-0.750000,0.750000,1.450000,2.617994,0.000000,0.000000,0.000000,0.000000,0.157059,0.071374,-0.002228,-0.000184
1777056117.586707,-0.692688,0.827320,1.450968,2.653552,-0.036102,0.091292,-0.000334,0.008617,-0.750000,0.750000,1.450000,2.617994,0.000000,0.000000,0.000000,0.000000,0.178629,0.061011,-0.002237,-0.000738
1777056117.619866,-0.688405,0.818837,1.450870,2.653496,-0.046501,0.092615,-0.000131,0.007594,-0.750000,0.750000,1.450000,2.617994,0.000000,0.000000,0.000000,0.000000,0.215502,0.040080,-0.002071,-0.001131
1777056117.653291,-0.685901,0.814068,1.450829,2.653383,-0.052888,0.091008,0.000353,0.006516,-0.750000,0.750000,1.450000,2.617994,0.000000,0.000000,0.000000,0.000000,0.233685,0.029554,-0.002020,-0.001345
1777056117.686695,-0.682374,0.805774,1.450824,2.653228,-0.062098,0.091646,0.000825,0.005492,-0.750000,0.750000,1.450000,2.617994,0.000000,0.000000,0.000000,0.000000,0.265726,0.007682,-0.002043,-0.001478
1777056117.719910,-0.680474,0.801722,1.450738,2.653042,-0.066982,0.089696,0.001242,0.004421,-0.750000,0.750000,1.450000,2.617994,0.000000,0.000000,0.000000,0.000000,0.278880,-0.001012,-0.001902,-0.001532
1777056117.753334,-0.680474,0.801722,1.450738,2.653042,-0.066982,0.089696,0.001242,0.004421,-0.750000,0.750000,1.450000,2.617994,0.000000,0.000000,0.000000,0.000000,0.272420,0.001170,-0.001927,-0.002383
1777056117.786593,-0.677635,0.793952,1.450699,2.652860,-0.074818,0.088961,0.001884,0.003623,-0.750000,0.750000,1.450000,2.617994,0.000000,0.000000,0.000000,0.000000,0.300073,-0.019919,-0.001879,-0.002503
1777056117.820028,-0.676536,0.790964,1.450696,2.652656,-0.077850,0.087104,0.002345,0.002609,-0.750000,0.750000,1.450000,2.617994,0.000000,0.000000,0.000000,0.000000,0.307033,-0.025958,-0.001905,-0.002568
1777056117.853281,-0.675020,0.784701,1.450630,2.652469,-0.082972,0.087120,0.002810,0.001885,-0.750000,0.750000,1.450000,2.617994,0.000000,0.000000,0.000000,0.000000,0.323948,-0.044119,-0.001807,-0.002776
1777056117.886589,-0.674266,0.781819,1.450592,2.652239,-0.085333,0.085218,0.003252,0.000993,-0.750000,0.750000,1.450000,2.617994,0.000000,0.000000,0.000000,0.000000,0.329099,-0.050042,-0.001763,-0.002848
1777056117.919936,-0.673621,0.776721,1.450593,2.652015,-0.088661,0.085468,0.003708,0.000237,-0.750000,0.750000,1.450000,2.617994,0.000000,0.000000,0.000000,0.000000,0.338879,-0.065382,-0.001798,-0.002994
1777056117.953331,-0.673251,0.774043,1.450518,2.651785,-0.090315,0.083723,0.004071,-0.000507,-0.750000,0.750000,1.450000,2.617994,0.000000,0.000000,0.000000,0.000000,0.341930,-0.071046,-0.001682,-0.003152
1777056117.986594,-0.673340,0.769742,1.450487,2.651548,-0.092297,0.083905,0.004483,-0.001197,-0.750000,0.750000,1.450000,2.617994,0.000000,0.000000,0.000000,0.000000,0.346304,-0.084749,-0.001651,-0.003311
1777056118.019895,-0.673309,0.767157,1.450484,2.651309,-0.093366,0.081840,0.004975,-0.001745,-0.750000,0.750000,1.450000,2.617994,0.000000,0.000000,0.000000,0.000000,0.347838,-0.090430,-0.001680,-0.003506
1777056118.053334,-0.674087,0.763517,1.450409,2.651058,-0.094133,0.081508,0.005378,-0.002303,-0.750000,0.750000,1.450000,2.617994,0.000000,0.000000,0.000000,0.000000,0.347420,-0.102778,-0.001563,-0.003672
1777056118.086671,-0.674455,0.761398,1.450385,2.650800,-0.094396,0.079052,0.005848,-0.002760,-0.750000,0.750000,1.450000,2.617994,0.000000,0.000000,0.000000,0.000000,0.346300,-0.107007,-0.001548,-0.003842
1777056118.119903,-0.675896,0.758722,1.450365,2.650521,-0.093918,0.078468,0.006288,-0.003349,-0.750000,0.750000,1.450000,2.617994,0.000000,0.000000,0.000000,0.000000,0.340631,-0.116687,-0.001542,-0.003948
1777056118.153260,-0.676624,0.757087,1.450294,2.650237,-0.093506,0.076021,0.006671,-0.003800,-0.750000,0.750000,1.450000,2.617994,0.000000,0.000000,0.000000,0.000000,0.337122,-0.119385,-0.001434,-0.004064
1777056118.186760,-0.678568,0.755058,1.450259,2.649939,-0.092106,0.074977,0.007104,-0.004302,-0.750000,0.750000,1.450000,2.617994,0.000000,0.000000,0.000000,0.000000,0.327875,-0.127280,-0.001396,-0.004132
1777056118.219897,-0.679631,0.754038,1.450247,2.649635,-0.091068,0.072667,0.007481,-0.004811,-0.750000,0.750000,1.450000,2.617994,0.000000,0.000000,0.000000,0.000000,0.321880,-0.127914,-0.001406,-0.004197
1777056118.253259,-0.682001,0.752495,1.450191,2.649326,-0.088906,0.071022,0.007897,-0.005146,-0.750000,0.750000,1.450000,2.617994,0.000000,0.000000,0.000000,0.000000,0.309877,-0.134528,-0.001325,-0.004271
1777056118.286581,-0.683325,0.751873,1.450162,2.649011,-0.087372,0.068360,0.008233,-0.005549,-0.750000,0.750000,1.450000,2.617994,0.000000,0.000000,0.000000,0.000000,0.302266,-0.133725,-0.001298,-0.004331
1777056118.319919,-0.686080,0.751227,1.450148,2.648695,-0.084447,0.066663,0.008624,-0.005937,-0.750000,0.750000,1.450000,2.617994,0.000000,0.000000,0.000000,0.000000,0.286817,-0.137322,-0.001302,-0.004406
1777056118.353291,-0.687591,0.750876,1.450084,2.648376,-0.082616,0.063914,0.008892,-0.006254,-0.750000,0.750000,1.450000,2.617994,0.000000,0.000000,0.000000,0.000000,0.278321,-0.135545,-0.001203,-0.004485
1777056118.386644,-0.690598,0.750901,1.450046,2.648054,-0.079181,0.062199,0.009180,-0.006699,-0.750000,0.750000,1.450000,2.617994,0.000000,0.000000,0.000000,0.000000,0.260686,-0.136801,-0.001155,-0.004550
1777056118.420041,-0.692267,0.750857,1.450034,2.647731,-0.077127,0.059597,0.009454,-0.007011,-0.750000,0.750000,1.450000,2.617994,0.000000,0.000000,0.000000,0.000000,0.251373,-0.133991,-0.001158,-0.004620
1777056118.453279,-0.695504,0.751220,1.449983,2.647401,-0.073307,0.057425,0.009705,-0.007286,-0.750000,0.750000,1.450000,2.617994,0.000000,0.000000,0.000000,0.000000,0.232383,-0.134283,-0.001082,-0.004672
1777056118.486604,-0.697317,0.751517,1.449951,2.647069,-0.071016,0.054732,0.009911,-0.007574,-0.750000,0.750000,1.450000,2.617994,0.000000,0.000000,0.000000,0.000000,0.222200,-0.130248,-0.001040,-0.004712
1777056118.519918,-0.700700,0.752323,1.449945,2.646733,-0.066909,0.052315,0.010173,-0.007800,-0.750000,0.750000,1.450000,2.617994,0.000000,0.000000,0.000000,0.000000,0.202058,-0.128926,-0.001052,-0.004749
1777056118.553299,-0.702580,0.752886,1.449886,2.646395,-0.064517,0.049636,0.010302,-0.008080,-0.750000,0.750000,1.450000,2.617994,0.000000,0.000000,0.000000,0.000000,0.191565,-0.123828,-0.000953,-0.004774
1777056118.586949,-0.706111,0.753979,1.449884,2.646056,-0.060188,0.046623,0.010549,-0.008117,-0.750000,0.750000,1.450000,2.617994,0.000000,0.000000,0.000000,0.000000,0.170540,-0.121560,-0.000968,-0.004812
1777056118.619941,-0.708026,0.754802,1.449856,2.645715,-0.057733,0.043809,0.010682,-0.008351,-0.750000,0.750000,1.450000,2.617994,0.000000,0.000000,0.000000,0.000000,0.159872,-0.115279,-0.000929,-0.004837
1777056118.653432,-0.711425,0.756296,1.449807,2.645375,-0.053481,0.041243,0.010788,-0.008567,-0.750000,0.750000,1.450000,2.617994,0.000000,0.000000,0.000000,0.000000,0.139292,-0.110910,-0.000847,-0.004872
1777056118.686731,-0.713312,0.757175,1.449780,2.645034,-0.051135,0.038562,0.010888,-0.008768,-0.750000,0.750000,1.450000,2.617994,0.000000,0.000000,0.000000,0.000000,0.129196,-0.104367,-0.000806,-0.004895
1777056118.719942,-0.716667,0.758838,1.449772,2.644692,-0.046946,0.035973,0.011004,-0.008952,-0.750000,0.750000,1.450000,2.617994,0.000000,0.000000,0.000000,0.000000,0.108977,-0.099243,-0.000801,-0.004911
1777056118.753292,-0.718562,0.759815,1.449733,2.644349,-0.044658,0.033246,0.011062,-0.009077,-0.750000,0.750000,1.450000,2.617994,0.000000,0.000000,0.000000,0.000000,0.099075,-0.092401,-0.000731,-0.004918
1777056118.786689,-0.721816,0.761628,1.449704,2.644005,-0.040589,0.030789,0.011114,-0.009309,-0.750000,0.750000,1.450000,2.617994,0.000000,0.000000,0.000000,0.000000,0.079517,-0.086487,-0.000682,-0.004919
1777056118.819891,-0.723671,0.762667,1.449700,2.643662,-0.038424,0.028161,0.011191,-0.009404,-0.750000,0.750000,1.450000,2.617994,0.000000,0.000000,0.000000,0.000000,0.070102,-0.079437,-0.000680,-0.004916
1777056118.853358,-0.726882,0.764540,1.449669,2.643318,-0.034504,0.025480,0.011221,-0.009472,-0.750000,0.750000,1.450000,2.617994,0.000000,0.000000,0.000000,0.000000,0.051010,-0.073293,-0.000623,-0.004910
1777056118.886594,-0.728680,0.765640,1.449654,2.642976,-0.032493,0.022823,0.011262,-0.009501,-0.750000,0.750000,1.450000,2.617994,0.000000,0.000000,0.000000,0.000000,0.042115,-0.065959,-0.000595,-0.004907
1777056118.919931,-0.731827,0.767558,1.449660,2.642635,-0.028797,0.019845,0.011322,-0.009407,-0.750000,0.750000,1.450000,2.617994,0.000000,0.000000,0.000000,0.000000,0.023601,-0.059545,-0.000612,-0.004909
1777056118.953257,-0.733481,0.768673,1.449613,2.642296,-0.027007,0.017428,0.011299,-0.009493,-0.750000,0.750000,1.450000,2.617994,0.000000,0.000000,0.000000,0.000000,0.015789,-0.051862,-0.000518,-0.004916
1777056118.986621,-0.733481,0.768673,1.449613,2.642296,-0.027007,0.017428,0.011299,-0.009493,-0.750000,0.750000,1.450000,2.617994,0.000000,0.000000,0.000000,0.000000,0.019959,-0.044285,-0.000518,-0.006385
1777056119.019926,-0.736894,0.770825,1.449652,2.641639,-0.023499,0.012770,0.011407,-0.009492,-0.750000,0.750000,1.450000,2.617994,0.000000,0.000000,0.000000,0.000000,-0.000780,-0.038393,-0.000600,-0.004860
1777056119.053316,-0.740009,0.772901,1.449565,2.641253,-0.019775,0.010691,0.011301,-0.009892,-0.750000,0.750000,1.450000,2.617994,0.000000,0.000000,0.000000,0.000000,-0.019235,-0.031926,-0.000424,-0.004636
1777056119.086630,-0.741645,0.774003,1.449544,2.640823,-0.018130,0.008699,0.011299,-0.010292,-0.750000,0.750000,1.450000,2.617994,0.000000,0.000000,0.000000,0.000000,-0.026682,-0.024955,-0.000377,-0.004211
1777056119.119963,-0.744325,0.775679,1.449554,2.640488,-0.015310,0.006333,0.011311,-0.010124,-0.750000,0.750000,1.450000,2.617994,0.000000,0.000000,0.000000,0.000000,-0.041472,-0.019048,-0.000394,-0.004234
1777056119.153278,-0.745727,0.776618,1.449507,2.640192,-0.014019,0.004603,0.011242,-0.010124,-0.750000,0.750000,1.450000,2.617994,0.000000,0.000000,0.000000,0.000000,-0.047054,-0.012334,-0.000292,-0.004411
1777056119.186610,-0.747927,0.777959,1.449490,2.639924,-0.011750,0.002920,0.011195,-0.010000,-0.750000,0.750000,1.450000,2.617994,0.000000,0.000000,0.000000,0.000000,-0.058236,-0.006739,-0.000251,-0.004689
1777056119.219995,-0.749219,0.778779,1.449504,2.639650,-0.010869,0.000948,0.011194,-0.009728,-0.750000,0.750000,1.450000,2.617994,0.000000,0.000000,0.000000,0.000000,-0.062918,-0.000567,-0.000272,-0.004911
1777056119.253257,-0.749927,0.779278,1.449513,2.639354,-0.010805,-0.001059,0.011193,-0.009490,-0.750000,0.750000,1.450000,2.617994,0.000000,0.000000,0.000000,0.000000,-0.063618,0.005898,-0.000283,-0.005017
1777056119.286589,-0.749927,0.779278,1.449513,2.639354,-0.010805,-0.001059,0.011193,-0.009490,-0.750000,0.750000,1.450000,2.617994,0.000000,0.000000,0.000000,0.000000,-0.059402,0.011937,-0.000278,-0.006390
1777056119.320178,-0.752222,0.780578,1.449447,2.639033,-0.008685,-0.002751,0.011067,-0.009419,-0.750000,0.750000,1.450000,2.617994,0.000000,0.000000,0.000000,0.000000,-0.071678,0.015841,-0.000137,-0.006226
1777056119.353355,-0.753998,0.781468,1.449466,2.638695,-0.007270,-0.004203,0.011047,-0.009424,-0.750000,0.750000,1.450000,2.617994,0.000000,0.000000,0.000000,0.000000,-0.079844,0.019626,-0.000166,-0.005997
1777056119.386692,-0.755016,0.782012,1.449466,2.638348,-0.006871,-0.005755,0.011016,-0.009398,-0.750000,0.750000,1.450000,2.617994,0.000000,0.000000,0.000000,0.000000,-0.082804,0.024274,-0.000157,-0.005731
1777056119.419900,-0.756585,0.782637,1.449444,2.638008,-0.005742,-0.006789,0.010943,-0.009522,-0.750000,0.750000,1.450000,2.617994,0.000000,0.000000,0.000000,0.000000,-0.089218,0.027287,-0.000103,-0.005501
1777056119.453249,-0.757438,0.783004,1.449438,2.637676,-0.005498,-0.007949,0.010899,-0.009576,-0.750000,0.750000,1.450000,2.617994,0.000000,0.000000,0.000000,0.000000,-0.090917,0.031347,-0.000082,-0.005313
1777056119.486617,-0.758738,0.783350,1.449428,2.637355,-0.004809,-0.008784,0.010836,-0.009604,-0.750000,0.750000,1.450000,2.617994,0.000000,0.000000,0.000000,0.000000,-0.095266,0.033674,-0.000052,-0.005171
1777056119.519980,-0.759458,0.783567,1.449430,2.637047,-0.004828,-0.009853,0.010794,-0.009526,-0.750000,0.750000,1.450000,2.617994,0.000000,0.000000,0.000000,0.000000,-0.096015,0.037163,-0.000045,-0.005080
1777056119.553260,-0.760531,0.783633,1.449413,2.636751,-0.004444,-0.010356,0.010724,-0.009567,-0.750000,0.750000,1.450000,2.617994,0.000000,0.000000,0.000000,0.000000,-0.098587,0.038656,-0.000000,-0.005035
1777056119.586598,-0.761127,0.783700,1.449422,2.636459,-0.004682,-0.011305,0.010685,-0.009415,-0.750000,0.750000,1.450000,2.617994,0.000000,0.000000,0.000000,0.000000,-0.098482,0.041534,-0.000008,-0.004999
1777056119.619915,-0.762021,0.783508,1.449410,2.636172,-0.004656,-0.011662,0.010616,-0.009362,-0.750000,0.750000,1.450000,2.617994,0.000000,0.000000,0.000000,0.000000,-0.099639,0.042159,0.000026,-0.004974
1777056119.653275,-0.762502,0.783412,1.449406,2.635885,-0.004985,-0.012328,0.010562,-0.009303,-0.750000,0.750000,1.450000,2.617994,0.000000,0.000000,0.000000,0.000000,-0.098730,0.044349,0.000044,-0.004931
1777056119.686672,-0.763220,0.782971,1.449424,2.635591,-0.005413,-0.012711,0.010515,-0.009103,-0.750000,0.750000,1.450000,2.617994,0.000000,0.000000,0.000000,0.000000,-0.098526,0.044165,0.000018,-0.004850
1777056119.719942,-0.763603,0.782727,1.449408,2.635298,-0.005885,-0.013231,0.010440,-0.009080,-0.750000,0.750000,1.450000,2.617994,0.000000,0.000000,0.000000,0.000000,-0.096957,0.045725,0.000061,-0.004762
1777056119.753263,-0.764140,0.782053,1.449412,2.635001,-0.006495,-0.013317,0.010378,-0.008976,-0.750000,0.750000,1.450000,2.617994,0.000000,0.000000,0.000000,0.000000,-0.095422,0.044814,0.000063,-0.004651
1777056119.786573,-0.764432,0.781687,1.449393,2.634710,-0.006995,-0.013607,0.010302,-0.009075,-0.750000,0.750000,1.450000,2.617994,0.000000,0.000000,0.000000,0.000000,-0.093332,0.045806,0.000111,-0.004553
1777056119.819888,-0.764816,0.780842,1.449391,2.634421,-0.007671,-0.013386,0.010241,-0.009117,-0.750000,0.750000,1.450000,2.617994,0.000000,0.000000,0.000000,0.000000,-0.090818,0.044309,0.000126,-0.004451
1777056119.853277,-0.765007,0.780358,1.449403,2.634135,-0.008398,-0.013737,0.010188,-0.009020,-0.750000,0.750000,1.450000,2.617994,0.000000,0.000000,0.000000,0.000000,-0.088162,0.044809,0.000113,-0.004354
1777056119.886698,-0.765276,0.779301,1.449404,2.633857,-0.009311,-0.013422,0.010122,-0.008941,-0.750000,0.750000,1.450000,2.617994,0.000000,0.000000,0.000000,0.000000,-0.084777,0.042495,0.000120,-0.004279
1777056119.919914,-0.765424,0.778721,1.449394,2.633585,-0.009989,-0.013548,0.010047,-0.008941,-0.750000,0.750000,1.450000,2.617994,0.000000,0.000000,0.000000,0.000000,-0.081946,0.042434,0.000151,-0.004221
1777056119.953254,-0.765578,0.777531,1.449396,2.633317,-0.011002,-0.013098,0.009980,-0.008877,-0.750000,0.750000,1.450000,2.617994,0.000000,0.000000,0.000000,0.000000,-0.077884,0.039643,0.000158,-0.004165
1777056119.986597,-0.765654,0.776858,1.449399,2.633054,-0.011769,-0.013192,0.009914,-0.008809,-0.750000,0.750000,1.450000,2.617994,0.000000,0.000000,0.000000,0.000000,-0.074710,0.039151,0.000161,-0.004115
1777056120.019946,-0.765720,0.775511,1.449403,2.632793,-0.012905,-0.012642,0.009844,-0.008709,-0.750000,0.750000,1.450000,2.617994,0.000000,0.000000,0.000000,0.000000,-0.070061,0.035739,0.000163,-0.004061
1777056120.053278,-0.765751,0.774758,1.449400,2.632534,-0.013699,-0.012672,0.009766,-0.008634,-0.750000,0.750000,1.450000,2.617994,0.000000,0.000000,0.000000,0.000000,-0.066722,0.034821,0.000178,-0.004004
1777056120.086622,-0.765742,0.773293,1.449409,2.632276,-0.014909,-0.012043,0.009697,-0.008527,-0.750000,0.750000,1.450000,2.617994,0.000000,0.000000,0.000000,0.000000,-0.061638,0.030941,0.000170,-0.003937
1777056120.119952,-0.765699,0.772452,1.449422,2.632019,-0.015811,-0.012151,0.009621,-0.008343,-0.750000,0.750000,1.450000,2.617994,0.000000,0.000000,0.000000,0.000000,-0.057942,0.029708,0.000153,-0.003863
1777056120.153291,-0.765666,0.770908,1.449409,2.631769,-0.016996,-0.011404,0.009525,-0.008281,-0.750000,0.750000,1.450000,2.617994,0.000000,0.000000,0.000000,0.000000,-0.052796,0.025395,0.000188,-0.003805
1777056120.186717,-0.765622,0.770053,1.449415,2.631521,-0.017782,-0.011370,0.009449,-0.008192,-0.750000,0.750000,1.450000,2.617994,0.000000,0.000000,0.000000,0.000000,-0.049319,0.023925,0.000185,-0.003745
1777056120.220035,-0.765484,0.768403,1.449430,2.631275,-0.019101,-0.010714,0.009369,-0.008003,-0.750000,0.750000,1.450000,2.617994,0.000000,0.000000,0.000000,0.000000,-0.043571,0.019364,0.000164,-0.003684
1777056120.253293,-0.765371,0.767474,1.449443,2.631033,-0.019972,-0.010866,0.009270,-0.007753,-0.750000,0.750000,1.450000,2.617994,0.000000,0.000000,0.000000,0.000000,-0.039776,0.017708,0.000147,-0.003631
1777056120.286621,-0.765269,0.765828,1.449436,2.630798,-0.021149,-0.010135,0.009164,-0.007610,-0.750000,0.750000,1.450000,2.617994,0.000000,0.000000,0.000000,0.000000,-0.034492,0.012946,0.000170,-0.003598
1777056120.319871,-0.765269,0.765828,1.449436,2.630798,-0.021149,-0.010135,0.009164,-0.007610,-0.750000,0.750000,1.450000,2.617994,0.000000,0.000000,0.000000,0.000000,-0.033737,0.014561,0.000178,-0.004585
1777056120.353275,-0.765241,0.764685,1.449414,2.630563,-0.021937,-0.009947,0.009029,-0.007428,-0.750000,0.750000,1.450000,2.617994,0.000000,0.000000,0.000000,0.000000,-0.030239,0.011467,0.000234,-0.004443
1777056120.386573,-0.765052,0.763229,1.449431,2.630334,-0.023013,-0.009450,0.008947,-0.007288,-0.750000,0.750000,1.450000,2.617994,0.000000,0.000000,0.000000,0.000000,-0.025170,0.007561,0.000210,-0.004322
1777056120.419959,-0.764981,0.762443,1.449431,2.630083,-0.023556,-0.009468,0.008855,-0.007286,-0.750000,0.750000,1.450000,2.617994,0.000000,0.000000,0.000000,0.000000,-0.022455,0.006026,0.000219,-0.004098
1777056120.453254,-0.764798,0.760863,1.449440,2.629766,-0.024620,-0.008856,0.008758,-0.007365,-0.750000,0.750000,1.450000,2.617994,0.000000,0.000000,0.000000,0.000000,-0.017326,0.001509,0.000211,-0.003576
1777056120.486627,-0.764719,0.760028,1.449436,2.629458,-0.025128,-0.008865,0.008649,-0.007465,-0.750000,0.750000,1.450000,2.617994,0.000000,0.000000,0.000000,0.000000,-0.014635,-0.000262,0.000230,-0.003117
1777056120.519943,-0.764515,0.758421,1.449455,2.629174,-0.026142,-0.008321,0.008549,-0.007366,-0.750000,0.750000,1.450000,2.617994,0.000000,0.000000,0.000000,0.000000,-0.009508,-0.004855,0.000201,-0.002780
1777056120.553276,-0.764479,0.757638,1.449442,2.628943,-0.026513,-0.008315,0.008432,-0.007279,-0.750000,0.750000,1.450000,2.617994,0.000000,0.000000,0.000000,0.000000,-0.007362,-0.006583,0.000240,-0.002691
1777056120.586670,-0.764387,0.756259,1.449429,2.628754,-0.027258,-0.007673,0.008327,-0.007142,-0.750000,0.750000,1.450000,2.617994,0.000000,0.000000,0.000000,0.000000,-0.003550,-0.010655,0.000277,-0.002770
1777056120.619881,-0.764387,0.756259,1.449429,2.628754,-0.027258,-0.007673,0.008327,-0.007142,-0.750000,0.750000,1.450000,2.617994,0.000000,0.000000,0.000000,0.000000,-0.003518,-0.009403,0.000288,-0.003663
1777056120.653287,-0.764387,0.755269,1.449408,2.628587,-0.027656,-0.007426,0.008205,-0.006912,-0.750000,0.750000,1.450000,2.617994,0.000000,0.000000,0.000000,0.000000,-0.001211,-0.012290,0.000343,-0.003732
1777056120.686694,-0.764093,0.753940,1.449454,2.628423,-0.028447,-0.007204,0.008132,-0.006580,-0.750000,0.750000,1.450000,2.617994,0.000000,0.000000,0.000000,0.000000,0.003504,-0.015606,0.000262,-0.003803
1777056120.720148,-0.764082,0.753304,1.449437,2.628236,-0.028614,-0.007246,0.008018,-0.006493,-0.750000,0.750000,1.450000,2.617994,0.000000,0.000000,0.000000,0.000000,0.004889,-0.016978,0.000306,-0.003747
1777056120.753267,-0.763906,0.752020,1.449460,2.627981,-0.029226,-0.006905,0.007927,-0.006455,-0.750000,0.750000,1.450000,2.617994,0.000000,0.000000,0.000000,0.000000,0.008685,-0.020507,0.000271,-0.003377
1777056120.786728,-0.763884,0.751389,1.449452,2.627722,-0.029346,-0.006976,0.007817,-0.006558,-0.750000,0.750000,1.450000,2.617994,0.000000,0.000000,0.000000,0.000000,0.010005,-0.021828,0.000298,-0.003001
1777056120.820058,-0.763729,0.750188,1.449463,2.627469,-0.029837,-0.006685,0.007709,-0.006505,-0.750000,0.750000,1.450000,2.617994,0.000000,0.000000,0.000000,0.000000,0.013369,-0.025079,0.000287,-0.002667
1777056120.853235,-0.763702,0.749593,1.449454,2.627255,-0.029887,-0.006810,0.007591,-0.006441,-0.750000,0.750000,1.450000,2.617994,0.000000,0.000000,0.000000,0.000000,0.014529,-0.026224,0.000316,-0.002512
1777056120.886590,-0.763702,0.749593,1.449454,2.627255,-0.029887,-0.006810,0.007591,-0.006441,-0.750000,0.750000,1.450000,2.617994,0.000000,0.000000,0.000000,0.000000,0.014168,-0.025097,0.000327,-0.003299
1777056120.919890,-0.763751,0.748596,1.449437,2.627074,-0.030084,-0.006465,0.007471,-0.006309,-0.750000,0.750000,1.450000,2.617994,0.000000,0.000000,0.000000,0.000000,0.015842,-0.028290,0.000373,-0.003204
1777056120.953255,-0.763623,0.748053,1.449458,2.626919,-0.030180,-0.006649,0.007394,-0.006118,-0.750000,0.750000,1.450000,2.617994,0.000000,0.000000,0.000000,0.000000,0.017443,-0.028994,0.000342,-0.003225
1777056120.986626,-0.763472,0.747099,1.449489,2.626773,-0.030448,-0.006541,0.007310,-0.005858,-0.750000,0.750000,1.450000,2.617994,0.000000,0.000000,0.000000,0.000000,0.020079,-0.031328,0.000289,-0.003268
1777056121.019956,-0.763463,0.746631,1.449487,2.626627,-0.030350,-0.006716,0.007204,-0.005680,-0.750000,0.750000,1.450000,2.617994,0.000000,0.000000,0.000000,0.000000,0.020707,-0.032106,0.000302,-0.003301
1777056121.053321,-0.763413,0.745876,1.449486,2.626473,-0.030443,-0.006612,0.007100,-0.005547,-0.750000,0.750000,1.450000,2.617994,0.000000,0.000000,0.000000,0.000000,0.022219,-0.033954,0.000315,-0.003277
1777056121.086607,-0.763327,0.745437,1.449513,2.626305,-0.030309,-0.006943,0.007011,-0.005391,-0.750000,0.750000,1.450000,2.617994,0.000000,0.000000,0.000000,0.000000,0.023159,-0.034336,0.000269,-0.003181
1777056121.119993,-0.763313,0.744815,1.449514,2.626129,-0.030253,-0.006949,0.006903,-0.005325,-0.750000,0.750000,1.450000,2.617994,0.000000,0.000000,0.000000,0.000000,0.024074,-0.035731,0.000278,-0.003047
1777056121.153277,-0.763313,0.744815,1.449514,2.626129,-0.030253,-0.006949,0.006903,-0.005325,-0.750000,0.750000,1.450000,2.617994,0.000000,0.000000,0.000000,0.000000,0.023511,-0.034687,0.000286,-0.003688
1777056121.186660,-0.763341,0.744395,1.449505,2.625947,-0.029946,-0.007249,0.006763,-0.005195,-0.750000,0.750000,1.450000,2.617994,0.000000,0.000000,0.000000,0.000000,0.023746,-0.035449,0.000312,-0.003459
1777056121.219954,-0.763290,0.743957,1.449522,2.625773,-0.029807,-0.007414,0.006678,-0.005145,-0.750000,0.750000,1.450000,2.617994,0.000000,0.000000,0.000000,0.000000,0.024451,-0.036027,0.000286,-0.003273
1777056121.253283,-0.763202,0.743697,1.449542,2.625603,-0.029492,-0.007891,0.006568,-0.004998,-0.750000,0.750000,1.450000,2.617994,0.000000,0.000000,0.000000,0.000000,0.024908,-0.035711,0.000255,-0.003108
1777056121.286698,-0.763216,0.743351,1.449537,2.625446,-0.029182,-0.008123,0.006444,-0.004881,-0.750000,0.750000,1.450000,2.617994,0.000000,0.000000,0.000000,0.000000,0.024946,-0.036095,0.000275,-0.003000
1777056121.319918,-0.763295,0.743209,1.449532,2.625298,-0.028802,-0.008379,0.006347,-0.004855,-0.750000,0.750000,1.450000,2.617994,0.000000,0.000000,0.000000,0.000000,0.024137,-0.035856,0.000294,-0.002928
1777056121.353261,-0.763295,0.743209,1.449532,2.625298,-0.028802,-0.008379,0.006347,-0.004855,-0.750000,0.750000,1.450000,2.617994,0.000000,0.000000,0.000000,0.000000,0.023531,-0.034866,0.000303,-0.003503
1777056121.386663,-0.763386,0.742984,1.449524,2.625151,-0.028386,-0.008615,0.006229,-0.004753,-0.750000,0.750000,1.450000,2.617994,0.000000,0.000000,0.000000,0.000000,0.022923,-0.035106,0.000330,-0.003370
1777056121.419913,-0.763276,0.742847,1.449545,2.624992,-0.028071,-0.009059,0.006137,-0.004664,-0.750000,0.750000,1.450000,2.617994,0.000000,0.000000,0.000000,0.000000,0.023241,-0.034309,0.000297,-0.003181
1777056121.453297,-0.763302,0.742712,1.449553,2.624778,-0.027679,-0.009350,0.006044,-0.004781,-0.750000,0.750000,1.450000,2.617994,0.000000,0.000000,0.000000,0.000000,0.022747,-0.033967,0.000290,-0.002750
1777056121.486712,-0.763259,0.742636,1.449567,2.624551,-0.027228,-0.009806,0.005935,-0.004810,-0.750000,0.750000,1.450000,2.617994,0.000000,0.000000,0.000000,0.000000,0.022490,-0.033142,0.000271,-0.002282
1777056121.519973,-0.763348,0.742597,1.449555,2.624353,-0.026747,-0.010094,0.005823,-0.004897,-0.750000,0.750000,1.450000,2.617994,0.000000,0.000000,0.000000,0.000000,0.021381,-0.032622,0.000305,-0.001957
1777056121.553233,-0.763384,0.742583,1.449563,2.624191,-0.026307,-0.010419,0.005736,-0.004870,-0.750000,0.750000,1.450000,2.617994,0.000000,0.000000,0.000000,0.000000,0.020535,-0.031832,0.000299,-0.001806
1777056121.586600,-0.763384,0.742583,1.449563,2.624191,-0.026307,-0.010419,0.005736,-0.004870,-0.750000,0.750000,1.450000,2.617994,0.000000,0.000000,0.000000,0.000000,0.019936,-0.030959,0.000307,-0.002371
1777056121.619892,-0.763473,0.742617,1.449561,2.624065,-0.025706,-0.010819,0.005617,-0.004676,-0.750000,0.750000,1.450000,2.617994,0.000000,0.000000,0.000000,0.000000,0.018730,-0.030231,0.000321,-0.002325
1777056121.653205,-0.763466,0.742639,1.449565,2.623968,-0.025297,-0.011157,0.005526,-0.004487,-0.750000,0.750000,1.450000,2.617994,0.000000,0.000000,0.000000,0.000000,0.018108,-0.029249,0.000323,-0.002400
1777056121.686792,-0.763460,0.742735,1.449583,2.623865,-0.024796,-0.011588,0.005442,-0.004302,-0.750000,0.750000,1.450000,2.617994,0.000000,0.000000,0.000000,0.000000,0.017297,-0.027975,0.000295,-0.002429
1777056121.719935,-0.763473,0.742799,1.449589,2.623719,-0.024297,-0.011954,0.005342,-0.004239,-0.750000,0.750000,1.450000,2.617994,0.000000,0.000000,0.000000,0.000000,0.016432,-0.026913,0.000293,-0.002257
1777056121.753294,-0.763485,0.742967,1.449594,2.623561,-0.023706,-0.012426,0.005232,-0.004178,-0.750000,0.750000,1.450000,2.617994,0.000000,0.000000,0.000000,0.000000,0.015321,-0.025426,0.000292,-0.002031
1777056121.786676,-0.763485,0.742967,1.449594,2.623561,-0.023706,-0.012426,0.005232,-0.004178,-0.750000,0.750000,1.450000,2.617994,0.000000,0.000000,0.000000,0.000000,0.014740,-0.024680,0.000300,-0.002513
1777056121.819937,-0.763660,0.743096,1.449581,2.623404,-0.023046,-0.012714,0.005116,-0.004164,-0.750000,0.750000,1.450000,2.617994,0.000000,0.000000,0.000000,0.000000,0.012848,-0.023981,0.000335,-0.002249
1777056121.853310,-0.763584,0.743294,1.449605,2.623262,-0.022536,-0.013213,0.005031,-0.004072,-0.750000,0.750000,1.450000,2.617994,0.000000,0.000000,0.000000,0.000000,0.012244,-0.022165,0.000295,-0.002059
1777056121.886618,-0.763650,0.743404,1.449598,2.623127,-0.022048,-0.013468,0.004934,-0.004060,-0.750000,0.750000,1.450000,2.617994,0.000000,0.000000,0.000000,0.000000,0.011024,-0.021217,0.000319,-0.001904
1777056121.919945,-0.763690,0.743641,1.449609,2.622995,-0.021514,-0.013849,0.004859,-0.004033,-0.750000,0.750000,1.450000,2.617994,0.000000,0.000000,0.000000,0.000000,0.009667,-0.019680,0.000305,-0.001760
1777056121.953292,-0.763673,0.743787,1.449622,2.622876,-0.021030,-0.014179,0.004770,-0.003919,-0.750000,0.750000,1.450000,2.617994,0.000000,0.000000,0.000000,0.000000,0.008850,-0.018348,0.000289,-0.001677
1777056121.986701,-0.763711,0.744060,1.449620,2.622771,-0.020463,-0.014569,0.004673,-0.003804,-0.750000,0.750000,1.450000,2.617994,0.000000,0.000000,0.000000,0.000000,0.007410,-0.016699,0.000301,-0.001653
1777056122.019876,-0.763711,0.744060,1.449620,2.622771,-0.020463,-0.014569,0.004673,-0.003804,-0.750000,0.750000,1.450000,2.617994,0.000000,0.000000,0.000000,0.000000,0.006901,-0.016124,0.000309,-0.002085
1777056122.053242,-0.763798,0.744260,1.449623,2.622674,-0.019851,-0.014855,0.004572,-0.003646,-0.750000,0.750000,1.450000,2.617994,0.000000,0.000000,0.000000,0.000000,0.005411,-0.015020,0.000310,-0.002046
1777056122.086564,-0.763756,0.744529,1.449638,2.622583,-0.019361,-0.015247,0.004492,-0.003510,-0.750000,0.750000,1.450000,2.617994,0.000000,0.000000,0.000000,0.000000,0.004504,-0.013215,0.000289,-0.002027
1777056122.119915,-0.763742,0.744687,1.449643,2.622491,-0.018897,-0.015495,0.004397,-0.003381,-0.750000,0.750000,1.450000,2.617994,0.000000,0.000000,0.000000,0.000000,0.003682,-0.012003,0.000287,-0.001993
1777056122.153255,-0.763790,0.744954,1.449648,2.622397,-0.018390,-0.015787,0.004323,-0.003320,-0.750000,0.750000,1.450000,2.617994,0.000000,0.000000,0.000000,0.000000,0.002257,-0.010561,0.000283,-0.001946
1777056122.186622,-0.763817,0.745102,1.449650,2.622298,-0.017988,-0.015956,0.004248,-0.003288,-0.750000,0.750000,1.450000,2.617994,0.000000,0.000000,0.000000,0.000000,0.001246,-0.009581,0.000287,-0.001874
1777056122.219939,-0.763746,0.745405,1.449661,2.622195,-0.017513,-0.016323,0.004161,-0.003200,-0.750000,0.750000,1.450000,2.617994,0.000000,0.000000,0.000000,0.000000,0.000428,-0.007658,0.000272,-0.001778
1777056122.253289,-0.763781,0.745550,1.449668,2.622096,-0.017099,-0.016454,0.004089,-0.003166,-0.750000,0.750000,1.450000,2.617994,0.000000,0.000000,0.000000,0.000000,-0.000627,-0.006780,0.000266,-0.001694
1777056122.286624,-0.763782,0.745801,1.449670,2.621999,-0.016682,-0.016697,0.004016,-0.003145,-0.750000,0.750000,1.450000,2.617994,0.000000,0.000000,0.000000,0.000000,-0.001719,-0.005373,0.000270,-0.001619
1777056122.319930,-0.763785,0.745943,1.449669,2.621906,-0.016334,-0.016818,0.003943,-0.003118,-0.750000,0.750000,1.450000,2.617994,0.000000,0.000000,0.000000,0.000000,-0.002552,-0.004458,0.000279,-0.001560
1777056122.353280,-0.763729,0.746194,1.449684,2.621817,-0.015960,-0.017064,0.003882,-0.003056,-0.750000,0.750000,1.450000,2.617994,0.000000,0.000000,0.000000,0.000000,-0.003304,-0.002929,0.000255,-0.001511
1777056122.386668,-0.763729,0.746194,1.449684,2.621817,-0.015960,-0.017064,0.003882,-0.003056,-0.750000,0.750000,1.450000,2.617994,0.000000,0.000000,0.000000,0.000000,-0.003743,-0.002664,0.000261,-0.001853
1777056122.419915,-0.763674,0.746402,1.449697,2.621729,-0.015479,-0.017227,0.003780,-0.002915,-0.750000,0.750000,1.450000,2.617994,0.000000,0.000000,0.000000,0.000000,-0.004374,-0.001375,0.000242,-0.001773
1777056122.453301,-0.763657,0.746591,1.449692,2.621640,-0.015124,-0.017362,0.003699,-0.002884,-0.750000,0.750000,1.450000,2.617994,0.000000,0.000000,0.000000,0.000000,-0.005183,-0.000327,0.000259,-0.001684
1777056122.486691,-0.763649,0.746697,1.449702,2.621518,-0.014816,-0.017401,0.003639,-0.002958,-0.750000,0.750000,1.450000,2.617994,0.000000,0.000000,0.000000,0.000000,-0.005839,0.000320,0.000246,-0.001445
1777056122.519925,-0.763580,0.746893,1.449707,2.621391,-0.014507,-0.017549,0.003571,-0.003022,-0.750000,0.750000,1.450000,2.617994,0.000000,0.000000,0.000000,0.000000,-0.006358,0.001517,0.000240,-0.001191
1777056122.553275,-0.763570,0.746993,1.449706,2.621273,-0.014224,-0.017568,0.003502,-0.003087,-0.750000,0.750000,1.450000,2.617994,0.000000,0.000000,0.000000,0.000000,-0.006982,0.002087,0.000250,-0.000988
1777056122.586997,-0.763493,0.747161,1.449719,2.621174,-0.013962,-0.017680,0.003449,-0.003075,-0.750000,0.750000,1.450000,2.617994,0.000000,0.000000,0.000000,0.000000,-0.007378,0.003140,0.000231,-0.000874
1777056122.620087,-0.763448,0.747260,1.449725,2.621099,-0.013703,-0.017693,0.003387,-0.002986,-0.750000,0.750000,1.450000,2.617994,0.000000,0.000000,0.000000,0.000000,-0.007798,0.003768,0.000223,-0.000866
1777056122.653247,-0.763326,0.747417,1.449731,2.621042,-0.013455,-0.017780,0.003316,-0.002833,-0.750000,0.750000,1.450000,2.617994,0.000000,0.000000,0.000000,0.000000,-0.007920,0.004857,0.000217,-0.000931
1777056122.686826,-0.763311,0.747480,1.449739,2.620994,-0.013200,-0.017728,0.003259,-0.002693,-0.750000,0.750000,1.450000,2.617994,0.000000,0.000000,0.000000,0.000000,-0.008446,0.005173,0.000207,-0.001025
1777056122.720079,-0.763231,0.747573,1.449742,2.620944,-0.013002,-0.017739,0.003199,-0.002577,-0.750000,0.750000,1.450000,2.617994,0.000000,0.000000,0.000000,0.000000,-0.008654,0.005810,0.000206,-0.001097
1777056122.753293,-0.763162,0.747640,1.449746,2.620887,-0.012782,-0.017695,0.003134,-0.002479,-0.750000,0.750000,1.450000,2.617994,0.000000,0.000000,0.000000,0.000000,-0.008867,0.006272,0.000203,-0.001119
1777056122.786586,-0.763087,0.747691,1.449752,2.620821,-0.012616,-0.017657,0.003082,-0.002444,-0.750000,0.750000,1.450000,2.617994,0.000000,0.000000,0.000000,0.000000,-0.009008,0.006668,0.000196,-0.001096
1777056122.820077,-0.763046,0.747721,1.449755,2.620748,-0.012433,-0.017576,0.003028,-0.002439,-0.750000,0.750000,1.450000,2.617994,0.000000,0.000000,0.000000,0.000000,-0.009288,0.006843,0.000195,-0.001037
1777056122.853255,-0.762929,0.747753,1.449757,2.620673,-0.012315,-0.017530,0.002972,-0.002431,-0.750000,0.750000,1.450000,2.617994,0.000000,0.000000,0.000000,0.000000,-0.009139,0.007258,0.000196,-0.000964
1777056122.886715,-0.762860,0.747775,1.449768,2.620601,-0.012149,-0.017435,0.002924,-0.002407,-0.750000,0.750000,1.450000,2.617994,0.000000,0.000000,0.000000,0.000000,-0.009241,0.007446,0.000181,-0.000901
1777056122.919946,-0.762720,0.747780,1.449774,2.620534,-0.012046,-0.017350,0.002867,-0.002355,-0.750000,0.750000,1.450000,2.617994,0.000000,0.000000,0.000000,0.000000,-0.008899,0.007784,0.000173,-0.000859
1777056122.953229,-0.762623,0.747793,1.449779,2.620473,-0.011863,-0.017218,0.002800,-0.002271,-0.750000,0.750000,1.450000,2.617994,0.000000,0.000000,0.000000,0.000000,-0.008844,0.007974,0.000168,-0.000841
1777056122.986764,-0.762623,0.747793,1.449779,2.620473,-0.011863,-0.017218,0.002800,-0.002271,-0.750000,0.750000,1.450000,2.617994,0.000000,0.000000,0.000000,0.000000,-0.009282,0.007802,0.000172,-0.001089
1777056123.020035,-0.762520,0.747742,1.449782,2.620418,-0.011688,-0.016999,0.002724,-0.002164,-0.750000,0.750000,1.450000,2.617994,0.000000,0.000000,0.000000,0.000000,-0.009010,0.007739,0.000169,-0.001064
1777056123.053274,-0.762454,0.747725,1.449786,2.620367,-0.011526,-0.016839,0.002667,-0.002091,-0.750000,0.750000,1.450000,2.617994,0.000000,0.000000,0.000000,0.000000,-0.009032,0.007681,0.000167,-0.001056
1777056123.086665,-0.762347,0.747654,1.449784,2.620310,-0.011461,-0.016665,0.002611,-0.002058,-0.750000,0.750000,1.450000,2.617994,0.000000,0.000000,0.000000,0.000000,-0.008691,0.007516,0.000176,-0.001020
1777056123.119887,-0.762292,0.747614,1.449790,2.620238,-0.011332,-0.016496,0.002566,-0.002086,-0.750000,0.750000,1.450000,2.617994,0.000000,0.000000,0.000000,0.000000,-0.008722,0.007292,0.000169,-0.000906
1777056123.153286,-0.762153,0.747527,1.449793,2.620165,-0.011305,-0.016322,0.002517,-0.002106,-0.750000,0.750000,1.450000,2.617994,0.000000,0.000000,0.000000,0.000000,-0.008162,0.007143,0.000167,-0.000793
1777056123.186605,-0.762072,0.747478,1.449795,2.620094,-0.011191,-0.016146,0.002465,-0.002111,-0.750000,0.750000,1.450000,2.617994,0.000000,0.000000,0.000000,0.000000,-0.008034,0.006946,0.000169,-0.000687
1777056123.219980,-0.761925,0.747367,1.449802,2.620028,-0.011178,-0.015945,0.002421,-0.002100,-0.750000,0.750000,1.450000,2.617994,0.000000,0.000000,0.000000,0.000000,-0.007380,0.006695,0.000159,-0.000606
1777056123.253260,-0.761819,0.747312,1.449808,2.619971,-0.011057,-0.015750,0.002369,-0.002038,-0.750000,0.750000,1.450000,2.617994,0.000000,0.000000,0.000000,0.000000,-0.007113,0.006523,0.000151,-0.000568
1777056123.286702,-0.761638,0.747184,1.449811,2.619925,-0.011029,-0.015507,0.002308,-0.001946,-0.750000,0.750000,1.450000,2.617994,0.000000,0.000000,0.000000,0.000000,-0.006255,0.006273,0.000149,-0.000574
1777056123.319890,-0.761595,0.747096,1.449814,2.619887,-0.010895,-0.015270,0.002261,-0.001864,-0.750000,0.750000,1.450000,2.617994,0.000000,0.000000,0.000000,0.000000,-0.006300,0.005724,0.000148,-0.000612
1777056123.353266,-0.761486,0.746945,1.449813,2.619853,-0.010892,-0.015032,0.002216,-0.001794,-0.750000,0.750000,1.450000,2.617994,0.000000,0.000000,0.000000,0.000000,-0.005796,0.005131,0.000155,-0.000658
1777056123.386626,-0.761395,0.746870,1.449815,2.619817,-0.010798,-0.014836,0.002170,-0.001724,-0.750000,-0.750000,1.850000,3.141593,0.000000,0.000000,0.000000,0.000000,-0.005586,0.004785,0.000156,-0.000685
1777056123.419921,-0.761261,0.746717,1.449820,2.619778,-0.010810,-0.014605,0.002131,-0.001682,-0.750000,-0.750000,1.850000,3.141593,0.000000,0.000000,0.000000,0.000000,-0.105027,0.104306,0.100140,0.099383
1777056123.453256,-0.761178,0.746632,1.449823,2.619733,-0.010723,-0.014405,0.002090,-0.001655,-0.750000,-0.750000,1.850000,3.141593,0.000000,0.000000,0.000000,0.000000,-0.194525,0.193875,0.181361,0.147323
1777056123.486621,-0.761010,0.746481,1.449825,2.619686,-0.010737,-0.014174,0.002044,-0.001629,-0.750000,-0.750000,1.850000,3.141593,0.000000,0.000000,0.000000,0.000000,-0.275072,0.274488,0.254461,0.190470
1777056123.519984,-0.760925,0.746392,1.450321,2.621875,-0.010634,-0.013960,0.002625,0.004987,-0.750000,-0.750000,1.850000,3.141593,0.000000,0.000000,0.000000,0.000000,-0.347565,0.347039,0.319641,0.227373
1777056123.553250,-0.760571,0.745447,1.450553,2.631559,-0.011289,-0.013064,0.002894,0.035869,-0.750000,-0.750000,1.850000,3.141593,0.000000,0.000000,0.000000,0.000000,-0.412808,0.412335,0.378540,0.253833
1777056123.586653,-0.760372,0.744915,1.450674,2.645759,-0.011545,-0.012499,0.003001,0.078377,-0.750000,-0.750000,1.850000,3.141593,0.000000,0.000000,0.000000,0.000000,-0.471528,0.471102,0.431647,0.272682
1777056123.619992,-0.759330,0.741674,1.461566,2.663554,-0.013362,-0.008979,0.016310,0.127339,-0.750000,-0.750000,1.850000,3.141593,0.000000,0.000000,0.000000,0.000000,-0.524375,0.523992,0.465898,0.284570
1777056123.653265,-0.758707,0.739785,1.467635,2.684209,-0.014210,-0.006888,0.023286,0.176083,-0.750000,-0.750000,1.850000,3.141593,0.000000,0.000000,0.000000,0.000000,-0.571937,0.571592,0.500674,0.289824
1777056123.686594,-0.756776,0.733704,1.470862,2.706395,-0.018700,-0.001485,0.026585,0.227512,-0.750000,-0.750000,1.850000,3.141593,0.000000,0.000000,0.000000,0.000000,-0.607364,0.614433,0.534465,0.289530
1777056123.719939,-0.755628,0.730215,1.493822,2.729784,-0.019207,0.003301,0.053872,0.273582,-0.750000,-0.750000,1.850000,3.141593,0.000000,0.000000,0.000000,0.000000,-0.638829,0.652990,0.537875,0.283698
1777056123.753265,-0.751842,0.719256,1.508877,2.776494,-0.025900,0.013566,0.068998,0.318692,-0.750000,-0.750000,1.850000,3.141593,0.000000,0.000000,0.000000,0.000000,-0.635955,0.687691,0.546313,0.233508
1777056123.786665,-0.751842,0.719256,1.508877,2.776494,-0.025900,0.013566,0.068998,0.318692,-0.750000,-0.750000,1.850000,3.141593,0.000000,0.000000,0.000000,0.000000,-0.659312,0.718922,0.571838,0.262771
1777056123.820040,-0.747127,0.705027,1.540607,2.799567,-0.033610,0.028452,0.105300,0.353768,-0.750000,-0.750000,1.850000,3.141593,0.000000,0.000000,0.000000,0.000000,-0.639554,0.747030,0.548606,0.244992
1777056123.853253,-0.744645,0.698072,1.557602,2.820244,-0.036733,0.035423,0.122789,0.378510,-0.750000,-0.750000,1.850000,3.141593,0.000000,0.000000,0.000000,0.000000,-0.631189,0.772327,0.541453,0.228322
1777056123.886688,-0.739235,0.682759,1.567221,2.838047,-0.046529,0.049320,0.129908,0.387166,-0.750000,-0.750000,1.850000,3.141593,0.000000,0.000000,0.000000,0.000000,-0.596254,0.795094,0.542315,0.214959
1777056123.919946,-0.736348,0.674643,1.600269,2.856402,-0.048899,0.058534,0.166225,0.403526,-0.750000,-0.750000,1.850000,3.141593,0.000000,0.000000,0.000000,0.000000,-0.576375,0.815585,0.502329,0.197238
1777056123.953269,-0.730246,0.657075,1.618349,2.873568,-0.058927,0.075177,0.182002,0.409314,-0.750000,-0.750000,1.850000,3.141593,0.000000,0.000000,0.000000,0.000000,-0.529024,0.834026,0.481956,0.179804
1777056123.986686,-0.727069,0.647855,1.627122,2.888701,-0.063366,0.082978,0.187050,0.415457,-0.750000,-0.750000,1.850000,3.141593,0.000000,0.000000,0.000000,0.000000,-0.501137,0.850623,0.474876,0.165467
1777056124.019984,-0.720811,0.628803,1.658144,2.902598,-0.072978,0.102386,0.218364,0.416884,-0.750000,-0.750000,1.850000,3.141593,0.000000,0.000000,0.000000,0.000000,-0.448147,0.865561,0.426384,0.152569
1777056124.053263,-0.717330,0.618220,1.674491,2.914808,-0.077395,0.111884,0.231625,0.414587,-0.750000,-0.750000,1.850000,3.141593,0.000000,0.000000,0.000000,0.000000,-0.414887,0.879005,0.400333,0.142808
1777056124.086805,-0.710991,0.597141,1.683282,2.925560,-0.088016,0.131266,0.234208,0.407954,-0.750000,-0.750000,1.850000,3.141593,0.000000,0.000000,0.000000,0.000000,-0.358923,0.891105,0.386449,0.135919
1777056124.119976,-0.700936,0.561679,1.717224,2.943518,-0.102852,0.164051,0.259599,0.396720,-0.750000,-0.750000,1.850000,3.141593,0.000000,0.000000,0.000000,0.000000,-0.273121,0.901994,0.323493,0.103366
1777056124.153312,-0.697265,0.547739,1.728671,2.951501,-0.107491,0.175406,0.264954,0.382450,-0.750000,-0.750000,1.850000,3.141593,0.000000,0.000000,0.000000,0.000000,-0.236133,0.911795,0.300389,0.103505
1777056124.186600,-0.691566,0.522650,1.751775,2.958282,-0.116943,0.199662,0.283518,0.367228,-0.750000,-0.750000,1.850000,3.141593,0.000000,0.000000,0.000000,0.000000,-0.182968,0.920615,0.253251,0.106131
1777056124.219914,-0.688205,0.507808,1.765030,2.963256,-0.121078,0.211113,0.289353,0.345161,-0.750000,-0.750000,1.850000,3.141593,0.000000,0.000000,0.000000,0.000000,-0.148947,0.928554,0.223760,0.113634
1777056124.253303,-0.682809,0.478784,1.772470,2.968330,-0.129556,0.236230,0.285097,0.323899,-0.750000,-0.750000,1.850000,3.141593,0.000000,0.000000,0.000000,0.000000,-0.098146,0.935698,0.205271,0.119056
1777056124.286695,-0.680127,0.463772,1.787360,2.973857,-0.132411,0.247377,0.293011,0.308150,-0.750000,-0.750000,1.850000,3.141593,0.000000,0.000000,0.000000,0.000000,-0.069731,0.942128,0.171495,0.121358
1777056124.319950,-0.676194,0.435211,1.794857,2.980269,-0.139184,0.272665,0.290431,0.297693,-0.750000,-0.750000,1.850000,3.141593,0.000000,0.000000,0.000000,0.000000,-0.029267,0.947916,0.151979,0.119076
1777056124.353267,-0.673928,0.418811,1.799003,2.987402,-0.141239,0.283571,0.284797,0.289478,-0.750000,-0.750000,1.850000,3.141593,0.000000,0.000000,0.000000,0.000000,-0.003322,0.953124,0.139250,0.113074
1777056124.386651,-0.671041,0.389195,1.807451,2.994656,-0.146741,0.310173,0.284116,0.285779,-0.750000,-0.750000,1.850000,3.141593,0.000000,0.000000,0.000000,0.000000,0.030642,0.957812,0.117948,0.105744
1777056124.419968,-0.669210,0.371344,1.812525,3.001960,-0.148156,0.322087,0.279731,0.279698,-0.750000,-0.750000,1.850000,3.141593,0.000000,0.000000,0.000000,0.000000,0.054351,0.962030,0.103404,0.097478
1777056124.453355,-0.666964,0.337854,1.815201,3.008733,-0.152198,0.350438,0.270252,0.271723,-0.750000,-0.750000,1.850000,3.141593,0.000000,0.000000,0.000000,0.000000,0.085110,0.957292,0.093962,0.090589
1777056124.486628,-0.665884,0.320007,1.820254,3.014769,-0.152628,0.362162,0.266812,0.264694,-0.750000,-0.750000,1.850000,3.141593,0.000000,0.000000,0.000000,0.000000,0.103821,0.961563,0.079943,0.085952
1777056124.520005,-0.664697,0.285429,1.823150,3.020292,-0.155223,0.391362,0.258230,0.255358,-0.750000,-0.750000,1.850000,3.141593,0.000000,0.000000,0.000000,0.000000,0.127695,0.935173,0.070480,0.082601
1777056124.553291,-0.664035,0.265657,1.824573,3.025299,-0.154677,0.403095,0.249825,0.245145,-0.750000,-0.750000,1.850000,3.141593,0.000000,0.000000,0.000000,0.000000,0.143874,0.934168,0.064306,0.080596
1777056124.586656,-0.663990,0.231002,1.827202,3.029900,-0.155936,0.432771,0.242323,0.236811,-0.750000,-0.750000,1.850000,3.141593,0.000000,0.000000,0.000000,0.000000,0.159981,0.889455,0.056006,0.079479
1777056124.619889,-0.663879,0.210511,1.828756,3.034403,-0.154878,0.445156,0.234981,0.228027,-0.750000,-0.750000,1.850000,3.141593,0.000000,0.000000,0.000000,0.000000,0.172561,0.872642,0.050125,0.077935
1777056124.653271,-0.664592,0.172313,1.829521,3.038838,-0.154805,0.476368,0.224883,0.219039,-0.750000,-0.750000,1.850000,3.141593,0.000000,0.000000,0.000000,0.000000,0.184412,0.803445,0.046164,0.075965
1777056124.686666,-0.664870,0.148778,1.831645,3.043297,-0.152446,0.488095,0.216994,0.208877,-0.750000,-0.750000,1.850000,3.141593,0.000000,0.000000,0.000000,0.000000,0.194983,0.767161,0.039727,0.073164
1777056124.719945,-0.666624,0.108995,1.832019,3.047623,-0.150703,0.519103,0.207169,0.200645,-0.750000,-0.750000,1.850000,3.141593,0.000000,0.000000,0.000000,0.000000,0.200161,0.679438,0.037071,0.070337
1777056124.753289,-0.667430,0.084623,1.832638,3.052011,-0.147056,0.528372,0.197518,0.190905,-0.750000,-0.750000,1.850000,3.141593,0.000000,0.000000,0.000000,0.000000,0.207278,0.631092,0.034215,0.066626
1777056124.786701,-0.670064,0.044606,1.832984,3.056068,-0.143848,0.557797,0.188776,0.183193,-0.750000,-0.750000,1.850000,3.141593,0.000000,0.000000,0.000000,0.000000,0.206440,0.530584,0.032155,0.063778
1777056124.819939,-0.671410,0.021790,1.832940,3.060049,-0.139737,0.565245,0.181196,0.175002,-0.750000,-0.750000,1.850000,3.141593,0.000000,0.000000,0.000000,0.000000,0.209498,0.478995,0.031109,0.060741
1777056124.853316,-0.671410,0.021790,1.832940,3.060049,-0.139737,0.565245,0.181196,0.175002,-0.750000,-0.750000,1.850000,3.141593,0.000000,0.000000,0.000000,0.000000,0.215254,0.495824,0.030091,0.074355
1777056124.886665,-0.674952,-0.016022,1.832013,3.063725,-0.134997,0.591042,0.172878,0.167656,-0.750000,-0.750000,1.850000,3.141593,0.000000,0.000000,0.000000,0.000000,0.207089,0.390486,0.031183,0.070736
1777056124.919882,-0.676313,-0.039958,1.832857,3.067297,-0.130801,0.597893,0.167260,0.159652,-0.750000,-0.750000,1.850000,3.141593,0.000000,0.000000,0.000000,0.000000,0.209642,0.328234,0.028874,0.067202
1777056124.953277,-0.679954,-0.079380,1.832956,3.070610,-0.125874,0.624082,0.161562,0.152680,-0.750000,-0.750000,1.850000,3.141593,0.000000,0.000000,0.000000,0.000000,0.200914,0.209761,0.028171,0.064392
1777056124.986776,-0.681989,-0.099322,1.832437,3.073784,-0.121546,0.629608,0.156364,0.147162,-0.750000,-0.750000,1.850000,3.141593,0.000000,0.000000,0.000000,0.000000,0.198071,0.156059,0.028845,0.061830
1777056125.019902,-0.685940,-0.137540,1.833193,3.076910,-0.116323,0.654323,0.152804,0.141338,-0.750000,-0.750000,1.850000,3.141593,0.000000,0.000000,0.000000,0.000000,0.186847,0.040453,0.027035,0.059106
1777056125.053272,-0.688176,-0.157259,1.833261,3.079884,-0.111950,0.659320,0.148592,0.136644,-0.750000,-0.750000,1.850000,3.141593,0.000000,0.000000,0.000000,0.000000,0.182657,-0.016276,0.026666,0.056661
1777056125.086662,-0.692355,-0.192833,1.832956,3.082832,-0.106585,0.682171,0.145708,0.132375,-0.750000,-0.750000,1.850000,3.141593,0.000000,0.000000,0.000000,0.000000,0.169151,-0.114648,0.027118,0.054012
1777056125.119929,-0.694733,-0.213201,1.833740,3.085713,-0.102094,0.686604,0.142787,0.128055,-0.750000,-0.750000,1.850000,3.141593,0.000000,0.000000,0.000000,0.000000,0.164143,-0.178175,0.025422,0.051304
1777056125.153338,-0.699109,-0.247137,1.833749,3.088488,-0.096420,0.707061,0.141013,0.124228,-0.750000,-0.750000,1.850000,3.141593,0.000000,0.000000,0.000000,0.000000,0.148721,-0.260357,0.025294,0.048783
1777056125.186587,-0.701623,-0.267946,1.833973,3.091242,-0.091608,0.709359,0.137352,0.119581,-0.750000,-0.750000,1.850000,3.141593,0.000000,0.000000,0.000000,0.000000,0.142779,-0.330236,0.024786,0.046020
1777056125.220018,-0.706322,-0.302976,1.834701,3.093873,-0.084997,0.725699,0.135927,0.114469,-0.750000,-0.750000,1.850000,3.141593,0.000000,0.000000,0.000000,0.000000,0.125010,-0.397213,0.023258,0.043534
1777056125.253356,-0.708957,-0.322126,1.835119,3.096356,-0.079751,0.722529,0.132020,0.109216,-0.750000,-0.750000,1.850000,3.141593,0.000000,0.000000,0.000000,0.000000,0.117706,-0.457491,0.022375,0.041396
1777056125.286807,-0.713569,-0.350189,1.834937,3.098607,-0.073524,0.734637,0.130096,0.105385,-0.750000,-0.750000,1.850000,3.141593,0.000000,0.000000,0.000000,0.000000,0.098846,-0.511742,0.022720,0.039977
1777056125.319998,-0.716101,-0.366856,1.835724,3.100820,-0.068860,0.731268,0.127680,0.101152,-0.750000,-0.750000,1.850000,3.141593,0.000000,0.000000,0.000000,0.000000,0.091630,-0.560568,0.021134,0.038419
1777056125.353354,-0.720579,-0.393817,1.836044,3.102899,-0.062744,0.740903,0.126308,0.097333,-0.750000,-0.750000,1.850000,3.141593,0.000000,0.000000,0.000000,0.000000,0.073099,-0.604511,0.020467,0.037135
1777056125.386663,-0.723140,-0.410716,1.836254,3.104986,-0.057971,0.734731,0.122603,0.092895,-0.750000,-0.750000,1.850000,3.141593,0.000000,0.000000,0.000000,0.000000,0.065481,-0.644060,0.020056,0.035519
1777056125.419985,-0.727532,-0.434793,1.837058,3.106933,-0.051943,0.740525,0.121521,0.089422,-0.750000,-0.750000,1.850000,3.141593,0.000000,0.000000,0.000000,0.000000,0.046669,-0.679654,0.018431,0.034236
1777056125.453296,-0.729967,-0.448665,1.837475,3.108881,-0.047644,0.733076,0.118362,0.085918,-0.750000,-0.750000,1.850000,3.141593,0.000000,0.000000,0.000000,0.000000,0.039219,-0.711689,0.017587,0.032689
1777056125.486569,-0.731329,-0.456290,1.837654,3.110752,-0.044307,0.717640,0.113995,0.082317,-0.750000,-0.750000,1.850000,3.141593,0.000000,0.000000,0.000000,0.000000,0.037517,-0.737912,0.017261,0.031198
1777056125.519900,-0.731329,-0.456290,1.837654,3.110752,-0.044307,0.717640,0.113995,0.082317,-0.750000,-0.750000,1.850000,3.141593,0.000000,0.000000,0.000000,0.000000,0.043398,-0.730499,0.017286,0.037905
1777056125.553243,-0.736142,-0.478773,1.838257,3.112555,-0.037765,0.718804,0.112038,0.078828,-0.750000,-0.750000,1.850000,3.141593,0.000000,0.000000,0.000000,0.000000,0.019939,-0.757449,0.016103,0.035818
1777056125.586851,-0.740004,-0.499629,1.838698,3.114238,-0.032581,0.721975,0.110564,0.076207,-0.750000,-0.750000,1.850000,3.141593,0.000000,0.000000,0.000000,0.000000,0.002874,-0.781704,0.015228,0.034116
1777056125.619944,-0.742284,-0.511595,1.838980,3.116068,-0.028930,0.714116,0.107487,0.074078,-0.750000,-0.750000,1.850000,3.141593,0.000000,0.000000,0.000000,0.000000,-0.004806,-0.803533,0.014689,0.031595
1777056125.653264,-0.746215,-0.530855,1.839999,3.118351,-0.023586,0.712615,0.105580,0.072929,-0.750000,-0.750000,1.850000,3.141593,0.000000,0.000000,0.000000,0.000000,-0.022818,-0.823180,0.012646,0.026861
1777056125.686649,-0.748312,-0.539337,1.840160,3.120468,-0.020298,0.702680,0.102742,0.072562,-0.750000,-0.750000,1.850000,3.141593,0.000000,0.000000,0.000000,0.000000,-0.029778,-0.840862,0.012326,0.022900
1777056125.719959,-0.751776,-0.554787,1.840221,3.122496,-0.015651,0.699546,0.100377,0.071535,-0.750000,-0.750000,1.850000,3.141593,0.000000,0.000000,0.000000,0.000000,-0.045355,-0.856776,0.012233,0.019335
1777056125.753265,-0.753717,-0.562756,1.840773,3.124245,-0.012674,0.688912,0.098013,0.070028,-0.750000,-0.750000,1.850000,3.141593,0.000000,0.000000,0.000000,0.000000,-0.051513,-0.871098,0.011163,0.016948
1777056125.786716,-0.756876,-0.576275,1.841072,3.125641,-0.008439,0.683248,0.095712,0.067204,-0.750000,-0.750000,1.850000,3.141593,0.000000,0.000000,0.000000,0.000000,-0.065517,-0.883988,0.010598,0.016043
1777056125.819855,-0.758725,-0.584329,1.841218,3.126708,-0.005596,0.669392,0.092234,0.063383,-0.750000,-0.750000,1.850000,3.141593,0.000000,0.000000,0.000000,0.000000,-0.071284,-0.895590,0.010371,0.016377
1777056125.853255,-0.761667,-0.596210,1.841766,3.127508,-0.001612,0.658307,0.089431,0.059051,-0.750000,-0.750000,1.850000,3.141593,0.000000,0.000000,0.000000,0.000000,-0.084217,-0.906031,0.009345,0.017635
1777056125.886539,-0.763191,-0.600600,1.841933,3.128138,0.000659,0.642911,0.086148,0.055026,-0.750000,-0.750000,1.850000,3.141593,0.000000,0.000000,0.000000,0.000000,-0.088287,-0.915428,0.009096,0.019306
1777056125.919878,-0.765519,-0.607968,1.841987,3.128778,0.003699,0.632126,0.083339,0.051525,-0.750000,-0.750000,1.850000,3.141593,0.000000,0.000000,0.000000,0.000000,-0.097706,-0.923885,0.009099,0.020607
1777056125.953226,-0.766838,-0.612078,1.842399,3.129529,0.005588,0.617416,0.080605,0.048669,-0.750000,-0.750000,1.850000,3.141593,0.000000,0.000000,0.000000,0.000000,-0.100758,-0.931496,0.008392,0.021094
1777056125.986551,-0.768811,-0.618062,1.842597,3.130457,0.008146,0.604624,0.077802,0.046563,-0.750000,-0.750000,1.850000,3.141593,0.000000,0.000000,0.000000,0.000000,-0.108277,-0.938347,0.008121,0.020561
1777056126.019889,-0.769961,-0.621651,1.842686,3.131582,0.009770,0.587627,0.074355,0.044967,-0.750000,-0.750000,1.850000,3.141593,0.000000,0.000000,0.000000,0.000000,-0.110634,-0.942576,0.008094,0.018961
1777056126.053277,-0.771585,-0.625660,1.843069,3.132818,0.011890,0.570617,0.071266,0.043689,-0.750000,-0.750000,1.850000,3.141593,0.000000,0.000000,0.000000,0.000000,-0.116354,-0.945881,0.007486,0.016766
1777056126.086587,-0.772395,-0.626293,1.843193,3.133982,0.013028,0.553543,0.068185,0.042911,-0.750000,-0.750000,1.850000,3.141593,0.000000,0.000000,0.000000,0.000000,-0.117012,-0.931172,0.007410,0.014854
1777056126.120021,-0.773530,-0.627542,1.843258,3.135061,0.014498,0.536464,0.064991,0.041753,-0.750000,-0.750000,1.850000,3.141593,0.000000,0.000000,0.000000,0.000000,-0.120066,-0.917514,0.007472,0.013265
1777056126.153270,-0.774155,-0.627858,1.843608,3.135971,0.015359,0.518766,0.062169,0.040229,-0.750000,-0.750000,1.850000,3.141593,0.000000,0.000000,0.000000,0.000000,-0.119998,-0.897787,0.006967,0.012344
1777056126.186638,-0.774906,-0.626739,1.843787,3.136725,0.016334,0.500370,0.059088,0.038463,-0.750000,-0.750000,1.850000,3.141593,0.000000,0.000000,0.000000,0.000000,-0.121061,-0.869970,0.006811,0.012005
1777056126.220024,-0.775380,-0.626730,1.843998,3.137390,0.016963,0.480262,0.055579,0.036266,-0.750000,-0.750000,1.850000,3.141593,0.000000,0.000000,0.000000,0.000000,-0.120509,-0.845682,0.006603,0.011907
1777056126.253278,-0.775623,-0.626002,1.844128,3.137986,0.017299,0.460056,0.052080,0.034125,-0.750000,-0.750000,1.850000,3.141593,0.000000,0.000000,0.000000,0.000000,-0.118717,-0.816558,0.006576,0.011943
1777056126.286692,-0.775880,-0.622051,1.844463,3.138558,0.017642,0.441020,0.049496,0.032554,-0.750000,-0.750000,1.850000,3.141593,0.000000,0.000000,0.000000,0.000000,-0.117346,-0.771782,0.006130,0.011933
1777056126.319888,-0.775880,-0.622051,1.844463,3.138558,0.017642,0.441020,0.049496,0.032554,-0.750000,-0.750000,1.850000,3.141593,0.000000,0.000000,0.000000,0.000000,-0.114487,-0.748359,0.006325,0.014404
1777056126.353281,-0.776068,-0.615917,1.844681,3.139197,0.017900,0.415721,0.046017,0.030868,-0.750000,-0.750000,1.850000,3.141593,0.000000,0.000000,0.000000,0.000000,-0.113222,-0.694506,0.006104,0.013685
1777056126.386616,-0.776188,-0.614275,1.845130,3.139839,0.018033,0.396374,0.043375,0.029392,-0.750000,-0.750000,1.850000,3.141593,0.000000,0.000000,0.000000,0.000000,-0.111653,-0.660955,0.005409,0.012846
1777056126.420020,-0.776045,-0.608646,1.845411,3.140490,0.017865,0.373359,0.040405,0.028102,-0.750000,-0.750000,1.850000,3.141593,0.000000,0.000000,0.000000,0.000000,-0.108585,-0.607765,0.005046,0.011879
1777056126.453300,-0.775936,-0.604803,1.845535,3.141105,0.017726,0.354889,0.037909,0.027055,-0.750000,-0.750000,1.850000,3.141593,0.000000,0.000000,0.000000,0.000000,-0.105965,-0.562866,0.005000,0.011010
1777056126.486714,-0.775542,-0.598363,1.845791,3.141688,0.017264,0.333928,0.035656,0.026014,-0.750000,-0.750000,1.850000,3.141593,0.000000,0.000000,0.000000,0.000000,-0.101683,-0.505626,0.004687,0.010216
1777056126.520060,-0.775348,-0.595063,1.846030,3.142234,0.017012,0.313964,0.033065,0.024674,-0.750000,-0.750000,1.850000,3.141593,0.000000,0.000000,0.000000,0.000000,-0.098955,-0.462667,0.004408,0.009499
1777056126.553466,-0.774723,-0.587596,1.846025,3.142695,0.016281,0.293984,0.030929,0.023637,-0.750000,-0.750000,1.850000,3.141593,0.000000,0.000000,0.000000,0.000000,-0.093569,-0.400481,0.004619,0.009102
1777056126.586660,-0.774389,-0.583484,1.846238,3.143135,0.015886,0.278392,0.029266,0.022661,-0.750000,-0.750000,1.850000,3.141593,0.000000,0.000000,0.000000,0.000000,-0.090365,-0.354620,0.004388,0.008712
1777056126.619918,-0.773653,-0.576784,1.846332,3.143547,0.015033,0.260200,0.027523,0.021690,-0.750000,-0.750000,1.850000,3.141593,0.000000,0.000000,0.000000,0.000000,-0.084673,-0.297109,0.004391,0.008363
1777056126.653360,-0.773234,-0.572819,1.846407,3.143952,0.014551,0.245367,0.025833,0.020769,-0.750000,-0.750000,1.850000,3.141593,0.000000,0.000000,0.000000,0.000000,-0.081329,-0.252985,0.004429,0.007972
1777056126.686726,-0.772362,-0.566265,1.846593,3.144346,0.013556,0.227988,0.024416,0.019908,-0.750000,-0.750000,1.850000,3.141593,0.000000,0.000000,0.000000,0.000000,-0.075138,-0.197269,0.004237,0.007552
1777056126.719938,-0.771866,-0.562516,1.846729,3.144740,0.013007,0.212771,0.022738,0.018973,-0.750000,-0.750000,1.850000,3.141593,0.000000,0.000000,0.000000,0.000000,-0.071674,-0.155000,0.004139,0.007055
1777056126.753235,-0.771866,-0.562516,1.846729,3.144740,0.013007,0.212771,0.022738,0.018973,-0.750000,-0.750000,1.850000,3.141593,0.000000,0.000000,0.000000,0.000000,-0.071652,-0.132730,0.004292,0.008317
1777056126.786658,-0.770773,-0.555057,1.846704,3.145118,0.011794,0.192210,0.020759,0.017942,-0.750000,-0.750000,1.850000,3.141593,0.000000,0.000000,0.000000,0.000000,-0.064360,-0.075393,0.004508,0.007691
1777056126.819884,-0.770270,-0.551838,1.846897,3.145454,0.011265,0.179428,0.019465,0.017126,-0.750000,-0.750000,1.850000,3.141593,0.000000,0.000000,0.000000,0.000000,-0.061261,-0.038263,0.004281,0.007204
1777056126.853249,-0.769231,-0.546332,1.846944,3.145815,0.010127,0.164612,0.018204,0.016485,-0.750000,-0.750000,1.850000,3.141593,0.000000,0.000000,0.000000,0.000000,-0.054705,0.009033,0.004341,0.006559
1777056126.886677,-0.768646,-0.543073,1.846929,3.146261,0.009533,0.152733,0.016792,0.016161,-0.750000,-0.750000,1.850000,3.141593,0.000000,0.000000,0.000000,0.000000,-0.051368,0.045357,0.004529,0.005487
1777056126.919936,-0.767509,-0.538031,1.847133,3.146679,0.008316,0.139062,0.015734,0.015764,-0.750000,-0.750000,1.850000,3.141593,0.000000,0.000000,0.000000,0.000000,-0.044458,0.089445,0.004268,0.004534
1777056126.953329,-0.766859,-0.535111,1.847224,3.147054,0.007700,0.127179,0.014351,0.015155,-0.750000,-0.750000,1.850000,3.141593,0.000000,0.000000,0.000000,0.000000,-0.040999,0.123351,0.004231,0.003751
1777056126.986717,-0.765661,-0.530668,1.847215,3.147323,0.006447,0.115182,0.013206,0.014456,-0.750000,-0.750000,1.850000,3.141593,0.000000,0.000000,0.000000,0.000000,-0.033997,0.163674,0.004392,0.003416
1777056127.019952,-0.764985,-0.528188,1.847419,3.147528,0.005844,0.104611,0.012066,0.013540,-0.750000,-0.750000,1.850000,3.141593,0.000000,0.000000,0.000000,0.000000,-0.030671,0.194507,0.004119,0.003311
1777056127.053275,-0.763733,-0.524782,1.847508,3.147671,0.004606,0.093014,0.010823,0.012540,-0.750000,-0.750000,1.850000,3.141593,0.000000,0.000000,0.000000,0.000000,-0.023624,0.229228,0.004069,0.003406
1777056127.086678,-0.763084,-0.522686,1.847496,3.147790,0.004045,0.084582,0.009719,0.011643,-0.750000,-0.750000,1.850000,3.141593,0.000000,0.000000,0.000000,0.000000,-0.020758,0.257240,0.004224,0.003542
1777056127.120079,-0.761934,-0.520502,1.847660,3.147921,0.002927,0.076350,0.008895,0.010878,-0.750000,-0.750000,1.850000,3.141593,0.000000,0.000000,0.000000,0.000000,-0.014655,0.284967,0.004018,0.003545
1777056127.153261,-0.761279,-0.519228,1.847741,3.148078,0.002421,0.068730,0.007820,0.010217,-0.750000,-0.750000,1.850000,3.141593,0.000000,0.000000,0.000000,0.000000,-0.011978,0.307985,0.003972,0.003369
1777056127.186611,-0.761279,-0.519228,1.847741,3.148078,0.002421,0.068730,0.007820,0.010217,-0.750000,-0.750000,1.850000,3.141593,0.000000,0.000000,0.000000,0.000000,-0.013623,0.323444,0.004075,0.003893
1777056127.220008,-0.760067,-0.517770,1.847730,3.148254,0.001327,0.060569,0.006564,0.009626,-0.750000,-0.750000,1.850000,3.141593,0.000000,0.000000,0.000000,0.000000,-0.007156,0.345336,0.004209,0.003527
1777056127.253322,-0.759493,-0.517328,1.847904,3.148428,0.000935,0.054727,0.005713,0.009164,-0.750000,-0.750000,1.850000,3.141593,0.000000,0.000000,0.000000,0.000000,-0.005071,0.362114,0.003964,0.003138
1777056127.286670,-0.758394,-0.517710,1.847982,3.148620,0.000010,0.049143,0.004549,0.008720,-0.750000,-0.750000,1.850000,3.141593,0.000000,0.000000,0.000000,0.000000,0.000420,0.374782,0.003911,0.002638
1777056127.319896,-0.757810,-0.517719,1.847981,3.148833,-0.000344,0.043910,0.003481,0.008426,-0.750000,-0.750000,1.850000,3.141593,0.000000,0.000000,0.000000,0.000000,0.002418,0.388787,0.004016,0.002022
1777056127.353316,-0.756722,-0.519153,1.848149,3.149023,-0.001225,0.040135,0.002500,0.008066,-0.750000,-0.750000,1.850000,3.141593,0.000000,0.000000,0.000000,0.000000,0.007663,0.395841,0.003781,0.001493
1777056127.386674,-0.756138,-0.519821,1.848209,3.149166,-0.001521,0.035602,0.001470,0.007619,-0.750000,-0.750000,1.850000,3.141593,0.000000,0.000000,0.000000,0.000000,0.009517,0.406112,0.003757,0.001155
1777056127.419932,-0.755157,-0.522215,1.848210,3.149249,-0.002309,0.034123,0.000490,0.007115,-0.750000,-0.750000,1.850000,3.141593,0.000000,0.000000,0.000000,0.000000,0.013914,0.407861,0.003855,0.001057
1777056127.453277,-0.754630,-0.523450,1.848358,3.149297,-0.002594,0.031582,-0.000165,0.006556,-0.750000,-0.750000,1.850000,3.141593,0.000000,0.000000,0.000000,0.000000,0.015298,0.414455,0.003651,0.001089
1777056127.486656,-0.753724,-0.526969,1.848423,3.149324,-0.003273,0.031591,-0.001058,0.005984,-0.750000,-0.750000,1.850000,3.141593,0.000000,0.000000,0.000000,0.000000,0.019107,0.409979,0.003611,0.001168
1777056127.519921,-0.753203,-0.528956,1.848440,3.149350,-0.003496,0.029645,-0.001921,0.005461,-0.750000,-0.750000,1.850000,3.141593,0.000000,0.000000,0.000000,0.000000,0.020382,0.412208,0.003666,0.001208
1777056127.553267,-0.752375,-0.533508,1.848595,3.149381,-0.004064,0.030951,-0.002679,0.005014,-0.750000,-0.750000,1.850000,3.141593,0.000000,0.000000,0.000000,0.000000,0.023613,0.402095,0.003440,0.001181
1777056127.586567,-0.751893,-0.536126,1.848660,3.149429,-0.004205,0.029620,-0.003468,0.004646,-0.750000,-0.750000,1.850000,3.141593,0.000000,0.000000,0.000000,0.000000,0.024590,0.400653,0.003388,0.001049
1777056127.619919,-0.751163,-0.541557,1.848682,3.149478,-0.004646,0.032052,-0.004335,0.004336,-0.750000,-0.750000,1.850000,3.141593,0.000000,0.000000,0.000000,0.000000,0.027134,0.385718,0.003425,0.000885
1777056127.653276,-0.750739,-0.544693,1.848831,3.149532,-0.004711,0.031390,-0.004951,0.004056,-0.750000,-0.750000,1.850000,3.141593,0.000000,0.000000,0.000000,0.000000,0.027739,0.381191,0.003202,0.000676
1777056127.686663,-0.750066,-0.551282,1.848894,3.149575,-0.004996,0.034365,-0.005842,0.003763,-0.750000,-0.750000,1.850000,3.141593,0.000000,0.000000,0.000000,0.000000,0.029887,0.360354,0.003148,0.000494
1777056127.719959,-0.749729,-0.554612,1.848918,3.149600,-0.004995,0.034369,-0.006468,0.003465,-0.750000,-0.750000,1.850000,3.141593,0.000000,0.000000,0.000000,0.000000,0.029943,0.354396,0.003171,0.000378
1777056127.753233,-0.749170,-0.561759,1.849058,3.149615,-0.005157,0.038102,-0.007151,0.003160,-0.750000,-0.750000,1.850000,3.141593,0.000000,0.000000,0.000000,0.000000,0.031380,0.330398,0.002958,0.000278
1777056127.786685,-0.748897,-0.565350,1.849127,3.149612,-0.005112,0.038688,-0.007610,0.002833,-0.750000,-0.750000,1.850000,3.141593,0.000000,0.000000,0.000000,0.000000,0.031092,0.322693,0.002879,0.000249
1777056127.820014,-0.748461,-0.572646,1.849151,3.149606,-0.005201,0.043261,-0.008251,0.002532,-0.750000,-0.750000,1.850000,3.141593,0.000000,0.000000,0.000000,0.000000,0.031816,0.297341,0.002892,0.000204
1777056127.853284,-0.748210,-0.576863,1.849278,3.149597,-0.005090,0.044068,-0.008630,0.002249,-0.750000,-0.750000,1.850000,3.141593,0.000000,0.000000,0.000000,0.000000,0.031476,0.286234,0.002691,0.000160
1777056127.886672,-0.747852,-0.584693,1.849344,3.149585,-0.005086,0.049118,-0.009145,0.001988,-0.750000,-0.750000,1.850000,3.141593,0.000000,0.000000,0.000000,0.000000,0.031778,0.257913,0.002608,0.000103
1777056127.919920,-0.747637,-0.589360,1.849353,3.149576,-0.004894,0.049853,-0.009652,0.001764,-0.750000,-0.750000,1.850000,3.141593,0.000000,0.000000,0.000000,0.000000,0.031297,0.244433,0.002639,0.000018
1777056127.953278,-0.747352,-0.597665,1.849482,3.149562,-0.004783,0.055010,-0.010024,0.001545,-0.750000,-0.750000,1.850000,3.141593,0.000000,0.000000,0.000000,0.000000,0.031205,0.213662,0.002422,-0.000063
1777056127.986669,-0.747209,-0.602061,1.849543,3.149544,-0.004586,0.056077,-0.010321,0.001334,-0.750000,-0.750000,1.850000,3.141593,0.000000,0.000000,0.000000,0.000000,0.030389,0.201189,0.002337,-0.000141
1777056128.019918,-0.746998,-0.610460,1.849560,3.149525,-0.004403,0.061233,-0.010732,0.001143,-0.750000,-0.750000,1.850000,3.141593,0.000000,0.000000,0.000000,0.000000,0.029949,0.169700,0.002340,-0.000224
1777056128.053283,-0.746888,-0.615088,1.849669,3.149498,-0.004157,0.062152,-0.010923,0.000948,-0.750000,-0.750000,1.850000,3.141593,0.000000,0.000000,0.000000,0.000000,0.029043,0.156008,0.002153,-0.000287
1777056128.086576,-0.746754,-0.623226,1.849731,3.149466,-0.003936,0.067330,-0.011159,0.000750,-0.750000,-0.750000,1.850000,3.141593,0.000000,0.000000,0.000000,0.000000,0.028244,0.125537,0.002054,-0.000338
1777056128.119944,-0.746677,-0.627973,1.849739,3.149431,-0.003659,0.068172,-0.011420,0.000572,-0.750000,-0.750000,1.850000,3.141593,0.000000,0.000000,0.000000,0.000000,0.027263,0.111166,0.002061,-0.000389
1777056128.153258,-0.746586,-0.636672,1.849832,3.149392,-0.003329,0.072831,-0.011602,0.000415,-0.750000,-0.750000,1.850000,3.141593,0.000000,0.000000,0.000000,0.000000,0.026292,0.078110,0.001896,-0.000438
1777056128.186712,-0.746554,-0.641042,1.849887,3.149349,-0.003039,0.073346,-0.011742,0.000238,-0.750000,-0.750000,1.850000,3.141593,0.000000,0.000000,0.000000,0.000000,0.025167,0.065623,0.001801,-0.000474
1777056128.219959,-0.746528,-0.648820,1.849915,3.149304,-0.002729,0.077839,-0.011875,0.000073,-0.750000,-0.750000,1.850000,3.141593,0.000000,0.000000,0.000000,0.000000,0.023949,0.036834,0.001758,-0.000517
1777056128.253336,-0.746512,-0.653570,1.849975,3.149259,-0.002384,0.077798,-0.011990,-0.000050,-0.750000,-0.750000,1.850000,3.141593,0.000000,0.000000,0.000000,0.000000,0.022849,0.022658,0.001648,-0.000570
1777056128.286685,-0.746534,-0.660755,1.850051,3.149208,-0.002071,0.081997,-0.011987,-0.000225,-0.750000,-0.750000,1.850000,3.141593,0.000000,0.000000,0.000000,0.000000,0.021479,-0.003286,0.001500,-0.000603
1777056128.319914,-0.746547,-0.664917,1.850065,3.149158,-0.001785,0.082390,-0.012086,-0.000365,-0.750000,-0.750000,1.850000,3.141593,0.000000,0.000000,0.000000,0.000000,0.020350,-0.014827,0.001475,-0.000649
1777056128.353337,-0.746595,-0.672011,1.850144,3.149105,-0.001446,0.086158,-0.012045,-0.000504,-0.750000,-0.750000,1.850000,3.141593,0.000000,0.000000,0.000000,0.000000,0.018957,-0.040442,0.001313,-0.000684
1777056128.386598,-0.746626,-0.676413,1.850156,3.149051,-0.001116,0.085894,-0.012145,-0.000600,-0.750000,-0.750000,1.850000,3.141593,0.000000,0.000000,0.000000,0.000000,0.017839,-0.053029,0.001286,-0.000726
1777056128.419932,-0.746704,-0.682873,1.850203,3.148992,-0.000782,0.089173,-0.012113,-0.000749,-0.750000,-0.750000,1.850000,3.141593,0.000000,0.000000,0.000000,0.000000,0.016397,-0.075573,0.001188,-0.000748
1777056128.453288,-0.746752,-0.686870,1.850245,3.148934,-0.000474,0.088747,-0.012140,-0.000843,-0.750000,-0.750000,1.850000,3.141593,0.000000,0.000000,0.000000,0.000000,0.015308,-0.086225,0.001096,-0.000782
1777056128.486698,-0.746852,-0.693261,1.850278,3.148873,-0.000102,0.091144,-0.012116,-0.000941,-0.750000,-0.750000,1.850000,3.141593,0.000000,0.000000,0.000000,0.000000,0.013845,-0.108294,0.001020,-0.000807
1777056128.519976,-0.746913,-0.696872,1.850281,3.148810,0.000201,0.090098,-0.012182,-0.001022,-0.750000,-0.750000,1.850000,3.141593,0.000000,0.000000,0.000000,0.000000,0.012790,-0.116915,0.001004,-0.000835
1777056128.553218,-0.747034,-0.702952,1.850325,3.148747,0.000599,0.091353,-0.012148,-0.001083,-0.750000,-0.750000,1.850000,3.141593,0.000000,0.000000,0.000000,0.000000,0.011311,-0.137180,0.000906,-0.000863
1777056128.586695,-0.747034,-0.702952,1.850325,3.148747,0.000599,0.091353,-0.012148,-0.001083,-0.750000,-0.750000,1.850000,3.141593,0.000000,0.000000,0.000000,0.000000,0.010906,-0.129174,0.000896,-0.001166
1777056128.619987,-0.747128,-0.706901,1.850375,3.148681,0.000953,0.089580,-0.012153,-0.001127,-0.750000,-0.750000,1.850000,3.141593,0.000000,0.000000,0.000000,0.000000,0.009766,-0.139704,0.000783,-0.001164
1777056128.653267,-0.747248,-0.711813,1.850361,3.148614,0.001317,0.089408,-0.012194,-0.001179,-0.750000,-0.750000,1.850000,3.141593,0.000000,0.000000,0.000000,0.000000,0.008472,-0.154604,0.000801,-0.001169
1777056128.686654,-0.747313,-0.714065,1.850422,3.148527,0.001553,0.087278,-0.012180,-0.001322,-0.750000,-0.750000,1.850000,3.141593,0.000000,0.000000,0.000000,0.000000,0.007670,-0.156699,0.000668,-0.001088
1777056128.720057,-0.747440,-0.718337,1.850469,3.148435,0.001861,0.087619,-0.012153,-0.001476,-0.750000,-0.750000,1.850000,3.141593,0.000000,0.000000,0.000000,0.000000,0.006435,-0.168497,0.000560,-0.000992
1777056128.753290,-0.747515,-0.720698,1.850476,3.148343,0.002088,0.085743,-0.012188,-0.001608,-0.750000,-0.750000,1.850000,3.141593,0.000000,0.000000,0.000000,0.000000,0.005645,-0.171114,0.000530,-0.000909
1777056128.786713,-0.747651,-0.724764,1.850500,3.148254,0.002397,0.085534,-0.012144,-0.001699,-0.750000,-0.750000,1.850000,3.141593,0.000000,0.000000,0.000000,0.000000,0.004433,-0.181866,0.000468,-0.000849
1777056128.819988,-0.747736,-0.727146,1.850506,3.148175,0.002640,0.082738,-0.012197,-0.001724,-0.750000,-0.750000,1.850000,3.141593,0.000000,0.000000,0.000000,0.000000,0.003645,-0.184339,0.000442,-0.000843
1777056128.853271,-0.747867,-0.730529,1.850531,3.148105,0.002917,0.081858,-0.012171,-0.001750,-0.750000,-0.750000,1.850000,3.141593,0.000000,0.000000,0.000000,0.000000,0.002550,-0.191606,0.000380,-0.000881
1777056128.886651,-0.747942,-0.732294,1.850560,3.148042,0.003107,0.079257,-0.012162,-0.001757,-0.750000,-0.750000,1.850000,3.141593,0.000000,0.000000,0.000000,0.000000,0.001915,-0.191104,0.000307,-0.000947
1777056128.919955,-0.748077,-0.735398,1.850557,3.147979,0.003381,0.077433,-0.012168,-0.001734,-0.750000,-0.750000,1.850000,3.141593,0.000000,0.000000,0.000000,0.000000,0.000865,-0.196895,0.000299,-0.001018
1777056128.953283,-0.748140,-0.736681,1.850589,3.147912,0.003532,0.074724,-0.012153,-0.001765,-0.750000,-0.750000,1.850000,3.141593,0.000000,0.000000,0.000000,0.000000,0.000372,-0.194034,0.000221,-0.001067
1777056128.986788,-0.748251,-0.738930,1.850615,3.147841,0.003739,0.073046,-0.012120,-0.001799,-0.750000,-0.750000,1.850000,3.141593,0.000000,0.000000,0.000000,0.000000,-0.000449,-0.195898,0.000155,-0.001093
1777056129.020040,-0.748313,-0.740062,1.850633,3.147764,0.003871,0.070396,-0.012114,-0.001860,-0.750000,-0.750000,1.850000,3.141593,0.000000,0.000000,0.000000,0.000000,-0.000885,-0.192516,0.000104,-0.001092
1777056129.053310,-0.748414,-0.741879,1.850640,3.147683,0.004050,0.068404,-0.012106,-0.001913,-0.750000,-0.750000,1.850000,3.141593,0.000000,0.000000,0.000000,0.000000,-0.001592,-0.192519,0.000077,-0.001077
1777056129.086607,-0.748472,-0.742813,1.850653,3.147602,0.004166,0.065551,-0.012102,-0.001969,-0.750000,-0.750000,1.850000,3.141593,0.000000,0.000000,0.000000,0.000000,-0.001966,-0.188388,0.000037,-0.001059
1777056129.119998,-0.748556,-0.744103,1.850670,3.147522,0.004306,0.063415,-0.012080,-0.002030,-0.750000,-0.750000,1.850000,3.141593,0.000000,0.000000,0.000000,0.000000,-0.002512,-0.186121,-0.000010,-0.001046
1777056129.153308,-0.748608,-0.744817,1.850672,3.147444,0.004402,0.060548,-0.012082,-0.002068,-0.750000,-0.750000,1.850000,3.141593,0.000000,0.000000,0.000000,0.000000,-0.002816,-0.181213,-0.000027,-0.001043
1777056129.186681,-0.748687,-0.745831,1.850667,3.147368,0.004528,0.057795,-0.012084,-0.002076,-0.750000,-0.750000,1.850000,3.141593,0.000000,0.000000,0.000000,0.000000,-0.003304,-0.177814,-0.000028,-0.001050
1777056129.219950,-0.748687,-0.745831,1.850667,3.147368,0.004528,0.057795,-0.012084,-0.002076,-0.750000,-0.750000,1.850000,3.141593,0.000000,0.000000,0.000000,0.000000,-0.003230,-0.170372,-0.000038,-0.001385
1777056129.253248,-0.748738,-0.746345,1.850690,3.147293,0.004616,0.053982,-0.012055,-0.002052,-0.750000,-0.750000,1.850000,3.141593,0.000000,0.000000,0.000000,0.000000,-0.003511,-0.165280,-0.000096,-0.001364
1777056129.286663,-0.748809,-0.747019,1.850658,3.147220,0.004721,0.050462,-0.012081,-0.002026,-0.750000,-0.750000,1.850000,3.141593,0.000000,0.000000,0.000000,0.000000,-0.003921,-0.160864,-0.000040,-0.001353
1777056129.319956,-0.748842,-0.747221,1.850656,3.147146,0.004773,0.046786,-0.012069,-0.002015,-0.750000,-0.750000,1.850000,3.141593,0.000000,0.000000,0.000000,0.000000,-0.004060,-0.154180,-0.000042,-0.001341
1777056129.353261,-0.748885,-0.747393,1.850663,3.147071,0.004832,0.043360,-0.012041,-0.002015,-0.750000,-0.750000,1.850000,3.141593,0.000000,0.000000,0.000000,0.000000,-0.004262,-0.147398,-0.000063,-0.001327
1777056129.386694,-0.748901,-0.747355,1.850685,3.146995,0.004854,0.040339,-0.011994,-0.002054,-0.750000,-0.750000,1.850000,3.141593,0.000000,0.000000,0.000000,0.000000,-0.004278,-0.139782,-0.000114,-0.001308
1777056129.419959,-0.748934,-0.747318,1.850673,3.146918,0.004893,0.037048,-0.011980,-0.002065,-0.750000,-0.750000,1.850000,3.141593,0.000000,0.000000,0.000000,0.000000,-0.004414,-0.132268,-0.000098,-0.001284
1777056129.453297,-0.748961,-0.747275,1.850655,3.146840,0.004919,0.033383,-0.011963,-0.002050,-0.750000,-0.750000,1.850000,3.141593,0.000000,0.000000,0.000000,0.000000,-0.004501,-0.124744,-0.000067,-0.001257
1777056129.486599,-0.748972,-0.746951,1.850672,3.146763,0.004925,0.030080,-0.011905,-0.002068,-0.750000,-0.750000,1.850000,3.141593,0.000000,0.000000,0.000000,0.000000,-0.004485,-0.116020,-0.000108,-0.001233
1777056129.519899,-0.748974,-0.746702,1.850687,3.146687,0.004919,0.027327,-0.011850,-0.002114,-0.750000,-0.750000,1.850000,3.141593,0.000000,0.000000,0.000000,0.000000,-0.004408,-0.107883,-0.000145,-0.001213
1777056129.553273,-0.748980,-0.746297,1.850686,3.146611,0.004914,0.024350,-0.011809,-0.002140,-0.750000,-0.750000,1.850000,3.141593,0.000000,0.000000,0.000000,0.000000,-0.004361,-0.099187,-0.000151,-0.001196
1777056129.586764,-0.748987,-0.746031,1.850680,3.146537,0.004908,0.021463,-0.011764,-0.002147,-0.750000,-0.750000,1.850000,3.141593,0.000000,0.000000,0.000000,0.000000,-0.004327,-0.091320,-0.000146,-0.001180
1777056129.619943,-0.748985,-0.745519,1.850669,3.146462,0.004889,0.018302,-0.011718,-0.002144,-0.750000,-0.750000,1.850000,3.141593,0.000000,0.000000,0.000000,0.000000,-0.004237,-0.082421,-0.000131,-0.001165
1777056129.653301,-0.748980,-0.745175,1.850675,3.146389,0.004867,0.015617,-0.011652,-0.002155,-0.750000,-0.750000,1.850000,3.141593,0.000000,0.000000,0.000000,0.000000,-0.004130,-0.074512,-0.000149,-0.001153
1777056129.686721,-0.748976,-0.744599,1.850655,3.146316,0.004838,0.012255,-0.011599,-0.002123,-0.750000,-0.750000,1.850000,3.141593,0.000000,0.000000,0.000000,0.000000,-0.004028,-0.065577,-0.000114,-0.001139
1777056129.719907,-0.748960,-0.744218,1.850668,3.146243,0.004801,0.009752,-0.011517,-0.002136,-0.750000,-0.750000,1.850000,3.141593,0.000000,0.000000,0.000000,0.000000,-0.003860,-0.057782,-0.000147,-0.001129
1777056129.753234,-0.748960,-0.744218,1.850668,3.146243,0.004801,0.009752,-0.011517,-0.002136,-0.750000,-0.750000,1.850000,3.141593,0.000000,0.000000,0.000000,0.000000,-0.003814,-0.052415,-0.000153,-0.001432
1777056129.786631,-0.748964,-0.743467,1.850600,3.146102,0.004759,0.004609,-0.011445,-0.002121,-0.750000,-0.750000,1.850000,3.141593,0.000000,0.000000,0.000000,0.000000,-0.003772,-0.043124,-0.000020,-0.001089
1777056129.819950,-0.748906,-0.742771,1.850650,3.146021,0.004670,0.002038,-0.011309,-0.002167,-0.750000,-0.750000,1.850000,3.141593,0.000000,0.000000,0.000000,0.000000,-0.003332,-0.034308,-0.000127,-0.001032
1777056129.853324,-0.748885,-0.742368,1.850653,3.145930,0.004622,-0.000314,-0.011221,-0.002211,-0.750000,-0.750000,1.850000,3.141593,0.000000,0.000000,0.000000,0.000000,-0.003158,-0.027068,-0.000139,-0.000930
1777056129.886550,-0.748885,-0.742368,1.850653,3.145930,0.004622,-0.000314,-0.011221,-0.002211,-0.750000,-0.750000,1.850000,3.141593,0.000000,0.000000,0.000000,0.000000,-0.003135,-0.022295,-0.000146,-0.001235
1777056129.919870,-0.748833,-0.741745,1.850679,3.145860,0.004536,-0.003024,-0.011090,-0.002170,-0.750000,-0.750000,1.850000,3.141593,0.000000,0.000000,0.000000,0.000000,-0.002759,-0.014605,-0.000209,-0.001204
1777056129.953271,-0.748825,-0.741421,1.850652,3.145799,0.004499,-0.005182,-0.011025,-0.002119,-0.750000,-0.750000,1.850000,3.141593,0.000000,0.000000,0.000000,0.000000,-0.002685,-0.008464,-0.000164,-0.001212
1777056129.986600,-0.748785,-0.740980,1.850655,3.145737,0.004427,-0.007256,-0.010928,-0.002090,-0.750000,-0.750000,1.850000,3.141593,0.000000,0.000000,0.000000,0.000000,-0.002403,-0.001909,-0.000177,-0.001213
1777056130.019906,-0.748774,-0.740653,1.850629,3.145667,0.004380,-0.009586,-0.010835,-0.002038,-0.750000,-0.750000,1.850000,3.141593,0.000000,0.000000,0.000000,0.000000,-0.002319,0.004049,-0.000133,-0.001176
1777056130.053289,-0.748716,-0.740351,1.850660,3.145596,0.004293,-0.011134,-0.010714,-0.002080,-0.750000,-0.750000,1.850000,3.141593,0.000000,0.000000,0.000000,0.000000,-0.001930,0.009686,-0.000206,-0.001134
1777056130.086573,-0.748694,-0.740128,1.850654,3.145522,0.004242,-0.012739,-0.010623,-0.002090,-0.750000,-0.750000,1.850000,3.141593,0.000000,0.000000,0.000000,0.000000,-0.001787,0.014795,-0.000203,-0.001078
1777056130.119975,-0.748653,-0.739884,1.850644,3.145449,0.004167,-0.014421,-0.010525,-0.002077,-0.750000,-0.750000,1.850000,3.141593,0.000000,0.000000,0.000000,0.000000,-0.001523,0.019879,-0.000194,-0.001028
1777056130.153327,-0.748633,-0.739700,1.850624,3.145380,0.004113,-0.016118,-0.010426,-0.002037,-0.750000,-0.750000,1.850000,3.141593,0.000000,0.000000,0.000000,0.000000,-0.001401,0.024582,-0.000162,-0.000993
1777056130.186664,-0.748580,-0.739649,1.850643,3.145316,0.004028,-0.017273,-0.010305,-0.002032,-0.750000,-0.750000,1.850000,3.141593,0.000000,0.000000,0.000000,0.000000,-0.001066,0.028478,-0.000212,-0.000980
1777056130.219926,-0.748558,-0.739560,1.850635,3.145254,0.003976,-0.018591,-0.010200,-0.001992,-0.750000,-0.750000,1.850000,3.141593,0.000000,0.000000,0.000000,0.000000,-0.000945,0.032434,-0.000207,-0.000977
1777056130.253251,-0.748558,-0.739560,1.850635,3.145254,0.003976,-0.018591,-0.010200,-0.001992,-0.750000,-0.750000,1.850000,3.141593,0.000000,0.000000,0.000000,0.000000,-0.000971,0.035611,-0.000216,-0.001240
1777056130.286681,-0.748504,-0.739616,1.850638,3.145194,0.003882,-0.019920,-0.010059,-0.001925,-0.750000,-0.750000,1.850000,3.141593,0.000000,0.000000,0.000000,0.000000,-0.000638,0.038475,-0.000233,-0.001214
1777056130.319906,-0.748481,-0.739640,1.850639,3.145135,0.003831,-0.020842,-0.009954,-0.001910,-0.750000,-0.750000,1.850000,3.141593,0.000000,0.000000,0.000000,0.000000,-0.000517,0.041365,-0.000246,-0.001195
1777056130.353360,-0.748449,-0.739803,1.850613,3.145075,0.003763,-0.021866,-0.009848,-0.001856,-0.750000,-0.750000,1.850000,3.141593,0.000000,0.000000,0.000000,0.000000,-0.000338,0.043526,-0.000203,-0.001166
1777056130.386675,-0.748421,-0.739930,1.850617,3.145014,0.003704,-0.022666,-0.009728,-0.001837,-0.750000,-0.750000,1.850000,3.141593,0.000000,0.000000,0.000000,0.000000,-0.000183,0.045754,-0.000223,-0.001135
1777056130.419916,-0.748379,-0.740307,1.850618,3.144952,0.003632,-0.023132,-0.009613,-0.001823,-0.750000,-0.750000,1.850000,3.141593,0.000000,0.000000,0.000000,0.000000,0.000052,0.046669,-0.000237,-0.001099
1777056130.453351,-0.748379,-0.740307,1.850618,3.144952,0.003632,-0.023132,-0.009613,-0.001823,-0.750000,-0.750000,1.850000,3.141593,0.000000,0.000000,0.000000,0.000000,0.000014,0.049124,-0.000247,-0.001334
1777056130.486668,-0.748338,-0.740624,1.850644,3.144890,0.003558,-0.023710,-0.009458,-0.001798,-0.750000,-0.750000,1.850000,3.141593,0.000000,0.000000,0.000000,0.000000,0.000249,0.049993,-0.000311,-0.001272
1777056130.520031,-0.748315,-0.741037,1.850611,3.144829,0.003505,-0.024109,-0.009374,-0.001774,-0.750000,-0.750000,1.850000,3.141593,0.000000,0.000000,0.000000,0.000000,0.000358,0.050331,-0.000257,-0.001217
1777056130.553233,-0.748301,-0.741261,1.850598,3.144769,0.003458,-0.024740,-0.009255,-0.001741,-0.750000,-0.750000,1.850000,3.141593,0.000000,0.000000,0.000000,0.000000,0.000417,0.051517,-0.000240,-0.001169
1777056130.586607,-0.748261,-0.741946,1.850619,3.144712,0.003391,-0.024615,-0.009129,-0.001745,-0.750000,-0.750000,1.850000,3.141593,0.000000,0.000000,0.000000,0.000000,0.000637,0.050386,-0.000295,-0.001131
1777056130.619991,-0.748244,-0.742275,1.850602,3.144655,0.003347,-0.024956,-0.009032,-0.001728,-0.750000,-0.750000,1.850000,3.141593,0.000000,0.000000,0.000000,0.000000,0.000707,0.050890,-0.000273,-0.001095
1777056130.653306,-0.748212,-0.743061,1.850609,3.144600,0.003289,-0.024655,-0.008925,-0.001732,-0.750000,-0.750000,1.850000,3.141593,0.000000,0.000000,0.000000,0.000000,0.000878,0.049099,-0.000300,-0.001066
1777056130.686674,-0.748198,-0.743465,1.850602,3.144545,0.003249,-0.024846,-0.008819,-0.001717,-0.750000,-0.750000,1.850000,3.141593,0.000000,0.000000,0.000000,0.000000,0.000931,0.049070,-0.000297,-0.001034
1777056130.719953,-0.748177,-0.744348,1.850576,3.144489,0.003198,-0.024567,-0.008721,-0.001681,-0.750000,-0.750000,1.850000,3.141593,0.000000,0.000000,0.000000,0.000000,0.001022,0.046686,-0.000256,-0.001001
1777056130.753266,-0.748162,-0.744838,1.850573,3.144435,0.003154,-0.024687,-0.008595,-0.001653,-0.750000,-0.750000,1.850000,3.141593,0.000000,0.000000,0.000000,0.000000,0.001085,0.046139,-0.000261,-0.000971
1777056130.786617,-0.748162,-0.744838,1.850573,3.144435,0.003154,-0.024687,-0.008595,-0.001653,-0.750000,-0.750000,1.850000,3.141593,0.000000,0.000000,0.000000,0.000000,0.001055,0.047764,-0.000271,-0.001181
1777056130.819979,-0.748150,-0.745915,1.850540,3.144330,0.003089,-0.024632,-0.008405,-0.001635,-0.750000,-0.750000,1.850000,3.141593,0.000000,0.000000,0.000000,0.000000,0.001104,0.044269,-0.000214,-0.000907
1777056130.853273,-0.748114,-0.747270,1.850569,3.144271,0.003028,-0.023624,-0.008267,-0.001651,-0.750000,-0.750000,1.850000,3.141593,0.000000,0.000000,0.000000,0.000000,0.001304,0.039370,-0.000283,-0.000853
1777056130.886694,-0.748098,-0.747940,1.850575,3.144205,0.002988,-0.023388,-0.008154,-0.001689,-0.750000,-0.750000,1.850000,3.141593,0.000000,0.000000,0.000000,0.000000,0.001374,0.037702,-0.000307,-0.000765
1777056130.919945,-0.748082,-0.749103,1.850567,3.144155,0.002949,-0.022571,-0.008061,-0.001675,-0.750000,-0.750000,1.850000,3.141593,0.000000,0.000000,0.000000,0.000000,0.001442,0.033597,-0.000305,-0.000753
1777056130.953312,-0.748082,-0.749103,1.850567,3.144155,0.002949,-0.022571,-0.008061,-0.001675,-0.750000,-0.750000,1.850000,3.141593,0.000000,0.000000,0.000000,0.000000,0.001420,0.034936,-0.000316,-0.000958
1777056130.986617,-0.748065,-0.750018,1.850575,3.144110,0.002903,-0.022151,-0.007927,-0.001623,-0.750000,-0.750000,1.850000,3.141593,0.000000,0.000000,0.000000,0.000000,0.001506,0.031859,-0.000343,-0.000946
1777056131.020001,-0.748074,-0.751052,1.850534,3.144071,0.002878,-0.021716,-0.007812,-0.001541,-0.750000,-0.750000,1.850000,3.141593,0.000000,0.000000,0.000000,0.000000,0.001417,0.028218,-0.000271,-0.000956
1777056131.053275,-0.748068,-0.751661,1.850527,3.144022,0.002839,-0.021636,-0.007682,-0.001506,-0.750000,-0.750000,1.850000,3.141593,0.000000,0.000000,0.000000,0.000000,0.001448,0.026606,-0.000268,-0.000920
1777056131.086679,-0.748058,-0.752857,1.850536,3.143971,0.002803,-0.020790,-0.007554,-0.001501,-0.750000,-0.750000,1.850000,3.141593,0.000000,0.000000,0.000000,0.000000,0.001493,0.022129,-0.000298,-0.000875
1777056131.119897,-0.748058,-0.752857,1.850536,3.143971,0.002803,-0.020790,-0.007554,-0.001501,-0.750000,-0.750000,1.850000,3.141593,0.000000,0.000000,0.000000,0.000000,0.001487,0.023276,-0.000309,-0.001055
1777056131.153261,-0.748048,-0.753734,1.850549,3.143917,0.002760,-0.020432,-0.007397,-0.001476,-0.750000,-0.750000,1.850000,3.141593,0.000000,0.000000,0.000000,0.000000,0.001542,0.020211,-0.000347,-0.000979
1777056131.186618,-0.748051,-0.754770,1.850531,3.143866,0.002737,-0.019751,-0.007303,-0.001473,-0.750000,-0.750000,1.850000,3.141593,0.000000,0.000000,0.000000,0.000000,0.001514,0.016359,-0.000323,-0.000919
1777056131.219933,-0.748048,-0.755362,1.850533,3.143814,0.002709,-0.019526,-0.007196,-0.001494,-0.750000,-0.750000,1.850000,3.141593,0.000000,0.000000,0.000000,0.000000,0.001530,0.014615,-0.000338,-0.000850
1777056131.253244,-0.748052,-0.756500,1.850529,3.143749,0.002688,-0.018706,-0.007089,-0.001535,-0.750000,-0.750000,1.850000,3.141593,0.000000,0.000000,0.000000,0.000000,0.001497,0.010219,-0.000341,-0.000729
1777056131.286605,-0.748056,-0.757137,1.850510,3.143688,0.002663,-0.018498,-0.006994,-0.001547,-0.750000,-0.750000,1.850000,3.141593,0.000000,0.000000,0.000000,0.000000,0.001478,0.008222,-0.000314,-0.000632
1777056131.319916,-0.748065,-0.758331,1.850499,3.143634,0.002643,-0.017689,-0.006878,-0.001529,-0.750000,-0.750000,1.850000,3.141593,0.000000,0.000000,0.000000,0.000000,0.001419,0.003545,-0.000303,-0.000567
1777056131.353333,-0.748067,-0.758980,1.850502,3.143591,0.002614,-0.017469,-0.006754,-0.001492,-0.750000,-0.750000,1.850000,3.141593,0.000000,0.000000,0.000000,0.000000,0.001420,0.001474,-0.000320,-0.000552
1777056131.386683,-0.748075,-0.760115,1.850492,3.143557,0.002595,-0.016671,-0.006650,-0.001442,-0.750000,-0.750000,1.850000,3.141593,0.000000,0.000000,0.000000,0.000000,0.001380,-0.002944,-0.000311,-0.000571
1777056131.419998,-0.748083,-0.760724,1.850481,3.143526,0.002569,-0.016537,-0.006535,-0.001374,-0.750000,-0.750000,1.850000,3.141593,0.000000,0.000000,0.000000,0.000000,0.001349,-0.004834,-0.000299,-0.000604
1777056131.453296,-0.748092,-0.761798,1.850489,3.143495,0.002550,-0.015779,-0.006414,-0.001326,-0.750000,-0.750000,1.850000,3.141593,0.000000,0.000000,0.000000,0.000000,0.001316,-0.008980,-0.000328,-0.000632
1777056131.486756,-0.748094,-0.762374,1.850486,3.143462,0.002526,-0.015540,-0.006322,-0.001303,-0.750000,-0.750000,1.850000,3.141593,0.000000,0.000000,0.000000,0.000000,0.001331,-0.010756,-0.000333,-0.000643
1777056131.519942,-0.748109,-0.763332,1.850478,3.143425,0.002516,-0.014901,-0.006225,-0.001285,-0.750000,-0.750000,1.850000,3.141593,0.000000,0.000000,0.000000,0.000000,0.001254,-0.014382,-0.000329,-0.000632
1777056131.553275,-0.748120,-0.763870,1.850472,3.143385,0.002495,-0.014779,-0.006119,-0.001268,-0.750000,-0.750000,1.850000,3.141593,0.000000,0.000000,0.000000,0.000000,0.001219,-0.015993,-0.000327,-0.000604
1777056131.586722,-0.748133,-0.764766,1.850467,3.143344,0.002483,-0.014165,-0.006029,-0.001276,-0.750000,-0.750000,1.850000,3.141593,0.000000,0.000000,0.000000,0.000000,0.001167,-0.019350,-0.000328,-0.000572
1777056131.620015,-0.748143,-0.765258,1.850461,3.143304,0.002464,-0.014033,-0.005938,-0.001274,-0.750000,-0.750000,1.850000,3.141593,0.000000,0.000000,0.000000,0.000000,0.001147,-0.020780,-0.000327,-0.000542
1777056131.653290,-0.748165,-0.766059,1.850454,3.143266,0.002457,-0.013586,-0.005837,-0.001254,-0.750000,-0.750000,1.850000,3.141593,0.000000,0.000000,0.000000,0.000000,0.001041,-0.023704,-0.000324,-0.000520
1777056131.686839,-0.748179,-0.766505,1.850433,3.143230,0.002435,-0.013592,-0.005744,-0.001219,-0.750000,-0.750000,1.850000,3.141593,0.000000,0.000000,0.000000,0.000000,0.000997,-0.024912,-0.000291,-0.000508
1777056131.719970,-0.748197,-0.767226,1.850436,3.143198,0.002424,-0.013187,-0.005641,-0.001197,-0.750000,-0.750000,1.850000,3.141593,0.000000,0.000000,0.000000,0.000000,0.000935,-0.027463,-0.000307,-0.000507
1777056131.753266,-0.748197,-0.767226,1.850436,3.143198,0.002424,-0.013187,-0.005641,-0.001197,-0.750000,-0.750000,1.850000,3.141593,0.000000,0.000000,0.000000,0.000000,0.000990,-0.026639,-0.000316,-0.000647
1777056131.786557,-0.748228,-0.767714,1.850405,3.143136,0.002390,-0.013516,-0.005474,-0.001165,-0.750000,-0.750000,1.850000,3.141593,0.000000,0.000000,0.000000,0.000000,0.000840,-0.028068,-0.000263,-0.000500
1777056131.820003,-0.748228,-0.767714,1.850405,3.143136,0.002390,-0.013516,-0.005474,-0.001165,-0.750000,-0.750000,1.850000,3.141593,0.000000,0.000000,0.000000,0.000000,0.000901,-0.027245,-0.000270,-0.000635
1777056131.853338,-0.748241,-0.768523,1.850418,3.143100,0.002361,-0.013143,-0.005329,-0.001128,-0.750000,-0.750000,1.850000,3.141593,0.000000,0.000000,0.000000,0.000000,0.000868,-0.030293,-0.000305,-0.000597
1777056131.886582,-0.748271,-0.769034,1.850408,3.143060,0.002353,-0.013030,-0.005224,-0.001115,-0.750000,-0.750000,1.850000,3.141593,0.000000,0.000000,0.000000,0.000000,0.000735,-0.031902,-0.000295,-0.000539
1777056131.919936,-0.748282,-0.769319,1.850398,3.143017,0.002328,-0.013121,-0.005132,-0.001118,-0.750000,-0.750000,1.850000,3.141593,0.000000,0.000000,0.000000,0.000000,0.000728,-0.032425,-0.000283,-0.000472
1777056131.953279,-0.748306,-0.769742,1.850396,3.142978,0.002318,-0.013023,-0.005035,-0.001116,-0.750000,-0.750000,1.850000,3.141593,0.000000,0.000000,0.000000,0.000000,0.000641,-0.033627,-0.000289,-0.000423
1777056131.986676,-0.748315,-0.769976,1.850402,3.142945,0.002296,-0.013083,-0.004942,-0.001112,-0.750000,-0.750000,1.850000,3.141593,0.000000,0.000000,0.000000,0.000000,0.000653,-0.033940,-0.000311,-0.000400
1777056132.019993,-0.748342,-0.770278,1.850386,3.142917,0.002290,-0.013087,-0.004868,-0.001083,-0.750000,-0.750000,1.850000,3.141593,0.000000,0.000000,0.000000,0.000000,0.000550,-0.034597,-0.000288,-0.000399
1777056132.053267,-0.748353,-0.770456,1.850385,3.142893,0.002270,-0.013181,-0.004788,-0.001054,-0.750000,-0.750000,1.850000,3.141593,0.000000,0.000000,0.000000,0.000000,0.000556,-0.034679,-0.000296,-0.000414
1777056132.086614,-0.748381,-0.770661,1.850379,3.142870,0.002265,-0.013276,-0.004703,-0.001014,-0.750000,-0.750000,1.850000,3.141593,0.000000,0.000000,0.000000,0.000000,0.000445,-0.034901,-0.000293,-0.000429
1777056132.119933,-0.748394,-0.770783,1.850368,3.142847,0.002245,-0.013428,-0.004633,-0.000986,-0.750000,-0.750000,1.850000,3.141593,0.000000,0.000000,0.000000,0.000000,0.000441,-0.034748,-0.000278,-0.000438
1777056132.153268,-0.748419,-0.770916,1.850364,3.142822,0.002239,-0.013545,-0.004557,-0.000968,-0.750000,-0.750000,1.850000,3.141593,0.000000,0.000000,0.000000,0.000000,0.000362,-0.034667,-0.000279,-0.000437
1777056132.186687,-0.748434,-0.770975,1.850360,3.142795,0.002220,-0.013754,-0.004476,-0.000952,-0.750000,-0.750000,1.850000,3.141593,0.000000,0.000000,0.000000,0.000000,0.000341,-0.034251,-0.000278,-0.000424
1777056132.219959,-0.748467,-0.770992,1.850338,3.142767,0.002211,-0.014046,-0.004402,-0.000928,-0.750000,-0.750000,1.850000,3.141593,0.000000,0.000000,0.000000,0.000000,0.000215,-0.033640,-0.000242,-0.000403
1777056132.253266,-0.748482,-0.771004,1.850331,3.142739,0.002184,-0.014320,-0.004310,-0.000905,-0.750000,-0.750000,1.850000,3.141593,0.000000,0.000000,0.000000,0.000000,0.000206,-0.033020,-0.000236,-0.000384
1777056132.286603,-0.748482,-0.771004,1.850331,3.142739,0.002184,-0.014320,-0.004310,-0.000905,-0.750000,-0.750000,1.850000,3.141593,0.000000,0.000000,0.000000,0.000000,0.000292,-0.032408,-0.000242,-0.000487
1777056132.319976,-0.748498,-0.771043,1.850347,3.142712,0.002160,-0.014532,-0.004200,-0.000885,-0.750000,-0.750000,1.850000,3.141593,0.000000,0.000000,0.000000,0.000000,0.000272,-0.031992,-0.000281,-0.000462
1777056132.353220,-0.748516,-0.770980,1.850327,3.142687,0.002140,-0.014825,-0.004137,-0.000866,-0.750000,-0.750000,1.850000,3.141593,0.000000,0.000000,0.000000,0.000000,0.000236,-0.031106,-0.000249,-0.000445
1777056132.386707,-0.748541,-0.770875,1.850322,3.142661,0.002129,-0.015139,-0.004060,-0.000855,-0.750000,-0.750000,1.850000,3.141593,0.000000,0.000000,0.000000,0.000000,0.000158,-0.030033,-0.000246,-0.000420
1777056132.419983,-0.748553,-0.770822,1.850323,3.142629,0.002105,-0.015367,-0.003982,-0.000869,-0.750000,-0.750000,1.850000,3.141593,0.000000,0.000000,0.000000,0.000000,0.000168,-0.029237,-0.000255,-0.000368
1777056132.453306,-0.748575,-0.770683,1.850317,3.142598,0.002096,-0.015665,-0.003922,-0.000886,-0.750000,-0.750000,1.850000,3.141593,0.000000,0.000000,0.000000,0.000000,0.000111,-0.028051,-0.000249,-0.000323
1777056132.486576,-0.748591,-0.770573,1.850309,3.142568,0.002076,-0.015932,-0.003854,-0.000885,-0.750000,-0.750000,1.850000,3.141593,0.000000,0.000000,0.000000,0.000000,0.000096,-0.027027,-0.000240,-0.000284
1777056132.519918,-0.748620,-0.770330,1.850303,3.142542,0.002065,-0.016345,-0.003777,-0.000868,-0.750000,-0.750000,1.850000,3.141593,0.000000,0.000000,0.000000,0.000000,-0.000001,-0.025386,-0.000235,-0.000259
1777056132.553265,-0.748636,-0.770179,1.850288,3.142520,0.002037,-0.016642,-0.003705,-0.000835,-0.750000,-0.750000,1.850000,3.141593,0.000000,0.000000,0.000000,0.000000,-0.000016,-0.024210,-0.000211,-0.000254
1777056132.586634,-0.748656,-0.769957,1.850291,3.142502,0.002023,-0.016978,-0.003631,-0.000808,-0.750000,-0.750000,1.850000,3.141593,0.000000,0.000000,0.000000,0.000000,-0.000052,-0.022715,-0.000224,-0.000265
1777056132.619963,-0.748672,-0.769787,1.850286,3.142486,0.001997,-0.017249,-0.003554,-0.000769,-0.750000,-0.750000,1.850000,3.141593,0.000000,0.000000,0.000000,0.000000,-0.000059,-0.021499,-0.000221,-0.000282
1777056132.653338,-0.748700,-0.769446,1.850270,3.142470,0.001979,-0.017700,-0.003480,-0.000728,-0.750000,-0.750000,1.850000,3.141593,0.000000,0.000000,0.000000,0.000000,-0.000147,-0.019486,-0.000195,-0.000298
1777056132.686568,-0.748707,-0.769335,1.850275,3.142454,0.001949,-0.017857,-0.003406,-0.000705,-0.750000,-0.750000,1.850000,3.141593,0.000000,0.000000,0.000000,0.000000,-0.000091,-0.018609,-0.000211,-0.000307
1777056132.719963,-0.748727,-0.769046,1.850276,3.142436,0.001934,-0.018202,-0.003337,-0.000691,-0.750000,-0.750000,1.850000,3.141593,0.000000,0.000000,0.000000,0.000000,-0.000127,-0.016904,-0.000221,-0.000304
1777056132.753292,-0.748741,-0.768839,1.850262,3.142415,0.001907,-0.018436,-0.003275,-0.000674,-0.750000,-0.750000,1.850000,3.141593,0.000000,0.000000,0.000000,0.000000,-0.000127,-0.015625,-0.000198,-0.000292
1777056132.786675,-0.748741,-0.768839,1.850262,3.142415,0.001907,-0.018436,-0.003275,-0.000674,-0.750000,-0.750000,1.850000,3.141593,0.000000,0.000000,0.000000,0.000000,-0.000037,-0.015369,-0.000204,-0.000368
1777056132.819897,-0.748755,-0.768576,1.850268,3.142395,0.001880,-0.018719,-0.003193,-0.000662,-0.750000,-0.750000,1.850000,3.141593,0.000000,0.000000,0.000000,0.000000,-0.000041,-0.013878,-0.000223,-0.000345
1777056132.853266,-0.748769,-0.768380,1.850264,3.142375,0.001858,-0.018908,-0.003133,-0.000657,-0.750000,-0.750000,1.850000,3.141593,0.000000,0.000000,0.000000,0.000000,-0.000041,-0.012737,-0.000221,-0.000325
1777056132.886686,-0.748792,-0.768025,1.850252,3.142354,0.001844,-0.019260,-0.003079,-0.000651,-0.750000,-0.750000,1.850000,3.141593,0.000000,0.000000,0.000000,0.000000,-0.000104,-0.010857,-0.000203,-0.000298
1777056132.919937,-0.748804,-0.767821,1.850246,3.142328,0.001817,-0.019420,-0.003014,-0.000656,-0.750000,-0.750000,1.850000,3.141593,0.000000,0.000000,0.000000,0.000000,-0.000096,-0.009731,-0.000197,-0.000252
1777056132.953387,-0.748827,-0.767445,1.850243,3.142304,0.001798,-0.019752,-0.002942,-0.000650,-0.750000,-0.750000,1.850000,3.141593,0.000000,0.000000,0.000000,0.000000,-0.000159,-0.007813,-0.000197,-0.000216
1777056132.986600,-0.748834,-0.767301,1.850239,3.142284,0.001770,-0.019826,-0.002886,-0.000647,-0.750000,-0.750000,1.850000,3.141593,0.000000,0.000000,0.000000,0.000000,-0.000112,-0.007036,-0.000195,-0.000196
1777056133.019931,-0.748858,-0.766910,1.850230,3.142268,0.001751,-0.020138,-0.002821,-0.000622,-0.750000,-0.750000,1.850000,3.141593,0.000000,0.000000,0.000000,0.000000,-0.000181,-0.005101,-0.000182,-0.000193
1777056133.053264,-0.748868,-0.766727,1.850230,3.142255,0.001719,-0.020203,-0.002751,-0.000593,-0.750000,-0.750000,1.850000,3.141593,0.000000,0.000000,0.000000,0.000000,-0.000154,-0.004202,-0.000188,-0.000204
1777056133.086727,-0.748884,-0.766447,1.850227,3.142244,0.001701,-0.020391,-0.002697,-0.000568,-0.750000,-0.750000,1.850000,3.141593,0.000000,0.000000,0.000000,0.000000,-0.000165,-0.002864,-0.000187,-0.000220
1777056133.119902,-0.748893,-0.766281,1.850224,3.142232,0.001675,-0.020437,-0.002642,-0.000546,-0.750000,-0.750000,1.850000,3.141593,0.000000,0.000000,0.000000,0.000000,-0.000134,-0.002097,-0.000187,-0.000232
1777056133.153273,-0.748911,-0.765985,1.850224,3.142219,0.001660,-0.020623,-0.002586,-0.000531,-0.750000,-0.750000,1.850000,3.141593,0.000000,0.000000,0.000000,0.000000,-0.000162,-0.000730,-0.000192,-0.000236
1777056133.186696,-0.748921,-0.765802,1.850214,3.142205,0.001635,-0.020658,-0.002539,-0.000519,-0.750000,-0.750000,1.850000,3.141593,0.000000,0.000000,0.000000,0.000000,-0.000144,0.000067,-0.000179,-0.000230
1777056133.219987,-0.748940,-0.765508,1.850211,3.142189,0.001618,-0.020810,-0.002485,-0.000512,-0.750000,-0.750000,1.850000,3.141593,0.000000,0.000000,0.000000,0.000000,-0.000177,0.001369,-0.000178,-0.000219
1777056133.253334,-0.748949,-0.765356,1.850211,3.142174,0.001593,-0.020797,-0.002430,-0.000508,-0.750000,-0.750000,1.850000,3.141593,0.000000,0.000000,0.000000,0.000000,-0.000148,0.001968,-0.000183,-0.000206
1777056133.286700,-0.748969,-0.765053,1.850200,3.142159,0.001575,-0.020917,-0.002382,-0.000497,-0.750000,-0.750000,1.850000,3.141593,0.000000,0.000000,0.000000,0.000000,-0.000194,0.003262,-0.000166,-0.000194
1777056133.319982,-0.748975,-0.764944,1.850200,3.142145,0.001549,-0.020847,-0.002331,-0.000491,-0.750000,-0.750000,1.850000,3.141593,0.000000,0.000000,0.000000,0.000000,-0.000148,0.003598,-0.000172,-0.000188
1777056133.353302,-0.748991,-0.764714,1.850200,3.142132,0.001533,-0.020905,-0.002280,-0.000482,-0.750000,-0.750000,1.850000,3.141593,0.000000,0.000000,0.000000,0.000000,-0.000169,0.004501,-0.000176,-0.000185
1777056133.386661,-0.748999,-0.764592,1.850193,3.142120,0.001510,-0.020839,-0.002240,-0.000472,0.750000,-0.750000,1.250000,3.665191,0.000000,0.000000,0.000000,0.000000,-0.000138,0.004864,-0.000168,-0.000185
1777056133.419994,-0.749016,-0.764367,1.850189,3.142108,0.001495,-0.020870,-0.002194,-0.000460,0.750000,-0.750000,1.250000,3.665191,0.000000,0.000000,0.000000,0.000000,-0.100124,0.007568,-0.100151,0.099834
1777056133.453400,-0.749024,-0.764262,1.850189,3.142097,0.001471,-0.020773,-0.002147,-0.000450,0.750000,-0.750000,1.250000,3.665191,0.000000,0.000000,0.000000,0.000000,-0.190112,0.007697,-0.190136,0.147693
1777056133.486820,-0.748944,-0.764076,1.849697,3.144309,0.001346,-0.020758,-0.002707,0.006514,0.750000,-0.750000,1.250000,3.665191,0.000000,0.000000,0.000000,0.000000,-0.271101,0.008528,-0.271122,0.188862
1777056133.519883,-0.748902,-0.763962,1.849426,3.154142,0.001252,-0.020644,-0.002973,0.034978,0.750000,-0.750000,1.250000,3.665191,0.000000,0.000000,0.000000,0.000000,-0.343991,0.010397,-0.344010,0.219089
1777056133.553296,-0.747522,-0.763805,1.849284,3.168375,-0.000349,-0.020566,-0.002964,0.073968,0.750000,-0.750000,1.250000,3.665191,0.000000,0.000000,0.000000,0.000000,-0.409592,0.014341,-0.409609,0.241446
1777056133.586664,-0.746763,-0.763730,1.837611,3.185814,-0.002017,-0.020412,-0.017155,0.120469,0.750000,-0.750000,1.250000,3.665191,0.000000,0.000000,0.000000,0.000000,-0.468632,0.020055,-0.468648,0.256921
1777056133.619947,-0.743517,-0.763592,1.831451,3.205350,-0.006121,-0.020249,-0.023924,0.172799,0.750000,-0.750000,1.250000,3.665191,0.000000,0.000000,0.000000,0.000000,-0.521769,0.028295,-0.521783,0.266410
1777056133.653238,-0.741655,-0.763505,1.828073,3.226458,-0.008374,-0.020025,-0.027220,0.223032,0.750000,-0.750000,1.250000,3.665191,0.000000,0.000000,0.000000,0.000000,-0.569592,0.038538,-0.569605,0.270221
1777056133.686760,-0.736225,-0.763319,1.803537,3.248451,-0.016362,-0.019703,-0.055961,0.268516,0.750000,-0.750000,1.250000,3.665191,0.000000,0.000000,0.000000,0.000000,-0.612633,0.051348,-0.606833,0.268959
1777056133.719910,-0.733096,-0.763208,1.790092,3.270819,-0.020648,-0.019345,-0.070482,0.308521,0.750000,-0.750000,1.250000,3.665191,0.000000,0.000000,0.000000,0.000000,-0.651370,0.065809,-0.645687,0.263162
1777056133.753285,-0.725581,-0.763023,1.783138,3.292649,-0.029242,-0.018498,-0.076279,0.350014,0.750000,-0.750000,1.250000,3.665191,0.000000,0.000000,0.000000,0.000000,-0.686233,0.082165,-0.681118,0.254295
1777056133.786786,-0.721089,-0.762876,1.748244,3.314443,-0.036547,-0.018104,-0.116176,0.375625,0.750000,-0.750000,1.250000,3.665191,0.000000,0.000000,0.000000,0.000000,-0.717609,0.099963,-0.689257,0.241599
1777056133.820053,-0.711454,-0.762708,1.730745,3.334557,-0.048047,-0.016702,-0.133553,0.406298,0.750000,-0.750000,1.250000,3.665191,0.000000,0.000000,0.000000,0.000000,-0.745849,0.118735,-0.706726,0.228568
1777056133.853295,-0.705361,-0.762514,1.719981,3.354546,-0.054304,-0.015645,-0.141242,0.414113,0.750000,-0.750000,1.250000,3.665191,0.000000,0.000000,0.000000,0.000000,-0.771264,0.138627,-0.726240,0.212310
1777056133.886668,-0.692626,-0.762342,1.677750,3.372387,-0.070504,-0.013594,-0.186612,0.418527,0.750000,-0.750000,1.250000,3.665191,0.000000,0.000000,0.000000,0.000000,-0.794137,0.158652,-0.706930,0.197888
1777056133.920039,-0.686126,-0.762291,1.657466,3.388384,-0.077716,-0.012405,-0.205375,0.425410,0.750000,-0.750000,1.250000,3.665191,0.000000,0.000000,0.000000,0.000000,-0.814724,0.178557,-0.705225,0.185330
1777056133.953298,-0.672312,-0.762249,1.647193,3.402855,-0.091973,-0.009101,-0.210966,0.430215,0.750000,-0.750000,1.250000,3.665191,0.000000,0.000000,0.000000,0.000000,-0.833251,0.197811,-0.711748,0.174401
1777056133.986686,-0.664279,-0.762201,1.605465,3.416150,-0.102140,-0.008015,-0.255057,0.426845,0.750000,-0.750000,1.250000,3.665191,0.000000,0.000000,0.000000,0.000000,-0.849926,0.217268,-0.674011,0.164571
1777056134.019909,-0.647427,-0.762250,1.582646,3.428189,-0.119725,-0.003738,-0.273324,0.418174,0.750000,-0.750000,1.250000,3.665191,0.000000,0.000000,0.000000,0.000000,-0.864933,0.235132,-0.654933,0.156431
1777056134.053365,-0.638208,-0.762281,1.571034,3.439073,-0.127680,-0.001358,-0.278587,0.408995,0.750000,-0.750000,1.250000,3.665191,0.000000,0.000000,0.000000,0.000000,-0.878440,0.252872,-0.648461,0.150000
1777056134.086922,-0.618599,-0.762486,1.529061,3.449330,-0.148718,0.003565,-0.318448,0.394597,0.750000,-0.750000,1.250000,3.665191,0.000000,0.000000,0.000000,0.000000,-0.890596,0.268370,-0.593023,0.143839
1777056134.119995,-0.608282,-0.762613,1.508369,3.458686,-0.157648,0.006121,-0.333008,0.382143,0.750000,-0.750000,1.250000,3.665191,0.000000,0.000000,0.000000,0.000000,-0.901537,0.284126,-0.564928,0.139041
1777056134.153237,-0.587725,-0.763004,1.498071,3.467562,-0.176516,0.012854,-0.334088,0.371394,0.750000,-0.750000,1.250000,3.665191,0.000000,0.000000,0.000000,0.000000,-0.911383,0.296754,-0.551485,0.134377
1777056134.186713,-0.576758,-0.763231,1.464891,3.475964,-0.187254,0.015346,-0.365226,0.363612,0.750000,-0.750000,1.250000,3.665191,0.000000,0.000000,0.000000,0.000000,-0.920245,0.310273,-0.497139,0.129973
1777056134.219950,-0.553586,-0.763730,1.445571,3.484306,-0.208668,0.022981,-0.375866,0.352260,0.750000,-0.750000,1.250000,3.665191,0.000000,0.000000,0.000000,0.000000,-0.928220,0.320368,-0.462970,0.124482
1777056134.253271,-0.539697,-0.763973,1.434531,3.492337,-0.218121,0.027123,-0.375333,0.338201,0.750000,-0.750000,1.250000,3.665191,0.000000,0.000000,0.000000,0.000000,-0.935398,0.331638,-0.441982,0.118900
1777056134.286677,-0.515879,-0.764673,1.407657,3.499664,-0.240890,0.035199,-0.396914,0.331237,0.750000,-0.750000,1.250000,3.665191,0.000000,0.000000,0.000000,0.000000,-0.939274,0.338717,-0.390433,0.114799
1777056134.319946,-0.501619,-0.765004,1.392068,3.506976,-0.251338,0.039511,-0.403578,0.321529,0.750000,-0.750000,1.250000,3.665191,0.000000,0.000000,0.000000,0.000000,-0.942488,0.347736,-0.357587,0.109674
1777056134.353249,-0.474558,-0.765734,1.383842,3.513839,-0.274254,0.049622,-0.400052,0.311764,0.750000,-0.750000,1.250000,3.665191,0.000000,0.000000,0.000000,0.000000,-0.938628,0.352056,-0.337939,0.105260
1777056134.386655,-0.458767,-0.766119,1.361544,3.520455,-0.285772,0.054216,-0.414429,0.301290,0.750000,-0.750000,1.250000,3.665191,0.000000,0.000000,0.000000,0.000000,-0.935455,0.358649,-0.290456,0.100838
1777056134.420089,-0.429256,-0.766921,1.349697,3.526709,-0.310256,0.065289,-0.414504,0.290929,0.750000,-0.750000,1.250000,3.665191,0.000000,0.000000,0.000000,0.000000,-0.924668,0.360005,-0.261991,0.096923
1777056134.453273,-0.412131,-0.767324,1.343247,3.532710,-0.320343,0.070833,-0.408528,0.280013,0.750000,-0.750000,1.250000,3.665191,0.000000,0.000000,0.000000,0.000000,-0.916083,0.364161,-0.243923,0.093128
1777056134.486672,-0.379870,-0.768193,1.326995,3.538435,-0.346191,0.082800,-0.413046,0.268691,0.750000,-0.750000,1.250000,3.665191,0.000000,0.000000,0.000000,0.000000,-0.898814,0.362190,-0.206278,0.089596
1777056134.520029,-0.361329,-0.768642,1.318222,3.543938,-0.355837,0.088425,-0.408516,0.256898,0.750000,-0.750000,1.250000,3.665191,0.000000,0.000000,0.000000,0.000000,-0.885389,0.363779,-0.182987,0.086148
1777056134.553246,-0.328301,-0.769558,1.314542,3.549117,-0.380604,0.101318,-0.398376,0.247137,0.750000,-0.750000,1.250000,3.665191,0.000000,0.000000,0.000000,0.000000,-0.862923,0.358685,-0.170053,0.083257
1777056134.586649,-0.310039,-0.770016,1.304977,3.554142,-0.390175,0.106923,-0.397124,0.238193,0.750000,-0.750000,1.250000,3.665191,0.000000,0.000000,0.000000,0.000000,-0.846049,0.358151,-0.145540,0.080255
1777056134.619906,-0.276449,-0.770967,1.300338,3.558952,-0.415419,0.120206,-0.389673,0.230585,0.750000,-0.750000,1.250000,3.665191,0.000000,0.000000,0.000000,0.000000,-0.818598,0.349998,-0.130964,0.077452
1777056134.653263,-0.255743,-0.771448,1.297213,3.563739,-0.424937,0.126551,-0.379433,0.221212,0.750000,-0.750000,1.250000,3.665191,0.000000,0.000000,0.000000,0.000000,-0.797026,0.346541,-0.119810,0.074059
1777056134.686698,-0.219155,-0.772452,1.291457,3.568259,-0.451013,0.140750,-0.372545,0.212731,0.750000,-0.750000,1.250000,3.665191,0.000000,0.000000,0.000000,0.000000,-0.762719,0.334137,-0.103676,0.071169
1777056134.719916,-0.200023,-0.773027,1.289162,3.572569,-0.459959,0.146855,-0.364178,0.206485,0.750000,-0.750000,1.250000,3.665191,0.000000,0.000000,0.000000,0.000000,-0.739276,0.328583,-0.094756,0.068563
1777056134.753309,-0.160133,-0.773995,1.286981,3.576901,-0.486304,0.161948,-0.351818,0.197361,0.750000,-0.750000,1.250000,3.665191,0.000000,0.000000,0.000000,0.000000,-0.696731,0.311560,-0.086514,0.065259
1777056134.786689,-0.137469,-0.774538,1.282928,3.580961,-0.493478,0.167814,-0.342251,0.187799,0.750000,-0.750000,1.250000,3.665191,0.000000,0.000000,0.000000,0.000000,-0.667294,0.302422,-0.074826,0.062557
1777056134.819921,-0.097853,-0.775658,1.281524,3.584788,-0.518074,0.182650,-0.329976,0.179229,0.750000,-0.750000,1.250000,3.665191,0.000000,0.000000,0.000000,0.000000,-0.619095,0.280730,-0.068785,0.060303
1777056134.853288,-0.075972,-0.776156,1.280947,3.588452,-0.523131,0.187823,-0.317393,0.170597,0.750000,-0.750000,1.250000,3.665191,0.000000,0.000000,0.000000,0.000000,-0.587520,0.269722,-0.064830,0.058193
1777056134.886680,-0.038382,-0.777334,1.279405,3.591868,-0.546534,0.202137,-0.307985,0.163954,0.750000,-0.750000,1.250000,3.665191,0.000000,0.000000,0.000000,0.000000,-0.535450,0.244643,-0.059277,0.056633
1777056134.920048,-0.017279,-0.777880,1.278607,3.595243,-0.552182,0.207390,-0.298157,0.157477,0.750000,-0.750000,1.250000,3.665191,0.000000,0.000000,0.000000,0.000000,-0.502040,0.231521,-0.055518,0.054729
1777056134.953286,0.020803,-0.779029,1.278546,3.598480,-0.575603,0.221878,-0.288023,0.151939,0.750000,-0.750000,1.250000,3.665191,0.000000,0.000000,0.000000,0.000000,-0.442280,0.201678,-0.053564,0.052940
1777056134.986711,0.042231,-0.779602,1.277192,3.601667,-0.581687,0.227303,-0.280180,0.146763,0.750000,-0.750000,1.250000,3.665191,0.000000,0.000000,0.000000,0.000000,-0.405252,0.185711,-0.049259,0.050907
1777056135.019969,0.081011,-0.780729,1.276612,3.604756,-0.604896,0.241851,-0.271420,0.141832,0.750000,-0.750000,1.250000,3.665191,0.000000,0.000000,0.000000,0.000000,-0.336129,0.150189,-0.046721,0.048870
1777056135.053298,0.103326,-0.781288,1.276475,3.607758,-0.610451,0.247153,-0.262440,0.136818,0.750000,-0.750000,1.250000,3.665191,0.000000,0.000000,0.000000,0.000000,-0.293912,0.130765,-0.045309,0.046806
1777056135.086647,0.143346,-0.782398,1.275087,3.610646,-0.632505,0.261451,-0.254742,0.131511,0.750000,-0.750000,1.250000,3.665191,0.000000,0.000000,0.000000,0.000000,-0.212845,0.088063,-0.041554,0.044840
1777056135.120002,0.165506,-0.782955,1.274705,3.613389,-0.636101,0.265921,-0.246342,0.126345,0.750000,-0.750000,1.250000,3.665191,0.000000,0.000000,0.000000,0.000000,-0.167251,0.065933,-0.039969,0.043127
1777056135.153269,0.165506,-0.782955,1.274705,3.613389,-0.636101,0.265921,-0.246342,0.126345,0.750000,-0.750000,1.250000,3.665191,0.000000,0.000000,0.000000,0.000000,-0.172091,0.072299,-0.039221,0.053220
1777056135.186681,0.205124,-0.784278,1.275020,3.616050,-0.653841,0.278741,-0.236045,0.120393,0.750000,-0.750000,1.250000,3.665191,0.000000,0.000000,0.000000,0.000000,-0.081832,0.021996,-0.039334,0.050452
1777056135.219995,0.225486,-0.784702,1.273922,3.618491,-0.655791,0.282167,-0.229695,0.115825,0.750000,-0.750000,1.250000,3.665191,0.000000,0.000000,0.000000,0.000000,-0.036975,-0.000416,-0.036722,0.048402
1777056135.253219,0.261781,-0.785789,1.273361,3.621149,-0.673595,0.294356,-0.222900,0.112434,0.750000,-0.750000,1.250000,3.665191,0.000000,0.000000,0.000000,0.000000,0.054706,-0.051304,-0.035266,0.045111
1777056135.286626,0.284485,-0.786408,1.272689,3.624526,-0.673619,0.297151,-0.214248,0.109836,0.750000,-0.750000,1.250000,3.665191,0.000000,0.000000,0.000000,0.000000,0.109063,-0.080519,-0.033699,0.038395
1777056135.319934,0.319658,-0.787400,1.272089,3.627639,-0.689148,0.308457,-0.208419,0.108331,0.750000,-0.750000,1.250000,3.665191,0.000000,0.000000,0.000000,0.000000,0.198157,-0.135111,-0.032334,0.032872
1777056135.353245,0.338533,-0.787961,1.271874,3.630593,-0.688968,0.310892,-0.202064,0.106877,0.750000,-0.750000,1.250000,3.665191,0.000000,0.000000,0.000000,0.000000,0.243691,-0.159661,-0.031817,0.027994
1777056135.386718,0.372793,-0.788844,1.271962,3.633229,-0.703009,0.321411,-0.196150,0.104212,0.750000,-0.750000,1.250000,3.665191,0.000000,0.000000,0.000000,0.000000,0.319322,-0.217795,-0.031996,0.024444
1777056135.419927,0.395516,-0.789242,1.270414,3.635367,-0.698966,0.322319,-0.189479,0.098731,0.750000,-0.750000,1.250000,3.665191,0.000000,0.000000,0.000000,0.000000,0.384203,-0.251520,-0.028932,0.022908
1777056135.453288,0.427484,-0.790213,1.270346,3.636934,-0.708262,0.330663,-0.183558,0.093217,0.750000,-0.750000,1.250000,3.665191,0.000000,0.000000,0.000000,0.000000,0.445783,-0.310129,-0.028861,0.023640
1777056135.486600,0.446063,-0.790743,1.270120,3.638257,-0.701487,0.329866,-0.176080,0.087166,0.750000,-0.750000,1.250000,3.665191,0.000000,0.000000,0.000000,0.000000,0.497989,-0.336798,-0.028561,0.025028
1777056135.519969,0.474628,-0.791590,1.269330,3.639457,-0.707623,0.336315,-0.171477,0.081864,0.750000,-0.750000,1.250000,3.665191,0.000000,0.000000,0.000000,0.000000,0.548190,-0.390531,-0.027139,0.026458
1777056135.553282,0.488934,-0.792048,1.269072,3.640786,-0.701597,0.335420,-0.166017,0.077822,0.750000,-0.750000,1.250000,3.665191,0.000000,0.000000,0.000000,0.000000,0.584899,-0.407274,-0.026810,0.026943
1777056135.586716,0.513915,-0.792603,1.269055,3.642276,-0.707007,0.340739,-0.161393,0.074897,0.750000,-0.750000,1.250000,3.665191,0.000000,0.000000,0.000000,0.000000,0.626409,-0.453482,-0.027002,0.026304
1777056135.620010,0.528903,-0.792849,1.267907,3.643948,-0.700678,0.339472,-0.156984,0.072404,0.750000,-0.750000,1.250000,3.665191,0.000000,0.000000,0.000000,0.000000,0.663768,-0.471875,-0.024920,0.024641
1777056135.653361,0.553827,-0.793022,1.267323,3.645657,-0.702598,0.342666,-0.152161,0.069879,0.750000,-0.750000,1.250000,3.665191,0.000000,0.000000,0.000000,0.000000,0.697391,-0.518386,-0.023955,0.022567
1777056135.686639,0.565092,-0.793200,1.267316,3.647254,-0.694793,0.340146,-0.147068,0.068200,0.750000,-0.750000,1.250000,3.665191,0.000000,0.000000,0.000000,0.000000,0.725514,-0.526181,-0.024178,0.020900
1777056135.719871,0.587971,-0.792915,1.266090,3.648781,-0.693402,0.341127,-0.142880,0.065338,0.750000,-0.750000,1.250000,3.665191,0.000000,0.000000,0.000000,0.000000,0.752962,-0.566554,-0.021946,0.019302
1777056135.753259,0.600383,-0.792741,1.265477,3.650113,-0.680305,0.335761,-0.136894,0.062069,0.750000,-0.750000,1.250000,3.665191,0.000000,0.000000,0.000000,0.000000,0.777666,-0.576032,-0.020941,0.018460
1777056135.786688,0.615677,-0.792310,1.265595,3.651242,-0.676294,0.334517,-0.132207,0.059453,0.750000,-0.750000,1.250000,3.665191,0.000000,0.000000,0.000000,0.000000,0.799900,-0.593786,-0.021431,0.018263
1777056135.819978,0.624508,-0.792006,1.264677,3.652315,-0.665093,0.329601,-0.128222,0.056801,0.750000,-0.750000,1.250000,3.665191,0.000000,0.000000,0.000000,0.000000,0.818254,-0.592559,-0.019840,0.018130
1777056135.853301,0.639147,-0.791018,1.264272,3.653347,-0.659319,0.326817,-0.124027,0.054149,0.750000,-0.750000,1.250000,3.665191,0.000000,0.000000,0.000000,0.000000,0.836429,-0.607147,-0.019269,0.017933
1777056135.886720,0.639147,-0.791018,1.264272,3.653347,-0.659319,0.326817,-0.124027,0.054149,0.750000,-0.750000,1.250000,3.665191,0.000000,0.000000,0.000000,0.000000,0.808128,-0.581510,-0.019474,0.022224
1777056135.919919,0.648440,-0.790375,1.264192,3.654407,-0.643782,0.319296,-0.117970,0.051288,0.750000,-0.750000,1.250000,3.665191,0.000000,0.000000,0.000000,0.000000,0.827315,-0.583276,-0.019577,0.021264
1777056135.953292,0.659134,-0.789196,1.263387,3.655416,-0.635177,0.314623,-0.114534,0.049209,0.750000,-0.750000,1.250000,3.665191,0.000000,0.000000,0.000000,0.000000,0.844584,-0.587601,-0.018215,0.020360
1777056135.986651,0.664646,-0.788554,1.262964,3.656563,-0.621524,0.307703,-0.110186,0.047772,0.750000,-0.750000,1.250000,3.665191,0.000000,0.000000,0.000000,0.000000,0.846656,-0.577927,-0.017612,0.018701
1777056136.019967,0.673576,-0.787130,1.262656,3.657994,-0.611100,0.301600,-0.105811,0.047145,0.750000,-0.750000,1.250000,3.665191,0.000000,0.000000,0.000000,0.000000,0.861991,-0.576527,-0.017252,0.015684
1777056136.053288,0.678434,-0.786281,1.261913,3.659373,-0.595665,0.293634,-0.101931,0.046272,0.750000,-0.750000,1.250000,3.665191,0.000000,0.000000,0.000000,0.000000,0.859572,-0.564677,-0.016008,0.012893
1777056136.086624,0.685478,-0.784593,1.261581,3.660628,-0.581612,0.285473,-0.097487,0.044879,0.750000,-0.750000,1.250000,3.665191,0.000000,0.000000,0.000000,0.000000,0.870745,-0.556929,-0.015590,0.010645
1777056136.119931,0.687369,-0.783843,1.261605,3.661572,-0.566010,0.277237,-0.093164,0.043309,0.750000,-0.750000,1.250000,3.665191,0.000000,0.000000,0.000000,0.000000,0.850257,-0.536901,-0.015914,0.009758
1777056136.153322,0.690430,-0.782368,1.260922,3.662284,-0.552879,0.269452,-0.090100,0.041265,0.750000,-0.750000,1.250000,3.665191,0.000000,0.000000,0.000000,0.000000,0.838759,-0.518735,-0.014808,0.009793
1777056136.186652,0.692103,-0.781533,1.260602,3.662831,-0.538008,0.261492,-0.086420,0.038860,0.750000,-0.750000,1.250000,3.665191,0.000000,0.000000,0.000000,0.000000,0.818328,-0.499579,-0.014420,0.010385
1777056136.219894,0.693824,-0.780053,1.260352,3.663323,-0.523259,0.252773,-0.082556,0.036467,0.750000,-0.750000,1.250000,3.665191,0.000000,0.000000,0.000000,0.000000,0.800287,-0.478803,-0.014184,0.011010
1777056136.253309,0.694062,-0.779279,1.259685,3.663824,-0.507938,0.244598,-0.079501,0.034431,0.750000,-0.750000,1.250000,3.665191,0.000000,0.000000,0.000000,0.000000,0.772922,-0.457039,-0.013092,0.011400
1777056136.286696,0.694039,-0.777873,1.259314,3.664372,-0.491708,0.235180,-0.075881,0.032611,0.750000,-0.750000,1.250000,3.665191,0.000000,0.000000,0.000000,0.000000,0.746410,-0.432731,-0.012584,0.011385
1777056136.319921,0.693233,-0.777154,1.259172,3.664977,-0.475796,0.226708,-0.072245,0.031262,0.750000,-0.750000,1.250000,3.665191,0.000000,0.000000,0.000000,0.000000,0.714841,-0.409688,-0.012546,0.010972
1777056136.353301,0.691193,-0.775910,1.258556,3.665658,-0.458855,0.217020,-0.069182,0.030224,0.750000,-0.750000,1.250000,3.665191,0.000000,0.000000,0.000000,0.000000,0.678643,-0.381390,-0.011547,0.010100
1777056136.386717,0.689430,-0.775268,1.258265,3.666368,-0.443154,0.208706,-0.065996,0.029515,0.750000,-0.750000,1.250000,3.665191,0.000000,0.000000,0.000000,0.000000,0.643934,-0.357594,-0.011190,0.009021
1777056136.419980,0.688933,-0.773599,1.257183,3.667775,-0.415128,0.193597,-0.060566,0.028796,0.750000,-0.750000,1.250000,3.665191,0.000000,0.000000,0.000000,0.000000,0.618118,-0.333839,-0.009249,0.004688
1777056136.453273,0.680731,-0.772630,1.257158,3.668356,-0.393919,0.181662,-0.056984,0.027730,0.750000,-0.750000,1.250000,3.665191,0.000000,0.000000,0.000000,0.000000,0.548650,-0.288623,-0.009420,0.004215
1777056136.486767,0.676790,-0.772095,1.257126,3.668785,-0.377099,0.172829,-0.053734,0.026301,0.750000,-0.750000,1.250000,3.665191,0.000000,0.000000,0.000000,0.000000,0.504631,-0.260932,-0.009600,0.004330
1777056136.519910,0.671213,-0.771211,1.256684,3.668929,-0.358149,0.162417,-0.050760,0.024087,0.750000,-0.750000,1.250000,3.665191,0.000000,0.000000,0.000000,0.000000,0.453764,-0.227503,-0.008953,0.005587
1777056136.553354,0.667744,-0.770768,1.256390,3.669030,-0.341538,0.153887,-0.047736,0.021970,0.750000,-0.750000,1.250000,3.665191,0.000000,0.000000,0.000000,0.000000,0.415230,-0.203957,-0.008599,0.006834
1777056136.586620,0.661559,-0.770170,1.256367,3.669178,-0.324642,0.144729,-0.045011,0.020274,0.750000,-0.750000,1.250000,3.665191,0.000000,0.000000,0.000000,0.000000,0.363413,-0.171871,-0.008790,0.007675
1777056136.619951,0.658164,-0.769805,1.255980,3.669470,-0.309861,0.137212,-0.042690,0.019163,0.750000,-0.750000,1.250000,3.665191,0.000000,0.000000,0.000000,0.000000,0.328212,-0.150962,-0.008246,0.007713
1777056136.653374,0.658164,-0.769805,1.255980,3.669470,-0.309861,0.137212,-0.042690,0.019163,0.750000,-0.750000,1.250000,3.665191,0.000000,0.000000,0.000000,0.000000,0.313306,-0.143821,-0.008442,0.009011
1777056136.686663,0.651464,-0.769214,1.255780,3.669900,-0.288630,0.126138,-0.039343,0.018256,0.750000,-0.750000,1.250000,3.665191,0.000000,0.000000,0.000000,0.000000,0.262521,-0.112515,-0.008258,0.008175
1777056136.719907,0.648688,-0.768895,1.255689,3.670378,-0.273715,0.118766,-0.036505,0.017739,0.750000,-0.750000,1.250000,3.665191,0.000000,0.000000,0.000000,0.000000,0.234030,-0.095962,-0.008299,0.007085
1777056136.753328,0.642863,-0.768535,1.255452,3.670889,-0.258345,0.110752,-0.034508,0.017662,0.750000,-0.750000,1.250000,3.665191,0.000000,0.000000,0.000000,0.000000,0.189728,-0.069900,-0.008039,0.005831
1777056136.786653,0.639917,-0.768239,1.255293,3.671505,-0.243607,0.103538,-0.031854,0.017509,0.750000,-0.750000,1.250000,3.665191,0.000000,0.000000,0.000000,0.000000,0.162031,-0.054090,-0.007939,0.004093
1777056136.819936,0.634074,-0.767953,1.255268,3.672014,-0.228353,0.095698,-0.029537,0.017348,0.750000,-0.750000,1.250000,3.665191,0.000000,0.000000,0.000000,0.000000,0.119212,-0.029431,-0.008112,0.002861
1777056136.853353,0.627979,-0.767351,1.254746,3.672729,-0.205934,0.084390,-0.026164,0.016839,0.750000,-0.750000,1.250000,3.665191,0.000000,0.000000,0.000000,0.000000,0.076133,-0.003081,-0.007290,0.000660
1777056136.886716,0.623187,-0.767377,1.254771,3.672876,-0.192773,0.078064,-0.024063,0.015625,0.750000,-0.750000,1.250000,3.665191,0.000000,0.000000,0.000000,0.000000,0.039975,0.015665,-0.007558,0.001073
1777056136.919957,0.618079,-0.767234,1.254407,3.672901,-0.179292,0.071353,-0.022413,0.014137,0.750000,-0.750000,1.250000,3.665191,0.000000,0.000000,0.000000,0.000000,0.003507,0.035515,-0.007033,0.001924
1777056136.953272,0.615107,-0.767175,1.254243,3.672795,-0.168373,0.066193,-0.020640,0.012392,0.750000,-0.750000,1.250000,3.665191,0.000000,0.000000,0.000000,0.000000,-0.020758,0.047651,-0.006897,0.003230
1777056136.986675,0.611172,-0.767082,1.254188,3.672740,-0.156916,0.060627,-0.018861,0.010981,0.750000,-0.750000,1.250000,3.665191,0.000000,0.000000,0.000000,0.000000,-0.049587,0.062677,-0.006977,0.004147
1777056137.019926,0.608846,-0.767033,1.253872,3.672794,-0.146926,0.056008,-0.017366,0.010044,0.750000,-0.750000,1.250000,3.665191,0.000000,0.000000,0.000000,0.000000,-0.069337,0.072086,-0.006522,0.004454
1777056137.053321,0.605756,-0.766980,1.253751,3.672971,-0.136671,0.051167,-0.015763,0.009589,0.750000,-0.750000,1.250000,3.665191,0.000000,0.000000,0.000000,0.000000,-0.092847,0.083764,-0.006446,0.004125
1777056137.086675,0.603918,-0.766953,1.253704,3.673236,-0.127465,0.047022,-0.013993,0.009406,0.750000,-0.750000,1.250000,3.665191,0.000000,0.000000,0.000000,0.000000,-0.109391,0.091186,-0.006523,0.003360
1777056137.119917,0.601640,-0.766925,1.253428,3.673521,-0.118153,0.042767,-0.012593,0.009302,0.750000,-0.750000,1.250000,3.665191,0.000000,0.000000,0.000000,0.000000,-0.128121,0.099929,-0.006129,0.002499
1777056137.153325,0.600258,-0.766918,1.253303,3.673773,-0.109587,0.039014,-0.010945,0.009074,0.750000,-0.750000,1.250000,3.665191,0.000000,0.000000,0.000000,0.000000,-0.141983,0.105685,-0.006033,0.001781
1777056137.186598,0.598647,-0.766949,1.253295,3.673943,-0.102222,0.035769,-0.009525,0.008739,0.750000,-0.750000,1.250000,3.665191,0.000000,0.000000,0.000000,0.000000,-0.156958,0.111940,-0.006172,0.001424
1777056137.219927,0.597760,-0.766951,1.253029,3.674052,-0.095152,0.032740,-0.008296,0.008195,0.750000,-0.750000,1.250000,3.665191,0.000000,0.000000,0.000000,0.000000,-0.167914,0.115996,-0.005784,0.001312
1777056137.253243,0.597099,-0.766950,1.252917,3.674102,-0.088545,0.029945,-0.006932,0.007526,0.750000,-0.750000,1.250000,3.665191,0.000000,0.000000,0.000000,0.000000,-0.177655,0.119379,-0.005696,0.001422
1777056137.286700,0.596719,-0.766939,1.252873,3.674132,-0.081458,0.027002,-0.005288,0.006851,0.750000,-0.750000,1.250000,3.665191,0.000000,0.000000,0.000000,0.000000,-0.186024,0.122003,-0.005750,0.001557
1777056137.319924,0.596747,-0.766950,1.252629,3.674156,-0.075642,0.024673,-0.004116,0.006237,0.750000,-0.750000,1.250000,3.665191,0.000000,0.000000,0.000000,0.000000,-0.192366,0.123326,-0.005391,0.001659
1777056137.353264,0.596562,-0.766992,1.252536,3.674197,-0.070554,0.022642,-0.003005,0.005750,0.750000,-0.750000,1.250000,3.665191,0.000000,0.000000,0.000000,0.000000,-0.199911,0.125248,-0.005329,0.001640
1777056137.386667,0.597372,-0.766974,1.252504,3.674263,-0.066310,0.021062,-0.001764,0.005382,0.750000,-0.750000,1.250000,3.665191,0.000000,0.000000,0.000000,0.000000,-0.202070,0.124356,-0.005389,0.001469
1777056137.420037,0.597752,-0.766975,1.252269,3.674340,-0.061689,0.019272,-0.000807,0.005083,0.750000,-0.750000,1.250000,3.665191,0.000000,0.000000,0.000000,0.000000,-0.206702,0.124872,-0.005033,0.001219
1777056137.453246,0.599226,-0.766937,1.252165,3.674416,-0.058406,0.018175,0.000265,0.004817,0.750000,-0.750000,1.250000,3.665191,0.000000,0.000000,0.000000,0.000000,-0.205529,0.122208,-0.004931,0.000952
1777056137.486673,0.599980,-0.766928,1.252131,3.674480,-0.054530,0.016742,0.001362,0.004538,0.750000,-0.750000,1.250000,3.665191,0.000000,0.000000,0.000000,0.000000,-0.208438,0.121857,-0.004970,0.000723
1777056137.519944,0.602208,-0.766841,1.251904,3.674527,-0.051705,0.015903,0.002340,0.004218,0.750000,-0.750000,1.250000,3.665191,0.000000,0.000000,0.000000,0.000000,-0.203516,0.117315,-0.004616,0.000546
1777056137.553292,0.603243,-0.766830,1.251807,3.674548,-0.048449,0.014761,0.003250,0.003862,0.750000,-0.750000,1.250000,3.665191,0.000000,0.000000,0.000000,0.000000,-0.205356,0.116429,-0.004513,0.000469
1777056137.586660,0.606124,-0.766698,1.251779,3.674560,-0.046086,0.014168,0.004494,0.003507,0.750000,-0.750000,1.250000,3.665191,0.000000,0.000000,0.000000,0.000000,-0.197303,0.110345,-0.004553,0.000395
1777056137.619884,0.607467,-0.766667,1.251571,3.674553,-0.043069,0.013144,0.005248,0.003136,0.750000,-0.750000,1.250000,3.665191,0.000000,0.000000,0.000000,0.000000,-0.198010,0.108949,-0.004224,0.000378
1777056137.653336,0.610509,-0.766540,1.251477,3.674546,-0.042156,0.013162,0.006071,0.002798,0.750000,-0.750000,1.250000,3.665191,0.000000,0.000000,0.000000,0.000000,-0.189459,0.102646,-0.004116,0.000339
1777056137.686669,0.612240,-0.766467,1.251449,3.674540,-0.039675,0.012366,0.006982,0.002501,0.750000,-0.750000,1.250000,3.665191,0.000000,0.000000,0.000000,0.000000,-0.188348,0.100504,-0.004141,0.000266
1777056137.719948,0.615950,-0.766271,1.251261,3.674536,-0.038912,0.012467,0.007769,0.002240,0.750000,-0.750000,1.250000,3.665191,0.000000,0.000000,0.000000,0.000000,-0.176484,0.092690,-0.003841,0.000161
1777056137.753287,0.617930,-0.766177,1.251179,3.674530,-0.036498,0.011705,0.008607,0.001998,0.750000,-0.750000,1.250000,3.665191,0.000000,0.000000,0.000000,0.000000,-0.174552,0.090237,-0.003748,0.000047
1777056137.786601,0.621931,-0.765950,1.251152,3.674519,-0.036257,0.012021,0.009492,0.001769,0.750000,-0.750000,1.250000,3.665191,0.000000,0.000000,0.000000,0.000000,-0.161529,0.081972,-0.003765,-0.000069
1777056137.819922,0.623981,-0.765847,1.250975,3.674501,-0.034505,0.011517,0.010039,0.001534,0.750000,-0.750000,1.250000,3.665191,0.000000,0.000000,0.000000,0.000000,-0.159646,0.079683,-0.003475,-0.000163
1777056137.853284,0.628220,-0.765577,1.250900,3.674478,-0.034766,0.012016,0.010763,0.001314,0.750000,-0.750000,1.250000,3.665191,0.000000,0.000000,0.000000,0.000000,-0.145567,0.071116,-0.003387,-0.000252
1777056137.886674,0.630479,-0.765443,1.250870,3.674445,-0.033271,0.011605,0.011437,0.001082,0.750000,-0.750000,1.250000,3.665191,0.000000,0.000000,0.000000,0.000000,-0.142865,0.068593,-0.003386,-0.000314
1777056137.919931,0.634784,-0.765146,1.250708,3.674407,-0.034138,0.012323,0.011900,0.000849,0.750000,-0.750000,1.250000,3.665191,0.000000,0.000000,0.000000,0.000000,-0.128628,0.060173,-0.003114,-0.000364
1777056137.953284,0.637163,-0.764988,1.250632,3.674365,-0.033140,0.012099,0.012407,0.000622,0.750000,-0.750000,1.250000,3.665191,0.000000,0.000000,0.000000,0.000000,-0.125456,0.057607,-0.003009,-0.000408
1777056137.986571,0.641777,-0.764634,1.250610,3.674322,-0.034136,0.012842,0.013032,0.000427,0.750000,-0.750000,1.250000,3.665191,0.000000,0.000000,0.000000,0.000000,-0.109619,0.048640,-0.003014,-0.000461
1777056138.019912,0.644525,-0.764424,1.250486,3.674276,-0.032566,0.012362,0.013582,0.000268,0.750000,-0.750000,1.250000,3.665191,0.000000,0.000000,0.000000,0.000000,-0.104749,0.045398,-0.002811,-0.000524
1777056138.053297,0.649122,-0.764052,1.250402,3.674225,-0.033784,0.013160,0.014036,0.000078,0.750000,-0.750000,1.250000,3.665191,0.000000,0.000000,0.000000,0.000000,-0.089325,0.036839,-0.002682,-0.000571
1777056138.086597,0.651885,-0.763824,1.250407,3.674176,-0.032170,0.012629,0.014691,-0.000051,0.750000,-0.750000,1.250000,3.665191,0.000000,0.000000,0.000000,0.000000,-0.084715,0.033897,-0.002735,-0.000644
1777056138.119932,0.656444,-0.763425,1.250254,3.674119,-0.033443,0.013403,0.014990,-0.000229,0.750000,-0.750000,1.250000,3.665191,0.000000,0.000000,0.000000,0.000000,-0.069733,0.025796,-0.002466,-0.000689
1777056138.153254,0.658967,-0.763205,1.250196,3.674062,-0.032485,0.013115,0.015390,-0.000379,0.750000,-0.750000,1.250000,3.665191,0.000000,0.000000,0.000000,0.000000,-0.066642,0.023786,-0.002381,-0.000745
1777056138.186599,0.663554,-0.762768,1.250171,3.674001,-0.033733,0.013829,0.015810,-0.000530,0.750000,-0.750000,1.250000,3.665191,0.000000,0.000000,0.000000,0.000000,-0.051497,0.015867,-0.002363,-0.000788
1777056138.219922,0.666085,-0.762530,1.250058,3.673937,-0.032889,0.013562,0.016083,-0.000675,0.750000,-0.750000,1.250000,3.665191,0.000000,0.000000,0.000000,0.000000,-0.048428,0.014036,-0.002163,-0.000829
1777056138.253269,0.670615,-0.762068,1.250003,3.673871,-0.034146,0.014233,0.016415,-0.000813,0.750000,-0.750000,1.250000,3.665191,0.000000,0.000000,0.000000,0.000000,-0.033589,0.006503,-0.002077,-0.000863
1777056138.286600,0.673117,-0.761815,1.249981,3.673802,-0.033342,0.013956,0.016752,-0.000946,0.750000,-0.750000,1.250000,3.665191,0.000000,0.000000,0.000000,0.000000,-0.030717,0.004928,-0.002056,-0.000895
1777056138.319913,0.677551,-0.761332,1.249883,3.673731,-0.034527,0.014551,0.016983,-0.001067,0.750000,-0.750000,1.250000,3.665191,0.000000,0.000000,0.000000,0.000000,-0.016374,-0.002142,-0.001879,-0.000926
1777056138.353271,0.680004,-0.761067,1.249837,3.673659,-0.033667,0.014224,0.017253,-0.001182,0.750000,-0.750000,1.250000,3.665191,0.000000,0.000000,0.000000,0.000000,-0.013775,-0.003438,-0.001803,-0.000956
1777056138.386564,0.684364,-0.760562,1.249826,3.673585,-0.034624,0.014678,0.017565,-0.001274,0.750000,-0.750000,1.250000,3.665191,0.000000,0.000000,0.000000,0.000000,0.000196,-0.010121,-0.001799,-0.000988
1777056138.419909,0.686694,-0.760294,1.249734,3.673510,-0.033658,0.014280,0.017738,-0.001375,0.750000,-0.750000,1.250000,3.665191,0.000000,0.000000,0.000000,0.000000,0.002096,-0.010950,-0.001630,-0.001016
1777056138.453264,0.690738,-0.759797,1.249688,3.673434,-0.034578,0.014679,0.017943,-0.001471,0.750000,-0.750000,1.250000,3.665191,0.000000,0.000000,0.000000,0.000000,0.014355,-0.016619,-0.001549,-0.001044
1777056138.486810,0.693155,-0.759501,1.249706,3.673356,-0.033069,0.014022,0.018263,-0.001517,0.750000,-0.750000,1.250000,3.665191,0.000000,0.000000,0.000000,0.000000,0.016822,-0.017608,-0.001598,-0.001076
1777056138.519962,0.696993,-0.759000,1.249609,3.673276,-0.033710,0.014265,0.018372,-0.001601,0.750000,-0.750000,1.250000,3.665191,0.000000,0.000000,0.000000,0.000000,0.027950,-0.022571,-0.001415,-0.001098
1777056138.553238,0.699019,-0.758737,1.249564,3.673195,-0.032589,0.013760,0.018524,-0.001687,0.750000,-0.750000,1.250000,3.665191,0.000000,0.000000,0.000000,0.000000,0.028280,-0.022439,-0.001331,-0.001122
1777056138.586703,0.702505,-0.758256,1.249536,3.673113,-0.033239,0.013979,0.018663,-0.001783,0.750000,-0.750000,1.250000,3.665191,0.000000,0.000000,0.000000,0.000000,0.037649,-0.026428,-0.001280,-0.001140
1777056138.619927,0.704445,-0.757989,1.249470,3.673030,-0.032228,0.013507,0.018750,-0.001869,0.750000,-0.750000,1.250000,3.665191,0.000000,0.000000,0.000000,0.000000,0.037835,-0.026144,-0.001153,-0.001156
1777056138.653260,0.708043,-0.757467,1.249476,3.672945,-0.032248,0.013422,0.018945,-0.001894,0.750000,-0.750000,1.250000,3.665191,0.000000,0.000000,0.000000,0.000000,0.048150,-0.030443,-0.001167,-0.001174
1777056138.686568,0.709702,-0.757225,1.249418,3.672859,-0.031274,0.012957,0.019000,-0.002003,0.750000,-0.750000,1.250000,3.665191,0.000000,0.000000,0.000000,0.000000,0.046894,-0.029422,-0.001052,-0.001183
1777056138.719935,0.712667,-0.756772,1.249354,3.672774,-0.031694,0.013037,0.019031,-0.002094,0.750000,-0.750000,1.250000,3.665191,0.000000,0.000000,0.000000,0.000000,0.053883,-0.032082,-0.000923,-0.001196
1777056138.753224,0.714630,-0.756473,1.249392,3.672688,-0.029836,0.012171,0.019228,-0.002086,0.750000,-0.750000,1.250000,3.665191,0.000000,0.000000,0.000000,0.000000,0.054791,-0.032017,-0.000999,-0.001211
1777056138.786702,0.714630,-0.756473,1.249392,3.672688,-0.029836,0.012171,0.019228,-0.002086,0.750000,-0.750000,1.250000,3.665191,0.000000,0.000000,0.000000,0.000000,0.044604,-0.026944,-0.001001,-0.001597
1777056138.819867,0.717550,-0.756003,1.249305,3.672600,-0.029449,0.011881,0.019243,-0.002105,0.750000,-0.750000,1.250000,3.665191,0.000000,0.000000,0.000000,0.000000,0.052526,-0.029977,-0.000824,-0.001568
1777056138.853268,0.719120,-0.755751,1.249315,3.672514,-0.027614,0.011028,0.019359,-0.002115,0.750000,-0.750000,1.250000,3.665191,0.000000,0.000000,0.000000,0.000000,0.052201,-0.029355,-0.000843,-0.001552
1777056138.886668,0.721733,-0.755311,1.249294,3.672426,-0.027187,0.010715,0.019407,-0.002140,0.750000,-0.750000,1.250000,3.665191,0.000000,0.000000,0.000000,0.000000,0.058408,-0.031556,-0.000800,-0.001535
1777056138.919882,0.723034,-0.755090,1.249265,3.672338,-0.025740,0.010031,0.019431,-0.002193,0.750000,-0.750000,1.250000,3.665191,0.000000,0.000000,0.000000,0.000000,0.056719,-0.030294,-0.000737,-0.001520
1777056138.953271,0.725287,-0.754694,1.249212,3.672249,-0.025516,0.009807,0.019407,-0.002257,0.750000,-0.750000,1.250000,3.665191,0.000000,0.000000,0.000000,0.000000,0.061141,-0.031654,-0.000626,-0.001503
1777056138.986692,0.726518,-0.754476,1.249189,3.672160,-0.024222,0.009186,0.019415,-0.002317,0.750000,-0.750000,1.250000,3.665191,0.000000,0.000000,0.000000,0.000000,0.059461,-0.030386,-0.000572,-0.001483
1777056139.020008,0.728802,-0.754059,1.249221,3.672069,-0.023418,0.008703,0.019485,-0.002311,0.750000,-0.750000,1.250000,3.665191,0.000000,0.000000,0.000000,0.000000,0.064411,-0.031941,-0.000631,-0.001463
1777056139.053305,0.729955,-0.753846,1.249189,3.671978,-0.021629,0.007873,0.019464,-0.002321,0.750000,-0.750000,1.250000,3.665191,0.000000,0.000000,0.000000,0.000000,0.062489,-0.030570,-0.000561,-0.001444
1777056139.086685,0.731885,-0.753480,1.249171,3.671888,-0.020776,0.007379,0.019441,-0.002329,0.750000,-0.750000,1.250000,3.665191,0.000000,0.000000,0.000000,0.000000,0.065571,-0.031300,-0.000519,-0.001430
1777056139.119910,0.732910,-0.753282,1.249177,3.671797,-0.018770,0.006463,0.019442,-0.002318,0.750000,-0.750000,1.250000,3.665191,0.000000,0.000000,0.000000,0.000000,0.063183,-0.029741,-0.000523,-0.001419
1777056139.153246,0.732910,-0.753282,1.249177,3.671797,-0.018770,0.006463,0.019442,-0.002318,0.750000,-0.750000,1.250000,3.665191,0.000000,0.000000,0.000000,0.000000,0.055177,-0.025872,-0.000517,-0.001801
1777056139.186693,0.734539,-0.752959,1.249077,3.671707,-0.017667,0.005878,0.019305,-0.002320,0.750000,-0.750000,1.250000,3.665191,0.000000,0.000000,0.000000,0.000000,0.057560,-0.026347,-0.000306,-0.001753
1777056139.219914,0.735395,-0.752787,1.249105,3.671618,-0.015912,0.005079,0.019311,-0.002329,0.750000,-0.750000,1.250000,3.665191,0.000000,0.000000,0.000000,0.000000,0.055266,-0.024902,-0.000350,-0.001716
1777056139.253238,0.736953,-0.752470,1.249130,3.671528,-0.014634,0.004422,0.019295,-0.002309,0.750000,-0.750000,1.250000,3.665191,0.000000,0.000000,0.000000,0.000000,0.057450,-0.025305,-0.000392,-0.001679
1777056139.286782,0.737674,-0.752320,1.249088,3.671439,-0.012952,0.003666,0.019197,-0.002329,0.750000,-0.750000,1.250000,3.665191,0.000000,0.000000,0.000000,0.000000,0.054583,-0.023655,-0.000297,-0.001645
1777056139.320034,0.739068,-0.752030,1.249107,3.671348,-0.011536,0.002965,0.019151,-0.002302,0.750000,-0.750000,1.250000,3.665191,0.000000,0.000000,0.000000,0.000000,0.056035,-0.023778,-0.000326,-0.001610
1777056139.353261,0.739664,-0.751905,1.249054,3.671258,-0.010072,0.002314,0.019027,-0.002348,0.750000,-0.750000,1.250000,3.665191,0.000000,0.000000,0.000000,0.000000,0.052715,-0.021994,-0.000206,-0.001579
1777056139.386716,0.739664,-0.751905,1.249054,3.671258,-0.010072,0.002314,0.019027,-0.002348,0.750000,-0.750000,1.250000,3.665191,0.000000,0.000000,0.000000,0.000000,0.046295,-0.018989,-0.000193,-0.001940
1777056139.420050,0.740836,-0.751659,1.249003,3.671167,-0.008804,0.001698,0.018888,-0.002339,0.750000,-0.750000,1.250000,3.665191,0.000000,0.000000,0.000000,0.000000,0.047386,-0.019054,-0.000075,-0.001869
1777056139.453321,0.741487,-0.751512,1.249092,3.671077,-0.006403,0.000652,0.018878,-0.002283,0.750000,-0.750000,1.250000,3.665191,0.000000,0.000000,0.000000,0.000000,0.045244,-0.017790,-0.000241,-0.001809
1777056139.486689,0.742515,-0.751299,1.249044,3.670971,-0.005352,0.000147,0.018725,-0.002342,0.750000,-0.750000,1.250000,3.665191,0.000000,0.000000,0.000000,0.000000,0.045570,-0.017607,-0.000134,-0.001682
1777056139.519964,0.743020,-0.751190,1.249025,3.670866,-0.003757,-0.000542,0.018600,-0.002387,0.750000,-0.750000,1.250000,3.665191,0.000000,0.000000,0.000000,0.000000,0.042785,-0.016168,-0.000080,-0.001567
1777056139.553220,0.743932,-0.751004,1.248991,3.670766,-0.002949,-0.000933,0.018463,-0.002456,0.750000,-0.750000,1.250000,3.665191,0.000000,0.000000,0.000000,0.000000,0.042728,-0.015883,0.000005,-0.001478
1777056139.586542,0.743932,-0.751004,1.248991,3.670766,-0.002949,-0.000933,0.018463,-0.002456,0.750000,-0.750000,1.250000,3.665191,0.000000,0.000000,0.000000,0.000000,0.037436,-0.013474,0.000022,-0.001832
1777056139.619917,0.744580,-0.750867,1.248981,3.670672,-0.001219,-0.001679,0.018317,-0.002418,0.750000,-0.750000,1.250000,3.665191,0.000000,0.000000,0.000000,0.000000,0.036340,-0.012790,0.000059,-0.001742
1777056139.653233,0.745351,-0.750709,1.248978,3.670588,-0.000256,-0.002117,0.018198,-0.002417,0.750000,-0.750000,1.250000,3.665191,0.000000,0.000000,0.000000,0.000000,0.036118,-0.012497,0.000082,-0.001702
1777056139.686757,0.745762,-0.750619,1.249001,3.670509,0.001365,-0.002799,0.018084,-0.002369,0.750000,-0.750000,1.250000,3.665191,0.000000,0.000000,0.000000,0.000000,0.033749,-0.011321,0.000052,-0.001681
1777056139.719918,0.746526,-0.750471,1.248972,3.670432,0.002221,-0.003179,0.017924,-0.002353,0.750000,-0.750000,1.250000,3.665191,0.000000,0.000000,0.000000,0.000000,0.033690,-0.011171,0.000127,-0.001672
1777056139.753328,0.746912,-0.750392,1.248977,3.670355,0.003554,-0.003733,0.017793,-0.002326,0.750000,-0.750000,1.250000,3.665191,0.000000,0.000000,0.000000,0.000000,0.031402,-0.010087,0.000136,-0.001657
1777056139.786708,0.747634,-0.750252,1.248991,3.670274,0.004628,-0.004193,0.017652,-0.002291,0.750000,-0.750000,1.250000,3.665191,0.000000,0.000000,0.000000,0.000000,0.031295,-0.009945,0.000125,-0.001626
1777056139.819970,0.747986,-0.750189,1.248955,3.670190,0.005687,-0.004622,0.017478,-0.002318,0.750000,-0.750000,1.250000,3.665191,0.000000,0.000000,0.000000,0.000000,0.029015,-0.008934,0.000218,-0.001582
1777056139.853256,0.747986,-0.750189,1.248955,3.670190,0.005687,-0.004622,0.017478,-0.002318,0.750000,-0.750000,1.250000,3.665191,0.000000,0.000000,0.000000,0.000000,0.024960,-0.007162,0.000237,-0.001904
1777056139.886660,0.748670,-0.750067,1.248942,3.670103,0.006779,-0.005071,0.017291,-0.002290,0.750000,-0.750000,1.250000,3.665191,0.000000,0.000000,0.000000,0.000000,0.025225,-0.007258,0.000282,-0.001810
1777056139.919921,0.748961,-0.750009,1.248967,3.670016,0.007992,-0.005560,0.017163,-0.002292,0.750000,-0.750000,1.250000,3.665191,0.000000,0.000000,0.000000,0.000000,0.023149,-0.006334,0.000250,-0.001726
1777056139.953277,0.749552,-0.749910,1.248954,3.669923,0.008689,-0.005839,0.017001,-0.002340,0.750000,-0.750000,1.250000,3.665191,0.000000,0.000000,0.000000,0.000000,0.023020,-0.006312,0.000295,-0.001612
1777056139.986667,0.749854,-0.749858,1.248966,3.669807,0.009707,-0.006241,0.016861,-0.002436,0.750000,-0.750000,1.250000,3.665191,0.000000,0.000000,0.000000,0.000000,0.021200,-0.005546,0.000291,-0.001403
1777056140.019972,0.750435,-0.749759,1.249024,3.669694,0.010885,-0.006707,0.016709,-0.002421,0.750000,-0.750000,1.250000,3.665191,0.000000,0.000000,0.000000,0.000000,0.021134,-0.005557,0.000191,-0.001220
1777056140.053279,0.750435,-0.749759,1.249024,3.669694,0.010885,-0.006707,0.016709,-0.002421,0.750000,-0.750000,1.250000,3.665191,0.000000,0.000000,0.000000,0.000000,0.017776,-0.004126,0.000204,-0.001544
1777056140.086823,0.750865,-0.749704,1.248946,3.669596,0.011900,-0.007085,0.016427,-0.002414,0.750000,-0.750000,1.250000,3.665191,0.000000,0.000000,0.000000,0.000000,0.017126,-0.003981,0.000380,-0.001403
1777056140.120033,0.751322,-0.749636,1.248977,3.669517,0.012627,-0.007359,0.016295,-0.002392,0.750000,-0.750000,1.250000,3.665191,0.000000,0.000000,0.000000,0.000000,0.016719,-0.003899,0.000337,-0.001352
1777056140.153304,0.751567,-0.749602,1.248976,3.669441,0.013474,-0.007679,0.016132,-0.002374,0.750000,-0.750000,1.250000,3.665191,0.000000,0.000000,0.000000,0.000000,0.015102,-0.003284,0.000357,-0.001318
1777056140.186767,0.752056,-0.749532,1.249011,3.669344,0.014306,-0.007985,0.015963,-0.002360,0.750000,-0.750000,1.250000,3.665191,0.000000,0.000000,0.000000,0.000000,0.015027,-0.003380,0.000305,-0.001185
1777056140.219914,0.752335,-0.749501,1.248987,3.669252,0.015017,-0.008241,0.015770,-0.002399,0.750000,-0.750000,1.250000,3.665191,0.000000,0.000000,0.000000,0.000000,0.013733,-0.002954,0.000372,-0.001079
1777056140.253321,0.752831,-0.749442,1.248985,3.669162,0.015495,-0.008397,0.015596,-0.002417,0.750000,-0.750000,1.250000,3.665191,0.000000,0.000000,0.000000,0.000000,0.013830,-0.003183,0.000398,-0.000987
1777056140.286765,0.753059,-0.749413,1.249009,3.669081,0.016416,-0.008739,0.015416,-0.002368,0.750000,-0.750000,1.250000,3.665191,0.000000,0.000000,0.000000,0.000000,0.012365,-0.002654,0.000369,-0.000935
1777056140.319969,0.753572,-0.749358,1.248992,3.669012,0.016782,-0.008842,0.015225,-0.002335,0.750000,-0.750000,1.250000,3.665191,0.000000,0.000000,0.000000,0.000000,0.012686,-0.003021,0.000423,-0.000934
1777056140.353297,0.753828,-0.749332,1.248986,3.668950,0.017376,-0.009048,0.015047,-0.002286,0.750000,-0.750000,1.250000,3.665191,0.000000,0.000000,0.000000,0.000000,0.011528,-0.002661,0.000459,-0.000961
1777056140.386666,0.754289,-0.749284,1.248989,3.668891,0.017773,-0.009164,0.014869,-0.002221,0.750000,-0.750000,1.250000,3.665191,0.000000,0.000000,0.000000,0.000000,0.011674,-0.002934,0.000473,-0.000996
1777056140.419998,0.754289,-0.749284,1.248989,3.668891,0.017773,-0.009164,0.014869,-0.002221,0.750000,-0.750000,1.250000,3.665191,0.000000,0.000000,0.000000,0.000000,0.009257,-0.001924,0.000493,-0.001283
1777056140.453269,0.754661,-0.749250,1.248972,3.668831,0.018349,-0.009350,0.014644,-0.002147,0.750000,-0.750000,1.250000,3.665191,0.000000,0.000000,0.000000,0.000000,0.009143,-0.002073,0.000550,-0.001277
1777056140.486707,0.755023,-0.749213,1.249004,3.668768,0.018807,-0.009495,0.014491,-0.002100,0.750000,-0.750000,1.250000,3.665191,0.000000,0.000000,0.000000,0.000000,0.009009,-0.002187,0.000505,-0.001258
1777056140.519936,0.755240,-0.749194,1.248998,3.668697,0.019319,-0.009668,0.014306,-0.002099,0.750000,-0.750000,1.250000,3.665191,0.000000,0.000000,0.000000,0.000000,0.008071,-0.001913,0.000537,-0.001194
1777056140.553332,0.755646,-0.749155,1.249038,3.668605,0.019730,-0.009787,0.014144,-0.002115,0.750000,-0.750000,1.250000,3.665191,0.000000,0.000000,0.000000,0.000000,0.008308,-0.002218,0.000477,-0.001041
1777056140.586761,0.755875,-0.749135,1.249038,3.668515,0.020236,-0.009954,0.013947,-0.002142,0.750000,-0.750000,1.250000,3.665191,0.000000,0.000000,0.000000,0.000000,0.007523,-0.002023,0.000495,-0.000902
1777056140.619930,0.756294,-0.749098,1.249047,3.668432,0.020573,-0.010040,0.013743,-0.002129,0.750000,-0.750000,1.250000,3.665191,0.000000,0.000000,0.000000,0.000000,0.007917,-0.002412,0.000497,-0.000798
1777056140.653277,0.756539,-0.749078,1.249044,3.668364,0.020948,-0.010155,0.013557,-0.002109,0.750000,-0.750000,1.250000,3.665191,0.000000,0.000000,0.000000,0.000000,0.007319,-0.002304,0.000523,-0.000765
1777056140.686782,0.756634,-0.749071,1.249054,3.668309,0.021494,-0.010348,0.013371,-0.002045,0.750000,-0.750000,1.250000,3.665191,0.000000,0.000000,0.000000,0.000000,0.005901,-0.001780,0.000523,-0.000784
1777056140.720560,0.756634,-0.749071,1.249054,3.668309,0.021494,-0.010348,0.013371,-0.002045,0.750000,-0.750000,1.250000,3.665191,0.000000,0.000000,0.000000,0.000000,0.004107,-0.001040,0.000541,-0.001042
1777056140.753308,0.757180,-0.749024,1.249014,3.668261,0.021574,-0.010323,0.013121,-0.001963,0.750000,-0.750000,1.250000,3.665191,0.000000,0.000000,0.000000,0.000000,0.005605,-0.001962,0.000642,-0.001065
1777056140.786705,0.757505,-0.748994,1.249081,3.668215,0.021899,-0.010413,0.012973,-0.001872,0.750000,-0.750000,1.250000,3.665191,0.000000,0.000000,0.000000,0.000000,0.005779,-0.002196,0.000528,-0.001092
1777056140.820017,0.757712,-0.748976,1.249091,3.668166,0.022288,-0.010535,0.012765,-0.001801,0.750000,-0.750000,1.250000,3.665191,0.000000,0.000000,0.000000,0.000000,0.005280,-0.002100,0.000527,-0.001100
1777056140.853316,0.757819,-0.748968,1.249087,3.668112,0.022736,-0.010688,0.012545,-0.001751,0.750000,-0.750000,1.250000,3.665191,0.000000,0.000000,0.000000,0.000000,0.004236,-0.001736,0.000554,-0.001082
1777056140.886554,0.758203,-0.748933,1.249077,3.668054,0.022750,-0.010655,0.012368,-0.001757,0.750000,-0.750000,1.250000,3.665191,0.000000,0.000000,0.000000,0.000000,0.004921,-0.002217,0.000593,-0.001043
1777056140.919906,0.758203,-0.748933,1.249077,3.668054,0.022750,-0.010655,0.012368,-0.001757,0.750000,-0.750000,1.250000,3.665191,0.000000,0.000000,0.000000,0.000000,0.003419,-0.001587,0.000611,-0.001259
1777056140.953320,0.758742,-0.748881,1.249060,3.667992,0.022663,-0.010572,0.012152,-0.001744,0.750000,-0.750000,1.250000,3.665191,0.000000,0.000000,0.000000,0.000000,0.005177,-0.002571,0.000667,-0.001180
1777056140.986614,0.758853,-0.748869,1.249105,3.667925,0.023031,-0.010696,0.011988,-0.001728,0.750000,-0.750000,1.250000,3.665191,0.000000,0.000000,0.000000,0.000000,0.004378,-0.002278,0.000596,-0.001080
1777056141.020014,0.759204,-0.748832,1.249148,3.667838,0.023164,-0.010714,0.011801,-0.001743,0.750000,-0.750000,1.250000,3.665191,0.000000,0.000000,0.000000,0.000000,0.005049,-0.002701,0.000525,-0.000893
1777056141.053295,0.759454,-0.748807,1.249130,3.667753,0.023271,-0.010728,0.011594,-0.001804,0.750000,-0.750000,1.250000,3.665191,0.000000,0.000000,0.000000,0.000000,0.005137,-0.002843,0.000580,-0.000725
1777056141.086725,0.759846,-0.748765,1.249115,3.667680,0.023184,-0.010662,0.011408,-0.001846,0.750000,-0.750000,1.250000,3.665191,0.000000,0.000000,0.000000,0.000000,0.006110,-0.003395,0.000630,-0.000615
1777056141.119968,0.760044,-0.748744,1.249132,3.667623,0.023284,-0.010680,0.011261,-0.001831,0.750000,-0.750000,1.250000,3.665191,0.000000,0.000000,0.000000,0.000000,0.005946,-0.003392,0.000614,-0.000582
1777056141.153287,0.760384,-0.748704,1.249143,3.667581,0.023227,-0.010633,0.011099,-0.001770,0.750000,-0.750000,1.250000,3.665191,0.000000,0.000000,0.000000,0.000000,0.006673,-0.003796,0.000612,-0.000612
1777056141.186634,0.760384,-0.748704,1.249143,3.667581,0.023227,-0.010633,0.011099,-0.001770,0.750000,-0.750000,1.250000,3.665191,0.000000,0.000000,0.000000,0.000000,0.005440,-0.003256,0.000628,-0.000823
1777056141.219945,0.760597,-0.748679,1.249165,3.667546,0.023445,-0.010693,0.010858,-0.001657,0.750000,-0.750000,1.250000,3.665191,0.000000,0.000000,0.000000,0.000000,0.005539,-0.003355,0.000601,-0.000862
1777056141.253289,0.760900,-0.748640,1.249184,3.667515,0.023408,-0.010658,0.010690,-0.001574,0.750000,-0.750000,1.250000,3.665191,0.000000,0.000000,0.000000,0.000000,0.006211,-0.003708,0.000580,-0.000908
1777056141.286690,0.761070,-0.748619,1.249185,3.667471,0.023483,-0.010670,0.010511,-0.001538,0.750000,-0.750000,1.250000,3.665191,0.000000,0.000000,0.000000,0.000000,0.006096,-0.003694,0.000593,-0.000891
1777056141.319937,0.761346,-0.748579,1.249196,3.667420,0.023452,-0.010641,0.010322,-0.001508,0.750000,-0.750000,1.250000,3.665191,0.000000,0.000000,0.000000,0.000000,0.006670,-0.003975,0.000589,-0.000842
1777056141.353387,0.761346,-0.748579,1.249196,3.667420,0.023452,-0.010641,0.010322,-0.001508,0.750000,-0.750000,1.250000,3.665191,0.000000,0.000000,0.000000,0.000000,0.005635,-0.003517,0.000604,-0.001018
1777056141.386730,0.761658,-0.748541,1.249181,3.667365,0.023370,-0.010585,0.010113,-0.001496,0.750000,-0.750000,1.250000,3.665191,0.000000,0.000000,0.000000,0.000000,0.006529,-0.003969,0.000652,-0.000933
1777056141.419923,0.761819,-0.748511,1.249223,3.667311,0.023421,-0.010597,0.009960,-0.001475,0.750000,-0.750000,1.250000,3.665191,0.000000,0.000000,0.000000,0.000000,0.006546,-0.003955,0.000583,-0.000856
1777056141.453241,0.761985,-0.748488,1.249212,3.667247,0.023415,-0.010581,0.009783,-0.001516,0.750000,-0.750000,1.250000,3.665191,0.000000,0.000000,0.000000,0.000000,0.006609,-0.003996,0.000622,-0.000736
1777056141.486703,0.762254,-0.748445,1.249230,3.667184,0.023277,-0.010517,0.009651,-0.001561,0.750000,-0.750000,1.250000,3.665191,0.000000,0.000000,0.000000,0.000000,0.007345,-0.004315,0.000601,-0.000621
1777056141.519906,0.762353,-0.748426,1.249256,3.667126,0.023336,-0.010531,0.009497,-0.001552,0.750000,-0.750000,1.250000,3.665191,0.000000,0.000000,0.000000,0.000000,0.007066,-0.004171,0.000564,-0.000536
1777056141.553321,0.762603,-0.748382,1.249255,3.667077,0.023206,-0.010473,0.009325,-0.001532,0.750000,-0.750000,1.250000,3.665191,0.000000,0.000000,0.000000,0.000000,0.007751,-0.004445,0.000582,-0.000493
1777056141.586709,0.762744,-0.748358,1.249275,3.667039,0.023180,-0.010453,0.009185,-0.001490,0.750000,-0.750000,1.250000,3.665191,0.000000,0.000000,0.000000,0.000000,0.007780,-0.004442,0.000557,-0.000494
1777056141.619953,0.762988,-0.748314,1.249272,3.667007,0.023015,-0.010385,0.009040,-0.001443,0.750000,-0.750000,1.250000,3.665191,0.000000,0.000000,0.000000,0.000000,0.008481,-0.004713,0.000577,-0.000524
1777056141.653286,0.763093,-0.748292,1.249279,3.666978,0.023000,-0.010372,0.008894,-0.001384,0.750000,-0.750000,1.250000,3.665191,0.000000,0.000000,0.000000,0.000000,0.008349,-0.004620,0.000578,-0.000559
1777056141.686666,0.763257,-0.748254,1.249310,3.666948,0.022913,-0.010339,0.008763,-0.001327,0.750000,-0.750000,1.250000,3.665191,0.000000,0.000000,0.000000,0.000000,0.008640,-0.004674,0.000531,-0.000584
1777056141.719982,0.763397,-0.748228,1.249306,3.666916,0.022834,-0.010300,0.008619,-0.001301,0.750000,-0.750000,1.250000,3.665191,0.000000,0.000000,0.000000,0.000000,0.008785,-0.004710,0.000553,-0.000591
1777056141.753281,0.763500,-0.748194,1.249327,3.666879,0.022794,-0.010289,0.008461,-0.001261,0.750000,-0.750000,1.250000,3.665191,0.000000,0.000000,0.000000,0.000000,0.008773,-0.004605,0.000524,-0.000574
1777056141.786704,0.763596,-0.748172,1.249322,3.666840,0.022750,-0.010264,0.008289,-0.001238,0.750000,-0.750000,1.250000,3.665191,0.000000,0.000000,0.000000,0.000000,0.008728,-0.004542,0.000548,-0.000548
1777056141.819906,0.763596,-0.748172,1.249322,3.666840,0.022750,-0.010264,0.008289,-0.001238,0.750000,-0.750000,1.250000,3.665191,0.000000,0.000000,0.000000,0.000000,0.008130,-0.004271,0.000562,-0.000693
1777056141.853256,0.763807,-0.748127,1.249331,3.666800,0.022579,-0.010194,0.008117,-0.001208,0.750000,-0.750000,1.250000,3.665191,0.000000,0.000000,0.000000,0.000000,0.008884,-0.004534,0.000558,-0.000647
1777056141.886667,0.763817,-0.748114,1.249351,3.666763,0.022599,-0.010196,0.007972,-0.001183,0.750000,-0.750000,1.250000,3.665191,0.000000,0.000000,0.000000,0.000000,0.008427,-0.004268,0.000532,-0.000612
1777056141.919897,0.763955,-0.748078,1.249363,3.666724,0.022464,-0.010146,0.007850,-0.001185,0.750000,-0.750000,1.250000,3.665191,0.000000,0.000000,0.000000,0.000000,0.008800,-0.004354,0.000520,-0.000571
1777056141.953291,0.763961,-0.748064,1.249389,3.666684,0.022464,-0.010140,0.007705,-0.001165,0.750000,-0.750000,1.250000,3.665191,0.000000,0.000000,0.000000,0.000000,0.008390,-0.004105,0.000481,-0.000520
1777056141.986778,0.764055,-0.748031,1.249389,3.666646,0.022354,-0.010100,0.007544,-0.001145,0.750000,-0.750000,1.250000,3.665191,0.000000,0.000000,0.000000,0.000000,0.008572,-0.004091,0.000493,-0.000486
1777056142.019963,0.764107,-0.748014,1.249410,3.666613,0.022284,-0.010064,0.007412,-0.001118,0.750000,-0.750000,1.250000,3.665191,0.000000,0.000000,0.000000,0.000000,0.008497,-0.004010,0.000463,-0.000466
1777056142.053288,0.764203,-0.747982,1.249410,3.666583,0.022155,-0.010016,0.007272,-0.001092,0.750000,-0.750000,1.250000,3.665191,0.000000,0.000000,0.000000,0.000000,0.008738,-0.004031,0.000475,-0.000464
1777056142.086717,0.764262,-0.747964,1.249406,3.666556,0.022064,-0.009973,0.007137,-0.001067,0.750000,-0.750000,1.250000,3.665191,0.000000,0.000000,0.000000,0.000000,0.008760,-0.003999,0.000496,-0.000468
1777056142.120446,0.764320,-0.747938,1.249422,3.666530,0.021961,-0.009937,0.007032,-0.001045,0.750000,-0.750000,1.250000,3.665191,0.000000,0.000000,0.000000,0.000000,0.008820,-0.003937,0.000477,-0.000473
1777056142.153290,0.764342,-0.747924,1.249432,3.666503,0.021894,-0.009904,0.006915,-0.001023,0.750000,-0.750000,1.250000,3.665191,0.000000,0.000000,0.000000,0.000000,0.008666,-0.003818,0.000470,-0.000472
1777056142.186789,0.764370,-0.747902,1.249433,3.666475,0.021807,-0.009874,0.006792,-0.001009,0.750000,-0.750000,1.250000,3.665191,0.000000,0.000000,0.000000,0.000000,0.008609,-0.003703,0.000480,-0.000464
1777056142.219974,0.764380,-0.747890,1.249454,3.666446,0.021737,-0.009840,0.006692,-0.000997,0.750000,-0.750000,1.250000,3.665191,0.000000,0.000000,0.000000,0.000000,0.008444,-0.003581,0.000448,-0.000450
1777056142.253241,0.764336,-0.747875,1.249475,3.666417,0.021696,-0.009826,0.006567,-0.000972,0.750000,-0.750000,1.250000,3.665191,0.000000,0.000000,0.000000,0.000000,0.008016,-0.003287,0.000417,-0.000431
1777056142.286659,0.764336,-0.747875,1.249475,3.666417,0.021696,-0.009826,0.006567,-0.000972,0.750000,-0.750000,1.250000,3.665191,0.000000,0.000000,0.000000,0.000000,0.007833,-0.003214,0.000426,-0.000541
1777056142.319927,0.764401,-0.747855,1.249464,3.666388,0.021534,-0.009750,0.006396,-0.000943,0.750000,-0.750000,1.250000,3.665191,0.000000,0.000000,0.000000,0.000000,0.008095,-0.003287,0.000459,-0.000513
1777056142.353251,0.764372,-0.747843,1.249486,3.666361,0.021476,-0.009726,0.006298,-0.000930,0.750000,-0.750000,1.250000,3.665191,0.000000,0.000000,0.000000,0.000000,0.007814,-0.003089,0.000426,-0.000492
1777056142.386680,0.764339,-0.747838,1.249499,3.666332,0.021408,-0.009688,0.006181,-0.000917,0.750000,-0.750000,1.250000,3.665191,0.000000,0.000000,0.000000,0.000000,0.007533,-0.002924,0.000409,-0.000462
1777056142.419929,0.764259,-0.747831,1.249513,3.666295,0.021356,-0.009665,0.006040,-0.000909,0.750000,-0.750000,1.250000,3.665191,0.000000,0.000000,0.000000,0.000000,0.007019,-0.002611,0.000393,-0.000398
1777056142.453333,0.764287,-0.747821,1.249520,3.666262,0.021215,-0.009594,0.005924,-0.000915,0.750000,-0.750000,1.250000,3.665191,0.000000,0.000000,0.000000,0.000000,0.007163,-0.002661,0.000388,-0.000347
1777056142.486782,0.764265,-0.747810,1.249522,3.666231,0.021119,-0.009551,0.005807,-0.000912,0.750000,-0.750000,1.250000,3.665191,0.000000,0.000000,0.000000,0.000000,0.007040,-0.002553,0.000393,-0.000313
1777056142.519888,0.764188,-0.747811,1.249536,3.666206,0.021040,-0.009505,0.005672,-0.000879,0.750000,-0.750000,1.250000,3.665191,0.000000,0.000000,0.000000,0.000000,0.006607,-0.002322,0.000377,-0.000301
1777056142.553257,0.764188,-0.747811,1.249536,3.666206,0.021040,-0.009505,0.005672,-0.000879,0.750000,-0.750000,1.250000,3.665191,0.000000,0.000000,0.000000,0.000000,0.006625,-0.002349,0.000386,-0.000400
1777056142.586704,0.764267,-0.747792,1.249522,3.666186,0.020821,-0.009405,0.005531,-0.000846,0.750000,-0.750000,1.250000,3.665191,0.000000,0.000000,0.000000,0.000000,0.007149,-0.002565,0.000425,-0.000400
1777056142.619928,0.764155,-0.747798,1.249546,3.666165,0.020775,-0.009374,0.005426,-0.000812,0.750000,-0.750000,1.250000,3.665191,0.000000,0.000000,0.000000,0.000000,0.006534,-0.002252,0.000386,-0.000397
1777056142.653286,0.764116,-0.747794,1.249542,3.666137,0.020674,-0.009325,0.005310,-0.000817,0.750000,-0.750000,1.250000,3.665191,0.000000,0.000000,0.000000,0.000000,0.006393,-0.002155,0.000405,-0.000355
1777056142.686666,0.764095,-0.747792,1.249555,3.666102,0.020553,-0.009264,0.005221,-0.000842,0.750000,-0.750000,1.250000,3.665191,0.000000,0.000000,0.000000,0.000000,0.006373,-0.002138,0.000388,-0.000285
1777056142.719953,0.764017,-0.747793,1.249562,3.666068,0.020485,-0.009229,0.005123,-0.000863,0.750000,-0.750000,1.250000,3.665191,0.000000,0.000000,0.000000,0.000000,0.006033,-0.001950,0.000385,-0.000219
1777056142.753270,0.763975,-0.747793,1.249564,3.666035,0.020373,-0.009171,0.005021,-0.000875,0.750000,-0.750000,1.250000,3.665191,0.000000,0.000000,0.000000,0.000000,0.005930,-0.001895,0.000392,-0.000165
1777056142.786642,0.763833,-0.747802,1.249591,3.666008,0.020325,-0.009141,0.004929,-0.000856,0.750000,-0.750000,1.250000,3.665191,0.000000,0.000000,0.000000,0.000000,0.005259,-0.001555,0.000345,-0.000133
1777056142.820047,0.763796,-0.747803,1.249596,3.665988,0.020181,-0.009067,0.004822,-0.000825,0.750000,-0.750000,1.250000,3.665191,0.000000,0.000000,0.000000,0.000000,0.005238,-0.001547,0.000344,-0.000136
1777056142.853275,0.763702,-0.747809,1.249596,3.665973,0.020094,-0.009020,0.004714,-0.000783,0.750000,-0.750000,1.250000,3.665191,0.000000,0.000000,0.000000,0.000000,0.004893,-0.001378,0.000353,-0.000160
1777056142.886771,0.763638,-0.747814,1.249615,3.665962,0.019960,-0.008949,0.004624,-0.000735,0.750000,-0.750000,1.250000,3.665191,0.000000,0.000000,0.000000,0.000000,0.004750,-0.001316,0.000325,-0.000194
1777056142.919973,0.763534,-0.747824,1.249621,3.665950,0.019869,-0.008897,0.004522,-0.000693,0.750000,-0.750000,1.250000,3.665191,0.000000,0.000000,0.000000,0.000000,0.004385,-0.001147,0.000322,-0.000223
1777056142.953257,0.763495,-0.747827,1.249619,3.665937,0.019717,-0.008819,0.004421,-0.000663,0.750000,-0.750000,1.250000,3.665191,0.000000,0.000000,0.000000,0.000000,0.004426,-0.001180,0.000333,-0.000239
1777056142.986660,0.763495,-0.747827,1.249619,3.665937,0.019717,-0.008819,0.004421,-0.000663,0.750000,-0.750000,1.250000,3.665191,0.000000,0.000000,0.000000,0.000000,0.004678,-0.001318,0.000342,-0.000313
1777056143.019891,0.763442,-0.747833,1.249623,3.665920,0.019555,-0.008734,0.004315,-0.000639,0.750000,-0.750000,1.250000,3.665191,0.000000,0.000000,0.000000,0.000000,0.004622,-0.001306,0.000344,-0.000305
1777056143.053262,0.763311,-0.747847,1.249642,3.665902,0.019456,-0.008678,0.004226,-0.000622,0.750000,-0.750000,1.250000,3.665191,0.000000,0.000000,0.000000,0.000000,0.004118,-0.001077,0.000313,-0.000287
1777056143.086678,0.763206,-0.747860,1.249641,3.665881,0.019357,-0.008621,0.004128,-0.000619,0.750000,-0.750000,1.250000,3.665191,0.000000,0.000000,0.000000,0.000000,0.003793,-0.000944,0.000324,-0.000259
1777056143.120015,0.763122,-0.747870,1.249659,3.665858,0.019204,-0.008540,0.004044,-0.000613,0.750000,-0.750000,1.250000,3.665191,0.000000,0.000000,0.000000,0.000000,0.003612,-0.000877,0.000294,-0.000225
1777056143.153366,0.763008,-0.747886,1.249663,3.665838,0.019097,-0.008479,0.003951,-0.000609,0.750000,-0.750000,1.250000,3.665191,0.000000,0.000000,0.000000,0.000000,0.003271,-0.000743,0.000295,-0.000197
1777056143.186679,0.762958,-0.747893,1.249662,3.665820,0.018929,-0.008393,0.003858,-0.000599,0.750000,-0.750000,1.250000,3.665191,0.000000,0.000000,0.000000,0.000000,0.003334,-0.000797,0.000305,-0.000184
1777056143.219953,0.762828,-0.747911,1.249677,3.665805,0.018837,-0.008337,0.003784,-0.000580,0.750000,-0.750000,1.250000,3.665191,0.000000,0.000000,0.000000,0.000000,0.002915,-0.000630,0.000282,-0.000183
1777056143.253238,0.762828,-0.747911,1.249677,3.665805,0.018837,-0.008337,0.003784,-0.000580,0.750000,-0.750000,1.250000,3.665191,0.000000,0.000000,0.000000,0.000000,0.003272,-0.000815,0.000289,-0.000246
1777056143.286717,0.762765,-0.747922,1.249682,3.665793,0.018615,-0.008224,0.003677,-0.000550,0.750000,-0.750000,1.250000,3.665191,0.000000,0.000000,0.000000,0.000000,0.003252,-0.000835,0.000287,-0.000247
1777056143.319934,0.762628,-0.747942,1.249684,3.665782,0.018522,-0.008169,0.003591,-0.000525,0.750000,-0.750000,1.250000,3.665191,0.000000,0.000000,0.000000,0.000000,0.002794,-0.000651,0.000289,-0.000253
1777056143.353282,0.762589,-0.747949,1.249693,3.665769,0.018351,-0.008083,0.003525,-0.000512,0.750000,-0.750000,1.250000,3.665191,0.000000,0.000000,0.000000,0.000000,0.002948,-0.000750,0.000278,-0.000251
1777056143.386543,0.762411,-0.747974,1.249706,3.665752,0.018265,-0.008029,0.003444,-0.000504,0.750000,-0.750000,1.250000,3.665191,0.000000,0.000000,0.000000,0.000000,0.002272,-0.000467,0.000260,-0.000226
1777056143.419900,0.762379,-0.747981,1.249702,3.665734,0.018078,-0.007936,0.003362,-0.000508,0.000000,0.000000,1.550000,6.283185,0.000000,0.000000,0.000000,0.000000,0.002499,-0.000603,0.000275,-0.000200
1777056143.453291,0.762239,-0.748003,1.249716,3.665716,0.017983,-0.007879,0.003298,-0.000508,0.000000,0.000000,1.550000,6.283185,0.000000,0.000000,0.000000,0.000000,0.102249,-0.100543,0.100247,0.099820
1777056143.486679,0.762196,-0.748012,1.249718,3.665699,0.017815,-0.007795,0.003230,-0.000513,0.000000,0.000000,1.550000,6.283185,0.000000,0.000000,0.000000,0.000000,0.113849,-0.190488,0.163468,0.154221
1777056143.519958,0.761987,-0.748043,1.249729,3.665684,0.017726,-0.007738,0.003145,-0.000496,0.000000,0.000000,1.550000,6.283185,0.000000,0.000000,0.000000,0.000000,0.124046,-0.271440,0.220352,0.203181
1777056143.553271,0.761924,-0.748055,1.251139,3.671500,0.017512,-0.007635,0.004786,0.014381,0.000000,0.000000,1.550000,6.283185,0.000000,0.000000,0.000000,0.000000,0.132228,-0.344296,0.269403,0.247361
1777056143.586678,0.761924,-0.748055,1.251139,3.671500,0.017512,-0.007635,0.004786,0.014381,0.000000,0.000000,1.550000,6.283185,0.000000,0.000000,0.000000,0.000000,0.139687,-0.409866,0.315405,0.287123
1777056143.619918,0.760861,-0.747500,1.252078,3.682860,0.017885,-0.008664,0.005671,0.036779,0.000000,0.000000,1.550000,6.283185,0.000000,0.000000,0.000000,0.000000,0.143442,-0.468879,0.355369,0.323133
1777056143.653443,0.760166,-0.747173,1.252350,3.698750,0.018003,-0.009216,0.005743,0.067509,0.000000,0.000000,1.550000,6.283185,0.000000,0.000000,0.000000,0.000000,0.143585,-0.521992,0.392159,0.355848
1777056143.686618,0.757738,-0.745251,1.263512,3.718020,0.018767,-0.013177,0.018946,0.118492,0.000000,0.000000,1.550000,6.283185,0.000000,0.000000,0.000000,0.000000,0.140041,-0.569792,0.408292,0.385666
1777056143.719982,0.756414,-0.744221,1.269252,3.741132,0.019014,-0.015172,0.025267,0.175068,0.000000,0.000000,1.550000,6.283185,0.000000,0.000000,0.000000,0.000000,0.132053,-0.612813,0.428660,0.412932
1777056143.753303,0.752458,-0.740768,1.272299,3.767307,0.020251,-0.020807,0.027684,0.233098,0.000000,0.000000,1.550000,6.283185,0.000000,0.000000,0.000000,0.000000,0.120397,-0.651532,0.449944,0.437958
1777056143.786713,0.750150,-0.738799,1.292601,3.796350,0.020459,-0.025321,0.051263,0.283723,0.000000,0.000000,1.550000,6.283185,0.000000,0.000000,0.000000,0.000000,0.103650,-0.686379,0.440325,0.461006
1777056143.820040,0.744767,-0.733730,1.302604,3.826855,0.021568,-0.033795,0.061180,0.346434,0.000000,0.000000,1.550000,6.283185,0.000000,0.000000,0.000000,0.000000,0.084711,-0.717741,0.443361,0.482302
1777056143.853273,0.741842,-0.730987,1.307751,3.859513,0.021887,-0.037968,0.065328,0.413797,0.000000,0.000000,1.550000,6.283185,0.000000,0.000000,0.000000,0.000000,0.060004,-0.745967,0.451767,0.502052
1777056143.886644,0.735135,-0.724372,1.330932,3.894120,0.022589,-0.049689,0.090810,0.479010,0.000000,0.000000,1.550000,6.283185,0.000000,0.000000,0.000000,0.000000,0.034903,-0.771370,0.426886,0.520445
1777056143.919887,0.731354,-0.720662,1.343337,3.930176,0.022651,-0.055615,0.102886,0.543867,0.000000,0.000000,1.550000,6.283185,0.000000,0.000000,0.000000,0.000000,0.003294,-0.794233,0.416942,0.537625
1777056143.953237,0.723255,-0.712290,1.350057,3.967726,0.022519,-0.068022,0.106806,0.604413,0.000000,0.000000,1.550000,6.283185,0.000000,0.000000,0.000000,0.000000,-0.026021,-0.814810,0.414879,0.553741
1777056143.986787,0.718616,-0.707544,1.374028,4.006532,0.022203,-0.075979,0.132324,0.659924,0.000000,0.000000,1.550000,6.283185,0.000000,0.000000,0.000000,0.000000,-0.063011,-0.833329,0.379610,0.568896
1777056144.019954,0.708361,-0.696559,1.388032,4.047308,0.020564,-0.091662,0.142763,0.689226,0.000000,0.000000,1.550000,6.283185,0.000000,0.000000,0.000000,0.000000,-0.093306,-0.849996,0.359470,0.583194
1777056144.053325,0.703309,-0.691093,1.394291,4.087311,0.019245,-0.098245,0.145376,0.739146,0.000000,0.000000,1.550000,6.283185,0.000000,0.000000,0.000000,0.000000,-0.134297,-0.864996,0.352115,0.596708
1777056144.086569,0.700515,-0.688147,1.397538,4.128969,0.018216,-0.100580,0.144586,0.788375,0.000000,0.000000,1.550000,6.283185,0.000000,0.000000,0.000000,0.000000,-0.182216,-0.878497,0.349576,0.609563
1777056144.119920,0.700515,-0.688147,1.397538,4.128969,0.018216,-0.100580,0.144586,0.788375,0.000000,0.000000,1.550000,6.283185,0.000000,0.000000,0.000000,0.000000,-0.230041,-0.890647,0.352602,0.621136
1777056144.153246,0.688197,-0.674147,1.423604,4.172233,0.014173,-0.120182,0.169088,0.819786,0.000000,0.000000,1.550000,6.283185,0.000000,0.000000,0.000000,0.000000,-0.253315,-0.901582,0.305155,0.632200
1777056144.186590,0.675056,-0.659011,1.431931,4.215861,0.007880,-0.138835,0.171114,0.843340,0.000000,0.000000,1.550000,6.283185,0.000000,0.000000,0.000000,0.000000,-0.274595,-0.911424,0.289525,0.642779
1777056144.219939,0.668391,-0.651212,1.451510,4.259123,0.004885,-0.147983,0.189072,0.887961,0.000000,0.000000,1.550000,6.283185,0.000000,0.000000,0.000000,0.000000,-0.312890,-0.920282,0.250810,0.652978
1777056144.253272,0.654882,-0.634927,1.462093,4.304183,-0.003576,-0.166892,0.194168,0.922804,0.000000,0.000000,1.550000,6.283185,0.000000,0.000000,0.000000,0.000000,-0.330801,-0.928253,0.228277,0.662887
1777056144.286577,0.646864,-0.625629,1.467996,4.350283,-0.008791,-0.174628,0.193117,0.939867,0.000000,0.000000,1.550000,6.283185,0.000000,0.000000,0.000000,0.000000,-0.366911,-0.935428,0.214472,0.672426
1777056144.319912,0.632582,-0.608044,1.482675,4.395429,-0.019621,-0.193994,0.203637,0.980051,0.000000,0.000000,1.550000,6.283185,0.000000,0.000000,0.000000,0.000000,-0.379188,-0.926296,0.182681,0.681721
1777056144.353354,0.625059,-0.598944,1.489863,4.441444,-0.025499,-0.201640,0.206120,1.034326,0.000000,0.000000,1.550000,6.283185,0.000000,0.000000,0.000000,0.000000,-0.415223,-0.933667,0.165108,0.690756
1777056144.386648,0.609517,-0.580104,1.493781,4.488782,-0.039367,-0.220400,0.203676,1.082675,0.000000,0.000000,1.550000,6.283185,0.000000,0.000000,0.000000,0.000000,-0.420225,-0.906615,0.153993,0.699614
1777056144.419941,0.600189,-0.569206,1.504253,4.537071,-0.047040,-0.228776,0.209525,1.116429,0.000000,0.000000,1.550000,6.283185,0.000000,0.000000,0.000000,0.000000,-0.449301,-0.894898,0.129560,0.708253
1777056144.453314,0.581623,-0.547194,1.510158,4.586102,-0.065016,-0.248201,0.208269,1.132621,0.000000,0.000000,1.550000,6.283185,0.000000,0.000000,0.000000,0.000000,-0.438547,-0.847467,0.114019,0.716682
1777056144.486563,0.581623,-0.547194,1.510158,4.586102,-0.065016,-0.248201,0.208269,1.132621,0.000000,0.000000,1.550000,6.283185,0.000000,0.000000,0.000000,0.000000,-0.494692,-0.858951,0.110453,0.724324
1777056144.519919,0.568584,-0.531852,1.513293,4.635603,-0.077147,-0.257365,0.203511,1.135974,0.000000,0.000000,1.550000,6.283185,0.000000,0.000000,0.000000,0.000000,-0.499082,-0.823778,0.100927,0.731732
1777056144.553299,0.546253,-0.506782,1.522141,4.733256,-0.098230,-0.272780,0.201960,1.176456,0.000000,0.000000,1.550000,6.283185,0.000000,0.000000,0.000000,0.000000,-0.467729,-0.755545,0.079884,0.739590
1777056144.586672,0.524294,-0.480173,1.523659,4.783712,-0.124545,-0.292209,0.198172,1.220572,0.000000,0.000000,1.550000,6.283185,0.000000,0.000000,0.000000,0.000000,-0.424551,-0.685899,0.073560,0.747411
1777056144.619971,0.512651,-0.466829,1.527961,4.834226,-0.137073,-0.298289,0.198303,1.268874,0.000000,0.000000,1.550000,6.283185,0.000000,0.000000,0.000000,0.000000,-0.432919,-0.642029,0.061772,0.755097
1777056144.653283,0.490026,-0.441523,1.530655,4.886557,-0.163829,-0.313116,0.195514,1.288283,0.000000,0.000000,1.550000,6.283185,0.000000,0.000000,0.000000,0.000000,-0.383851,-0.568188,0.053326,0.762594
1777056144.686614,0.477369,-0.427724,1.531885,4.938473,-0.177076,-0.315989,0.190703,1.304917,0.000000,0.000000,1.550000,6.283185,0.000000,0.000000,0.000000,0.000000,-0.383336,-0.518313,0.048055,0.769878
1777056144.719927,0.477369,-0.427724,1.531885,4.938473,-0.177076,-0.315989,0.190703,1.304917,0.000000,0.000000,1.550000,6.283185,0.000000,0.000000,0.000000,0.000000,-0.441790,-0.501485,0.045495,0.776857
1777056144.753291,0.455453,-0.401999,1.533893,4.991133,-0.205147,-0.325298,0.187212,1.312982,0.000000,0.000000,1.550000,6.283185,0.000000,0.000000,0.000000,0.000000,-0.374784,-0.433733,0.039136,0.783158
1777056144.787015,0.441502,-0.387939,1.535897,5.044602,-0.217829,-0.324629,0.182078,1.303287,0.000000,0.000000,1.550000,6.283185,0.000000,0.000000,0.000000,0.000000,-0.359696,-0.380730,0.032949,0.789162
1777056144.819972,0.418625,-0.361796,1.536447,5.097678,-0.246684,-0.329260,0.176182,1.298374,0.000000,0.000000,1.550000,6.283185,0.000000,0.000000,0.000000,0.000000,-0.280192,-0.314665,0.029895,0.794799
1777056144.853254,0.408388,-0.349620,1.537310,5.149924,-0.257779,-0.326240,0.171731,1.328204,0.000000,0.000000,1.550000,6.283185,0.000000,0.000000,0.000000,0.000000,-0.272298,-0.273441,0.026421,0.800150
1777056144.886619,0.388835,-0.326332,1.537605,5.203298,-0.284825,-0.328302,0.167370,1.371257,0.000000,0.000000,1.550000,6.283185,0.000000,0.000000,0.000000,0.000000,-0.200416,-0.220764,0.024282,0.805033
1777056144.919919,0.377451,-0.313523,1.537897,5.257818,-0.297066,-0.324608,0.162205,1.406774,0.000000,0.000000,1.550000,6.283185,0.000000,0.000000,0.000000,0.000000,-0.182547,-0.178608,0.022356,0.809280
1777056144.953387,0.356145,-0.288858,1.538804,5.313357,-0.325204,-0.322207,0.156403,1.418636,0.000000,0.000000,1.550000,6.283185,0.000000,0.000000,0.000000,0.000000,-0.093362,-0.130893,0.019366,0.812570
1777056144.986621,0.345882,-0.276336,1.538849,5.367213,-0.336382,-0.316133,0.151026,1.458123,0.000000,0.000000,1.550000,6.283185,0.000000,0.000000,0.000000,0.000000,-0.074636,-0.096196,0.018267,0.814875
1777056145.020056,0.326825,-0.253081,1.538896,5.422642,-0.362458,-0.310204,0.144839,1.488239,0.000000,0.000000,1.550000,6.283185,0.000000,0.000000,0.000000,0.000000,0.010467,-0.063267,0.017348,0.815514
1777056145.053277,0.314147,-0.239173,1.539491,5.479409,-0.372854,-0.300499,0.139153,1.481908,0.000000,0.000000,1.550000,6.283185,0.000000,0.000000,0.000000,0.000000,0.045576,-0.029606,0.015468,0.813608
1777056145.086637,0.295882,-0.215567,1.539679,5.534313,-0.396747,-0.288894,0.132379,1.488980,0.000000,0.000000,1.550000,6.283185,0.000000,0.000000,0.000000,0.000000,0.133882,-0.012880,0.014539,0.809062
1777056145.120188,0.286274,-0.203264,1.539689,5.589272,-0.404264,-0.277779,0.126423,1.502932,0.000000,0.000000,1.550000,6.283185,0.000000,0.000000,0.000000,0.000000,0.156089,0.008561,0.014098,0.800701
1777056145.153367,0.270576,-0.181460,1.539748,5.643571,-0.424736,-0.263807,0.120460,1.529927,0.000000,0.000000,1.550000,6.283185,0.000000,0.000000,0.000000,0.000000,0.231956,0.010735,0.013683,0.787539
1777056145.186615,0.261161,-0.169315,1.540007,5.698334,-0.430996,-0.251450,0.115050,1.541902,0.000000,0.000000,1.550000,6.283185,0.000000,0.000000,0.000000,0.000000,0.255298,0.025492,0.012958,0.767623
1777056145.220105,0.246134,-0.147694,1.539877,5.751644,-0.448482,-0.233962,0.108858,1.551650,0.000000,0.000000,1.550000,6.283185,0.000000,0.000000,0.000000,0.000000,0.328659,0.014073,0.013117,0.740264
1777056145.253276,0.237685,-0.135839,1.540260,5.803745,-0.452381,-0.220110,0.104031,1.553680,0.000000,0.000000,1.550000,6.283185,0.000000,0.000000,0.000000,0.000000,0.348010,0.020206,0.012311,0.703895
1777056145.286578,0.223823,-0.114620,1.540304,5.853955,-0.465915,-0.199605,0.098174,1.544179,0.000000,0.000000,1.550000,6.283185,0.000000,0.000000,0.000000,0.000000,0.413209,-0.004681,0.012258,0.657806
1777056145.320014,0.216226,-0.103060,1.540454,5.901405,-0.466718,-0.184470,0.093254,1.525382,0.000000,0.000000,1.550000,6.283185,0.000000,0.000000,0.000000,0.000000,0.427882,-0.006404,0.012050,0.602811
1777056145.353354,0.203995,-0.082439,1.540696,5.945466,-0.475538,-0.161821,0.088039,1.494476,0.000000,0.000000,1.550000,6.283185,0.000000,0.000000,0.000000,0.000000,0.482284,-0.043364,0.011706,0.540705
1777056145.386800,0.197396,-0.071292,1.540953,5.985261,-0.472927,-0.146093,0.083623,1.452102,0.000000,0.000000,1.550000,6.283185,0.000000,0.000000,0.000000,0.000000,0.490419,-0.052045,0.011361,0.475598
1777056145.419955,0.188063,-0.052175,1.540713,6.019542,-0.477504,-0.123708,0.078994,1.411400,0.000000,0.000000,1.550000,6.283185,0.000000,0.000000,0.000000,0.000000,0.524410,-0.096481,0.012063,0.414210
1777056145.453319,0.182607,-0.041638,1.541152,6.049175,-0.473282,-0.108882,0.075693,1.355267,0.000000,0.000000,1.550000,6.283185,0.000000,0.000000,0.000000,0.000000,0.525444,-0.110295,0.011414,0.358345
1777056145.486775,0.175079,-0.023809,1.541035,6.072910,-0.474910,-0.087497,0.072205,1.297515,0.000000,0.000000,1.550000,6.283185,0.000000,0.000000,0.000000,0.000000,0.546553,-0.158569,0.011897,0.315408
1777056145.519978,0.169468,-0.013191,1.541248,6.092747,-0.468478,-0.072773,0.068847,1.219009,0.000000,0.000000,1.550000,6.283185,0.000000,0.000000,0.000000,0.000000,0.549088,-0.178306,0.011737,0.281611
1777056145.553253,0.169468,-0.013191,1.541248,6.092747,-0.468478,-0.072773,0.068847,1.219009,0.000000,0.000000,1.550000,6.283185,0.000000,0.000000,0.000000,0.000000,0.511854,-0.156979,0.011970,0.314979
1777056145.586604,0.163845,0.005162,1.541097,6.107957,-0.464016,-0.049865,0.065597,1.136806,0.000000,0.000000,1.550000,6.283185,0.000000,0.000000,0.000000,0.000000,0.524962,-0.218202,0.012532,0.291186
1777056145.619945,0.159931,0.014036,1.541393,6.120025,-0.457175,-0.038124,0.063286,1.059755,0.000000,0.000000,1.550000,6.283185,0.000000,0.000000,0.000000,0.000000,0.520227,-0.238450,0.012198,0.276870
1777056145.653280,0.154777,0.029460,1.541303,6.131610,-0.453751,-0.019681,0.061074,0.991108,0.000000,0.000000,1.550000,6.283185,0.000000,0.000000,0.000000,0.000000,0.528253,-0.290485,0.012638,0.262508
1777056145.686677,0.150668,0.038956,1.541718,6.146215,-0.444419,-0.007604,0.058729,0.928771,0.000000,0.000000,1.550000,6.283185,0.000000,0.000000,0.000000,0.000000,0.525228,-0.316896,0.012058,0.234539
1777056145.719920,0.145825,0.054769,1.542028,6.159640,-0.437069,0.011004,0.056382,0.869563,0.000000,0.000000,1.550000,6.283185,0.000000,0.000000,0.000000,0.000000,0.530194,-0.374239,0.011670,0.209772
1777056145.753275,0.144395,0.062733,1.541975,6.171775,-0.426992,0.020742,0.054248,0.818687,0.000000,0.000000,1.550000,6.283185,0.000000,0.000000,0.000000,0.000000,0.509732,-0.397849,0.012008,0.189017
1777056145.786690,0.141049,0.076118,1.542479,6.182395,-0.419049,0.036068,0.052978,0.766328,0.000000,0.000000,1.550000,6.283185,0.000000,0.000000,0.000000,0.000000,0.504261,-0.447004,0.011207,0.173320
1777056145.819948,0.139399,0.083475,1.542686,6.191282,-0.408232,0.044461,0.051078,0.714069,0.000000,0.000000,1.550000,6.283185,0.000000,0.000000,0.000000,0.000000,0.485718,-0.469379,0.010983,0.163641
1777056145.853271,0.136934,0.095347,1.542771,6.198933,-0.398333,0.057528,0.049370,0.662614,0.000000,0.000000,1.550000,6.283185,0.000000,0.000000,0.000000,0.000000,0.474555,-0.513604,0.011001,0.157787
1777056145.886721,0.136475,0.101382,1.543104,6.205667,-0.387510,0.063916,0.048185,0.616589,0.000000,0.000000,1.550000,6.283185,0.000000,0.000000,0.000000,0.000000,0.449307,-0.531754,0.010500,0.154462
1777056145.919926,0.135158,0.110872,1.543226,6.212319,-0.377822,0.073914,0.046939,0.574371,0.000000,0.000000,1.550000,6.283185,0.000000,0.000000,0.000000,0.000000,0.431482,-0.566484,0.010410,0.150053
1777056145.953293,0.134064,0.116470,1.543298,6.219146,-0.365857,0.079133,0.045033,0.534237,0.000000,0.000000,1.550000,6.283185,0.000000,0.000000,0.000000,0.000000,0.411409,-0.583234,0.010425,0.143490
1777056145.986718,0.134064,0.116470,1.543298,6.219146,-0.365857,0.079133,0.045033,0.534237,0.000000,0.000000,1.550000,6.283185,0.000000,0.000000,0.000000,0.000000,0.385479,-0.574798,0.010566,0.166155
1777056146.019943,0.134406,0.124573,1.543513,6.226068,-0.352024,0.087025,0.043518,0.497309,0.000000,0.000000,1.550000,6.283185,0.000000,0.000000,0.000000,0.000000,0.360148,-0.605134,0.010274,0.155709
1777056146.053262,0.133114,0.128904,1.543813,6.233627,-0.339725,0.090216,0.041620,0.465308,0.000000,0.000000,1.550000,6.283185,0.000000,0.000000,0.000000,0.000000,0.344269,-0.617099,0.009806,0.141619
1777056146.086586,0.133507,0.134268,1.543764,6.242493,-0.328949,0.094986,0.040037,0.445479,0.000000,0.000000,1.550000,6.283185,0.000000,0.000000,0.000000,0.000000,0.318434,-0.634546,0.010038,0.121291
1777056146.119928,0.133724,0.137201,1.544131,6.251100,-0.318353,0.096822,0.038832,0.426651,0.000000,0.000000,1.550000,6.283185,0.000000,0.000000,0.000000,0.000000,0.293920,-0.640455,0.009427,0.102070
1777056146.153271,0.133897,0.141030,1.544293,6.258760,-0.308259,0.099643,0.037490,0.407324,0.000000,0.000000,1.550000,6.283185,0.000000,0.000000,0.000000,0.000000,0.270483,-0.650678,0.009217,0.087042
1777056146.186584,0.134094,0.143140,1.544377,6.264995,-0.298138,0.100419,0.035873,0.385341,0.000000,0.000000,1.550000,6.283185,0.000000,0.000000,0.000000,0.000000,0.247405,-0.652895,0.009166,0.078124
1777056146.220008,0.134411,0.145335,1.544774,6.269671,-0.288177,0.101221,0.034749,0.360966,0.000000,0.000000,1.550000,6.283185,0.000000,0.000000,0.000000,0.000000,0.224356,-0.655722,0.008471,0.075610
1777056146.253290,0.134105,0.146849,1.545026,6.273361,-0.276720,0.100734,0.032926,0.333754,0.000000,0.000000,1.550000,6.283185,0.000000,0.000000,0.000000,0.000000,0.205627,-0.655409,0.008061,0.076454
1777056146.286682,0.134923,0.147292,1.545041,6.276349,-0.266126,0.099398,0.031143,0.308915,0.000000,0.000000,1.550000,6.283185,0.000000,0.000000,0.000000,0.000000,0.180511,-0.650314,0.008135,0.079316
1777056146.319916,0.135621,0.147441,1.545390,6.279466,-0.256525,0.097822,0.029904,0.287531,0.000000,0.000000,1.550000,6.283185,0.000000,0.000000,0.000000,0.000000,0.157064,-0.644022,0.007531,0.080418
1777056146.353351,0.136206,0.146447,1.545555,6.282988,-0.247255,0.094977,0.028381,0.269518,0.000000,0.000000,1.550000,6.283185,0.000000,0.000000,0.000000,0.000000,0.135136,-0.632479,0.007289,0.078663
1777056146.386676,0.136689,0.145834,1.545602,6.286953,-0.238424,0.092632,0.026822,0.254804,0.000000,0.000000,1.550000,6.283185,0.000000,0.000000,0.000000,0.000000,0.114591,-0.622871,0.007291,0.074131
1777056146.419924,0.137203,0.143471,1.545926,6.291151,-0.229967,0.088375,0.025553,0.242619,0.000000,0.000000,1.550000,6.283185,0.000000,0.000000,0.000000,0.000000,0.094618,-0.605099,0.006732,0.067987
1777056146.453338,0.137558,0.142097,1.546086,6.295335,-0.221708,0.085290,0.024161,0.231295,0.000000,0.000000,1.550000,6.283185,0.000000,0.000000,0.000000,0.000000,0.076254,-0.592136,0.006493,0.061475
1777056146.486607,0.137698,0.138493,1.546162,6.299249,-0.213277,0.079626,0.022446,0.219330,0.000000,0.000000,1.550000,6.283185,0.000000,0.000000,0.000000,0.000000,0.059890,-0.568734,0.006435,0.055755
1777056146.519938,0.137699,0.136420,1.546510,6.302735,-0.204056,0.075594,0.021021,0.206066,0.000000,0.000000,1.550000,6.283185,0.000000,0.000000,0.000000,0.000000,0.044604,-0.552705,0.005822,0.051455
1777056146.553274,0.138170,0.131558,1.546621,6.305591,-0.196092,0.068783,0.019476,0.193936,0.000000,0.000000,1.550000,6.283185,0.000000,0.000000,0.000000,0.000000,0.027212,-0.523581,0.005683,0.049477
1777056146.586623,0.138170,0.131558,1.546621,6.305591,-0.196092,0.068783,0.019476,0.193936,0.000000,0.000000,1.550000,6.283185,0.000000,0.000000,0.000000,0.000000,0.013827,-0.518160,0.005756,0.060039
1777056146.619907,0.138841,0.127818,1.546673,6.308256,-0.186243,0.063157,0.017638,0.180804,0.000000,0.000000,1.550000,6.283185,0.000000,0.000000,0.000000,0.000000,-0.003188,-0.495021,0.005740,0.057146
1777056146.653256,0.138481,0.122682,1.546947,6.310549,-0.179032,0.056194,0.016344,0.168940,0.000000,0.000000,1.550000,6.283185,0.000000,0.000000,0.000000,0.000000,-0.013192,-0.465569,0.005277,0.055385
1777056146.686652,0.138615,0.119730,1.547055,6.313093,-0.171818,0.051923,0.015084,0.159318,0.000000,0.000000,1.550000,6.283185,0.000000,0.000000,0.000000,0.000000,-0.026289,-0.446581,0.005143,0.051961
1777056146.719925,0.138303,0.113411,1.547086,6.315884,-0.165232,0.043950,0.013599,0.151157,0.000000,0.000000,1.550000,6.283185,0.000000,0.000000,0.000000,0.000000,-0.035770,-0.411824,0.005170,0.047000
1777056146.753324,0.138441,0.109924,1.547315,6.318559,-0.158916,0.039419,0.012643,0.144288,0.000000,0.000000,1.550000,6.283185,0.000000,0.000000,0.000000,0.000000,-0.048130,-0.390642,0.004795,0.042288
1777056146.786680,0.137583,0.102772,1.547453,6.321227,-0.152704,0.030797,0.011312,0.136614,0.000000,0.000000,1.550000,6.283185,0.000000,0.000000,0.000000,0.000000,-0.053433,-0.352412,0.004600,0.037273
1777056146.819942,0.137610,0.098914,1.547476,6.323519,-0.146742,0.026156,0.010196,0.129865,0.000000,0.000000,1.550000,6.283185,0.000000,0.000000,0.000000,0.000000,-0.064591,-0.329898,0.004639,0.033692
1777056146.853258,0.136674,0.091382,1.547701,6.325563,-0.141678,0.017502,0.009216,0.122554,0.000000,0.000000,1.550000,6.283185,0.000000,0.000000,0.000000,0.000000,-0.068718,-0.290342,0.004267,0.030864
1777056146.886715,0.136408,0.087254,1.547803,6.327204,-0.136343,0.012882,0.008317,0.115229,0.000000,0.000000,1.550000,6.283185,0.000000,0.000000,0.000000,0.000000,-0.077492,-0.267130,0.004136,0.029471
1777056146.920001,0.134954,0.079243,1.547847,6.328700,-0.131486,0.004088,0.007187,0.107410,0.000000,0.000000,1.550000,6.283185,0.000000,0.000000,0.000000,0.000000,-0.077889,-0.225990,0.004124,0.028225
1777056146.953312,0.134605,0.075027,1.548039,6.329945,-0.126401,-0.000292,0.006506,0.100314,0.000000,0.000000,1.550000,6.283185,0.000000,0.000000,0.000000,0.000000,-0.085890,-0.202965,0.003809,0.027672
1777056146.986822,0.133254,0.067439,1.548122,6.331190,-0.122936,-0.008329,0.005769,0.094047,0.000000,0.000000,1.550000,6.283185,0.000000,0.000000,0.000000,0.000000,-0.086569,-0.164404,0.003707,0.026672
1777056147.019936,0.132482,0.063121,1.548160,6.332457,-0.118392,-0.012469,0.004976,0.088224,0.000000,0.000000,1.550000,6.283185,0.000000,0.000000,0.000000,0.000000,-0.091523,-0.141630,0.003696,0.025177
1777056147.053281,0.130927,0.055786,1.548323,6.333680,-0.115753,-0.019970,0.004524,0.083387,0.000000,0.000000,1.550000,6.283185,0.000000,0.000000,0.000000,0.000000,-0.090607,-0.104930,0.003426,0.023556
1777056147.086776,0.130183,0.051742,1.548399,6.334897,-0.112423,-0.023694,0.004014,0.079310,0.000000,0.000000,1.550000,6.283185,0.000000,0.000000,0.000000,0.000000,-0.095366,-0.084014,0.003324,0.021694
1777056147.119939,0.128103,0.044552,1.548435,6.336102,-0.110372,-0.030715,0.003466,0.075168,0.000000,0.000000,1.550000,6.283185,0.000000,0.000000,0.000000,0.000000,-0.090774,-0.048753,0.003302,0.019608
1777056147.153278,0.126921,0.040322,1.548594,6.337198,-0.106900,-0.034195,0.003013,0.070887,0.000000,0.000000,1.550000,6.283185,0.000000,0.000000,0.000000,0.000000,-0.092604,-0.027691,0.003027,0.017750
1777056147.186728,0.124585,0.033320,1.548668,6.338155,-0.104991,-0.040639,0.002545,0.066618,0.000000,0.000000,1.550000,6.283185,0.000000,0.000000,0.000000,0.000000,-0.086383,0.005962,0.002916,0.016233
1777056147.219946,0.123192,0.029198,1.548698,6.339008,-0.101241,-0.043510,0.001894,0.062162,0.000000,0.000000,1.550000,6.283185,0.000000,0.000000,0.000000,0.000000,-0.087013,0.025769,0.002894,0.014873
1777056147.253280,0.120668,0.022637,1.548839,6.339706,-0.099341,-0.049061,0.001526,0.057855,0.000000,0.000000,1.550000,6.283185,0.000000,0.000000,0.000000,0.000000,-0.079853,0.056552,0.002647,0.013905
1777056147.286730,0.119544,0.019262,1.548899,6.340304,-0.096380,-0.051191,0.001085,0.053944,0.000000,0.000000,1.550000,6.283185,0.000000,0.000000,0.000000,0.000000,-0.082403,0.072264,0.002557,0.013122
1777056147.319979,0.116942,0.013569,1.548922,6.340875,-0.095195,-0.055741,0.000683,0.050292,0.000000,0.000000,1.550000,6.283185,0.000000,0.000000,0.000000,0.000000,-0.074837,0.098279,0.002542,0.012187
1777056147.353278,0.115603,0.010447,1.549038,6.341395,-0.092673,-0.057442,0.000365,0.046930,0.000000,0.000000,1.550000,6.283185,0.000000,0.000000,0.000000,0.000000,-0.076000,0.112164,0.002335,0.011251
1777056147.386676,0.112790,0.005331,1.549092,6.341907,-0.091826,-0.061172,0.000033,0.043804,0.000000,0.000000,1.550000,6.283185,0.000000,0.000000,0.000000,0.000000,-0.067169,0.134807,0.002249,0.010122
1777056147.419915,0.111278,0.002465,1.549114,6.342368,-0.089437,-0.062371,-0.000398,0.040846,0.000000,0.000000,1.550000,6.283185,0.000000,0.000000,0.000000,0.000000,-0.067309,0.146893,0.002229,0.009023
1777056147.453282,0.108408,-0.001918,1.549219,6.342774,-0.088903,-0.065226,-0.000632,0.038063,0.000000,0.000000,1.550000,6.283185,0.000000,0.000000,0.000000,0.000000,-0.058286,0.165515,0.002040,0.007973
1777056147.486708,0.106693,-0.004540,1.549267,6.343143,-0.086503,-0.065869,-0.001050,0.035317,0.000000,0.000000,1.550000,6.283185,0.000000,0.000000,0.000000,0.000000,-0.057254,0.175868,0.001962,0.006888
1777056147.519955,0.105671,-0.006126,1.549280,6.343448,-0.082628,-0.065014,-0.001619,0.032539,0.000000,0.000000,1.550000,6.283185,0.000000,0.000000,0.000000,0.000000,-0.060897,0.181187,0.001960,0.005853
1777056147.553246,0.105671,-0.006126,1.549280,6.343448,-0.082628,-0.065014,-0.001619,0.032539,0.000000,0.000000,1.550000,6.283185,0.000000,0.000000,0.000000,0.000000,-0.070640,0.179490,0.001980,0.006209
1777056147.586603,0.102479,-0.010072,1.549379,6.343651,-0.081717,-0.066778,-0.001934,0.029813,0.000000,0.000000,1.550000,6.283185,0.000000,0.000000,0.000000,0.000000,-0.058722,0.195186,0.001800,0.005394
1777056147.620028,0.099165,-0.013295,1.549413,6.343799,-0.081471,-0.067970,-0.002272,0.027263,0.000000,0.000000,1.550000,6.283185,0.000000,0.000000,0.000000,0.000000,-0.046565,0.207174,0.001748,0.004649
1777056147.653301,0.097399,-0.015043,1.549426,6.343923,-0.079518,-0.067631,-0.002658,0.024910,0.000000,0.000000,1.550000,6.283185,0.000000,0.000000,0.000000,0.000000,-0.044966,0.212517,0.001742,0.003851
1777056147.686666,0.094005,-0.017616,1.549507,6.344090,-0.079325,-0.068008,-0.002927,0.022896,0.000000,0.000000,1.550000,6.283185,0.000000,0.000000,0.000000,0.000000,-0.032732,0.220986,0.001597,0.002696
1777056147.719966,0.092021,-0.019149,1.549543,6.344224,-0.076911,-0.066976,-0.003353,0.020945,0.000000,0.000000,1.550000,6.283185,0.000000,0.000000,0.000000,0.000000,-0.030170,0.224795,0.001542,0.001528
1777056147.753252,0.088810,-0.020851,1.549567,6.344256,-0.076843,-0.066559,-0.003673,0.018949,0.000000,0.000000,1.550000,6.283185,0.000000,0.000000,0.000000,0.000000,-0.019649,0.228814,0.001514,0.000704
1777056147.786618,0.086822,-0.021981,1.549640,6.344255,-0.074506,-0.065102,-0.004039,0.017050,0.000000,0.000000,1.550000,6.283185,0.000000,0.000000,0.000000,0.000000,-0.017416,0.230382,0.001384,-0.000135
1777056147.819901,0.083297,-0.023260,1.549672,6.344152,-0.073801,-0.063641,-0.004461,0.015097,0.000000,0.000000,1.550000,6.283185,0.000000,0.000000,0.000000,0.000000,-0.005325,0.231855,0.001339,-0.000685
1777056147.853356,0.081778,-0.023676,1.549695,6.343969,-0.071813,-0.061939,-0.004790,0.013030,0.000000,0.000000,1.550000,6.283185,0.000000,0.000000,0.000000,0.000000,-0.006563,0.229931,0.001313,-0.000996
1777056147.886637,0.078821,-0.024088,1.549760,6.343754,-0.071810,-0.060340,-0.005029,0.011014,0.000000,0.000000,1.550000,6.283185,0.000000,0.000000,0.000000,0.000000,0.001714,0.227397,0.001200,-0.001282
1777056147.920002,0.077074,-0.024378,1.549788,6.343533,-0.070104,-0.058531,-0.005332,0.009246,0.000000,0.000000,1.550000,6.283185,0.000000,0.000000,0.000000,0.000000,0.002087,0.224716,0.001162,-0.001652
1777056147.953300,0.074047,-0.024346,1.549798,6.343289,-0.070076,-0.056424,-0.005631,0.007541,0.000000,0.000000,1.550000,6.283185,0.000000,0.000000,0.000000,0.000000,0.010810,0.219970,0.001159,-0.002019
1777056147.986686,0.072359,-0.024304,1.549853,6.343043,-0.068511,-0.054424,-0.005862,0.006011,0.000000,0.000000,1.550000,6.283185,0.000000,0.000000,0.000000,0.000000,0.010815,0.215706,0.001067,-0.002470
1777056148.019898,0.069119,-0.023896,1.549866,6.342792,-0.068092,-0.051625,-0.006192,0.004741,0.000000,0.000000,1.550000,6.283185,0.000000,0.000000,0.000000,0.000000,0.020843,0.209006,0.001057,-0.003009
1777056148.053351,0.067548,-0.023529,1.549885,6.342500,-0.066328,-0.049323,-0.006455,0.003375,0.000000,0.000000,1.550000,6.283185,0.000000,0.000000,0.000000,0.000000,0.019971,0.203177,0.001039,-0.003434
1777056148.086767,0.064432,-0.022641,1.549922,6.342201,-0.065651,-0.046052,-0.006743,0.002276,0.000000,0.000000,1.550000,6.283185,0.000000,0.000000,0.000000,0.000000,0.029079,0.194192,0.000984,-0.003943
1777056148.119928,0.063009,-0.022015,1.549957,6.341847,-0.063837,-0.043629,-0.006958,0.000955,0.000000,0.000000,1.550000,6.283185,0.000000,0.000000,0.000000,0.000000,0.027217,0.187166,0.000931,-0.004263
1777056148.153291,0.060338,-0.020713,1.549966,6.341481,-0.063463,-0.040432,-0.007204,-0.000281,0.000000,0.000000,1.550000,6.283185,0.000000,0.000000,0.000000,0.000000,0.033537,0.176465,0.000930,-0.004596
1777056148.186624,0.058826,-0.019965,1.550009,6.341090,-0.061667,-0.037933,-0.007390,-0.001409,0.000000,0.000000,1.550000,6.283185,0.000000,0.000000,0.000000,0.000000,0.032473,0.168913,0.000860,-0.004884
1777056148.219942,0.056322,-0.018373,1.550032,6.340674,-0.061320,-0.034626,-0.007581,-0.002630,0.000000,0.000000,1.550000,6.283185,0.000000,0.000000,0.000000,0.000000,0.037888,0.157007,0.000828,-0.005113
1777056148.253338,0.054864,-0.017460,1.550039,6.340252,-0.059616,-0.032129,-0.007780,-0.003644,0.000000,0.000000,1.550000,6.283185,0.000000,0.000000,0.000000,0.000000,0.036712,0.148826,0.000831,-0.005375
1777056148.286679,0.052349,-0.015643,1.550073,6.339813,-0.059032,-0.028584,-0.007948,-0.004582,0.000000,0.000000,1.550000,6.283185,0.000000,0.000000,0.000000,0.000000,0.042389,0.135976,0.000777,-0.005617
1777056148.319956,0.051034,-0.014581,1.550096,6.339362,-0.057340,-0.026123,-0.008094,-0.005534,0.000000,0.000000,1.550000,6.283185,0.000000,0.000000,0.000000,0.000000,0.040479,0.127290,0.000744,-0.005849
1777056148.353417,0.048675,-0.012608,1.550100,6.338904,-0.056673,-0.022578,-0.008271,-0.006347,0.000000,0.000000,1.550000,6.283185,0.000000,0.000000,0.000000,0.000000,0.045376,0.113921,0.000751,-0.006095
1777056148.386675,0.047477,-0.011466,1.550142,6.338429,-0.055066,-0.020233,-0.008364,-0.007269,0.000000,0.000000,1.550000,6.283185,0.000000,0.000000,0.000000,0.000000,0.042994,0.105086,0.000678,-0.006297
1777056148.419921,0.045234,-0.009400,1.550150,6.337951,-0.054294,-0.016731,-0.008508,-0.007945,0.000000,0.000000,1.550000,6.283185,0.000000,0.000000,0.000000,0.000000,0.047431,0.091519,0.000672,-0.006526
1777056148.453296,0.043975,-0.008187,1.550153,6.337456,-0.052300,-0.014289,-0.008648,-0.008512,0.000000,0.000000,1.550000,6.283185,0.000000,0.000000,0.000000,0.000000,0.045676,0.082495,0.000679,-0.006728
1777056148.486673,0.041830,-0.006001,1.550177,6.336949,-0.051139,-0.010724,-0.008757,-0.008984,0.000000,0.000000,1.550000,6.283185,0.000000,0.000000,0.000000,0.000000,0.049628,0.068558,0.000641,-0.006927
1777056148.519941,0.041830,-0.006001,1.550177,6.336949,-0.051139,-0.010724,-0.008757,-0.008984,0.000000,0.000000,1.550000,6.283185,0.000000,0.000000,0.000000,0.000000,0.040613,0.066167,0.000650,-0.009252
1777056148.553289,0.038574,-0.002667,1.550167,6.335948,-0.048634,-0.005335,-0.008991,-0.009561,0.000000,0.000000,1.550000,6.283185,0.000000,0.000000,0.000000,0.000000,0.052059,0.046548,0.000683,-0.007195
1777056148.586685,0.037905,-0.001480,1.550240,6.335316,-0.046840,-0.003438,-0.008970,-0.010796,0.000000,0.000000,1.550000,6.283185,0.000000,0.000000,0.000000,0.000000,0.046981,0.038299,0.000544,-0.006910
1777056148.619932,0.036227,0.000513,1.550253,6.334636,-0.045852,-0.000553,-0.009032,-0.011792,0.000000,0.000000,1.550000,6.283185,0.000000,0.000000,0.000000,0.000000,0.048662,0.025947,0.000523,-0.006460
1777056148.653277,0.035311,0.001649,1.550261,6.334090,-0.044037,0.001260,-0.009094,-0.012243,0.000000,0.000000,1.550000,6.283185,0.000000,0.000000,0.000000,0.000000,0.045695,0.018092,0.000511,-0.006656
1777056148.686688,0.033745,0.003531,1.550287,6.333594,-0.043021,0.003890,-0.009115,-0.012530,0.000000,0.000000,1.550000,6.283185,0.000000,0.000000,0.000000,0.000000,0.047073,0.006559,0.000462,-0.007075
1777056148.719938,0.032921,0.004598,1.550303,6.333131,-0.041319,0.005480,-0.009144,-0.012721,0.000000,0.000000,1.550000,6.283185,0.000000,0.000000,0.000000,0.000000,0.043940,-0.000682,0.000433,-0.007628
1777056148.753286,0.031464,0.006324,1.550307,6.332653,-0.040320,0.007808,-0.009178,-0.012925,0.000000,0.000000,1.550000,6.283185,0.000000,0.000000,0.000000,0.000000,0.045067,-0.011180,0.000425,-0.008089
1777056148.786760,0.030672,0.007318,1.550328,6.332136,-0.038619,0.009211,-0.009189,-0.013210,0.000000,0.000000,1.550000,6.283185,0.000000,0.000000,0.000000,0.000000,0.042136,-0.017819,0.000384,-0.008362
1777056148.820059,0.029275,0.008900,1.550333,6.331572,-0.037478,0.011280,-0.009211,-0.013512,0.000000,0.000000,1.550000,6.283185,0.000000,0.000000,0.000000,0.000000,0.043274,-0.027366,0.000374,-0.008428
1777056148.853302,0.028555,0.009791,1.550339,6.330971,-0.035717,0.012464,-0.009230,-0.013929,0.000000,0.000000,1.550000,6.283185,0.000000,0.000000,0.000000,0.000000,0.040250,-0.033252,0.000362,-0.008340
1777056148.886807,0.027236,0.011191,1.550349,6.330354,-0.034402,0.014226,-0.009237,-0.014180,0.000000,0.000000,1.550000,6.283185,0.000000,0.000000,0.000000,0.000000,0.041239,-0.041667,0.000342,-0.008203
1777056148.919960,0.026639,0.011922,1.550368,6.329738,-0.032727,0.015130,-0.009228,-0.014658,0.000000,0.000000,1.550000,6.283185,0.000000,0.000000,0.000000,0.000000,0.037776,-0.046527,0.000302,-0.008086
1777056148.953296,0.025534,0.013009,1.550376,6.329140,-0.031691,0.016433,-0.009225,-0.015062,0.000000,0.000000,1.550000,6.283185,0.000000,0.000000,0.000000,0.000000,0.037846,-0.053146,0.000284,-0.008048
1777056148.986675,0.024899,0.013658,1.550385,6.328557,-0.029968,0.017175,-0.009220,-0.015211,0.000000,0.000000,1.550000,6.283185,0.000000,0.000000,0.000000,0.000000,0.035044,-0.057410,0.000264,-0.008087
1777056149.019919,0.023806,0.014564,1.550388,6.327986,-0.028725,0.018198,-0.009215,-0.015253,0.000000,0.000000,1.550000,6.283185,0.000000,0.000000,0.000000,0.000000,0.035399,-0.062941,0.000255,-0.008182
1777056149.053253,0.023806,0.014564,1.550388,6.327986,-0.028725,0.018198,-0.009215,-0.015253,0.000000,0.000000,1.550000,6.283185,0.000000,0.000000,0.000000,0.000000,0.029195,-0.063705,0.000253,-0.010704
1777056149.086645,0.023208,0.015141,1.550425,6.327417,-0.027037,0.018787,-0.009168,-0.015317,0.000000,0.000000,1.550000,6.283185,0.000000,0.000000,0.000000,0.000000,0.027095,-0.067336,0.000172,-0.010551
1777056149.119948,0.022200,0.015777,1.550404,6.326853,-0.025643,0.019428,-0.009184,-0.015214,0.000000,0.000000,1.550000,6.283185,0.000000,0.000000,0.000000,0.000000,0.027788,-0.071279,0.000210,-0.010448
1777056149.153261,0.021761,0.016079,1.550416,6.326225,-0.024028,0.019657,-0.009159,-0.015546,0.000000,0.000000,1.550000,6.283185,0.000000,0.000000,0.000000,0.000000,0.024891,-0.073367,0.000183,-0.010072
1777056149.186555,0.020878,0.016451,1.550421,6.325440,-0.022971,0.019975,-0.009136,-0.016316,0.000000,0.000000,1.550000,6.283185,0.000000,0.000000,0.000000,0.000000,0.025086,-0.075844,0.000169,-0.009015
1777056149.219916,0.020424,0.016656,1.550433,6.324658,-0.021510,0.020069,-0.009104,-0.017033,0.000000,0.000000,1.550000,6.283185,0.000000,0.000000,0.000000,0.000000,0.022593,-0.077323,0.000139,-0.008039
1777056149.253267,0.019603,0.016798,1.550448,6.323905,-0.020703,0.020117,-0.009069,-0.017842,0.000000,0.000000,1.550000,6.283185,0.000000,0.000000,0.000000,0.000000,0.022721,-0.078535,0.000104,-0.007230
1777056149.286668,0.019086,0.016934,1.550434,6.323199,-0.019151,0.020093,-0.009058,-0.017926,0.000000,0.000000,1.550000,6.283185,0.000000,0.000000,0.000000,0.000000,0.020911,-0.079567,0.000126,-0.006684
1777056149.319896,0.018226,0.016892,1.550441,6.322596,-0.018081,0.019879,-0.009022,-0.017753,0.000000,0.000000,1.550000,6.283185,0.000000,0.000000,0.000000,0.000000,0.021506,-0.079769,0.000107,-0.006615
1777056149.353248,0.017828,0.016841,1.550456,6.322077,-0.016764,0.019657,-0.008976,-0.017548,0.000000,0.000000,1.550000,6.283185,0.000000,0.000000,0.000000,0.000000,0.019147,-0.079755,0.000071,-0.006910
1777056149.386698,0.017038,0.016589,1.550454,6.321617,-0.015787,0.019207,-0.008945,-0.017069,0.000000,0.000000,1.550000,6.283185,0.000000,0.000000,0.000000,0.000000,0.019549,-0.078825,0.000069,-0.007428
1777056149.419939,0.016678,0.016419,1.550474,6.321178,-0.014652,0.018864,-0.008889,-0.016809,0.000000,0.000000,1.550000,6.283185,0.000000,0.000000,0.000000,0.000000,0.017213,-0.078130,0.000021,-0.007979
1777056149.453261,0.015968,0.015976,1.550479,6.320723,-0.013913,0.018226,-0.008851,-0.016579,0.000000,0.000000,1.550000,6.283185,0.000000,0.000000,0.000000,0.000000,0.017396,-0.076177,0.000002,-0.008402
1777056149.486645,0.015591,0.015720,1.550484,6.320225,-0.012841,0.017795,-0.008809,-0.016534,0.000000,0.000000,1.550000,6.283185,0.000000,0.000000,0.000000,0.000000,0.015449,-0.075006,-0.000015,-0.008580
1777056149.519964,0.014890,0.015111,1.550483,6.319678,-0.012066,0.016972,-0.008771,-0.016514,0.000000,0.000000,1.550000,6.283185,0.000000,0.000000,0.000000,0.000000,0.015834,-0.072187,-0.000021,-0.008513
1777056149.553316,0.014521,0.014758,1.550485,6.319087,-0.010934,0.016437,-0.008724,-0.016625,0.000000,0.000000,1.550000,6.283185,0.000000,0.000000,0.000000,0.000000,0.014064,-0.070489,-0.000032,-0.008230
1777056149.586695,0.013870,0.013982,1.550490,6.318467,-0.010220,0.015448,-0.008676,-0.016860,0.000000,0.000000,1.550000,6.283185,0.000000,0.000000,0.000000,0.000000,0.014349,-0.066803,-0.000050,-0.007817
1777056149.619939,0.013523,0.013543,1.550489,6.317839,-0.009135,0.014842,-0.008626,-0.017035,0.000000,0.000000,1.550000,6.283185,0.000000,0.000000,0.000000,0.000000,0.012654,-0.064651,-0.000056,-0.007374
1777056149.653230,0.012930,0.012646,1.550501,6.317232,-0.008578,0.013755,-0.008570,-0.017410,0.000000,0.000000,1.550000,6.283185,0.000000,0.000000,0.000000,0.000000,0.012790,-0.060344,-0.000089,-0.007021
1777056149.686643,0.012586,0.012139,1.550495,6.316653,-0.007552,0.013102,-0.008523,-0.017378,0.000000,0.000000,1.550000,6.283185,0.000000,0.000000,0.000000,0.000000,0.011293,-0.057840,-0.000084,-0.006789
1777056149.719890,0.011989,0.011126,1.550494,6.316119,-0.006913,0.011904,-0.008470,-0.017266,0.000000,0.000000,1.550000,6.283185,0.000000,0.000000,0.000000,0.000000,0.011660,-0.052960,-0.000091,-0.006748
1777056149.753237,0.011674,0.010551,1.550495,6.315627,-0.005960,0.011214,-0.008411,-0.017026,0.000000,0.000000,1.550000,6.283185,0.000000,0.000000,0.000000,0.000000,0.010162,-0.050119,-0.000100,-0.006870
1777056149.786654,0.011044,0.009410,1.550474,6.315158,-0.004996,0.009899,-0.008357,-0.016389,0.000000,0.000000,1.550000,6.283185,0.000000,0.000000,0.000000,0.000000,0.010870,-0.044627,-0.000065,-0.007077
1777056149.819921,0.010786,0.008800,1.550496,6.314705,-0.004187,0.009210,-0.008273,-0.016283,0.000000,0.000000,1.550000,6.283185,0.000000,0.000000,0.000000,0.000000,0.009127,-0.041613,-0.000117,-0.007303
1777056149.853276,0.010263,0.007703,1.550496,6.314243,-0.003623,0.007993,-0.008210,-0.016083,0.000000,0.000000,1.550000,6.283185,0.000000,0.000000,0.000000,0.000000,0.009323,-0.036325,-0.000126,-0.007449
1777056149.886670,0.009990,0.007083,1.550498,6.313763,-0.002814,0.007330,-0.008143,-0.015994,0.000000,0.000000,1.550000,6.283185,0.000000,0.000000,0.000000,0.000000,0.007878,-0.033291,-0.000140,-0.007478
1777056149.919935,0.009483,0.005964,1.550494,6.313265,-0.002293,0.006124,-0.008081,-0.015939,0.000000,0.000000,1.550000,6.283185,0.000000,0.000000,0.000000,0.000000,0.008150,-0.027917,-0.000140,-0.007392
1777056149.953343,0.009219,0.005333,1.550499,6.312752,-0.001584,0.005481,-0.008011,-0.016060,0.000000,0.000000,1.550000,6.283185,0.000000,0.000000,0.000000,0.000000,0.006820,-0.024857,-0.000158,-0.007211
1777056149.986765,0.008721,0.004206,1.550494,6.312225,-0.001079,0.004304,-0.007944,-0.016044,0.000000,0.000000,1.550000,6.283185,0.000000,0.000000,0.000000,0.000000,0.007203,-0.019476,-0.000157,-0.006958
1777056150.019896,0.008447,0.003546,1.550479,6.311698,-0.000197,0.003687,-0.007879,-0.015854,0.000000,0.000000,1.550000,6.283185,0.000000,0.000000,0.000000,0.000000,0.006071,-0.016319,-0.000135,-0.006696
1777056150.053298,0.007942,0.002380,1.550472,6.311185,0.000427,0.002530,-0.007797,-0.015579,0.000000,0.000000,1.550000,6.283185,0.000000,0.000000,0.000000,0.000000,0.006595,-0.010802,-0.000129,-0.006490
1777056150.086689,0.007695,0.001757,1.550479,6.310697,0.001215,0.001991,-0.007705,-0.015395,0.000000,0.000000,1.550000,6.283185,0.000000,0.000000,0.000000,0.000000,0.005386,-0.007874,-0.000151,-0.006382
1777056150.119899,0.007221,0.000684,1.550479,6.310235,0.001644,0.000956,-0.007625,-0.015228,0.000000,0.000000,1.550000,6.283185,0.000000,0.000000,0.000000,0.000000,0.005812,-0.002850,-0.000160,-0.006371
1777056150.153278,0.006979,0.000102,1.550484,6.309796,0.002261,0.000475,-0.007544,-0.015104,0.000000,0.000000,1.550000,6.283185,0.000000,0.000000,0.000000,0.000000,0.004710,-0.000162,-0.000178,-0.006426
1777056150.186728,0.006514,-0.000908,1.550480,6.309367,0.002669,-0.000455,-0.007464,-0.014842,0.000000,0.000000,1.550000,6.283185,0.000000,0.000000,0.000000,0.000000,0.005206,0.004513,-0.000180,-0.006495
1777056150.219970,0.006266,-0.001491,1.550467,6.308940,0.003408,-0.000866,-0.007387,-0.014483,0.000000,0.000000,1.550000,6.283185,0.000000,0.000000,0.000000,0.000000,0.004245,0.007141,-0.000162,-0.006545
