time,x,y,z,yaw,linx,liny,linz,yaw_rate,xd,yd,zd,yawd,vxd,vyd,vzd,wyawd,cmd_linx,cmd_liny,cmd_linz,cmd_angz
1777057988.631965,-0.147347,-0.801663,1.268842,-2.691797,-0.467335,0.185427,-0.337133,0.088315,0.750000,-0.750000,1.250000,3.665191,0.000000,0.000000,0.000000,0.000000,0.000000,0.000000,0.000000,0.000000
1777057988.665261,-0.125172,-0.802563,1.267530,-2.687446,-0.477261,0.192482,-0.326766,0.093296,0.750000,-0.750000,1.250000,3.665191,0.000000,0.000000,0.000000,0.000000,0.000000,0.000000,0.000000,0.000000
1777057988.698666,-0.084055,-0.803890,1.264575,-2.684060,-0.505742,0.208985,-0.317196,0.094475,0.750000,-0.750000,1.250000,3.665191,0.000000,0.000000,0.000000,0.000000,0.000000,0.000000,0.000000,0.000000
1777057988.731936,-0.060689,-0.804640,1.263158,-2.681743,-0.515400,0.215805,-0.307201,0.092151,0.750000,-0.750000,1.250000,3.665191,0.000000,0.000000,0.000000,0.000000,0.000000,0.000000,0.000000,0.000000
1777057988.765261,-0.019028,-0.805556,1.262812,-2.680097,-0.543626,0.232038,-0.295698,0.088204,0.750000,-0.750000,1.250000,3.665191,0.000000,0.000000,0.000000,0.000000,0.000000,0.000000,0.000000,0.000000
1777057988.798575,0.005262,-0.806068,1.261796,-2.678649,-0.552884,0.238476,-0.285875,0.083758,0.750000,-0.750000,1.250000,3.665191,0.000000,0.000000,0.000000,0.000000,0.000000,0.000000,0.000000,0.000000
1777057988.832011,0.048866,-0.806588,1.261529,-2.677059,-0.580898,0.254348,-0.274649,0.080076,0.750000,-0.750000,1.250000,3.665191,0.000000,0.000000,0.000000,0.000000,0.000000,0.000000,0.000000,0.000000
1777057988.865203,0.074696,-0.806864,1.261305,-2.674965,-0.588167,0.259740,-0.263329,0.077561,0.750000,-0.750000,1.250000,3.665191,0.000000,0.000000,0.000000,0.000000,0.000000,0.000000,0.000000,0.000000
1777057988.898622,0.121405,-0.806930,1.261470,-2.672272,-0.614079,0.274523,-0.250930,0.076202,0.750000,-0.750000,1.250000,3.665191,0.000000,0.000000,0.000000,0.000000,0.000000,0.000000,0.000000,0.000000
1777057988.931950,0.146921,-0.806857,1.261934,-2.669139,-0.616089,0.277293,-0.238679,0.075485,0.750000,-0.750000,1.250000,3.665191,0.000000,0.000000,0.000000,0.000000,0.000000,0.000000,0.000000,0.000000
1777057988.965364,0.146921,-0.806857,1.261934,-2.669139,-0.616089,0.277293,-0.238679,0.075485,0.750000,-0.750000,1.250000,3.665191,0.000000,0.000000,0.000000,0.000000,0.000000,0.000000,0.000000,0.000000
1777057988.998582,0.186835,-0.806927,1.263585,-2.665941,-0.635172,0.288603,-0.226658,0.075892,0.750000,-0.750000,1.250000,3.665191,0.000000,0.000000,0.000000,0.000000,0.000000,0.000000,0.000000,0.000000
1777057989.031983,0.211789,-0.806517,1.263701,-2.662842,-0.636281,0.290574,-0.216474,0.075295,0.750000,-0.750000,1.250000,3.665191,0.000000,0.000000,0.000000,0.000000,0.000000,0.000000,0.000000,0.000000
1777057989.065241,0.250058,-0.806211,1.264373,-2.659883,-0.656224,0.301725,-0.208107,0.076393,0.750000,-0.750000,1.250000,3.665191,0.000000,0.000000,0.000000,0.000000,0.000000,0.000000,0.000000,0.000000
1777057989.098583,0.270077,-0.806101,1.264702,-2.656974,-0.658255,0.303893,-0.200126,0.077749,0.750000,-0.750000,1.250000,3.665191,0.000000,0.000000,0.000000,0.000000,0.000000,0.000000,0.000000,0.000000
1777057989.132021,0.307154,-0.805362,1.265359,-2.654451,-0.677798,0.314663,-0.193442,0.077986,0.750000,-0.750000,1.250000,3.665191,0.000000,0.000000,0.000000,0.000000,0.000000,0.000000,0.000000,0.000000
1777057989.165210,0.329075,-0.804876,1.265718,-2.652276,-0.679832,0.316770,-0.186372,0.076523,0.750000,-0.750000,1.250000,3.665191,0.000000,0.000000,0.000000,0.000000,0.000000,0.000000,0.000000,0.000000
1777057989.198571,0.362345,-0.804070,1.266498,-2.650524,-0.697555,0.326478,-0.181392,0.075360,0.750000,-0.750000,1.250000,3.665191,0.000000,0.000000,0.000000,0.000000,0.000000,0.000000,0.000000,0.000000
1777057989.231895,0.382129,-0.803574,1.266504,-2.648993,-0.700381,0.328775,-0.176320,0.073212,0.750000,-0.750000,1.250000,3.665191,0.000000,0.000000,0.000000,0.000000,0.000000,0.000000,0.000000,0.000000
1777057989.265235,0.419095,-0.802253,1.266436,-2.647570,-0.716076,0.337407,-0.171222,0.069872,0.750000,-0.750000,1.250000,3.665191,0.000000,0.000000,0.000000,0.000000,0.000000,0.000000,0.000000,0.000000
1777057989.298588,0.438442,-0.801617,1.266685,-2.646234,-0.714990,0.337720,-0.165317,0.066908,0.750000,-0.750000,1.250000,3.665191,0.000000,0.000000,0.000000,0.000000,0.000000,0.000000,0.000000,0.000000
1777057989.331916,0.470324,-0.800172,1.266330,-2.644774,-0.726212,0.343821,-0.161083,0.064521,0.750000,-0.750000,1.250000,3.665191,0.000000,0.000000,0.000000,0.000000,0.000000,0.000000,0.000000,0.000000
1777057989.365304,0.486658,-0.799456,1.266372,-2.643207,-0.723285,0.342985,-0.156044,0.063160,0.750000,-0.750000,1.250000,3.665191,0.000000,0.000000,0.000000,0.000000,0.787841,-0.610440,-0.017224,0.014609
1777057989.398703,0.515318,-0.797598,1.266279,-2.641449,-0.731483,0.346989,-0.151552,0.062103,0.750000,-0.750000,1.250000,3.665191,0.000000,0.000000,0.000000,0.000000,0.809057,-0.623502,-0.017831,0.015340
1777057989.431932,0.531223,-0.796577,1.265638,-2.639607,-0.726059,0.344688,-0.146962,0.061350,0.750000,-0.750000,1.250000,3.665191,0.000000,0.000000,0.000000,0.000000,0.828151,-0.661152,-0.018173,0.014861
1777057989.465235,0.559928,-0.793916,1.265077,-2.637691,-0.728556,0.345215,-0.141645,0.059716,0.750000,-0.750000,1.250000,3.665191,0.000000,0.000000,0.000000,0.000000,0.845336,-0.674058,-0.017400,0.013620
1777057989.498597,0.571918,-0.792774,1.265239,-2.635954,-0.718858,0.340399,-0.136027,0.058781,0.750000,-0.750000,1.250000,3.665191,0.000000,0.000000,0.000000,0.000000,0.860803,-0.706652,-0.016769,0.011823
1777057989.531989,0.591819,-0.790057,1.264592,-2.634390,-0.719799,0.339453,-0.132702,0.057867,0.750000,-0.750000,1.250000,3.665191,0.000000,0.000000,0.000000,0.000000,0.874722,-0.710345,-0.017606,0.010557
1777057989.565480,0.603109,-0.788522,1.264305,-2.633054,-0.711072,0.334668,-0.128279,0.056224,0.750000,-0.750000,1.250000,3.665191,0.000000,0.000000,0.000000,0.000000,0.887250,-0.728055,-0.016794,0.009883
1777057989.598592,0.620601,-0.785154,1.264221,-2.631946,-0.710598,0.332061,-0.124590,0.054212,0.750000,-0.750000,1.250000,3.665191,0.000000,0.000000,0.000000,0.000000,0.898525,-0.729021,-0.016686,0.009924
1777057989.632003,0.630197,-0.783284,1.263564,-2.631002,-0.701747,0.326749,-0.121199,0.051919,0.750000,-0.750000,1.250000,3.665191,0.000000,0.000000,0.000000,0.000000,0.908673,-0.738373,-0.016978,0.010752
1777057989.665322,0.645854,-0.779265,1.263188,-2.630134,-0.698927,0.322201,-0.117863,0.049423,0.750000,-0.750000,1.250000,3.665191,0.000000,0.000000,0.000000,0.000000,0.917805,-0.734029,-0.016094,0.011959
1777057989.698570,0.655320,-0.776879,1.263030,-2.629281,-0.687061,0.314918,-0.113273,0.046884,0.750000,-0.750000,1.250000,3.665191,0.000000,0.000000,0.000000,0.000000,0.926025,-0.736149,-0.015741,0.013191
1777057989.731977,0.667462,-0.772411,1.262319,-2.628387,-0.680421,0.307875,-0.110257,0.044859,0.750000,-0.750000,1.250000,3.665191,0.000000,0.000000,0.000000,0.000000,0.933422,-0.729374,-0.015831,0.014132
1777057989.765262,0.675385,-0.769720,1.261936,-2.627383,-0.665229,0.298732,-0.105604,0.042928,0.750000,-0.750000,1.250000,3.665191,0.000000,0.000000,0.000000,0.000000,0.940080,-0.719868,-0.014781,0.014615
1777057989.798558,0.684263,-0.764943,1.261915,-2.626336,-0.654725,0.289290,-0.101536,0.041562,0.750000,-0.750000,1.250000,3.665191,0.000000,0.000000,0.000000,0.000000,0.946072,-0.707481,-0.014381,0.014328
1777057989.831985,0.689241,-0.762269,1.261209,-2.625231,-0.638196,0.279473,-0.097608,0.040331,0.750000,-0.750000,1.250000,3.665191,0.000000,0.000000,0.000000,0.000000,0.951465,-0.687363,-0.014712,0.013645
1777057989.865234,0.695854,-0.757227,1.260927,-2.624158,-0.624462,0.268246,-0.093599,0.039069,0.750000,-0.750000,1.250000,3.665191,0.000000,0.000000,0.000000,0.000000,0.956318,-0.667040,-0.013660,0.012524
1777057989.898665,0.697856,-0.754761,1.260961,-2.623198,-0.608080,0.258473,-0.089413,0.038006,0.750000,-0.750000,1.250000,3.665191,0.000000,0.000000,0.000000,0.000000,0.960687,-0.639477,-0.013442,0.011428
1777057989.932005,0.700535,-0.750235,1.260426,-2.622345,-0.595228,0.247924,-0.086648,0.036934,0.750000,-0.750000,1.250000,3.665191,0.000000,0.000000,0.000000,0.000000,0.964618,-0.612267,-0.013877,0.010715
1777057989.965220,0.702843,-0.747494,1.260140,-2.621570,-0.578639,0.238002,-0.082803,0.035396,0.750000,-0.750000,1.250000,3.665191,0.000000,0.000000,0.000000,0.000000,0.968156,-0.577054,-0.013150,0.010355
1777057989.998591,0.703189,-0.743223,1.260122,-2.620890,-0.564152,0.226854,-0.079371,0.034047,0.750000,-0.750000,1.250000,3.665191,0.000000,0.000000,0.000000,0.000000,0.971341,-0.550414,-0.012916,0.010175
1777057990.031930,0.703777,-0.740701,1.259534,-2.620221,-0.547594,0.217170,-0.076194,0.032612,0.750000,-0.750000,1.250000,3.665191,0.000000,0.000000,0.000000,0.000000,0.974206,-0.510753,-0.013222,0.010279
1777057990.065283,0.703777,-0.740701,1.259534,-2.620221,-0.547594,0.217170,-0.076194,0.032612,0.750000,-0.750000,1.250000,3.665191,0.000000,0.000000,0.000000,0.000000,0.976786,-0.481391,-0.012372,0.010238
1777057990.098675,0.702396,-0.736237,1.259177,-2.619540,-0.524363,0.202215,-0.071397,0.030830,0.750000,-0.750000,1.250000,3.665191,0.000000,0.000000,0.000000,0.000000,0.973059,-0.465173,-0.012651,0.013101
1777057990.131900,0.702853,-0.733884,1.259100,-2.618821,-0.503222,0.191091,-0.066565,0.029366,0.750000,-0.750000,1.250000,3.665191,0.000000,0.000000,0.000000,0.000000,0.971109,-0.421669,-0.012237,0.012550
1777057990.165246,0.698282,-0.730777,1.258503,-2.617874,-0.482641,0.178528,-0.063101,0.029085,0.750000,-0.750000,1.250000,3.665191,0.000000,0.000000,0.000000,0.000000,0.968657,-0.394545,-0.012409,0.011662
1777057990.198536,0.695275,-0.729230,1.258267,-2.616883,-0.464731,0.169239,-0.059743,0.029216,0.750000,-0.750000,1.250000,3.665191,0.000000,0.000000,0.000000,0.000000,0.940614,-0.349111,-0.011527,0.009652
1777057990.231966,0.689706,-0.726762,1.258215,-2.615967,-0.444755,0.157606,-0.056020,0.029014,0.750000,-0.750000,1.250000,3.665191,0.000000,0.000000,0.000000,0.000000,0.914421,-0.316956,-0.011357,0.007479
1777057990.265227,0.686304,-0.725406,1.257604,-2.615224,-0.426576,0.148538,-0.053082,0.028297,0.750000,-0.750000,1.250000,3.665191,0.000000,0.000000,0.000000,0.000000,0.876627,-0.273003,-0.011569,0.005625
1777057990.298709,0.679492,-0.723512,1.257177,-2.614680,-0.403497,0.136350,-0.049136,0.026851,0.750000,-0.750000,1.250000,3.665191,0.000000,0.000000,0.000000,0.000000,0.845400,-0.241753,-0.010640,0.004557
1777057990.331973,0.674891,-0.722670,1.256964,-2.614330,-0.384054,0.127306,-0.045565,0.025132,0.750000,-0.750000,1.250000,3.665191,0.000000,0.000000,0.000000,0.000000,0.797184,-0.197998,-0.010074,0.004309
1777057990.365223,0.666134,-0.721943,1.256387,-2.614071,-0.362911,0.116960,-0.042780,0.023440,0.750000,-0.750000,1.250000,3.665191,0.000000,0.000000,0.000000,0.000000,0.756268,-0.166720,-0.009934,0.004807
1777057990.398664,0.661297,-0.721501,1.256036,-2.613812,-0.345155,0.109078,-0.039944,0.021874,0.750000,-0.750000,1.250000,3.665191,0.000000,0.000000,0.000000,0.000000,0.693923,-0.124413,-0.009045,0.005568
1777057990.431927,0.652419,-0.721344,1.255853,-2.613499,-0.323244,0.099210,-0.036726,0.020586,0.750000,-0.750000,1.250000,3.665191,0.000000,0.000000,0.000000,0.000000,0.650302,-0.095739,-0.008593,0.006147
1777057990.465270,0.652419,-0.721344,1.255853,-2.613499,-0.323244,0.099210,-0.036726,0.020586,0.750000,-0.750000,1.250000,3.665191,0.000000,0.000000,0.000000,0.000000,0.585448,-0.057150,-0.008477,0.006344
1777057990.498645,0.644670,-0.721447,1.255307,-2.613111,-0.300350,0.089649,-0.033592,0.019447,0.750000,-0.750000,1.250000,3.665191,0.000000,0.000000,0.000000,0.000000,0.566865,-0.046782,-0.008698,0.007879
1777057990.532035,0.636686,-0.721907,1.255056,-2.612695,-0.279981,0.081361,-0.030959,0.018688,0.750000,-0.750000,1.250000,3.665191,0.000000,0.000000,0.000000,0.000000,0.508398,-0.014300,-0.007824,0.007441
1777057990.565227,0.632116,-0.722105,1.254846,-2.612246,-0.260637,0.073970,-0.027838,0.017830,0.750000,-0.750000,1.250000,3.665191,0.000000,0.000000,0.000000,0.000000,0.447757,0.016586,-0.007531,0.006815
1777057990.598661,0.622651,-0.723414,1.254493,-2.611855,-0.239680,0.066182,-0.025719,0.017179,0.750000,-0.750000,1.250000,3.665191,0.000000,0.000000,0.000000,0.000000,0.404332,0.038647,-0.007326,0.005971
1777057990.631985,0.617361,-0.724165,1.254352,-2.611493,-0.224394,0.060681,-0.023687,0.016587,0.750000,-0.750000,1.250000,3.665191,0.000000,0.000000,0.000000,0.000000,0.333738,0.068837,-0.006821,0.005344
1777057990.665210,0.608943,-0.725773,1.254253,-2.611175,-0.204027,0.053739,-0.021302,0.015748,0.750000,-0.750000,1.250000,3.665191,0.000000,0.000000,0.000000,0.000000,0.285965,0.089257,-0.006733,0.004805
1777057990.698640,0.603939,-0.726741,1.253965,-2.610919,-0.188061,0.048364,-0.019289,0.014837,0.750000,-0.750000,1.250000,3.665191,0.000000,0.000000,0.000000,0.000000,0.220521,0.114002,-0.006735,0.004393
1777057990.732028,0.595779,-0.728871,1.253823,-2.610701,-0.168937,0.042515,-0.017194,0.013922,0.750000,-0.750000,1.250000,3.665191,0.000000,0.000000,0.000000,0.000000,0.173998,0.131838,-0.006353,0.004204
1777057990.765213,0.595779,-0.728871,1.253823,-2.610701,-0.168937,0.042515,-0.017194,0.013922,0.750000,-0.750000,1.250000,3.665191,0.000000,0.000000,0.000000,0.000000,0.109079,0.152441,-0.006258,0.004120
1777057990.798658,0.589121,-0.730616,1.253794,-2.610507,-0.151936,0.037280,-0.015019,0.013022,0.750000,-0.750000,1.250000,3.665191,0.000000,0.000000,0.000000,0.000000,0.092187,0.159704,-0.006424,0.004988
1777057990.831902,0.583246,-0.732657,1.253519,-2.610321,-0.137128,0.033305,-0.013679,0.012268,0.750000,-0.750000,1.250000,3.665191,0.000000,0.000000,0.000000,0.000000,0.037935,0.176890,-0.006543,0.004835
1777057990.865309,0.579672,-0.733879,1.253381,-2.610102,-0.124786,0.029750,-0.012053,0.011633,0.750000,-0.750000,1.250000,3.665191,0.000000,0.000000,0.000000,0.000000,-0.012871,0.190011,-0.006160,0.004669
1777057990.898649,0.573850,-0.736396,1.253403,-2.609832,-0.111156,0.026710,-0.010678,0.011342,0.750000,-0.750000,1.250000,3.665191,0.000000,0.000000,0.000000,0.000000,-0.049826,0.200580,-0.006043,0.004271
1777057990.931965,0.567319,-0.740069,1.253015,-2.609278,-0.090992,0.022576,-0.008562,0.011132,0.750000,-0.750000,1.250000,3.665191,0.000000,0.000000,0.000000,0.000000,-0.100760,0.210588,-0.006247,0.003621
1777057990.965245,0.563489,-0.741935,1.252992,-2.609064,-0.080775,0.020312,-0.007363,0.010731,0.750000,-0.750000,1.250000,3.665191,0.000000,0.000000,0.000000,0.000000,-0.158793,0.216769,-0.005628,0.001639
1777057990.998565,0.559674,-0.744752,1.252709,-2.608916,-0.070040,0.018945,-0.006545,0.010127,0.750000,-0.750000,1.250000,3.665191,0.000000,0.000000,0.000000,0.000000,-0.197720,0.224316,-0.005728,0.001267
1777057991.031920,0.557468,-0.746347,1.252572,-2.608906,-0.061655,0.017299,-0.005458,0.009144,0.750000,-0.750000,1.250000,3.665191,0.000000,0.000000,0.000000,0.000000,-0.238716,0.226692,-0.005292,0.001172
1777057991.065255,0.555350,-0.748973,1.252532,-2.608926,-0.053135,0.016812,-0.004419,0.008169,0.750000,-0.750000,1.250000,3.665191,0.000000,0.000000,0.000000,0.000000,-0.267856,0.230617,-0.005136,0.001629
1777057991.098713,0.554078,-0.750525,1.252287,-2.608928,-0.045580,0.015514,-0.003372,0.007345,0.750000,-0.750000,1.250000,3.665191,0.000000,0.000000,0.000000,0.000000,-0.299096,0.228819,-0.005173,0.002139
1777057991.131949,0.553458,-0.753114,1.252190,-2.608878,-0.037997,0.015529,-0.002138,0.006739,0.750000,-0.750000,1.250000,3.665191,0.000000,0.000000,0.000000,0.000000,-0.322739,0.230058,-0.004790,0.002474
1777057991.165290,0.553458,-0.753114,1.252190,-2.608878,-0.037997,0.015529,-0.002138,0.006739,0.750000,-0.750000,1.250000,3.665191,0.000000,0.000000,0.000000,0.000000,-0.346106,0.224086,-0.004698,0.002502
1777057991.198636,0.552691,-0.755006,1.252176,-2.608779,-0.030992,0.014801,-0.000818,0.006322,0.750000,-0.750000,1.250000,3.665191,0.000000,0.000000,0.000000,0.000000,-0.357485,0.229169,-0.004788,0.002744
1777057991.231967,0.553937,-0.757374,1.251955,-2.608490,-0.022972,0.014499,0.001085,0.006154,0.750000,-0.750000,1.250000,3.665191,0.000000,0.000000,0.000000,0.000000,-0.377955,0.226622,-0.004861,0.002465
1777057991.265280,0.556216,-0.759834,1.251907,-2.608339,-0.019692,0.016389,0.002147,0.005983,0.750000,-0.750000,1.250000,3.665191,0.000000,0.000000,0.000000,0.000000,-0.390769,0.216288,-0.004523,0.001261
1777057991.298713,0.557346,-0.761120,1.251903,-2.608218,-0.016129,0.016480,0.003238,0.005744,0.750000,-0.750000,1.250000,3.665191,0.000000,0.000000,0.000000,0.000000,-0.398630,0.202570,-0.004528,0.000728
1777057991.331937,0.560688,-0.762953,1.251716,-2.608189,-0.014734,0.018473,0.004079,0.005261,0.750000,-0.750000,1.250000,3.665191,0.000000,0.000000,0.000000,0.000000,-0.407972,0.198013,-0.004627,0.000332
1777057991.365252,0.562551,-0.764017,1.251637,-2.608205,-0.012132,0.018705,0.005075,0.004689,0.750000,-0.750000,1.250000,3.665191,0.000000,0.000000,0.000000,0.000000,-0.408179,0.184380,-0.004349,0.000337
1777057991.398578,0.562551,-0.764017,1.251637,-2.608205,-0.012132,0.018705,0.005075,0.004689,0.750000,-0.750000,1.250000,3.665191,0.000000,0.000000,0.000000,0.000000,-0.412744,0.178776,-0.004286,0.000496
1777057991.431991,0.567130,-0.765645,1.251413,-2.608243,-0.011432,0.020777,0.006083,0.004123,0.750000,-0.750000,1.250000,3.665191,0.000000,0.000000,0.000000,0.000000,-0.421885,0.183381,-0.004368,0.000570
1777057991.465238,0.569593,-0.766460,1.251328,-2.608274,-0.009417,0.020919,0.007096,0.003627,0.750000,-0.750000,1.250000,3.665191,0.000000,0.000000,0.000000,0.000000,-0.414230,0.166802,-0.003998,0.000774
1777057991.498649,0.574901,-0.767532,1.251289,-2.608291,-0.010825,0.023337,0.008037,0.003210,0.750000,-0.750000,1.250000,3.665191,0.000000,0.000000,0.000000,0.000000,-0.414022,0.160367,-0.003903,0.000887
1777057991.531931,0.577920,-0.768168,1.251104,-2.608282,-0.010006,0.023824,0.008742,0.002916,0.750000,-0.750000,1.250000,3.665191,0.000000,0.000000,0.000000,0.000000,-0.400823,0.144522,-0.003900,0.000888
1777057991.565243,0.584253,-0.769004,1.251015,-2.608257,-0.012549,0.026523,0.009603,0.002706,0.750000,-0.750000,1.250000,3.665191,0.000000,0.000000,0.000000,0.000000,-0.397026,0.137369,-0.003601,0.000758
1777057991.598639,0.587985,-0.769530,1.250996,-2.608213,-0.012179,0.027068,0.010541,0.002554,0.750000,-0.750000,1.250000,3.665191,0.000000,0.000000,0.000000,0.000000,-0.377792,0.119724,-0.003487,0.000530
1777057991.631919,0.596568,-0.770285,1.250858,-2.608138,-0.014270,0.029337,0.011886,0.002429,0.750000,-0.750000,1.250000,3.665191,0.000000,0.000000,0.000000,0.000000,-0.370006,0.111103,-0.003518,0.000210
1777057991.665263,0.605830,-0.770548,1.250744,-2.608141,-0.019967,0.033041,0.012633,0.002177,0.750000,-0.750000,1.250000,3.665191,0.000000,0.000000,0.000000,0.000000,-0.339902,0.087690,-0.003318,-0.000280
1777057991.698647,0.610758,-0.770722,1.250568,-2.608162,-0.021242,0.033998,0.013175,0.001894,0.750000,-0.750000,1.250000,3.665191,0.000000,0.000000,0.000000,0.000000,-0.304779,0.064749,-0.003158,-0.000414
1777057991.731984,0.619216,-0.770693,1.250489,-2.608219,-0.026078,0.036773,0.013861,0.001530,0.750000,-0.750000,1.250000,3.665191,0.000000,0.000000,0.000000,0.000000,-0.290303,0.054748,-0.002864,-0.000473
1777057991.765232,0.623914,-0.770678,1.250461,-2.608286,-0.027172,0.037352,0.014455,0.001174,0.750000,-0.750000,1.250000,3.665191,0.000000,0.000000,0.000000,0.000000,-0.257856,0.035491,-0.002761,-0.000388
1777057991.798648,0.632094,-0.770349,1.250324,-2.608351,-0.031967,0.039700,0.014919,0.000851,0.750000,-0.750000,1.250000,3.665191,0.000000,0.000000,0.000000,0.000000,-0.243764,0.027073,-0.002758,-0.000292
1777057991.831924,0.636655,-0.770163,1.250259,-2.608404,-0.033139,0.040098,0.015359,0.000594,0.750000,-0.750000,1.250000,3.665191,0.000000,0.000000,0.000000,0.000000,-0.211488,0.010026,-0.002532,-0.000227
1777057991.865255,0.644862,-0.769598,1.250242,-2.608444,-0.037853,0.042086,0.015904,0.000414,0.750000,-0.750000,1.250000,3.665191,0.000000,0.000000,0.000000,0.000000,-0.197396,0.002815,-0.002446,-0.000239
1777057991.898554,0.649409,-0.769270,1.250127,-2.608478,-0.038910,0.042238,0.016219,0.000266,0.750000,-0.750000,1.250000,3.665191,0.000000,0.000000,0.000000,0.000000,-0.164071,-0.013215,-0.002455,-0.000325
1777057991.931941,0.657239,-0.768490,1.250067,-2.608512,-0.043564,0.043926,0.016589,0.000129,0.750000,-0.750000,1.250000,3.665191,0.000000,0.000000,0.000000,0.000000,-0.149580,-0.019694,-0.002264,-0.000451
1777057991.965185,0.661850,-0.768052,1.250062,-2.608550,-0.044407,0.043825,0.016998,0.000003,0.750000,-0.750000,1.250000,3.665191,0.000000,0.000000,0.000000,0.000000,-0.117313,-0.033632,-0.002178,-0.000582
1777057991.998559,0.669358,-0.767094,1.249946,-2.608601,-0.048847,0.045178,0.017203,-0.000168,0.750000,-0.750000,1.250000,3.665191,0.000000,0.000000,0.000000,0.000000,-0.102179,-0.039760,-0.002203,-0.000700
1777057992.031868,0.673811,-0.766554,1.249915,-2.608660,-0.049520,0.044877,0.017512,-0.000324,0.750000,-0.750000,1.250000,3.665191,0.000000,0.000000,0.000000,0.000000,-0.070918,-0.051913,-0.001999,-0.000765
1777057992.065191,0.681141,-0.765450,1.249888,-2.608729,-0.053530,0.045818,0.017780,-0.000507,0.750000,-0.750000,1.250000,3.665191,0.000000,0.000000,0.000000,0.000000,-0.056283,-0.057092,-0.001962,-0.000808
1777057992.098536,0.685249,-0.764824,1.249792,-2.608802,-0.054012,0.045333,0.017965,-0.000680,0.750000,-0.750000,1.250000,3.665191,0.000000,0.000000,0.000000,0.000000,-0.025494,-0.068009,-0.001934,-0.000815
1777057992.131916,0.692307,-0.763603,1.249754,-2.608877,-0.057531,0.045872,0.018197,-0.000831,0.750000,-0.750000,1.250000,3.665191,0.000000,0.000000,0.000000,0.000000,-0.012393,-0.071755,-0.001762,-0.000815
1777057992.165237,0.696238,-0.762910,1.249741,-2.608951,-0.057560,0.045080,0.018455,-0.000961,0.750000,-0.750000,1.250000,3.665191,0.000000,0.000000,0.000000,0.000000,0.017326,-0.081297,-0.001703,-0.000821
1777057992.198585,0.702571,-0.761620,1.249640,-2.609023,-0.060708,0.045350,0.018533,-0.001096,0.750000,-0.750000,1.250000,3.665191,0.000000,0.000000,0.000000,0.000000,0.029581,-0.084161,-0.001694,-0.000841
1777057992.232161,0.705916,-0.760908,1.249580,-2.609093,-0.060981,0.044694,0.018634,-0.001239,0.750000,-0.750000,1.250000,3.665191,0.000000,0.000000,0.000000,0.000000,0.055809,-0.091242,-0.001505,-0.000875
1777057992.265286,0.711635,-0.759621,1.249566,-2.609162,-0.063788,0.044793,0.018724,-0.001353,0.750000,-0.750000,1.250000,3.665191,0.000000,0.000000,0.000000,0.000000,0.065272,-0.092395,-0.001391,-0.000920
1777057992.298536,0.715301,-0.758836,1.249530,-2.609231,-0.063329,0.043702,0.018861,-0.001406,0.750000,-0.750000,1.250000,3.665191,0.000000,0.000000,0.000000,0.000000,0.088577,-0.097834,-0.001368,-0.000977
1777057992.331914,0.721210,-0.757390,1.249530,-2.609302,-0.064866,0.042970,0.018976,-0.001439,0.750000,-0.750000,1.250000,3.665191,0.000000,0.000000,0.000000,0.000000,0.099831,-0.099646,-0.001301,-0.001039
1777057992.365379,0.724068,-0.756618,1.249491,-2.609379,-0.063691,0.041532,0.019079,-0.001509,0.750000,-0.750000,1.250000,3.665191,0.000000,0.000000,0.000000,0.000000,0.124238,-0.104749,-0.001306,-0.001097
1777057992.398706,0.728615,-0.755292,1.249412,-2.609460,-0.064837,0.040728,0.019053,-0.001600,0.750000,-0.750000,1.250000,3.665191,0.000000,0.000000,0.000000,0.000000,0.131049,-0.104130,-0.001234,-0.001136
1777057992.431848,0.731076,-0.754563,1.249385,-2.609545,-0.063599,0.039332,0.019105,-0.001694,0.750000,-0.750000,1.250000,3.665191,0.000000,0.000000,0.000000,0.000000,0.148154,-0.105830,-0.001074,-0.001159
1777057992.465220,0.734778,-0.753344,1.249355,-2.609632,-0.064304,0.038420,0.019074,-0.001815,0.750000,-0.750000,1.250000,3.665191,0.000000,0.000000,0.000000,0.000000,0.152895,-0.104372,-0.001017,-0.001169
1777057992.498542,0.736869,-0.752650,1.249298,-2.609720,-0.063044,0.037076,0.019064,-0.001917,0.750000,-0.750000,1.250000,3.665191,0.000000,0.000000,0.000000,0.000000,0.165560,-0.104261,-0.000951,-0.001169
1777057992.531855,0.740224,-0.751463,1.249281,-2.609807,-0.062926,0.035804,0.019081,-0.001980,0.750000,-0.750000,1.250000,3.665191,0.000000,0.000000,0.000000,0.000000,0.168572,-0.102090,-0.000829,-0.001173
1777057992.565212,0.741968,-0.750801,1.249258,-2.609895,-0.061180,0.034267,0.019121,-0.002050,0.750000,-0.750000,1.250000,3.665191,0.000000,0.000000,0.000000,0.000000,0.179542,-0.101267,-0.000786,-0.001183
1777057992.598578,0.744652,-0.749706,1.249223,-2.609981,-0.060421,0.032776,0.019104,-0.002094,0.750000,-0.750000,1.250000,3.665191,0.000000,0.000000,0.000000,0.000000,0.180829,-0.098373,-0.000730,-0.001194
1777057992.631921,0.745957,-0.749114,1.249179,-2.610068,-0.058513,0.031245,0.019100,-0.002166,0.750000,-0.750000,1.250000,3.665191,0.000000,0.000000,0.000000,0.000000,0.188264,-0.096164,-0.000649,-0.001215
1777057992.665323,0.747754,-0.748201,1.249139,-2.610154,-0.057797,0.029950,0.019059,-0.002274,0.750000,-0.750000,1.250000,3.665191,0.000000,0.000000,0.000000,0.000000,0.187329,-0.092500,-0.000550,-0.001235
1777057992.698628,0.748993,-0.747632,1.249139,-2.610240,-0.055523,0.028299,0.019100,-0.002298,0.750000,-0.750000,1.250000,3.665191,0.000000,0.000000,0.000000,0.000000,0.190135,-0.088841,-0.000454,-0.001253
1777057992.731937,0.750459,-0.746771,1.249117,-2.610328,-0.053975,0.026669,0.019085,-0.002347,0.750000,-0.750000,1.250000,3.665191,0.000000,0.000000,0.000000,0.000000,0.189154,-0.085345,-0.000440,-0.001273
1777057992.765432,0.751203,-0.746291,1.249097,-2.610418,-0.051691,0.025104,0.019089,-0.002403,0.750000,-0.750000,1.250000,3.665191,0.000000,0.000000,0.000000,0.000000,0.190358,-0.081150,-0.000384,-0.001283
1777057992.798663,0.752210,-0.745548,1.249086,-2.610508,-0.049620,0.023355,0.019085,-0.002436,0.750000,-0.750000,1.250000,3.665191,0.000000,0.000000,0.000000,0.000000,0.186923,-0.076856,-0.000330,-0.001290
1777057992.831910,0.752707,-0.745130,1.249075,-2.610599,-0.046943,0.021685,0.019089,-0.002469,0.750000,-0.750000,1.250000,3.665191,0.000000,0.000000,0.000000,0.000000,0.185760,-0.072104,-0.000294,-0.001292
1777057992.865221,0.753268,-0.744500,1.249087,-2.610691,-0.044179,0.019737,0.019107,-0.002472,0.750000,-0.750000,1.250000,3.665191,0.000000,0.000000,0.000000,0.000000,0.181171,-0.067587,-0.000259,-0.001289
1777057992.898542,0.753546,-0.744141,1.249093,-2.610783,-0.040675,0.017772,0.019120,-0.002450,0.750000,-0.750000,1.250000,3.665191,0.000000,0.000000,0.000000,0.000000,0.177639,-0.062252,-0.000272,-0.001288
1777057992.931913,0.753541,-0.743677,1.249049,-2.610874,-0.037845,0.015951,0.019060,-0.002481,0.750000,-0.750000,1.250000,3.665191,0.000000,0.000000,0.000000,0.000000,0.171881,-0.057498,-0.000277,-0.001289
1777057992.965190,0.753522,-0.743420,1.249046,-2.610965,-0.034776,0.014290,0.019042,-0.002490,0.750000,-0.750000,1.250000,3.665191,0.000000,0.000000,0.000000,0.000000,0.165210,-0.051480,-0.000177,-0.001293
1777057992.998644,0.753284,-0.743075,1.249034,-2.611055,-0.031632,0.012467,0.019006,-0.002496,0.750000,-0.750000,1.250000,3.665191,0.000000,0.000000,0.000000,0.000000,0.158026,-0.046585,-0.000159,-0.001302
1777057993.031896,0.753071,-0.742897,1.249013,-2.611144,-0.028719,0.010964,0.018954,-0.002519,0.750000,-0.750000,1.250000,3.665191,0.000000,0.000000,0.000000,0.000000,0.150176,-0.040694,-0.000125,-0.001311
1777057993.065225,0.752635,-0.742654,1.249054,-2.611235,-0.024875,0.008955,0.018956,-0.002476,0.750000,-0.750000,1.250000,3.665191,0.000000,0.000000,0.000000,0.000000,0.142183,-0.035857,-0.000072,-0.001319
1777057993.098637,0.752266,-0.742549,1.249020,-2.611326,-0.021761,0.007449,0.018865,-0.002483,0.750000,-0.750000,1.250000,3.665191,0.000000,0.000000,0.000000,0.000000,0.133319,-0.030062,-0.000144,-0.001324
1777057993.132017,0.752266,-0.742549,1.249020,-2.611326,-0.021761,0.007449,0.018865,-0.002483,0.750000,-0.750000,1.250000,3.665191,0.000000,0.000000,0.000000,0.000000,0.124589,-0.025294,-0.000065,-0.001326
1777057993.165246,0.751490,-0.742452,1.248960,-2.611418,-0.018098,0.005663,0.018736,-0.002468,0.750000,-0.750000,1.250000,3.665191,0.000000,0.000000,0.000000,0.000000,0.118151,-0.022495,-0.000055,-0.001724
1777057993.198711,0.751136,-0.742407,1.248974,-2.611509,-0.015413,0.004426,0.018689,-0.002498,0.750000,-0.750000,1.250000,3.665191,0.000000,0.000000,0.000000,0.000000,0.108139,-0.016909,0.000078,-0.001683
1777057993.231905,0.750422,-0.742408,1.248982,-2.611610,-0.012314,0.003015,0.018625,-0.002538,0.750000,-0.750000,1.250000,3.665191,0.000000,0.000000,0.000000,0.000000,0.100323,-0.012969,0.000065,-0.001648
1777057993.265202,0.749962,-0.742414,1.248997,-2.611736,-0.009339,0.001709,0.018552,-0.002615,0.750000,-0.750000,1.250000,3.665191,0.000000,0.000000,0.000000,0.000000,0.090711,-0.008265,0.000061,-0.001573
1777057993.298757,0.749118,-0.742504,1.249009,-2.611858,-0.005886,0.000247,0.018461,-0.002653,0.750000,-0.750000,1.250000,3.665191,0.000000,0.000000,0.000000,0.000000,0.082517,-0.004416,0.000042,-0.001388
1777057993.331877,0.748613,-0.742563,1.248994,-2.611972,-0.003163,-0.000892,0.018339,-0.002697,0.750000,-0.750000,1.250000,3.665191,0.000000,0.000000,0.000000,0.000000,0.072231,0.000094,0.000029,-0.001229
1777057993.365284,0.747821,-0.742729,1.248976,-2.612070,-0.000345,-0.001987,0.018215,-0.002714,0.750000,-0.750000,1.250000,3.665191,0.000000,0.000000,0.000000,0.000000,0.063954,0.003661,0.000070,-0.001120
1777057993.398583,0.747322,-0.742826,1.248993,-2.612154,0.002327,-0.003056,0.018109,-0.002656,0.750000,-0.750000,1.250000,3.665191,0.000000,0.000000,0.000000,0.000000,0.054095,0.007449,0.000119,-0.001083
1777057993.431877,0.746617,-0.743051,1.248963,-2.612228,0.004759,-0.003909,0.017965,-0.002625,0.750000,-0.750000,1.250000,3.665191,0.000000,0.000000,0.000000,0.000000,0.046098,0.010638,0.000098,-0.001111
1777057993.465204,0.746190,-0.743178,1.248956,-2.612300,0.006812,-0.004676,0.017844,-0.002586,0.750000,-0.750000,1.250000,3.665191,0.000000,0.000000,0.000000,0.000000,0.036900,0.013701,0.000174,-0.001178
1777057993.498533,0.745582,-0.743445,1.248951,-2.612375,0.009032,-0.005376,0.017720,-0.002565,0.750000,-0.750000,1.250000,3.665191,0.000000,0.000000,0.000000,0.000000,0.029639,0.016327,0.000203,-0.001248
1777057993.531968,0.745196,-0.743602,1.248964,-2.612456,0.010972,-0.006060,0.017609,-0.002554,0.750000,-0.750000,1.250000,3.665191,0.000000,0.000000,0.000000,0.000000,0.021252,0.018701,0.000231,-0.001293
1777057993.565238,0.744705,-0.743906,1.248960,-2.612543,0.012968,-0.006609,0.017477,-0.002573,0.750000,-0.750000,1.250000,3.665191,0.000000,0.000000,0.000000,0.000000,0.014515,0.020891,0.000220,-0.001302
1777057993.598571,0.744394,-0.744083,1.248961,-2.612634,0.014677,-0.007169,0.017346,-0.002594,0.750000,-0.750000,1.250000,3.665191,0.000000,0.000000,0.000000,0.000000,0.007008,0.022566,0.000243,-0.001280
1777057993.631877,0.744048,-0.744409,1.248967,-2.612725,0.016401,-0.007563,0.017220,-0.002623,0.750000,-0.750000,1.250000,3.665191,0.000000,0.000000,0.000000,0.000000,0.000978,0.024281,0.000257,-0.001240
1777057993.665248,0.743797,-0.744606,1.248987,-2.612813,0.018029,-0.008067,0.017093,-0.002612,0.750000,-0.750000,1.250000,3.665191,0.000000,0.000000,0.000000,0.000000,-0.005496,0.025271,0.000263,-0.001198
1777057993.698623,0.743613,-0.744946,1.248974,-2.612897,0.019488,-0.008319,0.016938,-0.002615,0.750000,-0.750000,1.250000,3.665191,0.000000,0.000000,0.000000,0.000000,-0.010946,0.026587,0.000238,-0.001165
1777057993.731884,0.743494,-0.745138,1.248977,-2.612977,0.020709,-0.008647,0.016805,-0.002614,0.750000,-0.750000,1.250000,3.665191,0.000000,0.000000,0.000000,0.000000,-0.016316,0.026906,0.000280,-0.001151
1777057993.765286,0.743451,-0.745484,1.248986,-2.613054,0.021942,-0.008787,0.016670,-0.002592,0.750000,-0.750000,1.250000,3.665191,0.000000,0.000000,0.000000,0.000000,-0.020751,0.027734,0.000291,-0.001149
1777057993.798556,0.743426,-0.745678,1.248977,-2.613129,0.022961,-0.009024,0.016521,-0.002583,0.750000,-0.750000,1.250000,3.665191,0.000000,0.000000,0.000000,0.000000,-0.025108,0.027496,0.000288,-0.001157
1777057993.831964,0.743544,-0.746019,1.248994,-2.613205,0.023929,-0.009044,0.016394,-0.002562,0.750000,-0.750000,1.250000,3.665191,0.000000,0.000000,0.000000,0.000000,-0.028774,0.027933,0.000322,-0.001166
1777057993.865213,0.743579,-0.746224,1.249010,-2.613281,0.024917,-0.009266,0.016252,-0.002529,0.750000,-0.750000,1.250000,3.665191,0.000000,0.000000,0.000000,0.000000,-0.032019,0.027138,0.000304,-0.001168
1777057993.898620,0.743840,-0.746581,1.249031,-2.613359,0.025830,-0.009250,0.016092,-0.002476,0.750000,-0.750000,1.250000,3.665191,0.000000,0.000000,0.000000,0.000000,-0.035167,0.027265,0.000287,-0.001164
1777057993.931992,0.743978,-0.746777,1.249046,-2.613437,0.026711,-0.009445,0.015926,-0.002431,0.750000,-0.750000,1.250000,3.665191,0.000000,0.000000,0.000000,0.000000,-0.037526,0.025914,0.000260,-0.001151
1777057993.965301,0.744452,-0.747085,1.249035,-2.613513,0.027197,-0.009282,0.015744,-0.002410,0.750000,-0.750000,1.250000,3.665191,0.000000,0.000000,0.000000,0.000000,-0.039951,0.025740,0.000244,-0.001135
1777057993.998554,0.744703,-0.747251,1.249022,-2.613589,0.027743,-0.009357,0.015567,-0.002400,0.750000,-0.750000,1.250000,3.665191,0.000000,0.000000,0.000000,0.000000,-0.040893,0.023952,0.000283,-0.001119
1777057994.031916,0.745281,-0.747535,1.249038,-2.613664,0.028052,-0.009149,0.015414,-0.002372,0.750000,-0.750000,1.250000,3.665191,0.000000,0.000000,0.000000,0.000000,-0.042451,0.023538,0.000326,-0.001104
1777057994.065208,0.745639,-0.747672,1.249013,-2.613737,0.028332,-0.009129,0.015242,-0.002390,0.750000,-0.750000,1.250000,3.665191,0.000000,0.000000,0.000000,0.000000,-0.042608,0.021519,0.000310,-0.001090
1777057994.098538,0.746324,-0.747919,1.249023,-2.613809,0.028410,-0.008855,0.015092,-0.002372,0.750000,-0.750000,1.250000,3.665191,0.000000,0.000000,0.000000,0.000000,-0.043347,0.020877,0.000380,-0.001081
1777057994.131915,0.746710,-0.748060,1.249039,-2.613881,0.028702,-0.008856,0.014945,-0.002350,0.750000,-0.750000,1.250000,3.665191,0.000000,0.000000,0.000000,0.000000,-0.042657,0.018669,0.000379,-0.001069
1777057994.165196,0.747539,-0.748268,1.249042,-2.613951,0.028564,-0.008526,0.014784,-0.002331,0.750000,-0.750000,1.250000,3.665191,0.000000,0.000000,0.000000,0.000000,-0.043110,0.017884,0.000365,-0.001057
1777057994.198668,0.747986,-0.748392,1.249048,-2.614021,0.028768,-0.008517,0.014616,-0.002300,0.750000,-0.750000,1.250000,3.665191,0.000000,0.000000,0.000000,0.000000,-0.041426,0.015406,0.000378,-0.001046
1777057994.231928,0.748906,-0.748578,1.249081,-2.614091,0.028583,-0.008213,0.014459,-0.002249,0.750000,-0.750000,1.250000,3.665191,0.000000,0.000000,0.000000,0.000000,-0.041382,0.014493,0.000383,-0.001033
1777057994.265246,0.749435,-0.748665,1.249072,-2.614159,0.028636,-0.008179,0.014273,-0.002223,0.750000,-0.750000,1.250000,3.665191,0.000000,0.000000,0.000000,0.000000,-0.039068,0.011836,0.000334,-0.001019
1777057994.298732,0.750430,-0.748785,1.249062,-2.614226,0.028207,-0.007825,0.014095,-0.002206,0.750000,-0.750000,1.250000,3.665191,0.000000,0.000000,0.000000,0.000000,-0.038405,0.010856,0.000370,-0.001009
1777057994.331900,0.750960,-0.748860,1.249084,-2.614293,0.028235,-0.007806,0.013940,-0.002175,0.750000,-0.750000,1.250000,3.665191,0.000000,0.000000,0.000000,0.000000,-0.035397,0.008290,0.000409,-0.000999
1777057994.365231,0.752004,-0.748934,1.249072,-2.614358,0.027672,-0.007439,0.013770,-0.002173,0.750000,-0.750000,1.250000,3.665191,0.000000,0.000000,0.000000,0.000000,-0.034596,0.007340,0.000383,-0.000987
1777057994.398634,0.752565,-0.748984,1.249076,-2.614423,0.027594,-0.007395,0.013606,-0.002155,0.750000,-0.750000,1.250000,3.665191,0.000000,0.000000,0.000000,0.000000,-0.031106,0.004837,0.000427,-0.000977
1777057994.431874,0.753618,-0.749032,1.249091,-2.614487,0.027014,-0.007063,0.013459,-0.002140,0.750000,-0.750000,1.250000,3.665191,0.000000,0.000000,0.000000,0.000000,-0.029971,0.003887,0.000438,-0.000963
1777057994.465299,0.754201,-0.749063,1.249103,-2.614551,0.026901,-0.007033,0.013296,-0.002113,0.750000,-0.750000,1.250000,3.665191,0.000000,0.000000,0.000000,0.000000,-0.026277,0.001465,0.000425,-0.000950
1777057994.498563,0.755273,-0.749075,1.249101,-2.614613,0.026271,-0.006725,0.013123,-0.002093,0.750000,-0.750000,1.250000,3.665191,0.000000,0.000000,0.000000,0.000000,-0.024898,0.000526,0.000419,-0.000935
1777057994.532015,0.755842,-0.749098,1.249145,-2.614675,0.026232,-0.006768,0.012964,-0.002037,0.750000,-0.750000,1.250000,3.665191,0.000000,0.000000,0.000000,0.000000,-0.020930,-0.001789,0.000444,-0.000922
1777057994.565202,0.756939,-0.749068,1.249135,-2.614735,0.025551,-0.006491,0.012774,-0.002010,0.750000,-0.750000,1.250000,3.665191,0.000000,0.000000,0.000000,0.000000,-0.019552,-0.002655,0.000373,-0.000907
1777057994.598696,0.757533,-0.749048,1.249122,-2.614794,0.025336,-0.006467,0.012594,-0.001996,0.750000,-0.750000,1.250000,3.665191,0.000000,0.000000,0.000000,0.000000,-0.015287,-0.004842,0.000410,-0.000898
1777057994.631907,0.758543,-0.748999,1.249136,-2.614853,0.024693,-0.006234,0.012445,-0.001980,0.750000,-0.750000,1.250000,3.665191,0.000000,0.000000,0.000000,0.000000,-0.013590,-0.005587,0.000455,-0.000889
1777057994.665232,0.759111,-0.748968,1.249138,-2.614911,0.024481,-0.006225,0.012286,-0.001968,0.750000,-0.750000,1.250000,3.665191,0.000000,0.000000,0.000000,0.000000,-0.009653,-0.007439,0.000444,-0.000879
1777057994.698568,0.760074,-0.748899,1.249146,-2.614968,0.023876,-0.006042,0.012120,-0.001944,0.750000,-0.750000,1.250000,3.665191,0.000000,0.000000,0.000000,0.000000,-0.008000,-0.008084,0.000459,-0.000867
1777057994.731871,0.760621,-0.748857,1.249164,-2.615025,0.023688,-0.006065,0.011971,-0.001922,0.750000,-0.750000,1.250000,3.665191,0.000000,0.000000,0.000000,0.000000,-0.004183,-0.009730,0.000462,-0.000853
1777057994.765326,0.761543,-0.748761,1.249165,-2.615081,0.023073,-0.005904,0.011810,-0.001910,0.750000,-0.750000,1.250000,3.665191,0.000000,0.000000,0.000000,0.000000,-0.002551,-0.010280,0.000443,-0.000839
1777057994.798686,0.762041,-0.748715,1.249181,-2.615136,0.022961,-0.005980,0.011640,-0.001870,0.750000,-0.750000,1.250000,3.665191,0.000000,0.000000,0.000000,0.000000,0.001184,-0.011694,0.000460,-0.000825
1777057994.831909,0.762911,-0.748604,1.249203,-2.615190,0.022430,-0.005896,0.011479,-0.001833,0.750000,-0.750000,1.250000,3.665191,0.000000,0.000000,0.000000,0.000000,0.002616,-0.012102,0.000445,-0.000810
1777057994.865213,0.763402,-0.748535,1.249196,-2.615243,0.022246,-0.005945,0.011308,-0.001815,0.750000,-0.750000,1.250000,3.665191,0.000000,0.000000,0.000000,0.000000,0.006165,-0.013303,0.000418,-0.000799
1777057994.898679,0.764166,-0.748420,1.249213,-2.615295,0.021825,-0.005930,0.011131,-0.001770,0.750000,-0.750000,1.250000,3.665191,0.000000,0.000000,0.000000,0.000000,0.007676,-0.013600,0.000448,-0.000790
1777057994.931894,0.764612,-0.748344,1.249217,-2.615346,0.021671,-0.006002,0.010972,-0.001751,0.750000,-0.750000,1.250000,3.665191,0.000000,0.000000,0.000000,0.000000,0.010731,-0.014485,0.000432,-0.000778
1777057994.965222,0.765299,-0.748216,1.249217,-2.615396,0.021234,-0.005975,0.010813,-0.001737,0.750000,-0.750000,1.250000,3.665191,0.000000,0.000000,0.000000,0.000000,0.012073,-0.014646,0.000442,-0.000770
1777057994.998645,0.765678,-0.748144,1.249217,-2.615446,0.021131,-0.006067,0.010653,-0.001720,0.750000,-0.750000,1.250000,3.665191,0.000000,0.000000,0.000000,0.000000,0.014832,-0.015276,0.000458,-0.000759
1777057995.031870,0.766271,-0.748016,1.249240,-2.615496,0.020789,-0.006094,0.010513,-0.001697,0.750000,-0.750000,1.250000,3.665191,0.000000,0.000000,0.000000,0.000000,0.015874,-0.015291,0.000476,-0.000748
1777057995.065230,0.766607,-0.747941,1.249245,-2.615544,0.020716,-0.006203,0.010358,-0.001678,0.750000,-0.750000,1.250000,3.665191,0.000000,0.000000,0.000000,0.000000,0.018204,-0.015681,0.000448,-0.000734
1777057995.098627,0.767112,-0.747813,1.249254,-2.615592,0.020463,-0.006279,0.010192,-0.001646,0.750000,-0.750000,1.250000,3.665191,0.000000,0.000000,0.000000,0.000000,0.019092,-0.015595,0.000453,-0.000721
1777057995.131898,0.767412,-0.747735,1.249264,-2.615639,0.020397,-0.006388,0.010050,-0.001630,0.750000,-0.750000,1.250000,3.665191,0.000000,0.000000,0.000000,0.000000,0.021022,-0.015762,0.000453,-0.000708
1777057995.165296,0.767829,-0.747612,1.249275,-2.615685,0.020199,-0.006482,0.009900,-0.001605,0.750000,-0.750000,1.250000,3.665191,0.000000,0.000000,0.000000,0.000000,0.021785,-0.015595,0.000450,-0.000697
1777057995.198677,0.768068,-0.747539,1.249273,-2.615730,0.020182,-0.006610,0.009742,-0.001585,0.750000,-0.750000,1.250000,3.665191,0.000000,0.000000,0.000000,0.000000,0.023304,-0.015559,0.000444,-0.000686
1777057995.231941,0.768395,-0.747423,1.249297,-2.615774,0.020059,-0.006733,0.009607,-0.001558,0.750000,-0.750000,1.250000,3.665191,0.000000,0.000000,0.000000,0.000000,0.023802,-0.015281,0.000465,-0.000676
1777057995.265229,0.768593,-0.747354,1.249297,-2.615818,0.020058,-0.006860,0.009460,-0.001542,0.750000,-0.750000,1.250000,3.665191,0.000000,0.000000,0.000000,0.000000,0.024905,-0.015060,0.000433,-0.000665
1777057995.298643,0.768836,-0.747248,1.249303,-2.615861,0.019996,-0.007001,0.009309,-0.001518,0.750000,-0.750000,1.250000,3.665191,0.000000,0.000000,0.000000,0.000000,0.025241,-0.014716,0.000447,-0.000656
1777057995.331935,0.768919,-0.747193,1.249347,-2.615904,0.020173,-0.007221,0.009159,-0.001465,0.750000,-0.750000,1.250000,3.665191,0.000000,0.000000,0.000000,0.000000,0.025942,-0.014339,0.000452,-0.000644
1777057995.365213,0.769143,-0.747088,1.249331,-2.615945,0.020091,-0.007342,0.008994,-0.001450,0.750000,-0.750000,1.250000,3.665191,0.000000,0.000000,0.000000,0.000000,0.025702,-0.013766,0.000378,-0.000631
1777057995.398638,0.769240,-0.747032,1.249329,-2.615986,0.020158,-0.007484,0.008842,-0.001431,0.750000,-0.750000,1.250000,3.665191,0.000000,0.000000,0.000000,0.000000,0.026363,-0.013373,0.000424,-0.000624
1777057995.431913,0.769351,-0.746950,1.249340,-2.616026,0.020173,-0.007628,0.008717,-0.001418,0.750000,-0.750000,1.250000,3.665191,0.000000,0.000000,0.000000,0.000000,0.026262,-0.012887,0.000444,-0.000614
1777057995.465240,0.769372,-0.746907,1.249359,-2.616066,0.020312,-0.007796,0.008577,-0.001388,0.750000,-0.750000,1.250000,3.665191,0.000000,0.000000,0.000000,0.000000,0.026348,-0.012322,0.000437,-0.000605
1777057995.498630,0.769415,-0.746837,1.249355,-2.616105,0.020384,-0.007956,0.008426,-0.001368,0.750000,-0.750000,1.250000,3.665191,0.000000,0.000000,0.000000,0.000000,0.025892,-0.011715,0.000415,-0.000593
1777057995.531930,0.769436,-0.746797,1.249370,-2.616143,0.020480,-0.008088,0.008304,-0.001351,0.750000,-0.750000,1.250000,3.665191,0.000000,0.000000,0.000000,0.000000,0.025665,-0.011061,0.000438,-0.000584
1777057995.565225,0.769374,-0.746748,1.249388,-2.616181,0.020656,-0.008284,0.008163,-0.001318,0.750000,-0.750000,1.250000,3.665191,0.000000,0.000000,0.000000,0.000000,0.025270,-0.010519,0.000421,-0.000573
1777057995.598685,0.769374,-0.746748,1.249388,-2.616181,0.020656,-0.008284,0.008163,-0.001318,0.750000,-0.750000,1.250000,3.665191,0.000000,0.000000,0.000000,0.000000,0.024515,-0.009701,0.000400,-0.000562
1777057995.631955,0.769139,-0.746698,1.249450,-2.616253,0.021083,-0.008649,0.007936,-0.001289,0.750000,-0.750000,1.250000,3.665191,0.000000,0.000000,0.000000,0.000000,0.023990,-0.009361,0.000412,-0.000716
1777057995.665276,0.769201,-0.746661,1.249419,-2.616293,0.021087,-0.008722,0.007759,-0.001281,0.750000,-0.750000,1.250000,3.665191,0.000000,0.000000,0.000000,0.000000,0.022426,-0.008062,0.000299,-0.000535
1777057995.698717,0.769201,-0.746661,1.249419,-2.616293,0.021087,-0.008722,0.007759,-0.001281,0.750000,-0.750000,1.250000,3.665191,0.000000,0.000000,0.000000,0.000000,0.022377,-0.007744,0.000373,-0.000507
1777057995.731933,0.769176,-0.746623,1.249392,-2.616339,0.021173,-0.008848,0.007573,-0.001277,0.750000,-0.750000,1.250000,3.665191,0.000000,0.000000,0.000000,0.000000,0.021949,-0.007462,0.000385,-0.000656
1777057995.765248,0.769002,-0.746624,1.249435,-2.616377,0.021407,-0.009012,0.007452,-0.001240,0.750000,-0.750000,1.250000,3.665191,0.000000,0.000000,0.000000,0.000000,0.021533,-0.006922,0.000455,-0.000586
1777057995.798614,0.768888,-0.746612,1.249427,-2.616421,0.021546,-0.009132,0.007312,-0.001255,0.750000,-0.750000,1.250000,3.665191,0.000000,0.000000,0.000000,0.000000,0.020274,-0.006161,0.000382,-0.000553
1777057995.831880,0.768791,-0.746609,1.249429,-2.616461,0.021660,-0.009229,0.007174,-0.001243,0.750000,-0.750000,1.250000,3.665191,0.000000,0.000000,0.000000,0.000000,0.019392,-0.005527,0.000412,-0.000492
1777057995.865234,0.768615,-0.746614,1.249442,-2.616494,0.021844,-0.009354,0.007059,-0.001223,0.750000,-0.750000,1.250000,3.665191,0.000000,0.000000,0.000000,0.000000,0.018610,-0.005010,0.000422,-0.000453
1777057995.898597,0.768495,-0.746619,1.249451,-2.616525,0.021956,-0.009440,0.006933,-0.001189,0.750000,-0.750000,1.250000,3.665191,0.000000,0.000000,0.000000,0.000000,0.017428,-0.004319,0.000410,-0.000438
1777057995.931949,0.768190,-0.746650,1.249471,-2.616553,0.022239,-0.009602,0.006778,-0.001131,0.750000,-0.750000,1.250000,3.665191,0.000000,0.000000,0.000000,0.000000,0.016575,-0.003813,0.000404,-0.000435
1777057995.965253,0.768134,-0.746653,1.249472,-2.616579,0.022257,-0.009637,0.006650,-0.001095,0.750000,-0.750000,1.250000,3.665191,0.000000,0.000000,0.000000,0.000000,0.014734,-0.002905,0.000378,-0.000443
1777057995.998694,0.767929,-0.746683,1.249474,-2.616606,0.022424,-0.009725,0.006525,-0.001064,0.750000,-0.750000,1.250000,3.665191,0.000000,0.000000,0.000000,0.000000,0.014285,-0.002617,0.000388,-0.000456
1777057996.031904,0.767929,-0.746683,1.249474,-2.616606,0.022424,-0.009725,0.006525,-0.001064,0.750000,-0.750000,1.250000,3.665191,0.000000,0.000000,0.000000,0.000000,0.013022,-0.002035,0.000397,-0.000462
1777057996.065214,0.767725,-0.746710,1.249484,-2.616634,0.022536,-0.009801,0.006346,-0.001013,0.750000,-0.750000,1.250000,3.665191,0.000000,0.000000,0.000000,0.000000,0.012917,-0.001927,0.000409,-0.000582
1777057996.098607,0.767455,-0.746758,1.249508,-2.616664,0.022713,-0.009886,0.006214,-0.000978,0.750000,-0.750000,1.250000,3.665191,0.000000,0.000000,0.000000,0.000000,0.011724,-0.001369,0.000402,-0.000565
1777057996.132100,0.767345,-0.746778,1.249511,-2.616698,0.022708,-0.009898,0.006066,-0.000963,0.750000,-0.750000,1.250000,3.665191,0.000000,0.000000,0.000000,0.000000,0.010174,-0.000732,0.000365,-0.000544
1777057996.165283,0.767178,-0.746822,1.249498,-2.616732,0.022786,-0.009922,0.005931,-0.000967,0.750000,-0.750000,1.250000,3.665191,0.000000,0.000000,0.000000,0.000000,0.009560,-0.000453,0.000372,-0.000498
1777057996.198705,0.767081,-0.746846,1.249508,-2.616764,0.022776,-0.009921,0.005830,-0.000969,0.750000,-0.750000,1.250000,3.665191,0.000000,0.000000,0.000000,0.000000,0.008614,-0.000135,0.000411,-0.000457
1777057996.231944,0.766854,-0.746904,1.249515,-2.616793,0.022898,-0.009954,0.005721,-0.000957,0.750000,-0.750000,1.250000,3.665191,0.000000,0.000000,0.000000,0.000000,0.008108,0.000063,0.000403,-0.000423
1777057996.265285,0.766735,-0.746935,1.249515,-2.616818,0.022891,-0.009949,0.005609,-0.000938,0.750000,-0.750000,1.250000,3.665191,0.000000,0.000000,0.000000,0.000000,0.006864,0.000460,0.000403,-0.000404
1777057996.298588,0.766735,-0.746935,1.249515,-2.616818,0.022891,-0.009949,0.005609,-0.000938,0.750000,-0.750000,1.250000,3.665191,0.000000,0.000000,0.000000,0.000000,0.006280,0.000660,0.000416,-0.000398
1777057996.331990,0.766537,-0.746999,1.249523,-2.616842,0.022941,-0.009943,0.005485,-0.000903,0.750000,-0.750000,1.250000,3.665191,0.000000,0.000000,0.000000,0.000000,0.006388,0.000665,0.000428,-0.000503
1777057996.365293,0.766347,-0.747042,1.249543,-2.616864,0.022960,-0.009948,0.005383,-0.000871,0.750000,-0.750000,1.250000,3.665191,0.000000,0.000000,0.000000,0.000000,0.005325,0.000921,0.000424,-0.000494
1777057996.398769,0.766143,-0.747110,1.249542,-2.616888,0.023020,-0.009939,0.005270,-0.000856,0.750000,-0.750000,1.250000,3.665191,0.000000,0.000000,0.000000,0.000000,0.004394,0.001246,0.000393,-0.000489
1777057996.432063,0.766038,-0.747146,1.249557,-2.616920,0.022963,-0.009904,0.005184,-0.000868,0.750000,-0.750000,1.250000,3.665191,0.000000,0.000000,0.000000,0.000000,0.003351,0.001470,0.000408,-0.000472
1777057996.465233,0.765818,-0.747222,1.249566,-2.616952,0.023027,-0.009891,0.005087,-0.000876,0.750000,-0.750000,1.250000,3.665191,0.000000,0.000000,0.000000,0.000000,0.002924,0.001555,0.000387,-0.000420
1777057996.498668,0.765651,-0.747270,1.249576,-2.616983,0.022977,-0.009858,0.004975,-0.000867,0.750000,-0.750000,1.250000,3.665191,0.000000,0.000000,0.000000,0.000000,0.001821,0.001770,0.000379,-0.000369
1777057996.532001,0.765470,-0.747346,1.249588,-2.617009,0.022982,-0.009814,0.004884,-0.000857,0.750000,-0.750000,1.250000,3.665191,0.000000,0.000000,0.000000,0.000000,0.001102,0.001953,0.000369,-0.000323
1777057996.565346,0.765359,-0.747388,1.249596,-2.617031,0.022885,-0.009758,0.004785,-0.000832,0.750000,-0.750000,1.250000,3.665191,0.000000,0.000000,0.000000,0.000000,0.000258,0.002028,0.000354,-0.000301
1777057996.598548,0.765135,-0.747473,1.249602,-2.617048,0.022888,-0.009714,0.004675,-0.000794,0.750000,-0.750000,1.250000,3.665191,0.000000,0.000000,0.000000,0.000000,-0.000117,0.002057,0.000348,-0.000298
1777057996.631902,0.765029,-0.747516,1.249618,-2.617064,0.022746,-0.009641,0.004581,-0.000756,0.750000,-0.750000,1.250000,3.665191,0.000000,0.000000,0.000000,0.000000,-0.001158,0.002196,0.000344,-0.000311
1777057996.665331,0.765029,-0.747516,1.249618,-2.617064,0.022746,-0.009641,0.004581,-0.000756,0.750000,-0.750000,1.250000,3.665191,0.000000,0.000000,0.000000,0.000000,-0.001450,0.002184,0.000321,-0.000329
1777057996.698685,0.764907,-0.747591,1.249617,-2.617081,0.022602,-0.009534,0.004453,-0.000718,0.750000,-0.750000,1.250000,3.665191,0.000000,0.000000,0.000000,0.000000,-0.001107,0.002092,0.000329,-0.000414
1777057996.731987,0.764777,-0.747636,1.249624,-2.617099,0.022469,-0.009468,0.004351,-0.000692,0.750000,-0.750000,1.250000,3.665191,0.000000,0.000000,0.000000,0.000000,-0.001586,0.001970,0.000340,-0.000417
1777057996.765245,0.764583,-0.747716,1.249643,-2.617119,0.022384,-0.009390,0.004256,-0.000671,0.750000,-0.750000,1.250000,3.665191,0.000000,0.000000,0.000000,0.000000,-0.001983,0.002013,0.000335,-0.000412
1777057996.798642,0.764548,-0.747749,1.249641,-2.617140,0.022168,-0.009287,0.004156,-0.000664,0.750000,-0.750000,1.250000,3.665191,0.000000,0.000000,0.000000,0.000000,-0.002789,0.002053,0.000306,-0.000396
1777057996.832014,0.764367,-0.747826,1.249647,-2.617162,0.022053,-0.009200,0.004048,-0.000649,0.750000,-0.750000,1.250000,3.665191,0.000000,0.000000,0.000000,0.000000,-0.002625,0.001860,0.000318,-0.000373
1777057996.865242,0.764335,-0.747858,1.249640,-2.617183,0.021816,-0.009091,0.003944,-0.000642,0.750000,-0.750000,1.250000,3.665191,0.000000,0.000000,0.000000,0.000000,-0.003305,0.001861,0.000313,-0.000347
1777057996.898675,0.764257,-0.747915,1.249647,-2.617203,0.021670,-0.008993,0.003869,-0.000639,0.750000,-0.750000,1.250000,3.665191,0.000000,0.000000,0.000000,0.000000,-0.003077,0.001652,0.000337,-0.000326
1777057996.931902,0.764257,-0.747915,1.249647,-2.617203,0.021670,-0.008993,0.003869,-0.000639,0.750000,-0.750000,1.250000,3.665191,0.000000,0.000000,0.000000,0.000000,-0.003161,0.001444,0.000334,-0.000312
1777057996.965233,0.764245,-0.747952,1.249644,-2.617221,0.021406,-0.008865,0.003772,-0.000624,0.750000,-0.750000,1.250000,3.665191,0.000000,0.000000,0.000000,0.000000,-0.002719,0.001314,0.000342,-0.000383
1777057996.998583,0.764102,-0.748011,1.249666,-2.617238,0.021305,-0.008795,0.003713,-0.000611,0.750000,-0.750000,1.250000,3.665191,0.000000,0.000000,0.000000,0.000000,-0.002430,0.001025,0.000356,-0.000366
1777057997.031910,0.763984,-0.748051,1.249681,-2.617256,0.021099,-0.008707,0.003629,-0.000595,0.750000,-0.750000,1.250000,3.665191,0.000000,0.000000,0.000000,0.000000,-0.002872,0.001008,0.000321,-0.000355
1777057997.065296,0.763881,-0.748109,1.249683,-2.617279,0.020907,-0.008599,0.003536,-0.000594,0.750000,-0.750000,1.250000,3.665191,0.000000,0.000000,0.000000,0.000000,-0.003101,0.001003,0.000297,-0.000337
1777057997.098537,0.763819,-0.748141,1.249700,-2.617301,0.020638,-0.008486,0.003459,-0.000588,0.750000,-0.750000,1.250000,3.665191,0.000000,0.000000,0.000000,0.000000,-0.003283,0.000857,0.000301,-0.000298
1777057997.131875,0.763790,-0.748183,1.249698,-2.617321,0.020431,-0.008374,0.003382,-0.000593,0.750000,-0.750000,1.250000,3.665191,0.000000,0.000000,0.000000,0.000000,-0.003159,0.000714,0.000273,-0.000262
1777057997.165302,0.763761,-0.748208,1.249698,-2.617338,0.020210,-0.008277,0.003310,-0.000587,0.000000,0.000000,1.550000,6.283185,0.000000,0.000000,0.000000,0.000000,-0.002901,0.000419,0.000285,-0.000239
1777057997.198548,0.763667,-0.748257,1.249713,-2.617352,0.020050,-0.008189,0.003253,-0.000571,0.000000,0.000000,1.550000,6.283185,0.000000,0.000000,0.000000,0.000000,0.097389,-0.099623,0.100256,0.099785
1777057997.232007,0.763594,-0.748288,1.249720,-2.615108,0.019821,-0.008095,0.003186,0.005539,0.000000,0.000000,1.550000,6.283185,0.000000,0.000000,0.000000,0.000000,0.148185,-0.189661,0.163458,0.154197
1777057997.265234,0.762751,-0.748106,1.249708,-2.605192,0.020253,-0.008663,0.003113,0.034856,0.000000,0.000000,1.550000,6.283185,0.000000,0.000000,0.000000,0.000000,0.193454,-0.270695,0.220351,0.203213
1777057997.298582,0.762211,-0.748015,1.256098,-2.589922,0.020071,-0.009305,0.010837,0.068965,0.000000,0.000000,1.550000,6.283185,0.000000,0.000000,0.000000,0.000000,0.230711,-0.343625,0.271583,0.247465
1777057997.331907,0.761977,-0.747969,1.259276,-2.570952,0.019789,-0.009592,0.014400,0.115420,0.000000,0.000000,1.550000,6.283185,0.000000,0.000000,0.000000,0.000000,0.260983,-0.409263,0.307840,0.287579
1777057997.365298,0.759372,-0.746966,1.260848,-2.548648,0.021324,-0.012109,0.015814,0.175552,0.000000,0.000000,1.550000,6.283185,0.000000,0.000000,0.000000,0.000000,0.284154,-0.468336,0.343986,0.324043
1777057997.398647,0.753892,-0.744648,1.276628,-2.523038,0.024014,-0.018762,0.034389,0.239054,0.000000,0.000000,1.550000,6.283185,0.000000,0.000000,0.000000,0.000000,0.296650,-0.521503,0.378315,0.357287
1777057997.431943,0.750780,-0.743341,1.285168,-2.494805,0.025294,-0.022341,0.043714,0.304516,0.000000,0.000000,1.550000,6.283185,0.000000,0.000000,0.000000,0.000000,0.298115,-0.569353,0.386318,0.387688
1777057997.465220,0.743615,-0.740036,1.289782,-2.464316,0.029093,-0.030045,0.047595,0.371316,0.000000,0.000000,1.550000,6.283185,0.000000,0.000000,0.000000,0.000000,0.294696,-0.612417,0.401194,0.415564
1777057997.498549,0.739551,-0.738189,1.311558,-2.431879,0.030171,-0.035774,0.072707,0.439674,0.000000,0.000000,1.550000,6.283185,0.000000,0.000000,0.000000,0.000000,0.279725,-0.651176,0.418932,0.441199
1777057997.532007,0.730303,-0.733602,1.323879,-2.397208,0.034066,-0.046598,0.084699,0.496243,0.000000,0.000000,1.550000,6.283185,0.000000,0.000000,0.000000,0.000000,0.260919,-0.686058,0.404970,0.464857
1777057997.565251,0.724977,-0.730984,1.330593,-2.361150,0.035756,-0.052201,0.089679,0.546313,0.000000,0.000000,1.550000,6.283185,0.000000,0.000000,0.000000,0.000000,0.230856,-0.717452,0.402592,0.486748
1777057997.598614,0.724977,-0.730984,1.330593,-2.361150,0.035756,-0.052201,0.089679,0.546313,0.000000,0.000000,1.550000,6.283185,0.000000,0.000000,0.000000,0.000000,0.197788,-0.745707,0.406999,0.507072
1777057997.631943,0.713596,-0.724836,1.355129,-2.323436,0.039116,-0.066652,0.115210,0.584066,0.000000,0.000000,1.550000,6.283185,0.000000,0.000000,0.000000,0.000000,0.171848,-0.771136,0.421033,0.525364
1777057997.665323,0.706090,-0.721006,1.371346,-2.246433,0.040133,-0.073963,0.127386,0.642830,0.000000,0.000000,1.550000,6.283185,0.000000,0.000000,0.000000,0.000000,0.131642,-0.794023,0.389990,0.542439
1777057997.698700,0.694321,-0.713847,1.397500,-2.205955,0.042074,-0.089760,0.154099,0.706994,0.000000,0.000000,1.550000,6.283185,0.000000,0.000000,0.000000,0.000000,0.079708,-0.814620,0.370082,0.559118
1777057997.731897,0.677981,-0.703444,1.410732,-2.164372,0.043864,-0.110328,0.163502,0.762182,0.000000,0.000000,1.550000,6.283185,0.000000,0.000000,0.000000,0.000000,0.023479,-0.833158,0.328685,0.574785
1777057997.765214,0.668923,-0.697741,1.417697,-2.122033,0.043934,-0.120248,0.165963,0.813182,0.000000,0.000000,1.550000,6.283185,0.000000,0.000000,0.000000,0.000000,-0.036336,-0.849843,0.308409,0.589541
1777057997.798820,0.653432,-0.686904,1.437709,-2.079236,0.043323,-0.140524,0.183707,0.869218,0.000000,0.000000,1.550000,6.283185,0.000000,0.000000,0.000000,0.000000,-0.098248,-0.864858,0.298592,0.603492
1777057997.832049,0.653432,-0.686904,1.437709,-2.079236,0.043323,-0.140524,0.183707,0.869218,0.000000,0.000000,1.550000,6.283185,0.000000,0.000000,0.000000,0.000000,-0.160015,-0.878372,0.262260,0.616727
1777057997.865299,0.641400,-0.678562,1.452208,-2.034203,0.041931,-0.153865,0.193065,0.894269,0.000000,0.000000,1.550000,6.283185,0.000000,0.000000,0.000000,0.000000,-0.218492,-0.890535,0.263303,0.628645
1777057997.898690,0.625375,-0.666328,1.456940,-1.989706,0.037553,-0.172220,0.190055,0.919047,0.000000,0.000000,1.550000,6.283185,0.000000,0.000000,0.000000,0.000000,-0.277003,-0.901482,0.235573,0.640028
1777057997.931971,0.617220,-0.659998,1.471414,-1.945426,0.035078,-0.180804,0.201419,0.966986,0.000000,0.000000,1.550000,6.283185,0.000000,0.000000,0.000000,0.000000,-0.332354,-0.911334,0.226064,0.650921
1777057997.965335,0.599977,-0.645492,1.479364,-1.899380,0.027608,-0.201240,0.203016,1.005317,0.000000,0.000000,1.550000,6.283185,0.000000,0.000000,0.000000,0.000000,-0.393613,-0.920200,0.196634,0.661410
1777057997.998626,0.590691,-0.637721,1.483193,-1.853476,0.022792,-0.209789,0.201107,1.053470,0.000000,0.000000,1.550000,6.283185,0.000000,0.000000,0.000000,0.000000,-0.443867,-0.928180,0.179234,0.671534
1777057998.031939,0.567089,-0.617384,1.499063,-1.759511,0.009340,-0.233477,0.207159,1.101107,0.000000,0.000000,1.550000,6.283185,0.000000,0.000000,0.000000,0.000000,-0.499480,-0.935362,0.169744,0.681341
1777057998.065245,0.543675,-0.594722,1.503499,-1.711098,-0.008483,-0.260101,0.204961,1.142823,0.000000,0.000000,1.550000,6.283185,0.000000,0.000000,0.000000,0.000000,-0.539704,-0.899367,0.135739,0.691520
1777057998.098675,0.531261,-0.583119,1.512835,-1.662703,-0.017796,-0.270882,0.209939,1.183027,0.000000,0.000000,1.550000,6.283185,0.000000,0.000000,0.000000,0.000000,-0.566484,-0.849040,0.124013,0.701385
1777057998.131913,0.509345,-0.561699,1.517588,-1.613822,-0.037325,-0.292774,0.209651,1.224486,0.000000,0.000000,1.550000,6.283185,0.000000,0.000000,0.000000,0.000000,-0.609836,-0.827912,0.102224,0.710875
1777057998.165195,0.496427,-0.549559,1.520199,-1.563934,-0.048805,-0.301155,0.206885,1.255737,0.000000,0.000000,1.550000,6.283185,0.000000,0.000000,0.000000,0.000000,-0.626335,-0.763079,0.089421,0.720066
1777057998.198523,0.473485,-0.526212,1.525544,-1.513770,-0.072502,-0.320843,0.208085,1.284118,0.000000,0.000000,1.550000,6.283185,0.000000,0.000000,0.000000,0.000000,-0.663701,-0.722567,0.081017,0.729028
1777057998.231904,0.460235,-0.513199,1.528265,-1.463017,-0.085687,-0.327155,0.205896,1.308107,0.000000,0.000000,1.550000,6.283185,0.000000,0.000000,0.000000,0.000000,-0.657929,-0.639747,0.067155,0.737678
1777057998.265238,0.437606,-0.488889,1.529379,-1.412468,-0.112719,-0.343420,0.203506,1.345797,0.000000,0.000000,1.550000,6.283185,0.000000,0.000000,0.000000,0.000000,-0.682325,-0.584886,0.058625,0.746099
1777057998.298661,0.424039,-0.475077,1.532216,-1.360473,-0.127436,-0.347869,0.202189,1.371528,0.000000,0.000000,1.550000,6.283185,0.000000,0.000000,0.000000,0.000000,-0.654862,-0.494646,0.053528,0.754234
1777057998.331895,0.398751,-0.447518,1.533974,-1.307458,-0.159332,-0.360256,0.200062,1.373654,0.000000,0.000000,1.550000,6.283185,0.000000,0.000000,0.000000,0.000000,-0.663172,-0.430022,0.045139,0.762155
1777057998.365303,0.387121,-0.434065,1.534056,-1.256647,-0.174189,-0.361674,0.196389,1.421497,0.000000,0.000000,1.550000,6.283185,0.000000,0.000000,0.000000,0.000000,-0.601173,-0.328773,0.039059,0.769688
1777057998.398564,0.363452,-0.406729,1.535679,-1.202686,-0.206947,-0.369464,0.195049,1.440654,0.000000,0.000000,1.550000,6.283185,0.000000,0.000000,0.000000,0.000000,-0.599214,-0.266978,0.036590,0.777028
1777057998.431957,0.350020,-0.391608,1.536396,-1.149104,-0.223351,-0.367979,0.190890,1.456416,0.000000,0.000000,1.550000,6.283185,0.000000,0.000000,0.000000,0.000000,-0.518747,-0.174930,0.031214,0.783900
1777057998.465215,0.327615,-0.363494,1.536617,-1.095466,-0.257205,-0.370177,0.187443,1.477201,0.000000,0.000000,1.550000,6.283185,0.000000,0.000000,0.000000,0.000000,-0.494150,-0.107857,0.027849,0.790432
1777057998.498573,0.313731,-0.347401,1.537673,-1.040361,-0.273683,-0.364795,0.182430,1.475557,0.000000,0.000000,1.550000,6.283185,0.000000,0.000000,0.000000,0.000000,-0.392986,-0.031000,0.025689,0.796354
1777057998.531931,0.293480,-0.319354,1.537771,-0.986896,-0.306679,-0.361084,0.177211,1.502823,0.000000,0.000000,1.550000,6.283185,0.000000,0.000000,0.000000,0.000000,-0.350160,0.031536,0.022047,0.801496
1777057998.565381,0.281134,-0.303540,1.538047,-0.931427,-0.321844,-0.353077,0.170912,1.513505,0.000000,0.000000,1.550000,6.283185,0.000000,0.000000,0.000000,0.000000,-0.237193,0.085758,0.020515,0.805842
1777057998.598564,0.260579,-0.274073,1.538488,-0.875945,-0.354146,-0.342779,0.164282,1.515190,0.000000,0.000000,1.550000,6.283185,0.000000,0.000000,0.000000,0.000000,-0.187703,0.134835,0.018832,0.808986
1777057998.631941,0.250485,-0.258858,1.538595,-0.821414,-0.366880,-0.331906,0.157879,1.536482,0.000000,0.000000,1.550000,6.283185,0.000000,0.000000,0.000000,0.000000,-0.068933,0.167535,0.017000,0.810438
1777057998.665236,0.232887,-0.230713,1.538583,-0.765983,-0.395529,-0.317230,0.150490,1.553459,0.000000,0.000000,1.550000,6.283185,0.000000,0.000000,0.000000,0.000000,-0.018875,0.199382,0.016002,0.810101
1777057998.698594,0.222768,-0.215088,1.539085,-0.710412,-0.406541,-0.303542,0.143876,1.561710,0.000000,0.000000,1.550000,6.283185,0.000000,0.000000,0.000000,0.000000,0.083012,0.204397,0.015419,0.806821
1777057998.731980,0.207536,-0.187516,1.539018,-0.655876,-0.431312,-0.284333,0.136171,1.580138,0.000000,0.000000,1.550000,6.283185,0.000000,0.000000,0.000000,0.000000,0.142522,0.222888,0.013939,0.799945
1777057998.765245,0.198061,-0.171796,1.539328,-0.600640,-0.439624,-0.268099,0.129293,1.577371,0.000000,0.000000,1.550000,6.283185,0.000000,0.000000,0.000000,0.000000,0.228269,0.200374,0.013743,0.788618
1777057998.798607,0.184851,-0.144717,1.539401,-0.547578,-0.459750,-0.244791,0.121763,1.586838,0.000000,0.000000,1.550000,6.283185,0.000000,0.000000,0.000000,0.000000,0.290915,0.203209,0.012908,0.770809
1777057998.831959,0.176535,-0.129311,1.539767,-0.494452,-0.464612,-0.226737,0.115410,1.573919,0.000000,0.000000,1.550000,6.283185,0.000000,0.000000,0.000000,0.000000,0.361823,0.155628,0.012660,0.746422
1777057998.865234,0.166126,-0.103714,1.539492,-0.445025,-0.479435,-0.201454,0.108498,1.584978,0.000000,0.000000,1.550000,6.283185,0.000000,0.000000,0.000000,0.000000,0.420672,0.143547,0.011908,0.712396
1777057998.898597,0.159153,-0.088984,1.539969,-0.396110,-0.481543,-0.183117,0.103394,1.568660,0.000000,0.000000,1.550000,6.283185,0.000000,0.000000,0.000000,0.000000,0.478604,0.077435,0.012537,0.671030
1777057998.931917,0.149937,-0.064093,1.539951,-0.351543,-0.491364,-0.155943,0.097533,1.553538,0.000000,0.000000,1.550000,6.283185,0.000000,0.000000,0.000000,0.000000,0.528313,0.054003,0.011711,0.618028
1777057998.965258,0.144507,-0.050100,1.540030,-0.310259,-0.490303,-0.137717,0.093064,1.522913,0.000000,0.000000,1.550000,6.283185,0.000000,0.000000,0.000000,0.000000,0.575482,-0.026262,0.011931,0.559089
1777057998.998533,0.135751,-0.025327,1.540495,-0.273308,-0.494173,-0.108563,0.088211,1.466564,0.000000,0.000000,1.550000,6.283185,0.000000,0.000000,0.000000,0.000000,0.612831,-0.058386,0.011999,0.494539
1777057999.031903,0.132502,-0.012534,1.540412,-0.242782,-0.489348,-0.091390,0.084722,1.415485,0.000000,0.000000,1.550000,6.283185,0.000000,0.000000,0.000000,0.000000,0.651548,-0.151245,0.011315,0.429118
1777057999.065237,0.127175,0.009054,1.540313,-0.217106,-0.489098,-0.065539,0.081272,1.354145,0.000000,0.000000,1.550000,6.283185,0.000000,0.000000,0.000000,0.000000,0.671391,-0.187482,0.011743,0.372831
1777057999.098625,0.123623,0.021583,1.540774,-0.196226,-0.481811,-0.049102,0.078730,1.276375,0.000000,0.000000,1.550000,6.283185,0.000000,0.000000,0.000000,0.000000,0.704252,-0.268734,0.012232,0.325160
1777057999.131926,0.120603,0.041073,1.540653,-0.180284,-0.477819,-0.025674,0.076529,1.201178,0.000000,0.000000,1.550000,6.283185,0.000000,0.000000,0.000000,0.000000,0.720373,-0.309510,0.011589,0.288954
1777057999.165244,0.118669,0.052169,1.540663,-0.167163,-0.469584,-0.011681,0.074302,1.122052,0.000000,0.000000,1.550000,6.283185,0.000000,0.000000,0.000000,0.000000,0.738900,-0.378559,0.012105,0.266819
1777057999.198642,0.116404,0.070149,1.541067,-0.156125,-0.462345,0.009608,0.072952,1.042385,0.000000,0.000000,1.550000,6.283185,0.000000,0.000000,0.000000,0.000000,0.740605,-0.418407,0.012367,0.252447
1777057999.231893,0.115350,0.080312,1.541199,-0.146080,-0.451835,0.021877,0.071029,0.967334,0.000000,0.000000,1.550000,6.283185,0.000000,0.000000,0.000000,0.000000,0.748816,-0.476566,0.011810,0.243527
1777057999.265233,0.114818,0.096227,1.541181,-0.136244,-0.441176,0.040339,0.069403,0.897822,0.000000,0.000000,1.550000,6.283185,0.000000,0.000000,0.000000,0.000000,0.741494,-0.516866,0.011785,0.236261
1777057999.298561,0.115690,0.104315,1.541394,-0.126621,-0.430363,0.049721,0.068209,0.841012,0.000000,0.000000,1.550000,6.283185,0.000000,0.000000,0.000000,0.000000,0.734278,-0.565180,0.012056,0.227760
1777057999.331873,0.115390,0.118813,1.541822,-0.116033,-0.416020,0.065722,0.066565,0.780467,0.000000,0.000000,1.550000,6.283185,0.000000,0.000000,0.000000,0.000000,0.712178,-0.599109,0.011848,0.218371
1777057999.365271,0.117352,0.125407,1.541552,-0.106400,-0.403134,0.072935,0.064682,0.732903,0.000000,0.000000,1.550000,6.283185,0.000000,0.000000,0.000000,0.000000,0.699173,-0.639198,0.011187,0.203245
1777057999.398557,0.120045,0.135564,1.541873,-0.096687,-0.390016,0.083977,0.063940,0.690075,0.000000,0.000000,1.550000,6.283185,0.000000,0.000000,0.000000,0.000000,0.667429,-0.668625,0.011931,0.190752
1777057999.431913,0.121726,0.141168,1.541983,-0.087661,-0.377839,0.089524,0.062433,0.649961,0.000000,0.000000,1.550000,6.283185,0.000000,0.000000,0.000000,0.000000,0.633041,-0.701762,0.011473,0.176676
1777057999.465212,0.125105,0.149131,1.541935,-0.079241,-0.364217,0.097747,0.061170,0.611999,0.000000,0.000000,1.550000,6.283185,0.000000,0.000000,0.000000,0.000000,0.601657,-0.726855,0.011427,0.164397
1777057999.498666,0.127094,0.153693,1.542339,-0.071491,-0.351706,0.101674,0.059897,0.574912,0.000000,0.000000,1.550000,6.283185,0.000000,0.000000,0.000000,0.000000,0.561499,-0.754170,0.011698,0.153637
1777057999.531964,0.130975,0.159680,1.542528,-0.064322,-0.336836,0.107151,0.058461,0.538539,0.000000,0.000000,1.550000,6.283185,0.000000,0.000000,0.000000,0.000000,0.527661,-0.774231,0.011046,0.144728
1777057999.565305,0.133389,0.162991,1.542534,-0.057678,-0.323588,0.109284,0.056402,0.504054,0.000000,0.000000,1.550000,6.283185,0.000000,0.000000,0.000000,0.000000,0.483476,-0.796808,0.010811,0.137241
1777057999.598643,0.137978,0.166486,1.542965,-0.051422,-0.308569,0.111703,0.055067,0.472529,0.000000,0.000000,1.550000,6.283185,0.000000,0.000000,0.000000,0.000000,0.446705,-0.810009,0.010953,0.130979
1777057999.631881,0.140510,0.168538,1.543153,-0.045301,-0.295243,0.112082,0.052993,0.442257,0.000000,0.000000,1.550000,6.283185,0.000000,0.000000,0.000000,0.000000,0.397844,-0.824636,0.010225,0.125348
1777057999.665242,0.145210,0.169876,1.543203,-0.039398,-0.279512,0.111682,0.050668,0.413999,0.000000,0.000000,1.550000,6.283185,0.000000,0.000000,0.000000,0.000000,0.360356,-0.830322,0.009982,0.119252
1777057999.698656,0.145210,0.169876,1.543203,-0.039398,-0.279512,0.111682,0.050668,0.413999,0.000000,0.000000,1.550000,6.283185,0.000000,0.000000,0.000000,0.000000,0.310606,-0.832316,0.010026,0.113115
1777057999.732068,0.149986,0.170189,1.543410,-0.033692,-0.264154,0.110101,0.048509,0.388014,0.000000,0.000000,1.550000,6.283185,0.000000,0.000000,0.000000,0.000000,0.289553,-0.826401,0.010154,0.132828
1777057999.765231,0.153215,0.169712,1.543802,-0.027504,-0.249268,0.107118,0.045951,0.363662,0.000000,0.000000,1.550000,6.283185,0.000000,0.000000,0.000000,0.000000,0.241626,-0.823064,0.009877,0.124685
1777057999.798579,0.156037,0.168923,1.543864,-0.019701,-0.237500,0.104373,0.043624,0.350174,0.000000,0.000000,1.550000,6.283185,0.000000,0.000000,0.000000,0.000000,0.202100,-0.814712,0.009228,0.113663
1777057999.831916,0.160500,0.166055,1.544342,-0.011516,-0.223377,0.099159,0.041586,0.337165,0.000000,0.000000,1.550000,6.283185,0.000000,0.000000,0.000000,0.000000,0.165053,-0.804319,0.009246,0.095006
1777057999.865310,0.162960,0.164450,1.544511,-0.004339,-0.210838,0.095166,0.039095,0.320516,0.000000,0.000000,1.550000,6.283185,0.000000,0.000000,0.000000,0.000000,0.118848,-0.782147,0.008423,0.074643
1777057999.898554,0.167599,0.159682,1.544481,0.000819,-0.198024,0.088175,0.036576,0.303706,0.000000,0.000000,1.550000,6.283185,0.000000,0.000000,0.000000,0.000000,0.084010,-0.766730,0.008217,0.058938
1777057999.931926,0.170122,0.157082,1.544850,0.004426,-0.187796,0.083649,0.034784,0.283759,0.000000,0.000000,1.550000,6.283185,0.000000,0.000000,0.000000,0.000000,0.037655,-0.733610,0.008430,0.052265
1777057999.965326,0.173858,0.151128,1.545010,0.006833,-0.176658,0.075470,0.032538,0.262518,0.000000,0.000000,1.550000,6.283185,0.000000,0.000000,0.000000,0.000000,0.003743,-0.712868,0.007840,0.051982
1777057999.998624,0.176028,0.147762,1.545064,0.008892,-0.167464,0.070350,0.030458,0.242256,0.000000,0.000000,1.550000,6.283185,0.000000,0.000000,0.000000,0.000000,-0.036033,-0.673398,0.007666,0.056106
1777058000.031943,0.176028,0.147762,1.545064,0.008892,-0.167464,0.070350,0.030458,0.242256,0.000000,0.000000,1.550000,6.283185,0.000000,0.000000,0.000000,0.000000,-0.066532,-0.648927,0.007714,0.060595
1777058000.065277,0.179578,0.139940,1.545429,0.011268,-0.154796,0.059909,0.027893,0.223137,0.000000,0.000000,1.550000,6.283185,0.000000,0.000000,0.000000,0.000000,-0.083295,-0.644244,0.007851,0.073558
1777058000.098625,0.180804,0.136110,1.545656,0.014298,-0.145145,0.054259,0.025640,0.207355,0.000000,0.000000,1.550000,6.283185,0.000000,0.000000,0.000000,0.000000,-0.119201,-0.595004,0.007263,0.073980
1777058000.131930,0.183089,0.127564,1.545709,0.018365,-0.135088,0.043551,0.023045,0.195767,0.000000,0.000000,1.550000,6.283185,0.000000,0.000000,0.000000,0.000000,-0.142428,-0.568792,0.006949,0.070558
1777058000.165331,0.183089,0.127564,1.545709,0.018365,-0.135088,0.043551,0.023045,0.195767,0.000000,0.000000,1.550000,6.283185,0.000000,0.000000,0.000000,0.000000,-0.170798,-0.515584,0.006999,0.061806
1777058000.198656,0.185665,0.121713,1.545901,0.022455,-0.126468,0.036443,0.021333,0.187601,0.000000,0.000000,1.550000,6.283185,0.000000,0.000000,0.000000,0.000000,-0.185786,-0.512180,0.007137,0.071522
1777058000.231951,0.186068,0.113352,1.546165,0.026539,-0.118312,0.026412,0.019227,0.176975,0.000000,0.000000,1.550000,6.283185,0.000000,0.000000,0.000000,0.000000,-0.213906,-0.474926,0.006891,0.061564
1777058000.265306,0.186972,0.108906,1.546196,0.030380,-0.111433,0.021209,0.017535,0.168938,0.000000,0.000000,1.550000,6.283185,0.000000,0.000000,0.000000,0.000000,-0.229739,-0.423596,0.006500,0.051432
1777058000.298570,0.187599,0.100006,1.546474,0.033448,-0.106155,0.011140,0.016431,0.161265,0.000000,0.000000,1.550000,6.283185,0.000000,0.000000,0.000000,0.000000,-0.248594,-0.395030,0.006577,0.042370
1777058000.331948,0.187599,0.100006,1.546474,0.033448,-0.106155,0.011140,0.016431,0.161265,0.000000,0.000000,1.550000,6.283185,0.000000,0.000000,0.000000,0.000000,-0.264551,-0.340919,0.006149,0.036722
1777058000.365203,0.187987,0.093154,1.546684,0.035947,-0.098840,0.003876,0.014712,0.150051,0.000000,0.000000,1.550000,6.283185,0.000000,0.000000,0.000000,0.000000,-0.277364,-0.339082,0.006257,0.044832
1777058000.398563,0.187223,0.083968,1.546722,0.037870,-0.093866,-0.005910,0.013137,0.139232,0.000000,0.000000,1.550000,6.283185,0.000000,0.000000,0.000000,0.000000,-0.291038,-0.297502,0.005949,0.040504
1777058000.431883,0.187234,0.079377,1.546994,0.040219,-0.089185,-0.010393,0.012129,0.131627,0.000000,0.000000,1.550000,6.283185,0.000000,0.000000,0.000000,0.000000,-0.297794,-0.242899,0.005988,0.038360
1777058000.465265,0.185788,0.069747,1.547119,0.042442,-0.086147,-0.020276,0.011003,0.124007,0.000000,0.000000,1.550000,6.283185,0.000000,0.000000,0.000000,0.000000,-0.309454,-0.215373,0.005548,0.033852
1777058000.498593,0.185788,0.069747,1.547119,0.042442,-0.086147,-0.020276,0.011003,0.124007,0.000000,0.000000,1.550000,6.283185,0.000000,0.000000,0.000000,0.000000,-0.311635,-0.158955,0.005395,0.029595
1777058000.531886,0.185365,0.063289,1.547135,0.044402,-0.082347,-0.026349,0.009921,0.116918,0.000000,0.000000,1.550000,6.283185,0.000000,0.000000,0.000000,0.000000,-0.322907,-0.159057,0.005479,0.035273
1777058000.565220,0.182995,0.054820,1.547417,0.046065,-0.080927,-0.034551,0.009389,0.109707,0.000000,0.000000,1.550000,6.283185,0.000000,0.000000,0.000000,0.000000,-0.329996,-0.121479,0.005538,0.031381
1777058000.598609,0.181574,0.049663,1.547561,0.047663,-0.077431,-0.038491,0.008442,0.102293,0.000000,0.000000,1.550000,6.283185,0.000000,0.000000,0.000000,0.000000,-0.325649,-0.072916,0.005048,0.028524
1777058000.631959,0.178664,0.041039,1.547603,0.049057,-0.077284,-0.046623,0.007791,0.096252,0.000000,0.000000,1.550000,6.283185,0.000000,0.000000,0.000000,0.000000,-0.327388,-0.044149,0.004829,0.025634
1777058000.665237,0.176865,0.035985,1.547867,0.050395,-0.074826,-0.050194,0.007157,0.089885,0.000000,0.000000,1.550000,6.283185,0.000000,0.000000,0.000000,0.000000,-0.319636,0.004364,0.004810,0.023376
1777058000.698582,0.173155,0.027871,1.547971,0.051425,-0.075804,-0.057454,0.006778,0.084107,0.000000,0.000000,1.550000,6.283185,0.000000,0.000000,0.000000,0.000000,-0.318930,0.031573,0.004335,0.021019
1777058000.731977,0.171035,0.023257,1.548012,0.052404,-0.074467,-0.060513,0.006153,0.078491,0.000000,0.000000,1.550000,6.283185,0.000000,0.000000,0.000000,0.000000,-0.306452,0.076037,0.004169,0.019755
1777058000.765268,0.166311,0.015454,1.548243,0.053245,-0.076141,-0.066839,0.005969,0.072954,0.000000,0.000000,1.550000,6.283185,0.000000,0.000000,0.000000,0.000000,-0.303608,0.099791,0.004130,0.018413
1777058000.798759,0.166311,0.015454,1.548243,0.053245,-0.076141,-0.066839,0.005969,0.072954,0.000000,0.000000,1.550000,6.283185,0.000000,0.000000,0.000000,0.000000,-0.285178,0.141335,0.003699,0.017347
1777058000.831905,0.162853,0.009590,1.548378,0.054071,-0.074781,-0.069961,0.005258,0.067340,0.000000,0.000000,1.550000,6.283185,0.000000,0.000000,0.000000,0.000000,-0.294480,0.138056,0.003720,0.019955
1777058000.865211,0.157859,0.003242,1.548407,0.054833,-0.076451,-0.074191,0.004774,0.062573,0.000000,0.000000,1.550000,6.283185,0.000000,0.000000,0.000000,0.000000,-0.282895,0.168172,0.003472,0.018299
1777058000.898534,0.155478,0.000141,1.548598,0.055769,-0.075708,-0.075270,0.004424,0.059242,0.000000,0.000000,1.550000,6.283185,0.000000,0.000000,0.000000,0.000000,-0.262569,0.200278,0.003436,0.016688
1777058000.932001,0.149918,-0.005593,1.548684,0.056668,-0.078696,-0.079051,0.004171,0.056089,0.000000,0.000000,1.550000,6.283185,0.000000,0.000000,0.000000,0.000000,-0.257715,0.213640,0.003070,0.014086
1777058000.965313,0.146627,-0.009021,1.548722,0.057488,-0.078400,-0.079926,0.003595,0.052691,0.000000,0.000000,1.550000,6.283185,0.000000,0.000000,0.000000,0.000000,-0.234017,0.241425,0.002907,0.011506
1777058000.998713,0.140464,-0.014082,1.548894,0.058088,-0.081802,-0.082642,0.003400,0.049184,0.000000,0.000000,1.550000,6.283185,0.000000,0.000000,0.000000,0.000000,-0.223812,0.255928,0.002843,0.009124
1777058001.031893,0.136795,-0.017151,1.548979,0.058537,-0.081428,-0.082680,0.002820,0.045367,0.000000,0.000000,1.550000,6.283185,0.000000,0.000000,0.000000,0.000000,-0.196783,0.278964,0.002503,0.007587
1777058001.065259,0.130490,-0.021115,1.549017,0.058748,-0.085022,-0.084171,0.002451,0.041475,0.000000,0.000000,1.550000,6.283185,0.000000,0.000000,0.000000,0.000000,-0.184610,0.290665,0.002340,0.006488
1777058001.098658,0.127130,-0.023218,1.549157,0.058892,-0.085293,-0.083843,0.002100,0.037793,0.000000,0.000000,1.550000,6.283185,0.000000,0.000000,0.000000,0.000000,-0.157087,0.306657,0.002269,0.006225
1777058001.131885,0.120588,-0.026365,1.549225,0.059008,-0.089007,-0.084337,0.001700,0.034365,0.000000,0.000000,1.550000,6.283185,0.000000,0.000000,0.000000,0.000000,-0.146823,0.312492,0.001991,0.006046
1777058001.165241,0.117006,-0.028047,1.549261,0.059123,-0.089360,-0.083464,0.001192,0.031294,0.000000,0.000000,1.550000,6.283185,0.000000,0.000000,0.000000,0.000000,-0.117997,0.323363,0.001856,0.005754
1777058001.198613,0.110461,-0.030234,1.549365,0.059264,-0.093019,-0.082931,0.000799,0.028602,0.000000,0.000000,1.550000,6.283185,0.000000,0.000000,0.000000,0.000000,-0.106521,0.326487,0.001788,0.005281
1777058001.231880,0.106676,-0.031507,1.549423,0.059415,-0.093162,-0.081392,0.000260,0.026182,0.000000,0.000000,1.550000,6.283185,0.000000,0.000000,0.000000,0.000000,-0.077839,0.331572,0.001585,0.004507
1777058001.265434,0.099904,-0.032900,1.549440,0.059544,-0.096355,-0.079618,-0.000361,0.023912,0.000000,0.000000,1.550000,6.283185,0.000000,0.000000,0.000000,0.000000,-0.065336,0.332130,0.001477,0.003537
1777058001.298622,0.096111,-0.033661,1.549528,0.059622,-0.095749,-0.077179,-0.000947,0.021718,0.000000,0.000000,1.550000,6.283185,0.000000,0.000000,0.000000,0.000000,-0.035668,0.332318,0.001453,0.002498
1777058001.331894,0.096111,-0.033661,1.549528,0.059622,-0.095749,-0.077179,-0.000947,0.021718,0.000000,0.000000,1.550000,6.283185,0.000000,0.000000,0.000000,0.000000,-0.023565,0.329721,0.001293,0.001536
1777058001.365300,0.090068,-0.033740,1.549575,0.059610,-0.098017,-0.074118,-0.001548,0.019513,0.000000,0.000000,1.550000,6.283185,0.000000,0.000000,0.000000,0.000000,-0.032721,0.324495,0.001304,0.001000
1777058001.398565,0.086676,-0.034031,1.549587,0.059547,-0.097510,-0.071678,-0.002121,0.017380,0.000000,0.000000,1.550000,6.283185,0.000000,0.000000,0.000000,0.000000,-0.006967,0.317627,0.001226,0.000342
1777058001.431937,0.080308,-0.033771,1.549624,0.059443,-0.099544,-0.068032,-0.002762,0.015389,0.000000,0.000000,1.550000,6.283185,0.000000,0.000000,0.000000,0.000000,0.003408,0.312970,0.001222,-0.000218
1777058001.465288,0.077304,-0.033374,1.549631,0.059274,-0.098649,-0.065070,-0.003228,0.013349,0.000000,0.000000,1.550000,6.283185,0.000000,0.000000,0.000000,0.000000,0.030630,0.303966,0.001174,-0.000746
1777058001.498791,0.071817,-0.032239,1.549656,0.059088,-0.100793,-0.061326,-0.003737,0.011424,0.000000,0.000000,1.550000,6.283185,0.000000,0.000000,0.000000,0.000000,0.038208,0.295427,0.001188,-0.001126
1777058001.532050,0.068685,-0.031603,1.549708,0.058884,-0.100066,-0.058282,-0.004156,0.009667,0.000000,0.000000,1.550000,6.283185,0.000000,0.000000,0.000000,0.000000,0.060029,0.281798,0.001169,-0.001532
1777058001.565315,0.063362,-0.029938,1.549743,0.058650,-0.101862,-0.054058,-0.004669,0.007978,0.000000,0.000000,1.550000,6.283185,0.000000,0.000000,0.000000,0.000000,0.068273,0.272086,0.001096,-0.001976
1777058001.598540,0.060053,-0.029022,1.549738,0.058415,-0.100491,-0.050503,-0.005193,0.006586,0.000000,0.000000,1.550000,6.283185,0.000000,0.000000,0.000000,0.000000,0.088975,0.255680,0.001057,-0.002375
1777058001.632009,0.054920,-0.026773,1.549801,0.058141,-0.101346,-0.045537,-0.005696,0.005204,0.000000,0.000000,1.550000,6.283185,0.000000,0.000000,0.000000,0.000000,0.097987,0.244508,0.001102,-0.002901
1777058001.665312,0.052425,-0.025475,1.549837,0.057843,-0.099862,-0.042191,-0.006071,0.003788,0.000000,0.000000,1.550000,6.283185,0.000000,0.000000,0.000000,0.000000,0.117114,0.224939,0.001013,-0.003360
1777058001.698538,0.048056,-0.022965,1.549843,0.057529,-0.100268,-0.037375,-0.006535,0.002505,0.000000,0.000000,1.550000,6.283185,0.000000,0.000000,0.000000,0.000000,0.121148,0.212131,0.000976,-0.003788
1777058001.731915,0.045739,-0.021524,1.549878,0.057180,-0.098552,-0.034064,-0.006833,0.001220,0.000000,0.000000,1.550000,6.283185,0.000000,0.000000,0.000000,0.000000,0.135785,0.191686,0.000999,-0.004216
1777058001.765221,0.041566,-0.018708,1.549881,0.056813,-0.098079,-0.028903,-0.007264,0.000186,0.000000,0.000000,1.550000,6.283185,0.000000,0.000000,0.000000,0.000000,0.138787,0.178502,0.000965,-0.004557
1777058001.798654,0.039723,-0.017114,1.549900,0.056402,-0.096016,-0.025717,-0.007533,-0.001088,0.000000,0.000000,1.550000,6.283185,0.000000,0.000000,0.000000,0.000000,0.152133,0.156692,0.000995,-0.004918
1777058001.831996,0.036211,-0.014181,1.549933,0.055990,-0.095041,-0.020777,-0.007845,-0.002036,0.000000,0.000000,1.550000,6.283185,0.000000,0.000000,0.000000,0.000000,0.152297,0.143165,0.000992,-0.005135
1777058001.865317,0.034666,-0.012552,1.549964,0.055543,-0.092809,-0.017801,-0.008044,-0.003225,0.000000,0.000000,1.550000,6.283185,0.000000,0.000000,0.000000,0.000000,0.161816,0.121313,0.000961,-0.005436
1777058001.898663,0.034666,-0.012552,1.549964,0.055543,-0.092809,-0.017801,-0.008044,-0.003225,0.000000,0.000000,1.550000,6.283185,0.000000,0.000000,0.000000,0.000000,0.160344,0.108113,0.000930,-0.005626
1777058001.931970,0.031791,-0.009379,1.549965,0.055099,-0.090851,-0.012796,-0.008335,-0.003952,0.000000,0.000000,1.550000,6.283185,0.000000,0.000000,0.000000,0.000000,0.151279,0.105451,0.000958,-0.007686
1777058001.965245,0.030401,-0.007890,1.550007,0.054631,-0.088459,-0.010160,-0.008481,-0.004977,0.000000,0.000000,1.550000,6.283185,0.000000,0.000000,0.000000,0.000000,0.157982,0.083089,0.000986,-0.007771
1777058001.998568,0.028146,-0.005110,1.550016,0.054123,-0.086978,-0.006079,-0.008653,-0.005999,0.000000,0.000000,1.550000,6.283185,0.000000,0.000000,0.000000,0.000000,0.156560,0.071434,0.000927,-0.007803
1777058002.032062,0.026932,-0.003507,1.550012,0.053486,-0.084404,-0.003494,-0.008822,-0.007288,0.000000,0.000000,1.550000,6.283185,0.000000,0.000000,0.000000,0.000000,0.159917,0.052019,0.000934,-0.007713
1777058002.065280,0.024976,-0.000673,1.550060,0.052843,-0.082571,0.000465,-0.008935,-0.008414,0.000000,0.000000,1.550000,6.283185,0.000000,0.000000,0.000000,0.000000,0.157593,0.040128,0.000966,-0.007118
1777058002.098582,0.023864,0.000971,1.550072,0.052214,-0.079579,0.002964,-0.009076,-0.009241,0.000000,0.000000,1.550000,6.283185,0.000000,0.000000,0.000000,0.000000,0.159347,0.020876,0.000892,-0.006593
1777058002.131867,0.022303,0.003720,1.550080,0.051615,-0.077152,0.006646,-0.009204,-0.009914,0.000000,0.000000,1.550000,6.283185,0.000000,0.000000,0.000000,0.000000,0.156522,0.009147,0.000886,-0.006217
1777058002.165226,0.021615,0.005203,1.550128,0.051079,-0.074234,0.008707,-0.009249,-0.010487,0.000000,0.000000,1.550000,6.283185,0.000000,0.000000,0.000000,0.000000,0.156060,-0.009108,0.000888,-0.006051
1777058002.198644,0.020282,0.007764,1.550128,0.050595,-0.071043,0.012030,-0.009362,-0.010532,0.000000,0.000000,1.550000,6.283185,0.000000,0.000000,0.000000,0.000000,0.150979,-0.019381,0.000808,-0.006206
1777058002.232022,0.019916,0.009048,1.550145,0.050120,-0.067892,0.013692,-0.009414,-0.010836,0.000000,0.000000,1.550000,6.283185,0.000000,0.000000,0.000000,0.000000,0.149329,-0.036094,0.000822,-0.006643
1777058002.265296,0.019298,0.011041,1.550187,0.049641,-0.065290,0.016102,-0.009416,-0.011217,0.000000,0.000000,1.550000,6.283185,0.000000,0.000000,0.000000,0.000000,0.142533,-0.044756,0.000800,-0.007121
1777058002.298683,0.018976,0.012165,1.550202,0.049129,-0.062411,0.017455,-0.009456,-0.011626,0.000000,0.000000,1.550000,6.283185,0.000000,0.000000,0.000000,0.000000,0.137234,-0.057551,0.000726,-0.007565
1777058002.331933,0.018773,0.012841,1.550196,0.048579,-0.059117,0.018256,-0.009532,-0.011923,0.000000,0.000000,1.550000,6.283185,0.000000,0.000000,0.000000,0.000000,0.130660,-0.064953,0.000702,-0.007857
1777058002.365231,0.018773,0.012841,1.550196,0.048579,-0.059117,0.018256,-0.009532,-0.011923,0.000000,0.000000,1.550000,6.283185,0.000000,0.000000,0.000000,0.000000,0.123651,-0.069557,0.000722,-0.007988
1777058002.398697,0.018597,0.014678,1.550257,0.047991,-0.055947,0.020304,-0.009494,-0.012342,0.000000,0.000000,1.550000,6.283185,0.000000,0.000000,0.000000,0.000000,0.116433,-0.070007,0.000728,-0.010446
1777058002.431968,0.018210,0.016122,1.550251,0.047396,-0.053189,0.021884,-0.009539,-0.012775,0.000000,0.000000,1.550000,6.283185,0.000000,0.000000,0.000000,0.000000,0.109826,-0.081332,0.000609,-0.010176
1777058002.465275,0.018131,0.016919,1.550259,0.046740,-0.050424,0.022670,-0.009570,-0.013475,0.000000,0.000000,1.550000,6.283185,0.000000,0.000000,0.000000,0.000000,0.104686,-0.090254,0.000623,-0.009916
1777058002.498638,0.018060,0.018035,1.550289,0.045937,-0.047619,0.023783,-0.009565,-0.014467,0.000000,0.000000,1.550000,6.283185,0.000000,0.000000,0.000000,0.000000,0.098071,-0.095136,0.000609,-0.009420
1777058002.531858,0.017999,0.018729,1.550287,0.045156,-0.044415,0.024345,-0.009603,-0.014942,0.000000,0.000000,1.550000,6.283185,0.000000,0.000000,0.000000,0.000000,0.091467,-0.101831,0.000549,-0.008317
1777058002.565228,0.018122,0.019504,1.550299,0.044438,-0.041391,0.024982,-0.009613,-0.015385,0.000000,0.000000,1.550000,6.283185,0.000000,0.000000,0.000000,0.000000,0.084974,-0.105921,0.000552,-0.007408
1777058002.598548,0.018181,0.019982,1.550314,0.043814,-0.038110,0.025216,-0.009623,-0.015293,0.000000,0.000000,1.550000,6.283185,0.000000,0.000000,0.000000,0.000000,0.077507,-0.110373,0.000528,-0.006847
1777058002.631989,0.018488,0.020321,1.550352,0.043282,-0.035518,0.025350,-0.009591,-0.015464,0.000000,0.000000,1.550000,6.283185,0.000000,0.000000,0.000000,0.000000,0.070546,-0.113001,0.000496,-0.006760
1777058002.665209,0.018657,0.020531,1.550361,0.042803,-0.033084,0.025326,-0.009593,-0.015396,0.000000,0.000000,1.550000,6.283185,0.000000,0.000000,0.000000,0.000000,0.062395,-0.114694,0.000417,-0.007070
1777058002.698547,0.018894,0.020614,1.550386,0.042328,-0.030659,0.025149,-0.009573,-0.015330,0.000000,0.000000,1.550000,6.283185,0.000000,0.000000,0.000000,0.000000,0.055304,-0.115619,0.000395,-0.007585
1777058002.731870,0.019060,0.020664,1.550397,0.041823,-0.028348,0.024930,-0.009567,-0.015335,0.000000,0.000000,1.550000,6.283185,0.000000,0.000000,0.000000,0.000000,0.048050,-0.115748,0.000340,-0.008071
1777058002.765328,0.019291,0.020461,1.550401,0.041273,-0.025991,0.024412,-0.009569,-0.015431,0.000000,0.000000,1.550000,6.283185,0.000000,0.000000,0.000000,0.000000,0.041407,-0.115680,0.000311,-0.008384
1777058002.798578,0.019459,0.020345,1.550416,0.040684,-0.023729,0.023994,-0.009551,-0.015597,0.000000,0.000000,1.550000,6.283185,0.000000,0.000000,0.000000,0.000000,0.034622,-0.114072,0.000297,-0.008466
1777058002.831924,0.019459,0.020345,1.550416,0.040684,-0.023729,0.023994,-0.009551,-0.015597,0.000000,0.000000,1.550000,6.283185,0.000000,0.000000,0.000000,0.000000,0.028349,-0.112994,0.000260,-0.008358
1777058002.865255,0.019757,0.019817,1.550435,0.040066,-0.020887,0.023039,-0.009530,-0.015448,0.000000,0.000000,1.550000,6.283185,0.000000,0.000000,0.000000,0.000000,0.023573,-0.112684,0.000253,-0.010782
1777058002.898802,0.019885,0.019564,1.550434,0.039460,-0.018834,0.022484,-0.009522,-0.015655,0.000000,0.000000,1.550000,6.283185,0.000000,0.000000,0.000000,0.000000,0.017164,-0.109147,0.000209,-0.010321
1777058002.932009,0.020033,0.018836,1.550434,0.038805,-0.016606,0.021366,-0.009510,-0.015757,0.000000,0.000000,1.550000,6.283185,0.000000,0.000000,0.000000,0.000000,0.011816,-0.107293,0.000205,-0.009938
1777058002.965243,0.020170,0.018415,1.550442,0.038007,-0.014526,0.020629,-0.009481,-0.016284,0.000000,0.000000,1.550000,6.283185,0.000000,0.000000,0.000000,0.000000,0.006536,-0.102611,0.000198,-0.009369
1777058002.998693,0.020314,0.017428,1.550462,0.037249,-0.012837,0.019306,-0.009444,-0.017037,0.000000,0.000000,1.550000,6.283185,0.000000,0.000000,0.000000,0.000000,0.001338,-0.099780,0.000176,-0.008192
1777058003.031893,0.020410,0.016891,1.550473,0.036544,-0.011136,0.018505,-0.009407,-0.017408,0.000000,0.000000,1.550000,6.283185,0.000000,0.000000,0.000000,0.000000,-0.003621,-0.093611,0.000129,-0.007252
1777058003.065217,0.020448,0.015746,1.550481,0.035941,-0.009603,0.017037,-0.009375,-0.017464,0.000000,0.000000,1.550000,6.283185,0.000000,0.000000,0.000000,0.000000,-0.008263,-0.090163,0.000100,-0.006588
1777058003.098644,0.020488,0.015100,1.550474,0.035437,-0.007886,0.016141,-0.009345,-0.017031,0.000000,0.000000,1.550000,6.283185,0.000000,0.000000,0.000000,0.000000,-0.012312,-0.083148,0.000075,-0.006404
1777058003.131899,0.020425,0.013775,1.550480,0.034996,-0.006364,0.014505,-0.009298,-0.016462,0.000000,0.000000,1.550000,6.283185,0.000000,0.000000,0.000000,0.000000,-0.016395,-0.079138,0.000081,-0.006650
1777058003.165221,0.020432,0.013054,1.550498,0.034569,-0.005008,0.013600,-0.009234,-0.016084,0.000000,0.000000,1.550000,6.283185,0.000000,0.000000,0.000000,0.000000,-0.019647,-0.071152,0.000061,-0.007149
1777058003.198533,0.020267,0.011707,1.550508,0.034115,-0.003961,0.012016,-0.009180,-0.015866,0.000000,0.000000,1.550000,6.283185,0.000000,0.000000,0.000000,0.000000,-0.023317,-0.066798,0.000017,-0.007649
1777058003.231908,0.020188,0.010938,1.550498,0.033611,-0.002557,0.011104,-0.009132,-0.015540,0.000000,0.000000,1.550000,6.283185,0.000000,0.000000,0.000000,0.000000,-0.025723,-0.058799,-0.000012,-0.007974
1777058003.265229,0.019902,0.009512,1.550511,0.033067,-0.001669,0.009487,-0.009060,-0.015560,0.000000,0.000000,1.550000,6.283185,0.000000,0.000000,0.000000,0.000000,-0.028686,-0.054271,-0.000001,-0.008039
1777058003.298692,0.019770,0.008738,1.550521,0.032502,-0.000694,0.008634,-0.008992,-0.015746,0.000000,0.000000,1.550000,6.283185,0.000000,0.000000,0.000000,0.000000,-0.030199,-0.045933,-0.000037,-0.007902
1777058003.332085,0.019770,0.008738,1.550521,0.032502,-0.000694,0.008634,-0.008992,-0.015746,0.000000,0.000000,1.550000,6.283185,0.000000,0.000000,0.000000,0.000000,-0.032635,-0.041495,-0.000068,-0.007648
1777058003.365295,0.019307,0.007037,1.550477,0.031409,0.001010,0.006818,-0.008923,-0.015786,0.000000,0.000000,1.550000,6.283185,0.000000,0.000000,0.000000,0.000000,-0.035666,-0.041644,-0.000078,-0.009850
1777058003.398530,0.018705,0.005377,1.550519,0.030810,0.001283,0.005043,-0.008808,-0.016126,0.000000,0.000000,1.550000,6.283185,0.000000,0.000000,0.000000,0.000000,-0.035797,-0.031805,0.000003,-0.007066
1777058003.431869,0.018407,0.004517,1.550534,0.030158,0.001839,0.004182,-0.008734,-0.016757,0.000000,0.000000,1.550000,6.283185,0.000000,0.000000,0.000000,0.000000,-0.035022,-0.022325,-0.000091,-0.006637
1777058003.465303,0.017763,0.003108,1.550530,0.029683,0.002068,0.002740,-0.008668,-0.016545,0.000000,0.000000,1.550000,6.283185,0.000000,0.000000,0.000000,0.000000,-0.036089,-0.017603,-0.000130,-0.005965
1777058003.498541,0.017412,0.002306,1.550531,0.029272,0.002619,0.002001,-0.008595,-0.016170,0.000000,0.000000,1.550000,6.283185,0.000000,0.000000,0.000000,0.000000,-0.034939,-0.009730,-0.000133,-0.006094
1777058003.531945,0.016684,0.001008,1.550526,0.028903,0.002723,0.000735,-0.008522,-0.015674,0.000000,0.000000,1.550000,6.283185,0.000000,0.000000,0.000000,0.000000,-0.035553,-0.005463,-0.000146,-0.006465
1777058003.565341,0.016290,0.000284,1.550529,0.028519,0.003152,0.000121,-0.008446,-0.015351,0.000000,0.000000,1.550000,6.283185,0.000000,0.000000,0.000000,0.000000,-0.033790,0.001646,-0.000146,-0.006973
1777058003.598561,0.015478,-0.000916,1.550521,0.028091,0.003196,-0.000974,-0.008368,-0.015026,0.000000,0.000000,1.550000,6.283185,0.000000,0.000000,0.000000,0.000000,-0.034029,0.005355,-0.000164,-0.007343
1777058003.631915,0.015037,-0.001583,1.550516,0.027617,0.003625,-0.001465,-0.008293,-0.014915,0.000000,0.000000,1.550000,6.283185,0.000000,0.000000,0.000000,0.000000,-0.031674,0.011780,-0.000159,-0.007471
1777058003.665231,0.014179,-0.002620,1.550520,0.027114,0.003483,-0.002366,-0.008208,-0.015017,0.000000,0.000000,1.550000,6.283185,0.000000,0.000000,0.000000,0.000000,-0.031558,0.015064,-0.000157,-0.007357
1777058003.698661,0.013700,-0.003225,1.550512,0.026598,0.003893,-0.002737,-0.008130,-0.014944,0.000000,0.000000,1.550000,6.283185,0.000000,0.000000,0.000000,0.000000,-0.028863,0.020446,-0.000175,-0.007089
1777058003.731880,0.012798,-0.004118,1.550516,0.026103,0.003641,-0.003461,-0.008046,-0.015085,0.000000,0.000000,1.550000,6.283185,0.000000,0.000000,0.000000,0.000000,-0.028442,0.023283,-0.000169,-0.006757
1777058003.765194,0.012279,-0.004666,1.550495,0.025625,0.004082,-0.003704,-0.007973,-0.014766,0.000000,0.000000,1.550000,6.283185,0.000000,0.000000,0.000000,0.000000,-0.025423,0.027749,-0.000187,-0.006506
1777058003.798644,0.011335,-0.005423,1.550511,0.025187,0.003771,-0.004251,-0.007874,-0.014720,0.000000,0.000000,1.550000,6.283185,0.000000,0.000000,0.000000,0.000000,-0.024719,0.030186,-0.000154,-0.006325
1777058003.831847,0.010815,-0.005857,1.550499,0.024765,0.004033,-0.004403,-0.007802,-0.014477,0.000000,0.000000,1.550000,6.283185,0.000000,0.000000,0.000000,0.000000,-0.021413,0.033786,-0.000196,-0.006300
1777058003.865198,0.009867,-0.006466,1.550506,0.024359,0.003677,-0.004782,-0.007717,-0.014398,0.000000,0.000000,1.550000,6.283185,0.000000,0.000000,0.000000,0.000000,-0.020632,0.035513,-0.000183,-0.006322
1777058003.898563,0.009334,-0.006820,1.550502,0.023950,0.003855,-0.004853,-0.007641,-0.014228,0.000000,0.000000,1.550000,6.283185,0.000000,0.000000,0.000000,0.000000,-0.017245,0.038217,-0.000206,-0.006379
1777058003.931857,0.008364,-0.007311,1.550495,0.023537,0.003512,-0.005071,-0.007568,-0.014104,0.000000,0.000000,1.550000,6.283185,0.000000,0.000000,0.000000,0.000000,-0.016307,0.039454,-0.000209,-0.006387
1777058003.965202,0.007821,-0.007587,1.550491,0.023118,0.003663,-0.005051,-0.007491,-0.013996,0.000000,0.000000,1.550000,6.283185,0.000000,0.000000,0.000000,0.000000,-0.012732,0.041442,-0.000203,-0.006345
1777058003.998624,0.006849,-0.007947,1.550490,0.022696,0.003326,-0.005112,-0.007410,-0.013884,0.000000,0.000000,1.550000,6.283185,0.000000,0.000000,0.000000,0.000000,-0.011679,0.042212,-0.000206,-0.006247
1777058004.031873,0.006312,-0.008142,1.550483,0.022280,0.003453,-0.005011,-0.007338,-0.013820,0.000000,0.000000,1.550000,6.283185,0.000000,0.000000,0.000000,0.000000,-0.008052,0.043428,-0.000212,-0.006118
1777058004.065275,0.005366,-0.008371,1.550479,0.021871,0.003121,-0.004934,-0.007262,-0.013709,0.000000,0.000000,1.550000,6.283185,0.000000,0.000000,0.000000,0.000000,-0.006986,0.043725,-0.000208,-0.005988
1777058004.098577,0.004827,-0.008504,1.550471,0.021470,0.003334,-0.004728,-0.007181,-0.013452,0.000000,0.000000,1.550000,6.283185,0.000000,0.000000,0.000000,0.000000,-0.003464,0.044177,-0.000209,-0.005868
1777058004.132019,0.003923,-0.008601,1.550473,0.021086,0.002975,-0.004539,-0.007104,-0.013411,0.000000,0.000000,1.550000,6.283185,0.000000,0.000000,0.000000,0.000000,-0.002352,0.044118,-0.000201,-0.005767
1777058004.165236,0.003419,-0.008655,1.550470,0.020707,0.003097,-0.004305,-0.007031,-0.013297,0.000000,0.000000,1.550000,6.283185,0.000000,0.000000,0.000000,0.000000,0.000953,0.043814,-0.000215,-0.005715
1777058004.198660,0.002550,-0.008653,1.550468,0.020335,0.002816,-0.003999,-0.006954,-0.013140,0.000000,0.000000,1.550000,6.283185,0.000000,0.000000,0.000000,0.000000,0.001922,0.043327,-0.000217,-0.005661
1777058004.232001,0.002062,-0.008646,1.550458,0.019966,0.002960,-0.003706,-0.006886,-0.012992,0.000000,0.000000,1.550000,6.283185,0.000000,0.000000,0.000000,0.000000,0.005076,0.042481,-0.000221,-0.005606
1777058004.265239,0.001229,-0.008545,1.550449,0.019597,0.002775,-0.003280,-0.006811,-0.012749,0.000000,0.000000,1.550000,6.283185,0.000000,0.000000,0.000000,0.000000,0.006002,0.041674,-0.000211,-0.005542
1777058004.298587,0.000779,-0.008479,1.550454,0.019235,0.002933,-0.002948,-0.006725,-0.012640,0.000000,0.000000,1.550000,6.283185,0.000000,0.000000,0.000000,0.000000,0.008966,0.040281,-0.000200,-0.005456
1777058004.332001,0.000021,-0.008287,1.550443,0.018874,0.002769,-0.002462,-0.006658,-0.012478,0.000000,0.000000,1.550000,6.283185,0.000000,0.000000,0.000000,0.000000,0.009706,0.039172,-0.000219,-0.005375
1777058004.365246,-0.000397,-0.008173,1.550441,0.018518,0.002961,-0.002094,-0.006580,-0.012352,0.000000,0.000000,1.550000,6.283185,0.000000,0.000000,0.000000,0.000000,0.012282,0.037302,-0.000204,-0.005275
1777058004.398666,-0.001101,-0.007902,1.550436,0.018166,0.002868,-0.001536,-0.006500,-0.012147,0.000000,0.000000,1.550000,6.283185,0.000000,0.000000,0.000000,0.000000,0.012884,0.035962,-0.000207,-0.005176
1777058004.431943,-0.001492,-0.007741,1.550422,0.017820,0.003158,-0.001114,-0.006425,-0.011890,0.000000,0.000000,1.550000,6.283185,0.000000,0.000000,0.000000,0.000000,0.015181,0.033681,-0.000206,-0.005074
1777058004.465237,-0.002159,-0.007385,1.550409,0.017479,0.003237,-0.000446,-0.006335,-0.011511,0.000000,0.000000,1.550000,6.283185,0.000000,0.000000,0.000000,0.000000,0.015652,0.032119,-0.000187,-0.004979
1777058004.498581,-0.002503,-0.007189,1.550411,0.017148,0.003613,-0.000003,-0.006231,-0.011193,0.000000,0.000000,1.550000,6.283185,0.000000,0.000000,0.000000,0.000000,0.017731,0.029391,-0.000167,-0.004893
1777058004.531931,-0.002671,-0.007077,1.550408,0.016823,0.004228,0.000344,-0.006123,-0.010823,0.000000,0.000000,1.550000,6.283185,0.000000,0.000000,0.000000,0.000000,0.017926,0.027674,-0.000178,-0.004837
1777058004.565324,-0.002671,-0.007077,1.550408,0.016823,0.004228,0.000344,-0.006123,-0.010823,0.000000,0.000000,1.550000,6.283185,0.000000,0.000000,0.000000,0.000000,0.017105,0.026490,-0.000182,-0.004789
1777058004.598688,-0.003319,-0.006631,1.550430,0.016508,0.004169,0.001023,-0.006008,-0.010601,0.000000,0.000000,1.550000,6.283185,0.000000,0.000000,0.000000,0.000000,0.015477,0.026046,-0.000189,-0.006151
1777058004.631967,-0.003819,-0.006205,1.550413,0.016195,0.004272,0.001669,-0.005934,-0.010367,0.000000,0.000000,1.550000,6.283185,0.000000,0.000000,0.000000,0.000000,0.017649,0.022910,-0.000241,-0.005986
1777058004.665288,-0.004096,-0.005963,1.550404,0.015854,0.004573,0.002073,-0.005853,-0.010285,0.000000,0.000000,1.550000,6.283185,0.000000,0.000000,0.000000,0.000000,0.018958,0.019940,-0.000215,-0.005826
1777058004.698566,-0.004557,-0.005529,1.550408,0.015429,0.004594,0.002674,-0.005769,-0.010579,0.000000,0.000000,1.550000,6.283185,0.000000,0.000000,0.000000,0.000000,0.018986,0.018122,-0.000207,-0.005526
1777058004.731932,-0.004805,-0.005285,1.550410,0.015010,0.004831,0.003037,-0.005686,-0.010852,0.000000,0.000000,1.550000,6.283185,0.000000,0.000000,0.000000,0.000000,0.020123,0.015176,-0.000222,-0.004845
1777058004.765250,-0.005203,-0.004846,1.550400,0.014610,0.004900,0.003614,-0.005617,-0.011010,0.000000,0.000000,1.550000,6.283185,0.000000,0.000000,0.000000,0.000000,0.020055,0.013417,-0.000236,-0.004211
1777058004.798560,-0.005689,-0.004175,1.550361,0.013964,0.005284,0.004477,-0.005514,-0.010986,0.000000,0.000000,1.550000,6.283185,0.000000,0.000000,0.000000,0.000000,0.020892,0.010517,-0.000226,-0.003676
1777058004.831951,-0.005689,-0.004175,1.550361,0.013964,0.005284,0.004477,-0.005514,-0.010986,0.000000,0.000000,1.550000,6.283185,0.000000,0.000000,0.000000,0.000000,0.022180,0.006264,-0.000155,-0.002063
1777058004.865222,-0.006023,-0.003839,1.550396,0.013702,0.005448,0.004892,-0.005387,-0.010625,0.000000,0.000000,1.550000,6.283185,0.000000,0.000000,0.000000,0.000000,0.020790,0.006088,-0.000161,-0.003406
1777058004.898561,-0.006266,-0.003457,1.550383,0.013531,0.005662,0.005348,-0.005319,-0.010071,0.000000,0.000000,1.550000,6.283185,0.000000,0.000000,0.000000,0.000000,0.021374,0.003903,-0.000238,-0.003456
1777058004.931996,-0.006399,-0.003230,1.550377,0.013433,0.006013,0.005612,-0.005238,-0.009338,0.000000,0.000000,1.550000,6.283185,0.000000,0.000000,0.000000,0.000000,0.021444,0.001486,-0.000222,-0.003891
1777058004.965248,-0.006617,-0.002861,1.550371,0.013247,0.006226,0.006028,-0.005162,-0.008955,0.000000,0.000000,1.550000,6.283185,0.000000,0.000000,0.000000,0.000000,0.020906,0.000026,-0.000217,-0.004598
1777058004.998588,-0.006833,-0.002311,1.550338,0.012779,0.006768,0.006614,-0.005052,-0.008831,0.000000,0.000000,1.550000,6.283185,0.000000,0.000000,0.000000,0.000000,0.020889,-0.002257,-0.000214,-0.004842
1777058005.031947,-0.006969,-0.002126,1.550353,0.012452,0.007021,0.006789,-0.004956,-0.008938,0.000000,0.000000,1.550000,6.283185,0.000000,0.000000,0.000000,0.000000,0.020819,-0.005581,-0.000156,-0.003793
1777058005.065239,-0.007105,-0.001831,1.550356,0.012136,0.007254,0.007082,-0.004874,-0.009019,0.000000,0.000000,1.550000,6.283185,0.000000,0.000000,0.000000,0.000000,0.020344,-0.006691,-0.000193,-0.003429
1777058005.098578,-0.007172,-0.001669,1.550358,0.011897,0.007536,0.007216,-0.004796,-0.008882,0.000000,0.000000,1.550000,6.283185,0.000000,0.000000,0.000000,0.000000,0.019909,-0.008439,-0.000208,-0.003109
1777058005.131985,-0.007244,-0.001419,1.550348,0.011692,0.007832,0.007438,-0.004728,-0.008588,0.000000,0.000000,1.550000,6.283185,0.000000,0.000000,0.000000,0.000000,0.019125,-0.009366,-0.000222,-0.003128
1777058005.165225,-0.007283,-0.001285,1.550346,0.011510,0.008129,0.007523,-0.004653,-0.008286,0.000000,0.000000,1.550000,6.283185,0.000000,0.000000,0.000000,0.000000,0.018407,-0.010802,-0.000209,-0.003279
1777058005.198698,-0.007333,-0.001111,1.550352,0.011323,0.008363,0.007658,-0.004579,-0.008105,0.000000,0.000000,1.550000,6.283185,0.000000,0.000000,0.000000,0.000000,0.017546,-0.011522,-0.000215,-0.003498
1777058005.231928,-0.007334,-0.000985,1.550334,0.011114,0.008712,0.007714,-0.004515,-0.007866,0.000000,0.000000,1.550000,6.283185,0.000000,0.000000,0.000000,0.000000,0.016792,-0.012472,-0.000234,-0.003657
1777058005.265264,-0.007340,-0.000836,1.550329,0.010885,0.009031,0.007792,-0.004438,-0.007711,0.000000,0.000000,1.550000,6.283185,0.000000,0.000000,0.000000,0.000000,0.015791,-0.013118,-0.000207,-0.003684
1777058005.298652,-0.007349,-0.000768,1.550333,0.010644,0.009299,0.007785,-0.004359,-0.007683,0.000000,0.000000,1.550000,6.283185,0.000000,0.000000,0.000000,0.000000,0.014861,-0.013881,-0.000206,-0.003601
1777058005.331871,-0.007349,-0.000768,1.550333,0.010644,0.009299,0.007785,-0.004359,-0.007683,0.000000,0.000000,1.550000,6.283185,0.000000,0.000000,0.000000,0.000000,0.013993,-0.014160,-0.000221,-0.003449
1777058005.365313,-0.007273,-0.000602,1.550301,0.010170,0.009926,0.007786,-0.004247,-0.007607,0.000000,0.000000,1.550000,6.283185,0.000000,0.000000,0.000000,0.000000,0.013166,-0.014040,-0.000229,-0.004356
1777058005.398551,-0.007282,-0.000575,1.550316,0.009918,0.010157,0.007723,-0.004155,-0.007600,0.000000,0.000000,1.550000,6.283185,0.000000,0.000000,0.000000,0.000000,0.011860,-0.014872,-0.000171,-0.003067
1777058005.431958,-0.007282,-0.000575,1.550316,0.009918,0.010157,0.007723,-0.004155,-0.007600,0.000000,0.000000,1.550000,6.283185,0.000000,0.000000,0.000000,0.000000,0.011107,-0.014871,-0.000208,-0.002840
1777058005.465239,-0.007286,-0.000561,1.550318,0.009637,0.010424,0.007626,-0.004067,-0.007541,0.000000,0.000000,1.550000,6.283185,0.000000,0.000000,0.000000,0.000000,0.010382,-0.014728,-0.000215,-0.003729
1777058005.498688,-0.007224,-0.000539,1.550306,0.009448,0.010725,0.007544,-0.004002,-0.007297,0.000000,0.000000,1.550000,6.283185,0.000000,0.000000,0.000000,0.000000,0.009695,-0.014661,-0.000226,-0.003282
1777058005.532004,-0.007203,-0.000541,1.550307,0.009259,0.010943,0.007443,-0.003928,-0.007127,0.000000,0.000000,1.550000,6.283185,0.000000,0.000000,0.000000,0.000000,0.008652,-0.014630,-0.000209,-0.003259
1777058005.565206,-0.007156,-0.000572,1.550298,0.009021,0.011180,0.007309,-0.003867,-0.007110,0.000000,0.000000,1.550000,6.283185,0.000000,0.000000,0.000000,0.000000,0.007882,-0.014453,-0.000218,-0.003222
1777058005.598596,-0.007107,-0.000581,1.550290,0.008788,0.011430,0.007185,-0.003794,-0.006989,0.000000,0.000000,1.550000,6.283185,0.000000,0.000000,0.000000,0.000000,0.006992,-0.014098,-0.000208,-0.002945
1777058005.632047,-0.007042,-0.000643,1.550286,0.008560,0.011691,0.006996,-0.003711,-0.006833,0.000000,0.000000,1.550000,6.283185,0.000000,0.000000,0.000000,0.000000,0.006119,-0.013870,-0.000198,-0.002692
1777058005.665317,-0.007042,-0.000643,1.550286,0.008560,0.011691,0.006996,-0.003711,-0.006833,0.000000,0.000000,1.550000,6.283185,0.000000,0.000000,0.000000,0.000000,0.005173,-0.013324,-0.000199,-0.002468
1777058005.698687,-0.007040,-0.000718,1.550289,0.008354,0.011868,0.006796,-0.003622,-0.006631,0.000000,0.000000,1.550000,6.283185,0.000000,0.000000,0.000000,0.000000,0.004669,-0.013168,-0.000205,-0.003250
1777058005.731880,-0.006977,-0.000795,1.550282,0.008176,0.012073,0.006609,-0.003557,-0.006450,0.000000,0.000000,1.550000,6.283185,0.000000,0.000000,0.000000,0.000000,0.004173,-0.012557,-0.000218,-0.003041
1777058005.765249,-0.006963,-0.000851,1.550285,0.007997,0.012193,0.006462,-0.003490,-0.006362,0.000000,0.000000,1.550000,6.283185,0.000000,0.000000,0.000000,0.000000,0.003342,-0.011937,-0.000209,-0.002956
1777058005.798673,-0.006895,-0.000957,1.550271,0.007766,0.012384,0.006240,-0.003430,-0.006311,0.000000,0.000000,1.550000,6.283185,0.000000,0.000000,0.000000,0.000000,0.002826,-0.011446,-0.000222,-0.002857
1777058005.832009,-0.006887,-0.001030,1.550272,0.007546,0.012478,0.006077,-0.003365,-0.006350,0.000000,0.000000,1.550000,6.283185,0.000000,0.000000,0.000000,0.000000,0.002021,-0.010651,-0.000200,-0.002514
1777058005.865241,-0.006854,-0.001163,1.550273,0.007335,0.012591,0.005846,-0.003301,-0.006352,0.000000,0.000000,1.550000,6.283185,0.000000,0.000000,0.000000,0.000000,0.001591,-0.010061,-0.000210,-0.002228
1777058005.898692,-0.006834,-0.001240,1.550265,0.007140,0.012679,0.005685,-0.003249,-0.006308,0.000000,0.000000,1.550000,6.283185,0.000000,0.000000,0.000000,0.000000,0.001045,-0.009115,-0.000217,-0.001982
1777058005.931994,-0.006801,-0.001385,1.550260,0.006976,0.012776,0.005445,-0.003190,-0.006156,0.000000,0.000000,1.550000,6.283185,0.000000,0.000000,0.000000,0.000000,0.000595,-0.008515,-0.000208,-0.001810
1777058005.965372,-0.006735,-0.001457,1.550250,0.006836,0.012917,0.005265,-0.003116,-0.005836,0.000000,0.000000,1.550000,6.283185,0.000000,0.000000,0.000000,0.000000,0.000090,-0.007511,-0.000206,-0.001769
1777058005.998654,-0.006753,-0.001628,1.550250,0.006718,0.012933,0.005007,-0.003056,-0.005612,0.000000,0.000000,1.550000,6.283185,0.000000,0.000000,0.000000,0.000000,-0.000589,-0.006939,-0.000191,-0.001826
1777058006.031871,-0.006755,-0.001719,1.550250,0.006601,0.012960,0.004846,-0.002999,-0.005415,0.000000,0.000000,1.550000,6.283185,0.000000,0.000000,0.000000,0.000000,-0.000743,-0.005788,-0.000198,-0.001960
1777058006.065233,-0.006754,-0.001873,1.550251,0.006477,0.012982,0.004617,-0.002943,-0.005271,0.000000,0.000000,1.550000,6.283185,0.000000,0.000000,0.000000,0.000000,-0.000976,-0.005127,-0.000204,-0.002074
1777058006.098555,-0.006728,-0.001957,1.550239,0.006340,0.013028,0.004462,-0.002894,-0.005118,0.000000,0.000000,1.550000,6.283185,0.000000,0.000000,0.000000,0.000000,-0.001203,-0.004093,-0.000212,-0.002134
1777058006.131920,-0.006715,-0.002110,1.550233,0.006193,0.013051,0.004228,-0.002834,-0.004984,0.000000,0.000000,1.550000,6.283185,0.000000,0.000000,0.000000,0.000000,-0.001558,-0.003483,-0.000193,-0.002114
1777058006.165295,-0.006737,-0.002201,1.550237,0.006046,0.013027,0.004079,-0.002775,-0.004947,0.000000,0.000000,1.550000,6.283185,0.000000,0.000000,0.000000,0.000000,-0.001818,-0.002464,-0.000188,-0.002041
1777058006.198627,-0.006751,-0.002343,1.550230,0.005900,0.013007,0.003875,-0.002730,-0.004903,0.000000,0.000000,1.550000,6.283185,0.000000,0.000000,0.000000,0.000000,-0.001853,-0.001825,-0.000201,-0.001954
1777058006.231898,-0.006755,-0.002424,1.550226,0.005762,0.012993,0.003743,-0.002680,-0.004831,0.000000,0.000000,1.550000,6.283185,0.000000,0.000000,0.000000,0.000000,-0.001918,-0.000888,-0.000192,-0.001867
1777058006.265343,-0.006772,-0.002555,1.550225,0.005632,0.012957,0.003555,-0.002627,-0.004739,0.000000,0.000000,1.550000,6.283185,0.000000,0.000000,0.000000,0.000000,-0.002031,-0.000326,-0.000190,-0.001803
1777058006.298553,-0.006785,-0.002630,1.550217,0.005511,0.012922,0.003435,-0.002584,-0.004641,0.000000,0.000000,1.550000,6.283185,0.000000,0.000000,0.000000,0.000000,-0.002047,0.000533,-0.000193,-0.001769
1777058006.331935,-0.006801,-0.002747,1.550212,0.005393,0.012877,0.003267,-0.002535,-0.004513,0.000000,0.000000,1.550000,6.283185,0.000000,0.000000,0.000000,0.000000,-0.002072,0.001053,-0.000183,-0.001759
1777058006.365229,-0.006820,-0.002815,1.550212,0.005280,0.012827,0.003159,-0.002483,-0.004405,0.000000,0.000000,1.550000,6.283185,0.000000,0.000000,0.000000,0.000000,-0.002065,0.001815,-0.000178,-0.001757
1777058006.398546,-0.006868,-0.002918,1.550207,0.005167,0.012742,0.003018,-0.002444,-0.004356,0.000000,0.000000,1.550000,6.283185,0.000000,0.000000,0.000000,0.000000,-0.002030,0.002282,-0.000182,-0.001757
1777058006.431932,-0.006889,-0.002975,1.550204,0.005053,0.012686,0.002929,-0.002403,-0.004308,0.000000,0.000000,1.550000,6.283185,0.000000,0.000000,0.000000,0.000000,-0.001805,0.002949,-0.000178,-0.001750
1777058006.465238,-0.006919,-0.003057,1.550202,0.004938,0.012615,0.002813,-0.002358,-0.004250,0.000000,0.000000,1.550000,6.283185,0.000000,0.000000,0.000000,0.000000,-0.001736,0.003342,-0.000176,-0.001722
1777058006.498528,-0.006935,-0.003105,1.550193,0.004824,0.012555,0.002736,-0.002322,-0.004187,0.000000,0.000000,1.550000,6.283185,0.000000,0.000000,0.000000,0.000000,-0.001601,0.003877,-0.000177,-0.001681
1777058006.531964,-0.006963,-0.003170,1.550188,0.004712,0.012475,0.002640,-0.002278,-0.004097,0.000000,0.000000,1.550000,6.283185,0.000000,0.000000,0.000000,0.000000,-0.001535,0.004207,-0.000164,-0.001632
1777058006.565283,-0.006989,-0.003210,1.550188,0.004604,0.012397,0.002575,-0.002231,-0.004021,0.000000,0.000000,1.550000,6.283185,0.000000,0.000000,0.000000,0.000000,-0.001393,0.004635,-0.000157,-0.001584
1777058006.598537,-0.007017,-0.003256,1.550178,0.004498,0.012306,0.002501,-0.002191,-0.003912,0.000000,0.000000,1.550000,6.283185,0.000000,0.000000,0.000000,0.000000,-0.001250,0.004906,-0.000161,-0.001547
1777058006.632023,-0.007052,-0.003285,1.550177,0.004398,0.012214,0.002449,-0.002148,-0.003833,0.000000,0.000000,1.550000,6.283185,0.000000,0.000000,0.000000,0.000000,-0.001081,0.005217,-0.000145,-0.001513
1777058006.665236,-0.007094,-0.003313,1.550176,0.004300,0.012109,0.002399,-0.002103,-0.003751,0.000000,0.000000,1.550000,6.283185,0.000000,0.000000,0.000000,0.000000,-0.000870,0.005426,-0.000146,-0.001493
1777058006.698593,-0.007133,-0.003333,1.550172,0.004206,0.012014,0.002361,-0.002069,-0.003709,0.000000,0.000000,1.550000,6.283185,0.000000,0.000000,0.000000,0.000000,-0.000602,0.005630,-0.000149,-0.001474
1777058006.731874,-0.007158,-0.003340,1.550167,0.004112,0.011921,0.002334,-0.002030,-0.003619,0.000000,0.000000,1.550000,6.283185,0.000000,0.000000,0.000000,0.000000,-0.000349,0.005776,-0.000145,-0.001461
1777058006.765224,-0.007195,-0.003349,1.550168,0.004020,0.011824,0.002308,-0.001990,-0.003573,0.000000,0.000000,1.550000,6.283185,0.000000,0.000000,0.000000,0.000000,-0.000170,0.005852,-0.000138,-0.001436
1777058006.798607,-0.007227,-0.003341,1.550161,0.003927,0.011724,0.002299,-0.001957,-0.003510,0.000000,0.000000,1.550000,6.283185,0.000000,0.000000,0.000000,0.000000,0.000081,0.005936,-0.000144,-0.001415
1777058006.832058,-0.007249,-0.003337,1.550159,0.003836,0.011635,0.002286,-0.001920,-0.003450,0.000000,0.000000,1.550000,6.283185,0.000000,0.000000,0.000000,0.000000,0.000317,0.005921,-0.000134,-0.001383
1777058006.865270,-0.007268,-0.003310,1.550156,0.003745,0.011537,0.002295,-0.001877,-0.003359,0.000000,0.000000,1.550000,6.283185,0.000000,0.000000,0.000000,0.000000,0.000491,0.005931,-0.000132,-0.001346
1777058006.898558,-0.007285,-0.003296,1.550149,0.003656,0.011439,0.002288,-0.001840,-0.003270,0.000000,0.000000,1.550000,6.283185,0.000000,0.000000,0.000000,0.000000,0.000665,0.005806,-0.000129,-0.001305
1777058006.931864,-0.007302,-0.003253,1.550145,0.003569,0.011329,0.002310,-0.001795,-0.003159,0.000000,0.000000,1.550000,6.283185,0.000000,0.000000,0.000000,0.000000,0.000831,0.005760,-0.000120,-0.001266
1777058006.965565,-0.007334,-0.003235,1.550147,0.003487,0.011212,0.002306,-0.001751,-0.003079,0.000000,0.000000,1.550000,6.283185,0.000000,0.000000,0.000000,0.000000,0.001007,0.005543,-0.000115,-0.001230
1777058006.998619,-0.007368,-0.003187,1.550143,0.003408,0.011096,0.002337,-0.001716,-0.003008,0.000000,0.000000,1.550000,6.283185,0.000000,0.000000,0.000000,0.000000,0.001279,0.005480,-0.000122,-0.001209
1777058007.031976,-0.007402,-0.003165,1.550144,0.003332,0.010990,0.002340,-0.001682,-0.002974,0.000000,0.000000,1.550000,6.283185,0.000000,0.000000,0.000000,0.000000,0.001561,0.005239,-0.000117,-0.001192
1777058007.065252,-0.007414,-0.003104,1.550142,0.003256,0.010898,0.002383,-0.001647,-0.002912,0.000000,0.000000,1.550000,6.283185,0.000000,0.000000,0.000000,0.000000,0.001854,0.005155,-0.000122,-0.001182
1777058007.098658,-0.007421,-0.003070,1.550137,0.003182,0.010808,0.002395,-0.001616,-0.002846,0.000000,0.000000,1.550000,6.283185,0.000000,0.000000,0.000000,0.000000,0.002018,0.004844,-0.000123,-0.001166
1777058007.131997,-0.007439,-0.003003,1.550136,0.003109,0.010710,0.002443,-0.001583,-0.002800,0.000000,0.000000,1.550000,6.283185,0.000000,0.000000,0.000000,0.000000,0.002159,0.004689,-0.000116,-0.001148
1777058007.165213,-0.007430,-0.002959,1.550133,0.003034,0.010626,0.002459,-0.001546,-0.002722,0.750000,0.750000,1.750000,7.155850,0.000000,0.000000,0.000000,0.000000,0.002370,0.004348,-0.000117,-0.001129
1777058007.198664,-0.007415,-0.002873,1.550126,0.002961,0.010534,0.002515,-0.001510,-0.002628,0.750000,0.750000,1.750000,7.155850,0.000000,0.000000,0.000000,0.000000,0.102133,0.103914,0.099894,0.098984
1777058007.231874,-0.007434,-0.002835,1.550126,0.002891,0.010420,0.002522,-0.001473,-0.002569,0.750000,0.750000,1.750000,7.155850,0.000000,0.000000,0.000000,0.000000,0.191920,0.193522,0.141384,0.152608
1777058007.265200,-0.007134,-0.002457,1.550124,0.009384,0.010665,0.002909,-0.001434,0.016396,0.750000,0.750000,1.750000,7.155850,0.000000,0.000000,0.000000,0.000000,0.272728,0.274170,0.178712,0.200865
1777058007.298630,-0.006971,-0.002246,1.554090,0.021918,0.010618,0.003224,0.003474,0.051039,0.750000,0.750000,1.750000,7.155850,0.000000,0.000000,0.000000,0.000000,0.345455,0.346753,0.212310,0.243509
1777058007.331913,-0.005132,-0.000309,1.556158,0.038811,0.012492,0.005444,0.005906,0.097190,0.750000,0.750000,1.750000,7.155850,0.000000,0.000000,0.000000,0.000000,0.410910,0.412078,0.235387,0.281160
1777058007.365198,-0.004128,0.000757,1.557236,0.059250,0.013430,0.006591,0.007065,0.154008,0.750000,0.750000,1.750000,7.155850,0.000000,0.000000,0.000000,0.000000,0.469819,0.470870,0.258567,0.314449
1777058007.398672,-0.000476,0.004625,1.568300,0.082692,0.016703,0.011523,0.020453,0.219609,0.750000,0.750000,1.750000,7.155850,0.000000,0.000000,0.000000,0.000000,0.522837,0.523783,0.280698,0.343778
1777058007.431873,0.001680,0.006914,1.574512,0.109035,0.018519,0.014215,0.027526,0.282313,0.750000,0.750000,1.750000,7.155850,0.000000,0.000000,0.000000,0.000000,0.570553,0.571405,0.282057,0.369419
1777058007.465203,0.007328,0.013094,1.577876,0.137218,0.024848,0.020661,0.030982,0.348856,0.750000,0.750000,1.750000,7.155850,0.000000,0.000000,0.000000,0.000000,0.613498,0.614264,0.289215,0.391464
1777058007.498570,0.010660,0.016743,1.593748,0.167473,0.027206,0.025229,0.049626,0.409715,0.750000,0.750000,1.750000,7.155850,0.000000,0.000000,0.000000,0.000000,0.652148,0.652838,0.299297,0.410142
1777058007.531935,0.018395,0.025567,1.602539,0.199139,0.035861,0.034103,0.059109,0.465538,0.750000,0.750000,1.750000,7.155850,0.000000,0.000000,0.000000,0.000000,0.686933,0.687554,0.283918,0.425287
1777058007.565311,0.022730,0.030572,1.607220,0.231686,0.040461,0.038473,0.063315,0.522280,0.750000,0.750000,1.750000,7.155850,0.000000,0.000000,0.000000,0.000000,0.718240,0.718799,0.279028,0.436894
1777058007.598569,0.032112,0.041832,1.624683,0.265216,0.050881,0.049521,0.083175,0.575153,0.750000,0.750000,1.750000,7.155850,0.000000,0.000000,0.000000,0.000000,0.746416,0.746919,0.280085,0.444904
1777058007.631853,0.037715,0.048650,1.634650,0.299824,0.056591,0.055018,0.092838,0.610543,0.750000,0.750000,1.750000,7.155850,0.000000,0.000000,0.000000,0.000000,0.771774,0.764222,0.254932,0.448920
1777058007.665245,0.048699,0.062659,1.639591,0.333786,0.070845,0.066150,0.096619,0.652785,0.750000,0.750000,1.750000,7.155850,0.000000,0.000000,0.000000,0.000000,0.794597,0.777808,0.241915,0.448365
1777058007.698634,0.054544,0.070201,1.655505,0.367605,0.076726,0.072276,0.113871,0.703183,0.750000,0.750000,1.750000,7.155850,0.000000,0.000000,0.000000,0.000000,0.815137,0.768824,0.237314,0.443915
1777058007.731960,0.067168,0.087302,1.664847,0.402294,0.093547,0.084704,0.122357,0.728815,0.750000,0.750000,1.750000,7.155850,0.000000,0.000000,0.000000,0.000000,0.833624,0.761368,0.209948,0.434887
1777058007.765285,0.073775,0.096399,1.669356,0.435054,0.101674,0.089955,0.125032,0.763445,0.750000,0.750000,1.750000,7.155850,0.000000,0.000000,0.000000,0.000000,0.850261,0.729478,0.193872,0.419712
1777058007.798650,0.087769,0.116295,1.683852,0.467970,0.120766,0.102940,0.139820,0.775525,0.750000,0.750000,1.750000,7.155850,0.000000,0.000000,0.000000,0.000000,0.865235,0.703524,0.186496,0.401068
1777058007.831926,0.095843,0.128050,1.691858,0.499333,0.130036,0.108064,0.145141,0.771567,0.750000,0.750000,1.750000,7.155850,0.000000,0.000000,0.000000,0.000000,0.878712,0.653501,0.158373,0.376251
1777058007.865224,0.111060,0.150156,1.695507,0.527960,0.152344,0.119396,0.146500,0.768839,0.750000,0.750000,1.750000,7.155850,0.000000,0.000000,0.000000,0.000000,0.890840,0.611181,0.142099,0.347596
1777058007.898662,0.118917,0.161755,1.706127,0.554064,0.161204,0.123592,0.155784,0.763772,0.750000,0.750000,1.750000,7.155850,0.000000,0.000000,0.000000,0.000000,0.901756,0.548550,0.134084,0.318033
1777058007.931923,0.135010,0.184840,1.711484,0.577342,0.184920,0.133542,0.159793,0.752175,0.750000,0.750000,1.750000,7.155850,0.000000,0.000000,0.000000,0.000000,0.911581,0.499346,0.111610,0.288371
1777058007.965230,0.143503,0.197231,1.714048,0.597628,0.195338,0.136633,0.159540,0.736692,0.750000,0.750000,1.750000,7.155850,0.000000,0.000000,0.000000,0.000000,0.920423,0.430962,0.099139,0.260589
1777058007.998669,0.160860,0.221042,1.721217,0.615228,0.220598,0.144933,0.166602,0.716109,0.750000,0.750000,1.750000,7.155850,0.000000,0.000000,0.000000,0.000000,0.928380,0.377828,0.092157,0.236547
1777058008.031977,0.170411,0.234325,1.724916,0.630437,0.231963,0.147294,0.167977,0.690909,0.750000,0.750000,1.750000,7.155850,0.000000,0.000000,0.000000,0.000000,0.920615,0.308539,0.075699,0.216626
1777058008.065327,0.189679,0.259327,1.726877,0.643693,0.259700,0.153803,0.168851,0.661752,0.750000,0.750000,1.750000,7.155850,0.000000,0.000000,0.000000,0.000000,0.928553,0.255030,0.066007,0.201004
1777058008.098618,0.201089,0.274481,1.731910,0.655608,0.271799,0.154894,0.171001,0.626128,0.750000,0.750000,1.750000,7.155850,0.000000,0.000000,0.000000,0.000000,0.893027,0.187179,0.059824,0.189012
1777058008.131916,0.201089,0.274481,1.731910,0.655608,0.271799,0.154894,0.171001,0.626128,0.750000,0.750000,1.750000,7.155850,0.000000,0.000000,0.000000,0.000000,0.889563,0.134108,0.047423,0.179241
1777058008.165301,0.222796,0.300568,1.734534,0.666207,0.300485,0.158694,0.171974,0.591064,0.750000,0.750000,1.750000,7.155850,0.000000,0.000000,0.000000,0.000000,0.900606,0.106128,0.045191,0.206266
1777058008.198577,0.234821,0.315688,1.735892,0.676913,0.311953,0.158396,0.168864,0.558308,0.750000,0.750000,1.750000,7.155850,0.000000,0.000000,0.000000,0.000000,0.835323,0.045638,0.037805,0.196178
1777058008.231955,0.257635,0.341545,1.738439,0.689923,0.341178,0.160651,0.170015,0.539451,0.750000,0.750000,1.750000,7.155850,0.000000,0.000000,0.000000,0.000000,0.814101,-0.000162,0.033083,0.184338
1777058008.265365,0.269497,0.354911,1.739565,0.704511,0.352516,0.159652,0.168192,0.532127,0.750000,0.750000,1.750000,7.155850,0.000000,0.000000,0.000000,0.000000,0.728606,-0.054506,0.026019,0.163166
1777058008.298607,0.293294,0.380931,1.740392,0.718472,0.382753,0.160529,0.166579,0.521313,0.750000,0.750000,1.750000,7.155850,0.000000,0.000000,0.000000,0.000000,0.699526,-0.092777,0.021907,0.135029
1777058008.331985,0.306444,0.395319,1.742241,0.730881,0.394890,0.158714,0.165071,0.508193,0.750000,0.750000,1.750000,7.155850,0.000000,0.000000,0.000000,0.000000,0.594661,-0.141569,0.018536,0.108198
1777058008.365373,0.332314,0.422209,1.743537,0.741287,0.425733,0.157348,0.162370,0.486628,0.750000,0.750000,1.750000,7.155850,0.000000,0.000000,0.000000,0.000000,0.548135,-0.176754,0.013210,0.086328
1777058008.398673,0.346380,0.436671,1.743960,0.748905,0.437084,0.154236,0.158313,0.460623,0.750000,0.750000,1.750000,7.155850,0.000000,0.000000,0.000000,0.000000,0.420066,-0.217852,0.009087,0.071485
1777058008.432024,0.371839,0.461122,1.744957,0.754179,0.466152,0.151042,0.154778,0.431503,0.750000,0.750000,1.750000,7.155850,0.000000,0.000000,0.000000,0.000000,0.361553,-0.246119,0.006869,0.066751
1777058008.465259,0.386787,0.475682,1.745551,0.757795,0.476946,0.147063,0.150242,0.398897,0.750000,0.750000,1.750000,7.155850,0.000000,0.000000,0.000000,0.000000,0.230084,-0.273827,0.003633,0.070331
1777058008.498644,0.414771,0.501254,1.746364,0.760606,0.504898,0.141551,0.143444,0.366194,0.750000,0.750000,1.750000,7.155850,0.000000,0.000000,0.000000,0.000000,0.161204,-0.294574,0.001338,0.079048
1777058008.531888,0.428782,0.513464,1.746575,0.763870,0.512726,0.136724,0.137464,0.339613,0.750000,0.750000,1.750000,7.155850,0.000000,0.000000,0.000000,0.000000,0.045083,-0.312234,-0.001239,0.089289
1777058008.565280,0.454252,0.534631,1.746498,0.768211,0.536666,0.130445,0.130455,0.319146,0.750000,0.750000,1.750000,7.155850,0.000000,0.000000,0.000000,0.000000,-0.021367,-0.322027,-0.002466,0.096054
1777058008.598562,0.469136,0.547193,1.746787,0.773735,0.543158,0.124950,0.124105,0.302738,0.750000,0.750000,1.750000,7.155850,0.000000,0.000000,0.000000,0.000000,-0.119231,-0.325272,-0.002940,0.096914
1777058008.631883,0.493815,0.566124,1.746356,0.779926,0.563875,0.117462,0.116140,0.291910,0.750000,0.750000,1.750000,7.155850,0.000000,0.000000,0.000000,0.000000,-0.197218,-0.329043,-0.004007,0.091799
1777058008.665269,0.507485,0.576569,1.745930,0.786438,0.568752,0.111781,0.110371,0.283640,0.750000,0.750000,1.750000,7.155850,0.000000,0.000000,0.000000,0.000000,-0.277497,-0.320566,-0.003462,0.083241
1777058008.698584,0.531381,0.593744,1.745804,0.792695,0.586742,0.103364,0.103286,0.275004,0.750000,0.750000,1.750000,7.155850,0.000000,0.000000,0.000000,0.000000,-0.349747,-0.316607,-0.002786,0.072821
1777058008.731886,0.544640,0.603139,1.745252,0.798382,0.590010,0.097296,0.097543,0.266097,0.750000,0.750000,1.750000,7.155850,0.000000,0.000000,0.000000,0.000000,-0.414772,-0.298811,-0.002579,0.063154
1777058008.765251,0.567834,0.618586,1.745013,0.803344,0.604840,0.087910,0.090595,0.254675,0.750000,0.750000,1.750000,7.155850,0.000000,0.000000,0.000000,0.000000,-0.473295,-0.288966,-0.001409,0.055558
1777058008.798596,0.581388,0.627680,1.744889,0.807398,0.605211,0.081113,0.085211,0.240740,0.750000,0.750000,1.750000,7.155850,0.000000,0.000000,0.000000,0.000000,-0.525966,-0.262394,-0.000750,0.050670
1777058008.831938,0.603579,0.641041,1.744419,0.810620,0.615649,0.070807,0.078390,0.225840,0.750000,0.750000,1.750000,7.155850,0.000000,0.000000,0.000000,0.000000,-0.573369,-0.247257,-0.000254,0.049122
1777058008.865232,0.615552,0.648038,1.744056,0.813263,0.613068,0.064057,0.073535,0.210992,0.750000,0.750000,1.750000,7.155850,0.000000,0.000000,0.000000,0.000000,-0.616032,-0.212581,0.001026,0.050490
1777058008.898664,0.636176,0.659340,1.743854,0.815715,0.619657,0.053626,0.067724,0.196678,0.750000,0.750000,1.750000,7.155850,0.000000,0.000000,0.000000,0.000000,-0.654429,-0.193287,0.002156,0.053498
1777058008.931953,0.646899,0.664836,1.743498,0.818378,0.614876,0.047136,0.063558,0.184934,0.750000,0.750000,1.750000,7.155850,0.000000,0.000000,0.000000,0.000000,-0.688986,-0.154080,0.003019,0.056385
1777058008.965272,0.664273,0.673142,1.743166,0.821392,0.619018,0.037629,0.058908,0.176223,0.750000,0.750000,1.750000,7.155850,0.000000,0.000000,0.000000,0.000000,-0.720087,-0.132483,0.004223,0.057513
1777058008.998589,0.674312,0.678029,1.743007,0.824783,0.613786,0.031607,0.055480,0.169124,0.750000,0.750000,1.750000,7.155850,0.000000,0.000000,0.000000,0.000000,-0.748079,-0.093166,0.005418,0.056346
1777058009.031946,0.690432,0.685304,1.742953,0.828330,0.615468,0.022504,0.051614,0.163372,0.750000,0.750000,1.750000,7.155850,0.000000,0.000000,0.000000,0.000000,-0.773271,-0.071077,0.006276,0.052996
1777058009.065245,0.699422,0.689250,1.742868,0.831966,0.608867,0.016925,0.048683,0.158510,0.750000,0.750000,1.750000,7.155850,0.000000,0.000000,0.000000,0.000000,-0.795944,-0.031707,0.006930,0.048575
1777058009.098680,0.714268,0.695450,1.742826,0.835524,0.607425,0.008223,0.045156,0.153107,0.750000,0.750000,1.750000,7.155850,0.000000,0.000000,0.000000,0.000000,-0.816349,-0.009741,0.007637,0.043417
1777058009.132006,0.722385,0.698654,1.743032,0.838744,0.598369,0.003037,0.042806,0.147255,0.750000,0.750000,1.750000,7.155850,0.000000,0.000000,0.000000,0.000000,-0.834714,0.029291,0.008256,0.038373
1777058009.165247,0.733836,0.702224,1.742950,0.841508,0.594811,-0.004461,0.040188,0.142009,0.750000,0.750000,1.750000,7.155850,0.000000,0.000000,0.000000,0.000000,-0.851243,0.050790,0.008350,0.034557
1777058009.198698,0.741120,0.704926,1.743004,0.843940,0.585067,-0.009030,0.037941,0.135038,0.750000,0.750000,1.750000,7.155850,0.000000,0.000000,0.000000,0.000000,-0.866119,0.085755,0.009006,0.032512
1777058009.231989,0.751491,0.707927,1.743346,0.845926,0.578460,-0.015847,0.035967,0.127568,0.750000,0.750000,1.750000,7.155850,0.000000,0.000000,0.000000,0.000000,-0.879507,0.105742,0.009369,0.031517
1777058009.265244,0.757441,0.709648,1.743520,0.847661,0.566617,-0.019738,0.034140,0.119802,0.750000,0.750000,1.750000,7.155850,0.000000,0.000000,0.000000,0.000000,-0.891556,0.138367,0.009121,0.032091
1777058009.298576,0.764815,0.710671,1.743426,0.849234,0.558121,-0.025252,0.032285,0.113155,0.750000,0.750000,1.750000,7.155850,0.000000,0.000000,0.000000,0.000000,-0.902401,0.156324,0.009174,0.033235
1777058009.331953,0.769486,0.711651,1.743893,0.850876,0.546095,-0.028355,0.031159,0.106844,0.750000,0.750000,1.750000,7.155850,0.000000,0.000000,0.000000,0.000000,-0.912160,0.183390,0.009748,0.034600
1777058009.365236,0.776283,0.712710,1.744185,0.852658,0.533561,-0.033083,0.029562,0.100886,0.750000,0.750000,1.750000,7.155850,0.000000,0.000000,0.000000,0.000000,-0.920944,0.198521,0.009158,0.035102
1777058009.398631,0.779894,0.713067,1.744287,0.854569,0.517407,-0.035473,0.027918,0.095613,0.750000,0.750000,1.750000,7.155850,0.000000,0.000000,0.000000,0.000000,-0.928850,0.222849,0.008882,0.034528
1777058009.431965,0.783433,0.711957,1.744668,0.856555,0.501855,-0.038833,0.026953,0.091469,0.750000,0.750000,1.750000,7.155850,0.000000,0.000000,0.000000,0.000000,-0.935965,0.235610,0.008966,0.032978
1777058009.465190,0.784803,0.710870,1.744760,0.858554,0.486602,-0.040293,0.025881,0.088323,0.750000,0.750000,1.750000,7.155850,0.000000,0.000000,0.000000,0.000000,-0.942368,0.253732,0.008456,0.030798
1777058009.498636,0.786986,0.709398,1.744907,0.860540,0.468424,-0.042534,0.024640,0.084314,0.750000,0.750000,1.750000,7.155850,0.000000,0.000000,0.000000,0.000000,-0.940189,0.262003,0.008502,0.028306
1777058009.532001,0.787007,0.707565,1.745164,0.862254,0.452178,-0.043256,0.023993,0.080975,0.750000,0.750000,1.750000,7.155850,0.000000,0.000000,0.000000,0.000000,-0.936042,0.275392,0.008422,0.025636
1777058009.565267,0.786144,0.704325,1.745237,0.863800,0.434662,-0.044236,0.023376,0.077553,0.750000,0.750000,1.750000,7.155850,0.000000,0.000000,0.000000,0.000000,-0.919726,0.280420,0.008094,0.024023
1777058009.598646,0.785954,0.702736,1.745283,0.865193,0.417394,-0.044433,0.022368,0.073461,0.750000,0.750000,1.750000,7.155850,0.000000,0.000000,0.000000,0.000000,-0.891903,0.286889,0.008115,0.022910
1777058009.631965,0.783373,0.698650,1.745553,0.866448,0.396784,-0.044371,0.022042,0.069426,0.750000,0.750000,1.750000,7.155850,0.000000,0.000000,0.000000,0.000000,-0.872088,0.290025,0.008184,0.022210
1777058009.665231,0.783373,0.698650,1.745553,0.866448,0.396784,-0.044371,0.022042,0.069426,0.750000,0.750000,1.750000,7.155850,0.000000,0.000000,0.000000,0.000000,-0.830353,0.291919,0.007780,0.021826
1777058009.698683,0.779861,0.694181,1.745409,0.867632,0.376748,-0.043846,0.021327,0.065814,0.750000,0.750000,1.750000,7.155850,0.000000,0.000000,0.000000,0.000000,-0.818258,0.290017,0.007895,0.026921
1777058009.731961,0.776771,0.690624,1.745485,0.868814,0.358130,-0.042989,0.020646,0.062571,0.750000,0.750000,1.750000,7.155850,0.000000,0.000000,0.000000,0.000000,-0.771449,0.289344,0.008303,0.026066
1777058009.765205,0.774935,0.688488,1.745795,0.870026,0.339698,-0.042025,0.019921,0.059177,0.750000,0.750000,1.750000,7.155850,0.000000,0.000000,0.000000,0.000000,-0.729365,0.287074,0.008268,0.024976
1777058009.798657,0.769129,0.683068,1.745795,0.871192,0.317988,-0.040172,0.019168,0.056408,0.750000,0.750000,1.750000,7.155850,0.000000,0.000000,0.000000,0.000000,-0.697095,0.285056,0.007749,0.023521
1777058009.831883,0.765636,0.679806,1.745732,0.872334,0.302041,-0.038884,0.018256,0.054336,0.750000,0.750000,1.750000,7.155850,0.000000,0.000000,0.000000,0.000000,-0.634374,0.277474,0.007842,0.022104
1777058009.865321,0.759371,0.674677,1.746137,0.873497,0.279199,-0.036332,0.017651,0.051564,0.750000,0.750000,1.750000,7.155850,0.000000,0.000000,0.000000,0.000000,-0.590027,0.272262,0.008067,0.020640
1777058009.898623,0.755278,0.671229,1.746152,0.874494,0.263226,-0.034701,0.016783,0.049405,0.750000,0.750000,1.750000,7.155850,0.000000,0.000000,0.000000,0.000000,-0.526098,0.261461,0.007338,0.018898
1777058009.931944,0.748134,0.665890,1.746167,0.875453,0.243068,-0.031783,0.015823,0.047142,0.750000,0.750000,1.750000,7.155850,0.000000,0.000000,0.000000,0.000000,-0.478065,0.254288,0.007382,0.017785
1777058009.965261,0.743979,0.662728,1.746457,0.876299,0.228196,-0.029968,0.015208,0.044971,0.750000,0.750000,1.750000,7.155850,0.000000,0.000000,0.000000,0.000000,-0.410094,0.240334,0.007431,0.016673
1777058009.998590,0.743979,0.662728,1.746457,0.876299,0.228196,-0.029968,0.015208,0.044971,0.750000,0.750000,1.750000,7.155850,0.000000,0.000000,0.000000,0.000000,-0.363483,0.231946,0.006917,0.015932
1777058010.032049,0.735619,0.656873,1.746639,0.877125,0.206204,-0.026389,0.014144,0.042453,0.750000,0.750000,1.750000,7.155850,0.000000,0.000000,0.000000,0.000000,-0.348530,0.230874,0.006970,0.018931
1777058010.065325,0.731826,0.654330,1.746638,0.877857,0.192581,-0.024525,0.013061,0.040296,0.750000,0.750000,1.750000,7.155850,0.000000,0.000000,0.000000,0.000000,-0.275485,0.213503,0.006660,0.017779
1777058010.098641,0.724336,0.649702,1.746985,0.878668,0.174904,-0.020994,0.012266,0.038588,0.750000,0.750000,1.750000,7.155850,0.000000,0.000000,0.000000,0.000000,-0.234713,0.204756,0.006721,0.016937
1777058010.131949,0.720024,0.647048,1.747216,0.879716,0.160359,-0.018829,0.011314,0.037273,0.750000,0.750000,1.750000,7.155850,0.000000,0.000000,0.000000,0.000000,-0.170978,0.186935,0.006074,0.015623
1777058010.165210,0.711996,0.642426,1.747220,0.880670,0.143297,-0.014966,0.010336,0.036302,0.750000,0.750000,1.750000,7.155850,0.000000,0.000000,0.000000,0.000000,-0.128091,0.176405,0.005651,0.013112
1777058010.198562,0.707559,0.639833,1.747471,0.881545,0.131186,-0.012848,0.009703,0.035260,0.750000,0.750000,1.750000,7.155850,0.000000,0.000000,0.000000,0.000000,-0.062952,0.156258,0.005685,0.011001
1777058010.231941,0.700183,0.636010,1.747582,0.882234,0.116884,-0.009109,0.008789,0.034014,0.750000,0.750000,1.750000,7.155850,0.000000,0.000000,0.000000,0.000000,-0.020847,0.145183,0.005218,0.009209
1777058010.265229,0.695957,0.633814,1.747645,0.882762,0.106322,-0.007017,0.007919,0.032272,0.750000,0.750000,1.750000,7.155850,0.000000,0.000000,0.000000,0.000000,0.037064,0.125319,0.005028,0.008217
1777058010.298579,0.688997,0.630757,1.747896,0.883140,0.092849,-0.003208,0.007084,0.030139,0.750000,0.750000,1.750000,7.155850,0.000000,0.000000,0.000000,0.000000,0.075397,0.114037,0.004940,0.007842
1777058010.331916,0.684803,0.628967,1.748050,0.883458,0.081023,-0.001053,0.006013,0.027805,0.750000,0.750000,1.750000,7.155850,0.000000,0.000000,0.000000,0.000000,0.127258,0.093584,0.004468,0.008006
1777058010.365331,0.684803,0.628967,1.748050,0.883458,0.081023,-0.001053,0.006013,0.027805,0.750000,0.750000,1.750000,7.155850,0.000000,0.000000,0.000000,0.000000,0.163070,0.081306,0.004189,0.008249
1777058010.398596,0.677510,0.626055,1.748105,0.883752,0.066466,0.002896,0.004725,0.025646,0.750000,0.750000,1.750000,7.155850,0.000000,0.000000,0.000000,0.000000,0.174037,0.081641,0.004212,0.009842
1777058010.431857,0.674354,0.624889,1.748316,0.884079,0.058291,0.004487,0.004101,0.023979,0.750000,0.750000,1.750000,7.155850,0.000000,0.000000,0.000000,0.000000,0.224988,0.059518,0.004139,0.009823
1777058010.465220,0.669055,0.623589,1.748422,0.884475,0.048281,0.007766,0.003217,0.022569,0.750000,0.750000,1.750000,7.155850,0.000000,0.000000,0.000000,0.000000,0.252458,0.050028,0.003747,0.009531
1777058010.498660,0.666204,0.622742,1.748457,0.884880,0.041632,0.009238,0.002518,0.021555,0.750000,0.750000,1.750000,7.155850,0.000000,0.000000,0.000000,0.000000,0.288157,0.031440,0.003564,0.008799
1777058010.531980,0.662062,0.622299,1.748645,0.885295,0.034637,0.012097,0.002011,0.020690,0.750000,0.750000,1.750000,7.155850,0.000000,0.000000,0.000000,0.000000,0.312336,0.022447,0.003527,0.007970
1777058010.565248,0.659691,0.622003,1.748737,0.885675,0.029197,0.013444,0.001481,0.019788,0.750000,0.750000,1.750000,7.155850,0.000000,0.000000,0.000000,0.000000,0.339050,0.006237,0.003178,0.007030
1777058010.598537,0.656354,0.622483,1.748784,0.886014,0.023457,0.016079,0.000858,0.018725,0.750000,0.750000,1.750000,7.155850,0.000000,0.000000,0.000000,0.000000,0.358187,-0.002366,0.003017,0.006209
1777058010.631873,0.654431,0.622683,1.748953,0.886286,0.018573,0.017186,0.000435,0.017565,0.750000,0.750000,1.750000,7.155850,0.000000,0.000000,0.000000,0.000000,0.377167,-0.018037,0.002947,0.005513
1777058010.665193,0.652133,0.623973,1.749031,0.886502,0.014712,0.019397,0.000009,0.016399,0.750000,0.750000,1.750000,7.155850,0.000000,0.000000,0.000000,0.000000,0.391939,-0.026168,0.002627,0.005043
1777058010.698533,0.650909,0.624562,1.749066,0.886675,0.011638,0.020232,-0.000378,0.015321,0.750000,0.750000,1.750000,7.155850,0.000000,0.000000,0.000000,0.000000,0.403006,-0.039848,0.002486,0.004748
1777058010.731908,0.649673,0.626654,1.749200,0.886848,0.009542,0.022017,-0.000601,0.014272,0.750000,0.750000,1.750000,7.155850,0.000000,0.000000,0.000000,0.000000,0.412899,-0.046051,0.002433,0.004580
1777058010.765204,0.649008,0.627694,1.749265,0.887000,0.007482,0.022637,-0.000869,0.013348,0.750000,0.750000,1.750000,7.155850,0.000000,0.000000,0.000000,0.000000,0.415962,-0.057689,0.002175,0.004321
1777058010.798674,0.648790,0.630371,1.749297,0.887163,0.007246,0.024019,-0.001059,0.012552,0.750000,0.750000,1.750000,7.155850,0.000000,0.000000,0.000000,0.000000,0.421327,-0.062874,0.002052,0.004100
1777058010.831948,0.648636,0.631905,1.749401,0.887325,0.005946,0.024452,-0.001238,0.011804,0.750000,0.750000,1.750000,7.155850,0.000000,0.000000,0.000000,0.000000,0.417548,-0.071963,0.001994,0.003762
1777058010.865293,0.649327,0.635410,1.749454,0.887487,0.006723,0.025435,-0.001393,0.011073,0.750000,0.750000,1.750000,7.155850,0.000000,0.000000,0.000000,0.000000,0.418424,-0.076559,0.001789,0.003371
1777058010.898522,0.649709,0.637280,1.749480,0.887624,0.006061,0.025564,-0.001641,0.010375,0.750000,0.750000,1.750000,7.155850,0.000000,0.000000,0.000000,0.000000,0.407351,-0.084476,0.001682,0.002932
1777058010.931948,0.651267,0.641160,1.749562,0.887737,0.008189,0.026143,-0.001657,0.009698,0.750000,0.750000,1.750000,7.155850,0.000000,0.000000,0.000000,0.000000,0.404570,-0.087784,0.001631,0.002561
1777058010.965329,0.652135,0.643371,1.749601,0.887830,0.008183,0.026066,-0.001862,0.009006,0.750000,0.750000,1.750000,7.155850,0.000000,0.000000,0.000000,0.000000,0.388410,-0.093122,0.001462,0.002247
1777058010.998549,0.654555,0.647994,1.749615,0.887904,0.010975,0.026190,-0.002036,0.008293,0.750000,0.750000,1.750000,7.155850,0.000000,0.000000,0.000000,0.000000,0.382154,-0.095444,0.001379,0.001975
1777058011.031908,0.655855,0.650352,1.749682,0.887949,0.011367,0.025829,-0.002186,0.007595,0.750000,0.750000,1.750000,7.155850,0.000000,0.000000,0.000000,0.000000,0.359471,-0.099547,0.001348,0.001735
1777058011.065346,0.658853,0.655000,1.749715,0.887984,0.015078,0.025649,-0.002245,0.006946,0.750000,0.750000,1.750000,7.155850,0.000000,0.000000,0.000000,0.000000,0.351002,-0.100407,0.001210,0.001583
1777058011.098594,0.660540,0.657631,1.749728,0.888016,0.015850,0.025127,-0.002475,0.006341,0.750000,0.750000,1.750000,7.155850,0.000000,0.000000,0.000000,0.000000,0.325996,-0.102000,0.001139,0.001417
1777058011.131874,0.663994,0.662329,1.749784,0.888033,0.020200,0.024707,-0.002499,0.005767,0.750000,0.750000,1.750000,7.155850,0.000000,0.000000,0.000000,0.000000,0.314873,-0.102122,0.001110,0.001227
1777058011.165323,0.665982,0.665068,1.749810,0.888056,0.021498,0.024115,-0.002683,0.005264,0.750000,0.750000,1.750000,7.155850,0.000000,0.000000,0.000000,0.000000,0.287889,-0.101877,0.000992,0.001065
1777058011.198556,0.669979,0.670139,1.749820,0.888068,0.026175,0.023410,-0.002820,0.004776,0.750000,0.750000,1.750000,7.155850,0.000000,0.000000,0.000000,0.000000,0.275100,-0.101100,0.000935,0.000842
1777058011.231855,0.672328,0.673135,1.749862,0.888076,0.027413,0.022584,-0.003037,0.004321,0.750000,0.750000,1.750000,7.155850,0.000000,0.000000,0.000000,0.000000,0.244427,-0.099833,0.000911,0.000631
1777058011.265225,0.676672,0.678211,1.749885,0.888067,0.032207,0.021609,-0.003227,0.003859,0.750000,0.750000,1.750000,7.155850,0.000000,0.000000,0.000000,0.000000,0.229300,-0.098401,0.000825,0.000401
1777058011.298619,0.679097,0.681031,1.749894,0.888049,0.033533,0.020724,-0.003474,0.003418,0.750000,0.750000,1.750000,7.155850,0.000000,0.000000,0.000000,0.000000,0.197458,-0.095625,0.000777,0.000222
1777058011.331897,0.683644,0.686061,1.749923,0.888017,0.038215,0.019557,-0.003674,0.002983,0.750000,0.750000,1.750000,7.155850,0.000000,0.000000,0.000000,0.000000,0.182975,-0.093270,0.000759,0.000055
1777058011.365227,0.686335,0.689071,1.749933,0.887979,0.039068,0.018453,-0.003978,0.002591,0.750000,0.750000,1.750000,7.155850,0.000000,0.000000,0.000000,0.000000,0.150705,-0.089475,0.000703,-0.000086
1777058011.398618,0.690893,0.693774,1.749942,0.887922,0.043565,0.017152,-0.004198,0.002151,0.750000,0.750000,1.750000,7.155850,0.000000,0.000000,0.000000,0.000000,0.134681,-0.086659,0.000687,-0.000233
1777058011.431910,0.693408,0.696366,1.749973,0.887865,0.044633,0.016157,-0.004404,0.001759,0.750000,0.750000,1.750000,7.155850,0.000000,0.000000,0.000000,0.000000,0.104083,-0.081672,0.000676,-0.000321
1777058011.465204,0.697961,0.700916,1.749982,0.887801,0.048838,0.014791,-0.004643,0.001385,0.750000,0.750000,1.750000,7.155850,0.000000,0.000000,0.000000,0.000000,0.090697,-0.078236,0.000622,-0.000435
1777058011.498538,0.700552,0.703488,1.749988,0.887735,0.049740,0.013753,-0.004882,0.001047,0.750000,0.750000,1.750000,7.155850,0.000000,0.000000,0.000000,0.000000,0.060878,-0.072816,0.000612,-0.000543
1777058011.531890,0.705051,0.707799,1.750009,0.887662,0.053609,0.012326,-0.005105,0.000716,0.750000,0.750000,1.750000,7.155850,0.000000,0.000000,0.000000,0.000000,0.047423,-0.069080,0.000611,-0.000660
1777058011.565259,0.707567,0.710185,1.750024,0.887585,0.054351,0.011308,-0.005313,0.000400,0.750000,0.750000,1.750000,7.155850,0.000000,0.000000,0.000000,0.000000,0.018994,-0.063145,0.000580,-0.000769
1777058011.598638,0.712194,0.714511,1.750015,0.887504,0.057559,0.009739,-0.005608,0.000154,0.750000,0.750000,1.750000,7.155850,0.000000,0.000000,0.000000,0.000000,0.006765,-0.059186,0.000562,-0.000874
1777058011.631903,0.714553,0.716630,1.750048,0.887412,0.057818,0.008726,-0.005780,-0.000147,0.750000,0.750000,1.750000,7.155850,0.000000,0.000000,0.000000,0.000000,-0.022000,-0.052833,0.000596,-0.000993
1777058011.665204,0.718526,0.720141,1.750060,0.887316,0.060694,0.007348,-0.005991,-0.000452,0.750000,0.750000,1.750000,7.155850,0.000000,0.000000,0.000000,0.000000,-0.032199,-0.048720,0.000545,-0.001071
1777058011.698669,0.720802,0.722147,1.750067,0.887216,0.060869,0.006402,-0.006177,-0.000726,0.750000,0.750000,1.750000,7.155850,0.000000,0.000000,0.000000,0.000000,-0.054809,-0.042467,0.000536,-0.001149
1777058011.731921,0.724731,0.725551,1.750080,0.887113,0.063100,0.004990,-0.006393,-0.000951,0.750000,0.750000,1.750000,7.155850,0.000000,0.000000,0.000000,0.000000,-0.064213,-0.038460,0.000537,-0.001222
1777058011.765239,0.727015,0.727517,1.750086,0.887006,0.062477,0.003997,-0.006581,-0.001136,0.750000,0.750000,1.750000,7.155850,0.000000,0.000000,0.000000,0.000000,-0.086115,-0.032148,0.000528,-0.001297
1777058011.798630,0.730489,0.730377,1.750091,0.886892,0.064065,0.002683,-0.006770,-0.001366,0.750000,0.750000,1.750000,7.155850,0.000000,0.000000,0.000000,0.000000,-0.095159,-0.028078,0.000532,-0.001371
1777058011.831922,0.732453,0.731989,1.750114,0.886778,0.063227,0.001816,-0.006899,-0.001553,0.750000,0.750000,1.750000,7.155850,0.000000,0.000000,0.000000,0.000000,-0.112741,-0.021948,0.000539,-0.001431
1777058011.865186,0.735514,0.734428,1.750124,0.886659,0.064253,0.000629,-0.007054,-0.001770,0.750000,0.750000,1.750000,7.155850,0.000000,0.000000,0.000000,0.000000,-0.118943,-0.018157,0.000508,-0.001500
1777058011.898525,0.737183,0.735735,1.750132,0.886538,0.063397,-0.000109,-0.007163,-0.001984,0.750000,0.750000,1.750000,7.155850,0.000000,0.000000,0.000000,0.000000,-0.133083,-0.012477,0.000502,-0.001555
1777058011.931954,0.739940,0.737882,1.750147,0.886414,0.063856,-0.001193,-0.007285,-0.002158,0.750000,0.750000,1.750000,7.155850,0.000000,0.000000,0.000000,0.000000,-0.136917,-0.009031,0.000503,-0.001610
1777058011.965186,0.741418,0.738999,1.750161,0.886286,0.062727,-0.001852,-0.007362,-0.002353,0.750000,0.750000,1.750000,7.155850,0.000000,0.000000,0.000000,0.000000,-0.148703,-0.003787,0.000486,-0.001662
1777058011.998532,0.743774,0.740768,1.750160,0.886158,0.062683,-0.002801,-0.007474,-0.002514,0.750000,0.750000,1.750000,7.155850,0.000000,0.000000,0.000000,0.000000,-0.151082,-0.000628,0.000471,-0.001703
1777058012.031963,0.745142,0.741784,1.750178,0.886026,0.061018,-0.003408,-0.007531,-0.002635,0.750000,0.750000,1.750000,7.155850,0.000000,0.000000,0.000000,0.000000,-0.159800,0.004069,0.000487,-0.001744
1777058012.065236,0.747068,0.743159,1.750188,0.885892,0.060419,-0.004216,-0.007598,-0.002788,0.750000,0.750000,1.750000,7.155850,0.000000,0.000000,0.000000,0.000000,-0.161406,0.006995,0.000462,-0.001784
1777058012.098676,0.748233,0.743994,1.750185,0.885758,0.058305,-0.004736,-0.007663,-0.002866,0.750000,0.750000,1.750000,7.155850,0.000000,0.000000,0.000000,0.000000,-0.166833,0.011085,0.000451,-0.001816
1777058012.131936,0.749880,0.745130,1.750200,0.885621,0.056792,-0.005443,-0.007704,-0.002936,0.750000,0.750000,1.750000,7.155850,0.000000,0.000000,0.000000,0.000000,-0.166946,0.013661,0.000469,-0.001856
1777058012.165343,0.750686,0.745649,1.750214,0.885482,0.054449,-0.005828,-0.007719,-0.003029,0.750000,0.750000,1.750000,7.155850,0.000000,0.000000,0.000000,0.000000,-0.170249,0.017277,0.000446,-0.001892
1777058012.198675,0.750686,0.745649,1.750214,0.885482,0.054449,-0.005828,-0.007719,-0.003029,0.750000,0.750000,1.750000,7.155850,0.000000,0.000000,0.000000,0.000000,-0.167661,0.019298,0.000427,-0.001927
1777058012.231922,0.751880,0.746381,1.750226,0.885341,0.052064,-0.006391,-0.007737,-0.003058,0.750000,0.750000,1.750000,7.155850,0.000000,0.000000,0.000000,0.000000,-0.160459,0.019526,0.000433,-0.002559
1777058012.265326,0.752415,0.746706,1.750247,0.885199,0.049943,-0.006641,-0.007724,-0.003209,0.750000,0.750000,1.750000,7.155850,0.000000,0.000000,0.000000,0.000000,-0.161013,0.022477,0.000413,-0.002531
1777058012.298583,0.753226,0.747201,1.750251,0.885044,0.048076,-0.007004,-0.007729,-0.003362,0.750000,0.750000,1.750000,7.155850,0.000000,0.000000,0.000000,0.000000,-0.157372,0.023883,0.000375,-0.002505
1777058012.332044,0.753651,0.747438,1.750252,0.884848,0.045771,-0.007201,-0.007725,-0.003623,0.750000,0.750000,1.750000,7.155850,0.000000,0.000000,0.000000,0.000000,-0.155665,0.025896,0.000370,-0.002424
1777058012.365251,0.754258,0.747780,1.750265,0.884653,0.043411,-0.007471,-0.007709,-0.003788,0.750000,0.750000,1.750000,7.155850,0.000000,0.000000,0.000000,0.000000,-0.151455,0.027076,0.000370,-0.002171
1777058012.398653,0.754483,0.747864,1.750283,0.884465,0.041101,-0.007585,-0.007677,-0.004010,0.750000,0.750000,1.750000,7.155850,0.000000,0.000000,0.000000,0.000000,-0.148470,0.028671,0.000344,-0.001944
1777058012.432000,0.754751,0.747970,1.750289,0.884292,0.038851,-0.007716,-0.007659,-0.004152,0.750000,0.750000,1.750000,7.155850,0.000000,0.000000,0.000000,0.000000,-0.143038,0.029455,0.000307,-0.001766
1777058012.465245,0.754886,0.748003,1.750305,0.884142,0.036440,-0.007774,-0.007622,-0.004193,0.750000,0.750000,1.750000,7.155850,0.000000,0.000000,0.000000,0.000000,-0.138035,0.030344,0.000294,-0.001663
1777058012.498604,0.754918,0.747959,1.750313,0.884014,0.033946,-0.007793,-0.007590,-0.004161,0.750000,0.750000,1.750000,7.155850,0.000000,0.000000,0.000000,0.000000,-0.132354,0.030872,0.000260,-0.001673
1777058012.531935,0.754890,0.747888,1.750321,0.883901,0.031610,-0.007779,-0.007557,-0.004108,0.750000,0.750000,1.750000,7.155850,0.000000,0.000000,0.000000,0.000000,-0.126083,0.031207,0.000239,-0.001778
1777058012.565239,0.754765,0.747758,1.750315,0.883794,0.028384,-0.007703,-0.007528,-0.003945,0.750000,0.750000,1.750000,7.155850,0.000000,0.000000,0.000000,0.000000,-0.119652,0.031359,0.000219,-0.001944
1777058012.598654,0.754592,0.747596,1.750331,0.883676,0.025726,-0.007616,-0.007476,-0.003883,0.750000,0.750000,1.750000,7.155850,0.000000,0.000000,0.000000,0.000000,-0.112616,0.031274,0.000227,-0.002130
1777058012.632016,0.754175,0.747300,1.750351,0.883545,0.023329,-0.007423,-0.007421,-0.003957,0.750000,0.750000,1.750000,7.155850,0.000000,0.000000,0.000000,0.000000,-0.105399,0.031081,0.000191,-0.002253
1777058012.665232,0.753940,0.747124,1.750364,0.883398,0.021146,-0.007304,-0.007374,-0.004057,0.750000,0.750000,1.750000,7.155850,0.000000,0.000000,0.000000,0.000000,-0.096898,0.030270,0.000144,-0.002306
1777058012.698575,0.753448,0.746815,1.750366,0.883236,0.018568,-0.007049,-0.007336,-0.004156,0.750000,0.750000,1.750000,7.155850,0.000000,0.000000,0.000000,0.000000,-0.089846,0.029848,0.000109,-0.002279
1777058012.731903,0.753135,0.746608,1.750370,0.883065,0.016341,-0.006885,-0.007295,-0.004287,0.750000,0.750000,1.750000,7.155850,0.000000,0.000000,0.000000,0.000000,-0.081408,0.028738,0.000098,-0.002183
1777058012.765224,0.752524,0.746263,1.750378,0.882892,0.013785,-0.006559,-0.007247,-0.004391,0.750000,0.750000,1.750000,7.155850,0.000000,0.000000,0.000000,0.000000,-0.074296,0.028076,0.000082,-0.002051
1777058012.798652,0.752152,0.746039,1.750381,0.882726,0.011535,-0.006359,-0.007202,-0.004452,0.750000,0.750000,1.750000,7.155850,0.000000,0.000000,0.000000,0.000000,-0.065609,0.026566,0.000058,-0.001918
1777058012.831925,0.751388,0.745625,1.750335,0.882438,0.007338,-0.005929,-0.007175,-0.004448,0.750000,0.750000,1.750000,7.155850,0.000000,0.000000,0.000000,0.000000,-0.058542,0.025704,0.000043,-0.001816
1777058012.865249,0.750444,0.745199,1.750384,0.882301,0.004855,-0.005392,-0.007077,-0.004453,0.750000,0.750000,1.750000,7.155850,0.000000,0.000000,0.000000,0.000000,-0.048995,0.023767,0.000129,-0.001192
1777058012.898633,0.749951,0.744961,1.750397,0.882194,0.002886,-0.005121,-0.007019,-0.004350,0.750000,0.750000,1.750000,7.155850,0.000000,0.000000,0.000000,0.000000,-0.038966,0.021058,0.000024,-0.001275
1777058012.931978,0.749203,0.744665,1.750405,0.882126,0.000752,-0.004674,-0.006968,-0.004133,0.750000,0.750000,1.750000,7.155850,0.000000,0.000000,0.000000,0.000000,-0.031705,0.019733,-0.000012,-0.001480
1777058012.965201,0.748762,0.744476,1.750407,0.882051,-0.001043,-0.004423,-0.006920,-0.003954,0.750000,0.750000,1.750000,7.155850,0.000000,0.000000,0.000000,0.000000,-0.023433,0.017467,-0.000037,-0.001841
1777058012.998546,0.748078,0.744261,1.750409,0.881952,-0.002976,-0.003985,-0.006871,-0.003868,0.750000,0.750000,1.750000,7.155850,0.000000,0.000000,0.000000,0.000000,-0.016985,0.016215,-0.000051,-0.002137
1777058013.031913,0.747669,0.744117,1.750407,0.881819,-0.004633,-0.003744,-0.006823,-0.003878,0.750000,0.750000,1.750000,7.155850,0.000000,0.000000,0.000000,0.000000,-0.009683,0.013963,-0.000066,-0.002301
1777058013.065212,0.747051,0.743985,1.750408,0.881662,-0.006354,-0.003316,-0.006771,-0.003971,0.750000,0.750000,1.750000,7.155850,0.000000,0.000000,0.000000,0.000000,-0.003902,0.012718,-0.000071,-0.002300
1777058013.098531,0.746683,0.743890,1.750408,0.881492,-0.007841,-0.003090,-0.006716,-0.004073,0.750000,0.750000,1.750000,7.155850,0.000000,0.000000,0.000000,0.000000,0.002453,0.010476,-0.000083,-0.002180
1777058013.131957,0.746164,0.743859,1.750412,0.881327,-0.009200,-0.002687,-0.006662,-0.004215,0.750000,0.750000,1.750000,7.155850,0.000000,0.000000,0.000000,0.000000,0.007552,0.009258,-0.000091,-0.002009
1777058013.165189,0.745853,0.743822,1.750411,0.881174,-0.010414,-0.002478,-0.006610,-0.004279,0.750000,0.750000,1.750000,7.155850,0.000000,0.000000,0.000000,0.000000,0.012770,0.007117,-0.000109,-0.001863
1777058013.198546,0.745411,0.743869,1.750410,0.881038,-0.011633,-0.002100,-0.006556,-0.004271,0.750000,0.750000,1.750000,7.155850,0.000000,0.000000,0.000000,0.000000,0.017096,0.005963,-0.000115,-0.001775
1777058013.231897,0.745156,0.743889,1.750408,0.880915,-0.012653,-0.001909,-0.006503,-0.004241,0.750000,0.750000,1.750000,7.155850,0.000000,0.000000,0.000000,0.000000,0.021392,0.003904,-0.000121,-0.001759
1777058013.265344,0.744820,0.744030,1.750406,0.880800,-0.013598,-0.001565,-0.006447,-0.004186,0.750000,0.750000,1.750000,7.155850,0.000000,0.000000,0.000000,0.000000,0.024984,0.002811,-0.000126,-0.001797
1777058013.298657,0.744617,0.744098,1.750406,0.880684,-0.014491,-0.001397,-0.006389,-0.004128,0.750000,0.750000,1.750000,7.155850,0.000000,0.000000,0.000000,0.000000,0.028205,0.000903,-0.000131,-0.001857
1777058013.331948,0.744384,0.744328,1.750400,0.880565,-0.015223,-0.001090,-0.006334,-0.004090,0.750000,0.750000,1.750000,7.155850,0.000000,0.000000,0.000000,0.000000,0.031157,-0.000111,-0.000138,-0.001907
1777058013.365211,0.744231,0.744439,1.750393,0.880439,-0.016039,-0.000950,-0.006276,-0.004040,0.750000,0.750000,1.750000,7.155850,0.000000,0.000000,0.000000,0.000000,0.033370,-0.001866,-0.000134,-0.001927
1777058013.398514,0.744100,0.744756,1.750391,0.880308,-0.016634,-0.000685,-0.006207,-0.004003,0.750000,0.750000,1.750000,7.155850,0.000000,0.000000,0.000000,0.000000,0.035745,-0.002795,-0.000127,-0.001912
1777058013.431922,0.744029,0.744930,1.750388,0.880175,-0.017230,-0.000576,-0.006144,-0.004000,0.750000,0.750000,1.750000,7.155850,0.000000,0.000000,0.000000,0.000000,0.037023,-0.004393,-0.000131,-0.001870
1777058013.465247,0.744033,0.745332,1.750395,0.880044,-0.017453,-0.000360,-0.006076,-0.004055,0.750000,0.750000,1.750000,7.155850,0.000000,0.000000,0.000000,0.000000,0.038650,-0.005167,-0.000133,-0.001815
1777058013.498626,0.744026,0.745547,1.750397,0.879916,-0.017828,-0.000271,-0.006015,-0.004095,0.750000,0.750000,1.750000,7.155850,0.000000,0.000000,0.000000,0.000000,0.038855,-0.006455,-0.000154,-0.001762
1777058013.531939,0.744096,0.745993,1.750380,0.879790,-0.018060,-0.000103,-0.005961,-0.004033,0.750000,0.750000,1.750000,7.155850,0.000000,0.000000,0.000000,0.000000,0.039867,-0.007085,-0.000166,-0.001717
1777058013.565279,0.744146,0.746253,1.750380,0.879671,-0.018387,-0.000046,-0.005892,-0.003992,0.750000,0.750000,1.750000,7.155850,0.000000,0.000000,0.000000,0.000000,0.039492,-0.008228,-0.000139,-0.001680
1777058013.598624,0.744335,0.746780,1.750377,0.879556,-0.018396,0.000076,-0.005820,-0.003920,0.750000,0.750000,1.750000,7.155850,0.000000,0.000000,0.000000,0.000000,0.039971,-0.008755,-0.000147,-0.001667
1777058013.631924,0.744427,0.747061,1.750366,0.879443,-0.018728,0.000094,-0.005755,-0.003819,0.750000,0.750000,1.750000,7.155850,0.000000,0.000000,0.000000,0.000000,0.038663,-0.009657,-0.000149,-0.001666
1777058013.665209,0.744725,0.747656,1.750368,0.879333,-0.018547,0.000171,-0.005677,-0.003758,0.750000,0.750000,1.750000,7.155850,0.000000,0.000000,0.000000,0.000000,0.038804,-0.010061,-0.000131,-0.001673
1777058013.698653,0.744881,0.747972,1.750370,0.879222,-0.018695,0.000170,-0.005603,-0.003705,0.750000,0.750000,1.750000,7.155850,0.000000,0.000000,0.000000,0.000000,0.036698,-0.010716,-0.000144,-0.001680
1777058013.731860,0.745243,0.748584,1.750363,0.879111,-0.018422,0.000203,-0.005537,-0.003657,0.750000,0.750000,1.750000,7.155850,0.000000,0.000000,0.000000,0.000000,0.036350,-0.010959,-0.000155,-0.001678
1777058013.765293,0.745439,0.748916,1.750360,0.878998,-0.018516,0.000177,-0.005467,-0.003608,0.750000,0.750000,1.750000,7.155850,0.000000,0.000000,0.000000,0.000000,0.033838,-0.011380,-0.000149,-0.001666
1777058013.798551,0.745869,0.749555,1.750357,0.878886,-0.018184,0.000165,-0.005391,-0.003548,0.750000,0.750000,1.750000,7.155850,0.000000,0.000000,0.000000,0.000000,0.033195,-0.011502,-0.000149,-0.001644
1777058013.831925,0.746112,0.749908,1.750356,0.878776,-0.018166,0.000124,-0.005324,-0.003527,0.750000,0.750000,1.750000,7.155850,0.000000,0.000000,0.000000,0.000000,0.030243,-0.011720,-0.000151,-0.001616
1777058013.865250,0.746591,0.750550,1.750356,0.878667,-0.017705,0.000088,-0.005255,-0.003509,0.750000,0.750000,1.750000,7.155850,0.000000,0.000000,0.000000,0.000000,0.029259,-0.011719,-0.000156,-0.001593
1777058013.898538,0.746851,0.750898,1.750352,0.878560,-0.017694,0.000026,-0.005187,-0.003460,0.750000,0.750000,1.750000,7.155850,0.000000,0.000000,0.000000,0.000000,0.026038,-0.011732,-0.000164,-0.001571
1777058013.932000,0.747376,0.751549,1.750351,0.878456,-0.017155,-0.000034,-0.005124,-0.003452,0.750000,0.750000,1.750000,7.155850,0.000000,0.000000,0.000000,0.000000,0.024953,-0.011640,-0.000164,-0.001550
1777058013.965319,0.747666,0.751907,1.750350,0.878354,-0.017035,-0.000099,-0.005062,-0.003444,0.750000,0.750000,1.750000,7.155850,0.000000,0.000000,0.000000,0.000000,0.021453,-0.011491,-0.000169,-0.001536
1777058013.998673,0.748214,0.752543,1.750339,0.878251,-0.016580,-0.000202,-0.004995,-0.003365,0.750000,0.750000,1.750000,7.155850,0.000000,0.000000,0.000000,0.000000,0.020140,-0.011313,-0.000175,-0.001522
1777058014.031973,0.748528,0.752906,1.750335,0.878151,-0.016476,-0.000286,-0.004930,-0.003320,0.750000,0.750000,1.750000,7.155850,0.000000,0.000000,0.000000,0.000000,0.016574,-0.011016,-0.000161,-0.001501
1777058014.065291,0.749105,0.753538,1.750329,0.878051,-0.015979,-0.000407,-0.004861,-0.003254,0.750000,0.750000,1.750000,7.155850,0.000000,0.000000,0.000000,0.000000,0.015113,-0.010762,-0.000159,-0.001485
1777058014.098607,0.749422,0.753885,1.750330,0.877953,-0.015894,-0.000500,-0.004787,-0.003200,0.750000,0.750000,1.750000,7.155850,0.000000,0.000000,0.000000,0.000000,0.011427,-0.010334,-0.000154,-0.001467
1777058014.131909,0.749598,0.754076,1.750336,0.877857,-0.015994,-0.000573,-0.004714,-0.003176,0.750000,0.750000,1.750000,7.155850,0.000000,0.000000,0.000000,0.000000,0.010003,-0.010015,-0.000164,-0.001451
1777058014.165232,0.750085,0.754582,1.750332,0.877762,-0.015568,-0.000685,-0.004657,-0.003162,0.750000,0.750000,1.750000,7.155850,0.000000,0.000000,0.000000,0.000000,0.009781,-0.009763,-0.000183,-0.001435
1777058014.198571,0.750740,0.755240,1.750331,0.877668,-0.014883,-0.000829,-0.004597,-0.003149,0.750000,0.750000,1.750000,7.155850,0.000000,0.000000,0.000000,0.000000,0.006916,-0.009290,-0.000184,-0.001418
1777058014.231913,0.751111,0.755612,1.750325,0.877575,-0.014648,-0.000927,-0.004546,-0.003143,0.750000,0.750000,1.750000,7.155850,0.000000,0.000000,0.000000,0.000000,0.002706,-0.008640,-0.000189,-0.001398
1777058014.265255,0.751700,0.756178,1.750320,0.877483,-0.014092,-0.001072,-0.004490,-0.003124,0.750000,0.750000,1.750000,7.155850,0.000000,0.000000,0.000000,0.000000,0.000856,-0.008211,-0.000183,-0.001377
1777058014.298701,0.752037,0.756496,1.750313,0.877391,-0.013984,-0.001178,-0.004428,-0.003071,0.750000,0.750000,1.750000,7.155850,0.000000,0.000000,0.000000,0.000000,-0.002721,-0.007537,-0.000181,-0.001353
1777058014.331866,0.752597,0.757012,1.750304,0.877302,-0.013531,-0.001331,-0.004372,-0.003018,0.750000,0.750000,1.750000,7.155850,0.000000,0.000000,0.000000,0.000000,-0.004231,-0.007079,-0.000174,-0.001328
1777058014.365263,0.752908,0.757302,1.750306,0.877216,-0.013407,-0.001421,-0.004311,-0.002998,0.750000,0.750000,1.750000,7.155850,0.000000,0.000000,0.000000,0.000000,-0.007495,-0.006362,-0.000162,-0.001308
1777058014.398547,0.753412,0.757745,1.750302,0.877130,-0.013044,-0.001568,-0.004250,-0.002949,0.750000,0.750000,1.750000,7.155850,0.000000,0.000000,0.000000,0.000000,-0.008808,-0.005938,-0.000171,-0.001293
1777058014.431974,0.753695,0.757997,1.750297,0.877046,-0.012971,-0.001655,-0.004196,-0.002921,0.750000,0.750000,1.750000,7.155850,0.000000,0.000000,0.000000,0.000000,-0.011558,-0.005220,-0.000170,-0.001275
1777058014.465226,0.754149,0.758384,1.750297,0.876964,-0.012638,-0.001788,-0.004140,-0.002902,0.750000,0.750000,1.750000,7.155850,0.000000,0.000000,0.000000,0.000000,-0.012633,-0.004797,-0.000167,-0.001260
1777058014.498628,0.754406,0.758598,1.750294,0.876882,-0.012615,-0.001872,-0.004082,-0.002869,0.750000,0.750000,1.750000,7.155850,0.000000,0.000000,0.000000,0.000000,-0.014994,-0.004117,-0.000172,-0.001244
1777058014.531926,0.754827,0.758925,1.750278,0.876799,-0.012445,-0.002017,-0.004027,-0.002789,0.750000,0.750000,1.750000,7.155850,0.000000,0.000000,0.000000,0.000000,-0.015836,-0.003691,-0.000174,-0.001224
1777058014.565222,0.755064,0.759118,1.750278,0.876720,-0.012475,-0.002091,-0.003960,-0.002735,0.750000,0.750000,1.750000,7.155850,0.000000,0.000000,0.000000,0.000000,-0.017829,-0.002949,-0.000147,-0.001199
1777058014.598609,0.755184,0.759207,1.750275,0.876641,-0.012702,-0.002138,-0.003890,-0.002663,0.750000,0.750000,1.750000,7.155850,0.000000,0.000000,0.000000,0.000000,-0.018521,-0.002552,-0.000153,-0.001181
1777058014.631979,0.755184,0.759207,1.750275,0.876641,-0.012702,-0.002138,-0.003890,-0.002663,0.750000,0.750000,1.750000,7.155850,0.000000,0.000000,0.000000,0.000000,-0.018330,-0.002296,-0.000152,-0.001162
1777058014.665277,0.755620,0.759554,1.750279,0.876564,-0.012496,-0.002267,-0.003810,-0.002581,0.750000,0.750000,1.750000,7.155850,0.000000,0.000000,0.000000,0.000000,-0.017378,-0.002258,-0.000158,-0.001487
1777058014.698622,0.755933,0.759775,1.750274,0.876489,-0.012392,-0.002377,-0.003754,-0.002543,0.750000,0.750000,1.750000,7.155850,0.000000,0.000000,0.000000,0.000000,-0.019654,-0.001558,-0.000170,-0.001437
1777058014.731998,0.756110,0.759900,1.750273,0.876407,-0.012465,-0.002435,-0.003693,-0.002529,0.750000,0.750000,1.750000,7.155850,0.000000,0.000000,0.000000,0.000000,-0.020902,-0.000944,-0.000167,-0.001399
1777058014.765354,0.756394,0.760092,1.750267,0.876305,-0.012392,-0.002534,-0.003638,-0.002575,0.750000,0.750000,1.750000,7.155850,0.000000,0.000000,0.000000,0.000000,-0.021214,-0.000595,-0.000172,-0.001325
1777058014.798545,0.756545,0.760175,1.750257,0.876204,-0.012568,-0.002589,-0.003573,-0.002554,0.750000,0.750000,1.750000,7.155850,0.000000,0.000000,0.000000,0.000000,-0.022260,-0.000020,-0.000165,-0.001158
1777058014.831875,0.756793,0.760349,1.750266,0.876117,-0.012489,-0.002666,-0.003507,-0.002582,0.750000,0.750000,1.750000,7.155850,0.000000,0.000000,0.000000,0.000000,-0.022320,0.000350,-0.000150,-0.001005
1777058014.865292,0.756919,0.760423,1.750258,0.876043,-0.012605,-0.002704,-0.003456,-0.002538,0.750000,0.750000,1.750000,7.155850,0.000000,0.000000,0.000000,0.000000,-0.023180,0.000815,-0.000174,-0.000913
1777058014.898646,0.757103,0.760514,1.750252,0.875981,-0.012675,-0.002775,-0.003396,-0.002446,0.750000,0.750000,1.750000,7.155850,0.000000,0.000000,0.000000,0.000000,-0.023152,0.001095,-0.000164,-0.000881
1777058014.931918,0.757210,0.760585,1.750257,0.875928,-0.012758,-0.002796,-0.003336,-0.002373,0.750000,0.750000,1.750000,7.155850,0.000000,0.000000,0.000000,0.000000,-0.023440,0.001567,-0.000158,-0.000904
1777058014.965299,0.757342,0.760636,1.750248,0.875875,-0.012851,-0.002848,-0.003288,-0.002288,0.750000,0.750000,1.750000,7.155850,0.000000,0.000000,0.000000,0.000000,-0.023379,0.001760,-0.000174,-0.000955
1777058014.998639,0.757411,0.760657,1.750243,0.875819,-0.013017,-0.002864,-0.003231,-0.002213,0.750000,0.750000,1.750000,7.155850,0.000000,0.000000,0.000000,0.000000,-0.023350,0.002134,-0.000163,-0.001000
1777058015.031895,0.757504,0.760686,1.750245,0.875758,-0.013125,-0.002897,-0.003172,-0.002176,0.750000,0.750000,1.750000,7.155850,0.000000,0.000000,0.000000,0.000000,-0.022972,0.002334,-0.000159,-0.001020
1777058015.065251,0.757555,0.760704,1.750240,0.875693,-0.013252,-0.002900,-0.003125,-0.002166,0.750000,0.750000,1.750000,7.155850,0.000000,0.000000,0.000000,0.000000,-0.022751,0.002610,-0.000169,-0.001011
1777058015.098627,0.757594,0.760673,1.750233,0.875625,-0.013446,-0.002922,-0.003072,-0.002134,0.750000,0.750000,1.750000,7.155850,0.000000,0.000000,0.000000,0.000000,-0.022354,0.002730,-0.000165,-0.000978
1777058015.131921,0.757628,0.760685,1.750238,0.875560,-0.013561,-0.002914,-0.003017,-0.002139,0.750000,0.750000,1.750000,7.155850,0.000000,0.000000,0.000000,0.000000,-0.021719,0.002975,-0.000157,-0.000930
1777058015.165215,0.757642,0.760654,1.750233,0.875497,-0.013714,-0.002919,-0.002976,-0.002139,0.750000,0.750000,1.750000,7.155850,0.000000,0.000000,0.000000,0.000000,-0.021289,0.003034,-0.000171,-0.000890
1777058015.198645,0.757635,0.760611,1.750226,0.875437,-0.013903,-0.002910,-0.002928,-0.002098,0.750000,0.750000,1.750000,7.155850,0.000000,0.000000,0.000000,0.000000,-0.020627,0.003159,-0.000166,-0.000858
1777058015.231944,0.757613,0.760549,1.750226,0.875382,-0.014097,-0.002902,-0.002876,-0.002061,0.750000,0.750000,1.750000,7.155850,0.000000,0.000000,0.000000,0.000000,-0.019861,0.003239,-0.000158,-0.000837
1777058015.265206,0.757597,0.760510,1.750219,0.875328,-0.014257,-0.002881,-0.002832,-0.002018,0.750000,0.750000,1.750000,7.155850,0.000000,0.000000,0.000000,0.000000,-0.018988,0.003311,-0.000164,-0.000830
1777058015.298589,0.757543,0.760426,1.750216,0.875276,-0.014471,-0.002861,-0.002784,-0.001976,0.750000,0.750000,1.750000,7.155850,0.000000,0.000000,0.000000,0.000000,-0.018269,0.003325,-0.000154,-0.000828
1777058015.331866,0.757510,0.760375,1.750215,0.875225,-0.014630,-0.002834,-0.002734,-0.001935,0.750000,0.750000,1.750000,7.155850,0.000000,0.000000,0.000000,0.000000,-0.017237,0.003340,-0.000154,-0.000828
1777058015.365215,0.757424,0.760263,1.750207,0.875173,-0.014872,-0.002803,-0.002690,-0.001890,0.750000,0.750000,1.750000,7.155850,0.000000,0.000000,0.000000,0.000000,-0.016461,0.003320,-0.000157,-0.000824
1777058015.398546,0.757365,0.760183,1.750201,0.875120,-0.015060,-0.002766,-0.002637,-0.001834,0.750000,0.750000,1.750000,7.155850,0.000000,0.000000,0.000000,0.000000,-0.015247,0.003291,-0.000145,-0.000814
1777058015.431974,0.757277,0.760092,1.750204,0.875069,-0.015254,-0.002721,-0.002584,-0.001809,0.750000,0.750000,1.750000,7.155850,0.000000,0.000000,0.000000,0.000000,-0.014303,0.003257,-0.000137,-0.000797
1777058015.465269,0.757224,0.760034,1.750199,0.875017,-0.015382,-0.002681,-0.002542,-0.001785,0.750000,0.750000,1.750000,7.155850,0.000000,0.000000,0.000000,0.000000,-0.013234,0.003137,-0.000149,-0.000780
1777058015.498720,0.757114,0.759922,1.750198,0.874967,-0.015587,-0.002632,-0.002496,-0.001763,0.750000,0.750000,1.750000,7.155850,0.000000,0.000000,0.000000,0.000000,-0.012475,0.003045,-0.000144,-0.000760
1777058015.531945,0.757050,0.759857,1.750197,0.874918,-0.015704,-0.002590,-0.002450,-0.001741,0.750000,0.750000,1.750000,7.155850,0.000000,0.000000,0.000000,0.000000,-0.011285,0.002905,-0.000145,-0.000743
1777058015.565246,0.756925,0.759733,1.750191,0.874870,-0.015909,-0.002538,-0.002411,-0.001713,0.750000,0.750000,1.750000,7.155850,0.000000,0.000000,0.000000,0.000000,-0.010518,0.002795,-0.000150,-0.000726
1777058015.598540,0.756842,0.759645,1.750186,0.874823,-0.016037,-0.002492,-0.002366,-0.001670,0.750000,0.750000,1.750000,7.155850,0.000000,0.000000,0.000000,0.000000,-0.009272,0.002632,-0.000142,-0.000712
1777058015.631873,0.756722,0.759539,1.750189,0.874778,-0.016200,-0.002433,-0.002319,-0.001647,0.750000,0.750000,1.750000,7.155850,0.000000,0.000000,0.000000,0.000000,-0.008385,0.002522,-0.000137,-0.000698
1777058015.665321,0.756657,0.759483,1.750184,0.874734,-0.016270,-0.002387,-0.002283,-0.001631,0.750000,0.750000,1.750000,7.155850,0.000000,0.000000,0.000000,0.000000,-0.007303,0.002314,-0.000146,-0.000689
1777058015.698625,0.756516,0.759350,1.750180,0.874690,-0.016450,-0.002329,-0.002243,-0.001599,0.750000,0.750000,1.750000,7.155850,0.000000,0.000000,0.000000,0.000000,-0.006682,0.002166,-0.000142,-0.000680
1777058015.731862,0.756435,0.759275,1.750179,0.874647,-0.016524,-0.002281,-0.002199,-0.001567,0.750000,0.750000,1.750000,7.155850,0.000000,0.000000,0.000000,0.000000,-0.005451,0.001970,-0.000138,-0.000667
1777058015.765187,0.756304,0.759160,1.750173,0.874605,-0.016661,-0.002219,-0.002162,-0.001539,0.750000,0.750000,1.750000,7.155850,0.000000,0.000000,0.000000,0.000000,-0.004737,0.001828,-0.000139,-0.000655
1777058015.798542,0.756231,0.759098,1.750171,0.874563,-0.016701,-0.002171,-0.002121,-0.001513,0.750000,0.750000,1.750000,7.155850,0.000000,0.000000,0.000000,0.000000,-0.003678,0.001605,-0.000132,-0.000642
1777058015.831890,0.756077,0.758951,1.750167,0.874521,-0.016846,-0.002107,-0.002075,-0.001465,0.750000,0.750000,1.750000,7.155850,0.000000,0.000000,0.000000,0.000000,-0.003102,0.001451,-0.000133,-0.000628
1777058015.865265,0.756023,0.758916,1.750164,0.874481,-0.016831,-0.002057,-0.002036,-0.001440,0.750000,0.750000,1.750000,7.155850,0.000000,0.000000,0.000000,0.000000,-0.001861,0.001247,-0.000127,-0.000613
1777058015.898632,0.755912,0.758828,1.750163,0.874442,-0.016898,-0.001998,-0.001997,-0.001418,0.750000,0.750000,1.750000,7.155850,0.000000,0.000000,0.000000,0.000000,-0.001528,0.001074,-0.000127,-0.000603
1777058015.931917,0.755847,0.758774,1.750163,0.874404,-0.016892,-0.001953,-0.001957,-0.001394,0.750000,0.750000,1.750000,7.155850,0.000000,0.000000,0.000000,0.000000,-0.000760,0.000849,-0.000129,-0.000592
1777058015.965233,0.755741,0.758689,1.750158,0.874366,-0.016939,-0.001898,-0.001924,-0.001373,0.750000,0.750000,1.750000,7.155850,0.000000,0.000000,0.000000,0.000000,-0.000343,0.000701,-0.000132,-0.000582
1777058015.998545,0.755679,0.758638,1.750156,0.874329,-0.016916,-0.001856,-0.001888,-0.001350,0.750000,0.750000,1.750000,7.155850,0.000000,0.000000,0.000000,0.000000,0.000353,0.000490,-0.000126,-0.000572
1777058016.031922,0.755578,0.758555,1.750155,0.874293,-0.016941,-0.001803,-0.001850,-0.001327,0.750000,0.750000,1.750000,7.155850,0.000000,0.000000,0.000000,0.000000,0.000713,0.000349,-0.000125,-0.000560
1777058016.065346,0.755515,0.758500,1.750149,0.874257,-0.016900,-0.001763,-0.001817,-0.001298,0.750000,0.750000,1.750000,7.155850,0.000000,0.000000,0.000000,0.000000,0.001345,0.000155,-0.000128,-0.000549
1777058016.098558,0.755404,0.758398,1.750144,0.874221,-0.016906,-0.001711,-0.001777,-0.001256,0.750000,0.750000,1.750000,7.155850,0.000000,0.000000,0.000000,0.000000,0.001688,0.000026,-0.000119,-0.000537
1777058016.131992,0.755365,0.758374,1.750145,0.874187,-0.016807,-0.001670,-0.001735,-0.001227,0.750000,0.750000,1.750000,7.155850,0.000000,0.000000,0.000000,0.000000,0.002404,-0.000142,-0.000112,-0.000524
1777058016.165283,0.755304,0.758334,1.750142,0.874154,-0.016752,-0.001625,-0.001704,-0.001211,0.750000,0.750000,1.750000,7.155850,0.000000,0.000000,0.000000,0.000000,0.002476,-0.000276,-0.000118,-0.000516
1777058016.198655,0.755265,0.758305,1.750141,0.874121,-0.016664,-0.001592,-0.001671,-0.001193,0.750000,0.750000,1.750000,7.155850,0.000000,0.000000,0.000000,0.000000,0.002693,-0.000446,-0.000117,-0.000508
1777058016.231863,0.755200,0.758250,1.750140,0.874089,-0.016610,-0.001554,-0.001637,-0.001174,0.750000,0.750000,1.750000,7.155850,0.000000,0.000000,0.000000,0.000000,0.002769,-0.000558,-0.000117,-0.000499
1777058016.265307,0.755166,0.758223,1.750135,0.874057,-0.016509,-0.001523,-0.001609,-0.001156,0.750000,0.750000,1.750000,7.155850,0.000000,0.000000,0.000000,0.000000,0.003045,-0.000690,-0.000119,-0.000490
1777058016.298547,0.755110,0.758173,1.750133,0.874026,-0.016436,-0.001491,-0.001577,-0.001137,0.750000,0.750000,1.750000,7.155850,0.000000,0.000000,0.000000,0.000000,0.003070,-0.000787,-0.000113,-0.000479
1777058016.331907,0.755080,0.758147,1.750132,0.873995,-0.016320,-0.001463,-0.001544,-0.001118,0.750000,0.750000,1.750000,7.155850,0.000000,0.000000,0.000000,0.000000,0.003271,-0.000894,-0.000112,-0.000469
1777058016.365215,0.755029,0.758095,1.750126,0.873965,-0.016229,-0.001435,-0.001516,-0.001092,0.750000,0.750000,1.750000,7.155850,0.000000,0.000000,0.000000,0.000000,0.003250,-0.000976,-0.000114,-0.000458
1777058016.398628,0.755011,0.758081,1.750125,0.873936,-0.016089,-0.001410,-0.001485,-0.001073,0.750000,0.750000,1.750000,7.155850,0.000000,0.000000,0.000000,0.000000,0.003422,-0.001054,-0.000105,-0.000448
1777058016.431886,0.754973,0.758039,1.750124,0.873908,-0.015977,-0.001387,-0.001452,-0.001049,0.750000,0.750000,1.750000,7.155850,0.000000,0.000000,0.000000,0.000000,0.003286,-0.001125,-0.000105,-0.000439
1777058016.465210,0.754959,0.758027,1.750120,0.873880,-0.015827,-0.001365,-0.001425,-0.001029,0.750000,0.750000,1.750000,7.155850,0.000000,0.000000,0.000000,0.000000,0.003343,-0.001180,-0.000106,-0.000430
1777058016.498523,0.754928,0.757987,1.750117,0.873853,-0.015699,-0.001346,-0.001395,-0.001004,0.750000,0.750000,1.750000,7.155850,0.000000,0.000000,0.000000,0.000000,0.003164,-0.001237,-0.000101,-0.000423
1777058016.531898,0.754935,0.757998,1.750119,0.873826,-0.015536,-0.001327,-0.001366,-0.000998,0.750000,0.750000,1.750000,7.155850,0.000000,0.000000,0.000000,0.000000,0.003171,-0.001265,-0.000098,-0.000414
1777058016.565230,0.754905,0.757952,1.750113,0.873800,-0.015412,-0.001315,-0.001341,-0.000975,0.750000,0.750000,1.750000,7.155850,0.000000,0.000000,0.000000,0.000000,0.002801,-0.001319,-0.000105,-0.000408
1777058016.598634,0.754872,0.757902,1.750108,0.873773,-0.015245,-0.001297,-0.001308,-0.000938,0.750000,0.750000,1.750000,7.155850,0.000000,0.000000,0.000000,0.000000,0.002821,-0.001318,-0.000096,-0.000398
1777058016.631863,0.754884,0.757909,1.750111,0.873748,-0.015059,-0.001285,-0.001276,-0.000923,0.750000,0.750000,1.750000,7.155850,0.000000,0.000000,0.000000,0.000000,0.002853,-0.001322,-0.000088,-0.000388
1777058016.665210,0.754891,0.757912,1.750108,0.873724,-0.014887,-0.001271,-0.001253,-0.000912,0.750000,0.750000,1.750000,7.155850,0.000000,0.000000,0.000000,0.000000,0.002456,-0.001330,-0.000096,-0.000382
1777058016.698584,0.754885,0.757886,1.750106,0.873700,-0.014740,-0.001266,-0.001227,-0.000896,0.750000,0.750000,1.750000,7.155850,0.000000,0.000000,0.000000,0.000000,0.002091,-0.001354,-0.000093,-0.000375
1777058016.731967,0.754884,0.757873,1.750105,0.873676,-0.014575,-0.001254,-0.001200,-0.000880,0.750000,0.750000,1.750000,7.155850,0.000000,0.000000,0.000000,0.000000,0.001912,-0.001322,-0.000092,-0.000367
1777058016.765240,0.754884,0.757850,1.750101,0.873653,-0.014421,-0.001253,-0.001178,-0.000866,0.750000,0.750000,1.750000,7.155850,0.000000,0.000000,0.000000,0.000000,0.001649,-0.001324,-0.000093,-0.000359
1777058016.798678,0.754881,0.757833,1.750099,0.873630,-0.014254,-0.001243,-0.001153,-0.000848,0.750000,0.750000,1.750000,7.155850,0.000000,0.000000,0.000000,0.000000,0.001424,-0.001277,-0.000088,-0.000352
1777058016.831882,0.754879,0.757801,1.750098,0.873607,-0.014094,-0.001243,-0.001126,-0.000828,0.750000,0.750000,1.750000,7.155850,0.000000,0.000000,0.000000,0.000000,0.001184,-0.001265,-0.000087,-0.000344
1777058016.865230,0.754884,0.757792,1.750095,0.873585,-0.013916,-0.001234,-0.001104,-0.000811,0.750000,0.750000,1.750000,7.155850,0.000000,0.000000,0.000000,0.000000,0.000998,-0.001196,-0.000087,-0.000336
1777058016.898730,0.754894,0.757775,1.750094,0.873564,-0.013757,-0.001237,-0.001080,-0.000800,0.750000,0.750000,1.750000,7.155850,0.000000,0.000000,0.000000,0.000000,0.000686,-0.001182,-0.000083,-0.000329
1777058016.931870,0.754884,0.757742,1.750092,0.873543,-0.013591,-0.001229,-0.001054,-0.000777,0.750000,0.750000,1.750000,7.155850,0.000000,0.000000,0.000000,0.000000,0.000387,-0.001114,-0.000084,-0.000323
1777058016.965243,0.754896,0.757723,1.750090,0.873523,-0.013426,-0.001233,-0.001034,-0.000764,0.750000,0.750000,1.750000,7.155850,0.000000,0.000000,0.000000,0.000000,0.000231,-0.001078,-0.000082,-0.000315
1777058016.998707,0.754885,0.757687,1.750086,0.873503,-0.013251,-0.001225,-0.001008,-0.000740,0.750000,0.750000,1.750000,7.155850,0.000000,0.000000,0.000000,0.000000,-0.000066,-0.000999,-0.000079,-0.000310
1777058017.032026,0.754891,0.757657,1.750087,0.873483,-0.013079,-0.001228,-0.000982,-0.000721,0.750000,0.750000,1.750000,7.155850,0.000000,0.000000,0.000000,0.000000,-0.000219,-0.000957,-0.000075,-0.000302
1777058017.065259,0.754891,0.757636,1.750083,0.873464,-0.012892,-0.001219,-0.000960,-0.000700,0.750000,0.750000,1.750000,7.155850,0.000000,0.000000,0.000000,0.000000,-0.000459,-0.000864,-0.000077,-0.000296
1777058017.098667,0.754891,0.757636,1.750083,0.873464,-0.012892,-0.001219,-0.000960,-0.000700,0.750000,0.750000,1.750000,7.155850,0.000000,0.000000,0.000000,0.000000,-0.000720,-0.000832,-0.000072,-0.000290
1777058017.132021,0.754910,0.757622,1.750083,0.873445,-0.012661,-0.001217,-0.000930,-0.000675,0.750000,0.750000,1.750000,7.155850,0.000000,0.000000,0.000000,0.000000,-0.001044,-0.000876,-0.000074,-0.000368
1777058017.165227,0.754906,0.757597,1.750082,0.873427,-0.012502,-0.001210,-0.000907,-0.000660,0.750000,0.750000,1.750000,7.155850,0.000000,0.000000,0.000000,0.000000,-0.001393,-0.000784,-0.000076,-0.000353
1777058017.198654,0.754906,0.757560,1.750080,0.873407,-0.012362,-0.001215,-0.000889,-0.000657,-0.750000,0.750000,1.450000,8.901179,0.000000,0.000000,0.000000,0.000000,-0.001600,-0.000753,-0.000077,-0.000342
1777058017.231865,0.754910,0.757545,1.750079,0.873383,-0.012209,-0.001209,-0.000870,-0.000672,-0.750000,0.750000,1.450000,8.901179,0.000000,0.000000,0.000000,0.000000,-0.101440,0.099323,-0.100070,0.099692
1777058017.265227,0.754896,0.757485,1.750078,0.873359,-0.012086,-0.001216,-0.000849,-0.000676,-0.750000,0.750000,1.450000,8.901179,0.000000,0.000000,0.000000,0.000000,-0.191296,0.189390,-0.163301,0.154108
1777058017.298549,0.753844,0.757237,1.749477,0.885903,-0.012714,-0.000449,-0.001529,0.019369,-0.750000,0.750000,1.450000,8.901179,0.000000,0.000000,0.000000,0.000000,-0.272167,0.270451,-0.220209,0.203081
1777058017.331925,0.753844,0.757237,1.749477,0.885903,-0.012714,-0.000449,-0.001529,0.019369,-0.750000,0.750000,1.450000,8.901179,0.000000,0.000000,0.000000,0.000000,-0.344950,0.343406,-0.270507,0.247390
1777058017.365252,0.753344,0.757234,1.749160,0.900709,-0.012851,-0.000028,-0.001836,0.055715,-0.750000,0.750000,1.450000,8.901179,0.000000,0.000000,0.000000,0.000000,-0.410455,0.409066,-0.316567,0.287282
1777058017.398645,0.750080,0.756835,1.738938,0.919838,-0.015938,0.001887,-0.014269,0.100493,-0.750000,0.750000,1.450000,8.901179,0.000000,0.000000,0.000000,0.000000,-0.469409,0.468159,-0.357536,0.323461
1777058017.431998,0.748344,0.756647,1.733753,0.942114,-0.017426,0.002858,-0.020224,0.159653,-0.750000,0.750000,1.450000,8.901179,0.000000,0.000000,0.000000,0.000000,-0.522469,0.521343,-0.378999,0.356390
1777058017.465342,0.742291,0.755888,1.731017,0.967620,-0.022138,0.007500,-0.023041,0.224487,-0.750000,0.750000,1.450000,8.901179,0.000000,0.000000,0.000000,0.000000,-0.570222,0.569209,-0.403772,0.386451
1777058017.498629,0.738768,0.755449,1.711837,0.996041,-0.025988,0.008651,-0.045853,0.285004,-0.750000,0.750000,1.450000,8.901179,0.000000,0.000000,0.000000,0.000000,-0.613199,0.612288,-0.428743,0.413986
1777058017.531891,0.729768,0.754167,1.701914,1.026141,-0.033273,0.015163,-0.056869,0.355644,-0.750000,0.750000,1.450000,8.901179,0.000000,0.000000,0.000000,0.000000,-0.651880,0.651059,-0.424015,0.439292
1777058017.565249,0.724425,0.753368,1.696281,1.058975,-0.036997,0.018853,-0.062105,0.414093,-0.750000,0.750000,1.450000,8.901179,0.000000,0.000000,0.000000,0.000000,-0.682636,0.685953,-0.429948,0.462617
1777058017.598612,0.712504,0.751400,1.672647,1.092617,-0.047163,0.026732,-0.089587,0.485190,-0.750000,0.750000,1.450000,8.901179,0.000000,0.000000,0.000000,0.000000,-0.706055,0.717358,-0.439977,0.484189
1777058017.632007,0.705316,0.750148,1.659080,1.128895,-0.052328,0.031204,-0.103512,0.537648,-0.750000,0.750000,1.450000,8.901179,0.000000,0.000000,0.000000,0.000000,-0.711999,0.745622,-0.416641,0.504197
1777058017.665362,0.690283,0.747226,1.652227,1.165537,-0.062444,0.043374,-0.109346,0.599033,-0.750000,0.750000,1.450000,8.901179,0.000000,0.000000,0.000000,0.000000,-0.713051,0.771060,-0.406596,0.522801
1777058017.698661,0.681564,0.745471,1.626390,1.204074,-0.068977,0.048003,-0.137874,0.649913,-0.750000,0.750000,1.450000,8.901179,0.000000,0.000000,0.000000,0.000000,-0.695016,0.793954,-0.405895,0.540142
1777058017.731915,0.663678,0.741576,1.612913,1.243238,-0.080290,0.062377,-0.151056,0.703450,-0.750000,0.750000,1.450000,8.901179,0.000000,0.000000,0.000000,0.000000,-0.675822,0.814559,-0.368687,0.556319
1777058017.765242,0.652816,0.739045,1.605026,1.284459,-0.085243,0.070123,-0.155737,0.732476,-0.750000,0.750000,1.450000,8.901179,0.000000,0.000000,0.000000,0.000000,-0.635636,0.833103,-0.350623,0.571464
1777058017.798678,0.632833,0.734509,1.582818,1.324724,-0.096601,0.086084,-0.179808,0.787287,-0.750000,0.750000,1.450000,8.901179,0.000000,0.000000,0.000000,0.000000,-0.596958,0.849792,-0.341190,0.585602
1777058017.831942,0.621735,0.731839,1.571057,1.366818,-0.101161,0.094064,-0.189908,0.839344,-0.750000,0.750000,1.450000,8.901179,0.000000,0.000000,0.000000,0.000000,-0.539198,0.864813,-0.302931,0.598891
1777058017.865222,0.598498,0.726523,1.564366,1.410309,-0.110588,0.114690,-0.193869,0.873296,-0.750000,0.750000,1.450000,8.901179,0.000000,0.000000,0.000000,0.000000,-0.487238,0.878332,-0.282322,0.611330
1777058017.898617,0.586399,0.723692,1.546490,1.453244,-0.114216,0.123045,-0.211506,0.922578,-0.750000,0.750000,1.450000,8.901179,0.000000,0.000000,0.000000,0.000000,-0.413380,0.890499,-0.270427,0.622979
1777058017.931908,0.562114,0.718511,1.536866,1.497555,-0.121574,0.145130,-0.219724,0.966931,-0.750000,0.750000,1.450000,8.901179,0.000000,0.000000,0.000000,0.000000,-0.350235,0.901449,-0.235628,0.633864
1777058017.965177,0.548713,0.715507,1.531934,1.542190,-0.123574,0.155869,-0.221191,1.014649,-0.750000,0.750000,1.450000,8.901179,0.000000,0.000000,0.000000,0.000000,-0.268418,0.911304,-0.215624,0.643991
1777058017.998612,0.519407,0.709731,1.515461,1.589216,-0.127658,0.181440,-0.236029,1.019580,-0.750000,0.750000,1.450000,8.901179,0.000000,0.000000,0.000000,0.000000,-0.196319,0.920174,-0.204358,0.653309
1777058018.031893,0.504863,0.706863,1.508102,1.634594,-0.126928,0.191897,-0.238966,1.040087,-0.750000,0.750000,1.450000,8.901179,0.000000,0.000000,0.000000,0.000000,-0.104764,0.928156,-0.169498,0.661594
1777058018.065324,0.477033,0.702995,1.504740,1.680425,-0.126943,0.218030,-0.239316,1.074378,-0.750000,0.750000,1.450000,8.901179,0.000000,0.000000,0.000000,0.000000,-0.028087,0.935341,-0.151939,0.669023
1777058018.098567,0.460987,0.700302,1.493470,1.727819,-0.123905,0.228872,-0.246800,1.092104,-0.750000,0.750000,1.450000,8.901179,0.000000,0.000000,0.000000,0.000000,0.055491,0.941807,-0.142226,0.675330
1777058018.131958,0.430673,0.697430,1.488076,1.774598,-0.119244,0.256511,-0.249065,1.118409,-0.750000,0.750000,1.450000,8.901179,0.000000,0.000000,0.000000,0.000000,0.134232,0.947626,-0.116428,0.680222
1777058018.165228,0.414803,0.695849,1.485614,1.821432,-0.114514,0.268070,-0.246651,1.156618,-0.750000,0.750000,1.450000,8.901179,0.000000,0.000000,0.000000,0.000000,0.212787,0.952863,-0.102060,0.683622
1777058018.198684,0.383023,0.694169,1.478740,1.868987,-0.105357,0.296318,-0.250946,1.190098,-0.750000,0.750000,1.450000,8.901179,0.000000,0.000000,0.000000,0.000000,0.286234,0.957577,-0.093675,0.685159
1777058018.231985,0.364974,0.692951,1.475049,1.916663,-0.097892,0.308516,-0.249445,1.216305,-0.750000,0.750000,1.450000,8.901179,0.000000,0.000000,0.000000,0.000000,0.356501,0.961819,-0.076409,0.684199
1777058018.265253,0.329569,0.692349,1.473042,1.964339,-0.083292,0.338358,-0.246562,1.231466,-0.750000,0.750000,1.450000,8.901179,0.000000,0.000000,0.000000,0.000000,0.420851,0.965637,-0.065527,0.680220
1777058018.298543,0.310989,0.692164,1.469180,2.010685,-0.073284,0.349775,-0.245435,1.259989,-0.750000,0.750000,1.450000,8.901179,0.000000,0.000000,0.000000,0.000000,0.478766,0.954697,-0.058215,0.672457
1777058018.331981,0.272880,0.692682,1.466769,2.057711,-0.053270,0.379378,-0.242264,1.266144,-0.750000,0.750000,1.450000,8.901179,0.000000,0.000000,0.000000,0.000000,0.530890,0.948941,-0.047320,0.660728
1777058018.365188,0.252784,0.693145,1.465851,2.102608,-0.040834,0.390220,-0.236788,1.281108,-0.750000,0.750000,1.450000,8.901179,0.000000,0.000000,0.000000,0.000000,0.577801,0.917348,-0.039480,0.642912
1777058018.398637,0.213556,0.695047,1.463671,2.146715,-0.016343,0.418409,-0.233089,1.288714,-0.750000,0.750000,1.450000,8.901179,0.000000,0.000000,0.000000,0.000000,0.620021,0.893798,-0.034903,0.619972
1777058018.431908,0.189199,0.695352,1.461950,2.190062,-0.000186,0.427898,-0.225871,1.263410,-0.750000,0.750000,1.450000,8.901179,0.000000,0.000000,0.000000,0.000000,0.650315,0.847265,-0.028007,0.590077
1777058018.465311,0.148214,0.698911,1.461824,2.229035,0.029075,0.453722,-0.218445,1.257701,-0.750000,0.750000,1.450000,8.901179,0.000000,0.000000,0.000000,0.000000,0.685283,0.803859,-0.022251,0.552209
1777058018.498664,0.125804,0.700599,1.460914,2.266037,0.045554,0.461548,-0.211905,1.246115,-0.750000,0.750000,1.450000,8.901179,0.000000,0.000000,0.000000,0.000000,0.693547,0.746589,-0.019972,0.511515
1777058018.532004,0.082682,0.704675,1.460441,2.299800,0.078476,0.485367,-0.203787,1.224071,-0.750000,0.750000,1.450000,8.901179,0.000000,0.000000,0.000000,0.000000,0.720745,0.698423,-0.016374,0.465549
1777058018.565243,0.057389,0.706641,1.460010,2.330254,0.097195,0.491433,-0.195556,1.184187,-0.750000,0.750000,1.450000,8.901179,0.000000,0.000000,0.000000,0.000000,0.708469,0.629370,-0.013896,0.417852
1777058018.598563,0.057389,0.706641,1.460010,2.330254,0.097195,0.491433,-0.195556,1.184187,-0.750000,0.750000,1.450000,8.901179,0.000000,0.000000,0.000000,0.000000,0.717926,0.570768,-0.011736,0.370540
1777058018.631891,0.008698,0.712609,1.459994,2.356884,0.136411,0.510439,-0.183946,1.126225,-0.750000,0.750000,1.450000,8.901179,0.000000,0.000000,0.000000,0.000000,0.746133,0.539429,-0.010559,0.397208
1777058018.665248,-0.014713,0.715188,1.459795,2.378432,0.153779,0.512928,-0.176139,1.075229,-0.750000,0.750000,1.450000,8.901179,0.000000,0.000000,0.000000,0.000000,0.696061,0.465411,-0.009628,0.351018
1777058018.698792,-0.058325,0.721579,1.460038,2.398081,0.190531,0.529711,-0.167220,1.030992,-0.750000,0.750000,1.450000,8.901179,0.000000,0.000000,0.000000,0.000000,0.687785,0.410250,-0.008519,0.315071
1777058018.731953,-0.083504,0.724969,1.460140,2.419278,0.209449,0.532199,-0.159623,0.992362,-0.750000,0.750000,1.450000,8.901179,0.000000,0.000000,0.000000,0.000000,0.623355,0.338314,-0.008493,0.281837
1777058018.765261,-0.128667,0.732376,1.460356,2.437178,0.248129,0.547390,-0.151389,0.952283,-0.750000,0.750000,1.450000,8.901179,0.000000,0.000000,0.000000,0.000000,0.595288,0.280642,-0.008352,0.240553
1777058018.798711,-0.155302,0.736380,1.460389,2.452689,0.267837,0.548894,-0.144449,0.904209,-0.750000,0.750000,1.450000,8.901179,0.000000,0.000000,0.000000,0.000000,0.504170,0.204735,-0.008601,0.208088
1777058018.831940,-0.202200,0.744624,1.460535,2.465373,0.307813,0.561454,-0.137066,0.853053,-0.750000,0.750000,1.450000,8.901179,0.000000,0.000000,0.000000,0.000000,0.456662,0.144876,-0.008602,0.182132
1777058018.865209,-0.231010,0.749094,1.460438,2.475364,0.327201,0.559924,-0.130290,0.793497,-0.750000,0.750000,1.450000,8.901179,0.000000,0.000000,0.000000,0.000000,0.337078,0.064006,-0.008947,0.165034
1777058018.898695,-0.280463,0.758497,1.460650,2.483069,0.367211,0.567850,-0.123540,0.733453,-0.750000,0.750000,1.450000,8.901179,0.000000,0.000000,0.000000,0.000000,0.267989,0.000805,-0.008892,0.156513
1777058018.931868,-0.305798,0.763855,1.460897,2.489739,0.382833,0.563048,-0.118711,0.678109,-0.750000,0.750000,1.450000,8.901179,0.000000,0.000000,0.000000,0.000000,0.141190,-0.085522,-0.009543,0.155147
1777058018.965288,-0.351872,0.773499,1.460963,2.496377,0.418735,0.567489,-0.114198,0.627131,-0.750000,0.750000,1.450000,8.901179,0.000000,0.000000,0.000000,0.000000,0.063070,-0.137079,-0.010323,0.156121
1777058018.998636,-0.374075,0.778976,1.461407,2.503241,0.431552,0.561869,-0.110549,0.585228,-0.750000,0.750000,1.450000,8.901179,0.000000,0.000000,0.000000,0.000000,-0.043237,-0.219182,-0.010785,0.155356
1777058019.031900,-0.414916,0.788465,1.461333,2.510778,0.463310,0.564872,-0.108325,0.549031,-0.750000,0.750000,1.450000,8.901179,0.000000,0.000000,0.000000,0.000000,-0.126167,-0.261286,-0.012040,0.152135
1777058019.065244,-0.436349,0.793842,1.461454,2.518507,0.475091,0.559465,-0.105732,0.519199,-0.750000,0.750000,1.450000,8.901179,0.000000,0.000000,0.000000,0.000000,-0.213550,-0.333418,-0.012262,0.144788
1777058019.098635,-0.477139,0.803466,1.461447,2.526505,0.504492,0.559748,-0.103922,0.488577,-0.750000,0.750000,1.450000,8.901179,0.000000,0.000000,0.000000,0.000000,-0.292195,-0.372181,-0.012875,0.135528
1777058019.131958,-0.496635,0.809003,1.461223,2.533721,0.513766,0.552716,-0.102044,0.463349,-0.750000,0.750000,1.450000,8.901179,0.000000,0.000000,0.000000,0.000000,-0.362976,-0.434963,-0.013223,0.124189
1777058019.165242,-0.532669,0.818728,1.461086,2.540621,0.539102,0.550689,-0.101080,0.436995,-0.750000,0.750000,1.450000,8.901179,0.000000,0.000000,0.000000,0.000000,-0.426678,-0.465642,-0.013118,0.115365
1777058019.198657,-0.532669,0.818728,1.461086,2.540621,0.539102,0.550689,-0.101080,0.436995,-0.750000,0.750000,1.450000,8.901179,0.000000,0.000000,0.000000,0.000000,-0.484010,-0.519077,-0.013153,0.107100
1777058019.231979,-0.558307,0.826500,1.461067,2.546848,0.549371,0.539793,-0.098204,0.408057,-0.750000,0.750000,1.450000,8.901179,0.000000,0.000000,0.000000,0.000000,-0.495986,-0.517352,-0.013428,0.128097
1777058019.265224,-0.587680,0.835424,1.460583,2.552207,0.567355,0.534173,-0.097567,0.383058,-0.750000,0.750000,1.450000,8.901179,0.000000,0.000000,0.000000,0.000000,-0.546387,-0.552384,-0.013675,0.119686
1777058019.298600,-0.604057,0.840587,1.460283,2.557859,0.570112,0.523356,-0.095341,0.361131,-0.750000,0.750000,1.450000,8.901179,0.000000,0.000000,0.000000,0.000000,-0.591749,-0.591949,-0.012953,0.114451
1777058019.331897,-0.630725,0.850440,1.460291,2.564820,0.587080,0.516419,-0.094116,0.347552,-0.750000,0.750000,1.450000,8.901179,0.000000,0.000000,0.000000,0.000000,-0.632574,-0.607671,-0.012577,0.107143
1777058019.365273,-0.648112,0.856130,1.459612,2.571716,0.588814,0.504306,-0.092165,0.330972,-0.750000,0.750000,1.450000,8.901179,0.000000,0.000000,0.000000,0.000000,-0.669316,-0.630953,-0.012806,0.093492
1777058019.398645,-0.674611,0.866929,1.459350,2.577878,0.602541,0.493549,-0.091024,0.314440,-0.750000,0.750000,1.450000,8.901179,0.000000,0.000000,0.000000,0.000000,-0.702385,-0.643329,-0.011636,0.079880
1777058019.431950,-0.687135,0.872757,1.459432,2.582840,0.601971,0.481048,-0.088820,0.298284,-0.750000,0.750000,1.450000,8.901179,0.000000,0.000000,0.000000,0.000000,-0.732146,-0.657209,-0.011268,0.069267
1777058019.465360,-0.708282,0.883309,1.458968,2.586823,0.613069,0.470209,-0.088631,0.281313,-0.750000,0.750000,1.450000,8.901179,0.000000,0.000000,0.000000,0.000000,-0.758932,-0.650344,-0.011601,0.063663
1777058019.498659,-0.720962,0.889344,1.458739,2.589938,0.611737,0.457454,-0.086818,0.262445,-0.750000,0.750000,1.450000,8.901179,0.000000,0.000000,0.000000,0.000000,-0.783039,-0.646270,-0.010808,0.061832
1777058019.531926,-0.740641,0.900412,1.458679,2.592374,0.619857,0.444185,-0.085913,0.243367,-0.750000,0.750000,1.450000,8.901179,0.000000,0.000000,0.000000,0.000000,-0.804735,-0.636725,-0.010476,0.063085
1777058019.565248,-0.750988,0.906625,1.458281,2.594601,0.616347,0.430617,-0.084403,0.225775,-0.750000,0.750000,1.450000,8.901179,0.000000,0.000000,0.000000,0.000000,-0.824261,-0.623539,-0.010474,0.066383
1777058019.598560,-0.766649,0.917495,1.458142,2.596956,0.621651,0.416755,-0.083681,0.210743,-0.750000,0.750000,1.450000,8.901179,0.000000,0.000000,0.000000,0.000000,-0.841835,-0.604207,-0.009785,0.069583
1777058019.631879,-0.775903,0.923750,1.458104,2.599754,0.616871,0.402974,-0.081629,0.198104,-0.750000,0.750000,1.450000,8.901179,0.000000,0.000000,0.000000,0.000000,-0.857652,-0.578430,-0.009597,0.071242
1777058019.665375,-0.788912,0.934444,1.457718,2.603001,0.619441,0.388263,-0.081061,0.188759,-0.750000,0.750000,1.450000,8.901179,0.000000,0.000000,0.000000,0.000000,-0.871886,-0.554538,-0.009626,0.070063
1777058019.698645,-0.796746,0.940630,1.457552,2.606761,0.613048,0.374206,-0.079096,0.181144,-0.750000,0.750000,1.450000,8.901179,0.000000,0.000000,0.000000,0.000000,-0.884698,-0.520639,-0.008938,0.066250
1777058019.731883,-0.809742,0.951636,1.457483,2.610826,0.611054,0.356356,-0.077253,0.173185,-0.750000,0.750000,1.450000,8.901179,0.000000,0.000000,0.000000,0.000000,-0.896228,-0.492037,-0.008692,0.059685
1777058019.765217,-0.814931,0.957501,1.457133,2.614621,0.600899,0.341040,-0.075109,0.166557,-0.750000,0.750000,1.450000,8.901179,0.000000,0.000000,0.000000,0.000000,-0.906605,-0.455298,-0.008648,0.051460
1777058019.798570,-0.822629,0.967226,1.457043,2.617878,0.596600,0.324435,-0.073473,0.159619,-0.750000,0.750000,1.450000,8.901179,0.000000,0.000000,0.000000,0.000000,-0.915945,-0.419204,-0.008045,0.044305
1777058019.832011,-0.830750,0.973491,1.456971,2.620659,0.580283,0.305103,-0.069547,0.148808,-0.750000,0.750000,1.450000,8.901179,0.000000,0.000000,0.000000,0.000000,-0.924350,-0.372517,-0.007965,0.039379
1777058019.865299,-0.830750,0.973491,1.456971,2.620659,0.580283,0.305103,-0.069547,0.148808,-0.750000,0.750000,1.450000,8.901179,0.000000,0.000000,0.000000,0.000000,-0.931915,-0.342033,-0.007958,0.036141
1777058019.898562,-0.832955,0.982938,1.456781,2.622623,0.566545,0.283853,-0.066730,0.138551,-0.750000,0.750000,1.450000,8.901179,0.000000,0.000000,0.000000,0.000000,-0.938724,-0.319405,-0.008080,0.045285
1777058019.932009,-0.835849,0.987326,1.456666,2.624282,0.554407,0.270614,-0.064212,0.129443,-0.750000,0.750000,1.450000,8.901179,0.000000,0.000000,0.000000,0.000000,-0.944851,-0.259197,-0.007840,0.044335
1777058019.965242,-0.839754,0.994969,1.456603,2.626083,0.544872,0.254848,-0.061843,0.121516,-0.750000,0.750000,1.450000,8.901179,0.000000,0.000000,0.000000,0.000000,-0.950366,-0.224698,-0.007760,0.044290
1777058019.998558,-0.841967,0.999342,1.456193,2.628191,0.530592,0.240941,-0.059372,0.114786,-0.750000,0.750000,1.450000,8.901179,0.000000,0.000000,0.000000,0.000000,-0.955330,-0.178473,-0.007797,0.043099
1777058020.031984,-0.843401,1.005865,1.456079,2.630384,0.518459,0.225625,-0.056949,0.109387,-0.750000,0.750000,1.450000,8.901179,0.000000,0.000000,0.000000,0.000000,-0.959797,-0.142443,-0.007137,0.040053
1777058020.065276,-0.843816,1.009397,1.456060,2.632576,0.504159,0.213198,-0.054230,0.104600,-0.750000,0.750000,1.450000,8.901179,0.000000,0.000000,0.000000,0.000000,-0.963817,-0.094788,-0.007072,0.036336
1777058020.098659,-0.843905,1.014543,1.455742,2.634580,0.490107,0.198999,-0.051889,0.099559,-0.750000,0.750000,1.450000,8.901179,0.000000,0.000000,0.000000,0.000000,-0.967435,-0.058186,-0.007215,0.032386
1777058020.131929,-0.843905,1.014543,1.455742,2.634580,0.490107,0.198999,-0.051889,0.099559,-0.750000,0.750000,1.450000,8.901179,0.000000,0.000000,0.000000,0.000000,-0.970692,-0.013799,-0.006759,0.029049
1777058020.165251,-0.842366,1.018163,1.455610,2.636348,0.471076,0.184325,-0.048630,0.093642,-0.750000,0.750000,1.450000,8.901179,0.000000,0.000000,0.000000,0.000000,-0.973623,0.005534,-0.006913,0.034720
1777058020.198621,-0.841627,1.021365,1.455581,2.637970,0.454886,0.171870,-0.045625,0.088397,-0.750000,0.750000,1.450000,8.901179,0.000000,0.000000,0.000000,0.000000,-0.976260,0.045544,-0.006827,0.031614
1777058020.231939,-0.839979,1.022948,1.455231,2.640100,0.439187,0.161848,-0.043289,0.085637,-0.750000,0.750000,1.450000,8.901179,0.000000,0.000000,0.000000,0.000000,-0.978634,0.081191,-0.006967,0.028954
1777058020.265211,-0.836258,1.024610,1.455078,2.642566,0.422476,0.151183,-0.040703,0.084408,-0.750000,0.750000,1.450000,8.901179,0.000000,0.000000,0.000000,0.000000,-0.980771,0.111767,-0.006459,0.023811
1777058020.298568,-0.835093,1.025792,1.455054,2.644824,0.404028,0.140497,-0.037603,0.081027,-0.750000,0.750000,1.450000,8.901179,0.000000,0.000000,0.000000,0.000000,-0.982694,0.148028,-0.006347,0.017102
1777058020.331972,-0.829078,1.025684,1.454724,2.646364,0.384681,0.130821,-0.035047,0.077409,-0.750000,0.750000,1.450000,8.901179,0.000000,0.000000,0.000000,0.000000,-0.984424,0.174928,-0.006511,0.011333
1777058020.365249,-0.826134,1.025718,1.454581,2.647368,0.367323,0.122166,-0.032445,0.072272,-0.750000,0.750000,1.450000,8.901179,0.000000,0.000000,0.000000,0.000000,-0.985982,0.209039,-0.006063,0.008784
1777058020.398654,-0.824047,1.025687,1.454519,2.647859,0.351608,0.114494,-0.029997,0.066351,-0.750000,0.750000,1.450000,8.901179,0.000000,0.000000,0.000000,0.000000,-0.987384,0.234755,-0.005989,0.008418
1777058020.431908,-0.824047,1.025687,1.454519,2.647859,0.351608,0.114494,-0.029997,0.066351,-0.750000,0.750000,1.450000,8.901179,0.000000,0.000000,0.000000,0.000000,-0.988645,0.257300,-0.006084,0.009990
1777058020.465225,-0.814723,1.022994,1.454213,2.648162,0.327684,0.105774,-0.026998,0.060507,-0.750000,0.750000,1.450000,8.901179,0.000000,0.000000,0.000000,0.000000,-0.989781,0.272456,-0.006279,0.013520
1777058020.498561,-0.807679,1.019190,1.454073,2.648564,0.304317,0.098890,-0.023889,0.055392,-0.750000,0.750000,1.450000,8.901179,0.000000,0.000000,0.000000,0.000000,-0.962142,0.301261,-0.005868,0.015133
1777058020.531879,-0.802725,1.016959,1.453994,2.649278,0.286106,0.092538,-0.021355,0.051721,-0.750000,0.750000,1.450000,8.901179,0.000000,0.000000,0.000000,0.000000,-0.938405,0.318423,-0.005800,0.015874
1777058020.565273,-0.793115,1.011022,1.453650,2.650225,0.260956,0.087160,-0.018443,0.048845,-0.750000,0.750000,1.450000,8.901179,0.000000,0.000000,0.000000,0.000000,-0.924908,0.336379,-0.005862,0.014876
1777058020.598624,-0.793115,1.011022,1.453650,2.650225,0.260956,0.087160,-0.018443,0.048845,-0.750000,0.750000,1.450000,8.901179,0.000000,0.000000,0.000000,0.000000,-0.874463,0.350253,-0.005393,0.012574
1777058020.631926,-0.786146,1.006607,1.453317,2.652117,0.231622,0.077430,-0.014595,0.046554,-0.750000,0.750000,1.450000,8.901179,0.000000,0.000000,0.000000,0.000000,-0.886983,0.362638,-0.005582,0.014575
1777058020.665284,-0.786146,1.006607,1.453317,2.652117,0.231622,0.077430,-0.014595,0.046554,-0.750000,0.750000,1.450000,8.901179,0.000000,0.000000,0.000000,0.000000,-0.847601,0.375192,-0.005124,0.007533
1777058020.698699,-0.771362,0.996889,1.452870,2.652865,0.201613,0.073663,-0.012059,0.043729,-0.750000,0.750000,1.450000,8.901179,0.000000,0.000000,0.000000,0.000000,-0.854504,0.387024,-0.005303,0.009328
1777058020.731914,-0.760452,0.987812,1.452801,2.653581,0.178054,0.072547,-0.009973,0.041528,-0.750000,0.750000,1.450000,8.901179,0.000000,0.000000,0.000000,0.000000,-0.758564,0.395363,-0.004585,0.007470
1777058020.765228,-0.754072,0.982504,1.452718,2.653945,0.160701,0.069599,-0.008252,0.038360,-0.750000,0.750000,1.450000,8.901179,0.000000,0.000000,0.000000,0.000000,-0.682750,0.394958,-0.004622,0.005621
1777058020.798666,-0.742008,0.971283,1.452465,2.654200,0.134224,0.069119,-0.006024,0.035143,-0.750000,0.750000,1.450000,8.901179,0.000000,0.000000,0.000000,0.000000,-0.638215,0.398946,-0.004630,0.005275
1777058020.832031,-0.735201,0.965399,1.452216,2.654322,0.117608,0.066797,-0.004714,0.031966,-0.750000,0.750000,1.450000,8.901179,0.000000,0.000000,0.000000,0.000000,-0.547940,0.390611,-0.004298,0.005107
1777058020.865336,-0.723602,0.953719,1.452105,2.654448,0.093644,0.067812,-0.003395,0.029121,-0.750000,0.750000,1.450000,8.901179,0.000000,0.000000,0.000000,0.000000,-0.497421,0.392265,-0.003958,0.005359
1777058020.898648,-0.717036,0.947157,1.451794,2.654607,0.077559,0.065957,-0.002699,0.026614,-0.750000,0.750000,1.450000,8.901179,0.000000,0.000000,0.000000,0.000000,-0.406596,0.379092,-0.003884,0.005334
1777058020.931927,-0.706072,0.935044,1.451670,2.654780,0.055478,0.068094,-0.002206,0.024467,-0.750000,0.750000,1.450000,8.901179,0.000000,0.000000,0.000000,0.000000,-0.354271,0.376033,-0.003389,0.005002
1777058020.965272,-0.706072,0.935044,1.451670,2.654780,0.055478,0.068094,-0.002206,0.024467,-0.750000,0.750000,1.450000,8.901179,0.000000,0.000000,0.000000,0.000000,-0.264557,0.357738,-0.003250,0.004430
1777058020.998647,-0.697560,0.925789,1.451564,2.655000,0.036547,0.066963,-0.001434,0.022491,-0.750000,0.750000,1.450000,8.901179,0.000000,0.000000,0.000000,0.000000,-0.263383,0.366911,-0.003344,0.004655
1777058021.031933,-0.688676,0.914486,1.451359,2.655141,0.017866,0.069203,-0.001639,0.020641,-0.750000,0.750000,1.450000,8.901179,0.000000,0.000000,0.000000,0.000000,-0.193440,0.354532,-0.003223,0.003654
1777058021.065368,-0.683509,0.908003,1.451276,2.655338,0.005682,0.068156,-0.001351,0.019086,-0.750000,0.750000,1.450000,8.901179,0.000000,0.000000,0.000000,0.000000,-0.116167,0.332669,-0.002880,0.002927
1777058021.098634,-0.674188,0.894663,1.451267,2.655482,-0.014313,0.071046,-0.000931,0.017499,-0.750000,0.750000,1.450000,8.901179,0.000000,0.000000,0.000000,0.000000,-0.070577,0.324217,-0.002770,0.001929
1777058021.132082,-0.674188,0.894663,1.451267,2.655482,-0.014313,0.071046,-0.000931,0.017499,-0.750000,0.750000,1.450000,8.901179,0.000000,0.000000,0.000000,0.000000,0.014559,0.292876,-0.002804,0.000987
1777058021.165242,-0.667680,0.886236,1.451113,2.655542,-0.027761,0.070944,-0.000637,0.015898,-0.750000,0.750000,1.450000,8.901179,0.000000,0.000000,0.000000,0.000000,0.015961,0.301847,-0.002852,0.000756
1777058021.198702,-0.660932,0.875169,1.451042,2.655525,-0.042242,0.074205,-0.000662,0.014258,-0.750000,0.750000,1.450000,8.901179,0.000000,0.000000,0.000000,0.000000,0.073317,0.286339,-0.002585,0.000144
1777058021.232046,-0.656901,0.868690,1.451022,2.655475,-0.051291,0.073853,-0.000335,0.012699,-0.750000,0.750000,1.450000,8.901179,0.000000,0.000000,0.000000,0.000000,0.138712,0.257929,-0.002473,-0.000250
1777058021.265266,-0.650560,0.856905,1.450874,2.655382,-0.064985,0.078158,-0.000489,0.011147,-0.750000,0.750000,1.450000,8.901179,0.000000,0.000000,0.000000,0.000000,0.177743,0.245368,-0.002459,-0.000517
1777058021.298581,-0.646758,0.849892,1.450827,2.655273,-0.073376,0.078160,-0.000141,0.009755,-0.750000,0.750000,1.450000,8.901179,0.000000,0.000000,0.000000,0.000000,0.242599,0.211856,-0.002180,-0.000717
1777058021.331968,-0.641371,0.837935,1.450805,2.655133,-0.085578,0.082852,-0.000194,0.008376,-0.750000,0.750000,1.450000,8.901179,0.000000,0.000000,0.000000,0.000000,0.281357,0.195963,-0.002098,-0.000957
1777058021.365211,-0.638249,0.831156,1.450694,2.654992,-0.092436,0.083085,0.000042,0.007162,-0.750000,0.750000,1.450000,8.901179,0.000000,0.000000,0.000000,0.000000,0.341291,0.158847,-0.002063,-0.001138
1777058021.398596,-0.634367,0.820175,1.450648,2.654834,-0.102037,0.087884,-0.000057,0.005946,-0.750000,0.750000,1.450000,8.901179,0.000000,0.000000,0.000000,0.000000,0.375312,0.142425,-0.001849,-0.001438
1777058021.431996,-0.632128,0.814004,1.450635,2.654674,-0.107193,0.088547,0.000221,0.004861,-0.750000,0.750000,1.450000,8.901179,0.000000,0.000000,0.000000,0.000000,0.424373,0.106182,-0.001754,-0.001694
1777058021.465332,-0.629764,0.804227,1.450542,2.654497,-0.114281,0.093351,0.000137,0.003741,-0.750000,0.750000,1.450000,8.901179,0.000000,0.000000,0.000000,0.000000,0.451658,0.090527,-0.001730,-0.002036
1777058021.498643,-0.628334,0.798527,1.450500,2.654310,-0.118089,0.094363,0.000374,0.002719,-0.750000,0.750000,1.450000,8.901179,0.000000,0.000000,0.000000,0.000000,0.489230,0.056277,-0.001540,-0.002306
1777058021.532143,-0.627220,0.789301,1.450487,2.654113,-0.123294,0.098882,0.000590,0.001790,-0.750000,0.750000,1.450000,8.901179,0.000000,0.000000,0.000000,0.000000,0.510644,0.040774,-0.001450,-0.002597
1777058021.565419,-0.626504,0.783817,1.450415,2.653890,-0.125900,0.099501,0.000928,0.000917,-0.750000,0.750000,1.450000,8.901179,0.000000,0.000000,0.000000,0.000000,0.539976,0.005966,-0.001422,-0.002851
1777058021.598676,-0.626772,0.775405,1.450383,2.653653,-0.128916,0.103351,0.001368,0.000120,-0.750000,0.750000,1.450000,8.901179,0.000000,0.000000,0.000000,0.000000,0.556758,-0.010206,-0.001276,-0.003061
1777058021.631934,-0.626426,0.768667,1.450438,2.653163,-0.130308,0.100737,0.002458,-0.000652,-0.750000,0.750000,1.450000,8.901179,0.000000,0.000000,0.000000,0.000000,0.576477,-0.044270,-0.001215,-0.003231
1777058021.665253,-0.626426,0.768667,1.450438,2.653163,-0.130308,0.100737,0.002458,-0.000652,-0.750000,0.750000,1.450000,8.901179,0.000000,0.000000,0.000000,0.000000,0.594231,-0.066843,-0.001343,-0.002402
1777058021.698534,-0.629378,0.760637,1.450295,2.652844,-0.129937,0.104418,0.003087,-0.001366,-0.750000,0.750000,1.450000,8.901179,0.000000,0.000000,0.000000,0.000000,0.591748,-0.055990,-0.001361,-0.003762
1777058021.731881,-0.632415,0.754219,1.450294,2.652536,-0.128592,0.106723,0.003957,-0.001998,-0.750000,0.750000,1.450000,8.901179,0.000000,0.000000,0.000000,0.000000,0.596508,-0.095047,-0.001091,-0.003706
1777058021.765209,-0.634170,0.751340,1.450237,2.652140,-0.126952,0.105804,0.004495,-0.003003,-0.750000,0.750000,1.450000,8.901179,0.000000,0.000000,0.000000,0.000000,0.596219,-0.125478,-0.001116,-0.003711
1777058021.798537,-0.638262,0.746889,1.450186,2.651764,-0.123706,0.107351,0.005318,-0.003765,-0.750000,0.750000,1.450000,8.901179,0.000000,0.000000,0.000000,0.000000,0.592569,-0.133793,-0.001027,-0.003419
1777058021.831864,-0.640537,0.744704,1.450154,2.651407,-0.121241,0.106091,0.005956,-0.004493,-0.750000,0.750000,1.450000,8.901179,0.000000,0.000000,0.000000,0.000000,0.581432,-0.156668,-0.000959,-0.003280
1777058021.865208,-0.645455,0.741686,1.450124,2.651091,-0.116508,0.106751,0.006816,-0.004954,-0.750000,0.750000,1.450000,8.901179,0.000000,0.000000,0.000000,0.000000,0.573249,-0.162727,-0.000929,-0.003258
1777058021.898693,-0.648232,0.739886,1.450142,2.650798,-0.113182,0.104469,0.007500,-0.005210,-0.750000,0.750000,1.450000,8.901179,0.000000,0.000000,0.000000,0.000000,0.553999,-0.180386,-0.000910,-0.003422
1777058021.931958,-0.653966,0.738358,1.450132,2.650507,-0.107030,0.104307,0.008286,-0.005556,-0.750000,0.750000,1.450000,8.901179,0.000000,0.000000,0.000000,0.000000,0.542294,-0.185685,-0.000994,-0.003719
1777058021.965223,-0.657063,0.737734,1.450075,2.650211,-0.103258,0.102374,0.008743,-0.005986,-0.750000,0.750000,1.450000,8.901179,0.000000,0.000000,0.000000,0.000000,0.514869,-0.197774,-0.001026,-0.004040
1777058021.998639,-0.663257,0.736952,1.450080,2.649901,-0.096383,0.101617,0.009454,-0.006276,-0.750000,0.750000,1.450000,8.901179,0.000000,0.000000,0.000000,0.000000,0.498557,-0.198078,-0.000962,-0.004324
1777058022.031862,-0.666694,0.736824,1.450074,2.649565,-0.092175,0.099388,0.009899,-0.006752,-0.750000,0.750000,1.450000,8.901179,0.000000,0.000000,0.000000,0.000000,0.466983,-0.207847,-0.001028,-0.004540
1777058022.065254,-0.673295,0.737045,1.450039,2.649213,-0.084626,0.098189,0.010483,-0.007140,-0.750000,0.750000,1.450000,8.901179,0.000000,0.000000,0.000000,0.000000,0.447901,-0.206779,-0.001071,-0.004638
1777058022.098543,-0.677064,0.737229,1.450007,2.648849,-0.080051,0.095413,0.010865,-0.007488,-0.750000,0.750000,1.450000,8.901179,0.000000,0.000000,0.000000,0.000000,0.411794,-0.212805,-0.001056,-0.004683
1777058022.131930,-0.683894,0.738391,1.449995,2.648483,-0.072050,0.093721,0.011325,-0.007896,-0.750000,0.750000,1.450000,8.901179,0.000000,0.000000,0.000000,0.000000,0.390549,-0.211287,-0.001046,-0.004681
1777058022.165258,-0.687738,0.739088,1.449934,2.648120,-0.067425,0.090914,0.011562,-0.008241,-0.750000,0.750000,1.450000,8.901179,0.000000,0.000000,0.000000,0.000000,0.351042,-0.213386,-0.001075,-0.004683
1777058022.198594,-0.694627,0.740824,1.449908,2.647763,-0.059297,0.088689,0.011850,-0.008512,-0.750000,0.750000,1.450000,8.901179,0.000000,0.000000,0.000000,0.000000,0.328465,-0.209802,-0.001001,-0.004708
1777058022.231985,-0.698524,0.741889,1.449907,2.647410,-0.054684,0.085603,0.012073,-0.008741,-0.750000,0.750000,1.450000,8.901179,0.000000,0.000000,0.000000,0.000000,0.287506,-0.209491,-0.000994,-0.004751
1777058022.265229,-0.705254,0.744220,1.449851,2.647060,-0.046667,0.083077,0.012220,-0.008997,-0.750000,0.750000,1.450000,8.901179,0.000000,0.000000,0.000000,0.000000,0.264149,-0.204516,-0.001034,-0.004825
1777058022.298556,-0.709135,0.745556,1.449838,2.646712,-0.042193,0.079809,0.012370,-0.009147,-0.750000,0.750000,1.450000,8.901179,0.000000,0.000000,0.000000,0.000000,0.222840,-0.201123,-0.000960,-0.004904
1777058022.331975,-0.715840,0.748281,1.449829,2.646361,-0.034271,0.076603,0.012490,-0.009242,-0.750000,0.750000,1.450000,8.901179,0.000000,0.000000,0.000000,0.000000,0.199344,-0.195124,-0.000967,-0.004990
1777058022.365242,-0.719871,0.749797,1.449814,2.646006,-0.029971,0.072091,0.012601,-0.009108,-0.750000,0.750000,1.450000,8.901179,0.000000,0.000000,0.000000,0.000000,0.157578,-0.189986,-0.000981,-0.005063
1777058022.398690,-0.719871,0.749797,1.449814,2.646006,-0.029971,0.072091,0.012601,-0.009108,-0.750000,0.750000,1.450000,8.901179,0.000000,0.000000,0.000000,0.000000,0.133394,-0.183592,-0.000981,-0.005127
1777058022.431924,-0.726722,0.753470,1.449752,2.645642,-0.021846,0.067419,0.012614,-0.009049,-0.750000,0.750000,1.450000,8.901179,0.000000,0.000000,0.000000,0.000000,0.134392,-0.174716,-0.001007,-0.006717
1777058022.465282,-0.735352,0.757498,1.449768,2.644902,-0.012431,0.061205,0.012608,-0.009288,-0.750000,0.750000,1.450000,8.901179,0.000000,0.000000,0.000000,0.000000,0.089721,-0.165949,-0.000903,-0.006600
1777058022.498687,-0.738786,0.759871,1.449690,2.644382,-0.008621,0.057396,0.012538,-0.009950,-0.750000,0.750000,1.450000,8.901179,0.000000,0.000000,0.000000,0.000000,0.035369,-0.159950,-0.000952,-0.004853
1777058022.531911,-0.738786,0.759871,1.449690,2.644382,-0.008621,0.057396,0.012538,-0.009950,-0.750000,0.750000,1.450000,8.901179,0.000000,0.000000,0.000000,0.000000,0.012994,-0.148189,-0.000809,-0.004204
1777058022.565276,-0.744683,0.763679,1.449643,2.643919,-0.001860,0.052995,0.012405,-0.010142,-0.750000,0.750000,1.450000,8.901179,0.000000,0.000000,0.000000,0.000000,0.015038,-0.140018,-0.000818,-0.005862
1777058022.598583,-0.747727,0.765371,1.449631,2.643549,0.000756,0.049117,0.012310,-0.010038,-0.750000,0.750000,1.450000,8.901179,0.000000,0.000000,0.000000,0.000000,-0.024086,-0.128773,-0.000726,-0.005345
1777058022.632046,-0.752679,0.768648,1.449601,2.643053,0.006213,0.045302,0.012168,-0.010427,-0.750000,0.750000,1.450000,8.901179,0.000000,0.000000,0.000000,0.000000,-0.042123,-0.120574,-0.000703,-0.005276
1777058022.665240,-0.755320,0.770487,1.449584,2.642562,0.008534,0.041916,0.012145,-0.010821,-0.750000,0.750000,1.450000,8.901179,0.000000,0.000000,0.000000,0.000000,-0.074324,-0.109714,-0.000640,-0.004644
1777058022.698947,-0.759640,0.773553,1.449532,2.642104,0.013239,0.038535,0.011979,-0.011189,-0.750000,0.750000,1.450000,8.901179,0.000000,0.000000,0.000000,0.000000,-0.090249,-0.100030,-0.000601,-0.004072
1777058022.732074,-0.762045,0.775305,1.449508,2.641702,0.015229,0.035506,0.011900,-0.011334,-0.750000,0.750000,1.450000,8.901179,0.000000,0.000000,0.000000,0.000000,-0.118198,-0.088997,-0.000488,-0.003665
1777058022.765259,-0.765840,0.778116,1.449497,2.641367,0.019145,0.032287,0.011752,-0.011266,-0.750000,0.750000,1.450000,8.901179,0.000000,0.000000,0.000000,0.000000,-0.132334,-0.079629,-0.000429,-0.003527
1777058022.798727,-0.767996,0.779758,1.449464,2.641087,0.020672,0.029360,0.011650,-0.011000,-0.750000,0.750000,1.450000,8.901179,0.000000,0.000000,0.000000,0.000000,-0.156541,-0.068960,-0.000392,-0.003674
1777058022.831990,-0.771175,0.782264,1.449440,2.640843,0.023758,0.026379,0.011492,-0.010705,-0.750000,0.750000,1.450000,8.901179,0.000000,0.000000,0.000000,0.000000,-0.168802,-0.059952,-0.000312,-0.004046
1777058022.865221,-0.773174,0.783797,1.449456,2.640608,0.024638,0.023178,0.011452,-0.010231,-0.750000,0.750000,1.450000,8.901179,0.000000,0.000000,0.000000,0.000000,-0.188715,-0.049622,-0.000245,-0.004537
1777058022.898591,-0.775914,0.786069,1.449437,2.640350,0.026674,0.019827,0.011311,-0.009879,-0.750000,0.750000,1.450000,8.901179,0.000000,0.000000,0.000000,0.000000,-0.199585,-0.041118,-0.000261,-0.005028
1777058022.932033,-0.777384,0.787355,1.449432,2.640044,0.026766,0.016754,0.011247,-0.009641,-0.750000,0.750000,1.450000,8.901179,0.000000,0.000000,0.000000,0.000000,-0.216244,-0.031040,-0.000205,-0.005375
1777058022.965284,-0.778134,0.788087,1.449433,2.639694,0.025741,0.013818,0.011224,-0.009491,-0.750000,0.750000,1.450000,8.901179,0.000000,0.000000,0.000000,0.000000,-0.223391,-0.022607,-0.000178,-0.005486
1777058022.998560,-0.778134,0.788087,1.449433,2.639694,0.025741,0.013818,0.011224,-0.009491,-0.750000,0.750000,1.450000,8.901179,0.000000,0.000000,0.000000,0.000000,-0.225161,-0.015109,-0.000164,-0.005383
1777058023.031889,-0.779941,0.789924,1.449354,2.639317,0.026722,0.010919,0.011037,-0.009596,-0.750000,0.750000,1.450000,8.901179,0.000000,0.000000,0.000000,0.000000,-0.221371,-0.009866,-0.000150,-0.006804
1777058023.065237,-0.781474,0.791249,1.449404,2.638931,0.026613,0.007840,0.011032,-0.009454,-0.750000,0.750000,1.450000,8.901179,0.000000,0.000000,0.000000,0.000000,-0.232109,-0.000386,0.000027,-0.006437
1777058023.098618,-0.782189,0.791999,1.449405,2.638560,0.025444,0.005075,0.011001,-0.009310,-0.750000,0.750000,1.450000,8.901179,0.000000,0.000000,0.000000,0.000000,-0.239787,0.007179,-0.000056,-0.006056
1777058023.132017,-0.782189,0.791999,1.449405,2.638560,0.025444,0.005075,0.011001,-0.009310,-0.750000,0.750000,1.450000,8.901179,0.000000,0.000000,0.000000,0.000000,-0.241499,0.014023,-0.000044,-0.005764
1777058023.165265,-0.782819,0.792803,1.449350,2.638212,0.024472,0.002546,0.010894,-0.009201,-0.750000,0.750000,1.450000,8.901179,0.000000,0.000000,0.000000,0.000000,-0.237770,0.018513,-0.000031,-0.007107
1777058023.198652,-0.783075,0.793131,1.449339,2.637893,0.023482,0.000943,0.010856,-0.009338,-0.750000,0.750000,1.450000,8.901179,0.000000,0.000000,0.000000,0.000000,-0.239536,0.025314,0.000094,-0.006800
1777058023.232070,-0.783264,0.793363,1.449344,2.637550,0.022218,-0.000725,0.010838,-0.009411,-0.750000,0.750000,1.450000,8.901179,0.000000,0.000000,0.000000,0.000000,-0.238099,0.030528,0.000133,-0.006630
1777058023.265258,-0.783333,0.793508,1.449346,2.637115,0.020780,-0.002359,0.010813,-0.009701,-0.750000,0.750000,1.450000,8.901179,0.000000,0.000000,0.000000,0.000000,-0.236087,0.035292,0.000137,-0.006347
1777058023.298658,-0.783101,0.793328,1.449340,2.636692,0.018980,-0.003710,0.010785,-0.009982,-0.750000,0.750000,1.450000,8.901179,0.000000,0.000000,0.000000,0.000000,-0.233268,0.039827,0.000148,-0.005664
1777058023.331864,-0.782951,0.793259,1.449355,2.636288,0.017083,-0.005352,0.010767,-0.009971,-0.750000,0.750000,1.450000,8.901179,0.000000,0.000000,0.000000,0.000000,-0.228046,0.043404,0.000173,-0.005062
1777058023.365195,-0.782323,0.792652,1.449356,2.635946,0.014620,-0.006529,0.010745,-0.009879,-0.750000,0.750000,1.450000,8.901179,0.000000,0.000000,0.000000,0.000000,-0.223606,0.047250,0.000153,-0.004574
1777058023.398661,-0.781946,0.792329,1.449347,2.635658,0.012758,-0.007680,0.010699,-0.009724,-0.750000,0.750000,1.450000,8.901179,0.000000,0.000000,0.000000,0.000000,-0.215250,0.049576,0.000161,-0.004383
1777058023.431996,-0.781022,0.791361,1.449357,2.635403,0.009887,-0.008614,0.010678,-0.009396,-0.750000,0.750000,1.450000,8.901179,0.000000,0.000000,0.000000,0.000000,-0.209123,0.052538,0.000190,-0.004425
1777058023.465236,-0.780498,0.790837,1.449348,2.635158,0.007985,-0.009484,0.010627,-0.009207,-0.750000,0.750000,1.450000,8.901179,0.000000,0.000000,0.000000,0.000000,-0.198427,0.053649,0.000179,-0.004599
1777058023.498629,-0.779384,0.789575,1.449350,2.634900,0.005114,-0.009948,0.010595,-0.009050,-0.750000,0.750000,1.450000,8.901179,0.000000,0.000000,0.000000,0.000000,-0.191226,0.055793,0.000205,-0.004788
1777058023.531883,-0.778740,0.788878,1.449346,2.634621,0.003138,-0.010639,0.010541,-0.009007,-0.750000,0.750000,1.450000,8.901179,0.000000,0.000000,0.000000,0.000000,-0.179024,0.055702,0.000210,-0.004888
1777058023.565230,-0.777474,0.787352,1.449354,2.634320,0.000160,-0.010809,0.010508,-0.009043,-0.750000,0.750000,1.450000,8.901179,0.000000,0.000000,0.000000,0.000000,-0.171029,0.057079,0.000226,-0.004863
1777058023.598551,-0.776700,0.786478,1.449370,2.634006,-0.001994,-0.011454,0.010461,-0.009005,-0.750000,0.750000,1.450000,8.901179,0.000000,0.000000,0.000000,0.000000,-0.157620,0.055851,0.000218,-0.004727
1777058023.631867,-0.775313,0.784704,1.449363,2.633697,-0.005091,-0.011404,0.010396,-0.009057,-0.750000,0.750000,1.450000,8.901179,0.000000,0.000000,0.000000,0.000000,-0.148771,0.056518,0.000195,-0.004524
1777058023.665361,-0.774443,0.783680,1.449392,2.633395,-0.007323,-0.012001,0.010347,-0.008910,-0.750000,0.750000,1.450000,8.901179,0.000000,0.000000,0.000000,0.000000,-0.134347,0.054198,0.000215,-0.004336
1777058023.698717,-0.773013,0.781729,1.449381,2.633115,-0.010399,-0.011750,0.010264,-0.008886,-0.750000,0.750000,1.450000,8.901179,0.000000,0.000000,0.000000,0.000000,-0.124898,0.054244,0.000163,-0.004175
1777058023.731952,-0.772185,0.780651,1.449382,2.632847,-0.012338,-0.012053,0.010184,-0.008794,-0.750000,0.750000,1.450000,8.901179,0.000000,0.000000,0.000000,0.000000,-0.110072,0.051017,0.000192,-0.004103
1777058023.765200,-0.770777,0.778628,1.449383,2.632590,-0.015270,-0.011648,0.010109,-0.008745,-0.750000,0.750000,1.450000,8.901179,0.000000,0.000000,0.000000,0.000000,-0.101033,0.050521,0.000197,-0.004071
1777058023.798559,-0.769944,0.777479,1.449389,2.632336,-0.017092,-0.011817,0.010032,-0.008660,-0.750000,0.750000,1.450000,8.901179,0.000000,0.000000,0.000000,0.000000,-0.086461,0.046726,0.000202,-0.004073
1777058023.831934,-0.768509,0.775333,1.449394,2.632081,-0.020012,-0.011356,0.009945,-0.008550,-0.750000,0.750000,1.450000,8.901179,0.000000,0.000000,0.000000,0.000000,-0.077534,0.045742,0.000197,-0.004063
1777058023.865250,-0.767607,0.774073,1.449410,2.631822,-0.021872,-0.011622,0.009852,-0.008347,-0.750000,0.750000,1.450000,8.901179,0.000000,0.000000,0.000000,0.000000,-0.062803,0.041287,0.000194,-0.004030
1777058023.898766,-0.767607,0.774073,1.449410,2.631822,-0.021872,-0.011622,0.009852,-0.008347,-0.750000,0.750000,1.450000,8.901179,0.000000,0.000000,0.000000,0.000000,-0.053522,0.039876,0.000168,-0.003963
1777058023.931894,-0.766228,0.771763,1.449392,2.631562,-0.024701,-0.011096,0.009714,-0.008163,-0.750000,0.750000,1.450000,8.901179,0.000000,0.000000,0.000000,0.000000,-0.052661,0.042150,0.000174,-0.005027
1777058023.965283,-0.765483,0.770645,1.449408,2.631307,-0.026142,-0.011259,0.009629,-0.008076,-0.750000,0.750000,1.450000,8.901179,0.000000,0.000000,0.000000,0.000000,-0.038146,0.036430,0.000220,-0.004842
1777058023.998787,-0.764295,0.768562,1.449412,2.631031,-0.028498,-0.010640,0.009532,-0.008115,-0.750000,0.750000,1.450000,8.901179,0.000000,0.000000,0.000000,0.000000,-0.030482,0.035053,0.000197,-0.004679
1777058024.031910,-0.763644,0.767415,1.449406,2.630689,-0.029740,-0.010601,0.009437,-0.008425,-0.750000,0.750000,1.450000,8.901179,0.000000,0.000000,0.000000,0.000000,-0.017883,0.029920,0.000196,-0.004411
1777058024.065284,-0.762040,0.764833,1.449476,2.630051,-0.032561,-0.010390,0.009322,-0.008617,-0.750000,0.750000,1.450000,8.901179,0.000000,0.000000,0.000000,0.000000,-0.010894,0.028054,0.000216,-0.003847
1777058024.098690,-0.762040,0.764833,1.449476,2.630051,-0.032561,-0.010390,0.009322,-0.008617,-0.750000,0.750000,1.450000,8.901179,0.000000,0.000000,0.000000,0.000000,0.004992,0.021639,0.000084,-0.001985
1777058024.132062,-0.760926,0.762084,1.449415,2.629752,-0.034966,-0.009184,0.009123,-0.008555,-0.750000,0.750000,1.450000,8.901179,0.000000,0.000000,0.000000,0.000000,0.005059,0.023754,0.000088,-0.003075
1777058024.165265,-0.760295,0.760877,1.449426,2.629551,-0.036002,-0.009127,0.009031,-0.008300,-0.750000,0.750000,1.450000,8.901179,0.000000,0.000000,0.000000,0.000000,0.018710,0.014851,0.000217,-0.002731
1777058024.198660,-0.759294,0.758743,1.449459,2.629477,-0.037798,-0.008540,0.008924,-0.007647,-0.750000,0.750000,1.450000,8.901179,0.000000,0.000000,0.000000,0.000000,0.025276,0.012557,0.000206,-0.002834
1777058024.231952,-0.758923,0.757711,1.449442,2.629427,-0.038412,-0.008438,0.008803,-0.007046,-0.750000,0.750000,1.450000,8.901179,0.000000,0.000000,0.000000,0.000000,0.036302,0.006558,0.000149,-0.003484
1777058024.265235,-0.758285,0.755991,1.449445,2.629381,-0.039599,-0.007878,0.008694,-0.006474,-0.750000,0.750000,1.450000,8.901179,0.000000,0.000000,0.000000,0.000000,0.040791,0.004416,0.000194,-0.004178
1777058024.298566,-0.757896,0.755015,1.449462,2.629296,-0.040054,-0.007963,0.008603,-0.006060,-0.750000,0.750000,1.450000,8.901179,0.000000,0.000000,0.000000,0.000000,0.048553,-0.000532,0.000198,-0.004831
1777058024.331955,-0.757512,0.753533,1.449458,2.629130,-0.040816,-0.007436,0.008496,-0.005966,-0.750000,0.750000,1.450000,8.901179,0.000000,0.000000,0.000000,0.000000,0.052774,-0.002344,0.000175,-0.005248
1777058024.365215,-0.757210,0.752659,1.449469,2.628884,-0.041045,-0.007588,0.008393,-0.006016,-0.750000,0.750000,1.450000,8.901179,0.000000,0.000000,0.000000,0.000000,0.058367,-0.006824,0.000193,-0.005264
1777058024.398585,-0.756936,0.751302,1.449487,2.628581,-0.041480,-0.007245,0.008294,-0.006196,-0.750000,0.750000,1.450000,8.901179,0.000000,0.000000,0.000000,0.000000,0.061698,-0.008389,0.000182,-0.004906
1777058024.431895,-0.756853,0.750624,1.449482,2.628278,-0.041400,-0.007358,0.008187,-0.006470,-0.750000,0.750000,1.450000,8.901179,0.000000,0.000000,0.000000,0.000000,0.066199,-0.012542,0.000156,-0.004307
1777058024.465292,-0.756853,0.750624,1.449482,2.628278,-0.041400,-0.007358,0.008187,-0.006470,-0.750000,0.750000,1.450000,8.901179,0.000000,0.000000,0.000000,0.000000,0.067700,-0.013751,0.000175,-0.003729
1777058024.498701,-0.756685,0.749334,1.449497,2.627993,-0.041396,-0.007332,0.008044,-0.006344,-0.750000,0.750000,1.450000,8.901179,0.000000,0.000000,0.000000,0.000000,0.066883,-0.011879,0.000184,-0.004523
1777058024.531937,-0.756694,0.748831,1.449500,2.627742,-0.041043,-0.007593,0.007938,-0.006385,-0.750000,0.750000,1.450000,8.901179,0.000000,0.000000,0.000000,0.000000,0.070570,-0.016143,0.000164,-0.003979
1777058024.565243,-0.756854,0.747998,1.449489,2.627424,-0.040802,-0.007332,0.007831,-0.006730,-0.750000,0.750000,1.450000,8.901179,0.000000,0.000000,0.000000,0.000000,0.071001,-0.016850,0.000166,-0.003613
1777058024.598536,-0.756827,0.747479,1.449504,2.627112,-0.040398,-0.007661,0.007723,-0.006799,-0.750000,0.750000,1.450000,8.901179,0.000000,0.000000,0.000000,0.000000,0.071604,-0.019747,0.000199,-0.002949
1777058024.631965,-0.757072,0.746713,1.449514,2.626856,-0.039902,-0.007530,0.007616,-0.006767,-0.750000,0.750000,1.450000,8.901179,0.000000,0.000000,0.000000,0.000000,0.072198,-0.020460,0.000179,-0.002349
1777058024.665371,-0.757072,0.746713,1.449514,2.626856,-0.039902,-0.007530,0.007616,-0.006767,-0.750000,0.750000,1.450000,8.901179,0.000000,0.000000,0.000000,0.000000,0.072076,-0.023261,0.000170,-0.002018
1777058024.698650,-0.757339,0.746226,1.449502,2.626661,-0.039138,-0.007763,0.007470,-0.006520,-0.750000,0.750000,1.450000,8.901179,0.000000,0.000000,0.000000,0.000000,0.071091,-0.021542,0.000179,-0.002832
1777058024.731969,-0.757657,0.745723,1.449500,2.626524,-0.038518,-0.007710,0.007369,-0.006269,-0.750000,0.750000,1.450000,8.901179,0.000000,0.000000,0.000000,0.000000,0.070099,-0.023124,0.000212,-0.002703
1777058024.765199,-0.757838,0.745453,1.449508,2.626390,-0.037901,-0.007961,0.007277,-0.006029,-0.750000,0.750000,1.450000,8.901179,0.000000,0.000000,0.000000,0.000000,0.068884,-0.024956,0.000228,-0.002827
1777058024.798718,-0.758231,0.744994,1.449523,2.626197,-0.037057,-0.008016,0.007173,-0.005883,-0.750000,0.750000,1.450000,8.901179,0.000000,0.000000,0.000000,0.000000,0.067688,-0.025202,0.000223,-0.002943
1777058024.831897,-0.758546,0.744808,1.449509,2.625994,-0.036297,-0.008222,0.007059,-0.005902,-0.750000,0.750000,1.450000,8.901179,0.000000,0.000000,0.000000,0.000000,0.065927,-0.027060,0.000203,-0.002774
1777058024.865308,-0.759066,0.744504,1.449521,2.625784,-0.035337,-0.008255,0.006966,-0.005866,-0.750000,0.750000,1.450000,8.901179,0.000000,0.000000,0.000000,0.000000,0.063777,-0.027303,0.000243,-0.002555
1777058024.898778,-0.759354,0.744351,1.449526,2.625592,-0.034512,-0.008571,0.006858,-0.005768,-0.750000,0.750000,1.450000,8.901179,0.000000,0.000000,0.000000,0.000000,0.060923,-0.028781,0.000229,-0.002303
1777058024.931917,-0.760001,0.744203,1.449515,2.625425,-0.033442,-0.008578,0.006751,-0.005694,-0.750000,0.750000,1.450000,8.901179,0.000000,0.000000,0.000000,0.000000,0.058818,-0.028819,0.000230,-0.002135
1777058024.965273,-0.760346,0.744131,1.449520,2.625279,-0.032640,-0.008817,0.006662,-0.005565,-0.750000,0.750000,1.450000,8.901179,0.000000,0.000000,0.000000,0.000000,0.054881,-0.029921,0.000265,-0.002076
1777058024.998588,-0.760973,0.744078,1.449524,2.625145,-0.031546,-0.008915,0.006569,-0.005397,-0.750000,0.750000,1.450000,8.901179,0.000000,0.000000,0.000000,0.000000,0.052304,-0.029789,0.000267,-0.002096
1777058025.031930,-0.761321,0.744058,1.449525,2.625015,-0.030705,-0.009208,0.006469,-0.005222,-0.750000,0.750000,1.450000,8.901179,0.000000,0.000000,0.000000,0.000000,0.048244,-0.030423,0.000271,-0.002158
1777058025.065337,-0.761321,0.744058,1.449525,2.625015,-0.030705,-0.009208,0.006469,-0.005222,-0.750000,0.750000,1.450000,8.901179,0.000000,0.000000,0.000000,0.000000,0.045545,-0.030102,0.000280,-0.002217
1777058025.098562,-0.762081,0.744120,1.449527,2.624879,-0.029335,-0.009433,0.006350,-0.005014,-0.750000,0.750000,1.450000,8.901179,0.000000,0.000000,0.000000,0.000000,0.044680,-0.028794,0.000290,-0.002833
1777058025.131920,-0.762386,0.744154,1.449536,2.624741,-0.028546,-0.009758,0.006259,-0.004904,-0.750000,0.750000,1.450000,8.901179,0.000000,0.000000,0.000000,0.000000,0.039721,-0.029407,0.000299,-0.002790
1777058025.165232,-0.763041,0.744293,1.449530,2.624583,-0.027427,-0.009915,0.006163,-0.004924,-0.750000,0.750000,1.450000,8.901179,0.000000,0.000000,0.000000,0.000000,0.037205,-0.028855,0.000291,-0.002723
1777058025.198653,-0.763425,0.744382,1.449534,2.624387,-0.026658,-0.010128,0.006090,-0.005135,-0.750000,0.750000,1.450000,8.901179,0.000000,0.000000,0.000000,0.000000,0.032614,-0.028834,0.000315,-0.002565
1777058025.232028,-0.763955,0.744599,1.449587,2.624004,-0.025270,-0.010770,0.005974,-0.005227,-0.750000,0.750000,1.450000,8.901179,0.000000,0.000000,0.000000,0.000000,0.029611,-0.028326,0.000317,-0.002225
1777058025.265243,-0.764890,0.744936,1.449570,2.623830,-0.023820,-0.010925,0.005864,-0.005248,-0.750000,0.750000,1.450000,8.901179,0.000000,0.000000,0.000000,0.000000,0.025442,-0.027554,0.000220,-0.001066
1777058025.298531,-0.765331,0.745119,1.449572,2.623710,-0.022935,-0.011216,0.005769,-0.005069,-0.750000,0.750000,1.450000,8.901179,0.000000,0.000000,0.000000,0.000000,0.018897,-0.027403,0.000263,-0.000907
1777058025.331935,-0.765580,0.745226,1.449569,2.623672,-0.022310,-0.011506,0.005674,-0.004677,-0.750000,0.750000,1.450000,8.901179,0.000000,0.000000,0.000000,0.000000,0.015389,-0.026639,0.000269,-0.000986
1777058025.365301,-0.766102,0.745507,1.449567,2.623647,-0.021323,-0.011800,0.005578,-0.004286,-0.750000,0.750000,1.450000,8.901179,0.000000,0.000000,0.000000,0.000000,0.013115,-0.025739,0.000284,-0.001413
1777058025.398678,-0.766102,0.745507,1.449567,2.623647,-0.021323,-0.011800,0.005578,-0.004286,-0.750000,0.750000,1.450000,8.901179,0.000000,0.000000,0.000000,0.000000,0.008962,-0.024799,0.000299,-0.001853
1777058025.431922,-0.766871,0.745936,1.449570,2.623603,-0.019998,-0.012127,0.005474,-0.003972,-0.750000,0.750000,1.450000,8.901179,0.000000,0.000000,0.000000,0.000000,0.008391,-0.023872,0.000308,-0.002359
1777058025.465365,-0.767131,0.746144,1.449584,2.623516,-0.019330,-0.012478,0.005391,-0.003817,-0.750000,0.750000,1.450000,8.901179,0.000000,0.000000,0.000000,0.000000,0.002637,-0.023017,0.000314,-0.002625
1777058025.498674,-0.767600,0.746508,1.449600,2.623384,-0.018378,-0.012850,0.005310,-0.003799,-0.750000,0.750000,1.450000,8.901179,0.000000,0.000000,0.000000,0.000000,0.000166,-0.021840,0.000296,-0.002672
1777058025.531890,-0.767892,0.746708,1.449600,2.623210,-0.017747,-0.013108,0.005223,-0.003965,-0.750000,0.750000,1.450000,8.901179,0.000000,0.000000,0.000000,0.000000,-0.003806,-0.020510,0.000271,-0.002500
1777058025.565246,-0.768298,0.747056,1.449599,2.623015,-0.016929,-0.013434,0.005135,-0.004179,-0.750000,0.750000,1.450000,8.901179,0.000000,0.000000,0.000000,0.000000,-0.006362,-0.019550,0.000280,-0.002146
1777058025.598696,-0.768527,0.747260,1.449613,2.622820,-0.016378,-0.013705,0.005065,-0.004362,-0.750000,0.750000,1.450000,8.901179,0.000000,0.000000,0.000000,0.000000,-0.009910,-0.018203,0.000290,-0.001707
1777058025.631927,-0.768839,0.747611,1.449623,2.622646,-0.015651,-0.014077,0.004981,-0.004413,-0.750000,0.750000,1.450000,8.901179,0.000000,0.000000,0.000000,0.000000,-0.012102,-0.017118,0.000272,-0.001289
1777058025.665364,-0.769052,0.747795,1.449617,2.622511,-0.015165,-0.014290,0.004896,-0.004426,-0.750000,0.750000,1.450000,8.901179,0.000000,0.000000,0.000000,0.000000,-0.015130,-0.015554,0.000260,-0.000977
1777058025.698655,-0.769287,0.748109,1.449631,2.622414,-0.014576,-0.014618,0.004827,-0.004284,-0.750000,0.750000,1.450000,8.901179,0.000000,0.000000,0.000000,0.000000,-0.017136,-0.014608,0.000279,-0.000851
1777058025.731992,-0.769376,0.748325,1.449650,2.622349,-0.014140,-0.014957,0.004739,-0.004006,-0.750000,0.750000,1.450000,8.901179,0.000000,0.000000,0.000000,0.000000,-0.019617,-0.013092,0.000260,-0.000892
1777058025.765252,-0.769584,0.748598,1.449640,2.622297,-0.013621,-0.015224,0.004646,-0.003770,-0.750000,0.750000,1.450000,8.901179,0.000000,0.000000,0.000000,0.000000,-0.021052,-0.011683,0.000230,-0.001064
1777058025.798615,-0.769679,0.748760,1.449651,2.622238,-0.013273,-0.015437,0.004575,-0.003568,-0.750000,0.750000,1.450000,8.901179,0.000000,0.000000,0.000000,0.000000,-0.023252,-0.010371,0.000256,-0.001268
1777058025.831958,-0.769768,0.749003,1.449655,2.622163,-0.012893,-0.015717,0.004497,-0.003437,-0.750000,0.750000,1.450000,8.901179,0.000000,0.000000,0.000000,0.000000,-0.024536,-0.009335,0.000241,-0.001418
1777058025.865303,-0.769838,0.749130,1.449652,2.622072,-0.012619,-0.015871,0.004420,-0.003403,-0.750000,0.750000,1.450000,8.901179,0.000000,0.000000,0.000000,0.000000,-0.026007,-0.007902,0.000241,-0.001478
1777058025.898646,-0.769840,0.749327,1.449663,2.621964,-0.012364,-0.016125,0.004357,-0.003405,-0.750000,0.750000,1.450000,8.901179,0.000000,0.000000,0.000000,0.000000,-0.027035,-0.007049,0.000256,-0.001449
1777058025.932002,-0.769841,0.749444,1.449669,2.621845,-0.012156,-0.016287,0.004286,-0.003432,-0.750000,0.750000,1.450000,8.901179,0.000000,0.000000,0.000000,0.000000,-0.027905,-0.005667,0.000240,-0.001335
1777058025.965234,-0.769754,0.749604,1.449673,2.621725,-0.011996,-0.016533,0.004208,-0.003430,-0.750000,0.750000,1.450000,8.901179,0.000000,0.000000,0.000000,0.000000,-0.028534,-0.004736,0.000237,-0.001175
1777058025.998628,-0.769733,0.749683,1.449681,2.621613,-0.011834,-0.016646,0.004142,-0.003437,-0.750000,0.750000,1.450000,8.901179,0.000000,0.000000,0.000000,0.000000,-0.028839,-0.003351,0.000234,-0.001007
1777058026.031939,-0.769441,0.749862,1.449711,2.621437,-0.011756,-0.017000,0.004040,-0.003387,-0.750000,0.750000,1.450000,8.901179,0.000000,0.000000,0.000000,0.000000,-0.029241,-0.002613,0.000226,-0.000880
1777058026.065207,-0.769322,0.749876,1.449701,2.621367,-0.011732,-0.017076,0.003959,-0.003277,-0.750000,0.750000,1.450000,8.901179,0.000000,0.000000,0.000000,0.000000,-0.028570,-0.000591,0.000173,-0.000460
1777058026.098752,-0.769322,0.749876,1.449701,2.621367,-0.011732,-0.017076,0.003959,-0.003277,-0.750000,0.750000,1.450000,8.901179,0.000000,0.000000,0.000000,0.000000,-0.028307,0.000028,0.000200,-0.000542
1777058026.131895,-0.768833,0.749951,1.449724,2.621302,-0.011854,-0.017379,0.003838,-0.003045,-0.750000,0.750000,1.450000,8.901179,0.000000,0.000000,0.000000,0.000000,-0.028584,0.000204,0.000206,-0.000915
1777058026.165215,-0.768806,0.749904,1.449713,2.621266,-0.011769,-0.017316,0.003760,-0.002863,-0.750000,0.750000,1.450000,8.901179,0.000000,0.000000,0.000000,0.000000,-0.026621,0.002184,0.000164,-0.000964
