time,x,y,z,yaw,linx,liny,linz,yaw_rate,xd,yd,zd,yawd,vxd,vyd,vzd,wyawd,cmd_linx,cmd_liny,cmd_linz,cmd_angz
1777059689.935766,-0.749687,-0.763969,1.850297,-3.140664,0.000930,-0.026636,-0.003670,-0.000408,-0.750000,-0.750000,1.850000,3.141593,0.000000,0.000000,0.000000,0.000000,0.000304,-0.000475,-0.000172,-0.000245
1777059689.969169,-0.749687,-0.763969,1.850297,-3.140664,0.000930,-0.026636,-0.003670,-0.000408,-0.750000,-0.750000,1.850000,3.141593,0.000000,0.000000,0.000000,0.000000,0.000302,-0.000307,-0.000178,-0.000244
1777059690.002434,-0.749682,-0.763886,1.850296,-3.140685,0.000923,-0.026258,-0.003576,-0.000417,-0.750000,-0.750000,1.850000,3.141593,0.000000,0.000000,0.000000,0.000000,0.000268,-0.001159,-0.000189,-0.000336
1777059690.035857,-0.749679,-0.763751,1.850286,-3.140706,0.000917,-0.026048,-0.003519,-0.000436,-0.750000,-0.750000,1.850000,3.141593,0.000000,0.000000,0.000000,0.000000,0.000266,-0.001296,-0.000200,-0.000323
1777059690.069161,-0.749682,-0.763545,1.850266,-3.140728,0.000916,-0.025706,-0.003434,-0.000436,-0.750000,-0.750000,1.850000,3.141593,0.000000,0.000000,0.000000,0.000000,0.000258,-0.001000,-0.000190,-0.000316
1777059690.102459,-0.749676,-0.763477,1.850275,-3.140751,0.000906,-0.025381,-0.003348,-0.000454,-0.750000,-0.750000,1.850000,3.141593,0.000000,0.000000,0.000000,0.000000,0.000215,-0.000169,-0.000160,-0.000296
1777059690.135795,-0.749674,-0.763414,1.850276,-3.140773,0.000901,-0.025022,-0.003267,-0.000465,-0.750000,-0.750000,1.850000,3.141593,0.000000,0.000000,0.000000,0.000000,0.000232,-0.000504,-0.000187,-0.000275
1777059690.169082,-0.749674,-0.763414,1.850276,-3.140773,0.000901,-0.025022,-0.003267,-0.000465,-0.750000,-0.750000,1.850000,3.141593,0.000000,0.000000,0.000000,0.000000,0.000222,-0.000850,-0.000200,-0.000256
1777059690.202410,-0.749666,-0.763400,1.850277,-3.140793,0.000889,-0.024634,-0.003192,-0.000472,-0.750000,-0.750000,1.850000,3.141593,0.000000,0.000000,0.000000,0.000000,0.000199,-0.001655,-0.000209,-0.000336
1777059690.235813,-0.749668,-0.763236,1.850265,-3.140812,0.000886,-0.024364,-0.003127,-0.000469,-0.750000,-0.750000,1.850000,3.141593,0.000000,0.000000,0.000000,0.000000,0.000229,-0.002296,-0.000221,-0.000317
1777059690.269063,-0.749666,-0.763084,1.850254,-3.140834,0.000879,-0.024102,-0.003064,-0.000480,-0.750000,-0.750000,1.850000,3.141593,0.000000,0.000000,0.000000,0.000000,0.000195,-0.001701,-0.000205,-0.000307
1777059690.302490,-0.749664,-0.763019,1.850251,-3.140858,0.000872,-0.023749,-0.002994,-0.000493,-0.750000,-0.750000,1.850000,3.141593,0.000000,0.000000,0.000000,0.000000,0.000193,-0.001242,-0.000192,-0.000276
1777059690.335667,-0.749664,-0.763019,1.850251,-3.140858,0.000872,-0.023749,-0.002994,-0.000493,-0.750000,-0.750000,1.850000,3.141593,0.000000,0.000000,0.000000,0.000000,0.000187,-0.001518,-0.000193,-0.000242
1777059690.369112,-0.749659,-0.762922,1.850255,-3.140880,0.000861,-0.023367,-0.002906,-0.000492,-0.750000,-0.750000,1.850000,3.141593,0.000000,0.000000,0.000000,0.000000,0.000170,-0.002271,-0.000200,-0.000313
1777059690.402448,-0.749659,-0.762819,1.850243,-3.140899,0.000855,-0.023054,-0.002850,-0.000491,-0.750000,-0.750000,1.850000,3.141593,0.000000,0.000000,0.000000,0.000000,0.000187,-0.002206,-0.000216,-0.000277
1777059690.435991,-0.749656,-0.762708,1.850243,-3.140916,0.000847,-0.022813,-0.002790,-0.000494,-0.750000,-0.750000,1.850000,3.141593,0.000000,0.000000,0.000000,0.000000,0.000172,-0.002101,-0.000198,-0.000260
1777059690.469015,-0.749656,-0.762708,1.850243,-3.140916,0.000847,-0.022813,-0.002790,-0.000494,-0.750000,-0.750000,1.850000,3.141593,0.000000,0.000000,0.000000,0.000000,0.000180,-0.001941,-0.000206,-0.000246
1777059690.502386,-0.749656,-0.762708,1.850243,-3.140916,0.000847,-0.022813,-0.002790,-0.000494,-0.750000,-0.750000,1.850000,3.141593,0.000000,0.000000,0.000000,0.000000,0.000180,-0.001941,-0.000206,-0.000246
1777059690.535836,-0.749656,-0.762708,1.850243,-3.140916,0.000847,-0.022813,-0.002790,-0.000494,-0.750000,-0.750000,1.850000,3.141593,0.000000,0.000000,0.000000,0.000000,0.000180,-0.001941,-0.000206,-0.000246
1777059690.569015,-0.749656,-0.762708,1.850243,-3.140916,0.000847,-0.022813,-0.002790,-0.000494,-0.750000,-0.750000,1.850000,3.141593,0.000000,0.000000,0.000000,0.000000,0.000180,-0.001941,-0.000206,-0.000246
1777059690.602390,-0.749656,-0.762708,1.850243,-3.140916,0.000847,-0.022813,-0.002790,-0.000494,-0.750000,-0.750000,1.850000,3.141593,0.000000,0.000000,0.000000,0.000000,0.000180,-0.001941,-0.000206,-0.000246
1777059690.635831,-0.749656,-0.762708,1.850243,-3.140916,0.000847,-0.022813,-0.002790,-0.000494,-0.750000,-0.750000,1.850000,3.141593,0.000000,0.000000,0.000000,0.000000,0.000180,-0.001941,-0.000206,-0.000246
1777059690.669022,-0.749656,-0.762708,1.850243,-3.140916,0.000847,-0.022813,-0.002790,-0.000494,-0.750000,-0.750000,1.850000,3.141593,0.000000,0.000000,0.000000,0.000000,0.000180,-0.001941,-0.000206,-0.000246
1777059690.702368,-0.749656,-0.762708,1.850243,-3.140916,0.000847,-0.022813,-0.002790,-0.000494,-0.750000,-0.750000,1.850000,3.141593,0.000000,0.000000,0.000000,0.000000,0.000180,-0.001941,-0.000206,-0.000246
1777059690.735841,-0.749656,-0.762708,1.850243,-3.140916,0.000847,-0.022813,-0.002790,-0.000494,-0.750000,-0.750000,1.850000,3.141593,0.000000,0.000000,0.000000,0.000000,0.000180,-0.001941,-0.000206,-0.000246
1777059690.769021,-0.749656,-0.762708,1.850243,-3.140916,0.000847,-0.022813,-0.002790,-0.000494,-0.750000,-0.750000,1.850000,3.141593,0.000000,0.000000,0.000000,0.000000,0.000180,-0.001941,-0.000206,-0.000246
1777059690.802412,-0.746879,-0.761609,1.845044,-3.097218,-0.002531,-0.020191,-0.008161,0.119234,0.750000,-0.750000,1.250000,3.665191,0.000000,0.000000,0.000000,0.000000,-0.343595,0.006244,-0.468667,0.256821
1777059690.835788,-0.745419,-0.761521,1.828683,-3.077003,-0.005005,-0.019790,-0.027910,0.153318,0.750000,-0.750000,1.250000,3.665191,0.000000,0.000000,0.000000,0.000000,-0.378847,0.007860,-0.521800,0.288141
1777059690.869088,-0.742193,-0.761337,1.819810,-3.056325,-0.009048,-0.019459,-0.037737,0.197566,0.750000,-0.750000,1.250000,3.665191,0.000000,0.000000,0.000000,0.000000,-0.409975,0.011387,-0.569620,0.293686
1777059690.902380,-0.740244,-0.761189,1.814699,-3.034122,-0.011262,-0.019025,-0.042434,0.228772,0.750000,-0.750000,1.250000,3.665191,0.000000,0.000000,0.000000,0.000000,-0.437165,0.016722,-0.612658,0.295194
1777059690.935692,-0.735107,-0.760952,1.784475,-3.012219,-0.018501,-0.018447,-0.077516,0.260111,0.750000,-0.750000,1.250000,3.665191,0.000000,0.000000,0.000000,0.000000,-0.461783,0.022827,-0.651392,0.291042
1777059690.968998,-0.732400,-0.760835,1.769434,-2.990490,-0.021906,-0.017896,-0.093068,0.289277,0.750000,-0.750000,1.250000,3.665191,0.000000,0.000000,0.000000,0.000000,-0.482456,0.030442,-0.673190,0.283636
1777059691.002475,-0.726165,-0.760597,1.762487,-2.969925,-0.028800,-0.017002,-0.098556,0.326057,0.750000,-0.750000,1.250000,3.665191,0.000000,0.000000,0.000000,0.000000,-0.501523,0.037977,-0.700957,0.272842
1777059691.035831,-0.722720,-0.760449,1.726827,-2.949864,-0.034108,-0.016509,-0.139321,0.355674,0.750000,-0.750000,1.250000,3.665191,0.000000,0.000000,0.000000,0.000000,-0.516965,0.046945,-0.730861,0.260628
1777059691.069092,-0.722720,-0.760449,1.726827,-2.949864,-0.034108,-0.016509,-0.139321,0.355674,0.750000,-0.750000,1.250000,3.665191,0.000000,0.000000,0.000000,0.000000,-0.531308,0.055870,-0.728675,0.246055
1777059691.102391,-0.713953,-0.760045,1.699942,-2.930235,-0.044212,-0.015012,-0.165132,0.360251,0.750000,-0.750000,1.250000,3.665191,0.000000,0.000000,0.000000,0.000000,-0.545449,0.062980,-0.755808,0.271960
1777059691.135890,-0.709771,-0.759853,1.692817,-2.913181,-0.048048,-0.014079,-0.168202,0.370148,0.750000,-0.750000,1.250000,3.665191,0.000000,0.000000,0.000000,0.000000,-0.554200,0.073289,-0.752429,0.252445
1777059691.169031,-0.700579,-0.759490,1.653241,-2.896398,-0.059351,-0.012466,-0.211042,0.382002,0.750000,-0.750000,1.250000,3.665191,0.000000,0.000000,0.000000,0.000000,-0.563327,0.082421,-0.765904,0.236275
1777059691.202334,-0.695086,-0.759214,1.630803,-2.879755,-0.064823,-0.011321,-0.230156,0.382484,0.750000,-0.750000,1.250000,3.665191,0.000000,0.000000,0.000000,0.000000,-0.568868,0.092712,-0.738485,0.218393
1777059691.235817,-0.684355,-0.758837,1.620764,-2.865228,-0.075501,-0.008749,-0.234736,0.386528,0.750000,-0.750000,1.250000,3.665191,0.000000,0.000000,0.000000,0.000000,-0.574560,0.102739,-0.725307,0.198557
1777059691.269023,-0.678155,-0.758575,1.576985,-2.851839,-0.082444,-0.007689,-0.279434,0.380590,0.750000,-0.750000,1.250000,3.665191,0.000000,0.000000,0.000000,0.000000,-0.576977,0.112988,-0.724654,0.182613
1777059691.302387,-0.666370,-0.758220,1.556840,-2.840594,-0.094427,-0.004700,-0.295509,0.377896,0.750000,-0.750000,1.250000,3.665191,0.000000,0.000000,0.000000,0.000000,-0.580196,0.122689,-0.674695,0.168189
1777059691.335798,-0.659760,-0.757990,1.546034,-2.830338,-0.099783,-0.002986,-0.299624,0.370893,0.750000,-0.750000,1.250000,3.665191,0.000000,0.000000,0.000000,0.000000,-0.580170,0.132220,-0.652111,0.158762
1777059691.369015,-0.646452,-0.757613,1.507823,-2.821147,-0.113799,0.000345,-0.336927,0.361601,0.750000,-0.750000,1.250000,3.665191,0.000000,0.000000,0.000000,0.000000,-0.581617,0.141048,-0.641038,0.150984
1777059691.402411,-0.638945,-0.757387,1.487439,-2.812581,-0.120074,0.002216,-0.351532,0.351163,0.750000,-0.750000,1.250000,3.665191,0.000000,0.000000,0.000000,0.000000,-0.579283,0.149853,-0.584354,0.145299
1777059691.435783,-0.624159,-0.757031,1.476611,-2.804450,-0.133416,0.006711,-0.353346,0.340126,0.750000,-0.750000,1.250000,3.665191,0.000000,0.000000,0.000000,0.000000,-0.579003,0.157854,-0.551698,0.140377
1777059691.774804,-0.624159,-0.757031,1.476611,-2.804450,-0.133416,0.006711,-0.353346,0.340126,0.750000,-0.750000,1.250000,3.665191,0.000000,0.000000,0.000000,0.000000,-0.574799,0.165440,-0.533250,0.135678
1777059691.802350,-0.483083,-0.755227,1.312035,-2.730571,-0.237998,0.050761,-0.415208,0.247831,0.750000,-0.750000,1.250000,3.665191,0.000000,0.000000,0.000000,0.000000,-0.526309,0.212069,-0.211731,0.075475
1777059691.835790,-0.472693,-0.755215,1.304843,-2.726310,-0.242943,0.053905,-0.411429,0.236557,0.750000,-0.750000,1.250000,3.665191,0.000000,0.000000,0.000000,0.000000,-0.515143,0.212681,-0.173162,0.073110
1777059691.869007,-0.451664,-0.755195,1.300822,-2.722382,-0.258230,0.061772,-0.402704,0.224688,0.750000,-0.750000,1.250000,3.665191,0.000000,0.000000,0.000000,0.000000,-0.510269,0.215065,-0.152263,0.073598
1777059691.902378,-0.440419,-0.755201,1.290875,-2.718563,-0.263866,0.065164,-0.403065,0.214875,0.750000,-0.750000,1.250000,3.665191,0.000000,0.000000,0.000000,0.000000,-0.498470,0.214176,-0.138051,0.074574
1777059691.935664,-0.417978,-0.755218,1.284994,-2.714468,-0.279882,0.073552,-0.396527,0.205462,0.750000,-0.750000,1.250000,3.665191,0.000000,0.000000,0.000000,0.000000,-0.492930,0.215668,-0.112130,0.075133
1777059691.969004,-0.406084,-0.755257,1.282672,-2.710279,-0.285306,0.077280,-0.387692,0.198944,0.750000,-0.750000,1.250000,3.665191,0.000000,0.000000,0.000000,0.000000,-0.479515,0.213273,-0.094462,0.073725
1777059692.002330,-0.383082,-0.755338,1.276344,-2.705878,-0.301571,0.085973,-0.382723,0.192706,0.750000,-0.750000,1.250000,3.665191,0.000000,0.000000,0.000000,0.000000,-0.473457,0.213915,-0.084344,0.071258
1777059692.035769,-0.369920,-0.755355,1.273093,-2.701551,-0.307002,0.089873,-0.374243,0.186649,0.750000,-0.750000,1.250000,3.665191,0.000000,0.000000,0.000000,0.000000,-0.458925,0.210098,-0.066511,0.067314
1777059692.069109,-0.345955,-0.755494,1.271547,-2.697411,-0.323130,0.099008,-0.363453,0.180552,0.750000,-0.750000,1.250000,3.665191,0.000000,0.000000,0.000000,0.000000,-0.451615,0.210137,-0.055147,0.063211
1777059692.102491,-0.332435,-0.755543,1.268483,-2.693561,-0.328096,0.102854,-0.355076,0.174090,0.750000,-0.750000,1.250000,3.665191,0.000000,0.000000,0.000000,0.000000,-0.435511,0.204728,-0.047675,0.059458
1777059692.135849,-0.306071,-0.755683,1.266414,-2.689944,-0.344146,0.112414,-0.343112,0.165829,0.750000,-0.750000,1.250000,3.665191,0.000000,0.000000,0.000000,0.000000,-0.427823,0.204058,-0.037547,0.056511
1777059692.169054,-0.291274,-0.755750,1.265512,-2.686626,-0.346891,0.115765,-0.329306,0.156984,0.750000,-0.750000,1.250000,3.665191,0.000000,0.000000,0.000000,0.000000,-0.408443,0.196688,-0.029804,0.054081
1777059692.202392,-0.291274,-0.755750,1.265512,-2.686626,-0.346891,0.115765,-0.329306,0.156984,0.750000,-0.750000,1.250000,3.665191,0.000000,0.000000,0.000000,0.000000,-0.399610,0.194954,-0.024854,0.052442
1777059692.235778,-0.267849,-0.756209,1.266419,-2.683594,-0.360058,0.124426,-0.316012,0.149782,0.750000,-0.750000,1.250000,3.665191,0.000000,0.000000,0.000000,0.000000,-0.404922,0.200511,-0.022000,0.064809
1777059692.269155,-0.254228,-0.756212,1.265546,-2.680646,-0.363626,0.127761,-0.305998,0.143516,0.750000,-0.750000,1.250000,3.665191,0.000000,0.000000,0.000000,0.000000,-0.387888,0.190699,-0.021469,0.062668
1777059692.302355,-0.226872,-0.756416,1.264893,-2.677374,-0.378809,0.137334,-0.293541,0.137221,0.750000,-0.750000,1.250000,3.665191,0.000000,0.000000,0.000000,0.000000,-0.379306,0.189266,-0.017736,0.060498
1777059692.335829,-0.213998,-0.756661,1.265420,-2.673423,-0.381457,0.140440,-0.282864,0.135800,0.750000,-0.750000,1.250000,3.665191,0.000000,0.000000,0.000000,0.000000,-0.355776,0.178289,-0.014760,0.056519
1777059692.369044,-0.189676,-0.756966,1.266021,-2.669517,-0.396440,0.149746,-0.273090,0.135673,0.750000,-0.750000,1.250000,3.665191,0.000000,0.000000,0.000000,0.000000,-0.348984,0.175405,-0.014467,0.049309
1777059692.402469,-0.174226,-0.757046,1.265914,-2.665673,-0.399980,0.153351,-0.262769,0.132902,0.750000,-0.750000,1.250000,3.665191,0.000000,0.000000,0.000000,0.000000,-0.327792,0.164603,-0.014632,0.042263
1777059692.435784,-0.149026,-0.757365,1.266550,-2.662401,-0.415159,0.162955,-0.253474,0.130774,0.750000,-0.750000,1.250000,3.665191,0.000000,0.000000,0.000000,0.000000,-0.316854,0.161132,-0.013637,0.035418
1777059692.469133,-0.105450,-0.757511,1.265118,-2.657548,-0.436597,0.177122,-0.237786,0.125477,0.750000,-0.750000,1.250000,3.665191,0.000000,0.000000,0.000000,0.000000,-0.292949,0.148553,-0.014360,0.031060
1777059692.502364,-0.091360,-0.757921,1.266709,-2.655924,-0.438814,0.180363,-0.227708,0.118122,0.750000,-0.750000,1.250000,3.665191,0.000000,0.000000,0.000000,0.000000,-0.239701,0.121921,-0.011171,0.019385
1777059692.535785,-0.064287,-0.758243,1.267294,-2.654808,-0.453164,0.189966,-0.218642,0.109684,0.750000,-0.750000,1.250000,3.665191,0.000000,0.000000,0.000000,0.000000,-0.232728,0.117187,-0.014234,0.022328
1777059692.569015,-0.048952,-0.758356,1.267696,-2.654333,-0.454946,0.192759,-0.209950,0.100093,0.750000,-0.750000,1.250000,3.665191,0.000000,0.000000,0.000000,0.000000,-0.202805,0.100923,-0.015487,0.026871
1777059692.602445,-0.022176,-0.758729,1.267715,-2.653527,-0.468147,0.201749,-0.201805,0.092443,0.750000,-0.750000,1.250000,3.665191,0.000000,0.000000,0.000000,0.000000,-0.192222,0.096693,-0.016518,0.033534
1777059692.635790,-0.007984,-0.758951,1.268021,-2.652163,-0.469329,0.204101,-0.194136,0.087460,0.750000,-0.750000,1.250000,3.665191,0.000000,0.000000,0.000000,0.000000,-0.160475,0.078530,-0.016885,0.037889
1777059692.669039,-0.007984,-0.758951,1.268021,-2.652163,-0.469329,0.204101,-0.194136,0.087460,0.750000,-0.750000,1.250000,3.665191,0.000000,0.000000,0.000000,0.000000,-0.152121,0.074216,-0.017911,0.039112
1777059692.702479,0.018576,-0.759431,1.268619,-2.650108,-0.480302,0.212181,-0.184955,0.084137,0.750000,-0.750000,1.250000,3.665191,0.000000,0.000000,0.000000,0.000000,-0.170527,0.086195,-0.018292,0.046068
1777059692.735689,0.034331,-0.759457,1.267839,-2.647672,-0.480239,0.213877,-0.177850,0.082159,0.750000,-0.750000,1.250000,3.665191,0.000000,0.000000,0.000000,0.000000,-0.135042,0.064583,-0.019984,0.043064
1777059692.769009,0.060489,-0.759787,1.267725,-2.644972,-0.491307,0.221728,-0.170427,0.081518,0.750000,-0.750000,1.250000,3.665191,0.000000,0.000000,0.000000,0.000000,-0.120644,0.058548,-0.018949,0.038222
1777059692.802359,0.079790,-0.759853,1.266892,-2.639084,-0.485397,0.221079,-0.159264,0.083339,0.750000,-0.750000,1.250000,3.665191,0.000000,0.000000,0.000000,0.000000,-0.083098,0.036923,-0.019273,0.032199
1777059692.835721,0.079790,-0.759853,1.266892,-2.639084,-0.485397,0.221079,-0.159264,0.083339,0.750000,-0.750000,1.250000,3.665191,0.000000,0.000000,0.000000,0.000000,-0.060471,0.025833,-0.018215,0.011906
1777059692.869116,0.110357,-0.760432,1.267411,-2.636606,-0.497796,0.230401,-0.150942,0.081148,0.750000,-0.750000,1.250000,3.665191,0.000000,0.000000,0.000000,0.000000,-0.084079,0.040785,-0.018744,0.019053
1777059692.902374,0.137178,-0.760612,1.267412,-2.635158,-0.509420,0.238611,-0.144966,0.077315,0.750000,-0.750000,1.250000,3.665191,0.000000,0.000000,0.000000,0.000000,-0.031749,0.008022,-0.020396,0.014272
1777059692.935836,0.154568,-0.760643,1.266391,-2.635091,-0.507085,0.239361,-0.138649,0.069738,0.750000,-0.750000,1.250000,3.665191,0.000000,0.000000,0.000000,0.000000,0.013594,-0.017149,-0.021044,0.014103
1777059692.969075,0.178315,-0.760939,1.266548,-2.635445,-0.515424,0.245880,-0.133204,0.061702,0.750000,-0.750000,1.250000,3.665191,0.000000,0.000000,0.000000,0.000000,0.033504,-0.026950,-0.019628,0.019794
1777059693.002420,0.192254,-0.761068,1.266570,-2.635754,-0.512232,0.245875,-0.127258,0.054697,0.750000,-0.750000,1.250000,3.665191,0.000000,0.000000,0.000000,0.000000,0.071908,-0.049787,-0.020560,0.026709
1777059693.035831,0.216160,-0.761311,1.265737,-2.635488,-0.518663,0.251307,-0.122754,0.049938,0.750000,-0.750000,1.250000,3.665191,0.000000,0.000000,0.000000,0.000000,0.081449,-0.055055,-0.021249,0.032706
1777059693.069060,0.228080,-0.761509,1.265478,-2.634449,-0.514561,0.250619,-0.117769,0.047979,0.750000,-0.750000,1.250000,3.665191,0.000000,0.000000,0.000000,0.000000,0.123133,-0.079484,-0.020187,0.035484
1777059693.102367,0.249642,-0.761753,1.265361,-2.632780,-0.520240,0.255363,-0.112998,0.048131,0.750000,-0.750000,1.250000,3.665191,0.000000,0.000000,0.000000,0.000000,0.125917,-0.081805,-0.020252,0.034393
1777059693.135772,0.260153,-0.761913,1.264633,-2.630861,-0.517094,0.254957,-0.109712,0.049974,0.750000,-0.750000,1.250000,3.665191,0.000000,0.000000,0.000000,0.000000,0.162407,-0.103544,-0.020596,0.030342
1777059693.168990,0.281357,-0.762047,1.264059,-2.628952,-0.522494,0.259428,-0.105794,0.050720,0.750000,-0.750000,1.250000,3.665191,0.000000,0.000000,0.000000,0.000000,0.160935,-0.103150,-0.019670,0.025241
1777059693.202329,0.292140,-0.762147,1.264010,-2.627430,-0.519095,0.258811,-0.101737,0.050771,0.750000,-0.750000,1.250000,3.665191,0.000000,0.000000,0.000000,0.000000,0.199269,-0.125142,-0.019008,0.020309
1777059693.235770,0.311908,-0.762254,1.263009,-2.626294,-0.523680,0.262765,-0.098803,0.049293,0.750000,-0.750000,1.250000,3.665191,0.000000,0.000000,0.000000,0.000000,0.199360,-0.125205,-0.019389,0.017238
1777059693.268995,0.323824,-0.762266,1.262585,-2.625551,-0.518855,0.261444,-0.094863,0.046497,0.750000,-0.750000,1.250000,3.665191,0.000000,0.000000,0.000000,0.000000,0.234752,-0.145575,-0.017812,0.015891
1777059693.302455,0.341730,-0.762374,1.262526,-2.625084,-0.521815,0.264435,-0.091236,0.043360,0.750000,-0.750000,1.250000,3.665191,0.000000,0.000000,0.000000,0.000000,0.239958,-0.147954,-0.017358,0.016189
1777059693.335675,0.353352,-0.762413,1.261450,-2.624676,-0.515442,0.262258,-0.087765,0.040114,0.750000,-0.750000,1.250000,3.665191,0.000000,0.000000,0.000000,0.000000,0.269773,-0.165456,-0.017632,0.017508
1777059693.369020,0.370329,-0.762503,1.261172,-2.624221,-0.516378,0.264122,-0.084289,0.037471,0.750000,-0.750000,1.250000,3.665191,0.000000,0.000000,0.000000,0.000000,0.274216,-0.167893,-0.015829,0.018812
1777059693.402352,0.378836,-0.762605,1.261067,-2.623588,-0.510415,0.261903,-0.080714,0.035822,0.750000,-0.750000,1.250000,3.665191,0.000000,0.000000,0.000000,0.000000,0.301884,-0.184226,-0.015599,0.019640
1777059693.435795,0.396682,-0.762613,1.260138,-2.622720,-0.509806,0.262907,-0.077463,0.034494,0.750000,-0.750000,1.250000,3.665191,0.000000,0.000000,0.000000,0.000000,0.293511,-0.180064,-0.015718,0.019450
1777059693.469104,0.405166,-0.762675,1.259821,-2.621759,-0.501619,0.259497,-0.073760,0.033788,0.750000,-0.750000,1.250000,3.665191,0.000000,0.000000,0.000000,0.000000,0.327501,-0.199451,-0.014158,0.018045
1777059693.502338,0.419351,-0.762723,1.259761,-2.620789,-0.500329,0.259915,-0.070329,0.033389,0.750000,-0.750000,1.250000,3.665191,0.000000,0.000000,0.000000,0.000000,0.319513,-0.195279,-0.013807,0.016153
1777059693.535805,0.428252,-0.762695,1.259185,-2.619883,-0.491474,0.256108,-0.067102,0.032455,0.750000,-0.750000,1.250000,3.665191,0.000000,0.000000,0.000000,0.000000,0.338716,-0.206740,-0.013977,0.014193
1777059693.569005,0.440597,-0.762742,1.258980,-2.619155,-0.489336,0.255950,-0.064210,0.031568,0.750000,-0.750000,1.250000,3.665191,0.000000,0.000000,0.000000,0.000000,0.334238,-0.203879,-0.013103,0.012489
1777059693.602441,0.447781,-0.762748,1.258928,-2.618540,-0.481547,0.252527,-0.061005,0.030322,0.750000,-0.750000,1.250000,3.665191,0.000000,0.000000,0.000000,0.000000,0.346734,-0.211644,-0.012961,0.011557
1777059693.635797,0.460241,-0.762724,1.258340,-2.618030,-0.478654,0.251899,-0.058540,0.028830,0.750000,-0.750000,1.250000,3.665191,0.000000,0.000000,0.000000,0.000000,0.335665,-0.205402,-0.013136,0.011044
1777059693.669111,0.467378,-0.762708,1.258078,-2.617560,-0.469720,0.247827,-0.055449,0.027288,0.750000,-0.750000,1.250000,3.665191,0.000000,0.000000,0.000000,0.000000,0.351276,-0.214451,-0.012215,0.010898
1777059693.702441,0.479846,-0.762642,1.257904,-2.617089,-0.464272,0.245791,-0.052002,0.025752,0.750000,-0.750000,1.250000,3.665191,0.000000,0.000000,0.000000,0.000000,0.341462,-0.208857,-0.011938,0.010799
1777059693.735801,0.484443,-0.762674,1.257509,-2.616624,-0.455088,0.241460,-0.049685,0.024692,0.750000,-0.750000,1.250000,3.665191,0.000000,0.000000,0.000000,0.000000,0.359024,-0.218823,-0.011846,0.010564
1777059693.768992,0.494803,-0.762603,1.257232,-2.616109,-0.449961,0.239427,-0.047006,0.023701,0.750000,-0.750000,1.250000,3.665191,0.000000,0.000000,0.000000,0.000000,0.337680,-0.207090,-0.011296,0.010249
1777059693.802321,0.499181,-0.762606,1.257233,-2.615610,-0.441466,0.235355,-0.044458,0.023033,0.750000,-0.750000,1.250000,3.665191,0.000000,0.000000,0.000000,0.000000,0.347254,-0.212454,-0.010974,0.009609
1777059693.835806,0.508672,-0.762510,1.256654,-2.615096,-0.436193,0.233140,-0.042325,0.022247,0.750000,-0.750000,1.250000,3.665191,0.000000,0.000000,0.000000,0.000000,0.327164,-0.201237,-0.011213,0.008972
1777059693.869049,0.513370,-0.762474,1.256459,-2.614632,-0.427006,0.228667,-0.039899,0.021461,0.750000,-0.750000,1.250000,3.665191,0.000000,0.000000,0.000000,0.000000,0.335013,-0.205463,-0.010270,0.008194
1777059693.902327,0.520649,-0.762396,1.256378,-2.614215,-0.422056,0.226472,-0.037707,0.020766,0.750000,-0.750000,1.250000,3.665191,0.000000,0.000000,0.000000,0.000000,0.318775,-0.196216,-0.010085,0.007579
1777059693.935685,0.525422,-0.762328,1.255921,-2.613826,-0.413209,0.222129,-0.035759,0.019890,0.750000,-0.750000,1.250000,3.665191,0.000000,0.000000,0.000000,0.000000,0.317569,-0.195398,-0.010130,0.007121
1777059693.968996,0.533212,-0.762191,1.255654,-2.613477,-0.406754,0.219102,-0.033491,0.018918,0.750000,-0.750000,1.250000,3.665191,0.000000,0.000000,0.000000,0.000000,0.304317,-0.187661,-0.009407,0.006718
1777059694.002448,0.537630,-0.762114,1.255565,-2.613151,-0.396114,0.213761,-0.030877,0.017912,0.750000,-0.750000,1.250000,3.665191,0.000000,0.000000,0.000000,0.000000,0.308224,-0.189392,-0.009053,0.006417
1777059694.035761,0.543605,-0.761992,1.255162,-2.612854,-0.389072,0.210327,-0.029090,0.017040,0.750000,-0.750000,1.250000,3.665191,0.000000,0.000000,0.000000,0.000000,0.294812,-0.181593,-0.009061,0.006136
1777059694.069016,0.546465,-0.761939,1.255018,-2.612563,-0.379965,0.205703,-0.027174,0.016300,0.750000,-0.750000,1.250000,3.665191,0.000000,0.000000,0.000000,0.000000,0.291091,-0.179095,-0.008428,0.005914
1777059694.102363,0.552976,-0.761762,1.254899,-2.612264,-0.372287,0.201879,-0.024885,0.015490,0.750000,-0.750000,1.250000,3.665191,0.000000,0.000000,0.000000,0.000000,0.271767,-0.168095,-0.008306,0.005648
1777059694.135807,0.556379,-0.761674,1.254499,-2.611981,-0.361110,0.196153,-0.022882,0.014688,0.750000,-0.750000,1.250000,3.665191,0.000000,0.000000,0.000000,0.000000,0.273682,-0.168459,-0.008241,0.005277
1777059694.169018,0.561047,-0.761523,1.254332,-2.611719,-0.353044,0.192035,-0.020940,0.013992,0.750000,-0.750000,1.250000,3.665191,0.000000,0.000000,0.000000,0.000000,0.259252,-0.160104,-0.007602,0.004906
1777059694.202385,0.563568,-0.761442,1.254306,-2.611470,-0.342759,0.186711,-0.018869,0.013310,0.750000,-0.750000,1.250000,3.665191,0.000000,0.000000,0.000000,0.000000,0.253127,-0.156075,-0.007423,0.004576
1777059694.235815,0.567620,-0.761280,1.253972,-2.611247,-0.335242,0.182826,-0.017396,0.012676,0.750000,-0.750000,1.250000,3.665191,0.000000,0.000000,0.000000,0.000000,0.236250,-0.146395,-0.007532,0.004250
1777059694.269094,0.569447,-0.761206,1.253834,-2.611043,-0.326510,0.178273,-0.015849,0.012100,0.750000,-0.750000,1.250000,3.665191,0.000000,0.000000,0.000000,0.000000,0.229341,-0.141848,-0.007016,0.003990
1777059694.302394,0.573641,-0.761015,1.253754,-2.610847,-0.319330,0.174522,-0.014134,0.011493,0.750000,-0.750000,1.250000,3.665191,0.000000,0.000000,0.000000,0.000000,0.211209,-0.131524,-0.006883,0.003761
1777059694.335783,0.576263,-0.760900,1.253423,-2.610663,-0.309307,0.169284,-0.012563,0.010845,0.750000,-0.750000,1.250000,3.665191,0.000000,0.000000,0.000000,0.000000,0.207675,-0.128720,-0.006868,0.003519
1777059694.369106,0.579413,-0.760719,1.253287,-2.610502,-0.301933,0.165376,-0.011098,0.010274,0.750000,-0.750000,1.250000,3.665191,0.000000,0.000000,0.000000,0.000000,0.195983,-0.121872,-0.006344,0.003276
1777059694.402401,0.581164,-0.760619,1.253253,-2.610346,-0.293098,0.160720,-0.009541,0.009735,0.750000,-0.750000,1.250000,3.665191,0.000000,0.000000,0.000000,0.000000,0.188487,-0.116884,-0.006199,0.003093
1777059694.435817,0.585001,-0.760395,1.252952,-2.610197,-0.284883,0.156356,-0.008118,0.009164,0.750000,-0.750000,1.250000,3.665191,0.000000,0.000000,0.000000,0.000000,0.174017,-0.108573,-0.006264,0.002884
1777059694.469125,0.586592,-0.760290,1.252831,-2.610064,-0.275140,0.151202,-0.006592,0.008620,0.750000,-0.750000,1.250000,3.665191,0.000000,0.000000,0.000000,0.000000,0.172383,-0.106693,-0.005785,0.002655
1777059694.502491,0.586592,-0.760290,1.252831,-2.610064,-0.275140,0.151202,-0.006592,0.008620,0.750000,-0.750000,1.250000,3.665191,0.000000,0.000000,0.000000,0.000000,0.158554,-0.098774,-0.005662,0.002455
1777059694.535726,0.588572,-0.760106,1.252781,-2.609939,-0.265252,0.145892,-0.004899,0.008081,0.750000,-0.750000,1.250000,3.665191,0.000000,0.000000,0.000000,0.000000,0.137417,-0.087441,-0.005767,0.002851
1777059694.569036,0.590505,-0.759986,1.252547,-2.609831,-0.256644,0.141336,-0.003708,0.007586,0.750000,-0.750000,1.250000,3.665191,0.000000,0.000000,0.000000,0.000000,0.129251,-0.082006,-0.005784,0.002604
1777059694.602457,0.594157,-0.759738,1.252418,-2.609725,-0.247383,0.136370,-0.002051,0.007070,0.750000,-0.750000,1.250000,3.665191,0.000000,0.000000,0.000000,0.000000,0.121266,-0.077332,-0.005425,0.002393
1777059694.635782,0.594902,-0.759646,1.252391,-2.609642,-0.237941,0.131331,-0.000680,0.006596,0.750000,-0.750000,1.250000,3.665191,0.000000,0.000000,0.000000,0.000000,0.123579,-0.077569,-0.005276,0.002147
1777059694.669054,0.597788,-0.759413,1.252151,-2.609560,-0.228914,0.126461,0.000615,0.006130,0.750000,-0.750000,1.250000,3.665191,0.000000,0.000000,0.000000,0.000000,0.109563,-0.069660,-0.005335,0.001978
1777059694.702375,0.598274,-0.759326,1.252066,-2.609499,-0.220203,0.121798,0.001726,0.005698,0.750000,-0.750000,1.250000,3.665191,0.000000,0.000000,0.000000,0.000000,0.108659,-0.068197,-0.004962,0.001764
1777059694.735716,0.599934,-0.759134,1.252023,-2.609443,-0.213916,0.118346,0.002726,0.005317,0.750000,-0.750000,1.250000,3.665191,0.000000,0.000000,0.000000,0.000000,0.094409,-0.060233,-0.004896,0.001621
1777059694.769126,0.601705,-0.759001,1.251805,-2.609384,-0.204851,0.113515,0.003838,0.004927,0.750000,-0.750000,1.250000,3.665191,0.000000,0.000000,0.000000,0.000000,0.088090,-0.055953,-0.004913,0.001471
1777059694.802511,0.603700,-0.758783,1.251693,-2.609342,-0.197516,0.109499,0.004895,0.004548,0.750000,-0.750000,1.250000,3.665191,0.000000,0.000000,0.000000,0.000000,0.082585,-0.052743,-0.004572,0.001275
1777059694.835855,0.603700,-0.758783,1.251693,-2.609342,-0.197516,0.109499,0.004895,0.004548,0.750000,-0.750000,1.250000,3.665191,0.000000,0.000000,0.000000,0.000000,0.079068,-0.049917,-0.004440,0.001127
1777059694.869025,0.603782,-0.758670,1.251634,-2.609308,-0.189149,0.104960,0.005871,0.004194,0.750000,-0.750000,1.250000,3.665191,0.000000,0.000000,0.000000,0.000000,0.064545,-0.042594,-0.004519,0.001176
1777059694.902336,0.606343,-0.758453,1.251456,-2.609277,-0.182924,0.101564,0.006706,0.003859,0.750000,-0.750000,1.250000,3.665191,0.000000,0.000000,0.000000,0.000000,0.052047,-0.035321,-0.004484,0.001031
1777059694.935858,0.607390,-0.758342,1.251368,-2.609252,-0.175509,0.097586,0.007602,0.003543,0.750000,-0.750000,1.250000,3.665191,0.000000,0.000000,0.000000,0.000000,0.054288,-0.035822,-0.004203,0.000878
1777059694.969126,0.609736,-0.758103,1.251337,-2.609219,-0.168365,0.093665,0.008680,0.003269,0.750000,-0.750000,1.250000,3.665191,0.000000,0.000000,0.000000,0.000000,0.047729,-0.032138,-0.004101,0.000727
1777059695.002408,0.610030,-0.758009,1.251139,-2.609203,-0.161955,0.090191,0.009181,0.002995,0.750000,-0.750000,1.250000,3.665191,0.000000,0.000000,0.000000,0.000000,0.049158,-0.031981,-0.004115,0.000513
1777059695.035788,0.611788,-0.757792,1.251056,-2.609189,-0.156784,0.087303,0.009850,0.002742,0.750000,-0.750000,1.250000,3.665191,0.000000,0.000000,0.000000,0.000000,0.038822,-0.026250,-0.003786,0.000366
1777059695.069012,0.612725,-0.757672,1.251021,-2.609185,-0.150682,0.084000,0.010579,0.002480,0.750000,-0.750000,1.250000,3.665191,0.000000,0.000000,0.000000,0.000000,0.037725,-0.024815,-0.003681,0.000207
1777059695.102440,0.614679,-0.757440,1.250851,-2.609194,-0.145388,0.081043,0.011146,0.002206,0.750000,-0.750000,1.250000,3.665191,0.000000,0.000000,0.000000,0.000000,0.031878,-0.021505,-0.003671,0.000083
1777059695.135752,0.615515,-0.757319,1.250758,-2.609213,-0.139420,0.077806,0.011755,0.001926,0.750000,-0.750000,1.250000,3.665191,0.000000,0.000000,0.000000,0.000000,0.032452,-0.020934,-0.003384,-0.000002
1777059695.169000,0.617158,-0.757098,1.250719,-2.609242,-0.134961,0.075285,0.012338,0.001638,0.750000,-0.750000,1.250000,3.665191,0.000000,0.000000,0.000000,0.000000,0.026463,-0.017553,-0.003248,-0.000056
1777059695.202347,0.618777,-0.756949,1.250592,-2.609271,-0.127395,0.071224,0.013099,0.001413,0.750000,-0.750000,1.250000,3.665191,0.000000,0.000000,0.000000,0.000000,0.025748,-0.016348,-0.003217,-0.000085
1777059695.235794,0.620333,-0.756721,1.250500,-2.609310,-0.122214,0.068313,0.013649,0.001165,0.750000,-0.750000,1.250000,3.665191,0.000000,0.000000,0.000000,0.000000,0.024573,-0.015579,-0.003010,-0.000144
1777059695.269001,0.621332,-0.756597,1.250496,-2.609342,-0.115522,0.064705,0.014363,0.000969,0.750000,-0.750000,1.250000,3.665191,0.000000,0.000000,0.000000,0.000000,0.023463,-0.014111,-0.002870,-0.000180
1777059695.302371,0.622765,-0.756384,1.250327,-2.609381,-0.111172,0.062244,0.014686,0.000754,0.750000,-0.750000,1.250000,3.665191,0.000000,0.000000,0.000000,0.000000,0.018940,-0.011616,-0.002908,-0.000262
1777059695.335806,0.623555,-0.756271,1.250259,-2.609417,-0.106062,0.059471,0.015130,0.000570,0.750000,-0.750000,1.250000,3.665191,0.000000,0.000000,0.000000,0.000000,0.017511,-0.010110,-0.002606,-0.000328
1777059695.369006,0.625266,-0.756057,1.250228,-2.609458,-0.102181,0.057274,0.015583,0.000388,0.750000,-0.750000,1.250000,3.665191,0.000000,0.000000,0.000000,0.000000,0.012307,-0.007307,-0.002505,-0.000417
1777059695.402378,0.626035,-0.755946,1.250093,-2.609504,-0.097814,0.054896,0.015850,0.000201,0.750000,-0.750000,1.250000,3.665191,0.000000,0.000000,0.000000,0.000000,0.012950,-0.007002,-0.002475,-0.000493
1777059695.435870,0.628118,-0.755722,1.250058,-2.609552,-0.093654,0.052566,0.016323,0.000055,0.750000,-0.750000,1.250000,3.665191,0.000000,0.000000,0.000000,0.000000,0.008025,-0.004371,-0.002231,-0.000557
1777059695.469119,0.628118,-0.755722,1.250058,-2.609552,-0.093654,0.052566,0.016323,0.000055,0.750000,-0.750000,1.250000,3.665191,0.000000,0.000000,0.000000,0.000000,0.011104,-0.005402,-0.002187,-0.000621
1777059695.502351,0.629020,-0.755577,1.249996,-2.609608,-0.088074,0.049521,0.016756,-0.000087,0.750000,-0.750000,1.250000,3.665191,0.000000,0.000000,0.000000,0.000000,0.001867,-0.001222,-0.002209,-0.000889
1777059695.535753,0.630740,-0.755391,1.249906,-2.609668,-0.084651,0.047605,0.017035,-0.000257,0.750000,-0.750000,1.250000,3.665191,0.000000,0.000000,0.000000,0.000000,-0.001173,0.000736,-0.002108,-0.000906
1777059695.569073,0.631700,-0.755287,1.249876,-2.609734,-0.080056,0.045133,0.017399,-0.000411,0.750000,-0.750000,1.250000,3.665191,0.000000,0.000000,0.000000,0.000000,0.000670,0.000181,-0.001946,-0.000919
1777059695.602333,0.633426,-0.755090,1.249840,-2.609817,-0.076913,0.043352,0.017707,-0.000619,0.750000,-0.750000,1.250000,3.665191,0.000000,0.000000,0.000000,0.000000,-0.002132,0.001600,-0.001905,-0.000915
1777059695.635821,0.634533,-0.754976,1.249770,-2.609899,-0.072116,0.040774,0.018014,-0.000757,0.750000,-0.750000,1.250000,3.665191,0.000000,0.000000,0.000000,0.000000,-0.000124,0.001076,-0.001854,-0.000845
1777059695.669073,0.636258,-0.754778,1.249700,-2.609978,-0.069261,0.039143,0.018224,-0.000921,0.750000,-0.750000,1.250000,3.665191,0.000000,0.000000,0.000000,0.000000,-0.002037,0.002063,-0.001731,-0.000800
1777059695.702368,0.637195,-0.754672,1.249686,-2.610047,-0.065454,0.037082,0.018492,-0.001029,0.750000,-0.750000,1.250000,3.665191,0.000000,0.000000,0.000000,0.000000,-0.000038,0.001546,-0.001602,-0.000778
1777059695.735765,0.639059,-0.754479,1.249595,-2.610111,-0.062846,0.035596,0.018637,-0.001115,0.750000,-0.750000,1.250000,3.665191,0.000000,0.000000,0.000000,0.000000,-0.002877,0.003011,-0.001588,-0.000810
1777059695.769014,0.640184,-0.754369,1.249583,-2.610172,-0.058704,0.033371,0.018907,-0.001153,0.750000,-0.750000,1.250000,3.665191,0.000000,0.000000,0.000000,0.000000,-0.000015,0.001953,-0.001417,-0.000873
1777059695.802356,0.641989,-0.754182,1.249542,-2.610237,-0.056219,0.031957,0.019080,-0.001227,0.750000,-0.750000,1.250000,3.665191,0.000000,0.000000,0.000000,0.000000,-0.001784,0.002835,-0.001401,-0.000956
1777059695.835844,0.642894,-0.754085,1.249459,-2.610306,-0.052981,0.030207,0.019177,-0.001310,0.750000,-0.750000,1.250000,3.665191,0.000000,0.000000,0.000000,0.000000,0.000678,0.001955,-0.001328,-0.001022
1777059695.869154,0.642894,-0.754085,1.249459,-2.610306,-0.052981,0.030207,0.019177,-0.001310,0.750000,-0.750000,1.250000,3.665191,0.000000,0.000000,0.000000,0.000000,-0.002331,0.003460,-0.001169,-0.001071
1777059695.902376,0.644823,-0.753894,1.249401,-2.610381,-0.049687,0.028377,0.019349,-0.001351,0.750000,-0.750000,1.250000,3.665191,0.000000,0.000000,0.000000,0.000000,-0.010298,0.007059,-0.001171,-0.001414
1777059695.935784,0.645795,-0.753806,1.249412,-2.610462,-0.046422,0.026630,0.019534,-0.001438,0.750000,-0.750000,1.250000,3.665191,0.000000,0.000000,0.000000,0.000000,-0.006256,0.005417,-0.001056,-0.001406
1777059695.969027,0.647588,-0.753641,1.249339,-2.610552,-0.044527,0.025553,0.019587,-0.001571,0.750000,-0.750000,1.250000,3.665191,0.000000,0.000000,0.000000,0.000000,-0.008200,0.006326,-0.001082,-0.001383
1777059696.002389,0.648596,-0.753549,1.249321,-2.610664,-0.041546,0.023953,0.019706,-0.001725,0.750000,-0.750000,1.250000,3.665191,0.000000,0.000000,0.000000,0.000000,-0.005107,0.005007,-0.000935,-0.001322
1777059696.035828,0.650799,-0.753368,1.249360,-2.610775,-0.038831,0.022455,0.019903,-0.001795,0.750000,-0.750000,1.250000,3.665191,0.000000,0.000000,0.000000,0.000000,-0.006864,0.005858,-0.000898,-0.001175
1777059696.069131,0.650799,-0.753368,1.249360,-2.610775,-0.038831,0.022455,0.019903,-0.001795,0.750000,-0.750000,1.250000,3.665191,0.000000,0.000000,0.000000,0.000000,-0.001515,0.003354,-0.000981,-0.001052
1777059696.102358,0.651923,-0.753254,1.249262,-2.610876,-0.035162,0.020478,0.019911,-0.001837,0.750000,-0.750000,1.250000,3.665191,0.000000,0.000000,0.000000,0.000000,-0.009323,0.006944,-0.000985,-0.001420
1777059696.135839,0.653732,-0.753108,1.249262,-2.610961,-0.032977,0.019276,0.020000,-0.001868,0.750000,-0.750000,1.250000,3.665191,0.000000,0.000000,0.000000,0.000000,-0.009847,0.007368,-0.000787,-0.001317
1777059696.169024,0.654636,-0.753033,1.249264,-2.611035,-0.029846,0.017612,0.020073,-0.001862,0.750000,-0.750000,1.250000,3.665191,0.000000,0.000000,0.000000,0.000000,-0.006389,0.005744,-0.000787,-0.001299
1777059696.202340,0.656453,-0.752886,1.249210,-2.611102,-0.028086,0.016631,0.020057,-0.001854,0.750000,-0.750000,1.250000,3.665191,0.000000,0.000000,0.000000,0.000000,-0.008481,0.006724,-0.000791,-0.001338
1777059696.235816,0.657376,-0.752810,1.249192,-2.611169,-0.025391,0.015196,0.020074,-0.001841,0.750000,-0.750000,1.250000,3.665191,0.000000,0.000000,0.000000,0.000000,-0.005019,0.005128,-0.000680,-0.001409
1777059696.269025,0.659197,-0.752669,1.249167,-2.611244,-0.024011,0.014421,0.020066,-0.001867,0.750000,-0.750000,1.250000,3.665191,0.000000,0.000000,0.000000,0.000000,-0.007039,0.006092,-0.000640,-0.001478
1777059696.302439,0.660146,-0.752596,1.249140,-2.611327,-0.021706,0.013193,0.020041,-0.001906,0.750000,-0.750000,1.250000,3.665191,0.000000,0.000000,0.000000,0.000000,-0.003595,0.004464,-0.000583,-0.001511
1777059696.335860,0.660146,-0.752596,1.249140,-2.611327,-0.021706,0.013193,0.020041,-0.001906,0.750000,-0.750000,1.250000,3.665191,0.000000,0.000000,0.000000,0.000000,-0.005490,0.005348,-0.000522,-0.001504
1777059696.369117,0.662003,-0.752453,1.249079,-2.611419,-0.020042,0.012270,0.019969,-0.001938,0.750000,-0.750000,1.250000,3.665191,0.000000,0.000000,0.000000,0.000000,-0.012638,0.008701,-0.000515,-0.001859
1777059696.402403,0.662901,-0.752389,1.249081,-2.611513,-0.018252,0.011318,0.019956,-0.002038,0.750000,-0.750000,1.250000,3.665191,0.000000,0.000000,0.000000,0.000000,-0.008299,0.006671,-0.000382,-0.001782
1777059696.435730,0.664745,-0.752262,1.249071,-2.611617,-0.017332,0.010800,0.019919,-0.002140,0.750000,-0.750000,1.250000,3.665191,0.000000,0.000000,0.000000,0.000000,-0.009895,0.007392,-0.000375,-0.001699
1777059696.469107,0.665735,-0.752192,1.249061,-2.611743,-0.015589,0.009871,0.019876,-0.002296,0.750000,-0.750000,1.250000,3.665191,0.000000,0.000000,0.000000,0.000000,-0.005783,0.005359,-0.000345,-0.001581
1777059696.502505,0.667629,-0.752065,1.249049,-2.611864,-0.014921,0.009485,0.019821,-0.002434,0.750000,-0.750000,1.250000,3.665191,0.000000,0.000000,0.000000,0.000000,-0.006925,0.005887,-0.000315,-0.001369
1777059696.535852,0.668750,-0.751994,1.249076,-2.611975,-0.012812,0.008372,0.019790,-0.002455,0.750000,-0.750000,1.250000,3.665191,0.000000,0.000000,0.000000,0.000000,-0.002643,0.003769,-0.000280,-0.001193
1777059696.569031,0.670640,-0.751868,1.249030,-2.612065,-0.012284,0.008059,0.019677,-0.002486,0.750000,-0.750000,1.250000,3.665191,0.000000,0.000000,0.000000,0.000000,-0.003183,0.003969,-0.000324,-0.001073
1777059696.602432,0.671659,-0.751802,1.249027,-2.612139,-0.010754,0.007245,0.019602,-0.002449,0.750000,-0.750000,1.250000,3.665191,0.000000,0.000000,0.000000,0.000000,0.000905,0.001968,-0.000220,-0.001054
1777059696.635835,0.673588,-0.751683,1.249023,-2.612201,-0.010074,0.006864,0.019512,-0.002374,0.750000,-0.750000,1.250000,3.665191,0.000000,0.000000,0.000000,0.000000,-0.000354,0.002548,-0.000200,-0.001108
1777059696.669014,0.674647,-0.751618,1.249040,-2.612262,-0.008204,0.005878,0.019429,-0.002281,0.750000,-0.750000,1.250000,3.665191,0.000000,0.000000,0.000000,0.000000,0.003851,0.000427,-0.000179,-0.001209
1777059696.702387,0.676451,-0.751506,1.248994,-2.612330,-0.007813,0.005648,0.019286,-0.002262,0.750000,-0.750000,1.250000,3.665191,0.000000,0.000000,0.000000,0.000000,0.002704,0.000948,-0.000202,-0.001310
1777059696.735828,0.677378,-0.751448,1.248961,-2.612407,-0.006723,0.005066,0.019158,-0.002292,0.750000,-0.750000,1.250000,3.665191,0.000000,0.000000,0.000000,0.000000,0.006096,-0.000742,-0.000096,-0.001370
1777059696.769026,0.679213,-0.751345,1.248979,-2.612495,-0.006192,0.004775,0.019069,-0.002305,0.750000,-0.750000,1.250000,3.665191,0.000000,0.000000,0.000000,0.000000,0.004194,0.000179,-0.000011,-0.001377
1777059696.802392,0.679213,-0.751345,1.248979,-2.612495,-0.006192,0.004775,0.019069,-0.002305,0.750000,-0.750000,1.250000,3.665191,0.000000,0.000000,0.000000,0.000000,0.007790,-0.001683,-0.000030,-0.001336
1777059696.835795,0.680545,-0.751269,1.248978,-2.612590,-0.004421,0.003840,0.018913,-0.002270,0.750000,-0.750000,1.250000,3.665191,0.000000,0.000000,0.000000,0.000000,0.000578,0.001866,-0.000015,-0.001680
1777059696.869000,0.682261,-0.751177,1.249009,-2.612692,-0.003396,0.003300,0.018795,-0.002271,0.750000,-0.750000,1.250000,3.665191,0.000000,0.000000,0.000000,0.000000,0.001738,0.001248,0.000002,-0.001579
1777059696.902367,0.683066,-0.751129,1.248972,-2.612812,-0.002051,0.002590,0.018621,-0.002381,0.750000,-0.750000,1.250000,3.665191,0.000000,0.000000,0.000000,0.000000,0.005079,-0.000505,-0.000046,-0.001453
1777059696.935811,0.684760,-0.751038,1.248946,-2.612924,-0.001809,0.002452,0.018466,-0.002480,0.750000,-0.750000,1.250000,3.665191,0.000000,0.000000,0.000000,0.000000,0.002951,0.000557,0.000045,-0.001248
1777059696.969028,0.685716,-0.750991,1.248980,-2.613023,-0.000336,0.001682,0.018342,-0.002466,0.750000,-0.750000,1.250000,3.665191,0.000000,0.000000,0.000000,0.000000,0.006233,-0.001140,0.000115,-0.001093
1777059697.002431,0.687428,-0.750900,1.248940,-2.613102,-0.000248,0.001624,0.018160,-0.002462,0.750000,-0.750000,1.250000,3.665191,0.000000,0.000000,0.000000,0.000000,0.005009,-0.000599,0.000064,-0.001003
1777059697.035770,0.688322,-0.750853,1.248920,-2.613168,0.000570,0.001192,0.018006,-0.002427,0.750000,-0.750000,1.250000,3.665191,0.000000,0.000000,0.000000,0.000000,0.008390,-0.002335,0.000165,-0.001006
1777059697.069072,0.689968,-0.750771,1.248911,-2.613228,0.000514,0.001216,0.017867,-0.002385,0.750000,-0.750000,1.250000,3.665191,0.000000,0.000000,0.000000,0.000000,0.006828,-0.001575,0.000226,-0.001062
1777059697.102381,0.690930,-0.750727,1.248941,-2.613290,0.001499,0.000701,0.017742,-0.002316,0.750000,-0.750000,1.250000,3.665191,0.000000,0.000000,0.000000,0.000000,0.009861,-0.003164,0.000267,-0.001137
1777059697.135816,0.692591,-0.750647,1.248923,-2.613358,0.001479,0.000709,0.017575,-0.002298,0.750000,-0.750000,1.250000,3.665191,0.000000,0.000000,0.000000,0.000000,0.008733,-0.002658,0.000226,-0.001193
1777059697.169013,0.693503,-0.750605,1.248936,-2.613434,0.002275,0.000292,0.017438,-0.002293,0.750000,-0.750000,1.250000,3.665191,0.000000,0.000000,0.000000,0.000000,0.011870,-0.004308,0.000284,-0.001214
1777059697.202336,0.695111,-0.750532,1.248934,-2.613514,0.002280,0.000290,0.017283,-0.002311,0.750000,-0.750000,1.250000,3.665191,0.000000,0.000000,0.000000,0.000000,0.010484,-0.003646,0.000277,-0.001197
1777059697.235749,0.695976,-0.750492,1.248922,-2.613596,0.002906,-0.000039,0.017123,-0.002349,0.750000,-0.750000,1.250000,3.665191,0.000000,0.000000,0.000000,0.000000,0.013339,-0.005171,0.000301,-0.001154
1777059697.269046,0.697522,-0.750426,1.248941,-2.613676,0.002922,-0.000043,0.016988,-0.002360,0.750000,-0.750000,1.250000,3.665191,0.000000,0.000000,0.000000,0.000000,0.011758,-0.004395,0.000347,-0.001104
1777059697.302342,0.698385,-0.750390,1.248954,-2.613752,0.003677,-0.000436,0.016836,-0.002347,0.750000,-0.750000,1.250000,3.665191,0.000000,0.000000,0.000000,0.000000,0.014334,-0.005794,0.000329,-0.001059
1777059697.335692,0.699879,-0.750328,1.248948,-2.613824,0.003683,-0.000434,0.016666,-0.002332,0.750000,-0.750000,1.250000,3.665191,0.000000,0.000000,0.000000,0.000000,0.012826,-0.005071,0.000322,-0.001030
1777059697.369106,0.700700,-0.750296,1.248968,-2.613892,0.004410,-0.000813,0.016519,-0.002299,0.750000,-0.750000,1.250000,3.665191,0.000000,0.000000,0.000000,0.000000,0.015193,-0.006359,0.000354,-0.001021
1777059697.402394,0.702164,-0.750240,1.248983,-2.613958,0.004559,-0.000882,0.016353,-0.002251,0.750000,-0.750000,1.250000,3.665191,0.000000,0.000000,0.000000,0.000000,0.013557,-0.005564,0.000334,-0.001024
1777059697.435791,0.702950,-0.750210,1.248989,-2.614024,0.005396,-0.001319,0.016168,-0.002203,0.750000,-0.750000,1.250000,3.665191,0.000000,0.000000,0.000000,0.000000,0.015851,-0.006837,0.000321,-0.001030
1777059697.469046,0.704354,-0.750158,1.249006,-2.614090,0.005590,-0.001412,0.015992,-0.002159,0.750000,-0.750000,1.250000,3.665191,0.000000,0.000000,0.000000,0.000000,0.014125,-0.005993,0.000328,-0.001034
1777059697.502387,0.704354,-0.750158,1.249006,-2.614090,0.005590,-0.001412,0.015992,-0.002159,0.750000,-0.750000,1.250000,3.665191,0.000000,0.000000,0.000000,0.000000,0.016189,-0.007146,0.000312,-0.001031
1777059697.535781,0.705338,-0.750118,1.248973,-2.614158,0.006318,-0.001797,0.015741,-0.002108,0.750000,-0.750000,1.250000,3.665191,0.000000,0.000000,0.000000,0.000000,0.010102,-0.003985,0.000328,-0.001316
1777059697.569012,0.706500,-0.750079,1.248990,-2.614225,0.006576,-0.001922,0.015574,-0.002088,0.750000,-0.750000,1.250000,3.665191,0.000000,0.000000,0.000000,0.000000,0.010276,-0.004094,0.000413,-0.001275
1777059697.602459,0.707128,-0.750056,1.248991,-2.614299,0.007195,-0.002247,0.015407,-0.002113,0.750000,-0.750000,1.250000,3.665191,0.000000,0.000000,0.000000,0.000000,0.011511,-0.004826,0.000398,-0.001236
1777059697.635797,0.708377,-0.750015,1.249008,-2.614392,0.007314,-0.002300,0.015238,-0.002162,0.750000,-0.750000,1.250000,3.665191,0.000000,0.000000,0.000000,0.000000,0.009650,-0.003880,0.000416,-0.001167
1777059697.669158,0.709062,-0.749994,1.249024,-2.614482,0.008114,-0.002717,0.015046,-0.002173,0.750000,-0.750000,1.250000,3.665191,0.000000,0.000000,0.000000,0.000000,0.011594,-0.004976,0.000401,-0.001013
1777059697.702381,0.710327,-0.749951,1.249018,-2.614561,0.008050,-0.002677,0.014864,-0.002198,0.750000,-0.750000,1.250000,3.665191,0.000000,0.000000,0.000000,0.000000,0.010184,-0.004294,0.000388,-0.000879
1777059697.735847,0.711009,-0.749931,1.249040,-2.614627,0.008754,-0.003046,0.014682,-0.002149,0.750000,-0.750000,1.250000,3.665191,0.000000,0.000000,0.000000,0.000000,0.012325,-0.005470,0.000419,-0.000798
1777059697.769248,0.712302,-0.749893,1.249059,-2.614682,0.008978,-0.003154,0.014469,-0.002059,0.750000,-0.750000,1.250000,3.665191,0.000000,0.000000,0.000000,0.000000,0.010984,-0.004821,0.000395,-0.000775
1777059697.802410,0.712949,-0.749870,1.249044,-2.614729,0.009465,-0.003414,0.014270,-0.001995,0.750000,-0.750000,1.250000,3.665191,0.000000,0.000000,0.000000,0.000000,0.013338,-0.006154,0.000375,-0.000804
1777059697.836045,0.712949,-0.749870,1.249044,-2.614729,0.009465,-0.003414,0.014270,-0.001995,0.750000,-0.750000,1.250000,3.665191,0.000000,0.000000,0.000000,0.000000,0.011874,-0.005380,0.000425,-0.000859
1777059697.869047,0.714192,-0.749828,1.249017,-2.614777,0.009512,-0.003437,0.014029,-0.001917,0.750000,-0.750000,1.250000,3.665191,0.000000,0.000000,0.000000,0.000000,0.006888,-0.002742,0.000443,-0.001113
1777059697.902438,0.714763,-0.749816,1.249046,-2.614827,0.010134,-0.003763,0.013863,-0.001862,0.750000,-0.750000,1.250000,3.665191,0.000000,0.000000,0.000000,0.000000,0.009552,-0.004173,0.000518,-0.001134
1777059697.935785,0.715884,-0.749783,1.249055,-2.614888,0.010053,-0.003713,0.013692,-0.001858,0.750000,-0.750000,1.250000,3.665191,0.000000,0.000000,0.000000,0.000000,0.008152,-0.003499,0.000479,-0.001136
1777059697.969073,0.716494,-0.749765,1.249067,-2.614967,0.010534,-0.003968,0.013513,-0.001895,0.750000,-0.750000,1.250000,3.665191,0.000000,0.000000,0.000000,0.000000,0.010122,-0.004592,0.000481,-0.001089
1777059698.002435,0.717626,-0.749734,1.249058,-2.615048,0.010384,-0.003882,0.013324,-0.001953,0.750000,-0.750000,1.250000,3.665191,0.000000,0.000000,0.000000,0.000000,0.009049,-0.004050,0.000476,-0.000959
1777059698.035856,0.718239,-0.749716,1.249070,-2.615127,0.010692,-0.004047,0.013171,-0.002013,0.750000,-0.750000,1.250000,3.665191,0.000000,0.000000,0.000000,0.000000,0.011142,-0.005213,0.000515,-0.000825
1777059698.069023,0.719357,-0.749689,1.249100,-2.615202,0.010671,-0.004027,0.013000,-0.002008,0.750000,-0.750000,1.250000,3.665191,0.000000,0.000000,0.000000,0.000000,0.010142,-0.004694,0.000511,-0.000701
1777059698.102375,0.719965,-0.749674,1.249108,-2.615262,0.011152,-0.004284,0.012800,-0.001963,0.750000,-0.750000,1.250000,3.665191,0.000000,0.000000,0.000000,0.000000,0.012181,-0.005864,0.000469,-0.000605
1777059698.135715,0.721040,-0.749644,1.249112,-2.615310,0.010990,-0.004195,0.012627,-0.001910,0.750000,-0.750000,1.250000,3.665191,0.000000,0.000000,0.000000,0.000000,0.011193,-0.005363,0.000472,-0.000573
1777059698.169008,0.721610,-0.749629,1.249117,-2.615348,0.011322,-0.004375,0.012453,-0.001832,0.750000,-0.750000,1.250000,3.665191,0.000000,0.000000,0.000000,0.000000,0.013049,-0.006382,0.000482,-0.000598
1777059698.202332,0.722637,-0.749606,1.249129,-2.615381,0.011279,-0.004346,0.012267,-0.001738,0.750000,-0.750000,1.250000,3.665191,0.000000,0.000000,0.000000,0.000000,0.011912,-0.005785,0.000492,-0.000660
1777059698.235786,0.723190,-0.749594,1.249154,-2.615417,0.011708,-0.004579,0.012093,-0.001658,0.750000,-0.750000,1.250000,3.665191,0.000000,0.000000,0.000000,0.000000,0.013547,-0.006726,0.000486,-0.000733
1777059698.269089,0.724172,-0.749569,1.249146,-2.615459,0.011554,-0.004495,0.011907,-0.001619,0.750000,-0.750000,1.250000,3.665191,0.000000,0.000000,0.000000,0.000000,0.012391,-0.006125,0.000453,-0.000787
1777059698.302440,0.724694,-0.749555,1.249137,-2.615508,0.011806,-0.004635,0.011729,-0.001611,0.750000,-0.750000,1.250000,3.665191,0.000000,0.000000,0.000000,0.000000,0.013875,-0.006944,0.000489,-0.000805
1777059698.335701,0.725607,-0.749535,1.249155,-2.615561,0.011664,-0.004557,0.011582,-0.001617,0.750000,-0.750000,1.250000,3.665191,0.000000,0.000000,0.000000,0.000000,0.012655,-0.006289,0.000526,-0.000788
1777059698.368996,0.726111,-0.749524,1.249163,-2.615616,0.011920,-0.004697,0.011422,-0.001626,0.750000,-0.750000,1.250000,3.665191,0.000000,0.000000,0.000000,0.000000,0.013847,-0.006968,0.000508,-0.000745
1777059698.402453,0.726985,-0.749504,1.249159,-2.615669,0.011751,-0.004605,0.011256,-0.001635,0.750000,-0.750000,1.250000,3.665191,0.000000,0.000000,0.000000,0.000000,0.012653,-0.006337,0.000512,-0.000696
1777059698.435792,0.727466,-0.749500,1.249217,-2.615719,0.012242,-0.004870,0.011102,-0.001587,0.750000,-0.750000,1.250000,3.665191,0.000000,0.000000,0.000000,0.000000,0.013750,-0.006959,0.000539,-0.000656
1777059698.469030,0.728342,-0.749480,1.249210,-2.615763,0.012131,-0.004813,0.010912,-0.001554,0.750000,-0.750000,1.250000,3.665191,0.000000,0.000000,0.000000,0.000000,0.012526,-0.006363,0.000440,-0.000628
1777059698.502375,0.728799,-0.749470,1.249203,-2.615804,0.012396,-0.004963,0.010730,-0.001519,0.750000,-0.750000,1.250000,3.665191,0.000000,0.000000,0.000000,0.000000,0.013763,-0.007048,0.000471,-0.000625
1777059698.535769,0.729593,-0.749454,1.249218,-2.615843,0.012284,-0.004903,0.010582,-0.001486,0.750000,-0.750000,1.250000,3.665191,0.000000,0.000000,0.000000,0.000000,0.012555,-0.006391,0.000502,-0.000632
1777059698.568982,0.730026,-0.749444,1.249218,-2.615882,0.012469,-0.005010,0.010427,-0.001466,0.750000,-0.750000,1.250000,3.665191,0.000000,0.000000,0.000000,0.000000,0.013432,-0.006891,0.000489,-0.000642
1777059698.602353,0.730767,-0.749431,1.249221,-2.615922,0.012355,-0.004949,0.010272,-0.001448,0.750000,-0.750000,1.250000,3.665191,0.000000,0.000000,0.000000,0.000000,0.012227,-0.006231,0.000508,-0.000648
1777059698.635686,0.731178,-0.749425,1.249248,-2.615964,0.012605,-0.005090,0.010137,-0.001426,0.750000,-0.750000,1.250000,3.665191,0.000000,0.000000,0.000000,0.000000,0.012944,-0.006654,0.000521,-0.000643
1777059698.669002,0.731900,-0.749413,1.249254,-2.616006,0.012499,-0.005034,0.009983,-0.001413,0.750000,-0.750000,1.250000,3.665191,0.000000,0.000000,0.000000,0.000000,0.011758,-0.006028,0.000481,-0.000629
1777059698.702347,0.732296,-0.749406,1.249256,-2.616048,0.012713,-0.005157,0.009823,-0.001399,0.750000,-0.750000,1.250000,3.665191,0.000000,0.000000,0.000000,0.000000,0.012515,-0.006470,0.000486,-0.000611
1777059698.735677,0.732980,-0.749395,1.249276,-2.616088,0.012610,-0.005103,0.009690,-0.001385,0.750000,-0.750000,1.250000,3.665191,0.000000,0.000000,0.000000,0.000000,0.011391,-0.005864,0.000498,-0.000591
1777059698.769009,0.733345,-0.749393,1.249303,-2.616128,0.012943,-0.005291,0.009531,-0.001347,0.750000,-0.750000,1.250000,3.665191,0.000000,0.000000,0.000000,0.000000,0.012064,-0.006259,0.000476,-0.000575
1777059698.802369,0.733345,-0.749393,1.249303,-2.616128,0.012943,-0.005291,0.009531,-0.001347,0.750000,-0.750000,1.250000,3.665191,0.000000,0.000000,0.000000,0.000000,0.010891,-0.005657,0.000436,-0.000561
1777059698.835695,0.734088,-0.749376,1.249275,-2.616166,0.012859,-0.005257,0.009313,-0.001310,0.750000,-0.750000,1.250000,3.665191,0.000000,0.000000,0.000000,0.000000,0.007800,-0.003943,0.000448,-0.000720
1777059698.869030,0.734391,-0.749374,1.249307,-2.616202,0.013114,-0.005402,0.009191,-0.001285,0.750000,-0.750000,1.250000,3.665191,0.000000,0.000000,0.000000,0.000000,0.009279,-0.004727,0.000521,-0.000697
1777059698.902477,0.734995,-0.749367,1.249317,-2.616241,0.013050,-0.005371,0.009045,-0.001273,0.750000,-0.750000,1.250000,3.665191,0.000000,0.000000,0.000000,0.000000,0.008130,-0.004128,0.000472,-0.000680
1777059698.935702,0.735326,-0.749363,1.249324,-2.616290,0.013274,-0.005502,0.008887,-0.001284,0.750000,-0.750000,1.250000,3.665191,0.000000,0.000000,0.000000,0.000000,0.008847,-0.004555,0.000465,-0.000647
1777059698.969028,0.735943,-0.749354,1.249339,-2.616338,0.013162,-0.005447,0.008753,-0.001300,0.750000,-0.750000,1.250000,3.665191,0.000000,0.000000,0.000000,0.000000,0.007982,-0.004091,0.000466,-0.000567
1777059699.002399,0.736259,-0.749355,1.249367,-2.616384,0.013480,-0.005629,0.008590,-0.001276,0.750000,-0.750000,1.250000,3.665191,0.000000,0.000000,0.000000,0.000000,0.008876,-0.004605,0.000449,-0.000495
1777059699.035774,0.736887,-0.749348,1.249368,-2.616421,0.013440,-0.005615,0.008404,-0.001239,0.750000,-0.750000,1.250000,3.665191,0.000000,0.000000,0.000000,0.000000,0.007992,-0.004159,0.000406,-0.000436
1777059699.069072,0.737220,-0.749341,1.249376,-2.616451,0.013597,-0.005716,0.008255,-0.001200,0.750000,-0.750000,1.250000,3.665191,0.000000,0.000000,0.000000,0.000000,0.009018,-0.004753,0.000418,-0.000415
1777059699.102378,0.737803,-0.749335,1.249387,-2.616477,0.013536,-0.005691,0.008096,-0.001146,0.750000,-0.750000,1.250000,3.665191,0.000000,0.000000,0.000000,0.000000,0.008328,-0.004347,0.000416,-0.000424
1777059699.135851,0.737803,-0.749335,1.249387,-2.616477,0.013536,-0.005691,0.008096,-0.001146,0.750000,-0.750000,1.250000,3.665191,0.000000,0.000000,0.000000,0.000000,0.009144,-0.004828,0.000409,-0.000448
1777059699.169203,0.738258,-0.749324,1.249364,-2.616502,0.013602,-0.005747,0.007895,-0.001094,0.750000,-0.750000,1.250000,3.665191,0.000000,0.000000,0.000000,0.000000,0.006624,-0.003411,0.000421,-0.000583
1777059699.202382,0.738724,-0.749322,1.249391,-2.616528,0.013569,-0.005735,0.007777,-0.001059,0.750000,-0.750000,1.250000,3.665191,0.000000,0.000000,0.000000,0.000000,0.006963,-0.003553,0.000483,-0.000594
1777059699.235786,0.738980,-0.749322,1.249407,-2.616560,0.013778,-0.005862,0.007631,-0.001034,0.750000,-0.750000,1.250000,3.665191,0.000000,0.000000,0.000000,0.000000,0.007346,-0.003807,0.000444,-0.000598
1777059699.269149,0.739506,-0.749323,1.249431,-2.616601,0.013846,-0.005909,0.007442,-0.001011,0.750000,-0.750000,1.250000,3.665191,0.000000,0.000000,0.000000,0.000000,0.006528,-0.003374,0.000425,-0.000574
1777059699.302402,0.739506,-0.749323,1.249431,-2.616601,0.013846,-0.005909,0.007442,-0.001011,0.750000,-0.750000,1.250000,3.665191,0.000000,0.000000,0.000000,0.000000,0.007331,-0.003892,0.000390,-0.000505
1777059699.335728,0.739870,-0.749320,1.249449,-2.616644,0.014202,-0.006132,0.007196,-0.000973,0.750000,-0.750000,1.250000,3.665191,0.000000,0.000000,0.000000,0.000000,0.005140,-0.002649,0.000402,-0.000623
1777059699.369073,0.739870,-0.749320,1.249449,-2.616644,0.014202,-0.006132,0.007196,-0.000973,0.750000,-0.750000,1.250000,3.665191,0.000000,0.000000,0.000000,0.000000,0.005219,-0.002700,0.000378,-0.000543
1777059699.402412,0.740394,-0.749315,1.249455,-2.616686,0.014352,-0.006241,0.006933,-0.000938,0.750000,-0.750000,1.250000,3.665191,0.000000,0.000000,0.000000,0.000000,0.003260,-0.001587,0.000389,-0.000653
1777059699.435791,0.740394,-0.749315,1.249455,-2.616686,0.014352,-0.006241,0.006933,-0.000938,0.750000,-0.750000,1.250000,3.665191,0.000000,0.000000,0.000000,0.000000,0.004471,-0.002275,0.000392,-0.000565
1777059699.469066,0.740702,-0.749310,1.249441,-2.616729,0.014620,-0.006420,0.006675,-0.000913,0.750000,-0.750000,1.250000,3.665191,0.000000,0.000000,0.000000,0.000000,0.002631,-0.001227,0.000404,-0.000670
1777059699.502387,0.740702,-0.749310,1.249441,-2.616729,0.014620,-0.006420,0.006675,-0.000913,0.750000,-0.750000,1.250000,3.665191,0.000000,0.000000,0.000000,0.000000,0.002726,-0.001251,0.000446,-0.000572
1777059699.535775,0.741237,-0.749295,1.249415,-2.616772,0.014432,-0.006342,0.006492,-0.000927,0.750000,-0.750000,1.250000,3.665191,0.000000,0.000000,0.000000,0.000000,0.001080,-0.000313,0.000459,-0.000672
1777059699.568995,0.741424,-0.749298,1.249439,-2.616819,0.014590,-0.006443,0.006360,-0.000946,0.750000,-0.750000,1.250000,3.665191,0.000000,0.000000,0.000000,0.000000,0.002683,-0.001129,0.000528,-0.000571
1777059699.602453,0.741936,-0.749297,1.249446,-2.616859,0.014426,-0.006366,0.006201,-0.000938,0.750000,-0.750000,1.250000,3.665191,0.000000,0.000000,0.000000,0.000000,0.002132,-0.000866,0.000496,-0.000452
1777059699.635823,0.741936,-0.749297,1.249446,-2.616859,0.014426,-0.006366,0.006201,-0.000938,0.750000,-0.750000,1.250000,3.665191,0.000000,0.000000,0.000000,0.000000,0.003519,-0.001684,0.000498,-0.000377
1777059699.669090,0.742306,-0.749293,1.249462,-2.616889,0.014478,-0.006422,0.006018,-0.000898,0.750000,-0.750000,1.250000,3.665191,0.000000,0.000000,0.000000,0.000000,0.001917,-0.000768,0.000512,-0.000480
1777059699.702368,0.742786,-0.749290,1.249464,-2.616913,0.014276,-0.006324,0.005878,-0.000867,0.750000,-0.750000,1.250000,3.665191,0.000000,0.000000,0.000000,0.000000,0.002576,-0.001132,0.000494,-0.000439
1777059699.735912,0.743039,-0.749287,1.249459,-2.616942,0.014271,-0.006340,0.005742,-0.000860,0.750000,-0.750000,1.250000,3.665191,0.000000,0.000000,0.000000,0.000000,0.003833,-0.001845,0.000505,-0.000429
1777059699.769093,0.743039,-0.749287,1.249459,-2.616942,0.014271,-0.006340,0.005742,-0.000860,0.750000,-0.750000,1.250000,3.665191,0.000000,0.000000,0.000000,0.000000,0.003727,-0.001768,0.000528,-0.000389
1777059699.802435,0.743582,-0.749284,1.249480,-2.616971,0.014057,-0.006240,0.005595,-0.000830,0.750000,-0.750000,1.250000,3.665191,0.000000,0.000000,0.000000,0.000000,0.002214,-0.000900,0.000542,-0.000483
1777059699.835858,0.743828,-0.749282,1.249486,-2.616996,0.014032,-0.006243,0.005479,-0.000817,0.750000,-0.750000,1.250000,3.665191,0.000000,0.000000,0.000000,0.000000,0.003935,-0.001890,0.000514,-0.000441
1777059699.869123,0.744310,-0.749281,1.249487,-2.617028,0.013765,-0.006106,0.005359,-0.000823,0.750000,-0.750000,1.250000,3.665191,0.000000,0.000000,0.000000,0.000000,0.003855,-0.001840,0.000514,-0.000412
1777059699.902478,0.744573,-0.749280,1.249509,-2.617058,0.013706,-0.006089,0.005270,-0.000828,0.750000,-0.750000,1.250000,3.665191,0.000000,0.000000,0.000000,0.000000,0.005152,-0.002592,0.000525,-0.000358
1777059699.935977,0.745039,-0.749283,1.249529,-2.617086,0.013481,-0.005975,0.005155,-0.000810,0.750000,-0.750000,1.250000,3.665191,0.000000,0.000000,0.000000,0.000000,0.005124,-0.002572,0.000492,-0.000306
1777059699.969166,0.745039,-0.749283,1.249529,-2.617086,0.013481,-0.005975,0.005155,-0.000810,0.750000,-0.750000,1.250000,3.665191,0.000000,0.000000,0.000000,0.000000,0.006264,-0.003270,0.000465,-0.000270
1777059700.002367,0.745408,-0.749279,1.249525,-2.617109,0.013380,-0.005943,0.004996,-0.000776,0.750000,-0.750000,1.250000,3.665191,0.000000,0.000000,0.000000,0.000000,0.004714,-0.002371,0.000474,-0.000358
1777059700.035774,0.745787,-0.749286,1.249565,-2.617127,0.013262,-0.005891,0.004884,-0.000733,0.750000,-0.750000,1.250000,3.665191,0.000000,0.000000,0.000000,0.000000,0.005419,-0.002753,0.000492,-0.000337
1777059700.069092,0.746021,-0.749283,1.249565,-2.617147,0.013225,-0.005892,0.004758,-0.000709,0.750000,-0.750000,1.250000,3.665191,0.000000,0.000000,0.000000,0.000000,0.006115,-0.003222,0.000422,-0.000338
1777059700.102391,0.746021,-0.749283,1.249565,-2.617147,0.013225,-0.005892,0.004758,-0.000709,0.750000,-0.750000,1.250000,3.665191,0.000000,0.000000,0.000000,0.000000,0.005989,-0.003119,0.000432,-0.000326
1777059700.135886,0.746501,-0.749277,1.249549,-2.617167,0.012938,-0.005754,0.004617,-0.000686,0.750000,-0.750000,1.250000,3.665191,0.000000,0.000000,0.000000,0.000000,0.004568,-0.002289,0.000440,-0.000402
1777059700.169038,0.746670,-0.749281,1.249579,-2.617188,0.012943,-0.005771,0.004537,-0.000672,0.750000,-0.750000,1.250000,3.665191,0.000000,0.000000,0.000000,0.000000,0.006033,-0.003083,0.000483,-0.000384
1777059700.202359,0.747067,-0.749283,1.249586,-2.617217,0.012701,-0.005647,0.004439,-0.000684,0.750000,-0.750000,1.250000,3.665191,0.000000,0.000000,0.000000,0.000000,0.005602,-0.002871,0.000431,-0.000356
1777059700.235727,0.747277,-0.749284,1.249590,-2.617246,0.012647,-0.005634,0.004335,-0.000692,0.750000,-0.750000,1.250000,3.665191,0.000000,0.000000,0.000000,0.000000,0.006540,-0.003425,0.000426,-0.000298
1777059700.269016,0.747662,-0.749288,1.249613,-2.617272,0.012425,-0.005522,0.004250,-0.000687,0.750000,-0.750000,1.250000,3.665191,0.000000,0.000000,0.000000,0.000000,0.006365,-0.003328,0.000427,-0.000238
1777059700.302388,0.747890,-0.749286,1.249613,-2.617292,0.012320,-0.005481,0.004160,-0.000680,0.750000,-0.750000,1.250000,3.665191,0.000000,0.000000,0.000000,0.000000,0.007212,-0.003850,0.000388,-0.000195
1777059700.335802,0.748238,-0.749290,1.249618,-2.617307,0.012110,-0.005373,0.004067,-0.000653,0.750000,-0.750000,1.250000,3.665191,0.000000,0.000000,0.000000,0.000000,0.007150,-0.003783,0.000396,-0.000181
1777059700.369122,0.748430,-0.749292,1.249638,-2.617318,0.012049,-0.005355,0.003994,-0.000618,0.750000,-0.750000,1.250000,3.665191,0.000000,0.000000,0.000000,0.000000,0.007777,-0.004176,0.000394,-0.000189
1777059700.402396,0.748430,-0.749292,1.249638,-2.617318,0.012049,-0.005355,0.003994,-0.000618,0.750000,-0.750000,1.250000,3.665191,0.000000,0.000000,0.000000,0.000000,0.007505,-0.004022,0.000361,-0.000210
1777059700.435871,0.748818,-0.749291,1.249638,-2.617328,0.011797,-0.005231,0.003893,-0.000584,0.750000,-0.750000,1.250000,3.665191,0.000000,0.000000,0.000000,0.000000,0.006201,-0.003250,0.000367,-0.000278
1777059700.469024,0.748943,-0.749297,1.249652,-2.617340,0.011804,-0.005248,0.003805,-0.000554,0.750000,-0.750000,1.250000,3.665191,0.000000,0.000000,0.000000,0.000000,0.007233,-0.003828,0.000375,-0.000293
1777059700.502382,0.749238,-0.749303,1.249671,-2.617353,0.011634,-0.005164,0.003728,-0.000533,0.750000,-0.750000,1.250000,3.665191,0.000000,0.000000,0.000000,0.000000,0.006684,-0.003560,0.000354,-0.000300
1777059700.535813,0.749409,-0.749304,1.249674,-2.617369,0.011566,-0.005144,0.003645,-0.000525,0.750000,-0.750000,1.250000,3.665191,0.000000,0.000000,0.000000,0.000000,0.007167,-0.003875,0.000322,-0.000296
1777059700.569065,0.749409,-0.749304,1.249674,-2.617369,0.011566,-0.005144,0.003645,-0.000525,0.750000,-0.750000,1.250000,3.665191,0.000000,0.000000,0.000000,0.000000,0.006955,-0.003738,0.000322,-0.000282
1777059700.602491,0.749698,-0.749310,1.249680,-2.617387,0.011430,-0.005085,0.003524,-0.000506,0.750000,-0.750000,1.250000,3.665191,0.000000,0.000000,0.000000,0.000000,0.005815,-0.003055,0.000327,-0.000337
1777059700.635843,0.749808,-0.749315,1.249702,-2.617403,0.011440,-0.005110,0.003439,-0.000492,0.000000,0.000000,1.550000,6.283185,0.000000,0.000000,0.000000,0.000000,0.006401,-0.003439,0.000321,-0.000308
1777059700.669085,0.750070,-0.749318,1.249700,-2.617424,0.011268,-0.005028,0.003352,-0.000499,0.000000,0.000000,1.550000,6.283185,0.000000,0.000000,0.000000,0.000000,0.105760,-0.103096,0.100289,0.099723
1777059700.702358,0.750186,-0.749323,1.249702,-2.615163,0.011246,-0.005036,0.003263,0.004986,0.000000,0.000000,1.550000,6.283185,0.000000,0.000000,0.000000,0.000000,0.095305,-0.192786,0.163511,0.154136
1777059700.735886,0.749687,-0.749066,1.252499,-2.605225,0.011558,-0.005728,0.006600,0.032843,0.000000,0.000000,1.550000,6.283185,0.000000,0.000000,0.000000,0.000000,0.085356,-0.273507,0.220407,0.203153
1777059700.769099,0.749687,-0.749066,1.252499,-2.605225,0.011558,-0.005728,0.006600,0.032843,0.000000,0.000000,1.550000,6.283185,0.000000,0.000000,0.000000,0.000000,0.074314,-0.346157,0.267327,0.247304
1777059700.802419,0.749324,-0.748879,1.254452,-2.589862,0.011827,-0.006271,0.008679,0.063186,0.000000,0.000000,1.550000,6.283185,0.000000,0.000000,0.000000,0.000000,0.065086,-0.411541,0.313240,0.287039
1777059700.835778,0.747585,-0.747370,1.254971,-2.571054,0.012664,-0.008805,0.008835,0.110184,0.000000,0.000000,1.550000,6.283185,0.000000,0.000000,0.000000,0.000000,0.054492,-0.470387,0.351555,0.323067
1777059700.869068,0.746525,-0.746490,1.269013,-2.548031,0.013105,-0.011357,0.025546,0.151999,0.000000,0.000000,1.550000,6.283185,0.000000,0.000000,0.000000,0.000000,0.041521,-0.523348,0.387829,0.355854
1777059700.902412,0.743691,-0.743313,1.275400,-2.523236,0.013838,-0.016526,0.032228,0.219711,0.000000,0.000000,1.550000,6.283185,0.000000,0.000000,0.000000,0.000000,0.027915,-0.571013,0.399188,0.385799
1777059700.935793,0.742082,-0.741546,1.278828,-2.494965,0.014196,-0.019260,0.035271,0.286254,0.000000,0.000000,1.550000,6.283185,0.000000,0.000000,0.000000,0.000000,0.012160,-0.613912,0.418123,0.413221
1777059700.968998,0.738086,-0.736600,1.298938,-2.464558,0.014680,-0.027855,0.058265,0.355197,0.000000,0.000000,1.550000,6.283185,0.000000,0.000000,0.000000,0.000000,-0.004355,-0.652521,0.438418,0.438433
1777059701.002359,0.735814,-0.733803,1.309789,-2.432175,0.014835,-0.032385,0.069637,0.425618,0.000000,0.000000,1.550000,6.283185,0.000000,0.000000,0.000000,0.000000,-0.022839,-0.686723,0.428439,0.461688
1777059701.035807,0.730483,-0.726802,1.315960,-2.397550,0.014560,-0.042173,0.074080,0.483584,0.000000,0.000000,1.550000,6.283185,0.000000,0.000000,0.000000,0.000000,-0.042270,-0.718050,0.429581,0.483214
1777059701.069060,0.727635,-0.723044,1.339466,-2.362396,0.014418,-0.048775,0.100551,0.555912,0.000000,0.000000,1.550000,6.283185,0.000000,0.000000,0.000000,0.000000,-0.062765,-0.737542,0.435826,0.503216
1777059701.102448,0.721143,-0.714223,1.352911,-2.324800,0.013183,-0.061147,0.112814,0.610998,0.000000,0.000000,1.550000,6.283185,0.000000,0.000000,0.000000,0.000000,-0.084576,-0.762023,0.409520,0.521852
1777059701.135859,0.717458,-0.709255,1.360052,-2.286559,0.012232,-0.067302,0.117616,0.665220,0.000000,0.000000,1.550000,6.283185,0.000000,0.000000,0.000000,0.000000,-0.105916,-0.768308,0.397093,0.539282
1777059701.169132,0.709942,-0.698824,1.384092,-2.247420,0.009883,-0.082125,0.142510,0.722677,0.000000,0.000000,1.550000,6.283185,0.000000,0.000000,0.000000,0.000000,-0.129500,-0.782090,0.393710,0.555625
1777059701.202396,0.705422,-0.692689,1.397657,-2.206568,0.008253,-0.089578,0.153877,0.764033,0.000000,0.000000,1.550000,6.283185,0.000000,0.000000,0.000000,0.000000,-0.150457,-0.776982,0.357387,0.571008
1777059701.235691,0.696757,-0.680569,1.404326,-2.165822,0.003938,-0.104251,0.156391,0.816884,0.000000,0.000000,1.550000,6.283185,0.000000,0.000000,0.000000,0.000000,-0.174837,-0.781163,0.337402,0.585523
1777059701.269012,0.691881,-0.673845,1.425915,-2.123901,0.001747,-0.112584,0.177913,0.870616,0.000000,0.000000,1.550000,6.283185,0.000000,0.000000,0.000000,0.000000,-0.193990,-0.765374,0.328822,0.599269
1777059701.302448,0.681932,-0.659973,1.437927,-2.080711,-0.004388,-0.128773,0.186093,0.912762,0.000000,0.000000,1.550000,6.283185,0.000000,0.000000,0.000000,0.000000,-0.218486,-0.762812,0.290317,0.612329
1777059701.335799,0.676194,-0.652118,1.444368,-2.036984,-0.008075,-0.136108,0.187701,0.949629,0.000000,0.000000,1.550000,6.283185,0.000000,0.000000,0.000000,0.000000,-0.234185,-0.736797,0.268140,0.624780
1777059701.369020,0.665197,-0.636717,1.462829,-1.992686,-0.016203,-0.153160,0.203583,0.984573,0.000000,0.000000,1.550000,6.283185,0.000000,0.000000,0.000000,0.000000,-0.257458,-0.726528,0.255841,0.636669
1777059701.402452,0.659093,-0.628303,1.472393,-1.947924,-0.020763,-0.160374,0.208856,1.022456,0.000000,0.000000,1.550000,6.283185,0.000000,0.000000,0.000000,0.000000,-0.268003,-0.692200,0.218975,0.648060
1777059701.435769,0.646044,-0.610294,1.478369,-1.901077,-0.032267,-0.176925,0.207189,1.027004,0.000000,0.000000,1.550000,6.283185,0.000000,0.000000,0.000000,0.000000,-0.289683,-0.676993,0.198360,0.658995
1777059701.469058,0.640184,-0.601948,1.491167,-1.856419,-0.037352,-0.183106,0.216969,1.071813,0.000000,0.000000,1.550000,6.283185,0.000000,0.000000,0.000000,0.000000,-0.291193,-0.631661,0.184431,0.669484
1777059701.502400,0.627868,-0.584604,1.498290,-1.809264,-0.050022,-0.198140,0.218721,1.104364,0.000000,0.000000,1.550000,6.283185,0.000000,0.000000,0.000000,0.000000,-0.311780,-0.614890,0.156378,0.679600
1777059701.536177,0.621021,-0.575138,1.501875,-1.761995,-0.056745,-0.203626,0.216546,1.138960,0.000000,0.000000,1.550000,6.283185,0.000000,0.000000,0.000000,0.000000,-0.309022,-0.570658,0.139086,0.689401
1777059701.569005,0.607966,-0.556678,1.511319,-1.713830,-0.071685,-0.217731,0.221388,1.166012,0.000000,0.000000,1.550000,6.283185,0.000000,0.000000,0.000000,0.000000,-0.325305,-0.548150,0.128802,0.698900
1777059701.602340,0.599869,-0.545729,1.516891,-1.664415,-0.079673,-0.222038,0.219916,1.169123,0.000000,0.000000,1.550000,6.283185,0.000000,0.000000,0.000000,0.000000,-0.313284,-0.500588,0.106599,0.708136
1777059701.635780,0.586682,-0.526564,1.518916,-1.616251,-0.096854,-0.233892,0.215920,1.195357,0.000000,0.000000,1.550000,6.283185,0.000000,0.000000,0.000000,0.000000,-0.322793,-0.472515,0.091957,0.717062
1777059701.669022,0.579286,-0.516316,1.524653,-1.566766,-0.105102,-0.236987,0.216509,1.223127,0.000000,0.000000,1.550000,6.283185,0.000000,0.000000,0.000000,0.000000,-0.301423,-0.425673,0.084559,0.725736
1777059701.702375,0.566357,-0.497368,1.527298,-1.517304,-0.123381,-0.246945,0.214264,1.266875,0.000000,0.000000,1.550000,6.283185,0.000000,0.000000,0.000000,0.000000,-0.310535,-0.400114,0.069774,0.734199
1777059701.735788,0.558662,-0.486703,1.528792,-1.466479,-0.132731,-0.249220,0.210110,1.302893,0.000000,0.000000,1.550000,6.283185,0.000000,0.000000,0.000000,0.000000,-0.282737,-0.356804,0.061260,0.742477
1777059701.769015,0.544365,-0.466211,1.532521,-1.414711,-0.153246,-0.256999,0.208214,1.321020,0.000000,0.000000,1.550000,6.283185,0.000000,0.000000,0.000000,0.000000,-0.287250,-0.330755,0.055295,0.750574
1777059701.802433,0.535911,-0.454517,1.534545,-1.362576,-0.163065,-0.256918,0.203548,1.325985,0.000000,0.000000,1.550000,6.283185,0.000000,0.000000,0.000000,0.000000,-0.245098,-0.287639,0.044981,0.758463
1777059701.835770,0.521505,-0.433502,1.535401,-1.310462,-0.184538,-0.261061,0.197701,1.331153,0.000000,0.000000,1.550000,6.283185,0.000000,0.000000,0.000000,0.000000,-0.242051,-0.261324,0.038243,0.766079
1777059701.868990,0.514703,-0.423238,1.536803,-1.259085,-0.193430,-0.259392,0.193726,1.366730,0.000000,0.000000,1.550000,6.283185,0.000000,0.000000,0.000000,0.000000,-0.189946,-0.225118,0.034102,0.773404
1777059701.902469,0.501091,-0.403176,1.537726,-1.205621,-0.214441,-0.261037,0.188821,1.388675,0.000000,0.000000,1.550000,6.283185,0.000000,0.000000,0.000000,0.000000,-0.192462,-0.205681,0.029083,0.780500
1777059701.935769,0.493719,-0.392467,1.538045,-1.152414,-0.223549,-0.258022,0.183274,1.416689,0.000000,0.000000,1.550000,6.283185,0.000000,0.000000,0.000000,0.000000,-0.138637,-0.178947,0.025234,0.787246
1777059701.969027,0.480279,-0.372508,1.538886,-1.098289,-0.244477,-0.256767,0.178426,1.437410,0.000000,0.000000,1.550000,6.283185,0.000000,0.000000,0.000000,0.000000,-0.136207,-0.160549,0.022834,0.793635
1777059702.002334,0.473127,-0.361920,1.539166,-1.044429,-0.253174,-0.252287,0.173141,1.468333,0.000000,0.000000,1.550000,6.283185,0.000000,0.000000,0.000000,0.000000,-0.077450,-0.143348,0.019587,0.799500
1777059702.035776,0.460141,-0.342511,1.539271,-0.989606,-0.273349,-0.248336,0.167629,1.493010,0.000000,0.000000,1.550000,6.283185,0.000000,0.000000,0.000000,0.000000,-0.074321,-0.128510,0.017659,0.804777
1777059702.068985,0.452398,-0.331567,1.539808,-0.934158,-0.281441,-0.241950,0.162126,1.504946,0.000000,0.000000,1.550000,6.283185,0.000000,0.000000,0.000000,0.000000,-0.014788,-0.121508,0.016282,0.809179
1777059702.102409,0.438695,-0.311537,1.540043,-0.878240,-0.300627,-0.234042,0.155797,1.500467,0.000000,0.000000,1.550000,6.283185,0.000000,0.000000,0.000000,0.000000,-0.007346,-0.109181,0.014207,0.812408
1777059702.135894,0.432513,-0.301678,1.539829,-0.823944,-0.306718,-0.226277,0.150161,1.525379,0.000000,0.000000,1.550000,6.283185,0.000000,0.000000,0.000000,0.000000,0.059526,-0.113160,0.012902,0.813992
1777059702.168988,0.420308,-0.283383,1.539974,-0.768060,-0.323540,-0.216656,0.144554,1.538626,0.000000,0.000000,1.550000,6.283185,0.000000,0.000000,0.000000,0.000000,0.057725,-0.105664,0.012658,0.813832
1777059702.202354,0.413133,-0.273222,1.540210,-0.712071,-0.328385,-0.207214,0.138739,1.537952,0.000000,0.000000,1.550000,6.283185,0.000000,0.000000,0.000000,0.000000,0.113479,-0.118668,0.011838,0.810716
1777059702.235769,0.401801,-0.255735,1.539934,-0.657311,-0.342794,-0.195261,0.132968,1.548132,0.000000,0.000000,1.550000,6.283185,0.000000,0.000000,0.000000,0.000000,0.116527,-0.112663,0.010958,0.803894
1777059702.268997,0.395754,-0.246488,1.540034,-0.602834,-0.346206,-0.185551,0.128067,1.562075,0.000000,0.000000,1.550000,6.283185,0.000000,0.000000,0.000000,0.000000,0.165211,-0.134925,0.011228,0.792725
1777059702.302354,0.384772,-0.229963,1.539958,-0.548770,-0.358394,-0.172205,0.122834,1.568088,0.000000,0.000000,1.550000,6.283185,0.000000,0.000000,0.000000,0.000000,0.160364,-0.130632,0.010843,0.775632
1777059702.335767,0.378800,-0.221032,1.539939,-0.496137,-0.360345,-0.161822,0.118046,1.570936,0.000000,0.000000,1.550000,6.283185,0.000000,0.000000,0.000000,0.000000,0.202613,-0.158099,0.010902,0.750981
1777059702.369009,0.369013,-0.205810,1.539888,-0.445726,-0.370137,-0.147830,0.113689,1.580219,0.000000,0.000000,1.550000,6.283185,0.000000,0.000000,0.000000,0.000000,0.196268,-0.154888,0.010925,0.717850
1777059702.402330,0.362931,-0.197178,1.540061,-0.396684,-0.370800,-0.137091,0.109391,1.567372,0.000000,0.000000,1.550000,6.283185,0.000000,0.000000,0.000000,0.000000,0.226987,-0.185514,0.011077,0.675856
1777059702.435841,0.353100,-0.182436,1.539907,-0.351375,-0.378043,-0.121842,0.104931,1.546736,0.000000,0.000000,1.550000,6.283185,0.000000,0.000000,0.000000,0.000000,0.220450,-0.182880,0.010830,0.623038
1777059702.469106,0.347273,-0.174187,1.540289,-0.309580,-0.376465,-0.110712,0.100994,1.506914,0.000000,0.000000,1.550000,6.283185,0.000000,0.000000,0.000000,0.000000,0.247754,-0.217427,0.011290,0.563087
1777059702.502372,0.338485,-0.160513,1.540174,-0.273343,-0.380980,-0.095414,0.097046,1.466759,0.000000,0.000000,1.550000,6.283185,0.000000,0.000000,0.000000,0.000000,0.239087,-0.215294,0.010704,0.497471
1777059702.535784,0.333031,-0.152808,1.540290,-0.241532,-0.377685,-0.084678,0.093036,1.405514,0.000000,0.000000,1.550000,6.283185,0.000000,0.000000,0.000000,0.000000,0.256989,-0.249991,0.011145,0.434141
1777059702.569004,0.325110,-0.140233,1.540392,-0.216060,-0.380037,-0.070055,0.089815,1.344442,0.000000,0.000000,1.550000,6.283185,0.000000,0.000000,0.000000,0.000000,0.246088,-0.247101,0.011156,0.374238
1777059702.602386,0.320545,-0.133262,1.540519,-0.195169,-0.376183,-0.060537,0.086573,1.272480,0.000000,0.000000,1.550000,6.283185,0.000000,0.000000,0.000000,0.000000,0.257030,-0.279675,0.011205,0.327375
1777059702.635832,0.312213,-0.121301,1.540499,-0.178660,-0.376729,-0.046407,0.083067,1.191074,0.000000,0.000000,1.550000,6.283185,0.000000,0.000000,0.000000,0.000000,0.241892,-0.274985,0.011218,0.291316
1777059702.669115,0.308434,-0.114936,1.540792,-0.165751,-0.371991,-0.037946,0.080450,1.112458,0.000000,0.000000,1.550000,6.283185,0.000000,0.000000,0.000000,0.000000,0.254924,-0.306734,0.011544,0.267346
1777059702.702333,0.301224,-0.104363,1.540862,-0.154739,-0.371802,-0.025669,0.077659,1.035458,0.000000,0.000000,1.550000,6.283185,0.000000,0.000000,0.000000,0.000000,0.236521,-0.300789,0.011238,0.253950
1777059702.735798,0.296894,-0.098244,1.540973,-0.144615,-0.366388,-0.017878,0.074643,0.960774,0.000000,0.000000,1.550000,6.283185,0.000000,0.000000,0.000000,0.000000,0.243405,-0.326603,0.011380,0.245390
1777059702.769022,0.290366,-0.088720,1.541268,-0.134927,-0.365264,-0.007010,0.072410,0.895593,0.000000,0.000000,1.550000,6.283185,0.000000,0.000000,0.000000,0.000000,0.229910,-0.321105,0.011445,0.238025
1777059702.802367,0.286704,-0.083353,1.541452,-0.124923,-0.359963,-0.000489,0.069938,0.837455,0.000000,0.000000,1.550000,6.283185,0.000000,0.000000,0.000000,0.000000,0.233507,-0.342681,0.011129,0.230407
1777059702.835674,0.280215,-0.074807,1.541466,-0.114739,-0.358279,0.009056,0.067378,0.785468,0.000000,0.000000,1.550000,6.283185,0.000000,0.000000,0.000000,0.000000,0.217624,-0.334548,0.011027,0.219700
1777059702.869006,0.276799,-0.070036,1.541910,-0.104593,-0.352789,0.014606,0.065411,0.739390,0.000000,0.000000,1.550000,6.283185,0.000000,0.000000,0.000000,0.000000,0.221801,-0.351784,0.011266,0.206678
1777059702.902360,0.270752,-0.062574,1.542072,-0.094748,-0.350676,0.022752,0.063214,0.697034,0.000000,0.000000,1.550000,6.283185,0.000000,0.000000,0.000000,0.000000,0.205955,-0.341921,0.010627,0.192431
1777059702.935834,0.266020,-0.057774,1.542350,-0.085111,-0.343023,0.027998,0.060182,0.649833,0.000000,0.000000,1.550000,6.283185,0.000000,0.000000,0.000000,0.000000,0.208379,-0.354120,0.010539,0.178232
1777059702.969081,0.260619,-0.051157,1.542691,-0.076820,-0.339021,0.035041,0.058072,0.608768,0.000000,0.000000,1.550000,6.283185,0.000000,0.000000,0.000000,0.000000,0.201675,-0.346792,0.010221,0.163619
1777059703.002358,0.257684,-0.047557,1.542884,-0.069097,-0.331793,0.038781,0.055682,0.569818,0.000000,0.000000,1.550000,6.283185,0.000000,0.000000,0.000000,0.000000,0.200770,-0.355622,0.009761,0.153761
1777059703.035676,0.252771,-0.042126,1.542874,-0.062205,-0.328101,0.044341,0.053404,0.534472,0.000000,0.000000,1.550000,6.283185,0.000000,0.000000,0.000000,0.000000,0.184612,-0.342372,0.009590,0.145204
1777059703.069160,0.252771,-0.042126,1.542874,-0.062205,-0.328101,0.044341,0.053404,0.534472,0.000000,0.000000,1.550000,6.283185,0.000000,0.000000,0.000000,0.000000,0.182239,-0.345225,0.009830,0.139187
1777059703.102354,0.249037,-0.037912,1.543277,-0.055333,-0.319335,0.048308,0.050821,0.496602,0.000000,0.000000,1.550000,6.283185,0.000000,0.000000,0.000000,0.000000,0.150260,-0.307730,0.010029,0.162667
1777059703.135836,0.244436,-0.033710,1.543427,-0.049264,-0.314984,0.052292,0.048796,0.465319,0.000000,0.000000,1.550000,6.283185,0.000000,0.000000,0.000000,0.000000,0.144191,-0.306152,0.009420,0.153066
1777059703.168998,0.242477,-0.031540,1.543413,-0.042578,-0.308776,0.054149,0.046874,0.441885,0.000000,0.000000,1.550000,6.283185,0.000000,0.000000,0.000000,0.000000,0.143822,-0.305466,0.009309,0.146241
1777059703.202361,0.237638,-0.027613,1.543803,-0.033956,-0.305161,0.057734,0.045337,0.424718,0.000000,0.000000,1.550000,6.283185,0.000000,0.000000,0.000000,0.000000,0.127838,-0.290326,0.009529,0.135859
1777059703.235723,0.232111,-0.024354,1.544345,-0.017866,-0.292942,0.059674,0.041841,0.407083,0.000000,0.000000,1.550000,6.283185,0.000000,0.000000,0.000000,0.000000,0.130449,-0.290575,0.008928,0.116270
1777059703.269000,0.229364,-0.021376,1.544557,-0.011146,-0.287441,0.062233,0.040215,0.387920,0.000000,0.000000,1.550000,6.283185,0.000000,0.000000,0.000000,0.000000,0.136392,-0.286255,0.008017,0.062742
1777059703.302347,0.224346,-0.017828,1.544733,-0.006566,-0.284390,0.065284,0.038489,0.363497,0.000000,0.000000,1.550000,6.283185,0.000000,0.000000,0.000000,0.000000,0.125911,-0.281168,0.007749,0.053363
1777059703.335750,0.221616,-0.015879,1.544812,-0.005556,-0.278827,0.066510,0.036708,0.330344,0.000000,0.000000,1.550000,6.283185,0.000000,0.000000,0.000000,0.000000,0.129839,-0.281799,0.007549,0.052999
1777059703.369005,0.217302,-0.013338,1.545134,-0.005140,-0.275353,0.068333,0.035361,0.298657,0.000000,0.000000,1.550000,6.283185,0.000000,0.000000,0.000000,0.000000,0.120291,-0.270544,0.007544,0.067546
1777059703.402354,0.214807,-0.011851,1.545315,-0.004067,-0.269499,0.068872,0.033772,0.272115,0.000000,0.000000,1.550000,6.283185,0.000000,0.000000,0.000000,0.000000,0.121189,-0.265610,0.007040,0.082738
1777059703.435790,0.210660,-0.009896,1.545372,-0.001323,-0.265380,0.069867,0.032038,0.253153,0.000000,0.000000,1.550000,6.283185,0.000000,0.000000,0.000000,0.000000,0.111522,-0.253387,0.006810,0.092970
1777059703.469051,0.208528,-0.008841,1.545687,0.003019,-0.259178,0.069839,0.030685,0.241065,0.000000,0.000000,1.550000,6.283185,0.000000,0.000000,0.000000,0.000000,0.112673,-0.246430,0.006833,0.094073
1777059703.502575,0.205019,-0.007535,1.545797,0.008325,-0.255157,0.070176,0.029225,0.234120,0.000000,0.000000,1.550000,6.283185,0.000000,0.000000,0.000000,0.000000,0.101976,-0.233339,0.006327,0.087026
1777059703.535727,0.203022,-0.006797,1.545854,0.013824,-0.249258,0.069834,0.027685,0.227966,0.000000,0.000000,1.550000,6.283185,0.000000,0.000000,0.000000,0.000000,0.100545,-0.223775,0.006227,0.075281
1777059703.569004,0.199357,-0.005808,1.546134,0.018730,-0.244931,0.069729,0.026395,0.219768,0.000000,0.000000,1.550000,6.283185,0.000000,0.000000,0.000000,0.000000,0.090429,-0.210715,0.006239,0.062621
1777059703.602347,0.197388,-0.005280,1.546270,0.022609,-0.238576,0.069054,0.024919,0.209039,0.000000,0.000000,1.550000,6.283185,0.000000,0.000000,0.000000,0.000000,0.091256,-0.201202,0.005793,0.052629
1777059703.635789,0.194095,-0.004661,1.546294,0.025440,-0.234096,0.068548,0.023403,0.196570,0.000000,0.000000,1.550000,6.283185,0.000000,0.000000,0.000000,0.000000,0.082085,-0.188883,0.005635,0.047077
1777059703.669121,0.192831,-0.004460,1.546508,0.027489,-0.228723,0.067730,0.022397,0.184178,0.000000,0.000000,1.550000,6.283185,0.000000,0.000000,0.000000,0.000000,0.081778,-0.178747,0.005703,0.045779
1777059703.702422,0.189678,-0.004065,1.546622,0.029370,-0.225005,0.067089,0.021196,0.171896,0.000000,0.000000,1.550000,6.283185,0.000000,0.000000,0.000000,0.000000,0.069557,-0.166022,0.005383,0.047339
1777059703.735868,0.187664,-0.003784,1.546692,0.031348,-0.219150,0.066138,0.019811,0.160414,0.000000,0.000000,1.550000,6.283185,0.000000,0.000000,0.000000,0.000000,0.069865,-0.156412,0.005259,0.048830
1777059703.769024,0.184728,-0.003615,1.546894,0.033515,-0.215184,0.065217,0.018789,0.151228,0.000000,0.000000,1.550000,6.283185,0.000000,0.000000,0.000000,0.000000,0.063432,-0.146650,0.005227,0.049061
1777059703.802446,0.182791,-0.003450,1.547011,0.036056,-0.209075,0.064089,0.017485,0.143063,0.000000,0.000000,1.550000,6.283185,0.000000,0.000000,0.000000,0.000000,0.063298,-0.137121,0.004923,0.047771
1777059703.835667,0.180409,-0.003539,1.547019,0.038568,-0.205584,0.063044,0.016406,0.137806,0.000000,0.000000,1.550000,6.283185,0.000000,0.000000,0.000000,0.000000,0.057229,-0.128246,0.004787,0.044224
1777059703.869004,0.178055,-0.003356,1.547292,0.041406,-0.199167,0.061818,0.015194,0.130906,0.000000,0.000000,1.550000,6.283185,0.000000,0.000000,0.000000,0.000000,0.054616,-0.118273,0.004870,0.040475
1777059703.902397,0.174874,-0.003410,1.547400,0.043855,-0.193936,0.060399,0.013828,0.123778,0.000000,0.000000,1.550000,6.283185,0.000000,0.000000,0.000000,0.000000,0.052026,-0.111326,0.004419,0.034848
1777059703.935832,0.173631,-0.003540,1.547406,0.045924,-0.187526,0.058985,0.012551,0.116974,0.000000,0.000000,1.550000,6.283185,0.000000,0.000000,0.000000,0.000000,0.054868,-0.103328,0.004294,0.030661
1777059703.969043,0.173631,-0.003540,1.547406,0.045924,-0.187526,0.058985,0.012551,0.116974,0.000000,0.000000,1.550000,6.283185,0.000000,0.000000,0.000000,0.000000,0.045760,-0.094874,0.004380,0.027836
1777059704.002476,0.171330,-0.003884,1.547551,0.047641,-0.181443,0.057237,0.011322,0.109319,0.000000,0.000000,1.550000,6.283185,0.000000,0.000000,0.000000,0.000000,0.030073,-0.087931,0.004467,0.034121
1777059704.035846,0.169930,-0.003964,1.547643,0.048955,-0.176168,0.056045,0.010345,0.102260,0.000000,0.000000,1.550000,6.283185,0.000000,0.000000,0.000000,0.000000,0.029888,-0.079456,0.004266,0.031773
1777059704.069077,0.167552,-0.004242,1.547641,0.050309,-0.172802,0.054814,0.009425,0.096460,0.000000,0.000000,1.550000,6.283185,0.000000,0.000000,0.000000,0.000000,0.024178,-0.073508,0.004167,0.030850
1777059704.102450,0.166072,-0.004370,1.547811,0.052152,-0.167897,0.053623,0.008654,0.092291,0.000000,0.000000,1.550000,6.283185,0.000000,0.000000,0.000000,0.000000,0.025126,-0.066759,0.004259,0.029355
1777059704.135996,0.163023,-0.004608,1.547916,0.053931,-0.163975,0.052260,0.007666,0.087684,0.000000,0.000000,1.550000,6.283185,0.000000,0.000000,0.000000,0.000000,0.020501,-0.061456,0.004002,0.025337
1777059704.169075,0.161737,-0.004822,1.547935,0.055516,-0.158820,0.050964,0.006716,0.083429,0.000000,0.000000,1.550000,6.283185,0.000000,0.000000,0.000000,0.000000,0.026027,-0.056185,0.003870,0.021372
1777059704.202338,0.159302,-0.005202,1.548103,0.056772,-0.155767,0.049689,0.006074,0.079067,0.000000,0.000000,1.550000,6.283185,0.000000,0.000000,0.000000,0.000000,0.020309,-0.050903,0.003913,0.018076
1777059704.235666,0.157932,-0.005407,1.548197,0.057749,-0.151405,0.048539,0.005319,0.074167,0.000000,0.000000,1.550000,6.283185,0.000000,0.000000,0.000000,0.000000,0.022334,-0.045089,0.003651,0.016038
1777059704.269015,0.155218,-0.005734,1.548235,0.058465,-0.148350,0.047299,0.004488,0.068836,0.000000,0.000000,1.550000,6.283185,0.000000,0.000000,0.000000,0.000000,0.017631,-0.040721,0.003531,0.014953
1777059704.302373,0.154122,-0.005995,1.548378,0.058927,-0.144515,0.046215,0.003975,0.063557,0.000000,0.000000,1.550000,6.283185,0.000000,0.000000,0.000000,0.000000,0.021783,-0.036176,0.003525,0.014677
1777059704.335857,0.151440,-0.006309,1.548458,0.059368,-0.141889,0.045078,0.003301,0.058550,0.000000,0.000000,1.550000,6.283185,0.000000,0.000000,0.000000,0.000000,0.015663,-0.031890,0.003298,0.015185
1777059704.369056,0.149858,-0.006479,1.548485,0.059793,-0.137521,0.043956,0.002522,0.053873,0.000000,0.000000,1.550000,6.283185,0.000000,0.000000,0.000000,0.000000,0.020005,-0.028070,0.003197,0.015398
1777059704.402363,0.146054,-0.006661,1.548680,0.060909,-0.131867,0.042330,0.001456,0.050356,0.000000,0.000000,1.550000,6.283185,0.000000,0.000000,0.000000,0.000000,0.017174,-0.025240,0.003202,0.015303
1777059704.435794,0.146054,-0.006661,1.548680,0.060909,-0.131867,0.042330,0.001456,0.050356,0.000000,0.000000,1.550000,6.283185,0.000000,0.000000,0.000000,0.000000,0.028379,-0.023296,0.002871,0.011661
1777059704.469033,0.144143,-0.007434,1.548734,0.061478,-0.128509,0.040680,0.000807,0.046971,0.000000,0.000000,1.550000,6.283185,0.000000,0.000000,0.000000,0.000000,0.015182,-0.021532,0.002919,0.013089
1777059704.502372,0.142229,-0.007518,1.548876,0.062128,-0.124381,0.039681,0.000211,0.043929,0.000000,0.000000,1.550000,6.283185,0.000000,0.000000,0.000000,0.000000,0.015426,-0.014412,0.002861,0.011628
1777059704.535910,0.139671,-0.007823,1.548950,0.062505,-0.121416,0.038548,-0.000430,0.040544,0.000000,0.000000,1.550000,6.283185,0.000000,0.000000,0.000000,0.000000,0.015399,-0.013257,0.002623,0.009576
1777059704.569024,0.138507,-0.008028,1.548964,0.062775,-0.117374,0.037520,-0.001034,0.037265,0.000000,0.000000,1.550000,6.283185,0.000000,0.000000,0.000000,0.000000,0.019596,-0.010637,0.002518,0.008546
1777059704.602379,0.136162,-0.008285,1.549071,0.062939,-0.114498,0.036490,-0.001531,0.033986,0.000000,0.000000,1.550000,6.283185,0.000000,0.000000,0.000000,0.000000,0.014761,-0.008402,0.002534,0.007778
1777059704.635847,0.135240,-0.008488,1.549118,0.063010,-0.111019,0.035591,-0.001980,0.030820,0.000000,0.000000,1.550000,6.283185,0.000000,0.000000,0.000000,0.000000,0.017835,-0.006338,0.002361,0.007245
1777059704.669005,0.133170,-0.008723,1.549136,0.063096,-0.108871,0.034741,-0.002456,0.028016,0.000000,0.000000,1.550000,6.283185,0.000000,0.000000,0.000000,0.000000,0.011813,-0.004257,0.002307,0.006936
1777059704.702428,0.132027,-0.008858,1.549227,0.063185,-0.105648,0.033939,-0.002822,0.025498,0.000000,0.000000,1.550000,6.283185,0.000000,0.000000,0.000000,0.000000,0.013611,-0.002482,0.002311,0.006373
1777059704.735815,0.129853,-0.009042,1.549271,0.063289,-0.103460,0.033134,-0.003258,0.023263,0.000000,0.000000,1.550000,6.283185,0.000000,0.000000,0.000000,0.000000,0.009485,-0.001225,0.002167,0.005627
1777059704.769058,0.128713,-0.009160,1.549281,0.063400,-0.100178,0.032345,-0.003706,0.021274,0.000000,0.000000,1.550000,6.283185,0.000000,0.000000,0.000000,0.000000,0.012296,-0.000040,0.002113,0.004662
1777059704.802413,0.126479,-0.009305,1.549370,0.063512,-0.097808,0.031552,-0.004085,0.019460,0.000000,0.000000,1.550000,6.283185,0.000000,0.000000,0.000000,0.000000,0.008428,0.000991,0.002128,0.003535
1777059704.835822,0.125458,-0.009425,1.549409,0.063567,-0.094568,0.030785,-0.004461,0.017681,0.000000,0.000000,1.550000,6.283185,0.000000,0.000000,0.000000,0.000000,0.011868,0.001770,0.001983,0.002270
1777059704.869112,0.123121,-0.009522,1.549420,0.063584,-0.091939,0.029996,-0.004955,0.015956,0.000000,0.000000,1.550000,6.283185,0.000000,0.000000,0.000000,0.000000,0.007448,0.002814,0.001935,0.001160
1777059704.902439,0.122204,-0.009640,1.549510,0.063469,-0.088652,0.029236,-0.005245,0.014019,0.000000,0.000000,1.550000,6.283185,0.000000,0.000000,0.000000,0.000000,0.011756,0.003119,0.001949,0.000073
1777059704.935691,0.120243,-0.009756,1.549547,0.063302,-0.086597,0.028559,-0.005586,0.012121,0.000000,0.000000,1.550000,6.283185,0.000000,0.000000,0.000000,0.000000,0.006835,0.004184,0.001797,-0.000532
1777059704.969022,0.119257,-0.009834,1.549557,0.063060,-0.083655,0.027892,-0.005922,0.010168,0.000000,0.000000,1.550000,6.283185,0.000000,0.000000,0.000000,0.000000,0.009005,0.004773,0.001750,-0.001025
1777059705.002349,0.117350,-0.009924,1.549635,0.062782,-0.081923,0.027302,-0.006158,0.008281,0.000000,0.000000,1.550000,6.283185,0.000000,0.000000,0.000000,0.000000,0.004891,0.005443,0.001759,-0.001307
1777059705.035772,0.116312,-0.009976,1.549665,0.062489,-0.079204,0.026692,-0.006436,0.006548,0.000000,0.000000,1.550000,6.283185,0.000000,0.000000,0.000000,0.000000,0.007059,0.005816,0.001629,-0.001547
1777059705.068988,0.114226,-0.010010,1.549673,0.062199,-0.077303,0.026117,-0.006767,0.005090,0.000000,0.000000,1.550000,6.283185,0.000000,0.000000,0.000000,0.000000,0.003599,0.006243,0.001591,-0.001830
1777059705.102433,0.113134,-0.010038,1.549738,0.061902,-0.074243,0.025471,-0.007008,0.003780,0.000000,0.000000,1.550000,6.283185,0.000000,0.000000,0.000000,0.000000,0.007147,0.006105,0.001600,-0.002247
1777059705.135802,0.111209,-0.010083,1.549772,0.061594,-0.072459,0.024917,-0.007258,0.002522,0.000000,0.000000,1.550000,6.283185,0.000000,0.000000,0.000000,0.000000,0.004160,0.006366,0.001490,-0.002743
1777059705.168994,0.110224,-0.010115,1.549789,0.061272,-0.069736,0.024330,-0.007516,0.001334,0.000000,0.000000,1.550000,6.283185,0.000000,0.000000,0.000000,0.000000,0.006809,0.006433,0.001443,-0.003276
1777059705.202363,0.108456,-0.010155,1.549862,0.060917,-0.068422,0.023871,-0.007654,0.000030,0.000000,0.000000,1.550000,6.283185,0.000000,0.000000,0.000000,0.000000,0.003335,0.006800,0.001430,-0.003821
1777059705.235796,0.107504,-0.010179,1.549899,0.060541,-0.066285,0.023389,-0.007827,-0.001235,0.000000,0.000000,1.550000,6.283185,0.000000,0.000000,0.000000,0.000000,0.005234,0.006916,0.001299,-0.004267
1777059705.269049,0.105510,-0.010150,1.549902,0.060142,-0.064922,0.022972,-0.008054,-0.002282,0.000000,0.000000,1.550000,6.283185,0.000000,0.000000,0.000000,0.000000,0.001873,0.007236,0.001240,-0.004665
1777059705.302357,0.104451,-0.010145,1.549962,0.059708,-0.062528,0.022466,-0.008204,-0.003313,0.000000,0.000000,1.550000,6.283185,0.000000,0.000000,0.000000,0.000000,0.005483,0.006723,0.001247,-0.005027
1777059705.335790,0.102631,-0.010134,1.549995,0.059251,-0.061366,0.022075,-0.008355,-0.004433,0.000000,0.000000,1.550000,6.283185,0.000000,0.000000,0.000000,0.000000,0.002934,0.006821,0.001140,-0.005303
1777059705.368986,0.101636,-0.010128,1.550011,0.058784,-0.059279,0.021624,-0.008526,-0.005460,0.000000,0.000000,1.550000,6.283185,0.000000,0.000000,0.000000,0.000000,0.005545,0.006593,0.001083,-0.005526
1777059705.402426,0.099670,-0.010064,1.550057,0.058308,-0.057923,0.021239,-0.008670,-0.006232,0.000000,0.000000,1.550000,6.283185,0.000000,0.000000,0.000000,0.000000,0.002772,0.006749,0.001062,-0.005751
1777059705.435679,0.098579,-0.010025,1.550071,0.057819,-0.055322,0.020723,-0.008850,-0.006848,0.000000,0.000000,1.550000,6.283185,0.000000,0.000000,0.000000,0.000000,0.006483,0.006086,0.000977,-0.006003
1777059705.469002,0.096785,-0.009986,1.550087,0.057317,-0.053991,0.020328,-0.008997,-0.007586,0.000000,0.000000,1.550000,6.283185,0.000000,0.000000,0.000000,0.000000,0.004373,0.006016,0.000958,-0.006270
1777059705.502318,0.095854,-0.009967,1.550137,0.056809,-0.051747,0.019861,-0.009093,-0.008266,0.000000,0.000000,1.550000,6.283185,0.000000,0.000000,0.000000,0.000000,0.007026,0.005703,0.000935,-0.006520
1777059705.535799,0.095854,-0.009967,1.550137,0.056809,-0.051747,0.019861,-0.009093,-0.008266,0.000000,0.000000,1.550000,6.283185,0.000000,0.000000,0.000000,0.000000,0.004028,0.005912,0.000841,-0.006790
1777059705.569133,0.094006,-0.009922,1.550170,0.056288,-0.049746,0.019350,-0.009237,-0.008599,0.000000,0.000000,1.550000,6.283185,0.000000,0.000000,0.000000,0.000000,-0.004504,0.006578,0.000845,-0.009178
1777059705.602384,0.093178,-0.009898,1.550179,0.055748,-0.047796,0.018944,-0.009347,-0.009411,0.000000,0.000000,1.550000,6.283185,0.000000,0.000000,0.000000,0.000000,-0.000488,0.006175,0.000784,-0.009222
1777059705.635720,0.090849,-0.009697,1.550163,0.054464,-0.045166,0.018424,-0.009566,-0.010595,0.000000,0.000000,1.550000,6.283185,0.000000,0.000000,0.000000,0.000000,-0.003244,0.006351,0.000770,-0.009224
1777059705.669036,0.090280,-0.009746,1.550221,0.053674,-0.042945,0.017914,-0.009598,-0.011860,0.000000,0.000000,1.550000,6.283185,0.000000,0.000000,0.000000,0.000000,0.003775,0.004600,0.000811,-0.006104
1777059705.702409,0.090280,-0.009746,1.550221,0.053674,-0.042945,0.017914,-0.009598,-0.011860,0.000000,0.000000,1.550000,6.283185,0.000000,0.000000,0.000000,0.000000,-0.000884,0.005593,0.000698,-0.005385
1777059705.735826,0.088251,-0.009715,1.550298,0.053006,-0.042268,0.017570,-0.009604,-0.012548,0.000000,0.000000,1.550000,6.283185,0.000000,0.000000,0.000000,0.000000,-0.008679,0.006304,0.000701,-0.008087
1777059705.769045,0.086259,-0.009574,1.550297,0.052585,-0.041680,0.017361,-0.009696,-0.012508,0.000000,0.000000,1.550000,6.283185,0.000000,0.000000,0.000000,0.000000,-0.002758,0.006019,0.000548,-0.007713
1777059705.802372,0.085009,-0.009465,1.550276,0.052237,-0.039536,0.016941,-0.009815,-0.012046,0.000000,0.000000,1.550000,6.283185,0.000000,0.000000,0.000000,0.000000,0.002497,0.004896,0.000548,-0.008476
1777059705.835806,0.083246,-0.009375,1.550321,0.051889,-0.038681,0.016652,-0.009835,-0.011804,0.000000,0.000000,1.550000,6.283185,0.000000,0.000000,0.000000,0.000000,0.002619,0.004388,0.000592,-0.009573
1777059705.869071,0.082280,-0.009313,1.550332,0.051474,-0.036716,0.016243,-0.009892,-0.011671,0.000000,0.000000,1.550000,6.283185,0.000000,0.000000,0.000000,0.000000,0.006125,0.003887,0.000502,-0.010626
1777059705.902374,0.080717,-0.009230,1.550353,0.050931,-0.036008,0.015993,-0.009917,-0.012167,0.000000,0.000000,1.550000,6.283185,0.000000,0.000000,0.000000,0.000000,0.004299,0.003929,0.000479,-0.011359
1777059705.935789,0.079849,-0.009173,1.550372,0.050280,-0.034393,0.015647,-0.009939,-0.012815,0.000000,0.000000,1.550000,6.283185,0.000000,0.000000,0.000000,0.000000,0.006555,0.003598,0.000436,-0.011487
1777059705.969011,0.078299,-0.009068,1.550386,0.049558,-0.033753,0.015429,-0.009957,-0.013740,0.000000,0.000000,1.550000,6.283185,0.000000,0.000000,0.000000,0.000000,0.004242,0.003732,0.000396,-0.011158
1777059706.002364,0.077492,-0.009019,1.550396,0.048823,-0.032421,0.015127,-0.009972,-0.014724,0.000000,0.000000,1.550000,6.283185,0.000000,0.000000,0.000000,0.000000,0.006586,0.003247,0.000365,-0.010541
1777059706.035786,0.076029,-0.008917,1.550419,0.048118,-0.032046,0.014959,-0.009964,-0.015713,0.000000,0.000000,1.550000,6.283185,0.000000,0.000000,0.000000,0.000000,0.004063,0.003482,0.000342,-0.009911
1777059706.069015,0.075126,-0.008835,1.550416,0.047459,-0.030709,0.014674,-0.009987,-0.016097,0.000000,0.000000,1.550000,6.283185,0.000000,0.000000,0.000000,0.000000,0.006060,0.003061,0.000291,-0.009442
1777059706.102514,0.073365,-0.008655,1.550390,0.046844,-0.029631,0.014414,-0.010038,-0.015860,0.000000,0.000000,1.550000,6.283185,0.000000,0.000000,0.000000,0.000000,0.004368,0.003004,0.000293,-0.009212
1777059706.135799,0.073365,-0.008655,1.550390,0.046844,-0.029631,0.014414,-0.010038,-0.015860,0.000000,0.000000,1.550000,6.283185,0.000000,0.000000,0.000000,0.000000,0.008384,0.001907,0.000343,-0.009218
1777059706.169070,0.072432,-0.008626,1.550438,0.046259,-0.027922,0.013990,-0.009989,-0.015691,0.000000,0.000000,1.550000,6.283185,0.000000,0.000000,0.000000,0.000000,0.000920,0.002841,0.000342,-0.011846
1777059706.202373,0.070970,-0.008472,1.550417,0.045633,-0.026894,0.013745,-0.010010,-0.015646,0.000000,0.000000,1.550000,6.283185,0.000000,0.000000,0.000000,0.000000,0.000138,0.003199,0.000244,-0.011740
1777059706.235793,0.070322,-0.008432,1.550431,0.044776,-0.025469,0.013421,-0.009980,-0.016616,0.000000,0.000000,1.550000,6.283185,0.000000,0.000000,0.000000,0.000000,0.002855,0.002365,0.000282,-0.011479
1777059706.269026,0.068764,-0.008285,1.550433,0.043750,-0.024821,0.013214,-0.009954,-0.017619,0.000000,0.000000,1.550000,6.283185,0.000000,0.000000,0.000000,0.000000,0.000195,0.002747,0.000251,-0.010214
1777059706.302398,0.067930,-0.008204,1.550432,0.042778,-0.023230,0.012868,-0.009932,-0.018207,0.000000,0.000000,1.550000,6.283185,0.000000,0.000000,0.000000,0.000000,0.003679,0.001977,0.000243,-0.008282
1777059706.335818,0.066424,-0.008084,1.550452,0.041976,-0.022887,0.012689,-0.009881,-0.018738,0.000000,0.000000,1.550000,6.283185,0.000000,0.000000,0.000000,0.000000,0.002270,0.002000,0.000240,-0.006728
1777059706.369004,0.065663,-0.008029,1.550475,0.041364,-0.021889,0.012432,-0.009829,-0.018813,0.000000,0.000000,1.550000,6.283185,0.000000,0.000000,0.000000,0.000000,0.005403,0.001518,0.000195,-0.006005
1777059706.402360,0.064089,-0.007875,1.550474,0.040892,-0.021597,0.012284,-0.009799,-0.018255,0.000000,0.000000,1.550000,6.283185,0.000000,0.000000,0.000000,0.000000,0.003560,0.001789,0.000142,-0.006142
1777059706.435897,0.064089,-0.007875,1.550474,0.040892,-0.021597,0.012284,-0.009799,-0.018255,0.000000,0.000000,1.550000,6.283185,0.000000,0.000000,0.000000,0.000000,0.007190,0.001020,0.000139,-0.006875
1777059706.469041,0.062992,-0.007788,1.550489,0.040476,-0.020345,0.011954,-0.009741,-0.017386,0.000000,0.000000,1.550000,6.283185,0.000000,0.000000,0.000000,0.000000,0.000509,0.001936,0.000133,-0.009554
1777059706.502537,0.061577,-0.007641,1.550486,0.040046,-0.019925,0.011791,-0.009702,-0.016838,0.000000,0.000000,1.550000,6.283185,0.000000,0.000000,0.000000,0.000000,0.001503,0.001800,0.000096,-0.010218
1777059706.535795,0.060853,-0.007578,1.550495,0.039508,-0.018900,0.011534,-0.009649,-0.016759,0.000000,0.000000,1.550000,6.283185,0.000000,0.000000,0.000000,0.000000,0.004536,0.001107,0.000094,-0.010764
1777059706.569244,0.059276,-0.007407,1.550479,0.038770,-0.018441,0.011357,-0.009608,-0.016855,0.000000,0.000000,1.550000,6.283185,0.000000,0.000000,0.000000,0.000000,0.002945,0.001309,0.000068,-0.010780
1777059706.602374,0.058549,-0.007354,1.550501,0.037983,-0.017481,0.011096,-0.009533,-0.017510,0.000000,0.000000,1.550000,6.283185,0.000000,0.000000,0.000000,0.000000,0.007051,0.000410,0.000094,-0.009910
1777059706.635792,0.057115,-0.007220,1.550510,0.037184,-0.017358,0.010964,-0.009473,-0.018142,0.000000,0.000000,1.550000,6.283185,0.000000,0.000000,0.000000,0.000000,0.005415,0.000732,0.000041,-0.008857
1777059706.669005,0.056242,-0.007114,1.550490,0.036445,-0.016097,0.010670,-0.009426,-0.018009,0.000000,0.000000,1.550000,6.283185,0.000000,0.000000,0.000000,0.000000,0.008567,0.000196,0.000015,-0.007801
1777059706.702331,0.054862,-0.007001,1.550516,0.035830,-0.016040,0.010532,-0.009338,-0.018113,0.000000,0.000000,1.550000,6.283185,0.000000,0.000000,0.000000,0.000000,0.007891,0.000059,0.000048,-0.007072
1777059706.735686,0.054142,-0.006942,1.550529,0.035312,-0.015329,0.010320,-0.009269,-0.017985,0.000000,0.000000,1.550000,6.283185,0.000000,0.000000,0.000000,0.000000,0.010650,-0.000257,-0.000013,-0.006914
1777059706.769139,0.052787,-0.006810,1.550532,0.034851,-0.015339,0.010217,-0.009208,-0.017661,0.000000,0.000000,1.550000,6.283185,0.000000,0.000000,0.000000,0.000000,0.008998,0.000035,-0.000049,-0.007157
1777059706.802372,0.051979,-0.006718,1.550520,0.034397,-0.014470,0.009990,-0.009154,-0.017123,0.000000,0.000000,1.550000,6.283185,0.000000,0.000000,0.000000,0.000000,0.011683,-0.000440,-0.000068,-0.007608
1777059706.835795,0.050623,-0.006585,1.550525,0.033916,-0.014394,0.009865,-0.009081,-0.016820,0.000000,0.000000,1.550000,6.283185,0.000000,0.000000,0.000000,0.000000,0.010677,-0.000437,-0.000053,-0.008034
1777059706.869070,0.049925,-0.006526,1.550537,0.033397,-0.013742,0.009665,-0.009005,-0.016823,0.000000,0.000000,1.550000,6.283185,0.000000,0.000000,0.000000,0.000000,0.013397,-0.000898,-0.000073,-0.008289
1777059706.902394,0.048624,-0.006390,1.550530,0.032837,-0.013673,0.009551,-0.008945,-0.016810,0.000000,0.000000,1.550000,6.283185,0.000000,0.000000,0.000000,0.000000,0.011718,-0.000601,-0.000106,-0.008318
1777059706.935721,0.047910,-0.006317,1.550528,0.032258,-0.012939,0.009342,-0.008875,-0.016834,0.000000,0.000000,1.550000,6.283185,0.000000,0.000000,0.000000,0.000000,0.014171,-0.001077,-0.000103,-0.008138
1777059706.969039,0.046583,-0.006168,1.550515,0.031677,-0.012656,0.009190,-0.008804,-0.016599,0.000000,0.000000,1.550000,6.283185,0.000000,0.000000,0.000000,0.000000,0.012696,-0.000895,-0.000109,-0.007856
1777059707.002392,0.045920,-0.006106,1.550515,0.031122,-0.011799,0.008950,-0.008722,-0.016450,0.000000,0.000000,1.550000,6.283185,0.000000,0.000000,0.000000,0.000000,0.015398,-0.001477,-0.000092,-0.007566
1777059707.035749,0.045920,-0.006106,1.550515,0.031122,-0.011799,0.008950,-0.008722,-0.016450,0.000000,0.000000,1.550000,6.283185,0.000000,0.000000,0.000000,0.000000,0.013647,-0.001185,-0.000102,-0.007383
1777059707.069050,0.044666,-0.005992,1.550526,0.030587,-0.011316,0.008727,-0.008609,-0.016004,0.000000,0.000000,1.550000,6.283185,0.000000,0.000000,0.000000,0.000000,0.007857,-0.000311,-0.000110,-0.009606
1777059707.102489,0.044101,-0.005936,1.550529,0.030092,-0.010585,0.008523,-0.008528,-0.015917,0.000000,0.000000,1.550000,6.283185,0.000000,0.000000,0.000000,0.000000,0.010736,-0.000669,-0.000140,-0.009288
1777059707.135821,0.042991,-0.005819,1.550522,0.029555,-0.010442,0.008398,-0.008455,-0.015901,0.000000,0.000000,1.550000,6.283185,0.000000,0.000000,0.000000,0.000000,0.008976,-0.000405,-0.000156,-0.009142
1777059707.169004,0.042416,-0.005767,1.550528,0.028883,-0.009847,0.008211,-0.008371,-0.016493,0.000000,0.000000,1.550000,6.283185,0.000000,0.000000,0.000000,0.000000,0.010971,-0.000765,-0.000153,-0.008790
1777059707.202385,0.041296,-0.005648,1.550527,0.028220,-0.009807,0.008107,-0.008292,-0.016864,0.000000,0.000000,1.550000,6.283185,0.000000,0.000000,0.000000,0.000000,0.009410,-0.000477,-0.000175,-0.007830
1777059707.235824,0.040696,-0.005589,1.550525,0.027584,-0.009268,0.007933,-0.008217,-0.017232,0.000000,0.000000,1.550000,6.283185,0.000000,0.000000,0.000000,0.000000,0.011580,-0.000869,-0.000182,-0.006941
1777059707.269110,0.039579,-0.005465,1.550517,0.026993,-0.009215,0.007828,-0.008141,-0.017245,0.000000,0.000000,1.550000,6.283185,0.000000,0.000000,0.000000,0.000000,0.010274,-0.000652,-0.000188,-0.006197
1777059707.302428,0.038985,-0.005406,1.550521,0.026493,-0.008673,0.007653,-0.008055,-0.017092,0.000000,0.000000,1.550000,6.283185,0.000000,0.000000,0.000000,0.000000,0.012506,-0.001081,-0.000183,-0.005670
1777059707.335777,0.037884,-0.005280,1.550505,0.026071,-0.008559,0.007538,-0.007983,-0.016550,0.000000,0.000000,1.550000,6.283185,0.000000,0.000000,0.000000,0.000000,0.011223,-0.000867,-0.000201,-0.005553
1777059707.369025,0.037287,-0.005213,1.550499,0.025704,-0.007858,0.007334,-0.007894,-0.015879,0.000000,0.000000,1.550000,6.283185,0.000000,0.000000,0.000000,0.000000,0.013414,-0.001308,-0.000178,-0.005754
1777059707.402382,0.036249,-0.005103,1.550503,0.025345,-0.007772,0.007217,-0.007797,-0.015320,0.000000,0.000000,1.550000,6.283185,0.000000,0.000000,0.000000,0.000000,0.012210,-0.001155,-0.000174,-0.006163
1777059707.435787,0.035702,-0.005048,1.550498,0.024968,-0.007179,0.007033,-0.007715,-0.014899,0.000000,0.000000,1.550000,6.283185,0.000000,0.000000,0.000000,0.000000,0.014050,-0.001445,-0.000193,-0.006549
1777059707.469021,0.034699,-0.004934,1.550491,0.024554,-0.007031,0.006911,-0.007629,-0.014535,0.000000,0.000000,1.550000,6.283185,0.000000,0.000000,0.000000,0.000000,0.012609,-0.001200,-0.000193,-0.006794
1777059707.502370,0.034150,-0.004869,1.550484,0.024105,-0.006270,0.006698,-0.007530,-0.014197,0.000000,0.000000,1.550000,6.283185,0.000000,0.000000,0.000000,0.000000,0.014318,-0.001523,-0.000187,-0.006835
1777059707.535867,0.033214,-0.004772,1.550484,0.023641,-0.006149,0.006575,-0.007435,-0.014095,0.000000,0.000000,1.550000,6.283185,0.000000,0.000000,0.000000,0.000000,0.012995,-0.001364,-0.000182,-0.006688
1777059707.569041,0.032736,-0.004728,1.550490,0.023177,-0.005613,0.006402,-0.007342,-0.014107,0.000000,0.000000,1.550000,6.283185,0.000000,0.000000,0.000000,0.000000,0.014371,-0.001537,-0.000193,-0.006456
1777059707.602352,0.031818,-0.004619,1.550482,0.022723,-0.005432,0.006279,-0.007249,-0.013898,0.000000,0.000000,1.550000,6.283185,0.000000,0.000000,0.000000,0.000000,0.012716,-0.001218,-0.000214,-0.006208
1777059707.635839,0.031337,-0.004568,1.550475,0.022294,-0.004804,0.006091,-0.007159,-0.013669,0.000000,0.000000,1.550000,6.283185,0.000000,0.000000,0.000000,0.000000,0.014123,-0.001506,-0.000209,-0.005991
1777059707.669017,0.031337,-0.004568,1.550475,0.022294,-0.004804,0.006091,-0.007159,-0.013669,0.000000,0.000000,1.550000,6.283185,0.000000,0.000000,0.000000,0.000000,0.012624,-0.001260,-0.000205,-0.005874
1777059707.702440,0.030499,-0.004501,1.550502,0.021888,-0.004678,0.005950,-0.007034,-0.013472,0.000000,0.000000,1.550000,6.283185,0.000000,0.000000,0.000000,0.000000,0.008211,-0.000569,-0.000213,-0.007620
1777059707.735777,0.030045,-0.004433,1.550482,0.021501,-0.004084,0.005791,-0.006960,-0.013189,0.000000,0.000000,1.550000,6.283185,0.000000,0.000000,0.000000,0.000000,0.009678,-0.000587,-0.000277,-0.007406
1777059707.769046,0.029234,-0.004341,1.550475,0.021083,-0.004015,0.005694,-0.006878,-0.013129,0.000000,0.000000,1.550000,6.283185,0.000000,0.000000,0.000000,0.000000,0.008565,-0.000563,-0.000248,-0.007266
1777059707.802360,0.028787,-0.004290,1.550470,0.020552,-0.003510,0.005535,-0.006789,-0.013355,0.000000,0.000000,1.550000,6.283185,0.000000,0.000000,0.000000,0.000000,0.009932,-0.000798,-0.000243,-0.006971
1777059707.835783,0.027916,-0.004178,1.550459,0.020023,-0.003312,0.005416,-0.006690,-0.013297,0.000000,0.000000,1.550000,6.283185,0.000000,0.000000,0.000000,0.000000,0.008861,-0.000638,-0.000244,-0.006164
1777059707.868999,0.027509,-0.004146,1.550466,0.019539,-0.002937,0.005272,-0.006601,-0.013598,0.000000,0.000000,1.550000,6.283185,0.000000,0.000000,0.000000,0.000000,0.010688,-0.001034,-0.000230,-0.005399
1777059707.902360,0.026745,-0.004057,1.550464,0.019109,-0.002944,0.005196,-0.006520,-0.013624,0.000000,0.000000,1.550000,6.283185,0.000000,0.000000,0.000000,0.000000,0.009408,-0.000710,-0.000254,-0.004847
1777059707.935682,0.026314,-0.004004,1.550460,0.018748,-0.002521,0.005058,-0.006435,-0.013342,0.000000,0.000000,1.550000,6.283185,0.000000,0.000000,0.000000,0.000000,0.010611,-0.000916,-0.000261,-0.004544
1777059707.969021,0.025553,-0.003913,1.550449,0.018452,-0.002508,0.004979,-0.006360,-0.012913,0.000000,0.000000,1.550000,6.283185,0.000000,0.000000,0.000000,0.000000,0.009598,-0.000785,-0.000262,-0.004539
1777059708.002340,0.025129,-0.003860,1.550441,0.018196,-0.002067,0.004837,-0.006276,-0.012354,0.000000,0.000000,1.550000,6.283185,0.000000,0.000000,0.000000,0.000000,0.010873,-0.001020,-0.000250,-0.004792
1777059708.035699,0.024358,-0.003758,1.550431,0.017948,-0.001904,0.004731,-0.006180,-0.011734,0.000000,0.000000,1.550000,6.283185,0.000000,0.000000,0.000000,0.000000,0.009900,-0.000892,-0.000243,-0.005178
1777059708.069005,0.023976,-0.003719,1.550428,0.017671,-0.001484,0.004587,-0.006094,-0.011381,0.000000,0.000000,1.550000,6.283185,0.000000,0.000000,0.000000,0.000000,0.011314,-0.001213,-0.000232,-0.005551
1777059708.102432,0.023300,-0.003639,1.550428,0.017351,-0.001439,0.004505,-0.006008,-0.011220,0.000000,0.000000,1.550000,6.283185,0.000000,0.000000,0.000000,0.000000,0.010130,-0.000967,-0.000234,-0.005740
1777059708.135808,0.022928,-0.003592,1.550424,0.016992,-0.001000,0.004366,-0.005919,-0.011111,0.000000,0.000000,1.550000,6.283185,0.000000,0.000000,0.000000,0.000000,0.011008,-0.001110,-0.000243,-0.005698
1777059708.169024,0.022284,-0.003515,1.550418,0.016615,-0.000967,0.004288,-0.005842,-0.011176,0.000000,0.000000,1.550000,6.283185,0.000000,0.000000,0.000000,0.000000,0.009882,-0.000948,-0.000244,-0.005458
1777059708.202356,0.021929,-0.003470,1.550412,0.016235,-0.000569,0.004159,-0.005759,-0.011168,0.000000,0.000000,1.550000,6.283185,0.000000,0.000000,0.000000,0.000000,0.010677,-0.001073,-0.000241,-0.005123
1777059708.235776,0.021261,-0.003377,1.550400,0.015874,-0.000374,0.004055,-0.005663,-0.010916,0.000000,0.000000,1.550000,6.283185,0.000000,0.000000,0.000000,0.000000,0.009565,-0.000906,-0.000238,-0.004773
1777059708.269102,0.020931,-0.003342,1.550398,0.015552,0.000020,0.003919,-0.005577,-0.010760,0.000000,0.000000,1.550000,6.283185,0.000000,0.000000,0.000000,0.000000,0.010626,-0.001179,-0.000223,-0.004509
1777059708.302360,0.020335,-0.003269,1.550398,0.015258,0.000077,0.003841,-0.005490,-0.010562,0.000000,0.000000,1.550000,6.283185,0.000000,0.000000,0.000000,0.000000,0.009446,-0.000930,-0.000227,-0.004409
1777059708.335817,0.020019,-0.003231,1.550400,0.014982,0.000416,0.003724,-0.005404,-0.010352,0.000000,0.000000,1.550000,6.283185,0.000000,0.000000,0.000000,0.000000,0.010142,-0.001047,-0.000235,-0.004412
1777059708.368987,0.019455,-0.003160,1.550393,0.014712,0.000432,0.003659,-0.005333,-0.010184,0.000000,0.000000,1.550000,6.283185,0.000000,0.000000,0.000000,0.000000,0.009005,-0.000843,-0.000248,-0.004470
1777059708.402518,0.019148,-0.003123,1.550392,0.014437,0.000707,0.003557,-0.005258,-0.010076,0.000000,0.000000,1.550000,6.283185,0.000000,0.000000,0.000000,0.000000,0.009621,-0.000954,-0.000244,-0.004521
1777059708.435847,0.018970,-0.003087,1.550371,0.014146,0.001419,0.003382,-0.005168,-0.009707,0.000000,0.000000,1.550000,6.283185,0.000000,0.000000,0.000000,0.000000,0.008558,-0.000766,-0.000250,-0.004520
1777059708.469079,0.018490,-0.003032,1.550372,0.013860,0.001520,0.003296,-0.005084,-0.009596,0.000000,0.000000,1.550000,6.283185,0.000000,0.000000,0.000000,0.000000,0.006764,-0.000579,-0.000217,-0.004427
1777059708.502351,0.018241,-0.003002,1.550371,0.013570,0.001879,0.003178,-0.005002,-0.009494,0.000000,0.000000,1.550000,6.283185,0.000000,0.000000,0.000000,0.000000,0.007130,-0.000582,-0.000227,-0.004336
1777059708.535806,0.018241,-0.003002,1.550371,0.013570,0.001879,0.003178,-0.005002,-0.009494,0.000000,0.000000,1.550000,6.283185,0.000000,0.000000,0.000000,0.000000,0.005996,-0.000368,-0.000232,-0.004210
1777059708.569016,0.017562,-0.002923,1.550384,0.013283,0.001792,0.003114,-0.004897,-0.009331,0.000000,0.000000,1.550000,6.283185,0.000000,0.000000,0.000000,0.000000,0.003383,0.000076,-0.000240,-0.005350
1777059708.602392,0.016974,-0.002826,1.550353,0.012976,0.001904,0.003042,-0.004830,-0.009114,0.000000,0.000000,1.550000,6.283185,0.000000,0.000000,0.000000,0.000000,0.005451,-0.000210,-0.000275,-0.005110
1777059708.635829,0.016668,-0.002790,1.550356,0.012579,0.002153,0.002942,-0.004743,-0.009389,0.000000,0.000000,1.550000,6.283185,0.000000,0.000000,0.000000,0.000000,0.006787,-0.000613,-0.000221,-0.004775
1777059708.669155,0.016129,-0.002717,1.550359,0.012169,0.002113,0.002892,-0.004661,-0.009701,0.000000,0.000000,1.550000,6.283185,0.000000,0.000000,0.000000,0.000000,0.006212,-0.000481,-0.000236,-0.004035
1777059708.702410,0.015836,-0.002678,1.550349,0.011792,0.002346,0.002801,-0.004594,-0.009880,0.000000,0.000000,1.550000,6.283185,0.000000,0.000000,0.000000,0.000000,0.007241,-0.000678,-0.000249,-0.003265
1777059708.735772,0.015326,-0.002605,1.550344,0.011479,0.002338,0.002749,-0.004521,-0.009811,0.000000,0.000000,1.550000,6.283185,0.000000,0.000000,0.000000,0.000000,0.006611,-0.000574,-0.000238,-0.002669
1777059708.769016,0.015048,-0.002567,1.550343,0.011239,0.002578,0.002658,-0.004443,-0.009546,0.000000,0.000000,1.550000,6.283185,0.000000,0.000000,0.000000,0.000000,0.007496,-0.000769,-0.000234,-0.002374
1777059708.802356,0.014536,-0.002486,1.550322,0.011053,0.002691,0.002583,-0.004370,-0.009021,0.000000,0.000000,1.550000,6.283185,0.000000,0.000000,0.000000,0.000000,0.006820,-0.000657,-0.000241,-0.002399
1777059708.835783,0.014278,-0.002457,1.550327,0.010897,0.002916,0.002490,-0.004288,-0.008593,0.000000,0.000000,1.550000,6.283185,0.000000,0.000000,0.000000,0.000000,0.007766,-0.000921,-0.000206,-0.002647
1777059708.869033,0.014278,-0.002457,1.550327,0.010897,0.002916,0.002490,-0.004288,-0.008593,0.000000,0.000000,1.550000,6.283185,0.000000,0.000000,0.000000,0.000000,0.007012,-0.000736,-0.000223,-0.002986
1777059708.902387,0.013771,-0.002384,1.550324,0.010731,0.003095,0.002389,-0.004182,-0.008071,0.000000,0.000000,1.550000,6.283185,0.000000,0.000000,0.000000,0.000000,0.004678,-0.000326,-0.000230,-0.003967
1777059708.935802,0.013546,-0.002346,1.550307,0.010527,0.003498,0.002267,-0.004103,-0.007719,0.000000,0.000000,1.550000,6.283185,0.000000,0.000000,0.000000,0.000000,0.005868,-0.000566,-0.000231,-0.004120
1777059708.969127,0.013106,-0.002289,1.550313,0.010240,0.003489,0.002212,-0.004021,-0.007784,0.000000,0.000000,1.550000,6.283185,0.000000,0.000000,0.000000,0.000000,0.005143,-0.000488,-0.000203,-0.004084
1777059709.002360,0.012875,-0.002251,1.550305,0.009913,0.003846,0.002098,-0.003933,-0.007738,0.000000,0.000000,1.550000,6.283185,0.000000,0.000000,0.000000,0.000000,0.005921,-0.000592,-0.000222,-0.003652
1777059709.035730,0.012437,-0.002197,1.550309,0.009616,0.003767,0.002057,-0.003862,-0.007935,0.000000,0.000000,1.550000,6.283185,0.000000,0.000000,0.000000,0.000000,0.005291,-0.000521,-0.000214,-0.003060
1777059709.069041,0.012207,-0.002163,1.550304,0.009355,0.003974,0.001976,-0.003793,-0.007879,0.000000,0.000000,1.550000,6.283185,0.000000,0.000000,0.000000,0.000000,0.006095,-0.000608,-0.000229,-0.002613
1777059709.102373,0.011787,-0.002105,1.550308,0.009154,0.003893,0.001944,-0.003724,-0.007752,0.000000,0.000000,1.550000,6.283185,0.000000,0.000000,0.000000,0.000000,0.005508,-0.000512,-0.000227,-0.002343
1777059709.135799,0.011556,-0.002068,1.550294,0.008990,0.004093,0.001867,-0.003666,-0.007428,0.000000,0.000000,1.550000,6.283185,0.000000,0.000000,0.000000,0.000000,0.006239,-0.000638,-0.000243,-0.002336
1777059709.169029,0.011140,-0.002007,1.550292,0.008848,0.004044,0.001830,-0.003599,-0.007103,0.000000,0.000000,1.550000,6.283185,0.000000,0.000000,0.000000,0.000000,0.005711,-0.000576,-0.000223,-0.002473
1777059709.202400,0.011140,-0.002007,1.550292,0.008848,0.004044,0.001830,-0.003599,-0.007103,0.000000,0.000000,1.550000,6.283185,0.000000,0.000000,0.000000,0.000000,0.006461,-0.000732,-0.000225,-0.002681
1777059709.235879,0.010830,-0.001965,1.550294,0.008701,0.004214,0.001744,-0.003511,-0.006739,0.000000,0.000000,1.550000,6.283185,0.000000,0.000000,0.000000,0.000000,0.004474,-0.000372,-0.000232,-0.003483
1777059709.269035,0.010479,-0.001908,1.550281,0.008542,0.004239,0.001699,-0.003455,-0.006506,0.000000,0.000000,1.550000,6.283185,0.000000,0.000000,0.000000,0.000000,0.004698,-0.000391,-0.000244,-0.003556
1777059709.302352,0.010285,-0.001881,1.550278,0.008349,0.004405,0.001629,-0.003392,-0.006434,0.000000,0.000000,1.550000,6.283185,0.000000,0.000000,0.000000,0.000000,0.005201,-0.000539,-0.000223,-0.003555
1777059709.335649,0.009894,-0.001809,1.550264,0.008091,0.004540,0.001557,-0.003309,-0.006287,0.000000,0.000000,1.550000,6.283185,0.000000,0.000000,0.000000,0.000000,0.004656,-0.000435,-0.000225,-0.003386
1777059709.369075,0.009692,-0.001786,1.550262,0.007844,0.004710,0.001478,-0.003240,-0.006332,0.000000,0.000000,1.550000,6.283185,0.000000,0.000000,0.000000,0.000000,0.005473,-0.000699,-0.000202,-0.002924
1777059709.402380,0.009330,-0.001736,1.550266,0.007619,0.004628,0.001450,-0.003178,-0.006422,0.000000,0.000000,1.550000,6.283185,0.000000,0.000000,0.000000,0.000000,0.005003,-0.000556,-0.000205,-0.002525
1777059709.435725,0.009139,-0.001707,1.550265,0.007432,0.004749,0.001392,-0.003118,-0.006355,0.000000,0.000000,1.550000,6.283185,0.000000,0.000000,0.000000,0.000000,0.005654,-0.000654,-0.000218,-0.002236
1777059709.469001,0.008788,-0.001651,1.550254,0.007280,0.004705,0.001361,-0.003067,-0.006153,0.000000,0.000000,1.550000,6.283185,0.000000,0.000000,0.000000,0.000000,0.005159,-0.000563,-0.000224,-0.002117
1777059709.502375,0.008596,-0.001623,1.550252,0.007152,0.004814,0.001305,-0.003010,-0.005926,0.000000,0.000000,1.550000,6.283185,0.000000,0.000000,0.000000,0.000000,0.005776,-0.000713,-0.000208,-0.002146
1777059709.535814,0.008596,-0.001623,1.550252,0.007152,0.004814,0.001305,-0.003010,-0.005926,0.000000,0.000000,1.550000,6.283185,0.000000,0.000000,0.000000,0.000000,0.005330,-0.000626,-0.000209,-0.002264
1777059709.569175,0.008222,-0.001565,1.550250,0.007027,0.004826,0.001253,-0.002931,-0.005609,0.000000,0.000000,1.550000,6.283185,0.000000,0.000000,0.000000,0.000000,0.003699,-0.000321,-0.000214,-0.002925
1777059709.602360,0.008058,-0.001537,1.550237,0.006900,0.004997,0.001187,-0.002880,-0.005380,0.000000,0.000000,1.550000,6.283185,0.000000,0.000000,0.000000,0.000000,0.004662,-0.000520,-0.000218,-0.002970
1777059709.635704,0.007736,-0.001484,1.550232,0.006758,0.004993,0.001147,-0.002817,-0.005196,0.000000,0.000000,1.550000,6.283185,0.000000,0.000000,0.000000,0.000000,0.004199,-0.000463,-0.000197,-0.002987
1777059709.668998,0.007567,-0.001457,1.550231,0.006604,0.005155,0.001078,-0.002749,-0.005059,0.000000,0.000000,1.550000,6.283185,0.000000,0.000000,0.000000,0.000000,0.004829,-0.000616,-0.000191,-0.002926
1777059709.702391,0.007484,-0.001445,1.550231,0.006443,0.005415,0.000992,-0.002679,-0.004938,0.000000,0.000000,1.550000,6.283185,0.000000,0.000000,0.000000,0.000000,0.004428,-0.000542,-0.000194,-0.002801
1777059709.735821,0.007484,-0.001445,1.550231,0.006443,0.005415,0.000992,-0.002679,-0.004938,0.000000,0.000000,1.550000,6.283185,0.000000,0.000000,0.000000,0.000000,0.003510,-0.000361,-0.000200,-0.002639
1777059709.769022,0.007129,-0.001392,1.550224,0.006282,0.005410,0.000940,-0.002609,-0.004776,0.000000,0.000000,1.550000,6.283185,0.000000,0.000000,0.000000,0.000000,0.002156,-0.000097,-0.000205,-0.003193
1777059709.802376,0.006835,-0.001342,1.550219,0.006135,0.005413,0.000902,-0.002546,-0.004638,0.000000,0.000000,1.550000,6.283185,0.000000,0.000000,0.000000,0.000000,0.003255,-0.000287,-0.000197,-0.002978
1777059709.835691,0.006678,-0.001320,1.550212,0.005968,0.005517,0.000845,-0.002494,-0.004623,0.000000,0.000000,1.550000,6.283185,0.000000,0.000000,0.000000,0.000000,0.003875,-0.000449,-0.000191,-0.002829
1777059709.869091,0.006678,-0.001320,1.550212,0.005968,0.005517,0.000845,-0.002494,-0.004623,0.000000,0.000000,1.550000,6.283185,0.000000,0.000000,0.000000,0.000000,0.003576,-0.000372,-0.000184,-0.002590
1777059709.902378,0.006370,-0.001273,1.550210,0.005807,0.005513,0.000799,-0.002424,-0.004504,0.000000,0.000000,1.550000,6.283185,0.000000,0.000000,0.000000,0.000000,0.002298,-0.000122,-0.000188,-0.003097
1777059709.935717,0.006239,-0.001251,1.550209,0.005662,0.005625,0.000747,-0.002369,-0.004446,0.000000,0.000000,1.550000,6.283185,0.000000,0.000000,0.000000,0.000000,0.003149,-0.000278,-0.000188,-0.002836
1777059709.969061,0.005979,-0.001205,1.550196,0.005497,0.005629,0.000710,-0.002318,-0.004375,0.000000,0.000000,1.550000,6.283185,0.000000,0.000000,0.000000,0.000000,0.002799,-0.000220,-0.000191,-0.002656
1777059710.002395,0.005839,-0.001184,1.550195,0.005349,0.005730,0.000656,-0.002261,-0.004312,0.000000,0.000000,1.550000,6.283185,0.000000,0.000000,0.000000,0.000000,0.003333,-0.000366,-0.000171,-0.002389
1777059710.035780,0.005769,-0.001175,1.550196,0.005215,0.005885,0.000594,-0.002205,-0.004240,0.000000,0.000000,1.550000,6.283185,0.000000,0.000000,0.000000,0.000000,0.003056,-0.000299,-0.000173,-0.002206
1777059710.069085,0.005769,-0.001175,1.550196,0.005215,0.005885,0.000594,-0.002205,-0.004240,0.000000,0.000000,1.550000,6.283185,0.000000,0.000000,0.000000,0.000000,0.002367,-0.000143,-0.000180,-0.002084
1777059710.102348,0.005467,-0.001130,1.550195,0.005097,0.005794,0.000570,-0.002150,-0.004108,0.000000,0.000000,1.550000,6.283185,0.000000,0.000000,0.000000,0.000000,0.001292,0.000072,-0.000185,-0.002555
1777059710.135720,0.005231,-0.001084,1.550184,0.004977,0.005786,0.000542,-0.002101,-0.003968,0.000000,0.000000,1.550000,6.283185,0.000000,0.000000,0.000000,0.000000,0.002292,-0.000097,-0.000187,-0.002454
1777059710.169015,0.005093,-0.001063,1.550185,0.004816,0.005843,0.000499,-0.002048,-0.004004,0.000000,0.000000,1.550000,6.283185,0.000000,0.000000,0.000000,0.000000,0.002800,-0.000269,-0.000169,-0.002343
1777059710.202354,0.004845,-0.001019,1.550176,0.004645,0.005787,0.000478,-0.002004,-0.004023,0.000000,0.000000,1.550000,6.283185,0.000000,0.000000,0.000000,0.000000,0.002638,-0.000228,-0.000176,-0.002040
1777059710.235719,0.004709,-0.001000,1.550177,0.004492,0.005812,0.000444,-0.001959,-0.004080,0.000000,0.000000,1.550000,6.283185,0.000000,0.000000,0.000000,0.000000,0.003227,-0.000372,-0.000162,-0.001706
1777059710.269089,0.004479,-0.000961,1.550178,0.004365,0.005719,0.000434,-0.001916,-0.004065,0.000000,0.000000,1.550000,6.283185,0.000000,0.000000,0.000000,0.000000,0.003055,-0.000317,-0.000168,-0.001463
1777059710.302347,0.004352,-0.000942,1.550172,0.004268,0.005727,0.000408,-0.001884,-0.003988,0.000000,0.000000,1.550000,6.283185,0.000000,0.000000,0.000000,0.000000,0.003532,-0.000421,-0.000173,-0.001345
1777059710.335757,0.004139,-0.000904,1.550168,0.004189,0.005646,0.000400,-0.001848,-0.003834,0.000000,0.000000,1.550000,6.283185,0.000000,0.000000,0.000000,0.000000,0.003313,-0.000371,-0.000167,-0.001351
1777059710.368994,0.004016,-0.000884,1.550168,0.004118,0.005656,0.000375,-0.001810,-0.003687,0.000000,0.000000,1.550000,6.283185,0.000000,0.000000,0.000000,0.000000,0.003694,-0.000476,-0.000163,-0.001427
1777059710.402368,0.003812,-0.000848,1.550161,0.004042,0.005571,0.000368,-0.001782,-0.003564,0.000000,0.000000,1.550000,6.283185,0.000000,0.000000,0.000000,0.000000,0.003468,-0.000432,-0.000166,-0.001521
1777059710.435914,0.003698,-0.000827,1.550156,0.003957,0.005596,0.000341,-0.001747,-0.003467,0.000000,0.000000,1.550000,6.283185,0.000000,0.000000,0.000000,0.000000,0.003814,-0.000526,-0.000155,-0.001580
1777059710.469118,0.003501,-0.000791,1.550154,0.003862,0.005533,0.000329,-0.001708,-0.003393,0.000000,0.000000,1.550000,6.283185,0.000000,0.000000,0.000000,0.000000,0.003557,-0.000489,-0.000150,-0.001581
1777059710.502476,0.003386,-0.000773,1.550149,0.003762,0.005532,0.000306,-0.001679,-0.003399,0.000000,0.000000,1.550000,6.283185,0.000000,0.000000,0.000000,0.000000,0.003879,-0.000586,-0.000148,-0.001523
1777059710.535715,0.003203,-0.000739,1.550144,0.003658,0.005473,0.000296,-0.001646,-0.003365,0.000000,0.000000,1.550000,6.283185,0.000000,0.000000,0.000000,0.000000,0.003659,-0.000531,-0.000142,-0.001440
1777059710.569062,0.003099,-0.000721,1.550143,0.003558,0.005497,0.000268,-0.001609,-0.003328,0.000000,0.000000,1.550000,6.283185,0.000000,0.000000,0.000000,0.000000,0.003916,-0.000615,-0.000135,-0.001335
1777059710.602439,0.002921,-0.000689,1.550136,0.003465,0.005435,0.000258,-0.001579,-0.003272,0.000000,0.000000,1.550000,6.283185,0.000000,0.000000,0.000000,0.000000,0.003652,-0.000569,-0.000136,-0.001246
1777059710.635731,0.002825,-0.000671,1.550132,0.003380,0.005469,0.000229,-0.001544,-0.003183,0.000000,0.000000,1.550000,6.283185,0.000000,0.000000,0.000000,0.000000,0.003910,-0.000641,-0.000125,-0.001183
1777059710.669066,0.002660,-0.000639,1.550128,0.003302,0.005447,0.000208,-0.001502,-0.003047,0.750000,0.750000,1.750000,7.155850,0.000000,0.000000,0.000000,0.000000,0.003628,-0.000593,-0.000120,-0.001151
1777059710.702405,0.002560,-0.000624,1.550126,0.003231,0.005459,0.000181,-0.001470,-0.002957,0.750000,0.750000,1.750000,7.155850,0.000000,0.000000,0.000000,0.000000,0.103266,0.099466,0.099892,0.098964
1777059710.735793,0.002503,-0.000498,1.550123,0.005397,0.005516,0.000279,-0.001435,0.003810,0.750000,0.750000,1.750000,7.155850,0.000000,0.000000,0.000000,0.000000,0.150871,0.189520,0.141374,0.152594
1777059710.769000,0.002473,-0.000427,1.550117,0.015309,0.005600,0.000312,-0.001406,0.032973,0.750000,0.750000,1.750000,7.155850,0.000000,0.000000,0.000000,0.000000,0.193837,0.270466,0.178708,0.200593
1777059710.802385,0.002473,-0.000427,1.550117,0.015309,0.005600,0.000312,-0.001406,0.032973,0.750000,0.750000,1.750000,7.155850,0.000000,0.000000,0.000000,0.000000,0.233426,0.342823,0.212315,0.242925
1777059710.835813,0.003671,0.001257,1.556469,0.049241,0.006896,0.002515,0.006284,0.077081,0.750000,0.750000,1.750000,7.155850,0.000000,0.000000,0.000000,0.000000,0.268990,0.408077,0.242551,0.282384
1777059710.869136,0.004166,0.001988,1.559066,0.071339,0.007417,0.003409,0.009207,0.132992,0.750000,0.750000,1.750000,7.155850,0.000000,0.000000,0.000000,0.000000,0.301395,0.461521,0.258283,0.313078
1777059710.902368,0.004166,0.001988,1.559066,0.071339,0.007417,0.003409,0.009207,0.132992,0.750000,0.750000,1.750000,7.155850,0.000000,0.000000,0.000000,0.000000,0.334256,0.509788,0.277599,0.342228
1777059710.935797,0.007407,0.007023,1.574631,0.123402,0.010518,0.009775,0.027201,0.198371,0.750000,0.750000,1.750000,7.155850,0.000000,0.000000,0.000000,0.000000,0.365028,0.554490,0.299048,0.372453
1777059710.969023,0.010873,0.012875,1.580726,0.152675,0.014597,0.016190,0.033494,0.267351,0.750000,0.750000,1.750000,7.155850,0.000000,0.000000,0.000000,0.000000,0.388923,0.582101,0.289739,0.388584
1777059711.002321,0.016019,0.021847,1.598300,0.183302,0.020416,0.026600,0.053601,0.342430,0.750000,0.750000,1.750000,7.155850,0.000000,0.000000,0.000000,0.000000,0.411637,0.602742,0.294651,0.406771
1777059711.035782,0.018835,0.026816,1.607532,0.214882,0.023619,0.031790,0.063364,0.418349,0.750000,0.750000,1.750000,7.155850,0.000000,0.000000,0.000000,0.000000,0.428895,0.612657,0.275682,0.421425
1777059711.069010,0.024488,0.037076,1.612819,0.247945,0.031283,0.041621,0.067676,0.478702,0.750000,0.750000,1.750000,7.155850,0.000000,0.000000,0.000000,0.000000,0.453038,0.625229,0.269511,0.432510
1777059711.102444,0.027698,0.042968,1.629809,0.281193,0.034771,0.047484,0.086533,0.535318,0.750000,0.750000,1.750000,7.155850,0.000000,0.000000,0.000000,0.000000,0.467302,0.624005,0.269005,0.439499
1777059711.135780,0.034341,0.055323,1.639427,0.315183,0.044151,0.058459,0.095380,0.575801,0.750000,0.750000,1.750000,7.155850,0.000000,0.000000,0.000000,0.000000,0.489513,0.626701,0.244254,0.442643
1777059711.169001,0.037697,0.061676,1.643931,0.347774,0.048763,0.063291,0.098546,0.636030,0.750000,0.750000,1.750000,7.155850,0.000000,0.000000,0.000000,0.000000,0.498519,0.614333,0.231563,0.441211
1777059711.202348,0.044852,0.075195,1.658842,0.381370,0.059248,0.074644,0.114081,0.676474,0.750000,0.750000,1.750000,7.155850,0.000000,0.000000,0.000000,0.000000,0.519257,0.609495,0.227563,0.436438
1777059711.235834,0.048937,0.083104,1.667059,0.414082,0.064876,0.079882,0.120882,0.706481,0.750000,0.750000,1.750000,7.155850,0.000000,0.000000,0.000000,0.000000,0.523811,0.589128,0.201947,0.426011
1777059711.269011,0.057023,0.098556,1.671471,0.445910,0.078058,0.090731,0.122848,0.728679,0.750000,0.750000,1.750000,7.155850,0.000000,0.000000,0.000000,0.000000,0.540188,0.576083,0.188029,0.411273
1777059711.302379,0.061581,0.107398,1.684159,0.476477,0.084115,0.095801,0.134726,0.741258,0.750000,0.750000,1.750000,7.155850,0.000000,0.000000,0.000000,0.000000,0.537653,0.547685,0.180869,0.392135
1777059711.335775,0.070284,0.124036,1.690561,0.504901,0.098679,0.106265,0.139123,0.752661,0.750000,0.750000,1.750000,7.155850,0.000000,0.000000,0.000000,0.000000,0.550175,0.529036,0.156436,0.369170
1777059711.368994,0.074892,0.133029,1.693730,0.531157,0.105664,0.110368,0.139552,0.763673,0.750000,0.750000,1.750000,7.155850,0.000000,0.000000,0.000000,0.000000,0.541091,0.495264,0.143597,0.344270
1777059711.402372,0.084217,0.150762,1.703129,0.555614,0.121503,0.120342,0.147815,0.763085,0.750000,0.750000,1.750000,7.155850,0.000000,0.000000,0.000000,0.000000,0.551136,0.473767,0.136846,0.318378
1777059711.435797,0.089624,0.161280,1.708408,0.577945,0.129338,0.124151,0.150063,0.749636,0.750000,0.750000,1.750000,7.155850,0.000000,0.000000,0.000000,0.000000,0.534714,0.435998,0.117171,0.291633
1777059711.469093,0.100073,0.181054,1.711221,0.597802,0.147418,0.133150,0.149345,0.727736,0.750000,0.750000,1.750000,7.155850,0.000000,0.000000,0.000000,0.000000,0.538020,0.410415,0.105248,0.265628
1777059711.502325,0.105393,0.191107,1.717419,0.614823,0.154952,0.136030,0.153145,0.709111,0.750000,0.750000,1.750000,7.155850,0.000000,0.000000,0.000000,0.000000,0.510775,0.367766,0.098120,0.242248
1777059711.535775,0.115850,0.210312,1.720697,0.629958,0.173057,0.143906,0.153724,0.686159,0.750000,0.750000,1.750000,7.155850,0.000000,0.000000,0.000000,0.000000,0.512800,0.343039,0.083997,0.223577
1777059711.568994,0.121823,0.221528,1.722543,0.643382,0.181425,0.146330,0.151713,0.657299,0.750000,0.750000,1.750000,7.155850,0.000000,0.000000,0.000000,0.000000,0.481796,0.301303,0.075557,0.207816
1777059711.602371,0.133079,0.241672,1.726761,0.655268,0.200360,0.153349,0.153307,0.627775,0.750000,0.750000,1.750000,7.155850,0.000000,0.000000,0.000000,0.000000,0.477395,0.274766,0.070025,0.195024
1777059711.635691,0.139463,0.253310,1.729089,0.666176,0.208631,0.155072,0.151687,0.596304,0.750000,0.750000,1.750000,7.155850,0.000000,0.000000,0.000000,0.000000,0.437649,0.231353,0.059686,0.185103
1777059711.669062,0.150685,0.272585,1.729904,0.675984,0.227384,0.161013,0.149567,0.571376,0.750000,0.750000,1.750000,7.155850,0.000000,0.000000,0.000000,0.000000,0.429120,0.205012,0.053125,0.176565
1777059711.702344,0.157355,0.284422,1.732747,0.685643,0.235803,0.162407,0.148823,0.543661,0.750000,0.750000,1.750000,7.155850,0.000000,0.000000,0.000000,0.000000,0.387101,0.163977,0.049712,0.170080
1777059711.735772,0.170223,0.306340,1.734446,0.694889,0.255603,0.167390,0.146128,0.513489,0.750000,0.750000,1.750000,7.155850,0.000000,0.000000,0.000000,0.000000,0.375259,0.138263,0.042288,0.162544
1777059711.769057,0.176790,0.317151,1.734856,0.703460,0.262815,0.167734,0.142714,0.489555,0.750000,0.750000,1.750000,7.155850,0.000000,0.000000,0.000000,0.000000,0.317251,0.091467,0.037215,0.155011
1777059711.802385,0.190220,0.339244,1.736772,0.712083,0.281950,0.171353,0.140277,0.461704,0.750000,0.750000,1.750000,7.155850,0.000000,0.000000,0.000000,0.000000,0.307447,0.070058,0.034874,0.148598
1777059711.835787,0.196587,0.349301,1.737262,0.719866,0.288085,0.170880,0.136889,0.441063,0.750000,0.750000,1.750000,7.155850,0.000000,0.000000,0.000000,0.000000,0.242713,0.023354,0.029611,0.140651
1777059711.869102,0.209294,0.369051,1.737619,0.727626,0.305852,0.173472,0.133251,0.419963,0.750000,0.750000,1.750000,7.155850,0.000000,0.000000,0.000000,0.000000,0.235126,0.005346,0.027321,0.134761
1777059711.902354,0.216312,0.380017,1.738586,0.734920,0.311891,0.172517,0.130033,0.399661,0.750000,0.750000,1.750000,7.155850,0.000000,0.000000,0.000000,0.000000,0.175677,-0.034586,0.025450,0.127807
1777059711.935821,0.229183,0.398976,1.738936,0.741873,0.328828,0.173975,0.126429,0.380854,0.750000,0.750000,1.750000,7.155850,0.000000,0.000000,0.000000,0.000000,0.162127,-0.053712,0.022467,0.121659
1777059711.968995,0.236152,0.409204,1.739080,0.748433,0.334312,0.172587,0.122600,0.363887,0.750000,0.750000,1.750000,7.155850,0.000000,0.000000,0.000000,0.000000,0.101266,-0.090175,0.020833,0.115849
1777059712.002337,0.248949,0.427097,1.739608,0.754711,0.350321,0.173082,0.119366,0.347689,0.750000,0.750000,1.750000,7.155850,0.000000,0.000000,0.000000,0.000000,0.089741,-0.105678,0.019743,0.110704
1777059712.035715,0.256534,0.437934,1.740052,0.760785,0.355169,0.170958,0.115472,0.330357,0.750000,0.750000,1.750000,7.155850,0.000000,0.000000,0.000000,0.000000,0.029688,-0.137920,0.017981,0.105777
1777059712.069025,0.269648,0.455182,1.740058,0.766481,0.369877,0.170111,0.111369,0.314633,0.750000,0.750000,1.750000,7.155850,0.000000,0.000000,0.000000,0.000000,0.013127,-0.153731,0.016480,0.100827
1777059712.102468,0.277192,0.465269,1.740639,0.772015,0.373264,0.167141,0.107651,0.298669,0.750000,0.750000,1.750000,7.155850,0.000000,0.000000,0.000000,0.000000,-0.048092,-0.182080,0.015962,0.096595
1777059712.135809,0.291187,0.482827,1.740919,0.777328,0.386031,0.164486,0.103002,0.281874,0.750000,0.750000,1.750000,7.155850,0.000000,0.000000,0.000000,0.000000,-0.061833,-0.194092,0.014368,0.092238
1777059712.168993,0.297774,0.490501,1.740808,0.782213,0.387428,0.160881,0.099035,0.269048,0.750000,0.750000,1.750000,7.155850,0.000000,0.000000,0.000000,0.000000,-0.129674,-0.220937,0.013459,0.087986
1777059712.202358,0.310102,0.504418,1.741036,0.786990,0.398485,0.157871,0.095421,0.257466,0.750000,0.750000,1.750000,7.155850,0.000000,0.000000,0.000000,0.000000,-0.129470,-0.224122,0.013418,0.084859
1777059712.235794,0.317159,0.512493,1.741279,0.791625,0.399880,0.154087,0.091844,0.245876,0.750000,0.750000,1.750000,7.155850,0.000000,0.000000,0.000000,0.000000,-0.178132,-0.239030,0.012769,0.081436
1777059712.269153,0.330414,0.526756,1.741323,0.796166,0.409409,0.149668,0.087562,0.233373,0.750000,0.750000,1.750000,7.155850,0.000000,0.000000,0.000000,0.000000,-0.182542,-0.242802,0.012141,0.077966
1777059712.302384,0.336950,0.533263,1.741555,0.800372,0.409267,0.145335,0.084442,0.223510,0.750000,0.750000,1.750000,7.155850,0.000000,0.000000,0.000000,0.000000,-0.238260,-0.256267,0.011978,0.074211
1777059712.335822,0.349581,0.545662,1.741703,0.804549,0.417073,0.140205,0.080611,0.212848,0.750000,0.750000,1.750000,7.155850,0.000000,0.000000,0.000000,0.000000,-0.233703,-0.254243,0.011476,0.071335
1777059712.369187,0.349581,0.545662,1.741703,0.804549,0.417073,0.140205,0.080611,0.212848,0.750000,0.750000,1.750000,7.155850,0.000000,0.000000,0.000000,0.000000,-0.280499,-0.260739,0.011188,0.067935
1777059712.402391,0.358451,0.553725,1.741771,0.808552,0.415937,0.134002,0.076195,0.201098,0.750000,0.750000,1.750000,7.155850,0.000000,0.000000,0.000000,0.000000,-0.223290,-0.250035,0.011191,0.082301
1777059712.435810,0.368665,0.562471,1.741899,0.812143,0.420961,0.128930,0.073283,0.193426,0.750000,0.750000,1.750000,7.155850,0.000000,0.000000,0.000000,0.000000,-0.240881,-0.249082,0.011115,0.077641
1777059712.469003,0.375437,0.568814,1.742210,0.816234,0.418129,0.123797,0.070201,0.185012,0.750000,0.750000,1.750000,7.155850,0.000000,0.000000,0.000000,0.000000,-0.267242,-0.247084,0.010947,0.074389
1777059712.502312,0.389845,0.581524,1.742586,0.825695,0.419508,0.115231,0.066317,0.183175,0.750000,0.750000,1.750000,7.155850,0.000000,0.000000,0.000000,0.000000,-0.269604,-0.245630,0.010429,0.068518
1777059712.535763,0.402864,0.590057,1.742536,0.830155,0.424998,0.107468,0.063079,0.178587,0.750000,0.750000,1.750000,7.155850,0.000000,0.000000,0.000000,0.000000,-0.332638,-0.247706,0.009800,0.038547
1777059712.568995,0.409671,0.594624,1.742540,0.833528,0.422705,0.102004,0.060304,0.171510,0.750000,0.750000,1.750000,7.155850,0.000000,0.000000,0.000000,0.000000,-0.366919,-0.233878,0.010048,0.031848
1777059712.602354,0.421251,0.602320,1.743182,0.834865,0.425689,0.094785,0.057458,0.158293,0.750000,0.750000,1.750000,7.155850,0.000000,0.000000,0.000000,0.000000,-0.357870,-0.224626,0.010213,0.029713
1777059712.635702,0.427418,0.606113,1.743336,0.835625,0.421943,0.089489,0.055000,0.144861,0.750000,0.750000,1.750000,7.155850,0.000000,0.000000,0.000000,0.000000,-0.384690,-0.213202,0.009094,0.036095
1777059712.668981,0.437658,0.611889,1.743241,0.836510,0.423198,0.082480,0.052269,0.133228,0.750000,0.750000,1.750000,7.155850,0.000000,0.000000,0.000000,0.000000,-0.370789,-0.203956,0.008948,0.044057
1777059712.702314,0.443477,0.615107,1.743602,0.838149,0.418756,0.077332,0.050379,0.125121,0.750000,0.750000,1.750000,7.155850,0.000000,0.000000,0.000000,0.000000,-0.384672,-0.189144,0.009320,0.050388
1777059712.735760,0.453431,0.620208,1.743684,0.840639,0.418432,0.070114,0.047997,0.120121,0.750000,0.750000,1.750000,7.155850,0.000000,0.000000,0.000000,0.000000,-0.368936,-0.179886,0.008775,0.052448
1777059712.769038,0.458911,0.622827,1.743729,0.843717,0.412750,0.064956,0.045853,0.117506,0.750000,0.750000,1.750000,7.155850,0.000000,0.000000,0.000000,0.000000,-0.380960,-0.163854,0.008791,0.050086
1777059712.802343,0.468378,0.627077,1.743999,0.847094,0.410844,0.057636,0.043915,0.115498,0.750000,0.750000,1.750000,7.155850,0.000000,0.000000,0.000000,0.000000,-0.363165,-0.154390,0.008888,0.044781
1777059712.835655,0.472940,0.628564,1.743994,0.850231,0.404961,0.052912,0.042222,0.114752,0.750000,0.750000,1.750000,7.155850,0.000000,0.000000,0.000000,0.000000,-0.371450,-0.137012,0.008530,0.038015
1777059712.869050,0.482236,0.632509,1.744065,0.853072,0.402140,0.045649,0.040097,0.111087,0.750000,0.750000,1.750000,7.155850,0.000000,0.000000,0.000000,0.000000,-0.346564,-0.127142,0.008720,0.032313
1777059712.902720,0.487203,0.634325,1.744426,0.855269,0.394477,0.040673,0.038472,0.106085,0.750000,0.750000,1.750000,7.155850,0.000000,0.000000,0.000000,0.000000,-0.355774,-0.109960,0.008766,0.027834
1777059712.935804,0.494926,0.636442,1.744604,0.856928,0.391016,0.033984,0.036714,0.100813,0.750000,0.750000,1.750000,7.155850,0.000000,0.000000,0.000000,0.000000,-0.336954,-0.101368,0.008219,0.026071
1777059712.968994,0.499699,0.638054,1.744733,0.858332,0.383359,0.029361,0.034918,0.094673,0.750000,0.750000,1.750000,7.155850,0.000000,0.000000,0.000000,0.000000,-0.332299,-0.082664,0.008027,0.026408
1777059713.002365,0.507591,0.640276,1.745022,0.859629,0.378465,0.022634,0.033406,0.088781,0.750000,0.750000,1.750000,7.155850,0.000000,0.000000,0.000000,0.000000,-0.314731,-0.075166,0.007931,0.027439
1777059713.035794,0.511499,0.640976,1.745115,0.860996,0.370529,0.018493,0.031938,0.084037,0.750000,0.750000,1.750000,7.155850,0.000000,0.000000,0.000000,0.000000,-0.314313,-0.057176,0.007505,0.028471
1777059713.069011,0.518266,0.642339,1.745095,0.862515,0.366011,0.012562,0.030395,0.080481,0.750000,0.750000,1.750000,7.155850,0.000000,0.000000,0.000000,0.000000,-0.290701,-0.050003,0.007463,0.028745
1777059713.102443,0.522173,0.643150,1.745427,0.864184,0.358513,0.008765,0.029306,0.077528,0.750000,0.750000,1.750000,7.155850,0.000000,0.000000,0.000000,0.000000,-0.284081,-0.033558,0.007654,0.027966
1777059713.135763,0.528769,0.644479,1.745515,0.865886,0.353585,0.003137,0.027976,0.074977,0.750000,0.750000,1.750000,7.155850,0.000000,0.000000,0.000000,0.000000,-0.264388,-0.027910,0.007127,0.026216
1777059713.169004,0.532119,0.644835,1.745534,0.867506,0.346454,-0.000215,0.026726,0.072893,0.750000,0.750000,1.750000,7.155850,0.000000,0.000000,0.000000,0.000000,-0.259895,-0.012717,0.007079,0.024098
1777059713.202384,0.538443,0.646129,1.745840,0.869031,0.341437,-0.005423,0.025716,0.070222,0.750000,0.750000,1.750000,7.155850,0.000000,0.000000,0.000000,0.000000,-0.238115,-0.008067,0.007171,0.022172
1777059713.235780,0.541867,0.646638,1.745992,0.870365,0.333839,-0.008567,0.024577,0.067289,0.750000,0.750000,1.750000,7.155850,0.000000,0.000000,0.000000,0.000000,-0.235231,0.005558,0.006677,0.020485
1777059713.269008,0.548061,0.647898,1.746024,0.871573,0.327851,-0.013519,0.023228,0.063870,0.750000,0.750000,1.750000,7.155850,0.000000,0.000000,0.000000,0.000000,-0.217175,0.009237,0.006478,0.019453
1777059713.302368,0.550907,0.648010,1.746273,0.872620,0.320078,-0.016227,0.022367,0.060789,0.750000,0.750000,1.750000,7.155850,0.000000,0.000000,0.000000,0.000000,-0.215810,0.022137,0.006525,0.018750
1777059713.335662,0.556240,0.648813,1.746411,0.873637,0.314657,-0.020510,0.021310,0.057850,0.750000,0.750000,1.750000,7.155850,0.000000,0.000000,0.000000,0.000000,-0.195187,0.024722,0.006126,0.018529
1777059713.368994,0.559155,0.649133,1.746507,0.874620,0.307192,-0.022939,0.020190,0.055106,0.750000,0.750000,1.750000,7.155850,0.000000,0.000000,0.000000,0.000000,-0.190068,0.035688,0.005941,0.018189
1777059713.402425,0.564316,0.650006,1.746834,0.875616,0.301423,-0.026844,0.019370,0.052501,0.750000,0.750000,1.750000,7.155850,0.000000,0.000000,0.000000,0.000000,-0.173354,0.037363,0.005836,0.017760
1777059713.435782,0.567570,0.650703,1.746960,0.876629,0.292405,-0.029104,0.018209,0.049753,0.750000,0.750000,1.750000,7.155850,0.000000,0.000000,0.000000,0.000000,-0.170089,0.047145,0.005259,0.017042
1777059713.469197,0.571814,0.651021,1.746954,0.877565,0.286397,-0.032441,0.017154,0.047674,0.750000,0.750000,1.750000,7.155850,0.000000,0.000000,0.000000,0.000000,-0.158671,0.048531,0.005076,0.016020
1777059713.502320,0.574025,0.651079,1.747202,0.878481,0.279234,-0.034125,0.016460,0.045873,0.750000,0.750000,1.750000,7.155850,0.000000,0.000000,0.000000,0.000000,-0.149946,0.056784,0.005163,0.015182
1777059713.535803,0.578612,0.651998,1.747335,0.879363,0.273347,-0.037160,0.015519,0.043764,0.750000,0.750000,1.750000,7.155850,0.000000,0.000000,0.000000,0.000000,-0.132562,0.056455,0.004731,0.014266
1777059713.569024,0.580648,0.652054,1.747351,0.880148,0.266323,-0.038562,0.014629,0.041927,0.750000,0.750000,1.750000,7.155850,0.000000,0.000000,0.000000,0.000000,-0.131002,0.063607,0.004526,0.013331
1777059713.602445,0.584989,0.653029,1.747575,0.880912,0.260460,-0.041194,0.013868,0.039845,0.750000,0.750000,1.750000,7.155850,0.000000,0.000000,0.000000,0.000000,-0.114595,0.062668,0.004556,0.012691
1777059713.635779,0.586937,0.653166,1.747674,0.881584,0.253388,-0.042325,0.013068,0.037949,0.750000,0.750000,1.750000,7.155850,0.000000,0.000000,0.000000,0.000000,-0.114012,0.068694,0.004165,0.011970
1777059713.669005,0.591225,0.654308,1.747717,0.882256,0.246988,-0.044600,0.012039,0.035837,0.750000,0.750000,1.750000,7.155850,0.000000,0.000000,0.000000,0.000000,-0.099205,0.067256,0.004019,0.011517
1777059713.702365,0.592832,0.654338,1.747899,0.882842,0.239839,-0.045395,0.011395,0.034063,0.750000,0.750000,1.750000,7.155850,0.000000,0.000000,0.000000,0.000000,-0.100725,0.072611,0.003990,0.010880
1777059713.735783,0.596116,0.655060,1.747967,0.883425,0.234757,-0.047133,0.010664,0.032481,0.750000,0.750000,1.750000,7.155850,0.000000,0.000000,0.000000,0.000000,-0.085042,0.070416,0.003675,0.010493
1777059713.769010,0.598088,0.655518,1.748015,0.883989,0.227942,-0.047806,0.009845,0.030860,0.750000,0.750000,1.750000,7.155850,0.000000,0.000000,0.000000,0.000000,-0.081392,0.073431,0.003588,0.009973
1777059713.802359,0.601151,0.656305,1.748154,0.884514,0.223116,-0.049229,0.009276,0.029438,0.750000,0.750000,1.750000,7.155850,0.000000,0.000000,0.000000,0.000000,-0.071313,0.071459,0.003541,0.009395
1777059713.835692,0.602728,0.656621,1.748224,0.885016,0.217253,-0.049683,0.008649,0.028154,0.750000,0.750000,1.750000,7.155850,0.000000,0.000000,0.000000,0.000000,-0.068383,0.073606,0.003311,0.008871
1777059713.869000,0.605871,0.657696,1.748252,0.885498,0.212726,-0.050880,0.007945,0.026815,0.750000,0.750000,1.750000,7.155850,0.000000,0.000000,0.000000,0.000000,-0.057075,0.070950,0.003214,0.008340
1777059713.902368,0.607649,0.658262,1.748408,0.885946,0.206514,-0.051166,0.007377,0.025439,0.750000,0.750000,1.750000,7.155850,0.000000,0.000000,0.000000,0.000000,-0.057453,0.072668,0.003203,0.007781
1777059713.935683,0.610473,0.659305,1.748464,0.886350,0.202027,-0.052050,0.006757,0.024140,0.750000,0.750000,1.750000,7.155850,0.000000,0.000000,0.000000,0.000000,-0.049397,0.070337,0.002933,0.007265
1777059713.969006,0.612022,0.659835,1.748497,0.886728,0.196165,-0.052138,0.006098,0.022866,0.750000,0.750000,1.750000,7.155850,0.000000,0.000000,0.000000,0.000000,-0.049042,0.071197,0.002860,0.006837
1777059714.002355,0.614568,0.660892,1.748618,0.887068,0.192149,-0.052773,0.005635,0.021688,0.750000,0.750000,1.750000,7.155850,0.000000,0.000000,0.000000,0.000000,-0.040641,0.068482,0.002837,0.006424
1777059714.035805,0.616237,0.661611,1.748689,0.887402,0.186317,-0.052726,0.005028,0.020468,0.750000,0.750000,1.750000,7.155850,0.000000,0.000000,0.000000,0.000000,-0.040103,0.068497,0.002632,0.006084
1777059714.069108,0.619268,0.663133,1.748709,0.887714,0.181031,-0.053110,0.004287,0.019177,0.750000,0.750000,1.750000,7.155850,0.000000,0.000000,0.000000,0.000000,-0.034123,0.066057,0.002527,0.005660
1777059714.102363,0.620420,0.663599,1.748707,0.887985,0.174818,-0.052741,0.003634,0.018017,0.750000,0.750000,1.750000,7.155850,0.000000,0.000000,0.000000,0.000000,-0.038852,0.066769,0.002527,0.005224
1777059714.135789,0.622608,0.664746,1.748807,0.888237,0.170679,-0.052872,0.003184,0.016978,0.750000,0.750000,1.750000,7.155850,0.000000,0.000000,0.000000,0.000000,-0.029425,0.063514,0.002577,0.004880
1777059714.169014,0.623725,0.665298,1.748858,0.888468,0.165563,-0.052505,0.002704,0.016004,0.750000,0.750000,1.750000,7.155850,0.000000,0.000000,0.000000,0.000000,-0.029027,0.062459,0.002419,0.004542
1777059714.202366,0.625948,0.666614,1.748969,0.888684,0.161928,-0.052543,0.002328,0.015071,0.750000,0.750000,1.750000,7.155850,0.000000,0.000000,0.000000,0.000000,-0.020883,0.059267,0.002357,0.004213
1777059714.235786,0.627098,0.667268,1.749025,0.888880,0.157154,-0.052118,0.001899,0.014178,0.750000,0.750000,1.750000,7.155850,0.000000,0.000000,0.000000,0.000000,-0.022483,0.058177,0.002169,0.003873
1777059714.269111,0.629120,0.668585,1.749042,0.889054,0.154076,-0.052047,0.001473,0.013345,0.750000,0.750000,1.750000,7.155850,0.000000,0.000000,0.000000,0.000000,-0.015764,0.055238,0.002088,0.003554
1777059714.302352,0.630371,0.669378,1.749146,0.889219,0.149565,-0.051581,0.001121,0.012519,0.750000,0.750000,1.750000,7.155850,0.000000,0.000000,0.000000,0.000000,-0.017163,0.053709,0.002088,0.003265
1777059714.335813,0.632418,0.670824,1.749189,0.889359,0.146550,-0.051392,0.000735,0.011715,0.750000,0.750000,1.750000,7.155850,0.000000,0.000000,0.000000,0.000000,-0.012294,0.051151,0.001908,0.002949
1777059714.369005,0.633529,0.671594,1.749211,0.889485,0.142328,-0.050852,0.000327,0.010945,0.750000,0.750000,1.750000,7.155850,0.000000,0.000000,0.000000,0.000000,-0.015044,0.049631,0.001850,0.002687
1777059714.402437,0.635755,0.673250,1.749296,0.889600,0.139039,-0.050532,-0.000034,0.010173,0.750000,0.750000,1.750000,7.155850,0.000000,0.000000,0.000000,0.000000,-0.009851,0.046981,0.001834,0.002426
1777059714.435782,0.636863,0.674072,1.749340,0.889692,0.134380,-0.049833,-0.000435,0.009419,0.750000,0.750000,1.750000,7.155850,0.000000,0.000000,0.000000,0.000000,-0.014962,0.045793,0.001689,0.002149
1777059714.469012,0.638647,0.675532,1.749350,0.889766,0.131499,-0.049391,-0.000807,0.008709,0.750000,0.750000,1.750000,7.155850,0.000000,0.000000,0.000000,0.000000,-0.010233,0.043312,0.001626,0.001909
1777059714.502398,0.639809,0.676431,1.749431,0.889836,0.126973,-0.048658,-0.001144,0.008029,0.750000,0.750000,1.750000,7.155850,0.000000,0.000000,0.000000,0.000000,-0.012559,0.041309,0.001631,0.001703
1777059714.535794,0.641796,0.678091,1.749458,0.889887,0.123574,-0.048067,-0.001534,0.007363,0.750000,0.750000,1.750000,7.155850,0.000000,0.000000,0.000000,0.000000,-0.008884,0.039180,0.001494,0.001452
1777059714.569067,0.642558,0.678781,1.749472,0.889920,0.119450,-0.047265,-0.001870,0.006727,0.750000,0.750000,1.750000,7.155850,0.000000,0.000000,0.000000,0.000000,-0.013494,0.037627,0.001464,0.001224
1777059714.602353,0.644279,0.680317,1.749534,0.889946,0.116755,-0.046691,-0.002136,0.006133,0.750000,0.750000,1.750000,7.155850,0.000000,0.000000,0.000000,0.000000,-0.007060,0.034905,0.001461,0.001036
1777059714.635671,0.645207,0.681139,1.749566,0.889960,0.112842,-0.045914,-0.002437,0.005562,0.750000,0.750000,1.750000,7.155850,0.000000,0.000000,0.000000,0.000000,-0.010223,0.033044,0.001359,0.000831
1777059714.669129,0.646744,0.682604,1.749573,0.889959,0.110635,-0.045340,-0.002708,0.005001,0.750000,0.750000,1.750000,7.155850,0.000000,0.000000,0.000000,0.000000,-0.005727,0.030921,0.001317,0.000636
1777059714.702464,0.647588,0.683403,1.749634,0.889952,0.107420,-0.044639,-0.002908,0.004476,0.750000,0.750000,1.750000,7.155850,0.000000,0.000000,0.000000,0.000000,-0.008079,0.028855,0.001325,0.000475
1777059714.735767,0.649347,0.685040,1.749656,0.889937,0.105223,-0.044064,-0.003167,0.003985,0.750000,0.750000,1.750000,7.155850,0.000000,0.000000,0.000000,0.000000,-0.003540,0.026786,0.001223,0.000307
1777059714.769012,0.650237,0.685894,1.749669,0.889910,0.101905,-0.043312,-0.003424,0.003502,0.750000,0.750000,1.750000,7.155850,0.000000,0.000000,0.000000,0.000000,-0.008274,0.025322,0.001197,0.000132
1777059714.802429,0.652104,0.687641,1.749716,0.889879,0.099329,-0.042629,-0.003667,0.003069,0.750000,0.750000,1.750000,7.155850,0.000000,0.000000,0.000000,0.000000,-0.004496,0.023498,0.001192,-0.000019
1777059714.835822,0.653078,0.688560,1.749743,0.889834,0.095210,-0.041705,-0.003946,0.002649,0.750000,0.750000,1.750000,7.155850,0.000000,0.000000,0.000000,0.000000,-0.010486,0.022294,0.001115,-0.000193
1777059714.869140,0.653078,0.688560,1.749743,0.889834,0.095210,-0.041705,-0.003946,0.002649,0.750000,0.750000,1.750000,7.155850,0.000000,0.000000,0.000000,0.000000,-0.007442,0.020797,0.001081,-0.000347
1777059714.902416,0.654247,0.689940,1.749763,0.889775,0.092183,-0.040733,-0.004185,0.002227,0.750000,0.750000,1.750000,7.155850,0.000000,0.000000,0.000000,0.000000,0.004576,0.019096,0.001096,-0.000679
1777059714.935856,0.657297,0.692604,1.749787,0.889653,0.088302,-0.039802,-0.004588,0.001809,0.750000,0.750000,1.750000,7.155850,0.000000,0.000000,0.000000,0.000000,0.002484,0.016577,0.001073,-0.000774
1777059714.969145,0.657297,0.692604,1.749787,0.889653,0.088302,-0.039802,-0.004588,0.001809,0.750000,0.750000,1.750000,7.155850,0.000000,0.000000,0.000000,0.000000,-0.014863,0.017296,0.001043,-0.000658
1777059715.002382,0.658460,0.693850,1.749785,0.889464,0.081551,-0.038161,-0.004977,0.001345,0.750000,0.750000,1.750000,7.155850,0.000000,0.000000,0.000000,0.000000,-0.002638,0.015799,0.001059,-0.001081
1777059715.035804,0.659444,0.695089,1.749872,0.889353,0.079303,-0.037307,-0.005075,0.000869,0.750000,0.750000,1.750000,7.155850,0.000000,0.000000,0.000000,0.000000,-0.003516,0.014137,0.001084,-0.000708
1777059715.069003,0.659444,0.695089,1.749872,0.889353,0.079303,-0.037307,-0.005075,0.000869,0.750000,0.750000,1.750000,7.155850,0.000000,0.000000,0.000000,0.000000,-0.003699,0.011701,0.000926,-0.000744
1777059715.102361,0.661122,0.696986,1.749899,0.889249,0.077313,-0.036424,-0.005232,0.000517,0.750000,0.750000,1.750000,7.155850,0.000000,0.000000,0.000000,0.000000,0.007372,0.010657,0.000938,-0.001253
1777059715.135677,0.662215,0.698006,1.749941,0.889170,0.074225,-0.035658,-0.005382,0.000265,0.750000,0.750000,1.750000,7.155850,0.000000,0.000000,0.000000,0.000000,-0.000868,0.008688,0.000895,-0.001296
1777059715.168998,0.663909,0.699714,1.749963,0.889092,0.071989,-0.034882,-0.005559,0.000052,0.750000,0.750000,1.750000,7.155850,0.000000,0.000000,0.000000,0.000000,-0.000833,0.008258,0.000822,-0.001486
1777059715.202339,0.664576,0.700479,1.749984,0.889002,0.068944,-0.034034,-0.005703,-0.000201,0.750000,0.750000,1.750000,7.155850,0.000000,0.000000,0.000000,0.000000,-0.007534,0.007416,0.000786,-0.001704
1777059715.235781,0.665884,0.701884,1.750027,0.888895,0.067369,-0.033385,-0.005792,-0.000504,0.750000,0.750000,1.750000,7.155850,0.000000,0.000000,0.000000,0.000000,-0.003899,0.006133,0.000753,-0.001882
1777059715.269011,0.666494,0.702581,1.750053,0.888769,0.065095,-0.032714,-0.005882,-0.000878,0.750000,0.750000,1.750000,7.155850,0.000000,0.000000,0.000000,0.000000,-0.007195,0.004956,0.000674,-0.001993
1777059715.302360,0.667893,0.703995,1.750053,0.888630,0.063743,-0.032164,-0.006002,-0.001216,0.750000,0.750000,1.750000,7.155850,0.000000,0.000000,0.000000,0.000000,-0.003222,0.003852,0.000628,-0.002026
1777059715.335792,0.668624,0.704752,1.750081,0.888477,0.061432,-0.031511,-0.006077,-0.001565,0.750000,0.750000,1.750000,7.155850,0.000000,0.000000,0.000000,0.000000,-0.007283,0.003208,0.000634,-0.002013
1777059715.369013,0.670016,0.706153,1.750096,0.888322,0.060134,-0.030971,-0.006171,-0.001876,0.750000,0.750000,1.750000,7.155850,0.000000,0.000000,0.000000,0.000000,-0.004424,0.002478,0.000582,-0.001962
1777059715.402448,0.670756,0.706909,1.750100,0.888168,0.057831,-0.030323,-0.006268,-0.002147,0.750000,0.750000,1.750000,7.155850,0.000000,0.000000,0.000000,0.000000,-0.008560,0.001897,0.000556,-0.001917
1777059715.435791,0.672210,0.708332,1.750123,0.888021,0.056358,-0.029762,-0.006349,-0.002333,0.750000,0.750000,1.750000,7.155850,0.000000,0.000000,0.000000,0.000000,-0.005891,0.001259,0.000553,-0.001896
1777059715.469092,0.672979,0.709091,1.750129,0.887878,0.053714,-0.029049,-0.006440,-0.002471,0.750000,0.750000,1.750000,7.155850,0.000000,0.000000,0.000000,0.000000,-0.010552,0.000899,0.000512,-0.001922
1777059715.502329,0.674176,0.710345,1.750145,0.887737,0.052633,-0.028535,-0.006496,-0.002681,0.750000,0.750000,1.750000,7.155850,0.000000,0.000000,0.000000,0.000000,-0.008095,0.000397,0.000504,-0.001985
1777059715.535789,0.674888,0.711054,1.750168,0.887597,0.050500,-0.027932,-0.006547,-0.002828,0.750000,0.750000,1.750000,7.155850,0.000000,0.000000,0.000000,0.000000,-0.010763,-0.000420,0.000476,-0.002058
1777059715.569005,0.676186,0.712331,1.750179,0.887450,0.049422,-0.027464,-0.006604,-0.002989,0.750000,0.750000,1.750000,7.155850,0.000000,0.000000,0.000000,0.000000,-0.008032,-0.000923,0.000433,-0.002141
1777059715.602373,0.676858,0.713008,1.750186,0.887298,0.047496,-0.026901,-0.006658,-0.003163,0.750000,0.750000,1.750000,7.155850,0.000000,0.000000,0.000000,0.000000,-0.011526,-0.001310,0.000413,-0.002200
1777059715.635676,0.678127,0.714239,1.750206,0.887141,0.046577,-0.026483,-0.006689,-0.003343,0.750000,0.750000,1.750000,7.155850,0.000000,0.000000,0.000000,0.000000,-0.008647,-0.001857,0.000401,-0.002237
1777059715.668999,0.678845,0.714926,1.750214,0.886979,0.044681,-0.025943,-0.006734,-0.003493,0.750000,0.750000,1.750000,7.155850,0.000000,0.000000,0.000000,0.000000,-0.011973,-0.002152,0.000363,-0.002251
1777059715.702373,0.680149,0.716154,1.750215,0.886816,0.043679,-0.025527,-0.006782,-0.003624,0.750000,0.750000,1.750000,7.155850,0.000000,0.000000,0.000000,0.000000,-0.009585,-0.002522,0.000347,-0.002254
1777059715.735756,0.680149,0.716154,1.750215,0.886816,0.043679,-0.025527,-0.006782,-0.003624,0.750000,0.750000,1.750000,7.155850,0.000000,0.000000,0.000000,0.000000,-0.013228,-0.002643,0.000345,-0.002253
1777059715.769070,0.681360,0.717182,1.750205,0.886650,0.039810,-0.024572,-0.006878,-0.003516,0.750000,0.750000,1.750000,7.155850,0.000000,0.000000,0.000000,0.000000,-0.003980,-0.003218,0.000346,-0.002961
1777059715.802382,0.681360,0.717182,1.750205,0.886650,0.039810,-0.024572,-0.006878,-0.003516,0.750000,0.750000,1.750000,7.155850,0.000000,0.000000,0.000000,0.000000,-0.006659,-0.002767,0.000369,-0.002912
1777059715.835721,0.682554,0.718335,1.750217,0.886468,0.036835,-0.023678,-0.006916,-0.003474,0.750000,0.750000,1.750000,7.155850,0.000000,0.000000,0.000000,0.000000,0.001903,-0.003342,0.000372,-0.003586
1777059715.869038,0.682554,0.718335,1.750217,0.886468,0.036835,-0.023678,-0.006916,-0.003474,0.750000,0.750000,1.750000,7.155850,0.000000,0.000000,0.000000,0.000000,-0.002137,-0.003620,0.000351,-0.003426
1777059715.902469,0.683207,0.718973,1.750216,0.886241,0.033310,-0.022732,-0.006950,-0.003522,0.750000,0.750000,1.750000,7.155850,0.000000,0.000000,0.000000,0.000000,0.005872,-0.004152,0.000353,-0.004070
1777059715.935801,0.684324,0.720027,1.750240,0.885992,0.031920,-0.022218,-0.006942,-0.003783,0.750000,0.750000,1.750000,7.155850,0.000000,0.000000,0.000000,0.000000,0.006715,-0.004523,0.000357,-0.003682
1777059715.969038,0.684839,0.720533,1.750254,0.885737,0.029856,-0.021620,-0.006940,-0.004066,0.750000,0.750000,1.750000,7.155850,0.000000,0.000000,0.000000,0.000000,0.002970,-0.004641,0.000310,-0.003228
1777059716.002397,0.684839,0.720533,1.750254,0.885737,0.029856,-0.021620,-0.006940,-0.004066,0.750000,0.750000,1.750000,7.155850,0.000000,0.000000,0.000000,0.000000,0.005271,-0.005068,0.000281,-0.002786
1777059716.035855,0.686177,0.721773,1.750253,0.885448,0.028096,-0.020990,-0.006941,-0.004209,0.750000,0.750000,1.750000,7.155850,0.000000,0.000000,0.000000,0.000000,0.012421,-0.005527,0.000280,-0.003491
1777059716.069015,0.686793,0.722331,1.750269,0.885208,0.026117,-0.020419,-0.006925,-0.004370,0.750000,0.750000,1.750000,7.155850,0.000000,0.000000,0.000000,0.000000,0.005910,-0.005425,0.000281,-0.002865
1777059716.102444,0.688098,0.723518,1.750278,0.885015,0.025321,-0.020031,-0.006908,-0.004411,0.750000,0.750000,1.750000,7.155850,0.000000,0.000000,0.000000,0.000000,0.006986,-0.005597,0.000249,-0.002510
1777059716.135653,0.688718,0.724103,1.750288,0.884870,0.023732,-0.019525,-0.006891,-0.004352,0.750000,0.750000,1.750000,7.155850,0.000000,0.000000,0.000000,0.000000,0.001207,-0.005458,0.000229,-0.002394
1777059716.169001,0.690057,0.725283,1.750297,0.884750,0.023063,-0.019188,-0.006868,-0.004214,0.750000,0.750000,1.750000,7.155850,0.000000,0.000000,0.000000,0.000000,0.002296,-0.005811,0.000205,-0.002501
1777059716.202397,0.690633,0.725844,1.750317,0.884630,0.021855,-0.018762,-0.006834,-0.004159,0.750000,0.750000,1.750000,7.155850,0.000000,0.000000,0.000000,0.000000,-0.003412,-0.005527,0.000183,-0.002712
1777059716.235778,0.690633,0.725844,1.750317,0.884630,0.021855,-0.018762,-0.006834,-0.004159,0.750000,0.750000,1.750000,7.155850,0.000000,0.000000,0.000000,0.000000,-0.001849,-0.006043,0.000138,-0.002907
1777059716.269104,0.691890,0.726984,1.750331,0.884493,0.021191,-0.018401,-0.006798,-0.004081,0.750000,0.750000,1.750000,7.155850,0.000000,0.000000,0.000000,0.000000,0.005213,-0.006615,0.000133,-0.003601
1777059716.302377,0.692631,0.727569,1.750323,0.884332,0.019732,-0.017993,-0.006788,-0.004072,0.750000,0.750000,1.750000,7.155850,0.000000,0.000000,0.000000,0.000000,-0.000509,-0.006538,0.000099,-0.003637
1777059716.335820,0.693907,0.728649,1.750327,0.884137,0.019315,-0.017749,-0.006757,-0.004182,0.750000,0.750000,1.750000,7.155850,0.000000,0.000000,0.000000,0.000000,-0.000344,-0.006313,0.000111,-0.003566
1777059716.369049,0.694614,0.729231,1.750322,0.883892,0.017825,-0.017301,-0.006727,-0.004343,0.750000,0.750000,1.750000,7.155850,0.000000,0.000000,0.000000,0.000000,-0.005538,-0.005927,0.000098,-0.003348
1777059716.402426,0.695915,0.730332,1.750333,0.883654,0.017473,-0.017061,-0.006678,-0.004520,0.750000,0.750000,1.750000,7.155850,0.000000,0.000000,0.000000,0.000000,-0.005008,-0.005972,0.000104,-0.002925
1777059716.435945,0.695915,0.730332,1.750333,0.883654,0.017473,-0.017061,-0.006678,-0.004520,0.750000,0.750000,1.750000,7.155850,0.000000,0.000000,0.000000,0.000000,-0.010267,-0.005662,0.000075,-0.002558
1777059716.469042,0.696713,0.731064,1.750358,0.883439,0.016280,-0.016606,-0.006613,-0.004581,0.750000,0.750000,1.750000,7.155850,0.000000,0.000000,0.000000,0.000000,-0.003196,-0.006426,0.000070,-0.003258
1777059716.502359,0.697903,0.732008,1.750349,0.883264,0.015877,-0.016416,-0.006589,-0.004589,0.750000,0.750000,1.750000,7.155850,0.000000,0.000000,0.000000,0.000000,-0.004517,-0.006783,0.000015,-0.002944
1777059716.535805,0.698586,0.732535,1.750343,0.883117,0.014451,-0.015996,-0.006552,-0.004467,0.750000,0.750000,1.750000,7.155850,0.000000,0.000000,0.000000,0.000000,-0.008761,-0.006218,0.000025,-0.002830
1777059716.569014,0.699680,0.733454,1.750365,0.882992,0.014406,-0.015852,-0.006496,-0.004427,0.750000,0.750000,1.750000,7.155850,0.000000,0.000000,0.000000,0.000000,-0.008098,-0.006195,0.000031,-0.002851
1777059716.602363,0.700344,0.733966,1.750360,0.882872,0.013358,-0.015527,-0.006459,-0.004303,0.750000,0.750000,1.750000,7.155850,0.000000,0.000000,0.000000,0.000000,-0.011724,-0.006092,-0.000019,-0.002960
1777059716.635820,0.701582,0.734902,1.750356,0.882742,0.013014,-0.015372,-0.006421,-0.004198,0.750000,0.750000,1.750000,7.155850,0.000000,0.000000,0.000000,0.000000,-0.010895,-0.006146,-0.000016,-0.003083
1777059716.669011,0.702173,0.735373,1.750363,0.882593,0.012060,-0.015052,-0.006369,-0.004198,0.750000,0.750000,1.750000,7.155850,0.000000,0.000000,0.000000,0.000000,-0.015211,-0.005453,-0.000014,-0.003146
1777059716.702347,0.703270,0.736201,1.750370,0.882427,0.011941,-0.014959,-0.006320,-0.004281,0.750000,0.750000,1.750000,7.155850,0.000000,0.000000,0.000000,0.000000,-0.013767,-0.005769,-0.000036,-0.003117
1777059716.735819,0.703859,0.736643,1.750370,0.882250,0.011150,-0.014702,-0.006277,-0.004391,0.750000,0.750000,1.750000,7.155850,0.000000,0.000000,0.000000,0.000000,-0.016847,-0.005310,-0.000056,-0.003006
1777059716.769069,0.704942,0.737419,1.750370,0.882072,0.011039,-0.014642,-0.006232,-0.004495,0.750000,0.750000,1.750000,7.155850,0.000000,0.000000,0.000000,0.000000,-0.015332,-0.005534,-0.000065,-0.002847
1777059716.802363,0.705555,0.737848,1.750367,0.881900,0.010192,-0.014388,-0.006186,-0.004534,0.750000,0.750000,1.750000,7.155850,0.000000,0.000000,0.000000,0.000000,-0.018147,-0.004934,-0.000072,-0.002685
1777059716.835789,0.705895,0.738074,1.750362,0.881738,0.008839,-0.013996,-0.006134,-0.004495,0.750000,0.750000,1.750000,7.155850,0.000000,0.000000,0.000000,0.000000,-0.016773,-0.005026,-0.000073,-0.002553
1777059716.869132,0.706755,0.738688,1.750370,0.881589,0.008592,-0.013891,-0.006079,-0.004520,0.750000,0.750000,1.750000,7.155850,0.000000,0.000000,0.000000,0.000000,-0.013207,-0.005463,-0.000069,-0.002471
1777059716.902521,0.706755,0.738688,1.750370,0.881589,0.008592,-0.013891,-0.006079,-0.004520,0.750000,0.750000,1.750000,7.155850,0.000000,0.000000,0.000000,0.000000,-0.014562,-0.005189,-0.000091,-0.002443
1777059716.935966,0.708019,0.739570,1.750382,0.881445,0.008657,-0.013878,-0.006009,-0.004460,0.750000,0.750000,1.750000,7.155850,0.000000,0.000000,0.000000,0.000000,-0.008639,-0.006192,-0.000098,-0.003063
1777059716.969061,0.708688,0.739969,1.750361,0.881306,0.007857,-0.013678,-0.005974,-0.004386,0.750000,0.750000,1.750000,7.155850,0.000000,0.000000,0.000000,0.000000,-0.013916,-0.005183,-0.000131,-0.002990
1777059717.002368,0.709800,0.740666,1.750352,0.881165,0.007584,-0.013628,-0.005919,-0.004303,0.750000,0.750000,1.750000,7.155850,0.000000,0.000000,0.000000,0.000000,-0.013433,-0.004838,-0.000094,-0.002938
1777059717.035903,0.710325,0.741023,1.750362,0.881023,0.006892,-0.013398,-0.005855,-0.004303,0.750000,0.750000,1.750000,7.155850,0.000000,0.000000,0.000000,0.000000,-0.016748,-0.003788,-0.000083,-0.002876
1777059717.068996,0.711224,0.741594,1.750364,0.880878,0.006834,-0.013390,-0.005806,-0.004364,0.750000,0.750000,1.750000,7.155850,0.000000,0.000000,0.000000,0.000000,-0.015379,-0.004088,-0.000108,-0.002806
1777059717.102381,0.711750,0.741909,1.750359,0.880729,0.006168,-0.013199,-0.005757,-0.004383,0.750000,0.750000,1.750000,7.155850,0.000000,0.000000,0.000000,0.000000,-0.017091,-0.003557,-0.000120,-0.002721
1777059717.135911,0.712653,0.742441,1.750358,0.880580,0.006001,-0.013188,-0.005705,-0.004406,0.750000,0.750000,1.750000,7.155850,0.000000,0.000000,0.000000,0.000000,-0.015639,-0.003668,-0.000116,-0.002615
1777059717.169035,0.713155,0.742732,1.750353,0.880431,0.005319,-0.012988,-0.005654,-0.004413,0.750000,0.750000,1.750000,7.155850,0.000000,0.000000,0.000000,0.000000,-0.017294,-0.002951,-0.000120,-0.002504
1777059717.202443,0.714011,0.743219,1.750353,0.880286,0.005142,-0.012977,-0.005598,-0.004427,0.750000,0.750000,1.750000,7.155850,0.000000,0.000000,0.000000,0.000000,-0.015758,-0.003111,-0.000116,-0.002395
1777059717.235823,0.714470,0.743483,1.750356,0.880145,0.004550,-0.012797,-0.005540,-0.004442,0.750000,0.750000,1.750000,7.155850,0.000000,0.000000,0.000000,0.000000,-0.017111,-0.002448,-0.000123,-0.002300
1777059717.268994,0.715376,0.743942,1.750338,0.880008,0.004137,-0.012751,-0.005490,-0.004340,0.750000,0.750000,1.750000,7.155850,0.000000,0.000000,0.000000,0.000000,-0.015423,-0.002719,-0.000135,-0.002224
1777059717.302366,0.715899,0.744186,1.750322,0.879877,0.002948,-0.012406,-0.005418,-0.004170,0.750000,0.750000,1.750000,7.155850,0.000000,0.000000,0.000000,0.000000,-0.017000,-0.001686,-0.000105,-0.002162
1777059717.335767,0.716675,0.744618,1.750337,0.879752,0.002622,-0.012319,-0.005334,-0.004094,0.750000,0.750000,1.750000,7.155850,0.000000,0.000000,0.000000,0.000000,-0.015587,-0.001577,-0.000078,-0.002125
1777059717.369060,0.717043,0.744831,1.750343,0.879630,0.001995,-0.012095,-0.005269,-0.004069,0.750000,0.750000,1.750000,7.155850,0.000000,0.000000,0.000000,0.000000,-0.016568,-0.001152,-0.000113,-0.002113
1777059717.402346,0.717787,0.745203,1.750341,0.879506,0.001728,-0.012059,-0.005208,-0.004023,0.750000,0.750000,1.750000,7.155850,0.000000,0.000000,0.000000,0.000000,-0.014517,-0.001707,-0.000132,-0.002103
1777059717.435853,0.718172,0.745403,1.750344,0.879382,0.001143,-0.011862,-0.005144,-0.004010,0.750000,0.750000,1.750000,7.155850,0.000000,0.000000,0.000000,0.000000,-0.015238,-0.001110,-0.000135,-0.002078
1777059717.468982,0.718905,0.745753,1.750339,0.879256,0.000904,-0.011838,-0.005088,-0.003981,0.750000,0.750000,1.750000,7.155850,0.000000,0.000000,0.000000,0.000000,-0.013426,-0.001492,-0.000150,-0.002042
1777059717.502371,0.719287,0.745943,1.750340,0.879130,0.000362,-0.011653,-0.005026,-0.003978,0.750000,0.750000,1.750000,7.155850,0.000000,0.000000,0.000000,0.000000,-0.014198,-0.000842,-0.000146,-0.001990
1777059717.535795,0.719993,0.746274,1.750340,0.879006,0.000174,-0.011641,-0.004965,-0.003961,0.750000,0.750000,1.750000,7.155850,0.000000,0.000000,0.000000,0.000000,-0.012543,-0.001199,-0.000156,-0.001937
1777059717.569066,0.720385,0.746452,1.750333,0.878885,-0.000391,-0.011452,-0.004910,-0.003924,0.750000,0.750000,1.750000,7.155850,0.000000,0.000000,0.000000,0.000000,-0.013298,-0.000586,-0.000164,-0.001884
1777059717.602344,0.721091,0.746768,1.750329,0.878767,-0.000625,-0.011424,-0.004848,-0.003866,0.750000,0.750000,1.750000,7.155850,0.000000,0.000000,0.000000,0.000000,-0.011812,-0.000834,-0.000156,-0.001838
1777059717.635852,0.721091,0.746768,1.750329,0.878767,-0.000625,-0.011424,-0.004848,-0.003866,0.750000,0.750000,1.750000,7.155850,0.000000,0.000000,0.000000,0.000000,-0.012663,-0.000154,-0.000155,-0.001800
1777059717.669457,0.721579,0.747011,1.750336,0.878651,-0.001233,-0.011188,-0.004762,-0.003761,0.750000,0.750000,1.750000,7.155850,0.000000,0.000000,0.000000,0.000000,-0.008670,-0.001489,-0.000161,-0.002278
1777059717.702374,0.722216,0.747264,1.750320,0.878540,-0.001598,-0.011115,-0.004709,-0.003676,0.750000,0.750000,1.750000,7.155850,0.000000,0.000000,0.000000,0.000000,-0.008549,-0.001466,-0.000183,-0.002197
1777059717.735821,0.722524,0.747413,1.750324,0.878420,-0.002098,-0.010907,-0.004644,-0.003686,0.750000,0.750000,1.750000,7.155850,0.000000,0.000000,0.000000,0.000000,-0.009173,-0.000729,-0.000158,-0.002136
1777059717.769046,0.723156,0.747688,1.750324,0.878268,-0.002257,-0.010884,-0.004581,-0.003780,0.750000,0.750000,1.750000,7.155850,0.000000,0.000000,0.000000,0.000000,-0.007791,-0.001182,-0.000171,-0.002032
1777059717.802384,0.723528,0.747826,1.750309,0.878119,-0.002875,-0.010657,-0.004524,-0.003779,0.750000,0.750000,1.750000,7.155850,0.000000,0.000000,0.000000,0.000000,-0.008699,-0.000586,-0.000179,-0.001784
1777059717.835699,0.724183,0.748115,1.750311,0.877983,-0.003003,-0.010630,-0.004457,-0.003797,0.750000,0.750000,1.750000,7.155850,0.000000,0.000000,0.000000,0.000000,-0.007651,-0.000650,-0.000155,-0.001557
1777059717.869018,0.724518,0.748271,1.750315,0.877859,-0.003391,-0.010455,-0.004392,-0.003810,0.750000,0.750000,1.750000,7.155850,0.000000,0.000000,0.000000,0.000000,-0.008848,-0.000033,-0.000165,-0.001394
1777059717.902395,0.725149,0.748542,1.750309,0.877756,-0.003419,-0.010470,-0.004342,-0.003769,0.750000,0.750000,1.750000,7.155850,0.000000,0.000000,0.000000,0.000000,-0.007846,-0.000402,-0.000180,-0.001289
1777059717.935767,0.725521,0.748679,1.750299,0.877670,-0.003859,-0.010297,-0.004287,-0.003633,0.750000,0.750000,1.750000,7.155850,0.000000,0.000000,0.000000,0.000000,-0.008929,0.000183,-0.000175,-0.001273
1777059717.969007,0.726167,0.748945,1.750299,0.877598,-0.003928,-0.010293,-0.004224,-0.003483,0.750000,0.750000,1.750000,7.155850,0.000000,0.000000,0.000000,0.000000,-0.008079,0.000097,-0.000162,-0.001327
1777059718.002363,0.726513,0.749088,1.750291,0.877531,-0.004296,-0.010123,-0.004171,-0.003335,0.750000,0.750000,1.750000,7.155850,0.000000,0.000000,0.000000,0.000000,-0.009268,0.000764,-0.000167,-0.001429
1777059718.035868,0.727125,0.749337,1.750290,0.877462,-0.004329,-0.010126,-0.004114,-0.003216,0.750000,0.750000,1.750000,7.155850,0.000000,0.000000,0.000000,0.000000,-0.008418,0.000491,-0.000158,-0.001542
1777059718.069056,0.727452,0.749475,1.750292,0.877385,-0.004612,-0.009982,-0.004057,-0.003150,0.750000,0.750000,1.750000,7.155850,0.000000,0.000000,0.000000,0.000000,-0.009447,0.001057,-0.000160,-0.001629
1777059718.102374,0.728100,0.749687,1.750271,0.877295,-0.004828,-0.009938,-0.004005,-0.003050,0.750000,0.750000,1.750000,7.155850,0.000000,0.000000,0.000000,0.000000,-0.008580,0.000705,-0.000170,-0.001667
1777059718.135784,0.728408,0.749826,1.750274,0.877198,-0.005154,-0.009750,-0.003940,-0.003039,0.750000,0.750000,1.750000,7.155850,0.000000,0.000000,0.000000,0.000000,-0.009620,0.001647,-0.000134,-0.001636
1777059718.169087,0.728970,0.750038,1.750274,0.877095,-0.005240,-0.009718,-0.003878,-0.003032,0.750000,0.750000,1.750000,7.155850,0.000000,0.000000,0.000000,0.000000,-0.008751,0.001173,-0.000146,-0.001567
1777059718.202436,0.729273,0.750150,1.750267,0.876994,-0.005595,-0.009530,-0.003824,-0.003019,0.750000,0.750000,1.750000,7.155850,0.000000,0.000000,0.000000,0.000000,-0.009516,0.001664,-0.000151,-0.001472
1777059718.235774,0.729817,0.750342,1.750262,0.876896,-0.005725,-0.009475,-0.003764,-0.002981,0.750000,0.750000,1.750000,7.155850,0.000000,0.000000,0.000000,0.000000,-0.008567,0.001318,-0.000142,-0.001381
1777059718.269103,0.730109,0.750440,1.750259,0.876805,-0.006139,-0.009250,-0.003697,-0.002914,0.750000,0.750000,1.750000,7.155850,0.000000,0.000000,0.000000,0.000000,-0.009242,0.001828,-0.000137,-0.001305
1777059718.302341,0.730595,0.750643,1.750262,0.876724,-0.006144,-0.009216,-0.003640,-0.002893,0.750000,0.750000,1.750000,7.155850,0.000000,0.000000,0.000000,0.000000,-0.008271,0.001508,-0.000138,-0.001259
1777059718.335808,0.730894,0.750710,1.750249,0.876645,-0.006629,-0.008973,-0.003578,-0.002782,0.750000,0.750000,1.750000,7.155850,0.000000,0.000000,0.000000,0.000000,-0.008873,0.001677,-0.000150,-0.001249
1777059718.369049,0.730894,0.750710,1.750249,0.876645,-0.006629,-0.008973,-0.003578,-0.002782,0.750000,0.750000,1.750000,7.155850,0.000000,0.000000,0.000000,0.000000,-0.007859,0.001587,-0.000130,-0.001244
1777059718.402370,0.731371,0.750950,1.750269,0.876570,-0.006651,-0.008867,-0.003495,-0.002719,0.750000,0.750000,1.750000,7.155850,0.000000,0.000000,0.000000,0.000000,-0.005320,0.000352,-0.000135,-0.001583
1777059718.435796,0.731622,0.751006,1.750256,0.876495,-0.006975,-0.008700,-0.003451,-0.002664,0.750000,0.750000,1.750000,7.155850,0.000000,0.000000,0.000000,0.000000,-0.006481,0.000419,-0.000180,-0.001558
1777059718.469019,0.732101,0.751153,1.750250,0.876411,-0.007068,-0.008649,-0.003395,-0.002627,0.750000,0.750000,1.750000,7.155850,0.000000,0.000000,0.000000,0.000000,-0.005524,0.000280,-0.000160,-0.001527
1777059718.502382,0.732373,0.751219,1.750244,0.876304,-0.007474,-0.008410,-0.003328,-0.002611,0.750000,0.750000,1.750000,7.155850,0.000000,0.000000,0.000000,0.000000,-0.006186,0.000858,-0.000155,-0.001451
1777059718.535784,0.732870,0.751395,1.750242,0.876199,-0.007537,-0.008333,-0.003265,-0.002615,0.750000,0.750000,1.750000,7.155850,0.000000,0.000000,0.000000,0.000000,-0.005458,0.000760,-0.000148,-0.001268
1777059718.569075,0.733121,0.751484,1.750242,0.876102,-0.007829,-0.008113,-0.003200,-0.002601,0.750000,0.750000,1.750000,7.155850,0.000000,0.000000,0.000000,0.000000,-0.006440,0.001259,-0.000149,-0.001104
1777059718.602340,0.733584,0.751663,1.750247,0.876023,-0.007795,-0.008073,-0.003138,-0.002579,0.750000,0.750000,1.750000,7.155850,0.000000,0.000000,0.000000,0.000000,-0.005823,0.000916,-0.000155,-0.000981
1777059718.635764,0.733824,0.751759,1.750246,0.875957,-0.007956,-0.007920,-0.003088,-0.002530,0.750000,0.750000,1.750000,7.155850,0.000000,0.000000,0.000000,0.000000,-0.006721,0.001229,-0.000172,-0.000938
1777059718.668998,0.734268,0.751913,1.750247,0.875901,-0.007899,-0.007909,-0.003039,-0.002460,0.750000,0.750000,1.750000,7.155850,0.000000,0.000000,0.000000,0.000000,-0.006155,0.000817,-0.000178,-0.000953
1777059718.702366,0.734527,0.751980,1.750242,0.875846,-0.008124,-0.007744,-0.002985,-0.002362,0.750000,0.750000,1.750000,7.155850,0.000000,0.000000,0.000000,0.000000,-0.006885,0.001181,-0.000185,-0.001000
1777059718.735802,0.734971,0.752131,1.750239,0.875789,-0.008074,-0.007721,-0.002938,-0.002300,0.750000,0.750000,1.750000,7.155850,0.000000,0.000000,0.000000,0.000000,-0.006283,0.001037,-0.000182,-0.001044
1777059718.769079,0.735208,0.752215,1.750238,0.875727,-0.008209,-0.007581,-0.002890,-0.002267,0.750000,0.750000,1.750000,7.155850,0.000000,0.000000,0.000000,0.000000,-0.007058,0.001420,-0.000181,-0.001069
1777059718.802413,0.735642,0.752338,1.750235,0.875660,-0.008199,-0.007553,-0.002839,-0.002232,0.750000,0.750000,1.750000,7.155850,0.000000,0.000000,0.000000,0.000000,-0.006535,0.001077,-0.000187,-0.001063
1777059718.835758,0.735642,0.752338,1.750235,0.875660,-0.008199,-0.007553,-0.002839,-0.002232,0.750000,0.750000,1.750000,7.155850,0.000000,0.000000,0.000000,0.000000,-0.007146,0.001565,-0.000187,-0.001026
1777059718.869008,0.735961,0.752444,1.750230,0.875589,-0.008392,-0.007352,-0.002778,-0.002167,0.750000,0.750000,1.750000,7.155850,0.000000,0.000000,0.000000,0.000000,-0.005191,0.000464,-0.000193,-0.001286
1777059718.902502,0.736327,0.752549,1.750227,0.875522,-0.008396,-0.007303,-0.002732,-0.002154,0.750000,0.750000,1.750000,7.155850,0.000000,0.000000,0.000000,0.000000,-0.005403,0.000536,-0.000187,-0.001206
1777059718.935794,0.736538,0.752585,1.750221,0.875456,-0.008651,-0.007100,-0.002678,-0.002099,0.750000,0.750000,1.750000,7.155850,0.000000,0.000000,0.000000,0.000000,-0.005819,0.000849,-0.000187,-0.001141
1777059718.968989,0.736931,0.752691,1.750213,0.875395,-0.008681,-0.007021,-0.002629,-0.002041,0.750000,0.750000,1.750000,7.155850,0.000000,0.000000,0.000000,0.000000,-0.005154,0.000713,-0.000180,-0.001082
1777059719.002367,0.737126,0.752761,1.750213,0.875338,-0.008828,-0.006841,-0.002578,-0.001999,0.750000,0.750000,1.750000,7.155850,0.000000,0.000000,0.000000,0.000000,-0.005766,0.001159,-0.000169,-0.001044
1777059719.035691,0.737492,0.752855,1.750212,0.875282,-0.008836,-0.006779,-0.002526,-0.001947,0.750000,0.750000,1.750000,7.155850,0.000000,0.000000,0.000000,0.000000,-0.005306,0.000766,-0.000174,-0.001022
1777059719.069106,0.737683,0.752909,1.750205,0.875229,-0.008982,-0.006607,-0.002483,-0.001902,0.750000,0.750000,1.750000,7.155850,0.000000,0.000000,0.000000,0.000000,-0.005779,0.001147,-0.000177,-0.001005
1777059719.102387,0.738023,0.753007,1.750205,0.875175,-0.008936,-0.006569,-0.002439,-0.001880,0.750000,0.750000,1.750000,7.155850,0.000000,0.000000,0.000000,0.000000,-0.005266,0.000818,-0.000169,-0.000989
1777059719.135702,0.738210,0.753044,1.750203,0.875120,-0.009084,-0.006409,-0.002392,-0.001842,0.750000,0.750000,1.750000,7.155850,0.000000,0.000000,0.000000,0.000000,-0.005719,0.001061,-0.000174,-0.000969
1777059719.169032,0.738210,0.753044,1.750203,0.875120,-0.009084,-0.006409,-0.002392,-0.001842,0.750000,0.750000,1.750000,7.155850,0.000000,0.000000,0.000000,0.000000,-0.005151,0.000831,-0.000173,-0.000941
1777059719.202379,0.738570,0.753151,1.750199,0.875064,-0.009083,-0.006309,-0.002339,-0.001790,0.750000,0.750000,1.750000,7.155850,0.000000,0.000000,0.000000,0.000000,-0.003651,-0.000122,-0.000177,-0.001153
1777059719.235872,0.738733,0.753180,1.750195,0.875011,-0.009205,-0.006164,-0.002299,-0.001770,0.750000,0.750000,1.750000,7.155850,0.000000,0.000000,0.000000,0.000000,-0.004449,0.000287,-0.000175,-0.001098
1777059719.269009,0.739063,0.753226,1.750189,0.874952,-0.009241,-0.006097,-0.002251,-0.001737,0.750000,0.750000,1.750000,7.155850,0.000000,0.000000,0.000000,0.000000,-0.003921,0.000064,-0.000170,-0.001051
1777059719.302367,0.739234,0.753272,1.750184,0.874880,-0.009344,-0.005932,-0.002211,-0.001763,0.750000,0.750000,1.750000,7.155850,0.000000,0.000000,0.000000,0.000000,-0.004251,0.000632,-0.000163,-0.000977
1777059719.335817,0.739561,0.753347,1.750182,0.874810,-0.009289,-0.005898,-0.002168,-0.001786,0.750000,0.750000,1.750000,7.155850,0.000000,0.000000,0.000000,0.000000,-0.003913,0.000348,-0.000156,-0.000846
1777059719.369014,0.739734,0.753393,1.750183,0.874747,-0.009350,-0.005768,-0.002125,-0.001802,0.750000,0.750000,1.750000,7.155850,0.000000,0.000000,0.000000,0.000000,-0.004465,0.000742,-0.000156,-0.000730
1777059719.402376,0.740060,0.753448,1.750173,0.874692,-0.009312,-0.005734,-0.002089,-0.001767,0.750000,0.750000,1.750000,7.155850,0.000000,0.000000,0.000000,0.000000,-0.004168,0.000475,-0.000162,-0.000644
1777059719.435702,0.740238,0.753472,1.750168,0.874649,-0.009422,-0.005570,-0.002045,-0.001698,0.750000,0.750000,1.750000,7.155850,0.000000,0.000000,0.000000,0.000000,-0.004622,0.000973,-0.000146,-0.000601
1777059719.469043,0.740555,0.753548,1.750170,0.874613,-0.009337,-0.005541,-0.002000,-0.001633,0.750000,0.750000,1.750000,7.155850,0.000000,0.000000,0.000000,0.000000,-0.004250,0.000836,-0.000140,-0.000603
1777059719.502387,0.740555,0.753548,1.750170,0.874613,-0.009337,-0.005541,-0.002000,-0.001633,0.750000,0.750000,1.750000,7.155850,0.000000,0.000000,0.000000,0.000000,-0.004831,0.001163,-0.000147,-0.000634
1777059719.535830,0.740784,0.753605,1.750165,0.874578,-0.009394,-0.005372,-0.001952,-0.001546,0.750000,0.750000,1.750000,7.155850,0.000000,0.000000,0.000000,0.000000,-0.003603,0.000263,-0.000151,-0.000819
1777059719.569027,0.741053,0.753649,1.750162,0.874543,-0.009353,-0.005330,-0.001915,-0.001493,0.750000,0.750000,1.750000,7.155850,0.000000,0.000000,0.000000,0.000000,-0.003796,0.000308,-0.000145,-0.000832
1777059719.602367,0.741200,0.753673,1.750161,0.874501,-0.009416,-0.005193,-0.001875,-0.001464,0.750000,0.750000,1.750000,7.155850,0.000000,0.000000,0.000000,0.000000,-0.004093,0.000627,-0.000142,-0.000840
1777059719.635651,0.741496,0.753704,1.750152,0.874445,-0.009386,-0.005143,-0.001839,-0.001455,0.750000,0.750000,1.750000,7.155850,0.000000,0.000000,0.000000,0.000000,-0.003752,0.000408,-0.000143,-0.000809
1777059719.669011,0.741650,0.753733,1.750150,0.874388,-0.009441,-0.004991,-0.001797,-0.001457,0.750000,0.750000,1.750000,7.155850,0.000000,0.000000,0.000000,0.000000,-0.004126,0.000930,-0.000128,-0.000715
1777059719.702332,0.741929,0.753800,1.750153,0.874335,-0.009328,-0.004978,-0.001758,-0.001484,0.750000,0.750000,1.750000,7.155850,0.000000,0.000000,0.000000,0.000000,-0.003883,0.000713,-0.000127,-0.000618
1777059719.735689,0.742079,0.753821,1.750147,0.874289,-0.009359,-0.004863,-0.001729,-0.001469,0.750000,0.750000,1.750000,7.155850,0.000000,0.000000,0.000000,0.000000,-0.004435,0.000956,-0.000138,-0.000542
1777059719.769030,0.742350,0.753860,1.750144,0.874252,-0.009276,-0.004849,-0.001695,-0.001433,0.750000,0.750000,1.750000,7.155850,0.000000,0.000000,0.000000,0.000000,-0.004142,0.000772,-0.000128,-0.000500
1777059719.802383,0.742500,0.753857,1.750140,0.874221,-0.009348,-0.004703,-0.001655,-0.001363,0.750000,0.750000,1.750000,7.155850,0.000000,0.000000,0.000000,0.000000,-0.004516,0.001125,-0.000126,-0.000496
1777059719.835846,0.742579,0.753880,1.750142,0.874194,-0.009417,-0.004520,-0.001614,-0.001302,0.750000,0.750000,1.750000,7.155850,0.000000,0.000000,0.000000,0.000000,-0.004121,0.001061,-0.000121,-0.000515
1777059719.869081,0.742579,0.753880,1.750142,0.874194,-0.009417,-0.004520,-0.001614,-0.001302,0.750000,0.750000,1.750000,7.155850,0.000000,0.000000,0.000000,0.000000,-0.003627,0.000516,-0.000128,-0.000543
1777059719.902382,0.742885,0.753938,1.750138,0.874165,-0.009314,-0.004468,-0.001575,-0.001238,0.750000,0.750000,1.750000,7.155850,0.000000,0.000000,0.000000,0.000000,-0.002724,-0.000250,-0.000131,-0.000689
1777059719.935702,0.743139,0.753953,1.750135,0.874134,-0.009245,-0.004454,-0.001541,-0.001200,0.750000,0.750000,1.750000,7.155850,0.000000,0.000000,0.000000,0.000000,-0.003546,0.000307,-0.000126,-0.000692
1777059719.969011,0.743279,0.753943,1.750126,0.874094,-0.009302,-0.004309,-0.001508,-0.001170,0.750000,0.750000,1.750000,7.155850,0.000000,0.000000,0.000000,0.000000,-0.003845,0.000776,-0.000124,-0.000684
1777059720.002345,0.743532,0.753978,1.750126,0.874054,-0.009207,-0.004278,-0.001472,-0.001163,0.750000,0.750000,1.750000,7.155850,0.000000,0.000000,0.000000,0.000000,-0.003513,0.000764,-0.000108,-0.000632
1777059720.035846,0.743532,0.753978,1.750126,0.874054,-0.009207,-0.004278,-0.001472,-0.001163,0.750000,0.750000,1.750000,7.155850,0.000000,0.000000,0.000000,0.000000,-0.003963,0.001101,-0.000111,-0.000577
1777059720.069052,0.743711,0.754026,1.750129,0.874013,-0.009167,-0.004150,-0.001429,-0.001145,0.750000,0.750000,1.750000,7.155850,0.000000,0.000000,0.000000,0.000000,-0.003124,0.000326,-0.000113,-0.000704
1777059720.102372,0.743915,0.754009,1.750120,0.873977,-0.009152,-0.004093,-0.001401,-0.001117,0.750000,0.750000,1.750000,7.155850,0.000000,0.000000,0.000000,0.000000,-0.003412,0.000282,-0.000122,-0.000637
1777059720.135680,0.744025,0.754011,1.750118,0.873942,-0.009181,-0.003945,-0.001365,-0.001092,0.750000,0.750000,1.750000,7.155850,0.000000,0.000000,0.000000,0.000000,-0.003401,0.000697,-0.000108,-0.000592
1777059720.169105,0.744241,0.754031,1.750119,0.873906,-0.009101,-0.003904,-0.001330,-0.001077,0.750000,0.750000,1.750000,7.155850,0.000000,0.000000,0.000000,0.000000,-0.003133,0.000516,-0.000105,-0.000549
1777059720.202391,0.744352,0.754035,1.750114,0.873874,-0.009111,-0.003773,-0.001300,-0.001052,0.750000,0.750000,1.750000,7.155850,0.000000,0.000000,0.000000,0.000000,-0.003453,0.000798,-0.000111,-0.000508
1777059720.235848,0.744560,0.754055,1.750114,0.873845,-0.009020,-0.003745,-0.001270,-0.001030,0.750000,0.750000,1.750000,7.155850,0.000000,0.000000,0.000000,0.000000,-0.003225,0.000615,-0.000104,-0.000478
1777059720.269011,0.744669,0.754071,1.750115,0.873818,-0.008995,-0.003650,-0.001241,-0.001009,0.750000,0.750000,1.750000,7.155850,0.000000,0.000000,0.000000,0.000000,-0.003536,0.000861,-0.000106,-0.000463
1777059720.302391,0.744863,0.754078,1.750111,0.873793,-0.008911,-0.003639,-0.001218,-0.000986,0.750000,0.750000,1.750000,7.155850,0.000000,0.000000,0.000000,0.000000,-0.003399,0.000617,-0.000111,-0.000458
1777059720.335723,0.744970,0.754083,1.750110,0.873769,-0.008889,-0.003556,-0.001194,-0.000965,0.750000,0.750000,1.750000,7.155850,0.000000,0.000000,0.000000,0.000000,-0.003593,0.000876,-0.000106,-0.000457
1777059720.369020,0.745158,0.754076,1.750108,0.873744,-0.008818,-0.003544,-0.001167,-0.000943,0.750000,0.750000,1.750000,7.155850,0.000000,0.000000,0.000000,0.000000,-0.003408,0.000686,-0.000106,-0.000454
1777059720.402388,0.745262,0.754075,1.750104,0.873718,-0.008798,-0.003456,-0.001145,-0.000925,0.750000,0.750000,1.750000,7.155850,0.000000,0.000000,0.000000,0.000000,-0.003521,0.000995,-0.000106,-0.000446
1777059720.435819,0.745262,0.754075,1.750104,0.873718,-0.008798,-0.003456,-0.001145,-0.000925,0.750000,0.750000,1.750000,7.155850,0.000000,0.000000,0.000000,0.000000,-0.003325,0.000829,-0.000100,-0.000433
1777059720.469051,0.745463,0.754083,1.750102,0.873691,-0.008711,-0.003408,-0.001114,-0.000896,0.750000,0.750000,1.750000,7.155850,0.000000,0.000000,0.000000,0.000000,-0.002722,0.000159,-0.000102,-0.000533
1777059720.502392,0.745551,0.754072,1.750101,0.873666,-0.008703,-0.003320,-0.001089,-0.000883,0.750000,0.750000,1.750000,7.155850,0.000000,0.000000,0.000000,0.000000,-0.003074,0.000523,-0.000102,-0.000505
1777059720.535884,0.745719,0.754061,1.750097,0.873638,-0.008632,-0.003306,-0.001069,-0.000879,0.750000,0.750000,1.750000,7.155850,0.000000,0.000000,0.000000,0.000000,-0.002819,0.000392,-0.000102,-0.000481
1777059720.569046,0.745812,0.754056,1.750095,0.873604,-0.008608,-0.003223,-0.001046,-0.000893,0.750000,0.750000,1.750000,7.155850,0.000000,0.000000,0.000000,0.000000,-0.002939,0.000681,-0.000096,-0.000447
1777059720.602446,0.745984,0.754023,1.750093,0.873571,-0.008555,-0.003195,-0.001019,-0.000886,0.750000,0.750000,1.750000,7.155850,0.000000,0.000000,0.000000,0.000000,-0.002778,0.000545,-0.000094,-0.000384
1777059720.635781,0.746077,0.754016,1.750088,0.873541,-0.008532,-0.003089,-0.000996,-0.000874,0.750000,0.750000,1.750000,7.155850,0.000000,0.000000,0.000000,0.000000,-0.002805,0.000966,-0.000091,-0.000326
1777059720.669140,0.746244,0.754018,1.750089,0.873515,-0.008436,-0.003078,-0.000973,-0.000869,-0.750000,0.750000,1.450000,8.901179,0.000000,0.000000,0.000000,0.000000,-0.002665,0.000834,-0.000084,-0.000283
1777059720.702469,0.746331,0.754004,1.750087,0.873494,-0.008415,-0.002988,-0.000949,-0.000841,-0.750000,0.750000,1.450000,8.901179,0.000000,0.000000,0.000000,0.000000,-0.102398,0.100751,-0.100076,0.099745
1777059720.735857,0.746488,0.753998,1.750085,0.873477,-0.008327,-0.002983,-0.000931,-0.000811,-0.750000,0.750000,1.450000,8.901179,0.000000,0.000000,0.000000,0.000000,-0.136922,0.144383,-0.163306,0.154158
1777059720.769065,0.746572,0.753987,1.750080,0.879988,-0.008296,-0.002909,-0.000907,0.018924,-0.750000,0.750000,1.450000,8.901179,0.000000,0.000000,0.000000,0.000000,-0.168063,0.183623,-0.220212,0.203128
1777059720.802402,0.745332,0.753817,1.750063,0.894463,-0.009359,-0.001758,-0.000881,0.050578,-0.750000,0.750000,1.450000,8.901179,0.000000,0.000000,0.000000,0.000000,-0.195701,0.219241,-0.271423,0.247325
1777059720.835831,0.744694,0.753756,1.741153,0.912918,-0.010207,-0.001489,-0.011771,0.096582,-0.750000,0.750000,1.450000,8.901179,0.000000,0.000000,0.000000,0.000000,-0.218534,0.252398,-0.317494,0.287366
1777059720.869041,0.741715,0.753506,1.736475,0.935313,-0.012649,0.000887,-0.017133,0.144017,-0.750000,0.750000,1.450000,8.901179,0.000000,0.000000,0.000000,0.000000,-0.238771,0.282655,-0.345227,0.323755
1777059720.902380,0.740150,0.753381,1.734163,0.960426,-0.013808,0.002154,-0.019469,0.200459,-0.750000,0.750000,1.450000,8.901179,0.000000,0.000000,0.000000,0.000000,-0.254020,0.311099,-0.374691,0.356925
1777059720.935702,0.740150,0.753381,1.734163,0.960426,-0.013808,0.002154,-0.019469,0.200459,-0.750000,0.750000,1.450000,8.901179,0.000000,0.000000,0.000000,0.000000,-0.267245,0.337432,-0.403859,0.387247
1777059720.969038,0.735799,0.753118,1.717090,0.988453,-0.017431,0.005159,-0.039971,0.257220,-0.750000,0.750000,1.450000,8.901179,0.000000,0.000000,0.000000,0.000000,-0.280196,0.360943,-0.433236,0.414576
1777059721.002409,0.733404,0.752939,1.707367,1.018372,-0.019258,0.006749,-0.050898,0.323904,-0.750000,0.750000,1.450000,8.901179,0.000000,0.000000,0.000000,0.000000,-0.287616,0.383211,-0.432351,0.439644
1777059721.035732,0.726968,0.752514,1.701399,1.051536,-0.023443,0.012144,-0.056468,0.367487,-0.750000,0.750000,1.450000,8.901179,0.000000,0.000000,0.000000,0.000000,-0.293243,0.404421,-0.439120,0.462750
1777059721.069033,0.723821,0.752342,1.678002,1.084566,-0.025907,0.013689,-0.083787,0.437744,-0.750000,0.750000,1.450000,8.901179,0.000000,0.000000,0.000000,0.000000,-0.293780,0.424383,-0.449020,0.484120
1777059721.102390,0.716188,0.751872,1.664966,1.120673,-0.030535,0.019921,-0.097327,0.490712,-0.750000,0.750000,1.450000,8.901179,0.000000,0.000000,0.000000,0.000000,-0.294217,0.443258,-0.426703,0.503933
1777059721.135872,0.712199,0.751619,1.658611,1.157023,-0.032511,0.023028,-0.102615,0.557096,-0.750000,0.750000,1.450000,8.901179,0.000000,0.000000,0.000000,0.000000,-0.289350,0.460888,-0.418060,0.522365
1777059721.168984,0.703278,0.751065,1.633832,1.195418,-0.037528,0.029968,-0.130379,0.613780,-0.750000,0.750000,1.450000,8.901179,0.000000,0.000000,0.000000,0.000000,-0.284472,0.477891,-0.418643,0.539560
1777059721.202363,0.697928,0.750660,1.619750,1.235415,-0.039731,0.033699,-0.143206,0.649721,-0.750000,0.750000,1.450000,8.901179,0.000000,0.000000,0.000000,0.000000,-0.274464,0.493278,-0.384063,0.555647
1777059721.235794,0.687647,0.750035,1.613298,1.274952,-0.043915,0.043054,-0.147513,0.704414,-0.750000,0.750000,1.450000,8.901179,0.000000,0.000000,0.000000,0.000000,-0.264074,0.508422,-0.365459,0.570706
1777059721.269043,0.681936,0.749621,1.590988,1.316225,-0.045914,0.046686,-0.170804,0.755215,-0.750000,0.750000,1.450000,8.901179,0.000000,0.000000,0.000000,0.000000,-0.249614,0.521293,-0.359121,0.584844
1777059721.302389,0.681936,0.749621,1.590988,1.316225,-0.045914,0.046686,-0.170804,0.755215,-0.750000,0.750000,1.450000,8.901179,0.000000,0.000000,0.000000,0.000000,-0.235576,0.534281,-0.321393,0.598133
1777059721.335988,0.669010,0.748811,1.574882,1.359695,-0.049716,0.057835,-0.183986,0.772173,-0.750000,0.750000,1.450000,8.901179,0.000000,0.000000,0.000000,0.000000,-0.226509,0.547042,-0.324009,0.610532
1777059721.369102,0.662903,0.748376,1.570644,1.401651,-0.050596,0.062623,-0.183721,0.811717,-0.750000,0.750000,1.450000,8.901179,0.000000,0.000000,0.000000,0.000000,-0.207903,0.555641,-0.295198,0.621730
1777059721.402464,0.649247,0.747606,1.551847,1.445814,-0.053261,0.074448,-0.200873,0.836423,-0.750000,0.750000,1.450000,8.901179,0.000000,0.000000,0.000000,0.000000,-0.191432,0.565187,-0.287949,0.632311
1777059721.435874,0.642454,0.747206,1.543197,1.489433,-0.053593,0.079498,-0.205712,0.877974,-0.750000,0.750000,1.450000,8.901179,0.000000,0.000000,0.000000,0.000000,-0.170310,0.570986,-0.251505,0.642206
1777059721.469057,0.628366,0.746570,1.538826,1.534175,-0.054904,0.092855,-0.205794,0.921233,-0.750000,0.750000,1.450000,8.901179,0.000000,0.000000,0.000000,0.000000,-0.151290,0.578148,-0.233502,0.651489
1777059721.502370,0.619822,0.745971,1.523626,1.580710,-0.054482,0.098454,-0.216958,0.936056,-0.750000,0.750000,1.450000,8.901179,0.000000,0.000000,0.000000,0.000000,-0.128921,0.581063,-0.223473,0.660093
1777059721.535906,0.604305,0.745402,1.516994,1.625887,-0.054214,0.112873,-0.219387,0.971571,-0.750000,0.750000,1.450000,8.901179,0.000000,0.000000,0.000000,0.000000,-0.105828,0.585168,-0.191451,0.667849
1777059721.569066,0.595882,0.744945,1.513556,1.672378,-0.052957,0.119110,-0.217076,1.004170,-0.750000,0.750000,1.450000,8.901179,0.000000,0.000000,0.000000,0.000000,-0.082221,0.584716,-0.175649,0.674841
1777059721.602454,0.595882,0.744945,1.513556,1.672378,-0.052957,0.119110,-0.217076,1.004170,-0.750000,0.750000,1.450000,8.901179,0.000000,0.000000,0.000000,0.000000,-0.058478,0.586334,-0.166107,0.680783
1777059721.635897,0.578306,0.744361,1.503109,1.720107,-0.050453,0.134412,-0.222748,1.015488,-0.750000,0.750000,1.450000,8.901179,0.000000,0.000000,0.000000,0.000000,-0.040238,0.591794,-0.163537,0.689681
1777059721.669125,0.569795,0.743946,1.497870,1.766198,-0.048345,0.140314,-0.222979,1.053169,-0.750000,0.750000,1.450000,8.901179,0.000000,0.000000,0.000000,0.000000,-0.017115,0.586845,-0.140029,0.693390
1777059721.702386,0.552398,0.743465,1.495210,1.813553,-0.044518,0.156136,-0.220686,1.092887,-0.750000,0.750000,1.450000,8.901179,0.000000,0.000000,0.000000,0.000000,0.006040,0.585316,-0.126584,0.695957
1777059721.735853,0.542745,0.743109,1.487562,1.861380,-0.041363,0.162641,-0.224225,1.134149,-0.750000,0.750000,1.450000,8.901179,0.000000,0.000000,0.000000,0.000000,0.029347,0.577646,-0.118337,0.696685
1777059721.769028,0.523414,0.742540,1.483235,1.909920,-0.035321,0.179373,-0.223463,1.160279,-0.750000,0.750000,1.450000,8.901179,0.000000,0.000000,0.000000,0.000000,0.053214,0.572915,-0.100005,0.695148
1777059721.802387,0.511733,0.741877,1.480582,1.958923,-0.030580,0.186090,-0.218502,1.159484,-0.750000,0.750000,1.450000,8.901179,0.000000,0.000000,0.000000,0.000000,0.077369,0.560868,-0.088205,0.690576
1777059721.835850,0.491439,0.741572,1.475443,2.005797,-0.022031,0.202402,-0.218634,1.177216,-0.750000,0.750000,1.450000,8.901179,0.000000,0.000000,0.000000,0.000000,0.103794,0.551289,-0.079900,0.682046
1777059721.869120,0.480359,0.741201,1.472751,2.053017,-0.016575,0.208212,-0.214932,1.189450,-0.750000,0.750000,1.450000,8.901179,0.000000,0.000000,0.000000,0.000000,0.125195,0.536505,-0.066637,0.669880
1777059721.902487,0.457947,0.740720,1.471187,2.099783,-0.005398,0.224503,-0.209300,1.184440,-0.750000,0.750000,1.450000,8.901179,0.000000,0.000000,0.000000,0.000000,0.149445,0.525436,-0.058357,0.651971
1777059721.935804,0.446400,0.740446,1.468155,2.144410,0.001135,0.229111,-0.205545,1.180796,-0.750000,0.750000,1.450000,8.901179,0.000000,0.000000,0.000000,0.000000,0.170301,0.505799,-0.052562,0.627481
1777059721.969214,0.446400,0.740446,1.468155,2.144410,0.001135,0.229111,-0.205545,1.180796,-0.750000,0.750000,1.450000,8.901179,0.000000,0.000000,0.000000,0.000000,0.192940,0.492420,-0.043979,0.597012
1777059722.002450,0.423831,0.740621,1.466823,2.187635,0.014718,0.243275,-0.199409,1.166208,-0.750000,0.750000,1.450000,8.901179,0.000000,0.000000,0.000000,0.000000,0.215688,0.487980,-0.041632,0.612467
1777059722.035817,0.412625,0.740379,1.466308,2.227263,0.021475,0.247398,-0.193605,1.166950,-0.750000,0.750000,1.450000,8.901179,0.000000,0.000000,0.000000,0.000000,0.227743,0.469179,-0.036881,0.573258
1777059722.069185,0.390862,0.740576,1.465052,2.265521,0.035748,0.261266,-0.189544,1.175966,-0.750000,0.750000,1.450000,8.901179,0.000000,0.000000,0.000000,0.000000,0.247077,0.454462,-0.033998,0.530257
1777059722.102372,0.377390,0.740243,1.464064,2.305264,0.044228,0.265504,-0.183841,1.164137,-0.750000,0.750000,1.450000,8.901179,0.000000,0.000000,0.000000,0.000000,0.257451,0.434333,-0.029807,0.480777
1777059722.135793,0.350836,0.740173,1.463415,2.341304,0.062349,0.278744,-0.176469,1.128017,-0.750000,0.750000,1.450000,8.901179,0.000000,0.000000,0.000000,0.000000,0.274817,0.415836,-0.026322,0.418524
1777059722.169007,0.337891,0.740389,1.462637,2.371626,0.070911,0.280420,-0.170411,1.092541,-0.750000,0.750000,1.450000,8.901179,0.000000,0.000000,0.000000,0.000000,0.281249,0.389608,-0.023713,0.354942
1777059722.202459,0.312649,0.740944,1.462344,2.396801,0.089339,0.291479,-0.163852,1.048078,-0.750000,0.750000,1.450000,8.901179,0.000000,0.000000,0.000000,0.000000,0.293674,0.373880,-0.021012,0.298822
1777059722.235814,0.299954,0.741362,1.462433,2.416155,0.097833,0.292756,-0.157731,0.998837,-0.750000,0.750000,1.450000,8.901179,0.000000,0.000000,0.000000,0.000000,0.293907,0.351546,-0.019454,0.252438
1777059722.269116,0.299954,0.741362,1.462433,2.416155,0.097833,0.292756,-0.157731,0.998837,-0.750000,0.750000,1.450000,8.901179,0.000000,0.000000,0.000000,0.000000,0.303159,0.337350,-0.018836,0.221073
1777059722.302508,0.274945,0.742646,1.462479,2.431167,0.116912,0.301797,-0.151150,0.938742,-0.750000,0.750000,1.450000,8.901179,0.000000,0.000000,0.000000,0.000000,0.323060,0.330580,-0.018124,0.253090
1777059722.335838,0.259772,0.742414,1.461717,2.442573,0.125856,0.302500,-0.145103,0.871421,-0.750000,0.750000,1.450000,8.901179,0.000000,0.000000,0.000000,0.000000,0.313979,0.313631,-0.017667,0.230616
1777059722.369100,0.234778,0.743731,1.461998,2.452527,0.145130,0.311684,-0.139344,0.815148,-0.750000,0.750000,1.450000,8.901179,0.000000,0.000000,0.000000,0.000000,0.320254,0.294963,-0.015699,0.218942
1777059722.402422,0.221815,0.744567,1.461884,2.464661,0.153851,0.313015,-0.135018,0.776644,-0.750000,0.750000,1.450000,8.901179,0.000000,0.000000,0.000000,0.000000,0.307644,0.278668,-0.015937,0.210806
1777059722.435818,0.195858,0.745753,1.461736,2.476208,0.173750,0.322625,-0.130259,0.736756,-0.750000,0.750000,1.450000,8.901179,0.000000,0.000000,0.000000,0.000000,0.308591,0.269091,-0.015476,0.192863
1777059722.469017,0.180497,0.746362,1.461633,2.487223,0.183349,0.324031,-0.125430,0.696694,-0.750000,0.750000,1.450000,8.901179,0.000000,0.000000,0.000000,0.000000,0.292832,0.250677,-0.015028,0.175799
1777059722.502375,0.152943,0.747738,1.461256,2.497624,0.204121,0.333004,-0.120908,0.658573,-0.750000,0.750000,1.450000,8.901179,0.000000,0.000000,0.000000,0.000000,0.290843,0.237896,-0.014744,0.159547
1777059722.535819,0.137100,0.748475,1.461085,2.506923,0.213338,0.333414,-0.116262,0.619554,-0.750000,0.750000,1.450000,8.901179,0.000000,0.000000,0.000000,0.000000,0.269112,0.218899,-0.013964,0.144567
1777059722.569035,0.106367,0.749772,1.460870,2.515220,0.234666,0.340800,-0.110577,0.576832,-0.750000,0.750000,1.450000,8.901179,0.000000,0.000000,0.000000,0.000000,0.264415,0.206919,-0.013644,0.132957
1777059722.602363,0.092144,0.750924,1.460708,2.522011,0.242089,0.339425,-0.106473,0.539224,-0.750000,0.750000,1.450000,8.901179,0.000000,0.000000,0.000000,0.000000,0.235233,0.183708,-0.013298,0.124249
1777059722.635643,0.064333,0.752516,1.460592,2.528238,0.261659,0.345980,-0.102113,0.502718,-0.750000,0.750000,1.450000,8.901179,0.000000,0.000000,0.000000,0.000000,0.229668,0.176894,-0.013096,0.120700
1777059722.669012,0.048413,0.753314,1.460506,2.534079,0.268631,0.343980,-0.097473,0.467318,-0.750000,0.750000,1.450000,8.901179,0.000000,0.000000,0.000000,0.000000,0.199802,0.157873,-0.013023,0.118215
1777059722.702340,0.022001,0.755139,1.460306,2.539685,0.287279,0.349964,-0.093846,0.438110,-0.750000,0.750000,1.450000,8.901179,0.000000,0.000000,0.000000,0.000000,0.192088,0.147212,-0.013052,0.116047
1777059722.735801,0.006440,0.756015,1.460142,2.545605,0.293955,0.348282,-0.090077,0.410764,-0.750000,0.750000,1.450000,8.901179,0.000000,0.000000,0.000000,0.000000,0.160115,0.130622,-0.012872,0.113700
1777059722.769021,-0.020523,0.757684,1.460193,2.551455,0.312272,0.353967,-0.086366,0.387411,-0.750000,0.750000,1.450000,8.901179,0.000000,0.000000,0.000000,0.000000,0.151488,0.121113,-0.012781,0.108846
1777059722.802356,-0.036583,0.758505,1.459702,2.557440,0.318297,0.351755,-0.083150,0.364586,-0.750000,0.750000,1.450000,8.901179,0.000000,0.000000,0.000000,0.000000,0.115841,0.101754,-0.013145,0.103365
1777059722.835696,-0.045249,0.758995,1.459493,2.563120,0.316760,0.344809,-0.079525,0.342814,-0.750000,0.750000,1.450000,8.901179,0.000000,0.000000,0.000000,0.000000,0.105378,0.091429,-0.012424,0.096410
1777059722.869020,-0.067487,0.760533,1.459632,2.568300,0.330374,0.347495,-0.076400,0.324744,-0.750000,0.750000,1.450000,8.901179,0.000000,0.000000,0.000000,0.000000,0.111263,0.089457,-0.012269,0.090026
1777059722.902383,-0.067487,0.760533,1.459632,2.568300,0.330374,0.347495,-0.076400,0.324744,-0.750000,0.750000,1.450000,8.901179,0.000000,0.000000,0.000000,0.000000,0.081230,0.074895,-0.012830,0.085166
1777059722.935860,-0.099686,0.762792,1.459387,2.573253,0.352489,0.354264,-0.073394,0.306101,-0.750000,0.750000,1.450000,8.901179,0.000000,0.000000,0.000000,0.000000,0.107922,0.082540,-0.013086,0.102776
1777059722.969105,-0.145605,0.763908,1.458422,2.582539,0.377775,0.360787,-0.068284,0.289795,-0.750000,0.750000,1.450000,8.901179,0.000000,0.000000,0.000000,0.000000,0.047173,0.056337,-0.012857,0.096396
1777059723.002384,-0.159942,0.765452,1.458193,2.588328,0.382351,0.357602,-0.065570,0.278689,-0.750000,0.750000,1.450000,8.901179,0.000000,0.000000,0.000000,0.000000,-0.046926,-0.001404,-0.011182,0.069919
1777059723.035779,-0.185844,0.767105,1.458245,2.593440,0.397942,0.361359,-0.063209,0.266815,-0.750000,0.750000,1.450000,8.901179,0.000000,0.000000,0.000000,0.000000,-0.057901,-0.002337,-0.010959,0.059727
1777059723.069033,-0.199963,0.768028,1.458350,2.596669,0.401761,0.358810,-0.061053,0.250498,-0.750000,0.750000,1.450000,8.901179,0.000000,0.000000,0.000000,0.000000,-0.104216,-0.023923,-0.011305,0.052312
1777059723.102330,-0.224027,0.769313,1.457895,2.599059,0.415500,0.361945,-0.059784,0.233276,-0.750000,0.750000,1.450000,8.901179,0.000000,0.000000,0.000000,0.000000,-0.112624,-0.028988,-0.011766,0.052907
1777059723.135772,-0.238404,0.770019,1.457669,2.601132,0.418289,0.358884,-0.057841,0.216189,-0.750000,0.750000,1.450000,8.901179,0.000000,0.000000,0.000000,0.000000,-0.155449,-0.051041,-0.011082,0.056401
1777059723.169038,-0.263181,0.771109,1.457501,2.603466,0.430240,0.360606,-0.055807,0.201036,-0.750000,0.750000,1.450000,8.901179,0.000000,0.000000,0.000000,0.000000,-0.164889,-0.057967,-0.010840,0.060278
1777059723.202389,-0.274876,0.771932,1.457125,2.606174,0.431426,0.357023,-0.054377,0.190138,-0.750000,0.750000,1.450000,8.901179,0.000000,0.000000,0.000000,0.000000,-0.212874,-0.083846,-0.010707,0.061943
1777059723.235793,-0.297127,0.772910,1.456858,2.609475,0.441804,0.358452,-0.052854,0.181307,-0.750000,0.750000,1.450000,8.901179,0.000000,0.000000,0.000000,0.000000,-0.214114,-0.083853,-0.010137,0.061130
1777059723.269096,-0.309940,0.773481,1.456802,2.612994,0.441944,0.354199,-0.050865,0.173551,-0.750000,0.750000,1.450000,8.901179,0.000000,0.000000,0.000000,0.000000,-0.256142,-0.106220,-0.009766,0.057017
1777059723.302482,-0.332534,0.774288,1.456234,2.616505,0.450004,0.353889,-0.049398,0.165333,-0.750000,0.750000,1.450000,8.901179,0.000000,0.000000,0.000000,0.000000,-0.261413,-0.110262,-0.009820,0.051511
1777059723.335802,-0.343050,0.774915,1.456133,2.619555,0.448204,0.348696,-0.047609,0.158177,-0.750000,0.750000,1.450000,8.901179,0.000000,0.000000,0.000000,0.000000,-0.307205,-0.135222,-0.008826,0.045705
1777059723.368996,-0.361801,0.775717,1.456063,2.622229,0.454826,0.348290,-0.046085,0.150763,-0.750000,0.750000,1.450000,8.901179,0.000000,0.000000,0.000000,0.000000,-0.304058,-0.132978,-0.008758,0.041725
1777059723.402443,-0.372470,0.776172,1.455710,2.624508,0.452771,0.343292,-0.044724,0.142641,-0.750000,0.750000,1.450000,8.901179,0.000000,0.000000,0.000000,0.000000,-0.337244,-0.149684,-0.008755,0.039087
1777059723.435808,-0.390495,0.776824,1.455477,2.626514,0.457953,0.342203,-0.043368,0.134444,-0.750000,0.750000,1.450000,8.901179,0.000000,0.000000,0.000000,0.000000,-0.335369,-0.149146,-0.008174,0.037797
1777059723.468999,-0.400849,0.777203,1.455430,2.628403,0.454564,0.336466,-0.041529,0.126407,-0.750000,0.750000,1.450000,8.901179,0.000000,0.000000,0.000000,0.000000,-0.367647,-0.165846,-0.007818,0.037243
1777059723.502377,-0.416570,0.777831,1.455064,2.630212,0.458218,0.334864,-0.040519,0.119629,-0.750000,0.750000,1.450000,8.901179,0.000000,0.000000,0.000000,0.000000,-0.365270,-0.165013,-0.007844,0.036686
1777059723.535786,-0.426476,0.778123,1.454909,2.632142,0.453977,0.328862,-0.038862,0.113090,-0.750000,0.750000,1.450000,8.901179,0.000000,0.000000,0.000000,0.000000,-0.389636,-0.176633,-0.007213,0.036004
1777059723.569085,-0.441102,0.778633,1.454833,2.634016,0.456034,0.326505,-0.037476,0.107652,-0.750000,0.750000,1.450000,8.901179,0.000000,0.000000,0.000000,0.000000,-0.386423,-0.175509,-0.007001,0.034300
1777059723.602358,-0.449522,0.778914,1.454533,2.635925,0.451162,0.320503,-0.036157,0.102600,-0.750000,0.750000,1.450000,8.901179,0.000000,0.000000,0.000000,0.000000,-0.407653,-0.185710,-0.006952,0.032474
1777059723.635724,-0.464832,0.779194,1.454311,2.637776,0.450882,0.316627,-0.034608,0.097063,-0.750000,0.750000,1.450000,8.901179,0.000000,0.000000,0.000000,0.000000,-0.398993,-0.181059,-0.006444,0.030140
1777059723.669025,-0.471422,0.779504,1.454320,2.639406,0.444401,0.309850,-0.032947,0.092273,-0.750000,0.750000,1.450000,8.901179,0.000000,0.000000,0.000000,0.000000,-0.425142,-0.195398,-0.006090,0.027719
1777059723.702337,-0.483406,0.779793,1.454017,2.640921,0.443414,0.306230,-0.031861,0.087643,-0.750000,0.750000,1.450000,8.901179,0.000000,0.000000,0.000000,0.000000,-0.408894,-0.185654,-0.006206,0.026013
1777059723.735816,-0.490049,0.779973,1.453927,2.642293,0.436826,0.299671,-0.030391,0.082960,-0.750000,0.750000,1.450000,8.901179,0.000000,0.000000,0.000000,0.000000,-0.421314,-0.191701,-0.005688,0.024505
1777059723.769050,-0.493741,0.780076,1.453824,2.643569,0.426843,0.291286,-0.028696,0.078299,-0.750000,0.750000,1.450000,8.901179,0.000000,0.000000,0.000000,0.000000,-0.407225,-0.183925,-0.005599,0.023326
1777059723.802381,-0.502628,0.780260,1.453598,2.644738,0.423176,0.286531,-0.027583,0.074044,-0.750000,0.750000,1.450000,8.901179,0.000000,0.000000,0.000000,0.000000,-0.380044,-0.169431,-0.005488,0.022248
1777059723.835820,-0.502628,0.780260,1.453598,2.644738,0.423176,0.286531,-0.027583,0.074044,-0.750000,0.750000,1.450000,8.901179,0.000000,0.000000,0.000000,0.000000,-0.382116,-0.169948,-0.005127,0.021345
1777059723.869125,-0.515505,0.780453,1.453380,2.645923,0.419724,0.281181,-0.025949,0.069409,-0.750000,0.750000,1.450000,8.901179,0.000000,0.000000,0.000000,0.000000,-0.339711,-0.147847,-0.005203,0.025572
1777059723.902411,-0.520849,0.780527,1.453320,2.646938,0.413411,0.275402,-0.024595,0.065794,-0.750000,0.750000,1.450000,8.901179,0.000000,0.000000,0.000000,0.000000,-0.367180,-0.161764,-0.004848,0.023807
1777059723.935830,-0.530518,0.780499,1.453101,2.648122,0.410382,0.271394,-0.023483,0.062765,-0.750000,0.750000,1.450000,8.901179,0.000000,0.000000,0.000000,0.000000,-0.354546,-0.154803,-0.004810,0.022604
1777059723.969069,-0.535569,0.780522,1.452952,2.649563,0.403028,0.265064,-0.022203,0.060872,-0.750000,0.750000,1.450000,8.901179,0.000000,0.000000,0.000000,0.000000,-0.365593,-0.161431,-0.004452,0.020406
1777059724.002381,-0.544121,0.780451,1.453021,2.650929,0.399022,0.260681,-0.020944,0.058863,-0.750000,0.750000,1.450000,8.901179,0.000000,0.000000,0.000000,0.000000,-0.352733,-0.154425,-0.004230,0.016894
1777059724.035752,-0.548054,0.780474,1.452835,2.652153,0.391804,0.254726,-0.019967,0.057043,-0.750000,0.750000,1.450000,8.901179,0.000000,0.000000,0.000000,0.000000,-0.359538,-0.158698,-0.004455,0.013647
1777059724.069063,-0.555521,0.780322,1.452766,2.653214,0.387514,0.250495,-0.018914,0.054673,-0.750000,0.750000,1.450000,8.901179,0.000000,0.000000,0.000000,0.000000,-0.342504,-0.149106,-0.004167,0.010967
1777059724.102482,-0.559912,0.780232,1.452706,2.653992,0.379439,0.244053,-0.017659,0.051481,-0.750000,0.750000,1.450000,8.901179,0.000000,0.000000,0.000000,0.000000,-0.345482,-0.151723,-0.004112,0.008905
1777059724.135815,-0.566403,0.780027,1.452537,2.654490,0.373936,0.239262,-0.016701,0.047835,-0.750000,0.750000,1.450000,8.901179,0.000000,0.000000,0.000000,0.000000,-0.332627,-0.145083,-0.004079,0.007956
1777059724.169020,-0.570024,0.779924,1.452423,2.654800,0.365263,0.232618,-0.015540,0.043951,-0.750000,0.750000,1.450000,8.901179,0.000000,0.000000,0.000000,0.000000,-0.332128,-0.145930,-0.003823,0.008039
1777059724.202394,-0.576689,0.779594,1.452404,2.655018,0.357653,0.226540,-0.014211,0.040095,-0.750000,0.750000,1.450000,8.901179,0.000000,0.000000,0.000000,0.000000,-0.317072,-0.137888,-0.003676,0.008681
1777059724.235697,-0.578587,0.779553,1.452257,2.655225,0.348675,0.219962,-0.013287,0.036739,-0.750000,0.750000,1.450000,8.901179,0.000000,0.000000,0.000000,0.000000,-0.319192,-0.140911,-0.003726,0.009406
1777059724.269083,-0.583490,0.779232,1.452177,2.655558,0.341618,0.214613,-0.012240,0.034021,-0.750000,0.750000,1.450000,8.901179,0.000000,0.000000,0.000000,0.000000,-0.296797,-0.128025,-0.003518,0.009909
1777059724.302366,-0.585436,0.779119,1.452136,2.655956,0.333109,0.208483,-0.011234,0.031894,-0.750000,0.750000,1.450000,8.901179,0.000000,0.000000,0.000000,0.000000,-0.291820,-0.126912,-0.003441,0.009586
1777059724.335816,-0.589799,0.778737,1.451985,2.656472,0.325978,0.203293,-0.010349,0.030198,-0.750000,0.750000,1.450000,8.901179,0.000000,0.000000,0.000000,0.000000,-0.272230,-0.115968,-0.003445,0.008797
1777059724.369078,-0.591317,0.778595,1.451896,2.656998,0.317861,0.197572,-0.009495,0.028954,-0.750000,0.750000,1.450000,8.901179,0.000000,0.000000,0.000000,0.000000,-0.266693,-0.114885,-0.003223,0.007335
1777059724.402368,-0.595349,0.778145,1.451863,2.657551,0.310616,0.192468,-0.008500,0.027645,-0.750000,0.750000,1.450000,8.901179,0.000000,0.000000,0.000000,0.000000,-0.247197,-0.104036,-0.003122,0.005742
1777059724.435780,-0.597156,0.777932,1.451703,2.658001,0.301750,0.186298,-0.007689,0.026206,-0.750000,0.750000,1.450000,8.901179,0.000000,0.000000,0.000000,0.000000,-0.242132,-0.103603,-0.003137,0.003945
1777059724.469105,-0.600255,0.777471,1.451643,2.658329,0.294259,0.181214,-0.006817,0.024554,-0.750000,0.750000,1.450000,8.901179,0.000000,0.000000,0.000000,0.000000,-0.226300,-0.095117,-0.002891,0.002539
1777059724.502479,-0.602506,0.777182,1.451596,2.658542,0.284078,0.174182,-0.005734,0.022616,-0.750000,0.750000,1.450000,8.901179,0.000000,0.000000,0.000000,0.000000,-0.218132,-0.092885,-0.002843,0.001586
1777059724.535769,-0.604446,0.776737,1.451474,2.658580,0.276646,0.169326,-0.005057,0.020478,-0.750000,0.750000,1.450000,8.901179,0.000000,0.000000,0.000000,0.000000,-0.206646,-0.087130,-0.002826,0.001007
1777059724.569086,-0.606377,0.776438,1.451412,2.658583,0.266972,0.162734,-0.004124,0.018437,-0.750000,0.750000,1.450000,8.901179,0.000000,0.000000,0.000000,0.000000,-0.193957,-0.082103,-0.002654,0.001085
1777059724.602379,-0.608879,0.775889,1.451402,2.658529,0.258466,0.157201,-0.003217,0.016453,-0.750000,0.750000,1.450000,8.901179,0.000000,0.000000,0.000000,0.000000,-0.182822,-0.076419,-0.002603,0.001136
1777059724.635809,-0.609524,0.775657,1.451296,2.658486,0.249873,0.151488,-0.002566,0.014677,-0.750000,0.750000,1.450000,8.901179,0.000000,0.000000,0.000000,0.000000,-0.174893,-0.074626,-0.002657,0.001270
1777059724.669107,-0.611516,0.775120,1.451255,2.658473,0.242775,0.147001,-0.001884,0.013170,-0.750000,0.750000,1.450000,8.901179,0.000000,0.000000,0.000000,0.000000,-0.158538,-0.065344,-0.002517,0.001214
1777059724.702371,-0.612422,0.774845,1.451242,2.658478,0.235081,0.141928,-0.001197,0.011870,-0.750000,0.750000,1.450000,8.901179,0.000000,0.000000,0.000000,0.000000,-0.149943,-0.062950,-0.002504,0.000901
1777059724.735778,-0.614478,0.774270,1.451132,2.658487,0.228314,0.137714,-0.000636,0.010711,-0.750000,0.750000,1.450000,8.901179,0.000000,0.000000,0.000000,0.000000,-0.137010,-0.055756,-0.002548,0.000412
1777059724.769036,-0.615344,0.773975,1.451086,2.658467,0.220967,0.132913,-0.000046,0.009577,-0.750000,0.750000,1.450000,8.901179,0.000000,0.000000,0.000000,0.000000,-0.130462,-0.054671,-0.002394,-0.000177
1777059724.802361,-0.617470,0.773364,1.451070,2.658417,0.214129,0.128688,0.000612,0.008477,-0.750000,0.750000,1.450000,8.901179,0.000000,0.000000,0.000000,0.000000,-0.118873,-0.048237,-0.002366,-0.000702
1777059724.835695,-0.618334,0.773052,1.450970,2.658312,0.206617,0.123795,0.001119,0.007321,-0.750000,0.750000,1.450000,8.901179,0.000000,0.000000,0.000000,0.000000,-0.114084,-0.048285,-0.002398,-0.001170
1777059724.868998,-0.619696,0.772490,1.450922,2.658161,0.200762,0.120305,0.001587,0.006077,-0.750000,0.750000,1.450000,8.901179,0.000000,0.000000,0.000000,0.000000,-0.103743,-0.042521,-0.002256,-0.001466
1777059724.902374,-0.620669,0.772162,1.450909,2.657996,0.194030,0.115950,0.002132,0.004964,-0.750000,0.750000,1.450000,8.901179,0.000000,0.000000,0.000000,0.000000,-0.096118,-0.040512,-0.002216,-0.001620
1777059724.935811,-0.622153,0.771580,1.450808,2.657804,0.188453,0.112656,0.002507,0.003825,-0.750000,0.750000,1.450000,8.901179,0.000000,0.000000,0.000000,0.000000,-0.087790,-0.035890,-0.002246,-0.001788
1777059724.969012,-0.623293,0.771228,1.450763,2.657620,0.181585,0.108208,0.003019,0.002923,-0.750000,0.750000,1.450000,8.901179,0.000000,0.000000,0.000000,0.000000,-0.082060,-0.034999,-0.002094,-0.001897
1777059725.002347,-0.625326,0.770575,1.450752,2.657427,0.174595,0.103939,0.003620,0.002150,-0.750000,0.750000,1.450000,8.901179,0.000000,0.000000,0.000000,0.000000,-0.075676,-0.031543,-0.002052,-0.002123
1777059725.035816,-0.625826,0.770272,1.450656,2.657217,0.167539,0.099394,0.004013,0.001341,-0.750000,0.750000,1.450000,8.901179,0.000000,0.000000,0.000000,0.000000,-0.073627,-0.033134,-0.002080,-0.002390
1777059725.069103,-0.626954,0.769715,1.450613,2.656997,0.162066,0.096183,0.004388,0.000493,-0.750000,0.750000,1.450000,8.901179,0.000000,0.000000,0.000000,0.000000,-0.064393,-0.027592,-0.001934,-0.002644
1777059725.102406,-0.627499,0.769418,1.450598,2.656766,0.156392,0.092571,0.004776,-0.000318,-0.750000,0.750000,1.450000,8.901179,0.000000,0.000000,0.000000,0.000000,-0.058470,-0.026196,-0.001889,-0.002891
1777059725.135814,-0.629303,0.768807,1.450515,2.656527,0.150590,0.089088,0.005156,-0.000929,-0.750000,0.750000,1.450000,8.901179,0.000000,0.000000,0.000000,0.000000,-0.050694,-0.021382,-0.001899,-0.003129
1777059725.168996,-0.629667,0.768521,1.450468,2.656256,0.145053,0.085580,0.005471,-0.001738,-0.750000,0.750000,1.450000,8.901179,0.000000,0.000000,0.000000,0.000000,-0.049388,-0.022923,-0.001773,-0.003383
1777059725.202359,-0.630883,0.767976,1.450449,2.655978,0.140599,0.083032,0.005788,-0.002527,-0.750000,0.750000,1.450000,8.901179,0.000000,0.000000,0.000000,0.000000,-0.041270,-0.017806,-0.001713,-0.003522
1777059725.235832,-0.631664,0.767661,1.450375,2.655691,0.135453,0.079758,0.006052,-0.003189,-0.750000,0.750000,1.450000,8.901179,0.000000,0.000000,0.000000,0.000000,-0.037618,-0.017510,-0.001709,-0.003662
1777059725.269073,-0.633063,0.767100,1.450336,2.655392,0.131035,0.077220,0.006342,-0.003838,-0.750000,0.750000,1.450000,8.901179,0.000000,0.000000,0.000000,0.000000,-0.032625,-0.014356,-0.001592,-0.003793
