time,x,y,z,yaw,linx_w,liny_w,linz_w,linx_b,liny_b,linz_b,yaw_rate,xd,yd,zd,yawd,vxd_w,vyd_w,vzd_w,vxd_b,vyd_b,vzd_b,wyawd,cmd_linx,cmd_liny,cmd_linz,cmd_angz
1777417438.761686,1.235239,1.699283,1.733510,0.804782,0.000000,0.000000,-0.000000,0.000000,0.000000,-0.000000,0.000000,0.179849,0.178552,1.835683,0.774426,0.223376,0.218527,0.349644,0.312492,-0.000000,0.349644,-0.027515,0.000000,0.000000,0.000000,0.000000
1777417438.795105,1.235239,1.699283,1.733510,0.804782,0.000000,0.000000,-0.000000,0.000000,0.000000,-0.000000,0.000000,0.187178,0.185715,1.847145,0.773497,0.223240,0.217989,0.348783,0.312019,-0.000000,0.348783,-0.027864,-1.000000,-1.000000,0.526538,-0.136996
1777417438.828329,1.235239,1.699283,1.733510,0.804782,0.000000,0.000000,-0.000000,0.000000,0.000000,-0.000000,0.000000,0.194515,0.192872,1.858596,0.772528,0.223099,0.217429,0.347887,0.311526,0.000000,0.347887,-0.029089,-1.000000,-1.000000,0.562933,-0.133368
1777417438.861653,1.235242,1.699120,1.733510,0.804462,0.000003,-0.000182,-0.000000,-0.000130,-0.000129,-0.000000,-0.005699,0.201981,0.200141,1.870226,0.771500,0.222950,0.216837,0.346939,0.311006,0.000000,0.346939,-0.030844,-1.000000,-1.000000,0.598300,-0.130733
1777417438.895092,1.235242,1.699120,1.733510,0.804462,0.000003,-0.000182,-0.000000,-0.000130,-0.000129,-0.000000,-0.005699,0.209420,0.207369,1.881791,0.770433,0.222795,0.216225,0.345960,0.310469,0.000000,0.345960,-0.031994,-1.000000,-1.000000,0.633042,-0.127551
1777417438.928313,1.235242,1.699023,1.735074,0.802992,0.000111,-0.000282,0.001915,-0.000126,-0.000275,0.001915,-0.032125,0.216871,0.214592,1.893347,0.769323,0.222635,0.215590,0.344944,0.309912,0.000000,0.344944,-0.033308,-1.000000,-1.000000,0.666757,-0.126247
1777417438.961666,1.235273,1.696729,1.736022,0.800405,0.000236,-0.002836,0.002972,-0.001871,-0.002144,0.002972,-0.044703,0.224300,0.221779,1.904846,0.768173,0.222469,0.214934,0.343895,0.309337,0.000000,0.343895,-0.034494,-1.000000,-1.000000,0.696628,-0.118978
1777417438.995296,1.235286,1.695687,1.736411,0.797105,0.000280,-0.003920,0.003346,-0.002609,-0.002939,0.003346,-0.084944,0.231682,0.228902,1.916243,0.766988,0.222299,0.214261,0.342818,0.308747,0.000000,0.342818,-0.035547,-1.000000,-1.000000,0.726664,-0.107578
1777417439.028420,1.235286,1.695687,1.736411,0.797105,0.000280,-0.003920,0.003346,-0.002609,-0.002939,0.003346,-0.084944,0.239091,0.236034,1.927655,0.765756,0.222122,0.213564,0.341702,0.308136,0.000000,0.341702,-0.036968,-1.000000,-0.965785,0.756738,-0.094062
1777417439.061679,1.235337,1.690617,1.746973,0.792992,0.001543,-0.009446,0.016079,-0.005648,-0.007728,0.016079,-0.079026,0.246491,0.243140,1.939024,0.764482,0.221940,0.212845,0.340552,0.307507,0.000000,0.340552,-0.038228,-1.000000,-0.922783,0.786775,-0.096649
1777417439.095299,1.235337,1.690617,1.746973,0.792992,0.001543,-0.009446,0.016079,-0.005648,-0.007728,0.016079,-0.079026,0.253862,0.250200,1.950320,0.763169,0.221753,0.212107,0.339372,0.306862,0.000000,0.339372,-0.039391,-1.000000,-0.883836,0.796926,-0.080992
1777417439.128316,1.235370,1.687091,1.754175,0.788493,0.002321,-0.012943,0.023906,-0.007544,-0.010770,0.023906,-0.081428,0.261294,0.257299,1.961679,0.761800,0.221559,0.211342,0.338146,0.306192,0.000000,0.338146,-0.041057,-1.000000,-0.849304,0.824843,-0.084998
1777417439.161655,1.235418,1.678757,1.756171,0.783766,0.002447,-0.021745,0.025215,-0.013618,-0.017129,0.025215,-0.087056,0.268639,0.264295,1.972873,0.760403,0.221361,0.210563,0.336901,0.305512,0.000000,0.336901,-0.041908,-1.000000,-0.818325,0.839500,-0.069170
1777417439.195098,1.235418,1.678757,1.756171,0.783766,0.002447,-0.021745,0.025215,-0.013618,-0.017129,0.025215,-0.087056,0.276070,0.271354,1.984167,0.758944,0.221156,0.209754,0.335606,0.304805,0.000000,0.335606,-0.043773,-1.000000,-0.790031,0.862254,-0.053320
1777417439.228405,1.235434,1.673884,1.774632,0.779048,0.004480,-0.026387,0.046913,-0.015352,-0.021925,0.046913,-0.114644,0.283420,0.278315,1.995303,0.757455,0.220946,0.208931,0.334290,0.304088,0.000000,0.334290,-0.044659,-1.000000,-0.765454,0.888055,-0.060310
1777417439.261799,1.235295,1.663983,1.784914,0.774319,0.005248,-0.036731,0.058069,-0.021932,-0.029928,0.058069,-0.124396,0.290725,0.285212,2.006339,0.755930,0.220733,0.208092,0.332948,0.303357,-0.000000,0.332948,-0.045756,-1.000000,-0.743074,0.881249,-0.045597
1777417439.295115,1.235210,1.657963,1.790812,0.769596,0.005468,-0.042061,0.062870,-0.025341,-0.034012,0.062870,-0.096465,0.298088,0.292143,2.017429,0.754346,0.220511,0.207225,0.331560,0.302601,-0.000000,0.331560,-0.047518,-1.000000,-0.722312,0.887056,-0.032053
1777417439.328366,1.235210,1.657963,1.790812,0.769596,0.005468,-0.042061,0.062870,-0.025341,-0.034012,0.062870,-0.096465,0.305453,0.299053,2.028485,0.752715,0.220285,0.206336,0.330138,0.301828,-0.000000,0.330138,-0.048947,-1.000000,-0.704229,0.899838,-0.019873
1777417439.361738,1.234686,1.642819,1.821764,0.765026,0.007927,-0.056769,0.097608,-0.033598,-0.046441,0.097608,-0.078042,0.312795,0.305918,2.039469,0.751041,0.220053,0.205428,0.328686,0.301038,-0.000000,0.328686,-0.050220,-1.000000,-0.688715,0.922204,-0.029761
1777417439.395139,1.234686,1.642819,1.821764,0.765026,0.007927,-0.056769,0.097608,-0.033598,-0.046441,0.097608,-0.078042,0.320135,0.312759,2.050414,0.749319,0.219815,0.204499,0.327199,0.300231,-0.000000,0.327199,-0.051664,-1.000000,-0.672580,0.891097,-0.018590
1777417439.428431,1.234341,1.633578,1.840544,0.760848,0.009048,-0.064130,0.115123,-0.037667,-0.052686,0.115123,-0.070472,0.327470,0.319571,2.061313,0.747549,0.219572,0.203549,0.325679,0.299406,-0.000000,0.325679,-0.053090,-1.000000,-0.659776,0.911510,-0.028903
1777417439.461672,1.233430,1.618022,1.844969,0.757126,0.007967,-0.079306,0.116464,-0.048680,-0.063112,0.116464,-0.083884,0.334780,0.326336,2.072137,0.745736,0.219324,0.202581,0.324130,0.298566,-0.000000,0.324130,-0.054395,-1.000000,-0.647183,0.899470,-0.019956
1777417439.495205,1.233430,1.618022,1.844969,0.757126,0.007967,-0.079306,0.116464,-0.048680,-0.063112,0.116464,-0.083884,0.342029,0.333019,2.082830,0.743889,0.219072,0.201600,0.322560,0.297716,-0.000000,0.322560,-0.055417,-1.000000,-0.634533,0.911228,-0.013755
1777417439.528338,1.232767,1.607267,1.880947,0.753587,0.010558,-0.086986,0.154640,-0.051822,-0.070658,0.154640,-0.060916,0.349381,0.339772,2.093635,0.741964,0.218811,0.200583,0.320933,0.296836,-0.000000,0.320933,-0.057731,-1.000000,-0.625113,0.930231,-0.024700
1777417439.561674,1.231267,1.588959,1.898323,0.750473,0.010126,-0.103919,0.169833,-0.063465,-0.082908,0.169833,-0.064646,0.356636,0.346409,2.104254,0.740014,0.218547,0.199559,0.319294,0.295950,-0.000000,0.319294,-0.058491,-1.000000,-0.615048,0.887479,-0.019737
1777417439.595090,1.231267,1.588959,1.898323,0.750473,0.010126,-0.103919,0.169833,-0.063465,-0.082908,0.169833,-0.064646,0.363998,0.353118,2.114989,0.737983,0.218274,0.198498,0.317597,0.295034,-0.000000,0.317597,-0.060938,-1.000000,-0.604025,0.874299,-0.016583
1777417439.628369,1.230331,1.577627,1.907942,0.747624,0.009482,-0.112392,0.174643,-0.069462,-0.088865,0.174643,-0.060079,0.371184,0.359640,2.125424,0.735949,0.218001,0.197441,0.315906,0.294122,-0.000000,0.315906,-0.061040,-1.000000,-0.596836,0.891372,-0.028499
1777417439.664374,1.228151,1.556583,1.949570,0.744990,0.010857,-0.130648,0.218204,-0.080594,-0.103399,0.218204,-0.051452,0.378460,0.366216,2.135946,0.733836,0.217720,0.196350,0.314160,0.293181,-0.000000,0.314160,-0.063388,-1.000000,-0.588361,0.891540,-0.026077
1777417439.694995,1.228151,1.556583,1.949570,0.744990,0.010857,-0.130648,0.218204,-0.080594,-0.103399,0.218204,-0.051452,0.385747,0.372774,2.146438,0.731665,0.217432,0.195237,0.312378,0.292222,-0.000000,0.312378,-0.065110,-1.000000,-0.577936,0.834303,-0.025809
1777417439.728354,1.226741,1.543114,1.974345,0.742546,0.011164,-0.139132,0.237295,-0.085852,-0.110054,0.237295,-0.043040,0.392993,0.379265,2.156824,0.729453,0.217140,0.194108,0.310573,0.291252,-0.000000,0.310573,-0.066381,-1.000000,-0.572182,0.849503,-0.037445
1777417439.761725,1.226741,1.543114,1.974345,0.742546,0.011164,-0.139132,0.237295,-0.085852,-0.110054,0.237295,-0.043040,0.400209,0.385701,2.167122,0.727194,0.216843,0.192963,0.308741,0.290268,-0.000000,0.308741,-0.067766,-1.000000,-0.564143,0.820263,-0.037375
1777417439.795058,1.223774,1.518734,1.982710,0.740178,0.007914,-0.158827,0.234333,-0.101273,-0.122607,0.234333,-0.035605,0.407442,0.392123,2.177397,0.724873,0.216540,0.191795,0.306872,0.289266,-0.000000,0.306872,-0.069612,-1.000000,-0.559599,0.834960,-0.048547
1777417439.828385,1.223774,1.518734,1.982710,0.740178,0.007914,-0.158827,0.234333,-0.101273,-0.122607,0.234333,-0.035605,0.414623,0.398469,2.187550,0.722513,0.216233,0.190614,0.304983,0.288254,-0.000000,0.304983,-0.070802,-1.000000,-0.549388,0.835216,-0.048782
1777417439.861837,1.221960,1.504426,2.026297,0.737824,0.009782,-0.165329,0.274284,-0.103975,-0.128913,0.274284,-0.036193,0.421826,0.404803,2.197685,0.720088,0.215919,0.189409,0.303055,0.287223,-0.000000,0.303055,-0.072747,-1.000000,-0.545426,0.850341,-0.059651
1777417439.895028,1.221960,1.504426,2.026297,0.737824,0.009782,-0.165329,0.274284,-0.103975,-0.128913,0.274284,-0.036193,0.429069,0.411141,2.207826,0.717591,0.215598,0.188177,0.301083,0.286169,-0.000000,0.301083,-0.074923,-1.000000,-0.538125,0.786857,-0.059803
1777417439.928431,1.218427,1.479664,2.051330,0.735383,0.007628,-0.184510,0.290427,-0.118126,-0.141946,0.290427,-0.040574,0.436198,0.417347,2.217755,0.715074,0.215276,0.186943,0.299109,0.285116,-0.000000,0.299109,-0.075503,-1.000000,-0.535173,0.800689,-0.070978
1777417439.961675,1.216806,1.468463,2.056670,0.732812,0.005700,-0.190619,0.286309,-0.123280,-0.145499,0.286309,-0.060731,0.443343,0.423536,2.227658,0.712492,0.214947,0.185686,0.297098,0.284045,-0.000000,0.297098,-0.077475,-1.000000,-0.524668,0.768680,-0.070116
1777417439.995203,1.212340,1.440525,2.100137,0.729947,0.004480,-0.213988,0.328978,-0.139356,-0.162454,0.328978,-0.064023,0.450591,0.429780,2.237649,0.709810,0.214608,0.184391,0.295025,0.282942,-0.000000,0.295025,-0.080442,-1.000000,-0.518425,0.772296,-0.069542
1777417440.028355,1.212340,1.440525,2.100137,0.729947,0.004480,-0.213988,0.328978,-0.139356,-0.162454,0.328978,-0.064023,0.457690,0.435863,2.247381,0.707122,0.214269,0.183101,0.292962,0.281846,-0.000000,0.292962,-0.080646,-1.000000,-0.505373,0.704281,-0.068514
1777417440.061675,1.209467,1.422858,2.125791,0.726816,0.003131,-0.224906,0.346808,-0.147108,-0.170151,0.346808,-0.067718,0.464823,0.441943,2.257108,0.704358,0.213923,0.181785,0.290856,0.280729,-0.000000,0.290856,-0.082922,-0.990817,-0.502861,0.716143,-0.079640
1777417440.095116,1.204309,1.393326,2.133802,0.723464,-0.002675,-0.249095,0.342986,-0.166902,-0.184930,0.342986,-0.070253,0.471977,0.448004,2.266806,0.701522,0.213571,0.180445,0.288711,0.279594,-0.000000,0.288711,-0.085076,-0.971517,-0.493302,0.679729,-0.077085
1777417440.128369,1.201645,1.378255,2.137041,0.719930,-0.006060,-0.256450,0.333088,-0.173642,-0.188818,0.333088,-0.076231,0.479081,0.453989,2.276382,0.698641,0.213215,0.179093,0.286549,0.278451,-0.000000,0.286549,-0.086437,-0.943147,-0.477146,0.676428,-0.074077
1777417440.161744,1.201645,1.378255,2.137041,0.719930,-0.006060,-0.256450,0.333088,-0.173642,-0.188818,0.333088,-0.076231,0.486145,0.459905,2.285848,0.695710,0.212855,0.177730,0.284367,0.277299,-0.000000,0.284367,-0.087915,-0.923261,-0.467663,0.682667,-0.070471
1777417440.194997,1.195528,1.346433,2.189288,0.716161,-0.008470,-0.280960,0.382813,-0.190837,-0.206377,0.382813,-0.079611,0.493254,0.465823,2.295316,0.692694,0.212486,0.176337,0.282139,0.276125,-0.000000,0.282139,-0.090484,-0.914440,-0.466596,0.695481,-0.083281
1777417440.228333,1.192116,1.328462,2.204939,0.712175,-0.011501,-0.288831,0.384582,-0.197452,-0.211113,0.384582,-0.077418,0.500386,0.471723,2.304757,0.689600,0.212111,0.174920,0.279872,0.274933,-0.000000,0.279872,-0.092840,-0.880600,-0.445834,0.607724,-0.079177
1777417440.261671,1.192116,1.328462,2.204939,0.712175,-0.011501,-0.288831,0.384582,-0.197452,-0.211113,0.384582,-0.077418,0.507363,0.477459,2.313934,0.686504,0.211737,0.173514,0.277622,0.273751,-0.000000,0.277622,-0.092869,-0.856626,-0.432839,0.587967,-0.074734
1777417440.295080,1.185322,1.295615,2.246547,0.708052,-0.015978,-0.314314,0.421617,-0.216553,-0.228371,0.421617,-0.093869,0.514431,0.483232,2.323171,0.683298,0.211353,0.172069,0.275311,0.272540,-0.000000,0.275311,-0.096175,-0.848834,-0.432697,0.598647,-0.087786
1777417440.328434,1.181836,1.278667,2.268047,0.703790,-0.018766,-0.323132,0.434096,-0.223409,-0.234211,0.434096,-0.113769,0.521489,0.488959,2.332334,0.680025,0.210964,0.170607,0.272971,0.271316,-0.000000,0.272971,-0.098189,-0.808367,-0.406041,0.527502,-0.083139
1777417440.361696,1.173724,1.241085,2.280207,0.699265,-0.027691,-0.353017,0.432663,-0.248414,-0.252346,0.432663,-0.100810,0.528489,0.494601,2.341362,0.676706,0.210572,0.169137,0.270619,0.270088,-0.000000,0.270619,-0.099562,-0.782396,-0.391168,0.493990,-0.078152
1777417440.395123,1.173724,1.241085,2.280207,0.699265,-0.027691,-0.353017,0.432663,-0.248414,-0.252346,0.432663,-0.100810,0.535527,0.500235,2.350376,0.673296,0.210171,0.167639,0.268223,0.268840,-0.000000,0.268223,-0.102319,-0.728979,-0.352891,0.478787,-0.072389
1777417440.428298,1.168429,1.217194,2.319465,0.694612,-0.030726,-0.365075,0.463195,-0.257287,-0.260820,0.463195,-0.100210,0.542514,0.505788,2.359261,0.669835,0.209767,0.166133,0.265813,0.267586,-0.000000,0.265813,-0.103820,-0.721828,-0.354448,0.488448,-0.088193
1777417440.461658,1.159948,1.179677,2.341719,0.689883,-0.039052,-0.391873,0.470971,-0.279527,-0.277405,0.470971,-0.097060,0.549490,0.511293,2.368068,0.666304,0.209359,0.164609,0.263375,0.266322,-0.000000,0.263375,-0.105928,-0.682003,-0.327199,0.419198,-0.082029
1777417440.495097,1.159948,1.179677,2.341719,0.689883,-0.039052,-0.391873,0.470971,-0.279527,-0.277405,0.470971,-0.097060,0.556477,0.516767,2.376826,0.662689,0.208943,0.163064,0.260902,0.265041,-0.000000,0.260902,-0.108446,-0.617320,-0.277097,0.382436,-0.076499
1777417440.528328,1.154626,1.156558,2.353293,0.685092,-0.044418,-0.400469,0.463360,-0.287790,-0.282002,0.463360,-0.093521,0.563429,0.522172,2.385475,0.659014,0.208523,0.161507,0.258411,0.263754,-0.000000,0.258411,-0.110256,-0.611863,-0.280847,0.390691,-0.093093
1777417440.561655,1.145732,1.119163,2.390193,0.680253,-0.051980,-0.425706,0.489171,-0.308175,-0.298255,0.489171,-0.101801,0.570374,0.527530,2.394047,0.655263,0.208098,0.159932,0.255891,0.262456,-0.000000,0.255891,-0.112540,-0.565976,-0.247282,0.376458,-0.087283
1777417440.595110,1.141291,1.100431,2.407415,0.675334,-0.056034,-0.429678,0.489391,-0.312351,-0.300333,0.489391,-0.105711,0.577309,0.532839,2.402542,0.651435,0.207667,0.158340,0.253344,0.261146,-0.000000,0.253344,-0.114849,-0.488040,-0.182832,0.310286,-0.082198
1777417440.628376,1.141291,1.100431,2.407415,0.675334,-0.056034,-0.429678,0.489391,-0.312351,-0.300333,0.489391,-0.105711,0.584253,0.538112,2.410980,0.647518,0.207230,0.156727,0.250763,0.259822,-0.000000,0.250763,-0.117496,-0.445021,-0.151229,0.282817,-0.077498
1777417440.661695,1.131772,1.062063,2.415852,0.670284,-0.066532,-0.455377,0.479115,-0.335022,-0.315524,0.479115,-0.106878,0.591083,0.543257,2.419211,0.643582,0.206794,0.155122,0.248194,0.258508,-0.000000,0.248194,-0.118066,-0.442999,-0.159565,0.290535,-0.095707
1777417440.695102,1.126241,1.039150,2.420043,0.665086,-0.072140,-0.459849,0.459985,-0.340549,-0.317319,0.459985,-0.095409,0.598033,0.548448,2.427517,0.639491,0.206344,0.153469,0.245550,0.257158,-0.000000,0.245550,-0.122740,-0.347596,-0.075588,0.281927,-0.089632
1777417440.728372,1.126241,1.039150,2.420043,0.665086,-0.072140,-0.459849,0.459985,-0.340549,-0.317319,0.459985,-0.095409,0.604910,0.553541,2.435665,0.635355,0.205892,0.151814,0.242903,0.255811,-0.000000,0.242903,-0.124083,-0.286750,-0.024984,0.282869,-0.085346
1777417440.761657,1.116789,1.002844,2.454027,0.659918,-0.081347,-0.484262,0.484215,-0.361146,-0.332718,0.484215,-0.128451,0.611722,0.558542,2.443667,0.631170,0.205439,0.150157,0.240251,0.254464,-0.000000,0.240251,-0.125558,-0.288040,-0.037760,0.292763,-0.103832
1777417440.795153,1.110803,0.978752,2.466466,0.654421,-0.087083,-0.489681,0.476035,-0.367161,-0.335506,0.476035,-0.107093,0.618599,0.563546,2.451673,0.626853,0.204975,0.148465,0.237543,0.253094,-0.000000,0.237543,-0.129495,-0.180466,0.061454,0.233415,-0.098360
1777417440.828328,1.110803,0.978752,2.466466,0.654421,-0.087083,-0.489681,0.476035,-0.367161,-0.335506,0.476035,-0.107093,0.625418,0.568462,2.459540,0.622481,0.204509,0.146768,0.234829,0.251723,-0.000000,0.234829,-0.131167,-0.106516,0.127824,0.216844,-0.093216
1777417440.861681,1.100181,0.938835,2.492659,0.648994,-0.098006,-0.514726,0.488161,-0.389174,-0.350844,0.488161,-0.118684,0.632213,0.573316,2.467305,0.618031,0.204038,0.145059,0.232094,0.250347,-0.000000,0.232094,-0.133505,-0.111991,0.109798,0.225570,-0.112614
1777417440.894998,1.093909,0.914349,2.509234,0.643305,-0.103505,-0.517313,0.482753,-0.393122,-0.351825,0.482753,-0.103256,0.638990,0.578111,2.474977,0.613497,0.203563,0.143336,0.229338,0.248964,-0.000000,0.229338,-0.136003,0.027099,0.246387,0.181300,-0.107163
1777417440.928322,1.083207,0.875358,2.514052,0.637632,-0.115560,-0.542696,0.470545,-0.415918,-0.367268,0.470545,-0.142005,0.645797,0.582881,2.482609,0.608846,0.203079,0.141587,0.226539,0.247564,-0.000000,0.226539,-0.139547,0.112436,0.327585,0.155744,-0.101406
1777417440.961671,1.083207,0.875358,2.514052,0.637632,-0.115560,-0.542696,0.470545,-0.415918,-0.367268,0.470545,-0.142005,0.652535,0.587555,2.490088,0.604143,0.202593,0.139837,0.223740,0.246168,-0.000000,0.223740,-0.141095,0.264640,0.482702,0.154058,-0.097050
1777417440.995188,1.076825,0.852643,2.531935,0.631716,-0.122878,-0.550311,0.476359,-0.424140,-0.371546,0.476359,-0.164393,0.659282,0.592188,2.497502,0.599333,0.202101,0.138067,0.220907,0.244760,-0.000000,0.220907,-0.144301,0.248232,0.450532,0.162501,-0.118015
1777417441.028304,1.065684,0.812211,2.546084,0.625468,-0.134879,-0.572538,0.472061,-0.444553,-0.385182,0.472061,-0.133004,0.666013,0.596763,2.504820,0.594432,0.201604,0.136283,0.218053,0.243346,-0.000000,0.218053,-0.147035,0.336843,0.536239,0.135065,-0.112313
1777417441.061740,1.059997,0.791768,2.551986,0.619279,-0.140381,-0.572287,0.458246,-0.446495,-0.384528,0.458246,-0.136705,0.672722,0.601274,2.512038,0.589442,0.201102,0.134487,0.215179,0.241927,-0.000000,0.215179,-0.149696,0.513269,0.724569,0.114726,-0.105863
1777417441.095124,1.059997,0.791768,2.551986,0.619279,-0.140381,-0.572287,0.458246,-0.446495,-0.384528,0.458246,-0.136705,0.679398,0.605714,2.519142,0.584371,0.200597,0.132681,0.212290,0.240507,-0.000000,0.212290,-0.152126,0.591613,0.801381,0.111019,-0.100553
1777417441.128317,1.048736,0.753929,2.569030,0.612886,-0.152383,-0.589806,0.457466,-0.463922,-0.394801,0.457466,-0.132722,0.686106,0.610126,2.526202,0.579167,0.200082,0.130849,0.209359,0.239070,-0.000000,0.209359,-0.156128,0.565682,0.756810,0.119480,-0.123606
1777417441.161721,1.043393,0.735610,2.577507,0.606571,-0.158199,-0.589881,0.450461,-0.466241,-0.394469,0.450461,-0.166731,0.692737,0.614438,2.533100,0.573912,0.199568,0.129021,0.206434,0.237642,-0.000000,0.206434,-0.157623,0.743231,0.948633,0.093854,-0.117821
1777417441.195175,1.032363,0.699946,2.581722,0.600013,-0.170157,-0.608612,0.437725,-0.484090,-0.406225,0.437725,-0.166632,0.699390,0.618714,2.539942,0.568528,0.199045,0.127169,0.203470,0.236201,-0.000000,0.203470,-0.161534,0.812107,1.000000,0.084993,-0.112303
1777417441.228308,1.026933,0.683102,2.594533,0.593373,-0.176808,-0.608783,0.438798,-0.486992,-0.405853,0.438798,-0.203060,0.706003,0.622913,2.546661,0.563063,0.198519,0.125310,0.200496,0.234760,-0.000000,0.200496,-0.163961,0.979494,1.000000,0.084953,-0.107507
1777417441.261835,1.016806,0.652456,2.600772,0.586535,-0.188939,-0.625739,0.432733,-0.503693,-0.416581,0.432733,-0.225604,0.712614,0.627061,2.553297,0.557482,0.197987,0.123434,0.197495,0.233313,-0.000000,0.197495,-0.167420,1.000000,1.000000,0.067540,-0.102642
1777417441.295110,1.010559,0.633343,2.604866,0.579419,-0.195446,-0.626141,0.421565,-0.506381,-0.416929,0.421565,-0.197825,0.719205,0.631144,2.559831,0.551799,0.197450,0.121547,0.194475,0.231862,-0.000000,0.194475,-0.170481,1.000000,1.000000,0.063141,-0.098129
1777417441.328299,1.000044,0.603123,2.615961,0.572418,-0.207574,-0.639540,0.419496,-0.520902,-0.425158,0.419496,-0.202496,0.725816,0.635187,2.566300,0.545978,0.196905,0.119636,0.191418,0.230400,-0.000000,0.191418,-0.174642,1.000000,1.000000,0.063227,-0.093098
1777417441.361713,0.993462,0.584197,2.622763,0.565296,-0.212976,-0.635190,0.408658,-0.520094,-0.422289,0.408658,-0.165879,0.732341,0.639126,2.572601,0.540109,0.196360,0.117733,0.188374,0.228951,-0.000000,0.188374,-0.176051,1.000000,1.000000,0.049264,-0.089933
1777417441.395005,0.993462,0.584197,2.622763,0.565296,-0.212976,-0.635190,0.408658,-0.520094,-0.422289,0.408658,-0.165879,0.738944,0.643058,2.578893,0.534044,0.195803,0.115790,0.185265,0.227478,-0.000000,0.185265,-0.181968,1.000000,1.000000,0.043648,-0.085796
1777417441.428331,0.982590,0.555245,2.625670,0.558338,-0.221364,-0.639051,0.390715,-0.526302,-0.424729,0.390715,-0.142474,0.745413,0.646857,2.584972,0.527975,0.195251,0.113870,0.182192,0.226029,-0.000000,0.182192,-0.182082,1.000000,1.000000,0.051839,-0.116143
1777417441.461703,0.977415,0.541556,2.634125,0.551732,-0.224963,-0.630453,0.384340,-0.522042,-0.418988,0.384340,-0.166912,0.751907,0.650617,2.590988,0.521753,0.194690,0.111925,0.179081,0.224569,-0.000000,0.179081,-0.186644,1.000000,1.000000,0.054492,-0.111628
1777417441.495129,0.977415,0.541556,2.634125,0.551732,-0.224963,-0.630453,0.384340,-0.522042,-0.418988,0.384340,-0.166912,0.758400,0.654323,2.596917,0.515399,0.194122,0.109964,0.175942,0.223104,-0.000000,0.175942,-0.190619,1.000000,1.000000,0.046024,-0.111140
1777417441.528348,0.967437,0.516226,2.639365,0.544915,-0.231022,-0.627929,0.368626,-0.523048,-0.417238,0.368626,-0.129318,0.764868,0.657960,2.602736,0.508935,0.193550,0.107994,0.172790,0.221640,-0.000000,0.172790,-0.193923,1.000000,1.000000,0.054390,-0.140674
1777417441.561676,0.962013,0.502336,2.641407,0.538139,-0.230962,-0.612115,0.349754,-0.512052,-0.407224,0.349754,-0.126866,0.771287,0.661514,2.608423,0.502384,0.192976,0.106021,0.169634,0.220183,-0.000000,0.169634,-0.196541,1.000000,1.000000,0.052466,-0.138246
1777417441.595152,0.962013,0.502336,2.641407,0.538139,-0.230962,-0.612115,0.349754,-0.512052,-0.407224,0.349754,-0.126866,0.777737,0.665030,2.614047,0.495661,0.192393,0.104023,0.166437,0.218714,-0.000000,0.166437,-0.201678,1.000000,1.000000,0.057035,-0.136436
1777417441.628313,0.953423,0.482223,2.647130,0.531163,-0.233836,-0.601032,0.334211,-0.506062,-0.399774,0.334211,-0.119062,0.784103,0.668444,2.619511,0.488884,0.191811,0.102035,0.163256,0.217261,-0.000000,0.163256,-0.203310,1.000000,1.000000,0.065771,-0.166596
1777417441.661675,0.953423,0.482223,2.647130,0.531163,-0.233836,-0.601032,0.334211,-0.506062,-0.399774,0.334211,-0.119062,0.790523,0.671830,2.624929,0.481905,0.191217,0.100013,0.160021,0.215793,-0.000000,0.160021,-0.209364,1.000000,1.000000,0.063005,-0.163040
1777417441.695184,0.948605,0.471407,2.650238,0.523943,-0.232489,-0.581328,0.317412,-0.492138,-0.387031,0.317412,-0.130017,0.796901,0.675138,2.630221,0.474824,0.190620,0.097988,0.156781,0.214331,-0.000000,0.156781,-0.212444,1.000000,1.000000,0.071625,-0.193114
1777417441.728341,0.948605,0.471407,2.650238,0.523943,-0.232489,-0.581328,0.317412,-0.492138,-0.387031,0.317412,-0.130017,0.803235,0.678365,2.635384,0.467642,0.190021,0.095961,0.153538,0.212877,-0.000000,0.153538,-0.215462,1.000000,1.000000,0.074096,-0.188975
1777417441.761722,0.941268,0.455025,2.651232,0.516161,-0.232449,-0.564938,0.296216,-0.480988,-0.376614,0.296216,-0.124194,0.809522,0.681512,2.640418,0.460363,0.189420,0.093933,0.150293,0.211432,-0.000000,0.150293,-0.218371,1.000000,1.000000,0.082625,-0.217595
1777417441.795148,0.937271,0.446195,2.657335,0.507782,-0.229147,-0.540023,0.282254,-0.462815,-0.360465,0.282254,-0.132611,0.815860,0.684626,2.645401,0.452867,0.188807,0.091873,0.146996,0.209973,-0.000000,0.146996,-0.224856,1.000000,1.000000,0.089315,-0.210710
1777417441.828426,0.937271,0.446195,2.657335,0.507782,-0.229147,-0.540023,0.282254,-0.462815,-0.360465,0.282254,-0.132611,0.822149,0.687657,2.650250,0.445273,0.188192,0.089813,0.143700,0.208525,-0.000000,0.143700,-0.227826,1.000000,1.000000,0.085651,-0.203958
1777417441.861681,0.931452,0.435124,2.658819,0.498623,-0.227769,-0.519360,0.263631,-0.448403,-0.347200,0.263631,-0.146582,0.828396,0.690609,2.654974,0.437570,0.187575,0.087750,0.140401,0.207086,-0.000000,0.140401,-0.231091,1.000000,1.000000,0.093880,-0.233973
1777417441.895054,0.931452,0.435124,2.658819,0.498623,-0.227769,-0.519360,0.263631,-0.448403,-0.347200,0.263631,-0.146582,0.834752,0.693551,2.659681,0.429567,0.186940,0.085637,0.137018,0.205621,-0.000000,0.137018,-0.240103,1.000000,1.000000,0.099178,-0.222749
1777417441.928328,0.928576,0.430242,2.658277,0.488830,-0.225019,-0.497499,0.246910,-0.432288,-0.333566,0.246910,-0.189212,0.840822,0.696303,2.664085,0.421761,0.186327,0.083602,0.133764,0.204223,-0.000000,0.133764,-0.234169,1.000000,1.000000,0.107372,-0.255604
1777417441.961704,0.928576,0.430242,2.658277,0.488830,-0.225019,-0.497499,0.246910,-0.432288,-0.333566,0.246910,-0.189212,0.847048,0.699067,2.668506,0.413588,0.185691,0.081500,0.130401,0.202789,-0.000000,0.130401,-0.245201,1.000000,1.000000,0.116454,-0.238407
1777417441.995032,0.923117,0.420249,2.663320,0.477969,-0.223879,-0.476562,0.234284,-0.417997,-0.320175,0.234284,-0.172846,0.853251,0.701758,2.672813,0.405274,0.185051,0.079391,0.127026,0.201362,-0.000000,0.127026,-0.249426,1.000000,1.000000,0.124419,-0.272032
1777417442.028370,0.923117,0.420249,2.663320,0.477969,-0.223879,-0.476562,0.234284,-0.417997,-0.320175,0.234284,-0.172846,0.859407,0.704369,2.676990,0.396849,0.184409,0.077283,0.123652,0.199948,-0.000000,0.123652,-0.252745,1.000000,1.000000,0.122008,-0.255274
1777417442.061659,0.920198,0.415606,2.665776,0.466450,-0.219534,-0.450616,0.219358,-0.398731,-0.303748,0.219358,-0.184110,0.865514,0.706898,2.681036,0.388315,0.183765,0.075176,0.120282,0.198547,-0.000000,0.120282,-0.256000,1.000000,1.000000,0.129300,-0.286875
1777417442.095174,0.915879,0.408990,2.666360,0.454167,-0.217692,-0.430046,0.204144,-0.384291,-0.290947,0.204144,-0.213215,0.871643,0.709374,2.684999,0.379571,0.183112,0.073046,0.116874,0.197144,-0.000000,0.116874,-0.262317,1.000000,1.000000,0.131520,-0.267720
1777417442.128402,0.915879,0.408990,2.666360,0.454167,-0.217692,-0.430046,0.204144,-0.384291,-0.290947,0.204144,-0.213215,0.877733,0.711772,2.688835,0.370704,0.182457,0.070916,0.113465,0.195754,-0.000000,0.113465,-0.266033,1.000000,1.000000,0.137390,-0.248660
1777417442.161645,0.914426,0.408134,2.670383,0.441008,-0.213542,-0.404787,0.194750,-0.365894,-0.274908,0.194750,-0.237840,0.883788,0.714094,2.692551,0.361702,0.181798,0.068783,0.110052,0.194375,-0.000000,0.110052,-0.270041,1.000000,1.000000,0.144123,-0.283572
1777417442.195078,0.911619,0.405305,2.672658,0.427291,-0.212656,-0.386371,0.185773,-0.353651,-0.263507,0.185773,-0.299875,0.889870,0.716364,2.696182,0.352472,0.181129,0.066625,0.106600,0.192994,-0.000000,0.106600,-0.276903,1.000000,1.000000,0.142483,-0.260812
1777417442.228355,0.911619,0.405305,2.672658,0.427291,-0.212656,-0.386371,0.185773,-0.353651,-0.263507,0.185773,-0.299875,0.895875,0.718541,2.699666,0.343171,0.180462,0.064481,0.103169,0.191635,-0.000000,0.103169,-0.279030,1.000000,1.000000,0.144022,-0.239231
1777417442.261688,0.910564,0.405534,2.673178,0.412681,-0.209175,-0.364588,0.174782,-0.337838,-0.250088,0.174782,-0.307967,0.901864,0.720649,2.703039,0.333703,0.179789,0.062327,0.099723,0.190286,-0.000000,0.099723,-0.284038,1.000000,1.000000,0.149734,-0.276956
1777417442.295057,0.908280,0.404439,2.679405,0.397622,-0.207557,-0.344396,0.170914,-0.324724,-0.237156,0.170914,-0.314764,0.907873,0.722700,2.706320,0.324010,0.179107,0.060152,0.096244,0.188939,-0.000000,0.096244,-0.290805,1.000000,1.000000,0.154267,-0.251580
1777417442.328303,0.908280,0.404439,2.679405,0.397622,-0.207557,-0.344396,0.170914,-0.324724,-0.237156,0.170914,-0.314764,0.913836,0.724670,2.709472,0.314192,0.178424,0.057980,0.092768,0.187608,-0.000000,0.092768,-0.294540,1.000000,1.000000,0.146910,-0.227561
1777417442.361752,0.907456,0.405536,2.682579,0.381898,-0.202195,-0.320142,0.161930,-0.306940,-0.221724,0.161930,-0.284377,0.919761,0.726563,2.712501,0.304237,0.177737,0.055807,0.089291,0.186293,-0.000000,0.089291,-0.298639,1.000000,1.000000,0.151543,-0.269562
1777417442.395078,0.906930,0.408279,2.683154,0.366491,-0.198558,-0.299584,0.153032,-0.292726,-0.208537,0.153032,-0.365344,0.925697,0.728394,2.715431,0.294062,0.177043,0.053616,0.085786,0.184983,-0.000000,0.085786,-0.305254,1.000000,1.000000,0.149560,-0.242351
1777417442.428339,0.906930,0.408279,2.683154,0.366491,-0.198558,-0.299584,0.153032,-0.292726,-0.208537,0.153032,-0.365344,0.931578,0.730142,2.718228,0.283778,0.176347,0.051432,0.082291,0.183694,-0.000000,0.082291,-0.308509,1.000000,1.000000,0.152528,-0.220072
1777417442.461715,0.907121,0.411440,2.688837,0.350627,-0.193406,-0.277334,0.149685,-0.276899,-0.194028,0.149685,-0.332047,0.937429,0.731816,2.720905,0.273342,0.175648,0.049245,0.078791,0.182421,-0.000000,0.078791,-0.313104,1.000000,1.000000,0.156338,-0.265067
1777417442.495042,0.907288,0.416060,2.692361,0.334906,-0.187762,-0.254406,0.143714,-0.260949,-0.178558,0.143714,-0.331311,0.943256,0.733416,2.723466,0.262740,0.174945,0.047053,0.075285,0.181162,-0.000000,0.075285,-0.318043,1.000000,1.000000,0.148337,-0.240342
1777417442.528314,0.907628,0.419168,2.693794,0.319249,-0.181333,-0.234098,0.135433,-0.245643,-0.165357,0.135433,-0.324165,0.949096,0.734953,2.725925,0.251905,0.174233,0.044843,0.071748,0.179911,-0.000000,0.071748,-0.325049,1.000000,0.964951,0.144163,-0.218692
1777417442.561632,0.907628,0.419168,2.693794,0.319249,-0.181333,-0.234098,0.135433,-0.245643,-0.165357,0.135433,-0.324165,0.954877,0.736408,2.728252,0.240967,0.173521,0.042641,0.068226,0.178683,-0.000000,0.068226,-0.328152,1.000000,0.934943,0.143891,-0.200374
1777417442.595125,0.910429,0.428836,2.700062,0.303671,-0.172815,-0.207799,0.133776,-0.227045,-0.146615,0.133776,-0.337081,0.960652,0.737793,2.730469,0.229826,0.172802,0.040429,0.064686,0.177468,-0.000000,0.064686,-0.334227,1.000000,0.924375,0.146178,-0.250266
1777417442.628304,0.911379,0.433038,2.703549,0.288444,-0.167275,-0.190422,0.130155,-0.214532,-0.134972,0.130155,-0.386842,0.966419,0.739108,2.732572,0.218486,0.172077,0.038206,0.061130,0.176268,-0.000000,0.061130,-0.340199,1.000000,0.860473,0.135466,-0.231661
1777417442.661797,0.914718,0.444035,2.705430,0.273005,-0.157240,-0.164650,0.123274,-0.195810,-0.116156,0.123274,-0.334136,0.972131,0.740342,2.734547,0.207037,0.171352,0.035992,0.057587,0.175091,-0.000000,0.057587,-0.343478,1.000000,0.829857,0.129803,-0.216679
1777417442.695202,0.914718,0.444035,2.705430,0.273005,-0.157240,-0.164650,0.123274,-0.195810,-0.116156,0.123274,-0.334136,0.977826,0.741504,2.736406,0.195402,0.170621,0.033771,0.054033,0.173931,-0.000000,0.054033,-0.349034,1.000000,0.761227,0.127046,-0.201392
1777417442.728419,0.917752,0.452623,2.712459,0.257698,-0.147682,-0.142168,0.122715,-0.179038,-0.099836,0.122715,-0.314212,0.983518,0.742595,2.738153,0.183556,0.169883,0.031538,0.050461,0.172786,-0.000000,0.050461,-0.355394,0.992479,0.759843,0.127774,-0.255553
1777417442.761782,0.922399,0.465235,2.716465,0.242625,-0.135823,-0.116224,0.118484,-0.159768,-0.080188,0.118484,-0.310573,0.989161,0.743608,2.739773,0.171588,0.169144,0.029311,0.046898,0.171665,-0.000000,0.046898,-0.359024,0.953603,0.707483,0.113944,-0.241370
1777417442.795130,0.922399,0.465235,2.716465,0.242625,-0.135823,-0.116224,0.118484,-0.159768,-0.080188,0.118484,-0.310573,0.994790,0.744549,2.741278,0.159432,0.168400,0.027078,0.043325,0.170563,-0.000000,0.043325,-0.364673,0.902716,0.631954,0.105645,-0.228846
1777417442.828323,0.926248,0.474689,2.718327,0.227565,-0.123974,-0.094623,0.111111,-0.142125,-0.064214,0.111111,-0.281868,1.000391,0.745414,2.742663,0.147113,0.167652,0.024843,0.039749,0.169483,-0.000000,0.039749,-0.369598,0.895381,0.636264,0.105056,-0.283596
1777417442.861783,0.932625,0.489144,2.725523,0.212723,-0.111162,-0.069414,0.112186,-0.123311,-0.044380,0.112186,-0.332096,1.005948,0.746202,2.743924,0.134669,0.166902,0.022613,0.036182,0.168427,-0.000000,0.036182,-0.373298,0.856193,0.581250,0.100574,-0.270760
1777417442.894992,0.932625,0.489144,2.725523,0.212723,-0.111162,-0.069414,0.112186,-0.123311,-0.044380,0.112186,-0.332096,1.011514,0.746921,2.745073,0.121982,0.166144,0.020368,0.032588,0.167387,-0.000000,0.032588,-0.380606,0.800359,0.495492,0.084846,-0.259982
1777417442.928313,0.937434,0.499646,2.729746,0.197283,-0.098635,-0.048926,0.108031,-0.106312,-0.028644,0.108031,-0.286569,1.017053,0.747564,2.746102,0.109132,0.165381,0.018120,0.028992,0.166371,-0.000000,0.028992,-0.385526,0.796717,0.505217,0.083135,-0.315583
1777417442.961671,0.937434,0.499646,2.729746,0.197283,-0.098635,-0.048926,0.108031,-0.106312,-0.028644,0.108031,-0.286569,1.022528,0.748128,2.747005,0.096210,0.164620,0.015887,0.025419,0.165384,-0.000000,0.025419,-0.387638,0.756757,0.445058,0.072671,-0.302030
1777417442.995082,0.945763,0.516440,2.730958,0.181622,-0.081642,-0.022292,0.100327,-0.084325,-0.007179,0.100327,-0.282080,1.028028,0.748622,2.747796,0.083004,0.163847,0.013631,0.021810,0.164413,-0.000000,0.021810,-0.396181,0.754475,0.455740,0.070374,-0.353996
1777417443.028307,0.950016,0.525383,2.738293,0.165287,-0.069504,-0.005073,0.099481,-0.069391,0.006432,0.099481,-0.266749,1.033487,0.749040,2.748464,0.069677,0.163073,0.011381,0.018209,0.163469,-0.000000,0.018209,-0.399818,0.693373,0.352199,0.065509,-0.340411
1777417443.061689,0.950016,0.525383,2.738293,0.165287,-0.069504,-0.005073,0.099481,-0.069391,0.006432,0.099481,-0.266749,1.038861,0.749379,2.749007,0.056338,0.162302,0.009154,0.014646,0.162560,-0.000000,0.014646,-0.400156,0.662680,0.304369,0.047855,-0.324054
1777417443.095109,0.960491,0.544000,2.741150,0.148761,-0.051785,0.020285,0.095862,-0.048207,0.027737,0.095862,-0.355643,1.044259,0.749647,2.749435,0.042721,0.161521,0.006904,0.011047,0.161669,-0.000000,0.011047,-0.408536,0.662966,0.319899,0.044529,-0.376010
1777417443.128305,0.965550,0.553466,2.742126,0.130969,-0.040252,0.034369,0.089826,-0.035419,0.039331,0.089826,-0.375846,1.049650,0.749840,2.749744,0.028904,0.160733,0.004647,0.007435,0.160800,-0.000000,0.007435,-0.414503,0.596145,0.201538,0.035215,-0.360130
1777417443.161755,0.965550,0.553466,2.742126,0.130969,-0.040252,0.034369,0.089826,-0.035419,0.039331,0.089826,-0.375846,1.054988,0.749957,2.749932,0.015005,0.159945,0.002400,0.003840,0.159963,-0.000000,0.003840,-0.416955,0.566386,0.151644,0.029442,-0.340366
1777417443.194987,0.977299,0.573161,2.747061,0.112240,-0.021430,0.058903,0.089510,-0.014697,0.060933,0.089510,-0.410083,1.060306,0.750000,2.750000,0.000943,0.159151,0.000150,0.000240,0.159152,-0.000000,0.000240,-0.421861,0.569779,0.172278,0.025414,-0.394658
1777417443.228307,0.982858,0.582489,2.749622,0.093231,-0.010794,0.070446,0.087683,-0.004189,0.071145,0.087683,-0.547791,1.065597,0.749967,2.749948,-0.013255,0.158354,-0.002099,-0.003359,0.158368,-0.000000,-0.003359,-0.425958,0.503420,0.042487,0.011089,-0.370464
1777417443.261759,0.994987,0.601648,2.750908,0.073128,0.007880,0.092171,0.084562,0.014593,0.091349,0.084562,-0.564050,1.070857,0.749860,2.749776,-0.027582,0.157554,-0.004347,-0.006955,0.157614,-0.000000,-0.006955,-0.429794,0.476787,-0.004913,0.001109,-0.347228
1777417443.295112,1.002220,0.613051,2.755758,0.051829,0.020957,0.104263,0.084628,0.026330,0.103037,0.084628,-0.495523,1.076102,0.749677,2.749484,-0.042075,0.156748,-0.006599,-0.010559,0.156887,-0.000000,-0.010559,-0.434807,0.417095,-0.130768,-0.006583,-0.321560
1777417443.328344,1.015992,0.633157,2.757853,0.030635,0.041493,0.125070,0.082558,0.045304,0.123740,0.082558,-0.568891,1.081330,0.749419,2.749070,-0.056723,0.155936,-0.008855,-0.014167,0.156187,-0.000000,-0.014167,-0.439429,0.387467,-0.191509,-0.021854,-0.293613
1777417443.361686,1.015992,0.633157,2.757853,0.030635,0.041493,0.125070,0.082558,0.045304,0.123740,0.082558,-0.568891,1.086499,0.749087,2.748540,-0.071407,0.155126,-0.011096,-0.017754,0.155522,-0.000000,-0.017754,-0.440524,0.329080,-0.325315,-0.031983,-0.268342
1777417443.395106,1.026457,0.648241,2.759228,0.008296,0.058534,0.138226,0.077294,0.059679,0.137735,0.077294,-0.419700,1.091654,0.748680,2.747889,-0.086243,0.154309,-0.013341,-0.021346,0.154885,-0.000000,-0.021346,-0.445088,0.339605,-0.285897,-0.038123,-0.333027
1777417443.428306,1.040506,0.667205,2.762395,-0.012775,0.078922,0.155441,0.076161,0.076930,0.156437,0.076161,-0.483789,1.096804,0.748196,2.747114,-0.101263,0.153485,-0.015596,-0.024953,0.154276,-0.000000,-0.024953,-0.450593,0.301315,-0.379627,-0.047195,-0.301723
1777417443.461676,1.040506,0.667205,2.762395,-0.012775,0.078922,0.155441,0.076161,0.076930,0.156437,0.076161,-0.483789,1.101889,0.747641,2.746225,-0.116277,0.152664,-0.017832,-0.028531,0.153702,-0.000000,-0.028531,-0.450401,0.251395,-0.506455,-0.060229,-0.278708
1777417443.495137,1.050510,0.680366,2.764185,-0.034229,0.094227,0.164056,0.071696,0.088557,0.167185,0.071696,-0.389822,1.106944,0.747012,2.745219,-0.131384,0.151839,-0.020065,-0.032104,0.153159,-0.000000,-0.032104,-0.453219,0.264043,-0.462665,-0.067166,-0.343968
1777417443.528328,1.064246,0.697194,2.764457,-0.054541,0.113461,0.177494,0.068106,0.103616,0.183415,0.068106,-0.526579,1.112014,0.746302,2.744084,-0.146713,0.151003,-0.022314,-0.035703,0.152643,-0.000000,-0.035703,-0.459877,0.234935,-0.540545,-0.077892,-0.316683
1777417443.561666,1.072357,0.707023,2.765992,-0.075612,0.125606,0.181520,0.064785,0.111535,0.190490,0.064785,-0.448116,1.117029,0.745522,2.742835,-0.162053,0.150168,-0.024550,-0.039281,0.152161,-0.000000,-0.039281,-0.460191,0.194381,-0.651095,-0.085841,-0.298071
1777417443.595084,1.072357,0.707023,2.765992,-0.075612,0.125606,0.181520,0.064785,0.111535,0.190490,0.064785,-0.448116,1.122028,0.744665,2.741464,-0.177511,0.149327,-0.026789,-0.042863,0.151711,-0.000000,-0.042863,-0.463739,0.178990,-0.694673,-0.096532,-0.275391
1777417443.628427,1.088207,0.724687,2.766587,-0.096583,0.146355,0.193519,0.061153,0.127012,0.206730,0.061153,-0.444315,1.126996,0.743734,2.739974,-0.193034,0.148483,-0.029024,-0.046438,0.151293,-0.000000,-0.046438,-0.465709,0.193730,-0.648598,-0.104431,-0.344537
1777417443.661690,1.096937,0.734343,2.766765,-0.117378,0.158114,0.195721,0.056493,0.134106,0.212891,0.056493,-0.429126,1.131922,0.742731,2.738370,-0.208581,0.147637,-0.031249,-0.049998,0.150908,-0.000000,-0.049998,-0.466397,0.152004,-0.771755,-0.113718,-0.321125
1777417443.695128,1.096937,0.734343,2.766765,-0.117378,0.158114,0.195721,0.056493,0.134106,0.212891,0.056493,-0.429126,1.136829,0.741652,2.736644,-0.224222,0.146786,-0.033476,-0.053561,0.150555,-0.000000,-0.053561,-0.469230,0.138857,-0.815697,-0.122350,-0.299575
1777417443.728332,1.114062,0.751602,2.766284,-0.138176,0.178709,0.204947,0.051428,0.148777,0.227608,0.051428,-0.378271,1.141717,0.740497,2.734796,-0.239943,0.145930,-0.035703,-0.057124,0.150234,-0.000000,-0.057124,-0.471626,0.154878,-0.769466,-0.130894,-0.367593
1777417443.761750,1.121932,0.759278,2.765999,-0.158435,0.188641,0.204452,0.047189,0.154021,0.231654,0.047189,-0.474794,1.146570,0.739269,2.732831,-0.255693,0.145072,-0.037924,-0.060678,0.149947,-0.000000,-0.060678,-0.472498,0.115226,-0.892268,-0.138653,-0.344881
1777417443.795093,1.121932,0.759278,2.765999,-0.158435,0.188641,0.204452,0.047189,0.154021,0.231654,0.047189,-0.474794,1.151389,0.737969,2.730750,-0.271462,0.144210,-0.040139,-0.064222,0.149692,-0.000000,-0.064222,-0.473089,0.108407,-0.918952,-0.146982,-0.325541
1777417443.828365,1.139173,0.774681,2.765637,-0.179641,0.207935,0.210052,0.042700,0.167057,0.243825,0.042700,-0.375803,1.156163,0.736600,2.728560,-0.287209,0.143349,-0.042342,-0.067747,0.149471,-0.000000,-0.067747,-0.472399,0.125676,-0.873524,-0.156141,-0.391546
1777417443.861667,1.146523,0.780944,2.763404,-0.200063,0.216705,0.207603,0.036809,0.171125,0.246528,0.036809,-0.526150,1.160934,0.735149,2.726238,-0.303067,0.142478,-0.044553,-0.071285,0.149282,-0.000000,-0.071285,-0.475749,0.090476,-0.982184,-0.164756,-0.365430
1777417443.895142,1.146523,0.780944,2.763404,-0.200063,0.216705,0.207603,0.036809,0.171125,0.246528,0.036809,-0.526150,1.165689,0.733621,2.723793,-0.318980,0.141602,-0.046765,-0.074824,0.149125,-0.000000,-0.074824,-0.477384,0.087850,-0.997958,-0.169788,-0.346025
1777417443.928338,1.163708,0.794250,2.761749,-0.222028,0.234682,0.209758,0.031350,0.182731,0.256288,0.031350,-0.388805,1.170425,0.732015,2.721223,-0.334938,0.140720,-0.048978,-0.078365,0.149000,-0.000000,-0.078365,-0.478724,0.106426,-0.954567,-0.179546,-0.411571
1777417443.961765,1.172690,0.800958,2.761222,-0.243807,0.242293,0.204230,0.026634,0.185827,0.256679,0.026634,-0.387519,1.175054,0.730362,2.718580,-0.350634,0.139850,-0.051150,-0.081839,0.148910,-0.000000,-0.081839,-0.470904,0.075028,-1.000000,-0.186201,-0.383390
1777417443.995113,1.172690,0.800958,2.761222,-0.243807,0.242293,0.204230,0.026634,0.185827,0.256679,0.026634,-0.387519,1.179711,0.728617,2.715787,-0.366514,0.138965,-0.053343,-0.085348,0.148851,-0.000000,-0.085348,-0.476400,0.070041,-1.000000,-0.195159,-0.353709
1777417444.028311,1.172690,0.800958,2.761222,-0.243807,0.242293,0.204230,0.026634,0.185827,0.256679,0.026634,-0.387519,1.184334,0.726800,2.712880,-0.382364,0.138077,-0.055529,-0.088846,0.148824,-0.000000,-0.088846,-0.475493,0.090202,-1.000000,-0.205587,-0.419939
1777417444.061681,1.191040,0.812687,2.756350,-0.266454,0.256887,0.200777,0.015964,0.194954,0.261333,0.015964,-0.280081,1.188897,0.724923,2.709877,-0.398085,0.137192,-0.057694,-0.092311,0.148830,-0.000000,-0.092311,-0.471632,0.109049,-0.992875,-0.216339,-0.478177
1777417444.095058,1.196828,0.815933,2.754404,-0.288297,0.261166,0.192784,0.010841,0.195575,0.259082,0.010841,-0.490745,1.193460,0.722962,2.706739,-0.413876,0.136298,-0.059868,-0.095789,0.148867,-0.000000,-0.095789,-0.473727,0.074999,-1.000000,-0.217325,-0.442113
1777417444.128293,1.211059,0.822950,2.753416,-0.311809,0.274724,0.188020,0.007819,0.203796,0.263234,0.007819,-0.515730,1.198013,0.720919,2.703470,-0.429697,0.135396,-0.062046,-0.099273,0.148935,-0.000000,-0.099273,-0.474636,0.079493,-1.000000,-0.224263,-0.413710
1777417444.161612,1.217095,0.825542,2.747431,-0.335533,0.280277,0.180194,-0.001259,0.205314,0.262433,-0.001259,-0.679579,1.202508,0.718816,2.700106,-0.445378,0.134496,-0.064204,-0.102727,0.149035,-0.000000,-0.102727,-0.470416,0.059253,-1.000000,-0.233396,-0.380117
1777417444.195120,1.230092,0.830199,2.744384,-0.360182,0.293478,0.173840,-0.005903,0.213377,0.266120,-0.005903,-0.713861,1.206976,0.716640,2.696624,-0.461014,0.133593,-0.066357,-0.106172,0.149165,-0.000000,-0.106172,-0.469089,0.064922,-1.000000,-0.232529,-0.345417
1777417444.228331,1.230092,0.830199,2.744384,-0.360182,0.293478,0.173840,-0.005903,0.213377,0.266120,-0.005903,-0.713861,1.211407,0.714396,2.693034,-0.476566,0.132687,-0.068500,-0.109601,0.149326,-0.000000,-0.109601,-0.466555,0.048787,-1.000000,-0.237571,-0.309534
1777417444.261795,1.239422,0.833183,2.742252,-0.385503,0.300387,0.164364,-0.009980,0.216537,0.265254,-0.009980,-0.595972,1.215790,0.712090,2.689344,-0.491987,0.131782,-0.070628,-0.113005,0.149515,-0.000000,-0.113005,-0.462641,0.073622,-1.000000,-0.249007,-0.376826
1777417444.295127,1.251375,0.835841,2.734606,-0.409506,0.311403,0.156214,-0.020202,0.223459,0.267285,-0.020202,-0.696882,1.220182,0.709692,2.685508,-0.507475,0.130866,-0.072768,-0.116428,0.149736,-0.000000,-0.116428,-0.464640,0.068969,-1.000000,-0.256447,-0.334966
1777417444.328310,1.259629,0.837691,2.729986,-0.434179,0.315070,0.145508,-0.027047,0.224627,0.264547,-0.027047,-0.527897,1.224539,0.707225,2.681560,-0.522867,0.129947,-0.074898,-0.119837,0.149986,-0.000000,-0.119837,-0.461747,0.054776,-1.000000,-0.252947,-0.302912
1777417444.361681,1.271552,0.838218,2.727889,-0.457574,0.323756,0.134377,-0.030150,0.231086,0.263580,-0.030150,-0.605969,1.228840,0.704703,2.677524,-0.538081,0.129030,-0.077008,-0.123213,0.150263,-0.000000,-0.123213,-0.456412,0.055804,-1.000000,-0.255421,-0.267587
1777417444.395163,1.271552,0.838218,2.727889,-0.457574,0.323756,0.134377,-0.030150,0.231086,0.263580,-0.030150,-0.605969,1.233141,0.702091,2.673346,-0.553311,0.128104,-0.079126,-0.126601,0.150570,-0.000000,-0.126601,-0.456907,0.038701,-1.000000,-0.263088,-0.237852
1777417444.428315,1.279255,0.838037,2.718165,-0.481119,0.326122,0.122781,-0.042911,0.232280,0.259763,-0.042911,-0.529468,1.237388,0.699423,2.669077,-0.568364,0.127179,-0.081224,-0.129959,0.150904,-0.000000,-0.129959,-0.451595,0.068049,-1.000000,-0.275435,-0.311180
1777417444.461672,1.291278,0.837051,2.712563,-0.503686,0.331909,0.110017,-0.049922,0.237588,0.256552,-0.049922,-0.473530,1.241608,0.696683,2.664693,-0.583328,0.126250,-0.083317,-0.133307,0.151264,-0.000000,-0.133307,-0.448920,0.065834,-1.000000,-0.268328,-0.277399
1777417444.494991,1.291278,0.837051,2.712563,-0.503686,0.331909,0.110017,-0.049922,0.237588,0.256552,-0.049922,-0.473530,1.245818,0.693860,2.660175,-0.598256,0.125313,-0.085411,-0.136658,0.151653,-0.000000,-0.136658,-0.447836,0.045222,-1.000000,-0.269339,-0.249859
1777417444.528318,1.298760,0.835688,2.709033,-0.525758,0.328935,0.096433,-0.054352,0.236114,0.248492,-0.054352,-0.366513,1.249975,0.690981,2.655570,-0.612995,0.124379,-0.087486,-0.139978,0.152065,-0.000000,-0.139978,-0.442165,0.076224,-1.000000,-0.281943,-0.320328
1777417444.561664,1.298760,0.835688,2.709033,-0.525758,0.328935,0.096433,-0.054352,0.236114,0.248492,-0.054352,-0.366513,1.254094,0.688039,2.650862,-0.627590,0.123442,-0.089549,-0.143278,0.152502,-0.000000,-0.143278,-0.437854,0.072510,-1.000000,-0.287807,-0.290209
1777417444.595079,1.308270,0.832008,2.697350,-0.546889,0.328787,0.081834,-0.068528,0.238276,0.240879,-0.068528,-0.362279,1.258197,0.685016,2.646026,-0.642122,0.122499,-0.091611,-0.146577,0.152966,-0.000000,-0.146577,-0.435962,0.102968,-1.000000,-0.301081,-0.354781
1777417444.628324,1.313619,0.830144,2.691404,-0.567741,0.323893,0.069789,-0.074998,0.235552,0.233007,-0.074998,-0.377578,1.262270,0.681924,2.641078,-0.656531,0.121553,-0.093664,-0.149862,0.153453,-0.000000,-0.149862,-0.432280,0.081475,-0.990166,-0.291078,-0.326933
1777417444.661707,1.313619,0.830144,2.691404,-0.567741,0.323893,0.069789,-0.074998,0.235552,0.233007,-0.074998,-0.377578,1.266293,0.678778,2.636045,-0.670744,0.120608,-0.095698,-0.153117,0.153962,-0.000000,-0.153117,-0.426375,0.086308,-0.973665,-0.292364,-0.300586
1777417444.695170,1.320509,0.824236,2.688649,-0.588561,0.322116,0.053996,-0.077559,0.237940,0.223738,-0.077559,-0.438615,1.270322,0.675535,2.630855,-0.684957,0.119651,-0.097742,-0.156387,0.154498,-0.000000,-0.156387,-0.426404,0.118559,-0.959984,-0.305824,-0.362053
1777417444.728361,1.326362,0.821308,2.674924,-0.609967,0.317455,0.042276,-0.092903,0.235990,0.216503,-0.092903,-0.381202,1.274292,0.672245,2.625591,-0.698941,0.118697,-0.099762,-0.159620,0.155053,-0.000000,-0.159620,-0.419520,0.098380,-0.923550,-0.314362,-0.334246
1777417444.761722,1.326362,0.821308,2.674924,-0.609967,0.317455,0.042276,-0.092903,0.235990,0.216503,-0.092903,-0.381202,1.278206,0.668908,2.620253,-0.712701,0.117746,-0.101760,-0.162817,0.155626,-0.000000,-0.162817,-0.412795,0.098019,-0.907305,-0.300765,-0.302215
1777417444.795194,1.332897,0.813436,2.667739,-0.631161,0.314154,0.025430,-0.099914,0.238624,0.205907,-0.099914,-0.417358,1.282125,0.665474,2.614759,-0.726448,0.116784,-0.103767,-0.166027,0.156224,-0.000000,-0.166027,-0.412403,0.132088,-0.898311,-0.314563,-0.361327
1777417444.828332,1.332897,0.813436,2.667739,-0.631161,0.314154,0.025430,-0.099914,0.238624,0.205907,-0.099914,-0.417358,1.286016,0.661969,2.609150,-0.740069,0.115817,-0.105766,-0.169225,0.156844,-0.000000,-0.169225,-0.408622,0.104569,-0.854276,-0.314446,-0.329777
1777417444.861643,1.338627,0.808197,2.664916,-0.652975,0.305943,0.011478,-0.100489,0.236031,0.194993,-0.100489,-0.332831,1.289845,0.658425,2.603480,-0.753437,0.114855,-0.107738,-0.172381,0.157477,-0.000000,-0.172381,-0.401036,0.139757,-0.849501,-0.329021,-0.386975
1777417444.895127,1.338627,0.808197,2.664916,-0.652975,0.305943,0.011478,-0.100489,0.236031,0.194993,-0.100489,-0.332831,1.293657,0.654801,2.597682,-0.766712,0.113886,-0.109708,-0.175532,0.158132,-0.000000,-0.175532,-0.398277,0.128254,-0.825015,-0.338356,-0.347633
1777417444.928300,1.344146,0.799121,2.651441,-0.674348,0.299983,-0.005103,-0.114664,0.237507,0.183319,-0.114664,-0.373750,1.297449,0.651099,2.591759,-0.779884,0.112911,-0.111673,-0.178677,0.158808,-0.000000,-0.178677,-0.395150,0.163427,-0.822118,-0.353812,-0.402180
1777417444.961721,1.347831,0.794382,2.644181,-0.696277,0.291411,-0.016547,-0.120155,0.234194,0.174206,-0.120155,-0.383945,1.301190,0.647351,2.585761,-0.792840,0.111939,-0.113617,-0.181788,0.159496,-0.000000,-0.181788,-0.388690,0.132890,-0.775528,-0.342499,-0.364693
1777417444.995103,1.347831,0.794382,2.644181,-0.696277,0.291411,-0.016547,-0.120155,0.234194,0.174206,-0.120155,-0.383945,1.304903,0.643534,2.579654,-0.805661,0.110962,-0.115552,-0.184884,0.160203,-0.000000,-0.184884,-0.384607,0.133723,-0.754070,-0.343248,-0.324856
1777417445.028319,1.352162,0.783228,2.640774,-0.718642,0.283549,-0.034790,-0.121011,0.236332,0.160492,-0.121011,-0.402680,1.308596,0.639639,2.573422,-0.818375,0.109979,-0.117483,-0.187972,0.160927,-0.000000,-0.187972,-0.381414,0.171625,-0.754542,-0.358811,-0.378960
1777417445.061760,1.352162,0.783228,2.640774,-0.718642,0.283549,-0.034790,-0.121011,0.236332,0.160492,-0.121011,-0.402680,1.312234,0.635703,2.567125,-0.830861,0.108999,-0.119390,-0.191023,0.161662,-0.000000,-0.191023,-0.374592,0.134392,-0.697121,-0.368140,-0.336664
1777417445.095071,1.354905,0.776281,2.625880,-0.741211,0.274670,-0.046809,-0.135770,0.234215,0.150924,-0.135770,-0.415389,1.315872,0.631668,2.560669,-0.843306,0.108008,-0.121302,-0.194083,0.162419,-0.000000,-0.194083,-0.373344,0.173555,-0.700730,-0.384575,-0.387565
1777417445.128364,1.358689,0.765257,2.618770,-0.763418,0.269196,-0.063672,-0.141451,0.238510,0.140120,-0.141451,-0.547445,1.319432,0.627620,2.554192,-0.855448,0.107026,-0.123178,-0.197085,0.163179,-0.000000,-0.197085,-0.364262,0.164930,-0.668821,-0.371555,-0.343632
1777417445.161742,1.360601,0.759213,2.615199,-0.786292,0.261048,-0.074447,-0.142237,0.237113,0.132158,-0.142237,-0.545661,1.322972,0.623496,2.547594,-0.867477,0.106039,-0.125049,-0.200078,0.163955,-0.000000,-0.200078,-0.360876,0.130225,-0.616965,-0.373522,-0.299665
1777417445.195068,1.363114,0.746841,2.599581,-0.808861,0.255856,-0.091832,-0.158829,0.243064,0.121719,-0.158829,-0.695096,1.326506,0.619277,2.540844,-0.879450,0.105040,-0.126922,-0.203074,0.164750,-0.000000,-0.203074,-0.359201,0.132777,-0.591887,-0.382822,-0.256299
1777417445.228349,1.364696,0.739798,2.591206,-0.832032,0.248625,-0.102881,-0.165570,0.243478,0.114531,-0.165570,-0.664263,1.329977,0.615033,2.534052,-0.891169,0.104048,-0.128766,-0.206025,0.165549,-0.000000,-0.206025,-0.351574,0.095743,-0.533260,-0.368126,-0.216589
1777417445.261672,1.367039,0.725879,2.587049,-0.854437,0.242036,-0.121405,-0.167363,0.250495,0.102825,-0.167363,-0.687886,1.333428,0.610711,2.527137,-0.902783,0.103050,-0.130604,-0.208966,0.166363,-0.000000,-0.208966,-0.348406,0.095757,-0.505403,-0.367442,-0.173035
1777417445.295036,1.368509,0.717659,2.569144,-0.876384,0.234664,-0.131981,-0.185381,0.251587,0.095864,-0.185381,-0.607702,1.336865,0.606303,2.520084,-0.914311,0.102043,-0.132439,-0.211903,0.167191,-0.000000,-0.211903,-0.345837,0.049882,-0.442926,-0.375489,-0.135762
1777417445.328315,1.370810,0.701198,2.559133,-0.897235,0.226317,-0.150775,-0.192457,0.259017,0.082841,-0.192457,-0.494387,1.340274,0.601826,2.512921,-0.925708,0.101032,-0.134264,-0.214823,0.168031,-0.000000,-0.214823,-0.341906,0.045560,-0.412816,-0.356003,-0.101905
1777417445.361669,1.370810,0.701198,2.559133,-0.897235,0.226317,-0.150775,-0.192457,0.259017,0.082841,-0.192457,-0.494387,1.343592,0.597365,2.505784,-0.936764,0.100035,-0.136045,-0.217673,0.168865,-0.000000,-0.217673,-0.331700,-0.016099,-0.342658,-0.351988,-0.073256
1777417445.395244,1.370849,0.690769,2.553891,-0.915920,0.216245,-0.161797,-0.193721,0.260031,0.072965,-0.193721,-0.482104,1.346908,0.592802,2.498484,-0.947780,0.099027,-0.137830,-0.220528,0.169716,-0.000000,-0.220528,-0.330477,0.040824,-0.357235,-0.368141,-0.135541
1777417445.428330,1.370849,0.690769,2.553891,-0.915920,0.216245,-0.161797,-0.193721,0.260031,0.072965,-0.193721,-0.482104,1.350203,0.588163,2.491060,-0.958692,0.098012,-0.139607,-0.223371,0.170577,-0.000000,-0.223371,-0.327353,0.024409,-0.314848,-0.374592,-0.112596
1777417445.461673,1.373190,0.672590,2.532687,-0.933692,0.204974,-0.177437,-0.210791,0.264561,0.059211,-0.210791,-0.275516,1.353442,0.583495,2.483592,-0.969388,0.097001,-0.141359,-0.226174,0.171440,-0.000000,-0.226174,-0.320870,0.079505,-0.330241,-0.392098,-0.172984
1777417445.495137,1.373889,0.664019,2.522880,-0.949163,0.193325,-0.181931,-0.213631,0.260483,0.051210,-0.213631,-0.265890,1.356669,0.578739,2.475983,-0.980008,0.095982,-0.143108,-0.228972,0.172315,-0.000000,-0.228972,-0.318619,0.000134,-0.257713,-0.367091,-0.147719
1777417445.528323,1.373889,0.664019,2.522880,-0.949163,0.193325,-0.181931,-0.213631,0.260483,0.051210,-0.213631,-0.265890,1.359841,0.573955,2.468328,-0.990422,0.094966,-0.144831,-0.231730,0.173190,-0.000000,-0.231730,-0.312402,-0.003270,-0.232800,-0.364536,-0.134686
1777417445.561696,1.373339,0.647340,2.518475,-0.963899,0.180584,-0.195077,-0.209820,0.263231,0.037079,-0.209820,-0.254611,1.362989,0.569101,2.460561,-1.000724,0.093946,-0.146545,-0.234472,0.174073,-0.000000,-0.234472,-0.309061,0.054644,-0.250546,-0.381912,-0.189064
1777417445.595008,1.373339,0.647340,2.518475,-0.963899,0.180584,-0.195077,-0.209820,0.263231,0.037079,-0.209820,-0.254611,1.366102,0.564190,2.452703,-1.010887,0.092923,-0.148244,-0.237191,0.174960,-0.000000,-0.237191,-0.304902,-0.007426,-0.180613,-0.391232,-0.174217
1777417445.628307,1.373094,0.637248,2.499439,-0.977894,0.169121,-0.199567,-0.223968,0.260005,0.028744,-0.223968,-0.243015,1.369198,0.559194,2.444711,-1.020970,0.091892,-0.149938,-0.239901,0.175857,-0.000000,-0.239901,-0.302496,0.051110,-0.200370,-0.409869,-0.224810
1777417445.661807,1.373230,0.620615,2.489537,-0.991453,0.158492,-0.211630,-0.226553,0.263867,0.016767,-0.226553,-0.247526,1.372234,0.554185,2.436696,-1.030835,0.090867,-0.151603,-0.242564,0.176749,-0.000000,-0.242564,-0.295925,0.035097,-0.167407,-0.390674,-0.209839
1777417445.695136,1.373230,0.620615,2.489537,-0.991453,0.158492,-0.211630,-0.226553,0.263867,0.016767,-0.226553,-0.247526,1.375265,0.549070,2.428512,-1.040662,0.089830,-0.153268,-0.245229,0.177653,-0.000000,-0.245229,-0.294826,-0.029358,-0.105673,-0.389179,-0.195100
1777417445.728312,1.372633,0.610460,2.484264,-1.005275,0.145729,-0.213625,-0.220946,0.258456,0.008568,-0.220946,-0.206414,1.378236,0.543946,2.420313,-1.050272,0.088800,-0.154904,-0.247846,0.178552,-0.000000,-0.247846,-0.288303,0.031865,-0.127707,-0.408011,-0.242994
1777417445.761672,1.372633,0.610460,2.484264,-1.005275,0.145729,-0.213625,-0.220946,0.258456,0.008568,-0.220946,-0.206414,1.381180,0.538752,2.412004,-1.059781,0.087765,-0.156529,-0.250446,0.179455,0.000000,-0.250446,-0.285251,0.016346,-0.096576,-0.416835,-0.223492
1777417445.795129,1.372633,0.610460,2.484264,-1.005275,0.145729,-0.213625,-0.220946,0.258456,0.008568,-0.220946,-0.206414,1.384095,0.533495,2.403592,-1.069179,0.086725,-0.158141,-0.253026,0.180360,0.000000,-0.253026,-0.281963,0.074905,-0.117787,-0.436657,-0.267017
1777417445.828391,1.371599,0.594303,2.464034,-1.018952,0.132928,-0.221546,-0.233381,0.258348,-0.002951,-0.233381,-0.194966,1.386956,0.528221,2.395154,-1.078389,0.085691,-0.159726,-0.255562,0.181261,0.000000,-0.255562,-0.276286,0.129393,-0.137839,-0.457114,-0.306938
1777417445.861901,1.371443,0.586241,2.454125,-1.032632,0.122615,-0.221542,-0.234069,0.253074,-0.008270,-0.234069,-0.229421,1.389800,0.522861,2.386577,-1.087534,0.084648,-0.161306,-0.258090,0.182167,0.000000,-0.258090,-0.274366,0.063633,-0.076605,-0.437317,-0.282591
1777417445.895126,1.371443,0.586241,2.454125,-1.032632,0.122615,-0.221542,-0.234069,0.253074,-0.008270,-0.234069,-0.229421,1.392601,0.517465,2.377943,-1.096531,0.083605,-0.162865,-0.260583,0.183070,0.000000,-0.260583,-0.269892,0.060798,-0.059493,-0.437633,-0.260487
1777417445.928333,1.370009,0.569863,2.449839,-1.046993,0.111045,-0.230829,-0.227799,0.255422,-0.019299,-0.227799,-0.241864,1.395373,0.512003,2.369205,-1.105430,0.082559,-0.164411,-0.263057,0.183975,0.000000,-0.263057,-0.266986,0.117806,-0.080597,-0.457852,-0.298445
1777417445.961671,1.370009,0.569863,2.449839,-1.046993,0.111045,-0.230829,-0.227799,0.255422,-0.019299,-0.227799,-0.241864,1.398079,0.506556,2.360490,-1.114110,0.081522,-0.165922,-0.265475,0.184868,0.000000,-0.265475,-0.260378,0.051099,-0.020961,-0.470256,-0.271012
1777417445.995005,1.369093,0.560133,2.429538,-1.061966,0.100934,-0.232346,-0.241756,0.252082,-0.025041,-0.241756,-0.261900,1.400804,0.500947,2.351515,-1.122850,0.080463,-0.167448,-0.267916,0.185777,0.000000,-0.267916,-0.262217,0.108717,-0.042875,-0.491299,-0.306116
1777417446.028432,1.368468,0.543400,2.418908,-1.077483,0.091164,-0.242041,-0.243463,0.256353,-0.034324,-0.243463,-0.284124,1.403475,0.495327,2.342524,-1.131415,0.079409,-0.168946,-0.270313,0.186677,0.000000,-0.270313,-0.256934,0.092131,-0.016904,-0.472638,-0.276452
1777417446.061783,1.368468,0.543400,2.418908,-1.077483,0.091164,-0.242041,-0.243463,0.256353,-0.034324,-0.243463,-0.284124,1.406084,0.489716,2.333546,-1.139782,0.078364,-0.170411,-0.272658,0.187566,0.000000,-0.272658,-0.251013,0.021064,0.036410,-0.472409,-0.243020
1777417446.095104,1.367362,0.534337,2.414051,-1.093581,0.081172,-0.242486,-0.238012,0.252678,-0.039273,-0.238012,-0.296098,1.408684,0.483997,2.324396,-1.148129,0.077305,-0.171876,-0.275001,0.188460,0.000000,-0.275001,-0.250415,0.081902,0.013747,-0.493234,-0.278839
1777417446.128299,1.367080,0.531569,2.412612,-1.109872,0.073139,-0.237132,-0.229908,0.244915,-0.039965,-0.229908,-0.342027,1.411250,0.478230,2.315168,-1.156369,0.076245,-0.173322,-0.277316,0.189352,0.000000,-0.277316,-0.247213,0.071640,0.035185,-0.505284,-0.243219
1777417446.161686,1.367080,0.531569,2.412612,-1.109872,0.073139,-0.237132,-0.229908,0.244915,-0.039965,-0.229908,-0.342027,1.413759,0.472463,2.305941,-1.164437,0.075192,-0.174740,-0.279584,0.190231,0.000000,-0.279584,-0.242034,0.110287,0.027361,-0.524514,-0.207410
1777417446.195000,1.365726,0.514817,2.386908,-1.126424,0.064139,-0.248070,-0.251977,0.251551,-0.048734,-0.251977,-0.376950,1.416251,0.466606,2.296570,-1.172463,0.074129,-0.176151,-0.281841,0.191113,0.000000,-0.281841,-0.240769,0.166938,0.008033,-0.546827,-0.244440
1777417446.228476,1.365070,0.497906,2.379956,-1.142711,0.056441,-0.260320,-0.252134,0.260260,-0.056718,-0.252134,-0.440559,1.418703,0.460716,2.287145,-1.180371,0.073067,-0.177541,-0.284065,0.191988,0.000000,-0.284065,-0.237249,0.090382,0.060791,-0.518751,-0.206935
1777417446.261689,1.364566,0.488388,2.355111,-1.159068,0.049164,-0.263355,-0.273820,0.261022,-0.060337,-0.273820,-0.416934,1.421123,0.454769,2.277630,-1.188195,0.072001,-0.178915,-0.286264,0.192860,0.000000,-0.286264,-0.234724,0.014574,0.107751,-0.526670,-0.171443
1777417446.295081,1.363935,0.471076,2.342477,-1.175186,0.041652,-0.274765,-0.279460,0.269594,-0.067452,-0.279460,-0.407442,1.423525,0.448733,2.267973,-1.195978,0.070926,-0.180281,-0.288450,0.193731,0.000000,-0.288450,-0.233482,0.002388,0.124084,-0.498891,-0.137464
1777417446.328380,1.363935,0.471076,2.342477,-1.175186,0.041652,-0.274765,-0.279460,0.269594,-0.067452,-0.279460,-0.407442,1.425866,0.442715,2.258344,-1.203587,0.069860,-0.181616,-0.290585,0.194588,0.000000,-0.290585,-0.228260,-0.073023,0.167110,-0.494633,-0.106517
1777417446.361665,1.363236,0.459865,2.335181,-1.190780,0.034231,-0.277784,-0.277622,0.270664,-0.071251,-0.277622,-0.365327,1.428167,0.436665,2.248665,-1.211088,0.068794,-0.182929,-0.292686,0.195437,0.000000,-0.292686,-0.225046,-0.004197,0.145371,-0.515459,-0.147539
1777417446.395131,1.363144,0.440710,2.305989,-1.205768,0.026895,-0.285596,-0.298358,0.276380,-0.076828,-0.298358,-0.251455,1.430447,0.430532,2.238851,-1.218550,0.067720,-0.184233,-0.294772,0.196285,0.000000,-0.294772,-0.223845,-0.030918,0.166580,-0.522465,-0.115841
1777417446.428516,1.363144,0.440710,2.305989,-1.205768,0.026895,-0.285596,-0.298358,0.276380,-0.076828,-0.298358,-0.251455,1.432682,0.424381,2.229010,-1.225892,0.066648,-0.185513,-0.296820,0.197121,0.000000,-0.296820,-0.220278,-0.123003,0.209340,-0.485754,-0.088791
1777417446.461746,1.362676,0.430999,2.291299,-1.219441,0.020111,-0.282627,-0.300762,0.272282,-0.078390,-0.300762,-0.239374,1.434886,0.418176,2.219081,-1.233164,0.065573,-0.186776,-0.298842,0.197953,0.000000,-0.298842,-0.218155,-0.051275,0.187873,-0.506406,-0.129328
1777417446.495116,1.362676,0.430999,2.291299,-1.219441,0.020111,-0.282627,-0.300762,0.272282,-0.078390,-0.300762,-0.239374,1.437057,0.411921,2.209074,-1.240360,0.064494,-0.188023,-0.300837,0.198777,0.000000,-0.300837,-0.215886,-0.063850,0.200768,-0.498455,-0.105497
1777417446.528387,1.362537,0.415994,2.287092,-1.232167,0.014405,-0.286220,-0.290874,0.274751,-0.081493,-0.290874,-0.230888,1.439185,0.405644,2.199031,-1.247453,0.063418,-0.189247,-0.302796,0.199590,0.000000,-0.302796,-0.212776,0.004223,0.180956,-0.519850,-0.144081
1777417446.561676,1.362481,0.408752,2.262033,-1.243910,0.009380,-0.283709,-0.310218,0.271698,-0.082214,-0.310218,-0.274307,1.441284,0.399304,2.188887,-1.254491,0.062335,-0.190457,-0.304731,0.200398,0.000000,-0.304731,-0.211145,-0.057534,0.208785,-0.533669,-0.121883
1777417446.595102,1.362481,0.408752,2.262033,-1.243910,0.009380,-0.283709,-0.310218,0.271698,-0.082214,-0.310218,-0.274307,1.443354,0.392904,2.178647,-1.261472,0.061248,-0.191651,-0.306642,0.201200,0.000000,-0.306642,-0.209432,-0.050169,0.211594,-0.506113,-0.105424
1777417446.628491,1.362712,0.393200,2.246563,-1.255406,0.004812,-0.288657,-0.314502,0.275912,-0.084963,-0.314502,-0.226784,1.445373,0.386511,2.168418,-1.268327,0.060168,-0.192818,-0.308508,0.201987,0.000000,-0.308508,-0.205641,0.017311,0.193090,-0.527914,-0.142407
1777417446.661742,1.362853,0.384415,2.241684,-1.266229,0.000782,-0.285530,-0.305654,0.272624,-0.084879,-0.305654,-0.212042,1.447353,0.380091,2.158146,-1.275095,0.059087,-0.193963,-0.310340,0.202763,0.000000,-0.310340,-0.203053,-0.051532,0.219112,-0.519373,-0.123759
1777417446.695123,1.362853,0.384415,2.241684,-1.266229,0.000782,-0.285530,-0.305654,0.272624,-0.084879,-0.305654,-0.212042,1.449316,0.373568,2.147708,-1.281859,0.057995,-0.195100,-0.312160,0.203537,0.000000,-0.312160,-0.202921,-0.058652,0.225034,-0.531875,-0.108977
1777417446.728315,1.363583,0.367718,2.214070,-1.276738,-0.002947,-0.288674,-0.322024,0.275428,-0.086489,-0.322024,-0.170000,1.451226,0.367063,2.137301,-1.288495,0.056910,-0.196208,-0.313933,0.204295,0.000000,-0.313933,-0.199061,0.009515,0.207386,-0.554733,-0.144487
1777417446.761668,1.363862,0.360700,2.201767,-1.286550,-0.006188,-0.284549,-0.323033,0.271395,-0.085737,-0.323033,-0.210196,1.453090,0.360556,2.126890,-1.295027,0.055829,-0.197291,-0.315665,0.205038,0.000000,-0.315665,-0.195979,-0.069892,0.232110,-0.522899,-0.128309
1777417446.795143,1.363862,0.360700,2.201767,-1.286550,-0.006188,-0.284549,-0.323033,0.271395,-0.085737,-0.323033,-0.210196,1.454943,0.353923,2.116277,-1.301582,0.054732,-0.198369,-0.317390,0.205781,0.000000,-0.317390,-0.196655,-0.061434,0.232129,-0.520406,-0.115807
1777417446.828419,1.364981,0.347171,2.195869,-1.296207,-0.008296,-0.288040,-0.316391,0.275000,-0.086088,-0.316391,-0.210819,1.456751,0.347287,2.105659,-1.308040,0.053639,-0.199421,-0.319074,0.206509,0.000000,-0.319074,-0.193731,0.007079,0.215447,-0.542873,-0.149480
1777417446.861676,1.365559,0.338841,2.167743,-1.305722,-0.011266,-0.285002,-0.336753,0.272097,-0.085538,-0.336753,-0.201186,1.458517,0.340639,2.095023,-1.314412,0.052549,-0.200451,-0.320721,0.207224,0.000000,-0.320721,-0.191155,-0.046125,0.228767,-0.554314,-0.135728
1777417446.895193,1.365559,0.338841,2.167743,-1.305722,-0.011266,-0.285002,-0.336753,0.272097,-0.085538,-0.336753,-0.201186,1.460260,0.333901,2.084242,-1.320775,0.051448,-0.201468,-0.322350,0.207934,-0.000000,-0.322350,-0.190882,-0.050842,0.230849,-0.521375,-0.122987
1777417446.928383,1.367211,0.324690,2.151863,-1.315018,-0.012649,-0.288418,-0.340710,0.275834,-0.085207,-0.340710,-0.193065,1.461947,0.327209,2.073534,-1.327003,0.050359,-0.202454,-0.323927,0.208623,-0.000000,-0.323927,-0.186859,0.016975,0.215480,-0.543843,-0.154528
1777417446.961810,1.368006,0.316681,2.146876,-1.324201,-0.014581,-0.284969,-0.331653,0.272789,-0.083702,-0.331653,-0.195791,1.463605,0.320452,2.062724,-1.333202,0.049263,-0.203425,-0.325479,0.209305,-0.000000,-0.325479,-0.185977,-0.043700,0.226986,-0.535065,-0.140215
1777417446.995158,1.370206,0.301690,2.117983,-1.333336,-0.015419,-0.288902,-0.351514,0.277168,-0.082946,-0.351514,-0.186364,1.465237,0.313621,2.051793,-1.339384,0.048159,-0.204381,-0.327009,0.209978,-0.000000,-0.327009,-0.185436,-0.046214,0.227222,-0.548070,-0.127990
1777417447.028359,1.370206,0.301690,2.117983,-1.333336,-0.015419,-0.288902,-0.351514,0.277168,-0.082946,-0.351514,-0.186364,1.466821,0.306805,2.040889,-1.345466,0.047062,-0.205309,-0.328495,0.210634,-0.000000,-0.328495,-0.182473,-0.110090,0.236055,-0.513528,-0.116550
1777417447.061690,1.371566,0.293942,2.102795,-1.342380,-0.016759,-0.285226,-0.354468,0.274023,-0.080909,-0.354468,-0.196301,1.468365,0.299975,2.029960,-1.351481,0.045966,-0.206216,-0.329945,0.211276,-0.000000,-0.329945,-0.180460,-0.039102,0.221992,-0.535766,-0.145727
1777417447.095080,1.373988,0.280043,2.097567,-1.351481,-0.016666,-0.287954,-0.344463,0.277431,-0.078914,-0.344463,-0.188074,1.469882,0.293070,2.018912,-1.357484,0.044861,-0.207107,-0.331372,0.211910,0.000000,-0.331372,-0.180083,-0.040891,0.219303,-0.528308,-0.132128
1777417447.128306,1.373988,0.280043,2.097567,-1.351481,-0.016666,-0.287954,-0.344463,0.277431,-0.078914,-0.344463,-0.188074,1.471362,0.286138,2.007820,-1.363434,0.043756,-0.207978,-0.332765,0.212531,0.000000,-0.332765,-0.178480,-0.096575,0.224002,-0.540972,-0.119408
1777417447.161668,1.375581,0.272823,2.071943,-1.360557,-0.017833,-0.283544,-0.360714,0.273579,-0.076614,-0.360714,-0.195779,1.472797,0.279217,1.996747,-1.369300,0.042656,-0.208823,-0.334116,0.213135,-0.000000,-0.334116,-0.175990,-0.026360,0.211421,-0.564502,-0.147837
1777417447.195123,1.378204,0.261415,2.058814,-1.369350,-0.017525,-0.286992,-0.364692,0.277682,-0.074593,-0.364692,-0.251133,1.474196,0.272263,1.985621,-1.375123,0.041554,-0.209647,-0.335436,0.213726,-0.000000,-0.335436,-0.174688,-0.024793,0.206904,-0.537295,-0.132762
1777417447.228427,1.379710,0.253782,2.050542,-1.378566,-0.018332,-0.282683,-0.358160,0.273974,-0.072000,-0.358160,-0.194701,1.475574,0.265206,1.974329,-1.380963,0.040439,-0.210460,-0.336736,0.214310,0.000000,-0.336736,-0.175214,-0.060842,0.205647,-0.534099,-0.120003
1777417447.261613,1.383047,0.242076,2.022974,-1.387350,-0.017452,-0.286478,-0.379911,0.278488,-0.069418,-0.379911,-0.252014,1.476896,0.258216,1.963145,-1.386682,0.039338,-0.211241,-0.337986,0.214873,0.000000,-0.337986,-0.171550,-0.059753,0.202058,-0.540997,-0.106621
1777417447.294981,1.384852,0.234833,2.007456,-1.396484,-0.017990,-0.282921,-0.383114,0.275513,-0.066785,-0.383114,-0.212663,1.478197,0.251117,1.951787,-1.392424,0.038223,-0.212010,-0.339216,0.215428,0.000000,-0.339216,-0.172260,-0.096916,0.197452,-0.508772,-0.094013
1777417447.328337,1.384852,0.234833,2.007456,-1.396484,-0.017990,-0.282921,-0.383114,0.275513,-0.066785,-0.383114,-0.212663,1.479448,0.244064,1.940502,-1.398067,0.037118,-0.212750,-0.340400,0.215963,0.000000,-0.340400,-0.169308,-0.090633,0.192011,-0.500075,-0.081912
1777417447.361676,1.388762,0.223171,1.999711,-1.405134,-0.015896,-0.285049,-0.377421,0.278526,-0.062685,-0.377421,-0.211640,1.480668,0.236953,1.929124,-1.403697,0.036007,-0.213472,-0.341555,0.216487,0.000000,-0.341555,-0.168891,-0.021141,0.183279,-0.522438,-0.110054
1777417447.395178,1.390706,0.216059,1.971128,-1.413418,-0.016305,-0.282080,-0.397974,0.276038,-0.060313,-0.397974,-0.208893,1.481845,0.229852,1.917763,-1.409261,0.034900,-0.214170,-0.342671,0.216995,0.000000,-0.342671,-0.166929,-0.060809,0.175772,-0.530278,-0.097974
1777417447.428315,1.394889,0.203927,1.957049,-1.421334,-0.013855,-0.285585,-0.400891,0.280338,-0.056226,-0.400891,-0.212232,1.482994,0.222674,1.906279,-1.414829,0.033784,-0.214851,-0.343761,0.217491,0.000000,-0.343761,-0.167045,-0.056755,0.170216,-0.496045,-0.087353
1777417447.461731,1.397219,0.196707,1.949063,-1.429272,-0.013281,-0.281575,-0.393306,0.276886,-0.052865,-0.393306,-0.179193,1.484098,0.215527,1.894842,-1.420321,0.032675,-0.215506,-0.344809,0.217969,0.000000,-0.344809,-0.164760,-0.098216,0.161616,-0.490222,-0.079570
1777417447.495083,1.397219,0.196707,1.949063,-1.429272,-0.013281,-0.281575,-0.393306,0.276886,-0.052865,-0.393306,-0.179193,1.485168,0.208337,1.883339,-1.425794,0.031563,-0.216141,-0.345826,0.218434,0.000000,-0.345826,-0.164177,-0.092935,0.154651,-0.496732,-0.070841
1777417447.528394,1.402105,0.184724,1.920903,-1.436835,-0.010094,-0.282274,-0.409870,0.278396,-0.047705,-0.409870,-0.160305,1.486199,0.201141,1.871825,-1.431223,0.030451,-0.216754,-0.346806,0.218882,0.000000,-0.346806,-0.162858,-0.023362,0.148774,-0.519850,-0.098801
1777417447.561764,1.404337,0.178984,1.907111,-1.443807,-0.009549,-0.278853,-0.412398,0.275399,-0.044788,-0.412398,-0.194478,1.487199,0.193880,1.860208,-1.436652,0.029332,-0.217349,-0.347758,0.219319,0.000000,-0.347758,-0.162889,-0.066539,0.136525,-0.486675,-0.090251
1777417447.595078,1.409321,0.166603,1.899038,-1.450821,-0.005835,-0.280971,-0.404669,0.278253,-0.039422,-0.404669,-0.160706,1.488161,0.186603,1.848565,-1.442048,0.028213,-0.217921,-0.348674,0.219740,0.000000,-0.348674,-0.161869,-0.049848,0.128697,-0.481686,-0.085191
1777417447.628360,1.409321,0.166603,1.899038,-1.450821,-0.005835,-0.280971,-0.404669,0.278253,-0.039422,-0.404669,-0.160706,1.489084,0.179319,1.836910,-1.447406,0.027095,-0.218471,-0.349553,0.220144,-0.000000,-0.349553,-0.160732,-0.094247,0.116059,-0.488454,-0.079588
1777417447.661728,1.412790,0.159035,1.870095,-1.457727,-0.004178,-0.275624,-0.419957,0.273393,-0.035250,-0.419957,-0.136023,1.489964,0.172065,1.825305,-1.452699,0.025984,-0.218995,-0.350392,0.220531,-0.000000,-0.350392,-0.158816,-0.024600,0.112288,-0.511909,-0.105690
1777417447.695101,1.417699,0.147886,1.855237,-1.464301,-0.000597,-0.275918,-0.419347,0.274291,-0.029922,-0.419347,-0.144700,1.490816,0.164721,1.813554,-1.458019,0.024860,-0.219503,-0.351204,0.220906,-0.000000,-0.351204,-0.159599,-0.027803,0.101345,-0.477287,-0.098273
1777417447.728292,1.420148,0.143002,1.849241,-1.470712,0.000374,-0.270771,-0.410282,0.269453,-0.026683,-0.410282,-0.162626,1.491629,0.157371,1.801793,-1.463306,0.023738,-0.219987,-0.351980,0.221265,-0.000000,-0.351980,-0.158603,-0.062237,0.087506,-0.470382,-0.093645
1777417447.761646,1.420148,0.143002,1.849241,-1.470712,0.000374,-0.270771,-0.410282,0.269453,-0.026683,-0.410282,-0.162626,1.492398,0.150065,1.790103,-1.468525,0.022624,-0.220446,-0.352714,0.221604,0.000000,-0.352714,-0.156571,-0.037718,0.078983,-0.481551,-0.089201
1777417447.794991,1.425495,0.132988,1.822983,-1.477316,0.004274,-0.270458,-0.424719,0.269676,-0.020991,-0.424719,-0.150588,1.493142,0.142614,1.778183,-1.473812,0.021490,-0.220891,-0.353426,0.221934,0.000000,-0.353426,-0.158619,0.028568,0.077047,-0.505162,-0.113294
1777417447.828302,1.428267,0.126585,1.807299,-1.483832,0.005397,-0.265588,-0.424738,0.265053,-0.017691,-0.424738,-0.144159,1.493833,0.135318,1.766509,-1.478958,0.020381,-0.221304,-0.354086,0.222240,-0.000000,-0.354086,-0.154377,0.001250,0.059894,-0.476663,-0.107576
1777417447.861705,1.434035,0.115130,1.799826,-1.490318,0.009919,-0.266057,-0.413702,0.265993,-0.011502,-0.413702,-0.136604,1.494491,0.127970,1.754752,-1.484111,0.019266,-0.221697,-0.354715,0.222532,-0.000000,-0.354715,-0.154574,0.007719,0.051800,-0.468130,-0.099875
1777417447.895118,1.434035,0.115130,1.799826,-1.490318,0.009919,-0.266057,-0.413702,0.265993,-0.011502,-0.413702,-0.136604,1.495115,0.120568,1.742908,-1.489273,0.018144,-0.222070,-0.355312,0.222810,-0.000000,-0.355312,-0.154855,-0.031425,0.033985,-0.476433,-0.094096
1777417447.928301,1.437662,0.109395,1.774123,-1.496815,0.011789,-0.260683,-0.426510,0.260841,-0.007511,-0.426510,-0.143890,1.495703,0.113127,1.731002,-1.494434,0.017018,-0.222422,-0.355875,0.223072,-0.000000,-0.355875,-0.154854,0.035450,0.033987,-0.500400,-0.118013
1777417447.961721,1.443316,0.097555,1.757175,-1.503479,0.015868,-0.259385,-0.422835,0.259865,-0.001616,-0.422835,-0.117748,1.496249,0.105753,1.719205,-1.499524,0.015903,-0.222748,-0.356397,0.223315,-0.000000,-0.356397,-0.152695,0.046824,0.021681,-0.473007,-0.110947
1777417447.995119,1.443316,0.097555,1.757175,-1.503479,0.015868,-0.259385,-0.422835,0.259865,-0.001616,-0.422835,-0.117748,1.496761,0.098306,1.707289,-1.504642,0.014778,-0.223055,-0.356888,0.223544,-0.000000,-0.356888,-0.153519,0.002583,0.004337,-0.462252,-0.102425
1777417448.028415,1.446529,0.093229,1.751775,-1.509949,0.017368,-0.253402,-0.411345,0.253989,0.001926,-0.411345,-0.153379,1.497233,0.090893,1.695428,-1.509714,0.013659,-0.223338,-0.357341,0.223755,-0.000000,-0.357341,-0.152169,0.068107,0.005456,-0.485912,-0.125606
1777417448.061618,1.451919,0.082247,1.722558,-1.516799,0.021013,-0.252821,-0.425392,0.253587,0.007337,-0.425392,-0.133319,1.497671,0.083420,1.683472,-1.514807,0.012532,-0.223600,-0.357760,0.223951,0.000000,-0.357760,-0.152781,0.090385,-0.005400,-0.499450,-0.117210
1777417448.095360,1.454499,0.077858,1.710549,-1.523475,0.021700,-0.247041,-0.421530,0.247791,0.009990,-0.421530,-0.156709,1.498071,0.075951,1.671521,-1.519879,0.011407,-0.223840,-0.358143,0.224130,0.000000,-0.358143,-0.152168,0.052596,-0.022514,-0.465074,-0.108272
1777417448.128373,1.454499,0.077858,1.710549,-1.523475,0.021700,-0.247041,-0.421530,0.247791,0.009990,-0.421530,-0.156709,1.498431,0.068529,1.659646,-1.524902,0.010290,-0.224055,-0.358488,0.224291,0.000000,-0.358488,-0.150704,0.076943,-0.029561,-0.464501,-0.100140
1777417448.161655,1.460224,0.067802,1.703628,-1.530492,0.025708,-0.245732,-0.407529,0.246568,0.015786,-0.407529,-0.135902,1.498755,0.061050,1.647680,-1.529949,0.009165,-0.224250,-0.358799,0.224437,0.000000,-0.358799,-0.151399,0.138503,-0.026979,-0.488221,-0.122184
1777417448.195155,1.462980,0.062483,1.676732,-1.537403,0.026427,-0.240639,-0.421200,0.241387,0.018378,-0.421200,-0.152229,1.499043,0.053539,1.635663,-1.535004,0.008036,-0.224422,-0.359076,0.224566,0.000000,-0.359076,-0.151653,0.106755,-0.046623,-0.499043,-0.111906
1777417448.228447,1.468206,0.052982,1.665470,-1.544365,0.030011,-0.242648,-0.418904,0.243357,0.023588,-0.418904,-0.190503,1.499291,0.046096,1.623753,-1.540003,0.006918,-0.224571,-0.359313,0.224677,0.000000,-0.359313,-0.149954,0.120577,-0.053873,-0.469543,-0.102605
1777417448.261712,1.468206,0.052982,1.665470,-1.544365,0.030011,-0.242648,-0.418904,0.243357,0.023588,-0.418904,-0.190503,1.499503,0.038590,1.611744,-1.545033,0.005790,-0.224698,-0.359517,0.224773,0.000000,-0.359517,-0.150901,0.095592,-0.071176,-0.470551,-0.092767
1777417448.295161,1.472128,0.045503,1.657022,-1.551806,0.031544,-0.237273,-0.404538,0.237829,0.027032,-0.404538,-0.131658,1.499677,0.031097,1.599755,-1.550046,0.004665,-0.224803,-0.359684,0.224851,0.000000,-0.359684,-0.150389,0.157512,-0.066854,-0.494684,-0.115954
1777417448.328441,1.477109,0.035644,1.630994,-1.558730,0.034719,-0.238431,-0.418222,0.238833,0.031839,-0.418222,-0.163017,1.499815,0.023573,1.587717,-1.555072,0.003536,-0.224885,-0.359816,0.224913,0.000000,-0.359816,-0.150803,0.149344,-0.079027,-0.502596,-0.103484
1777417448.361690,1.477109,0.035644,1.630994,-1.558730,0.034719,-0.238431,-0.418222,0.238833,0.031839,-0.418222,-0.163017,1.499914,0.016053,1.575684,-1.560092,0.002408,-0.224945,-0.359912,0.224958,0.000000,-0.359912,-0.150583,0.121126,-0.095555,-0.474929,-0.094450
1777417448.395143,1.480758,0.028226,1.612996,-1.566076,0.035662,-0.230724,-0.410743,0.230890,0.034572,-0.410743,-0.110066,1.499976,0.008543,1.563669,-1.565100,0.001282,-0.224982,-0.359971,0.224985,0.000000,-0.359971,-0.150256,0.182268,-0.090351,-0.499048,-0.117012
1777417448.428303,1.480758,0.028226,1.612996,-1.566076,0.035662,-0.230724,-0.410743,0.230890,0.034572,-0.410743,-0.110066,1.500000,0.001085,1.551737,-1.570073,0.000163,-0.224996,-0.359994,0.224996,0.000000,-0.359994,-0.149174,0.174472,-0.101422,-0.487522,-0.104804
1777417448.461697,1.485909,0.017720,1.608540,-1.573117,0.038376,-0.227289,-0.387958,0.227199,0.038904,-0.387958,-0.107817,1.499986,-0.006406,1.539750,-1.575067,-0.000961,-0.224988,-0.359981,0.224990,0.000000,-0.359981,-0.149834,0.232446,-0.096262,-0.511802,-0.126160
1777417448.495143,1.485909,0.017720,1.608540,-1.573117,0.038376,-0.227289,-0.387958,0.227199,0.038904,-0.387958,-0.107817,1.499935,-0.013918,1.527732,-1.580077,-0.002088,-0.224958,-0.359932,0.224967,0.000000,-0.359932,-0.150284,0.194735,-0.114782,-0.528146,-0.114963
1777417448.528420,1.488840,0.011944,1.582588,-1.580207,0.038685,-0.219518,-0.393822,0.219145,0.040749,-0.393822,-0.112941,1.499846,-0.021473,1.515644,-1.585118,-0.003221,-0.224904,-0.359846,0.224927,0.000000,-0.359846,-0.151238,0.252571,-0.109381,-0.553753,-0.136319
1777417448.561689,1.488840,0.011944,1.582588,-1.580207,0.038685,-0.219518,-0.393822,0.219145,0.040749,-0.393822,-0.112941,1.499721,-0.028937,1.503701,-1.590103,-0.004341,-0.224829,-0.359726,0.224871,0.000000,-0.359726,-0.149563,0.257072,-0.117829,-0.527921,-0.124608
1777417448.595156,1.493671,0.001061,1.566606,-1.587513,0.040914,-0.216522,-0.383978,0.215808,0.044528,-0.383978,-0.106531,1.499558,-0.036405,1.491752,-1.595098,-0.005462,-0.224731,-0.359570,0.224797,0.000000,-0.359570,-0.149830,0.311379,-0.112595,-0.552773,-0.144625
1777417448.628361,1.493671,0.001061,1.566606,-1.587513,0.040914,-0.216522,-0.383978,0.215808,0.044528,-0.383978,-0.106531,1.499357,-0.043908,1.479748,-1.600123,-0.006589,-0.224610,-0.359377,0.224707,0.000000,-0.359377,-0.150755,0.267380,-0.130912,-0.546327,-0.131047
1777417448.661789,1.496333,-0.004701,1.563153,-1.594917,0.040661,-0.208709,-0.362003,0.207667,0.045683,-0.362003,-0.116691,1.499120,-0.051352,1.467837,-1.605118,-0.007707,-0.224468,-0.359149,0.224601,0.000000,-0.359149,-0.149867,0.322236,-0.125337,-0.571494,-0.151728
1777417448.695116,1.496333,-0.004701,1.563153,-1.594917,0.040661,-0.208709,-0.362003,0.207667,0.045683,-0.362003,-0.116691,1.498842,-0.058887,1.455780,-1.610187,-0.008840,-0.224302,-0.358883,0.224476,0.000000,-0.358883,-0.152047,0.323645,-0.132999,-0.590361,-0.137020
1777417448.728345,1.500629,-0.015310,1.536736,-1.602584,0.042480,-0.207581,-0.369416,0.206126,0.049056,-0.369416,-0.122571,1.498529,-0.066347,1.443845,-1.615217,-0.009962,-0.224114,-0.358583,0.224335,0.000000,-0.358583,-0.150897,0.376191,-0.127581,-0.616482,-0.158032
1777417448.761735,1.500629,-0.015310,1.536736,-1.602584,0.042480,-0.207581,-0.369416,0.206126,0.049056,-0.369416,-0.122571,1.498179,-0.073804,1.431914,-1.620259,-0.011084,-0.223904,-0.358247,0.224178,0.000000,-0.358247,-0.151282,0.332881,-0.144561,-0.590561,-0.141969
1777417448.795285,1.503122,-0.021392,1.521551,-1.610483,0.042176,-0.202005,-0.364007,0.200172,0.050158,-0.364007,-0.135550,1.497792,-0.081245,1.420007,-1.625308,-0.012205,-0.223672,-0.357876,0.224005,0.000000,-0.357876,-0.151445,0.384947,-0.138752,-0.615594,-0.162131
1777417448.828398,1.506862,-0.032132,1.518339,-1.618519,0.043526,-0.204870,-0.349852,0.202561,0.053250,-0.349852,-0.182873,1.497365,-0.088712,1.408060,-1.630391,-0.013330,-0.223417,-0.357467,0.223814,0.000000,-0.357467,-0.152503,0.381622,-0.146282,-0.611185,-0.145457
1777417448.861662,1.508773,-0.037616,1.517013,-1.626944,0.042723,-0.201385,-0.333578,0.198670,0.053957,-0.333578,-0.186005,1.496903,-0.096141,1.396175,-1.635468,-0.014451,-0.223140,-0.357024,0.223607,0.000000,-0.357024,-0.152297,0.338750,-0.161123,-0.630131,-0.129734
1777417448.895076,1.508773,-0.037616,1.517013,-1.626944,0.042723,-0.201385,-0.333578,0.198670,0.053957,-0.333578,-0.186005,1.496401,-0.103602,1.384236,-1.640588,-0.015578,-0.222839,-0.356543,0.223383,0.000000,-0.356543,-0.153616,0.344746,-0.164652,-0.653028,-0.112854
1777417448.928309,1.512020,-0.047813,1.486176,-1.635301,0.043978,-0.206408,-0.357024,0.203143,0.057191,-0.357024,-0.234706,1.495863,-0.111017,1.372373,-1.645699,-0.016698,-0.222518,-0.356028,0.223143,0.000000,-0.356028,-0.153339,0.398035,-0.157272,-0.678739,-0.135748
1777417448.961657,1.514122,-0.055235,1.475234,-1.644023,0.043441,-0.205651,-0.352652,0.201922,0.058370,-0.352652,-0.199037,1.495290,-0.118406,1.360550,-1.650818,-0.017817,-0.222175,-0.355479,0.222888,0.000000,-0.355479,-0.153555,0.359562,-0.170463,-0.644608,-0.119069
1777417448.995134,1.517539,-0.068731,1.443219,-1.652447,0.044682,-0.213148,-0.375284,0.208793,0.061918,-0.375284,-0.206736,1.494677,-0.125808,1.348707,-1.655972,-0.018938,-0.221808,-0.354893,0.222615,0.000000,-0.354893,-0.154610,0.347888,-0.176306,-0.647550,-0.102003
1777417449.028419,1.519432,-0.076261,1.426404,-1.661004,0.043879,-0.211971,-0.376350,0.207157,0.062796,-0.376350,-0.184900,1.494024,-0.133227,1.336836,-1.661165,-0.020064,-0.221418,-0.354269,0.222325,0.000000,-0.354269,-0.155813,0.284618,-0.192415,-0.608577,-0.087758
1777417449.061671,1.519432,-0.076261,1.426404,-1.661004,0.043879,-0.211971,-0.376350,0.207157,0.062796,-0.376350,-0.184900,1.493340,-0.140564,1.325098,-1.666331,-0.021179,-0.221009,-0.353615,0.222022,0.000000,-0.353615,-0.154967,0.277608,-0.196653,-0.598055,-0.073973
1777417449.095118,1.522368,-0.090110,1.417986,-1.669218,0.044196,-0.217637,-0.366741,0.212241,0.065368,-0.366741,-0.177550,1.492617,-0.147915,1.313336,-1.671539,-0.022297,-0.220577,-0.352923,0.221701,0.000000,-0.352923,-0.156233,0.335070,-0.186809,-0.620274,-0.098835
1777417449.128376,1.523919,-0.097903,1.385131,-1.677113,0.043406,-0.216940,-0.387872,0.211109,0.066182,-0.387872,-0.171000,1.491851,-0.155299,1.301521,-1.676803,-0.023422,-0.220120,-0.352192,0.221363,0.000000,-0.352192,-0.157936,0.269640,-0.202456,-0.626690,-0.085885
1777417449.161664,1.523919,-0.097903,1.385131,-1.677113,0.043406,-0.216940,-0.387872,0.211109,0.066182,-0.387872,-0.171000,1.491054,-0.162599,1.289841,-1.682043,-0.024536,-0.219645,-0.351432,0.221011,0.000000,-0.351432,-0.157195,0.261279,-0.205997,-0.584608,-0.075505
1777417449.195124,1.526235,-0.111860,1.366929,-1.684753,0.043328,-0.223269,-0.390406,0.216894,0.068434,-0.390406,-0.172512,1.490217,-0.169924,1.278122,-1.687338,-0.025656,-0.219145,-0.350633,0.220642,0.000000,-0.350633,-0.158847,0.319619,-0.195742,-0.606093,-0.100473
1777417449.228297,1.527301,-0.118707,1.362360,-1.691906,0.042125,-0.223475,-0.381414,0.216749,0.068816,-0.381414,-0.215684,1.489343,-0.177220,1.266449,-1.692651,-0.026773,-0.218625,-0.349800,0.220258,0.000000,-0.349800,-0.159386,0.254153,-0.210251,-0.592224,-0.090367
1777417449.261672,1.529660,-0.137285,1.324346,-1.705944,0.040441,-0.230767,-0.400297,0.223214,0.071165,-0.400297,-0.220757,1.488432,-0.184497,1.254804,-1.697992,-0.027890,-0.218082,-0.348932,0.219858,0.000000,-0.348932,-0.160222,0.254079,-0.211400,-0.605029,-0.082805
1777417449.295043,1.531054,-0.153984,1.313354,-1.712773,0.039660,-0.242597,-0.399711,0.234544,0.073589,-0.399711,-0.222986,1.487485,-0.191746,1.243206,-1.703354,-0.029004,-0.217519,-0.348030,0.219444,0.000000,-0.348030,-0.160862,0.152668,-0.232178,-0.551260,-0.044838
1777417449.328297,1.531847,-0.163414,1.278886,-1.719448,0.038638,-0.245587,-0.426473,0.237156,0.074585,-0.426473,-0.193042,1.486494,-0.199029,1.231553,-1.708786,-0.030126,-0.216929,-0.347087,0.219011,0.000000,-0.347087,-0.162984,0.072412,-0.246213,-0.549692,-0.041708
1777417449.361672,1.531847,-0.163414,1.278886,-1.719448,0.038638,-0.245587,-0.426473,0.237156,0.074585,-0.426473,-0.193042,1.485475,-0.206225,1.220039,-1.714201,-0.031236,-0.216323,-0.346118,0.218567,0.000000,-0.346118,-0.162429,0.060373,-0.248139,-0.500608,-0.040122
1777417449.395101,1.532595,-0.179140,1.257284,-1.725547,0.037471,-0.255068,-0.436168,0.246244,0.076338,-0.436168,-0.175310,1.484418,-0.213403,1.208555,-1.719650,-0.032346,-0.215696,-0.345114,0.218108,0.000000,-0.345114,-0.163478,0.129549,-0.234734,-0.519658,-0.067687
1777417449.428364,1.533110,-0.189279,1.248567,-1.731255,0.035918,-0.255706,-0.426859,0.246682,0.076311,-0.426859,-0.136807,1.483318,-0.220605,1.197032,-1.725168,-0.033463,-0.215043,-0.344069,0.217631,0.000000,-0.344069,-0.165545,0.056695,-0.247126,-0.495789,-0.066588
1777417449.461702,1.533296,-0.205654,1.216849,-1.736456,0.034582,-0.264400,-0.447404,0.255078,0.077709,-0.447404,-0.133386,1.482186,-0.227748,1.185603,-1.730694,-0.034573,-0.214372,-0.342995,0.217142,0.000000,-0.342995,-0.165777,0.037248,-0.250544,-0.497766,-0.067840
1777417449.495080,1.533408,-0.215015,1.199777,-1.741629,0.032867,-0.263142,-0.446421,0.253724,0.077124,-0.446421,-0.115345,1.481017,-0.234874,1.174201,-1.736261,-0.035683,-0.213679,-0.341886,0.216637,0.000000,-0.341886,-0.167021,-0.036851,-0.262134,-0.452923,-0.070645
1777417449.528336,1.533408,-0.215015,1.199777,-1.741629,0.032867,-0.263142,-0.446421,0.253724,0.077124,-0.446421,-0.115345,1.479805,-0.242010,1.162785,-1.741893,-0.036797,-0.212961,-0.340737,0.216116,0.000000,-0.340737,-0.168957,-0.045238,-0.262815,-0.436678,-0.073796
1777417449.561686,1.532913,-0.230840,1.191292,-1.746659,0.030373,-0.268822,-0.434609,0.259362,0.076937,-0.434609,-0.110686,1.478564,-0.249071,1.151486,-1.747526,-0.037902,-0.212227,-0.339563,0.215585,0.000000,-0.339563,-0.168972,0.027876,-0.249432,-0.455215,-0.100585
1777417449.595187,1.532687,-0.240031,1.159342,-1.751658,0.028822,-0.266267,-0.451064,0.256740,0.076248,-0.451064,-0.104910,1.477278,-0.256155,1.140152,-1.753237,-0.039014,-0.211467,-0.338347,0.215035,0.000000,-0.338347,-0.171352,-0.043372,-0.259526,-0.457420,-0.102340
1777417449.628413,1.532687,-0.240031,1.159342,-1.751658,0.028822,-0.266267,-0.451064,0.256740,0.076248,-0.451064,-0.104910,1.475966,-0.263156,1.128950,-1.758946,-0.040116,-0.210692,-0.337106,0.214477,0.000000,-0.337106,-0.171259,-0.051706,-0.260230,-0.411996,-0.105187
1777417449.661690,1.531577,-0.256697,1.140571,-1.756756,0.025880,-0.269749,-0.446213,0.260313,0.075308,-0.446213,-0.090612,1.474605,-0.270192,1.117693,-1.764749,-0.041227,-0.209889,-0.335822,0.213899,0.000000,-0.335822,-0.174074,0.019390,-0.247758,-0.430326,-0.129682
1777417449.695152,1.531052,-0.264496,1.135814,-1.761962,0.023476,-0.265331,-0.428570,0.256037,0.073462,-0.428570,-0.108332,1.473212,-0.277175,1.106521,-1.770575,-0.042332,-0.209068,-0.334508,0.213310,0.000000,-0.334508,-0.174805,-0.060239,-0.258745,-0.411521,-0.130964
1777417449.728351,1.531052,-0.264496,1.135814,-1.761962,0.023476,-0.265331,-0.428570,0.256037,0.073462,-0.428570,-0.108332,1.471778,-0.284153,1.095355,-1.776470,-0.043440,-0.208223,-0.333156,0.212706,0.000000,-0.333156,-0.176829,-0.057268,-0.257193,-0.421073,-0.131169
1777417449.761660,1.529387,-0.278947,1.109979,-1.767545,0.020269,-0.268264,-0.437228,0.259127,0.072318,-0.437228,-0.113467,1.470319,-0.291047,1.084325,-1.782364,-0.044538,-0.207364,-0.331782,0.212093,0.000000,-0.331782,-0.176843,0.013091,-0.245403,-0.440862,-0.155668
1777417449.795134,1.528580,-0.286230,1.096413,-1.773463,0.017850,-0.265289,-0.434287,0.256267,0.070883,-0.434287,-0.145883,1.468819,-0.297929,1.073313,-1.788325,-0.045638,-0.206482,-0.330372,0.211466,0.000000,-0.330372,-0.178811,-0.049273,-0.252325,-0.408459,-0.152911
1777417449.828306,1.526540,-0.300010,1.090536,-1.779854,0.013750,-0.270792,-0.423919,0.262043,0.069650,-0.423919,-0.174634,1.467277,-0.304806,1.062310,-1.794358,-0.046740,-0.205577,-0.328923,0.210824,0.000000,-0.328923,-0.180987,-0.044554,-0.250253,-0.400131,-0.149858
1777417449.861632,1.525370,-0.308116,1.062574,-1.786968,0.011106,-0.268005,-0.437724,0.259386,0.068332,-0.437724,-0.164469,1.465703,-0.311634,1.051385,-1.800428,-0.047839,-0.204654,-0.327446,0.210171,0.000000,-0.327446,-0.182097,-0.098310,-0.255311,-0.407573,-0.145390
1777417449.895151,1.525370,-0.308116,1.062574,-1.786968,0.011106,-0.268005,-0.437724,0.259386,0.068332,-0.437724,-0.164469,1.464086,-0.318459,1.040466,-1.806578,-0.048940,-0.203706,-0.325930,0.209503,0.000000,-0.325930,-0.184501,-0.098951,-0.253604,-0.370001,-0.137893
1777417449.928355,1.522600,-0.322515,1.046350,-1.794470,0.006368,-0.271252,-0.434685,0.263082,0.066377,-0.434685,-0.159811,1.462428,-0.325266,1.029574,-1.812798,-0.050043,-0.202736,-0.324377,0.208821,0.000000,-0.324377,-0.186614,-0.028964,-0.242110,-0.388520,-0.163796
1777417449.961677,1.521224,-0.329781,1.041916,-1.802095,0.003097,-0.268414,-0.421249,0.260556,0.064546,-0.421249,-0.195379,1.460753,-0.331964,1.018858,-1.819006,-0.051132,-0.201756,-0.322810,0.208135,0.000000,-0.322810,-0.186234,-0.091372,-0.247690,-0.374752,-0.154650
1777417449.995130,1.518067,-0.343881,1.017047,-1.810153,-0.001763,-0.272680,-0.432344,0.265324,0.062934,-0.432344,-0.195087,1.459024,-0.338695,1.008088,-1.825335,-0.052231,-0.200747,-0.321195,0.207431,0.000000,-0.321195,-0.189884,-0.087550,-0.244985,-0.384650,-0.144821
1777417450.028323,1.516355,-0.351088,1.004964,-1.818561,-0.005164,-0.269166,-0.427348,0.262213,0.061003,-0.427348,-0.204898,1.457261,-0.345384,0.997385,-1.831719,-0.053327,-0.199719,-0.319550,0.206716,0.000000,-0.319550,-0.191509,-0.144966,-0.249516,-0.353223,-0.135597
1777417450.061651,1.516355,-0.351088,1.004964,-1.818561,-0.005164,-0.269166,-0.427348,0.262213,0.061003,-0.427348,-0.204898,1.455472,-0.352001,0.986798,-1.838130,-0.054415,-0.198676,-0.317882,0.205993,0.000000,-0.317882,-0.192329,-0.138094,-0.245572,-0.346994,-0.125071
1777417450.095101,1.512730,-0.363733,0.999081,-1.827181,-0.010814,-0.271602,-0.414675,0.265466,0.058413,-0.414675,-0.206505,1.453638,-0.358614,0.976218,-1.844635,-0.055507,-0.197609,-0.316175,0.205257,0.000000,-0.316175,-0.195150,-0.069197,-0.234022,-0.365279,-0.153013
1777417450.128302,1.510527,-0.372718,0.972336,-1.836036,-0.013867,-0.266062,-0.421988,0.260393,0.056363,-0.421988,-0.162601,1.451767,-0.365191,0.965695,-1.851208,-0.056598,-0.196522,-0.314435,0.204510,0.000000,-0.314435,-0.197183,-0.117853,-0.235997,-0.372481,-0.141567
1777417450.161615,1.506567,-0.384673,0.962952,-1.844424,-0.019502,-0.268747,-0.415726,0.264019,0.053846,-0.415726,-0.222332,1.449871,-0.371693,0.955291,-1.857810,-0.057681,-0.195422,-0.312675,0.203757,0.000000,-0.312675,-0.198072,-0.130261,-0.235936,-0.337150,-0.129888
1777417450.195064,1.504579,-0.390291,0.959042,-1.852995,-0.022998,-0.265675,-0.405184,0.261571,0.051893,-0.405184,-0.262543,1.447926,-0.378202,0.944876,-1.864527,-0.058770,-0.194295,-0.310871,0.202989,0.000000,-0.310871,-0.201521,-0.170388,-0.235907,-0.336098,-0.120892
1777417450.228329,1.500292,-0.402136,0.937698,-1.861747,-0.028624,-0.268952,-0.415515,0.265860,0.049732,-0.415515,-0.252181,1.445952,-0.384650,0.934561,-1.871292,-0.059854,-0.193152,-0.309044,0.202213,0.000000,-0.309044,-0.202930,-0.151569,-0.229094,-0.346549,-0.113044
1777417450.261744,1.497884,-0.408549,0.926736,-1.870355,-0.032091,-0.266077,-0.412751,0.263697,0.047857,-0.412751,-0.249341,1.443942,-0.391060,0.924304,-1.878131,-0.060936,-0.191990,-0.307184,0.201429,0.000000,-0.307184,-0.205189,-0.190915,-0.229082,-0.321478,-0.104478
1777417450.295141,1.497884,-0.408549,0.926736,-1.870355,-0.032091,-0.266077,-0.412751,0.263697,0.047857,-0.412751,-0.249341,1.441882,-0.397471,0.914047,-1.885089,-0.062023,-0.190802,-0.305283,0.200630,0.000000,-0.305283,-0.208734,-0.179696,-0.223346,-0.316860,-0.097730
1777417450.328310,1.492920,-0.420422,0.919894,-1.878974,-0.038190,-0.267360,-0.401614,0.266348,0.044706,-0.401614,-0.205689,1.439794,-0.403818,0.903891,-1.892100,-0.063105,-0.189598,-0.303358,0.199825,0.000000,-0.303358,-0.210323,-0.112510,-0.211826,-0.334683,-0.131142
1777417450.361789,1.490426,-0.426426,0.900204,-1.887011,-0.041116,-0.264149,-0.410404,0.263838,0.043065,-0.410404,-0.238677,1.437692,-0.410063,0.893900,-1.899119,-0.064175,-0.188388,-0.301421,0.199019,0.000000,-0.301421,-0.210580,-0.157560,-0.211908,-0.339198,-0.123268
1777417450.395194,1.485271,-0.437789,0.889157,-1.895143,-0.047067,-0.265925,-0.406436,0.267059,0.040135,-0.406436,-0.215148,1.435519,-0.416368,0.883812,-1.906335,-0.065260,-0.187140,-0.299423,0.198192,0.000000,-0.299423,-0.216471,-0.147717,-0.206739,-0.317193,-0.118185
1777417450.428360,1.481912,-0.445452,0.881882,-1.903529,-0.049986,-0.258884,-0.390067,0.261012,0.037314,-0.390067,-0.153845,1.433320,-0.422599,0.873841,-1.913598,-0.066339,-0.185878,-0.297405,0.197361,0.000000,-0.297405,-0.217900,-0.187175,-0.206033,-0.312428,-0.115690
1777417450.461651,1.481912,-0.445452,0.881882,-1.903529,-0.049986,-0.258884,-0.390067,0.261012,0.037314,-0.390067,-0.153845,1.431098,-0.428756,0.863990,-1.920909,-0.067410,-0.184605,-0.295368,0.196527,0.000000,-0.295368,-0.219317,-0.190747,-0.202631,-0.315336,-0.110970
1777417450.495084,1.476973,-0.453711,0.865862,-1.911333,-0.055143,-0.257603,-0.393474,0.261227,0.034061,-0.393474,-0.212331,1.428838,-0.434874,0.854201,-1.928311,-0.068480,-0.183313,-0.293300,0.195686,0.000000,-0.293300,-0.222051,-0.126422,-0.191772,-0.333058,-0.144558
1777417450.528411,1.473682,-0.460572,0.853304,-1.919544,-0.057744,-0.251669,-0.387246,0.256251,0.031732,-0.387246,-0.172242,1.426524,-0.440999,0.844402,-1.935863,-0.069557,-0.181991,-0.291185,0.194830,0.000000,-0.291185,-0.226588,-0.143113,-0.185296,-0.318472,-0.141781
1777417450.561680,1.468177,-0.469833,0.849076,-1.927385,-0.063509,-0.251504,-0.375857,0.257852,0.028281,-0.375857,-0.210720,1.424198,-0.447017,0.834773,-1.943430,-0.070621,-0.180665,-0.289064,0.193977,0.000000,-0.289064,-0.226988,-0.144258,-0.182141,-0.310575,-0.138648
1777417450.595119,1.464977,-0.475297,0.828767,-1.935711,-0.065728,-0.245197,-0.381439,0.252508,0.026103,-0.381439,-0.189812,1.421805,-0.453067,0.825092,-1.951188,-0.071697,-0.179303,-0.286885,0.193107,0.000000,-0.286885,-0.232741,-0.169830,-0.177629,-0.319317,-0.136196
1777417450.628367,1.464977,-0.475297,0.828767,-1.935711,-0.065728,-0.245197,-0.381439,0.252508,0.026103,-0.381439,-0.189812,1.419426,-0.458953,0.815675,-1.958886,-0.072751,-0.177951,-0.284722,0.192248,0.000000,-0.284722,-0.230945,-0.158183,-0.171281,-0.295490,-0.134319
1777417450.661693,1.459045,-0.484064,0.817614,-1.944112,-0.071018,-0.242389,-0.374803,0.251594,0.022274,-0.374803,-0.184102,1.416973,-0.464885,0.806183,-1.966803,-0.073818,-0.176560,-0.282495,0.191370,0.000000,-0.282495,-0.237507,-0.099009,-0.161825,-0.311942,-0.167426
1777417450.695111,1.456053,-0.488663,0.814498,-1.952426,-0.073452,-0.236981,-0.361953,0.247289,0.020092,-0.361953,-0.219692,1.414488,-0.470763,0.796779,-1.974809,-0.074883,-0.175152,-0.280244,0.190488,0.000000,-0.280244,-0.240173,-0.125194,-0.156525,-0.306417,-0.164393
1777417450.728326,1.456053,-0.488663,0.814498,-1.952426,-0.073452,-0.236981,-0.361953,0.247289,0.020092,-0.361953,-0.219692,1.411949,-0.476636,0.787383,-1.982976,-0.075954,-0.173717,-0.277948,0.189596,0.000000,-0.277948,-0.245027,-0.110815,-0.150228,-0.317149,-0.161232
1777417450.761752,1.449352,-0.498219,0.795788,-1.961314,-0.078472,-0.232904,-0.361836,0.245241,0.016095,-0.361836,-0.163242,1.409438,-0.482317,0.778293,-1.991044,-0.076996,-0.172300,-0.275680,0.188721,0.000000,-0.275680,-0.242043,-0.055118,-0.141870,-0.334536,-0.197127
1777417450.795116,1.446464,-0.502052,0.787558,-1.970001,-0.080347,-0.226576,-0.355161,0.239990,0.014038,-0.355161,-0.222997,1.406849,-0.488046,0.769126,-1.999355,-0.078054,-0.170842,-0.273347,0.187828,0.000000,-0.273347,-0.249316,-0.093997,-0.138605,-0.313640,-0.188087
1777417450.828313,1.439917,-0.510711,0.782838,-1.979424,-0.085788,-0.223663,-0.340963,0.239336,0.010148,-0.340963,-0.198978,1.404229,-0.493719,0.760050,-2.007761,-0.079108,-0.169369,-0.270990,0.186933,0.000000,-0.270990,-0.252174,-0.076254,-0.131696,-0.313583,-0.185030
1777417450.861666,1.436695,-0.514626,0.781291,-1.989191,-0.087485,-0.216097,-0.324248,0.233002,0.007860,-0.324248,-0.216108,1.401578,-0.499332,0.751068,-2.016263,-0.080159,-0.167881,-0.268610,0.186037,0.000000,-0.268610,-0.255058,-0.105765,-0.127267,-0.320674,-0.178040
1777417450.895095,1.436695,-0.514626,0.781291,-1.989191,-0.087485,-0.216097,-0.324248,0.233002,0.007860,-0.324248,-0.216108,1.398879,-0.504922,0.742125,-2.024916,-0.081213,-0.166370,-0.266192,0.185134,0.000000,-0.266192,-0.259597,-0.089000,-0.119860,-0.334442,-0.170517
1777417450.928312,1.431111,-0.520552,0.761706,-1.999161,-0.092160,-0.212764,-0.332981,0.231822,0.004546,-0.332981,-0.264291,1.396155,-0.510441,0.733294,-2.033653,-0.082261,-0.164847,-0.263755,0.184232,0.000000,-0.263755,-0.262126,-0.036436,-0.112313,-0.351570,-0.208532
1777417450.961722,1.426903,-0.526118,0.753470,-2.009892,-0.093710,-0.204886,-0.320806,0.225288,0.002281,-0.320806,-0.195200,1.393392,-0.515918,0.724531,-2.042521,-0.083308,-0.163306,-0.261289,0.183327,0.000000,-0.261289,-0.266031,-0.045855,-0.104170,-0.328842,-0.199480
1777417450.995063,1.426903,-0.526118,0.753470,-2.009892,-0.093710,-0.204886,-0.320806,0.225288,0.002281,-0.320806,-0.195200,1.390605,-0.521322,0.715885,-2.051472,-0.084350,-0.161754,-0.258806,0.182426,0.000000,-0.258806,-0.268518,-0.048933,-0.100883,-0.328349,-0.188758
1777417451.028325,1.419977,-0.533583,0.734096,-2.020572,-0.097821,-0.199116,-0.322372,0.221842,-0.001524,-0.322372,-0.188417,1.387769,-0.526701,0.707279,-2.060588,-0.085394,-0.160178,-0.256284,0.181519,0.000000,-0.256284,-0.273496,-0.000118,-0.094118,-0.344295,-0.226698
1777417451.061687,1.419977,-0.533583,0.734096,-2.020572,-0.097821,-0.199116,-0.322372,0.221842,-0.001524,-0.322372,-0.188417,1.384910,-0.532004,0.698794,-2.069787,-0.086432,-0.158593,-0.253748,0.180616,0.000000,-0.253748,-0.275952,-0.027201,-0.088417,-0.321061,-0.216305
1777417451.095070,1.415878,-0.537856,0.722813,-2.031575,-0.098559,-0.189935,-0.313484,0.213950,-0.003827,-0.313484,-0.193165,1.381996,-0.537292,0.690333,-2.079178,-0.087475,-0.156980,-0.251168,0.179707,0.000000,-0.251168,-0.281742,0.019579,-0.082338,-0.336202,-0.253796
1777417451.128352,1.410192,-0.543712,0.720840,-2.042673,-0.103048,-0.186872,-0.300891,0.213291,-0.006842,-0.300891,-0.287509,1.379087,-0.542456,0.682071,-2.088569,-0.088502,-0.155374,-0.248598,0.178812,0.000000,-0.248598,-0.281730,0.021978,-0.076779,-0.328852,-0.242216
1777417451.161673,1.407051,-0.546872,0.703407,-2.054695,-0.104097,-0.180209,-0.306543,0.207948,-0.008306,-0.306543,-0.289825,1.376130,-0.547591,0.673855,-2.098132,-0.089532,-0.153744,-0.245990,0.177913,0.000000,-0.245990,-0.286882,0.007667,-0.071676,-0.339927,-0.229386
1777417451.195077,1.401053,-0.552752,0.695946,-2.067088,-0.109342,-0.178331,-0.302726,0.208882,-0.011235,-0.302726,-0.367061,1.373125,-0.552693,0.665691,-2.107867,-0.090564,-0.152092,-0.243347,0.177013,0.000000,-0.243347,-0.292048,0.020978,-0.065943,-0.319586,-0.215900
1777417451.228314,1.397763,-0.555893,0.692160,-2.080191,-0.111412,-0.173337,-0.294443,0.205660,-0.012739,-0.294443,-0.387053,1.370078,-0.557754,0.657594,-2.117760,-0.091596,-0.150420,-0.240672,0.176114,0.000000,-0.240672,-0.296814,0.005922,-0.060732,-0.318742,-0.202603
1777417451.261655,1.391189,-0.562326,0.674728,-2.093664,-0.116956,-0.171844,-0.302797,0.207288,-0.015517,-0.302797,-0.385107,1.367021,-0.562718,0.649651,-2.127709,-0.092618,-0.148747,-0.237995,0.175225,0.000000,-0.237995,-0.298464,0.018862,-0.054711,-0.325310,-0.187750
1777417451.295046,1.387710,-0.565564,0.666101,-2.107118,-0.119081,-0.167300,-0.300989,0.204657,-0.016875,-0.300989,-0.413598,1.363889,-0.567691,0.641694,-2.137926,-0.093651,-0.147036,-0.235258,0.174328,0.000000,-0.235258,-0.306498,-0.002461,-0.050905,-0.303815,-0.171576
1777417451.328389,1.385198,-0.567968,0.660402,-2.121034,-0.118458,-0.159480,-0.291011,0.197881,-0.017583,-0.291011,-0.310912,1.360773,-0.572530,0.633952,-2.148120,-0.094666,-0.145338,-0.232541,0.173450,0.000000,-0.232541,-0.305813,0.009304,-0.044952,-0.299570,-0.159832
1777417451.361745,1.385198,-0.567968,0.660402,-2.121034,-0.118458,-0.159480,-0.291011,0.197881,-0.017583,-0.291011,-0.310912,1.357577,-0.577380,0.626192,-2.158599,-0.095693,-0.143601,-0.229761,0.172564,0.000000,-0.229761,-0.314396,0.028327,-0.039254,-0.300949,-0.143906
1777417451.395104,1.376450,-0.576257,0.639823,-2.134648,-0.122114,-0.154602,-0.292527,0.195933,-0.020585,-0.292527,-0.210937,1.354383,-0.582120,0.618608,-2.169106,-0.096706,-0.141868,-0.226989,0.171693,0.000000,-0.226989,-0.315203,0.070040,-0.032718,-0.314028,-0.195471
1777417451.428355,1.376450,-0.576257,0.639823,-2.134648,-0.122114,-0.154602,-0.292527,0.195933,-0.020585,-0.292527,-0.210937,1.351129,-0.586838,0.611059,-2.179838,-0.097724,-0.140108,-0.224173,0.170822,0.000000,-0.224173,-0.321945,0.025698,-0.032592,-0.285211,-0.180567
1777417451.461720,1.368930,-0.583108,0.629691,-2.147335,-0.125342,-0.150431,-0.284439,0.194441,-0.023077,-0.284439,-0.230374,1.347865,-0.591465,0.603656,-2.190637,-0.098733,-0.138346,-0.221354,0.169964,0.000000,-0.221354,-0.323982,0.066829,-0.026367,-0.297351,-0.230238
1777417451.495340,1.368930,-0.583108,0.629691,-2.147335,-0.125342,-0.150431,-0.284439,0.194441,-0.023077,-0.284439,-0.230374,1.344567,-0.596034,0.596346,-2.201584,-0.099740,-0.136570,-0.218512,0.169114,0.000000,-0.218512,-0.328403,0.035741,-0.025282,-0.289115,-0.219211
1777417451.528388,1.364242,-0.587338,0.626391,-2.160232,-0.124235,-0.142265,-0.266145,0.187320,-0.024187,-0.266145,-0.208732,1.341208,-0.600580,0.589073,-2.212767,-0.100752,-0.134766,-0.215625,0.168264,0.000000,-0.215625,-0.335492,0.075223,-0.019555,-0.301103,-0.266644
1777417451.561835,1.357613,-0.593449,0.609036,-2.173039,-0.126780,-0.138697,-0.269952,0.186115,-0.025904,-0.269952,-0.255596,1.337837,-0.605036,0.581942,-2.224027,-0.101756,-0.132959,-0.212735,0.167429,0.000000,-0.212735,-0.337797,0.070022,-0.017390,-0.306925,-0.256072
1777417451.595089,1.357613,-0.593449,0.609036,-2.173039,-0.126780,-0.138697,-0.269952,0.186115,-0.025904,-0.269952,-0.255596,1.334419,-0.609450,0.574880,-2.235480,-0.102761,-0.131133,-0.209812,0.166600,0.000000,-0.209812,-0.343598,0.046160,-0.017867,-0.283914,-0.245602
1777417451.628677,1.353541,-0.596989,0.599166,-2.186780,-0.124664,-0.130251,-0.260173,0.178338,-0.026497,-0.260173,-0.220704,1.330963,-0.613808,0.567907,-2.247100,-0.103764,-0.129290,-0.206865,0.165780,0.000000,-0.206865,-0.348600,0.084711,-0.012308,-0.295338,-0.294317
1777417451.661663,1.353541,-0.596989,0.599166,-2.186780,-0.124664,-0.130251,-0.260173,0.178338,-0.026497,-0.260173,-0.220704,1.327534,-0.618031,0.561151,-2.258668,-0.104748,-0.127467,-0.203947,0.164985,0.000000,-0.203947,-0.347033,0.085096,-0.010170,-0.286990,-0.280266
1777417451.695209,1.346718,-0.603179,0.596434,-2.200880,-0.125096,-0.124452,-0.240804,0.174262,-0.027747,-0.240804,-0.210274,1.323979,-0.622304,0.554313,-2.270699,-0.105755,-0.125582,-0.200931,0.164180,0.000000,-0.200931,-0.360945,0.120320,-0.005338,-0.298057,-0.325013
1777417451.728355,1.346718,-0.603179,0.596434,-2.200880,-0.125096,-0.124452,-0.240804,0.174262,-0.027747,-0.240804,-0.210274,1.320453,-0.626441,0.547694,-2.282672,-0.106743,-0.123717,-0.197947,0.163401,0.000000,-0.197947,-0.359190,0.092236,-0.008235,-0.304261,-0.312709
1777417451.761709,1.342962,-0.606462,0.579843,-2.215519,-0.122210,-0.116122,-0.240433,0.166258,-0.027892,-0.240433,-0.226897,1.316906,-0.630503,0.541196,-2.294757,-0.107724,-0.121846,-0.194954,0.162638,0.000000,-0.194954,-0.362540,0.126962,-0.003593,-0.315719,-0.357171
1777417451.795085,1.342962,-0.606462,0.579843,-2.215519,-0.122210,-0.116122,-0.240433,0.166258,-0.027892,-0.240433,-0.226897,1.313272,-0.634562,0.534701,-2.307177,-0.108718,-0.119935,-0.191895,0.161876,0.000000,-0.191895,-0.372599,0.126504,-0.003097,-0.293506,-0.338191
1777417451.828345,1.336365,-0.612472,0.570133,-2.231079,-0.122504,-0.111029,-0.230833,0.162830,-0.028657,-0.230833,-0.235427,1.309642,-0.638516,0.528374,-2.319622,-0.109698,-0.118031,-0.188849,0.161136,0.000000,-0.188849,-0.373346,0.159338,0.001030,-0.304127,-0.386802
1777417451.861707,1.336365,-0.612472,0.570133,-2.231079,-0.122504,-0.111029,-0.230833,0.162830,-0.028657,-0.230833,-0.235427,1.305974,-0.642414,0.522137,-2.332241,-0.110678,-0.116112,-0.185779,0.160410,0.000000,-0.185779,-0.378561,0.129912,-0.004247,-0.295135,-0.363662
1777417451.894967,1.333346,-0.615146,0.568851,-2.247207,-0.121246,-0.105235,-0.217831,0.157964,-0.028673,-0.217831,-0.347303,1.302271,-0.646250,0.516000,-2.345017,-0.111656,-0.114180,-0.182688,0.159700,0.000000,-0.182688,-0.383300,0.161918,-0.000134,-0.305312,-0.410092
1777417451.928322,1.327082,-0.620964,0.553040,-2.264720,-0.124562,-0.103801,-0.224565,0.159461,-0.029370,-0.224565,-0.422079,1.298528,-0.650028,0.509955,-2.357967,-0.112632,-0.112233,-0.179573,0.159004,0.000000,-0.179573,-0.388497,0.165184,-0.000285,-0.313125,-0.386866
1777417451.961673,1.323616,-0.624077,0.544915,-2.283623,-0.123979,-0.098680,-0.220407,0.155732,-0.029258,-0.220407,-0.414545,1.294750,-0.653744,0.504009,-2.371080,-0.113606,-0.110274,-0.176438,0.158325,0.000000,-0.176438,-0.393395,0.137487,-0.007108,-0.291320,-0.360602
1777417451.995101,1.323616,-0.624077,0.544915,-2.283623,-0.123979,-0.098680,-0.220407,0.155732,-0.029258,-0.220407,-0.414545,1.290925,-0.657408,0.498148,-2.384390,-0.114581,-0.108296,-0.173273,0.157661,0.000000,-0.173273,-0.399277,0.138082,-0.007718,-0.284159,-0.331000
1777417452.028316,1.316033,-0.631120,0.540224,-2.303984,-0.126300,-0.096202,-0.208162,0.156008,-0.029464,-0.208162,-0.346512,1.287106,-0.660969,0.492449,-2.397714,-0.115544,-0.106327,-0.170123,0.157022,0.000000,-0.170123,-0.399745,0.169112,-0.002511,-0.293085,-0.384410
1777417452.061697,1.312868,-0.634025,0.524235,-2.324000,-0.125882,-0.091708,-0.215576,0.153002,-0.029104,-0.215576,-0.483459,1.283257,-0.664465,0.486857,-2.411179,-0.116504,-0.104348,-0.166956,0.156402,0.000000,-0.166956,-0.403951,0.128902,-0.013871,-0.292640,-0.347565
1777417452.095135,1.312868,-0.634025,0.524235,-2.324000,-0.125882,-0.091708,-0.215576,0.153002,-0.029104,-0.215576,-0.483459,1.279340,-0.667925,0.481320,-2.424912,-0.117469,-0.102340,-0.163744,0.155796,0.000000,-0.163744,-0.411963,0.131638,-0.014522,-0.268851,-0.316393
1777417452.128337,1.306045,-0.640484,0.514801,-2.344977,-0.129047,-0.090625,-0.213311,0.155017,-0.028909,-0.213311,-0.461977,1.275422,-0.671291,0.475935,-2.438676,-0.118423,-0.100339,-0.160542,0.155216,0.000000,-0.160542,-0.412922,0.162291,-0.008451,-0.276652,-0.374159
1777417452.161849,1.302109,-0.644046,0.511854,-2.366027,-0.128831,-0.086525,-0.203866,0.152567,-0.028416,-0.203866,-0.480874,1.271479,-0.674586,0.470663,-2.452558,-0.119374,-0.098330,-0.157328,0.154657,0.000000,-0.157328,-0.416460,0.128380,-0.020685,-0.265332,-0.338353
1777417452.194978,1.295467,-0.650397,0.497317,-2.386655,-0.133515,-0.087133,-0.212315,0.156948,-0.028030,-0.212315,-0.639468,1.267466,-0.677843,0.465451,-2.466707,-0.120330,-0.096293,-0.154068,0.154115,0.000000,-0.154068,-0.424475,0.123981,-0.023545,-0.266776,-0.305834
1777417452.228328,1.291439,-0.654088,0.489167,-2.408630,-0.134140,-0.083916,-0.211017,0.155838,-0.027384,-0.211017,-0.577391,1.263436,-0.681022,0.460366,-2.480940,-0.121280,-0.094253,-0.150804,0.153598,0.000000,-0.150804,-0.426992,0.094039,-0.036317,-0.244456,-0.279744
1777417452.261675,1.283492,-0.661495,0.484918,-2.430622,-0.138597,-0.084373,-0.203827,0.160078,-0.026512,-0.203827,-0.526576,1.259394,-0.684117,0.455413,-2.495235,-0.122222,-0.092213,-0.147541,0.153106,0.000000,-0.147541,-0.428867,0.090456,-0.039364,-0.234248,-0.248070
1777417452.295087,1.283492,-0.661495,0.484918,-2.430622,-0.138597,-0.084373,-0.203827,0.160078,-0.026512,-0.203827,-0.526576,1.255233,-0.687209,0.450466,-2.509967,-0.123181,-0.090120,-0.144193,0.152628,0.000000,-0.144193,-0.441955,0.051917,-0.056332,-0.231647,-0.218190
1777417452.328322,1.278098,-0.666485,0.468422,-2.452614,-0.138219,-0.081069,-0.209103,0.158230,-0.025296,-0.209103,-0.419914,1.251179,-0.690131,0.445791,-2.524332,-0.124106,-0.088088,-0.140941,0.152190,0.000000,-0.140941,-0.430939,0.085397,-0.046160,-0.237695,-0.290937
1777417452.361655,1.270625,-0.673368,0.460413,-2.473178,-0.141314,-0.081077,-0.206009,0.161151,-0.023949,-0.206009,-0.465350,1.247011,-0.693043,0.441131,-2.539108,-0.125046,-0.086006,-0.137609,0.151768,0.000000,-0.137609,-0.443286,0.068998,-0.055489,-0.209897,-0.254793
1777417452.395169,1.270625,-0.673368,0.460413,-2.473178,-0.141314,-0.081077,-0.206009,0.161151,-0.023949,-0.206009,-0.465350,1.242830,-0.695873,0.436603,-2.553932,-0.125979,-0.083924,-0.134278,0.151374,0.000000,-0.134278,-0.444721,0.036435,-0.072511,-0.198576,-0.236152
1777417452.428333,1.266221,-0.677537,0.456379,-2.493269,-0.140345,-0.077978,-0.197798,0.158956,-0.022592,-0.197798,-0.439105,1.238609,-0.698640,0.432177,-2.568898,-0.126911,-0.081829,-0.130927,0.151005,0.000000,-0.130927,-0.448987,0.069057,-0.061835,-0.203194,-0.304445
1777417452.461682,1.259231,-0.683868,0.442182,-2.512448,-0.143668,-0.078489,-0.204683,0.162347,-0.021081,-0.204683,-0.510097,1.234370,-0.701328,0.427875,-2.583927,-0.127837,-0.079732,-0.127572,0.150664,0.000000,-0.127572,-0.450853,0.061590,-0.069608,-0.199833,-0.283272
1777417452.495116,1.254797,-0.687693,0.433977,-2.532042,-0.141920,-0.075020,-0.200760,0.159310,-0.019740,-0.200760,-0.398947,1.230091,-0.703952,0.423676,-2.599084,-0.128762,-0.077623,-0.124197,0.150350,0.000000,-0.124197,-0.454719,0.033721,-0.086435,-0.175416,-0.266898
1777417452.528342,1.254797,-0.687693,0.433977,-2.532042,-0.141920,-0.075020,-0.200760,0.159310,-0.019740,-0.200760,-0.398947,1.225775,-0.706509,0.419585,-2.614355,-0.129684,-0.075504,-0.120806,0.150063,0.000000,-0.120806,-0.458134,0.030154,-0.091556,-0.162455,-0.250880
1777417452.561761,1.247167,-0.694665,0.430225,-2.551239,-0.144029,-0.075334,-0.191785,0.161587,-0.017591,-0.191785,-0.398451,1.221431,-0.708994,0.415609,-2.629708,-0.130603,-0.073378,-0.117404,0.149805,0.000000,-0.117404,-0.460592,0.061797,-0.080690,-0.165867,-0.320926
1777417452.595094,1.242697,-0.698421,0.415870,-2.570251,-0.142059,-0.072131,-0.195881,0.158503,-0.016145,-0.195881,-0.383574,1.217098,-0.711385,0.411784,-2.644995,-0.131510,-0.071265,-0.114023,0.149578,0.000000,-0.114023,-0.458597,0.028450,-0.103440,-0.161857,-0.303906
1777417452.628322,1.242697,-0.698421,0.415870,-2.570251,-0.142059,-0.072131,-0.195881,0.158503,-0.016145,-0.195881,-0.383574,1.212694,-0.713728,0.408035,-2.660503,-0.132423,-0.069124,-0.110599,0.149378,0.000000,-0.110599,-0.465240,0.024782,-0.109507,-0.135889,-0.287076
1777417452.661739,1.234357,-0.705690,0.407849,-2.589259,-0.143465,-0.072338,-0.190173,0.160086,-0.013691,-0.190173,-0.338759,1.208267,-0.715995,0.404407,-2.676053,-0.133330,-0.066981,-0.107169,0.149209,0.000000,-0.107169,-0.466519,0.055716,-0.098798,-0.138458,-0.356491
1777417452.695106,1.234357,-0.705690,0.407849,-2.589259,-0.143465,-0.072338,-0.190173,0.160086,-0.013691,-0.190173,-0.338759,1.203789,-0.718201,0.400878,-2.691737,-0.134238,-0.064821,-0.103713,0.149069,0.000000,-0.103713,-0.470500,0.019017,-0.124765,-0.124807,-0.338929
1777417452.728382,1.229308,-0.710003,0.405515,-2.608311,-0.140592,-0.069059,-0.177413,0.156176,-0.012002,-0.177413,-0.327145,1.199289,-0.720331,0.397471,-2.707448,-0.135141,-0.062658,-0.100253,0.148960,0.000000,-0.100253,-0.471328,0.049567,-0.114330,-0.127128,-0.404175
1777417452.761663,1.229308,-0.710003,0.405515,-2.608311,-0.140592,-0.069059,-0.177413,0.156176,-0.012002,-0.177413,-0.327145,1.194790,-0.722374,0.394201,-2.723102,-0.136035,-0.060504,-0.096806,0.148883,0.000000,-0.096806,-0.469625,0.039526,-0.126539,-0.124918,-0.384593
1777417452.794990,1.220534,-0.717102,0.392533,-2.628073,-0.139500,-0.067866,-0.174542,0.154846,-0.009416,-0.174542,-0.268532,1.190235,-0.724357,0.391028,-2.738887,-0.136931,-0.058331,-0.093329,0.148837,0.000000,-0.093329,-0.473538,0.068176,-0.117240,-0.127326,-0.444283
1777417452.828311,1.217604,-0.719617,0.388059,-2.647688,-0.136533,-0.064213,-0.168644,0.150657,-0.008187,-0.168644,-0.437023,1.185672,-0.726259,0.387986,-2.754626,-0.137818,-0.056163,-0.089861,0.148823,0.000000,-0.089861,-0.472193,0.030452,-0.144842,-0.103242,-0.421300
1777417452.861671,1.210272,-0.725464,0.386356,-2.668568,-0.139730,-0.064608,-0.161011,0.153821,-0.006145,-0.161011,-0.535360,1.181038,-0.728104,0.385033,-2.770537,-0.138711,-0.053969,-0.086351,0.148840,0.000000,-0.086351,-0.477315,0.037972,-0.148365,-0.095748,-0.398788
1777417452.895076,1.210272,-0.725464,0.386356,-2.668568,-0.139730,-0.064608,-0.161011,0.153821,-0.006145,-0.161011,-0.535360,1.176384,-0.729873,0.382204,-2.786432,-0.139598,-0.051775,-0.082840,0.148890,0.000000,-0.082840,-0.476864,0.014273,-0.169944,-0.093775,-0.375446
1777417452.928316,1.204044,-0.730094,0.373970,-2.713616,-0.136682,-0.057632,-0.158033,0.148274,-0.004293,-0.158033,-0.594014,1.171744,-0.731552,0.379517,-2.802192,-0.140473,-0.049596,-0.079353,0.148971,0.000000,-0.079353,-0.472787,0.044087,-0.159608,-0.095164,-0.437933
1777417452.961667,1.204044,-0.730094,0.373970,-2.713616,-0.136682,-0.057632,-0.158033,0.148274,-0.004293,-0.158033,-0.594014,1.167027,-0.733175,0.376920,-2.818113,-0.141354,-0.047390,-0.075824,0.149086,0.000000,-0.075824,-0.477622,0.030216,-0.175156,-0.071209,-0.308901
1777417452.995117,1.195403,-0.736697,0.369738,-2.737174,-0.141085,-0.058535,-0.153535,0.152737,-0.001702,-0.153535,-0.583505,1.162331,-0.734709,0.374466,-2.833864,-0.142222,-0.045202,-0.072323,0.149232,0.000000,-0.072323,-0.472535,0.059150,-0.164738,-0.071751,-0.379341
1777417453.028332,1.184638,-0.743823,0.358685,-2.783803,-0.145738,-0.055592,-0.153135,0.155978,0.001033,-0.153135,-0.781669,1.157577,-0.736178,0.372115,-2.849694,-0.143091,-0.042996,-0.068794,0.149412,0.000000,-0.068794,-0.474901,0.027397,-0.194246,-0.063671,-0.343044
1777417453.061780,1.184638,-0.743823,0.358685,-2.783803,-0.145738,-0.055592,-0.153135,0.155978,0.001033,-0.153135,-0.781669,1.152782,-0.737578,0.369875,-2.865548,-0.143960,-0.040780,-0.065249,0.149625,0.000000,-0.065249,-0.475629,-0.010753,-0.224722,-0.041340,-0.212466
1777417453.095127,1.174684,-0.750552,0.354708,-2.808222,-0.152149,-0.056877,-0.149447,0.162384,0.003958,-0.149447,-0.671967,1.147979,-0.738898,0.367764,-2.881302,-0.144821,-0.038570,-0.061713,0.149869,0.000000,-0.061713,-0.472630,0.019956,-0.211626,-0.040856,-0.289861
1777417453.128360,1.168833,-0.754035,0.346407,-2.831984,-0.152360,-0.054530,-0.149931,0.161731,0.005515,-0.149931,-0.559725,1.143122,-0.740150,0.365760,-2.897103,-0.145683,-0.036345,-0.058152,0.150148,0.000000,-0.058152,-0.474034,-0.013137,-0.241956,-0.032282,-0.255366
1777417453.161840,1.160010,-0.759157,0.342794,-2.853961,-0.157063,-0.054568,-0.146131,0.166090,0.007770,-0.146131,-0.612425,1.138259,-0.741323,0.363883,-2.912786,-0.146537,-0.034126,-0.054602,0.150458,0.000000,-0.054602,-0.470467,-0.016813,-0.250019,-0.014575,-0.227080
1777417453.195056,1.154837,-0.762045,0.340785,-2.876000,-0.156321,-0.051900,-0.139248,0.164463,0.009049,-0.139248,-0.529831,1.133354,-0.742425,0.362120,-2.928463,-0.147390,-0.031898,-0.051036,0.150802,0.000000,-0.051036,-0.470322,-0.037017,-0.268986,-0.005920,-0.205921
1777417453.228431,1.146727,-0.766296,0.335527,-2.896439,-0.160750,-0.051600,-0.138837,0.168467,0.011042,-0.138837,-0.650859,1.128427,-0.743451,0.360479,-2.944058,-0.148238,-0.029669,-0.047470,0.151178,0.000000,-0.047470,-0.467842,-0.034193,-0.273298,-0.000383,-0.186510
1777417453.261758,1.142384,-0.768521,0.332904,-2.916411,-0.160987,-0.049289,-0.135563,0.167928,0.012099,-0.135563,-0.668797,1.123486,-0.744400,0.358960,-2.959544,-0.149080,-0.027444,-0.043910,0.151585,0.000000,-0.043910,-0.464580,-0.047133,-0.287068,0.011952,-0.173953
1777417453.295193,1.133473,-0.772485,0.331297,-2.935970,-0.165340,-0.048596,-0.129969,0.171780,0.013814,-0.129969,-0.553694,1.118479,-0.745282,0.357550,-2.975074,-0.149925,-0.025199,-0.040318,0.152028,0.000000,-0.040318,-0.465907,-0.038454,-0.287485,0.019255,-0.163215
1777417453.328295,1.128975,-0.774483,0.327391,-2.953924,-0.165306,-0.046415,-0.128383,0.171063,0.014759,-0.128383,-0.585557,1.113461,-0.746085,0.356264,-2.990469,-0.150763,-0.022959,-0.036734,0.152501,0.000000,-0.036734,-0.461838,-0.053133,-0.299961,0.024629,-0.156283
1777417453.361669,1.120336,-0.777741,0.325235,-2.971287,-0.169475,-0.045509,-0.124201,0.174737,0.016128,-0.124201,-0.524760,1.108453,-0.746809,0.355106,-3.005666,-0.151591,-0.020733,-0.033173,0.153002,0.000000,-0.033173,-0.455910,-0.043960,-0.299529,0.034848,-0.154288
1777417453.395123,1.115528,-0.779513,0.324198,-2.987611,-0.169073,-0.043242,-0.118765,0.173704,0.016799,-0.118765,-0.492396,1.103377,-0.747464,0.354058,-3.020888,-0.152422,-0.018488,-0.029581,0.153539,0.000000,-0.029581,-0.456683,-0.055592,-0.308059,0.041770,-0.153234
1777417453.428316,1.106817,-0.782151,0.321563,-3.003136,-0.172750,-0.042009,-0.115207,0.176895,0.017765,-0.115207,-0.448456,1.098279,-0.748043,0.353131,-3.035994,-0.153248,-0.016243,-0.025989,0.154106,0.000000,-0.025989,-0.453161,-0.047003,-0.307000,0.046572,-0.158785
1777417453.461674,1.101612,-0.783668,0.320098,-3.018074,-0.171206,-0.039542,-0.109300,0.174773,0.018147,-0.109300,-0.373294,1.093169,-0.748546,0.352326,-3.050949,-0.154068,-0.014004,-0.022406,0.154703,0.000000,-0.022406,-0.448668,-0.057240,-0.312306,0.054758,-0.165318
1777417453.495071,1.093179,-0.785554,0.319655,-3.032020,-0.174141,-0.037791,-0.103178,0.177229,0.018521,-0.103178,-0.389760,1.088013,-0.748976,0.351639,-3.065849,-0.154887,-0.011754,-0.018807,0.155332,0.000000,-0.018807,-0.446975,-0.049721,-0.310585,0.060770,-0.172723
1777417453.528348,1.088514,-0.786552,0.318588,-3.045702,-0.172310,-0.035219,-0.097697,0.174891,0.018559,-0.097697,-0.363654,1.082826,-0.749331,0.351071,-3.080639,-0.155702,-0.009502,-0.015204,0.155992,0.000000,-0.015204,-0.443713,-0.057193,-0.311745,0.064853,-0.184409
1777417453.561742,1.088514,-0.786552,0.318588,-3.045702,-0.172310,-0.035219,-0.097697,0.174891,0.018559,-0.097697,-0.363654,1.077628,-0.749610,0.350624,-3.095263,-0.156512,-0.007256,-0.011610,0.156680,0.000000,-0.011610,-0.438723,-0.046331,-0.307821,0.070320,-0.195254
1777417453.595068,1.080119,-0.787760,0.318233,-3.059200,-0.173725,-0.032773,-0.090731,0.175833,0.018364,-0.090731,-0.316378,1.072386,-0.749815,0.350297,-3.109805,-0.157320,-0.005002,-0.008004,0.157399,0.000000,-0.008004,-0.436271,-0.015107,-0.298598,0.073851,-0.264776
1777417453.628373,1.075786,-0.788305,0.318122,-3.072135,-0.171858,-0.030061,-0.084892,0.173530,0.018061,-0.084892,-0.364232,1.067121,-0.749944,0.350090,-3.124206,-0.158123,-0.002750,-0.004399,0.158147,0.000000,-0.004399,-0.432005,-0.023728,-0.298224,0.078202,-0.270138
1777417453.661638,1.066763,-0.788829,0.318385,-3.085738,-0.173352,-0.026950,-0.077266,0.174587,0.017231,-0.077266,-0.299915,1.061879,-0.749998,0.350003,-3.138336,-0.158915,-0.000518,-0.000828,0.158916,0.000000,-0.000828,-0.423904,-0.012948,-0.294350,0.082205,-0.276380
1777417453.694987,1.063005,-0.788929,0.318874,-3.099294,-0.170947,-0.023873,-0.071283,0.171804,0.016623,-0.071283,-0.389903,1.056572,-0.749978,0.350036,-3.152430,-0.159709,0.001731,0.002769,0.159719,0.000000,0.002769,-0.422830,-0.023676,-0.290070,0.085544,-0.276758
1777417453.728330,1.054568,-0.788677,0.319083,-3.114036,-0.172389,-0.020071,-0.064819,0.172876,0.015314,-0.064819,-0.350455,1.051180,-0.749881,0.350190,-3.166533,-0.160508,0.004004,0.006406,0.160558,0.000000,0.006406,-0.423089,-0.009543,-0.284437,0.088587,-0.279373
1777417453.761842,1.050812,-0.788434,0.320846,-3.128830,-0.169992,-0.016630,-0.057759,0.170191,0.014459,-0.057759,-0.429235,1.045843,-0.749711,0.350462,-3.180275,-0.161290,0.006242,0.009988,0.161411,0.000000,0.009988,-0.412266,-0.016516,-0.276200,0.092382,-0.277000
1777417453.795109,1.050812,-0.788434,0.320846,-3.128830,-0.169992,-0.016630,-0.057759,0.170191,0.014459,-0.057759,-0.429235,1.040447,-0.749465,0.350855,-3.193952,-0.162074,0.008494,0.013590,0.162296,0.000000,0.013590,-0.410308,-0.002222,-0.269663,0.093122,-0.269448
1777417453.828328,1.043543,-0.787469,0.322249,-3.144520,-0.171003,-0.012257,-0.051046,0.170967,0.012757,-0.051046,-0.419440,1.035027,-0.749144,0.351369,-3.207468,-0.162853,0.010744,0.017190,0.163207,0.000000,0.017190,-0.405485,0.027778,-0.267114,0.097661,-0.329928
1777417453.861651,1.038137,-0.786929,0.322476,-3.160940,-0.167407,-0.008393,-0.044432,0.167213,0.011631,-0.044432,-0.331621,1.029593,-0.748749,0.352001,-3.220800,-0.163626,0.012988,0.020780,0.164140,0.000000,0.020780,-0.399954,0.023866,-0.256455,0.099555,-0.316207
1777417453.895177,1.030222,-0.785287,0.325335,-3.177121,-0.168182,-0.003449,-0.035892,0.167954,0.009421,-0.035892,-0.386887,1.024129,-0.748279,0.352753,-3.233982,-0.164395,0.015232,0.024371,0.165100,0.000000,0.024371,-0.395444,0.029137,-0.250816,0.103972,-0.299104
1777417453.928427,1.030222,-0.785287,0.325335,-3.177121,-0.168182,-0.003449,-0.035892,0.167954,0.009421,-0.035892,-0.386887,1.018598,-0.747730,0.353632,-3.247100,-0.165167,0.017491,0.027986,0.166090,0.000000,0.027986,-0.393536,0.022925,-0.236651,0.103227,-0.283786
1777417453.961684,1.025815,-0.784091,0.327351,-3.194090,-0.165128,0.000783,-0.028879,0.164942,0.007882,-0.028879,-0.417453,1.013126,-0.747115,0.354616,-3.259859,-0.165922,0.019715,0.031544,0.167090,0.000000,0.031544,-0.382780,0.052867,-0.237874,0.108514,-0.340833
1777417453.995069,1.018709,-0.782138,0.327894,-3.211388,-0.165917,0.005809,-0.024329,0.165918,0.005776,-0.024329,-0.471588,1.007569,-0.746419,0.355730,-3.272590,-0.166682,0.021961,0.035137,0.168122,0.000000,0.035137,-0.381938,0.061120,-0.229287,0.109879,-0.315921
1777417454.028313,1.015077,-0.781002,0.331347,-3.229080,-0.163150,0.009767,-0.016586,0.163379,0.004526,-0.016586,-0.514758,1.001981,-0.745647,0.356965,-3.285167,-0.167438,0.024206,0.038730,0.169179,0.000000,0.038730,-0.377301,0.057027,-0.215822,0.114477,-0.294197
1777417454.061629,1.007884,-0.778427,0.333216,-3.247437,-0.164583,0.015397,-0.011178,0.165289,0.002077,-0.011178,-0.553996,0.996430,-0.744809,0.358305,-3.297441,-0.168182,0.026425,0.042280,0.170245,0.000000,0.042280,-0.368230,0.069699,-0.209695,0.113382,-0.270219
1777417454.095051,1.003928,-0.776929,0.334263,-3.266237,-0.162231,0.019558,-0.006929,0.163403,0.000762,-0.006929,-0.563488,0.990788,-0.743887,0.359780,-3.309690,-0.168930,0.028667,0.045868,0.171345,0.000000,0.045868,-0.367472,0.064432,-0.192912,0.115548,-0.242013
1777417454.128325,0.995742,-0.773595,0.338791,-3.285518,-0.163120,0.025722,0.002043,0.165123,-0.002059,0.002043,-0.473182,0.985151,-0.742896,0.361367,-3.321707,-0.169670,0.030895,0.049432,0.172460,0.000000,0.049432,-0.360508,0.075657,-0.185577,0.119689,-0.215977
1777417454.161770,0.992058,-0.771874,0.341069,-3.303865,-0.160391,0.029703,0.007330,0.163082,-0.003400,0.007330,-0.555318,0.979507,-0.741834,0.363066,-3.333519,-0.170404,0.033112,0.052980,0.173591,0.000000,0.052980,-0.354343,0.065372,-0.165242,0.116919,-0.186161
1777417454.195008,0.984822,-0.768364,0.342293,-3.322081,-0.161759,0.035665,0.011085,0.165534,-0.006049,0.011085,-0.565666,0.973767,-0.740683,0.364907,-3.345308,-0.171142,0.035355,0.056568,0.174756,0.000000,0.056568,-0.353688,0.077966,-0.157664,0.118782,-0.161446
1777417454.228396,0.980793,-0.766335,0.347185,-3.339811,-0.159330,0.039608,0.019266,0.164010,-0.007457,0.019266,-0.540903,0.968064,-0.739470,0.366847,-3.356802,-0.171869,0.037570,0.060111,0.175927,0.000000,0.060111,-0.344825,0.071923,-0.137941,0.123132,-0.140212
1777417454.261666,0.973203,-0.762316,0.349888,-3.356793,-0.160659,0.045554,0.024563,0.166681,-0.010195,0.024563,-0.499107,0.962357,-0.738189,0.368898,-3.368090,-0.172589,0.039773,0.063637,0.177112,0.000000,0.063637,-0.338618,0.082709,-0.129901,0.120185,-0.118224
1777417454.295078,0.969338,-0.760132,0.351301,-3.372587,-0.158471,0.049072,0.027901,0.165497,-0.011487,0.027901,-0.517510,0.956569,-0.736821,0.371087,-3.379318,-0.173311,0.041994,0.067191,0.178326,0.000000,0.067191,-0.336840,0.073582,-0.108448,0.121752,-0.100505
1777417454.328321,0.961768,-0.755800,0.356729,-3.387704,-0.159928,0.054825,0.036206,0.168466,-0.014209,0.036206,-0.458101,0.950802,-0.735390,0.373377,-3.390291,-0.174024,0.044194,0.070711,0.179548,0.000000,0.070711,-0.329200,0.085337,-0.101100,0.126290,-0.090000
1777417454.361780,0.957515,-0.753284,0.359725,-3.401703,-0.157513,0.057959,0.041269,0.167121,-0.015499,0.041269,-0.412005,0.944988,-0.733879,0.375793,-3.401142,-0.174735,0.046399,0.074238,0.180790,0.000000,0.074238,-0.325538,0.075543,-0.079610,0.122846,-0.079774
1777417454.395119,0.948938,-0.748154,0.361571,-3.414926,-0.158181,0.063257,0.045070,0.169385,-0.018209,0.045070,-0.301918,0.939130,-0.732290,0.378336,-3.411861,-0.175444,0.048606,0.077770,0.182052,0.000000,0.077770,-0.321555,0.085076,-0.071869,0.124474,-0.075486
1777417454.428454,0.945132,-0.745685,0.367545,-3.426540,-0.155012,0.065537,0.053493,0.167184,-0.019319,0.053493,-0.323784,0.933265,-0.730632,0.380989,-3.422382,-0.176147,0.050802,0.081284,0.183326,0.000000,0.081284,-0.315644,0.069480,-0.047516,0.128745,-0.073725
1777417454.461732,0.945132,-0.745685,0.367545,-3.426540,-0.155012,0.065537,0.053493,0.167184,-0.019319,0.053493,-0.323784,0.927392,-0.728905,0.383752,-3.432712,-0.176843,0.052988,0.084780,0.184611,0.000000,0.084780,-0.309880,0.081977,-0.042031,0.124838,-0.077340
1777417454.495106,0.937407,-0.740657,0.371610,-3.437645,-0.154895,0.069997,0.059388,0.168578,-0.021761,0.059388,-0.252875,0.921483,-0.727101,0.386638,-3.442900,-0.177537,0.055173,0.088277,0.185912,0.000000,0.088277,-0.305651,0.116021,-0.053886,0.133253,-0.131941
1777417454.528305,0.933653,-0.738210,0.372740,-3.447386,-0.152254,0.071797,0.061303,0.166805,-0.022630,0.061303,-0.287823,0.915536,-0.725220,0.389648,-3.452948,-0.178228,0.057358,0.091772,0.187230,0.000000,0.091772,-0.301439,0.102581,-0.031956,0.133829,-0.132443
1777417454.561768,0.926014,-0.733272,0.378759,-3.456873,-0.153534,0.076197,0.069215,0.169593,-0.024833,0.069215,-0.261321,0.909620,-0.723284,0.392746,-3.462746,-0.178908,0.059517,0.095228,0.188548,0.000000,0.095228,-0.293954,0.114075,-0.028593,0.140657,-0.138135
1777417454.595061,0.921559,-0.730348,0.382133,-3.466310,-0.150294,0.077667,0.073569,0.167219,-0.025658,0.073569,-0.227205,0.903630,-0.721259,0.395986,-3.472468,-0.179590,0.061690,0.098703,0.189890,0.000000,0.098703,-0.291643,0.101406,-0.009674,0.137752,-0.142136
1777417454.628323,0.914101,-0.725420,0.383640,-3.475378,-0.151722,0.081850,0.075478,0.170164,-0.027625,0.075478,-0.260394,0.897620,-0.719162,0.399341,-3.482025,-0.180266,0.063855,0.102167,0.191242,0.000000,0.102167,-0.286724,0.109326,-0.005052,0.140404,-0.147077
1777417454.661657,0.910082,-0.722713,0.390115,-3.484607,-0.149129,0.083326,0.083350,0.168467,-0.028316,0.083350,-0.261924,0.891621,-0.717005,0.402791,-3.491372,-0.180935,0.066001,0.105602,0.192597,0.000000,0.105602,-0.280397,0.098384,0.011643,0.147166,-0.151555
1777417454.695114,0.901601,-0.717174,0.393847,-3.494086,-0.150259,0.087356,0.087522,0.171179,-0.030110,0.087522,-0.221561,0.885532,-0.714752,0.406397,-3.500667,-0.181607,0.068165,0.109065,0.193978,0.000000,0.109065,-0.278866,0.109240,0.013433,0.144053,-0.153392
1777417454.728408,0.901601,-0.717174,0.393847,-3.494086,-0.150259,0.087356,0.087522,0.171179,-0.030110,0.087522,-0.221561,0.879454,-0.712439,0.410098,-3.509756,-0.182270,0.070311,0.112497,0.195361,0.000000,0.112497,-0.272651,0.092698,0.031696,0.146723,-0.155012
1777417454.761662,0.896444,-0.713664,0.396001,-3.503567,-0.147007,0.088537,0.089418,0.168834,-0.030741,0.089418,-0.205127,0.873424,-0.710082,0.413869,-3.518590,-0.182921,0.072425,0.115880,0.196737,0.000000,0.115880,-0.265034,0.129442,0.014952,0.157286,-0.196753
1777417454.795131,0.889103,-0.708923,0.402727,-3.512889,-0.147837,0.091856,0.097033,0.171090,-0.031958,0.097033,-0.248842,0.867323,-0.707635,0.417784,-3.527345,-0.183573,0.074549,0.119278,0.198133,0.000000,0.119278,-0.262660,0.131690,0.020777,0.163851,-0.191354
1777417454.828299,0.884817,-0.706098,0.406502,-3.522753,-0.144120,0.092307,0.100486,0.168115,-0.032070,0.100486,-0.225366,0.861153,-0.705098,0.421843,-3.536019,-0.184226,0.076682,0.122691,0.199547,0.000000,0.122691,-0.260209,0.121271,0.032629,0.161441,-0.188212
1777417454.861688,0.884817,-0.706098,0.406502,-3.522753,-0.144120,0.092307,0.100486,0.168115,-0.032070,0.100486,-0.225366,0.855022,-0.702516,0.425975,-3.544460,-0.184867,0.078786,0.126058,0.200955,0.000000,0.126058,-0.253224,0.131245,0.032377,0.165199,-0.182283
1777417454.895134,0.876570,-0.700829,0.408664,-3.533047,-0.144002,0.095035,0.101650,0.169369,-0.032905,0.101650,-0.208496,0.848861,-0.699859,0.430225,-3.552769,-0.185505,0.080886,0.129417,0.202372,0.000000,0.129417,-0.249262,0.167328,0.015490,0.176870,-0.218652
1777417454.928320,0.872027,-0.697895,0.416521,-3.543553,-0.139730,0.094949,0.109605,0.165739,-0.032716,0.109605,-0.214540,0.842661,-0.697126,0.434599,-3.560958,-0.186140,0.082983,0.132773,0.203799,0.000000,0.132773,-0.245676,0.150092,0.029366,0.184670,-0.206651
1777417454.961704,0.863511,-0.692634,0.420126,-3.554295,-0.140547,0.097836,0.112164,0.167987,-0.033251,0.112164,-0.233626,0.836423,-0.694314,0.439097,-3.569026,-0.186772,0.085078,0.136125,0.205236,0.000000,0.136125,-0.242042,0.157913,0.029104,0.181145,-0.193922
1777417454.995116,0.863511,-0.692634,0.420126,-3.554295,-0.140547,0.097836,0.112164,0.167987,-0.033251,0.112164,-0.233626,0.830199,-0.691449,0.443681,-3.576910,-0.187395,0.087152,0.139444,0.206670,0.000000,0.139444,-0.236524,0.141226,0.040646,0.186320,-0.180251
1777417455.028303,0.859257,-0.690013,0.421583,-3.565243,-0.137954,0.098452,0.112262,0.166231,-0.033037,0.112262,-0.291685,0.823966,-0.688521,0.448367,-3.584643,-0.188013,0.089215,0.142743,0.208106,0.000000,0.142743,-0.231980,0.178887,0.023176,0.199113,-0.214375
1777417455.061668,0.850754,-0.684836,0.429869,-3.576847,-0.138943,0.101283,0.120427,0.168694,-0.033256,0.120427,-0.261052,0.817684,-0.685511,0.453183,-3.592274,-0.188629,0.091277,0.146043,0.209553,0.000000,0.146043,-0.228944,0.188060,0.020654,0.209448,-0.196717
1777417455.095086,0.846265,-0.682061,0.434126,-3.588477,-0.135048,0.100938,0.123021,0.165407,-0.032664,0.123021,-0.246867,0.811382,-0.682432,0.458109,-3.599771,-0.189241,0.093330,0.149328,0.211004,0.000000,0.149328,-0.224915,0.170587,0.030890,0.206212,-0.177159
1777417455.128313,0.844474,-0.680949,0.435850,-3.600089,-0.129378,0.099315,0.122701,0.159972,-0.031795,0.122701,-0.285622,0.805042,-0.679275,0.463159,-3.607158,-0.189849,0.095380,0.152608,0.212462,0.000000,0.152608,-0.221590,0.180109,0.028390,0.211145,-0.157651
1777417455.161699,0.844474,-0.680949,0.435850,-3.600089,-0.129378,0.099315,0.122701,0.159972,-0.031795,0.122701,-0.285622,0.798737,-0.676079,0.468273,-3.614350,-0.190447,0.097402,0.155844,0.213910,0.000000,0.155844,-0.215780,0.207251,0.017876,0.221563,-0.139031
1777417455.195125,0.835335,-0.675701,0.443762,-3.611831,-0.131985,0.102525,0.130221,0.164114,-0.031595,0.130221,-0.295912,0.792404,-0.672812,0.473501,-3.621425,-0.191042,0.099418,0.159068,0.215362,0.000000,0.159068,-0.212245,0.243993,0.002277,0.235812,-0.172202
1777417455.228328,0.825719,-0.670115,0.448569,-3.623363,-0.135499,0.106236,0.133688,0.169300,-0.031361,0.133688,-0.302774,0.785988,-0.669444,0.478889,-3.628443,-0.191637,0.101443,0.162308,0.216830,0.000000,0.162308,-0.210528,0.221841,0.011357,0.234366,-0.150454
1777417455.261674,0.820529,-0.667090,0.450984,-3.634687,-0.134041,0.106867,0.133970,0.168659,-0.030687,0.133970,-0.299253,0.779607,-0.666038,0.484339,-3.635278,-0.192222,0.103441,0.165505,0.218288,0.000000,0.165505,-0.205047,0.198383,0.020900,0.239334,-0.131217
1777417455.295066,0.811330,-0.661905,0.460453,-3.645817,-0.137687,0.110402,0.143352,0.173890,-0.030142,0.143352,-0.332790,0.773171,-0.662547,0.489925,-3.642027,-0.192806,0.105439,0.168703,0.219754,0.000000,0.168703,-0.202481,0.204507,0.018633,0.249294,-0.111944
1777417455.328306,0.806279,-0.659015,0.465463,-3.656896,-0.136605,0.111132,0.146763,0.173632,-0.029382,0.146763,-0.326133,0.766730,-0.658997,0.495606,-3.648642,-0.193384,0.107423,0.171877,0.221218,0.000000,0.171877,-0.198434,0.185843,0.024549,0.245209,-0.095121
1777417455.361685,0.796681,-0.653616,0.468059,-3.667591,-0.140788,0.114796,0.147224,0.179392,-0.028592,0.147224,-0.319276,0.760298,-0.655396,0.501366,-3.655109,-0.193955,0.109388,0.175020,0.222675,0.000000,0.175020,-0.194031,0.194703,0.020912,0.250072,-0.078305
1777417455.395106,0.791473,-0.650670,0.478538,-3.677776,-0.140032,0.115453,0.157302,0.179361,-0.027714,0.157302,-0.312287,0.753800,-0.651704,0.507274,-3.661507,-0.194525,0.111355,0.178168,0.224142,0.000000,0.178168,-0.191929,0.174311,0.026670,0.260043,-0.063266
1777417455.428329,0.791473,-0.650670,0.478538,-3.677776,-0.140032,0.115453,0.157302,0.179361,-0.027714,0.157302,-0.312287,0.747284,-0.647946,0.513286,-3.667788,-0.195090,0.113312,0.181298,0.225609,0.000000,0.181298,-0.188444,0.183764,0.022572,0.254322,-0.051617
1777417455.461680,0.779556,-0.643914,0.486841,-3.687919,-0.143389,0.117801,0.162184,0.183721,-0.026156,0.162184,-0.187178,0.740782,-0.644143,0.519371,-3.673924,-0.195647,0.115246,0.184394,0.227067,0.000000,0.184394,-0.184085,0.225996,0.007399,0.269867,-0.085388
1777417455.495121,0.774043,-0.640770,0.489115,-3.696651,-0.140981,0.116710,0.160156,0.181321,-0.024892,0.160156,-0.188267,0.734249,-0.640268,0.525572,-3.679963,-0.196200,0.117174,0.187478,0.228526,0.000000,0.187478,-0.181145,0.189624,0.017483,0.268956,-0.070024
1777417455.528311,0.763193,-0.634775,0.501311,-3.704759,-0.144454,0.118642,0.170330,0.185485,-0.023201,0.170330,-0.172594,0.727711,-0.636337,0.531861,-3.685879,-0.196747,0.119085,0.190537,0.229980,0.000000,0.190537,-0.177481,0.197274,0.013759,0.280434,-0.061656
1777417455.561688,0.763193,-0.634775,0.501311,-3.704759,-0.144454,0.118642,0.170330,0.185485,-0.023201,0.170330,-0.172594,0.721150,-0.632340,0.538257,-3.691692,-0.197290,0.120986,0.193578,0.231433,0.000000,0.193578,-0.174388,0.171147,0.018824,0.271972,-0.055489
1777417455.595112,0.757031,-0.631547,0.507901,-3.712310,-0.142883,0.117463,0.173125,0.183696,-0.021656,0.173125,-0.165302,0.714568,-0.628277,0.544757,-3.697402,-0.197828,0.122876,0.196602,0.232883,0.000000,0.196602,-0.171306,0.215939,0.003476,0.288176,-0.085749
1777417455.628294,0.746710,-0.625782,0.510152,-3.719361,-0.146262,0.119228,0.170656,0.187638,-0.019993,0.170656,-0.155576,0.707925,-0.624125,0.551401,-3.703045,-0.198365,0.124766,0.199626,0.234340,0.000000,0.199626,-0.169285,0.220274,-0.001447,0.291554,-0.079344
1777417455.661676,0.746710,-0.625782,0.510152,-3.719361,-0.146262,0.119228,0.170656,0.187638,-0.019993,0.170656,-0.155576,0.701339,-0.619957,0.558069,-3.708522,-0.198891,0.126623,0.202596,0.235777,0.000000,0.202596,-0.164324,0.197312,0.002289,0.304074,-0.075340
1777417455.695086,0.740529,-0.622513,0.521820,-3.726003,-0.144560,0.117728,0.179584,0.185520,-0.018434,0.179584,-0.142316,0.694698,-0.615704,0.564874,-3.713930,-0.199414,0.128477,0.205563,0.237218,0.000000,0.205563,-0.162224,0.241669,-0.012645,0.321428,-0.101571
1777417455.728420,0.730868,-0.617202,0.527951,-3.732258,-0.148518,0.119831,0.182543,0.190090,-0.016816,0.182543,-0.168045,0.688039,-0.611388,0.571779,-3.719239,-0.199933,0.130318,0.208509,0.238655,0.000000,0.208509,-0.159272,0.245547,-0.017615,0.315620,-0.096576
1777417455.761691,0.725380,-0.614154,0.531297,-3.738582,-0.147046,0.118772,0.181273,0.188380,-0.015565,0.181273,-0.153064,0.681383,-0.607025,0.578761,-3.724435,-0.200445,0.132141,0.211426,0.240083,0.000000,0.211426,-0.155897,0.226632,-0.016140,0.320823,-0.092750
1777417455.795074,0.714516,-0.608181,0.545062,-3.744841,-0.151967,0.121368,0.193378,0.193999,-0.013733,0.193378,-0.163705,0.674684,-0.602584,0.585866,-3.729555,-0.200954,0.133958,0.214333,0.241511,0.000000,0.214333,-0.153602,0.236008,-0.021563,0.331855,-0.088010
1777417455.828322,0.708316,-0.604713,0.552536,-3.751241,-0.150587,0.120290,0.196280,0.192334,-0.012396,0.196280,-0.144302,0.667946,-0.598067,0.593092,-3.734597,-0.201460,0.135767,0.217228,0.242938,0.000000,0.217228,-0.151261,0.210897,-0.019144,0.321997,-0.083680
1777417455.861647,0.708316,-0.604713,0.552536,-3.751241,-0.150587,0.120290,0.196280,0.192334,-0.012396,0.196280,-0.144302,0.661260,-0.593537,0.600340,-3.739496,-0.201956,0.137545,0.220072,0.244346,0.000000,0.220072,-0.146967,0.217859,-0.024028,0.324656,-0.078399
1777417455.895123,0.696779,-0.598377,0.556493,-3.757509,-0.154994,0.122287,0.194523,0.197159,-0.010275,0.194523,-0.134869,0.654499,-0.588909,0.607746,-3.744346,-0.202451,0.139324,0.222918,0.245759,0.000000,0.222918,-0.145479,0.264157,-0.038549,0.342500,-0.100961
1777417455.928315,0.691195,-0.595232,0.570711,-3.763485,-0.154113,0.121726,0.206703,0.196174,-0.009154,0.206703,-0.163920,0.647748,-0.584239,0.615218,-3.749087,-0.202939,0.141082,0.225731,0.247161,0.000000,0.225731,-0.142242,0.234278,-0.035863,0.353117,-0.094342
1777417455.961784,0.678842,-0.588117,0.578818,-3.769653,-0.159559,0.124731,0.209831,0.202399,-0.007175,0.209831,-0.138698,0.640958,-0.579495,0.622808,-3.753755,-0.203423,0.142832,0.228531,0.248560,0.000000,0.228531,-0.140047,0.244598,-0.041639,0.343041,-0.088288
1777417455.995142,0.678842,-0.588117,0.578818,-3.769653,-0.159559,0.124731,0.209831,0.202399,-0.007175,0.209831,-0.138698,0.634150,-0.574691,0.630494,-3.758338,-0.203903,0.144568,0.231309,0.249953,0.000000,0.231309,-0.137474,0.209728,-0.036503,0.345078,-0.081572
1777417456.028312,0.671297,-0.583928,0.583011,-3.775776,-0.159230,0.124156,0.207661,0.201833,-0.005667,0.207661,-0.134514,0.627371,-0.569862,0.638221,-3.762805,-0.204374,0.146279,0.234046,0.251329,0.000000,0.234046,-0.134008,0.258634,-0.051431,0.363723,-0.102532
1777417456.061645,0.658600,-0.576368,0.600705,-3.781931,-0.163040,0.126156,0.220797,0.206115,-0.003752,0.220797,-0.114094,0.620569,-0.564971,0.646047,-3.767192,-0.204841,0.147976,0.236762,0.252699,0.000000,0.236762,-0.131637,0.255920,-0.055060,0.374427,-0.093627
1777417456.095072,0.653299,-0.573330,0.607827,-3.787799,-0.160723,0.124602,0.222131,0.203348,-0.002698,0.222131,-0.138438,0.613736,-0.560012,0.653981,-3.771508,-0.205304,0.149663,0.239461,0.254064,0.000000,0.239461,-0.129466,0.217735,-0.048499,0.357953,-0.084936
1777417456.128277,0.642414,-0.566902,0.610545,-3.793633,-0.166369,0.128262,0.219829,0.210069,-0.000995,0.219829,-0.175747,0.606871,-0.554985,0.662024,-3.775752,-0.205762,0.151339,0.242142,0.255424,0.000000,0.242142,-0.127313,0.233094,-0.055490,0.362427,-0.077673
1777417456.161632,0.636592,-0.563440,0.626552,-3.799557,-0.166016,0.128383,0.233760,0.209866,-0.000061,0.233760,-0.180357,0.600037,-0.549937,0.670101,-3.779888,-0.206213,0.152988,0.244782,0.256767,0.000000,0.244782,-0.124076,0.209755,-0.053431,0.376150,-0.070597
1777417456.195037,0.624763,-0.556181,0.634991,-3.805384,-0.172542,0.132909,0.238146,0.217791,0.001617,0.238146,-0.177163,0.593140,-0.544798,0.678324,-3.783974,-0.206661,0.154634,0.247415,0.258110,0.000000,0.247415,-0.122581,0.221817,-0.059058,0.363105,-0.062622
1777417456.228296,0.617907,-0.551940,0.639701,-3.811096,-0.172877,0.133452,0.237011,0.218378,0.002644,0.237011,-0.159288,0.586232,-0.539607,0.686629,-3.787979,-0.207104,0.156264,0.250022,0.259443,0.000000,0.250022,-0.120165,0.191743,-0.054600,0.365139,-0.055786
1777417456.261638,0.617907,-0.551940,0.639701,-3.811096,-0.172877,0.133452,0.237011,0.218378,0.002644,0.237011,-0.159288,0.579332,-0.534379,0.694993,-3.791895,-0.207541,0.157872,0.252596,0.260762,0.000000,0.252596,-0.117481,0.197834,-0.058379,0.374948,-0.049087
1777417456.295479,0.605197,-0.544006,0.656862,-3.816592,-0.178853,0.137497,0.250695,0.225553,0.004419,0.250695,-0.138132,0.572398,-0.529084,0.703466,-3.795747,-0.207973,0.159469,0.255151,0.262075,0.000000,0.255151,-0.115541,0.250641,-0.073073,0.394659,-0.067933
1777417456.328413,0.598680,-0.539853,0.666158,-3.821644,-0.179198,0.138126,0.255360,0.226192,0.005288,0.255360,-0.153961,0.565432,-0.523721,0.712047,-3.799533,-0.208401,0.161055,0.257688,0.263381,0.000000,0.257688,-0.113608,0.212457,-0.067048,0.380153,-0.060664
1777417456.361684,0.585842,-0.531512,0.671387,-3.826627,-0.186116,0.143084,0.254332,0.234657,0.006952,0.254332,-0.138608,0.558522,-0.518360,0.720623,-3.803209,-0.208820,0.162608,0.260173,0.264664,0.000000,0.260173,-0.110278,0.219710,-0.070973,0.381152,-0.055445
1777417456.395072,0.577323,-0.525904,0.693086,-3.831656,-0.184633,0.142214,0.269989,0.232922,0.007858,0.269989,-0.097679,0.551508,-0.512878,0.729395,-3.806861,-0.209239,0.164165,0.262664,0.265953,0.000000,0.262664,-0.109539,0.180620,-0.063704,0.390367,-0.049773
1777417456.428349,0.577323,-0.525904,0.693086,-3.831656,-0.184633,0.142214,0.269989,0.232922,0.007858,0.269989,-0.097679,0.544539,-0.507390,0.738176,-3.810411,-0.209649,0.165693,0.265108,0.267221,0.000000,0.265108,-0.106506,0.175639,-0.064324,0.366560,-0.044726
1777417456.461658,0.564912,-0.517759,0.703758,-3.836264,-0.189710,0.145785,0.273551,0.239069,0.009438,0.273551,-0.109755,0.537563,-0.501857,0.747029,-3.813888,-0.210054,0.167202,0.267524,0.268476,0.000000,0.267524,-0.104305,0.231383,-0.079621,0.386054,-0.061356
1777417456.495041,0.558283,-0.513299,0.707048,-3.840692,-0.189273,0.145852,0.268983,0.238734,0.010164,0.268983,-0.119985,0.530554,-0.496258,0.755987,-3.817306,-0.210455,0.168700,0.269919,0.269723,0.000000,0.269919,-0.102551,0.195147,-0.073611,0.384599,-0.056007
1777417456.528322,0.544630,-0.503919,0.726746,-3.845074,-0.195256,0.150438,0.283455,0.246216,0.011583,0.283455,-0.102239,0.523529,-0.490607,0.765028,-3.820658,-0.210850,0.170181,0.272289,0.270960,0.000000,0.272289,-0.100553,0.202528,-0.077169,0.398333,-0.051552
1777417456.561655,0.537963,-0.499356,0.735859,-3.849284,-0.194266,0.150139,0.285284,0.245218,0.012204,0.285284,-0.109479,0.516500,-0.484915,0.774137,-3.823939,-0.211240,0.171643,0.274628,0.272183,0.000000,0.274628,-0.098429,0.157461,-0.067673,0.379095,-0.047038
1777417456.595070,0.524407,-0.489797,0.740708,-3.853483,-0.200352,0.154946,0.281002,0.252913,0.013569,0.281002,-0.099498,0.509432,-0.479152,0.783356,-3.827166,-0.211626,0.173093,0.276949,0.273398,0.000000,0.276949,-0.096803,0.166980,-0.071730,0.380798,-0.043076
1777417456.628307,0.524407,-0.489797,0.740708,-3.853483,-0.200352,0.154946,0.281002,0.252913,0.013569,0.281002,-0.099498,0.502388,-0.473372,0.792605,-3.830311,-0.212004,0.174518,0.279229,0.274595,0.000000,0.279229,-0.094365,0.123880,-0.062293,0.391538,-0.039157
1777417456.661700,0.516438,-0.484218,0.758778,-3.857469,-0.200111,0.155238,0.293452,0.252867,0.014198,0.293452,-0.098787,0.495339,-0.467551,0.801918,-3.833390,-0.212377,0.175925,0.281480,0.275778,0.000000,0.281480,-0.092353,0.184231,-0.078854,0.412488,-0.053681
1777417456.695114,0.503739,-0.474988,0.769933,-3.861315,-0.205172,0.159540,0.296598,0.259452,0.015272,0.296598,-0.092871,0.488226,-0.461641,0.811374,-3.836427,-0.212747,0.177324,0.283718,0.276957,0.000000,0.283718,-0.091124,0.181930,-0.080127,0.397334,-0.049089
1777417456.728331,0.496625,-0.469801,0.775775,-3.865047,-0.202929,0.158313,0.291630,0.256900,0.015675,0.291630,-0.080795,0.481131,-0.455709,0.820865,-3.839390,-0.213111,0.178700,0.285919,0.278118,0.000000,0.285919,-0.088884,0.143085,-0.071289,0.395878,-0.045340
1777417456.761665,0.496625,-0.469801,0.775775,-3.865047,-0.202929,0.158313,0.291630,0.256900,0.015675,0.291630,-0.080795,0.474038,-0.449744,0.830409,-3.842285,-0.213468,0.180055,0.288087,0.279264,0.000000,0.288087,-0.086864,0.149393,-0.073941,0.405275,-0.041523
1777417456.795118,0.482595,-0.459413,0.797356,-3.868729,-0.206311,0.161322,0.303925,0.261367,0.016621,0.303925,-0.066297,0.466902,-0.443707,0.840069,-3.845133,-0.213822,0.181398,0.290236,0.280401,0.000000,0.290236,-0.085446,0.209311,-0.090411,0.426871,-0.054458
1777417456.828367,0.476349,-0.454754,0.807221,-3.872163,-0.203726,0.159917,0.304386,0.258446,0.016840,0.304386,-0.080412,0.459741,-0.437615,0.849816,-3.847926,-0.214170,0.182725,0.292359,0.281527,0.000000,0.292359,-0.083782,0.158221,-0.078413,0.405380,-0.049834
1777417456.861763,0.476349,-0.454754,0.807221,-3.872163,-0.203726,0.159917,0.304386,0.258446,0.016840,0.304386,-0.080412,0.452627,-0.431528,0.859555,-3.850638,-0.214511,0.184023,0.294436,0.282629,0.000000,0.294436,-0.081360,0.170771,-0.082594,0.407014,-0.046171
1777417456.895121,0.463642,-0.445095,0.812543,-3.875622,-0.207680,0.163534,0.298150,0.263745,0.017697,0.298150,-0.073642,0.445458,-0.425362,0.869421,-3.853308,-0.214848,0.185310,0.296497,0.283725,0.000000,0.296497,-0.080104,0.230252,-0.099026,0.428664,-0.057576
1777417456.928338,0.455876,-0.439148,0.835298,-3.879065,-0.204302,0.161592,0.311589,0.259876,0.017771,0.311589,-0.064672,0.438297,-0.419169,0.879329,-3.855914,-0.215180,0.186576,0.298522,0.284803,0.000000,0.298522,-0.078174,0.187278,-0.088660,0.440494,-0.052779
1777417456.961658,0.455876,-0.439148,0.835298,-3.879065,-0.204302,0.161592,0.311589,0.259876,0.017771,0.311589,-0.064672,0.431164,-0.412968,0.889252,-3.858450,-0.215504,0.187816,0.300506,0.285862,0.000000,0.300506,-0.076082,0.186068,-0.089012,0.417126,-0.047714
1777417456.995248,0.442217,-0.428480,0.847433,-3.882457,-0.207214,0.164580,0.310486,0.263980,0.018413,0.310486,-0.060296,0.423944,-0.406659,0.899345,-3.860957,-0.215826,0.189051,0.302482,0.286916,0.000000,0.302482,-0.075203,0.245609,-0.105516,0.439038,-0.058100
1777417457.028296,0.436301,-0.423834,0.849935,-3.885744,-0.204707,0.163346,0.302049,0.261238,0.018490,0.302049,-0.080951,0.416697,-0.400296,0.909526,-3.863413,-0.216143,0.190269,0.304431,0.287959,0.000000,0.304431,-0.073696,0.193875,-0.092242,0.437379,-0.052692
1777417457.061682,0.423150,-0.413247,0.871062,-3.889136,-0.209458,0.168302,0.316078,0.268026,0.018972,0.316078,-0.078399,0.409509,-0.393952,0.919676,-3.865793,-0.216452,0.191457,0.306332,0.288976,0.000000,0.306332,-0.071373,0.207642,-0.096392,0.455337,-0.047602
1777417457.095121,0.423150,-0.413247,0.871062,-3.889136,-0.209458,0.168302,0.316078,0.268026,0.018972,0.316078,-0.078399,0.402281,-0.387544,0.929930,-3.868127,-0.216757,0.192631,0.308209,0.289983,0.000000,0.308209,-0.070048,0.160546,-0.083418,0.435767,-0.041663
1777417457.128298,0.415357,-0.406931,0.883021,-3.892521,-0.207992,0.168136,0.317786,0.266776,0.019000,0.317786,-0.076978,0.395054,-0.381107,0.940229,-3.870406,-0.217055,0.193783,0.310053,0.290973,0.000000,0.310053,-0.068343,0.223379,-0.101030,0.458417,-0.051481
1777417457.161666,0.403572,-0.397158,0.886435,-3.895793,-0.212892,0.173326,0.311385,0.273837,0.019445,0.311385,-0.089809,0.387723,-0.374546,0.950726,-3.872660,-0.217353,0.194931,0.311890,0.291959,0.000000,0.311890,-0.067636,0.219186,-0.100000,0.457578,-0.045004
1777417457.195143,0.395513,-0.390474,0.911041,-3.899207,-0.209178,0.171445,0.325614,0.269779,0.019194,0.325614,-0.062616,0.380570,-0.368117,0.961012,-3.874806,-0.217637,0.196030,0.313648,0.292906,0.000000,0.313648,-0.064365,0.182174,-0.089360,0.474332,-0.039592
1777417457.228326,0.395513,-0.390474,0.911041,-3.899207,-0.209178,0.171445,0.325614,0.269779,0.019194,0.325614,-0.062616,0.373312,-0.361566,0.971495,-3.876929,-0.217920,0.197124,0.315399,0.293849,0.000000,0.315399,-0.063702,0.177420,-0.087719,0.447979,-0.032443
1777417457.261749,0.381287,-0.378349,0.924288,-3.902475,-0.211524,0.174765,0.323553,0.273703,0.019289,0.323553,-0.054305,0.366072,-0.355003,0.981995,-3.878994,-0.218196,0.198195,0.317112,0.294772,0.000000,0.317112,-0.061947,0.240514,-0.105317,0.470819,-0.041818
1777417457.295198,0.381287,-0.378349,0.924288,-3.902475,-0.211524,0.174765,0.323553,0.273703,0.019289,0.323553,-0.054305,0.358773,-0.348359,0.992625,-3.881023,-0.218468,0.199253,0.318805,0.295686,0.000000,0.318805,-0.060870,0.179895,-0.087228,0.467595,-0.035158
1777417457.328326,0.373423,-0.371579,0.927788,-3.905591,-0.207430,0.172405,0.310519,0.269052,0.019014,0.310519,-0.054575,0.351450,-0.341667,1.003333,-3.883006,-0.218736,0.200293,0.320469,0.296585,0.000000,0.320469,-0.059494,0.243445,-0.105235,0.491139,-0.043676
1777417457.361673,0.373423,-0.371579,0.927788,-3.905591,-0.207430,0.172405,0.310519,0.269052,0.019014,0.310519,-0.054575,0.344211,-0.335026,1.013959,-3.884915,-0.218995,0.201300,0.322081,0.297457,0.000000,0.322081,-0.057281,0.237306,-0.102778,0.508538,-0.037221
1777417457.395094,0.360329,-0.360088,0.951042,-3.908653,-0.207979,0.174409,0.320767,0.270779,0.018775,0.320767,-0.048901,0.336848,-0.328245,1.024809,-3.886806,-0.219252,0.202303,0.323685,0.298326,0.000000,0.323685,-0.056731,0.297383,-0.119719,0.533012,-0.044613
1777417457.428355,0.360329,-0.360088,0.951042,-3.908653,-0.207979,0.174409,0.320767,0.270779,0.018775,0.320767,-0.048901,0.329541,-0.321490,1.035616,-3.888633,-0.219502,0.203277,0.325243,0.299170,0.000000,0.325243,-0.054792,0.243028,-0.102828,0.511814,-0.038083
1777417457.461654,0.352809,-0.353428,0.964591,-3.911627,-0.202547,0.170987,0.318307,0.264440,0.018256,0.318307,-0.048408,0.322218,-0.314696,1.046487,-3.890414,-0.219747,0.204232,0.326771,0.299999,0.000000,0.326771,-0.053425,0.303959,-0.120210,0.536056,-0.045033
1777417457.495123,0.339309,-0.341258,0.968288,-3.914562,-0.204594,0.174297,0.304930,0.268162,0.018091,0.304930,-0.049293,0.314896,-0.307879,1.057394,-3.892145,-0.219985,0.205165,0.328264,0.300809,0.000000,0.328264,-0.051950,0.297332,-0.117228,0.533929,-0.038021
1777417457.528359,0.339309,-0.341258,0.968288,-3.914562,-0.204594,0.174297,0.304930,0.268162,0.018091,0.304930,-0.049293,0.307568,-0.301033,1.068347,-3.893830,-0.220218,0.206077,0.329723,0.301602,0.000000,0.329723,-0.050538,0.238503,-0.098187,0.551367,-0.031252
1777417457.561664,0.332466,-0.334976,0.992118,-3.917479,-0.198374,0.170369,0.316285,0.260917,0.017322,0.316285,-0.047930,0.300243,-0.294166,1.079334,-3.895467,-0.220446,0.206967,0.331148,0.302377,0.000000,0.331148,-0.049101,0.301381,-0.116082,0.576433,-0.037937
1777417457.595134,0.332466,-0.334976,0.992118,-3.917479,-0.198374,0.170369,0.316285,0.260917,0.017322,0.316285,-0.047930,0.292870,-0.287233,1.090427,-3.897066,-0.220669,0.207842,0.332547,0.303139,0.000000,0.332547,-0.047989,0.300805,-0.114152,0.554638,-0.030740
1777417457.628340,0.319925,-0.323269,1.006584,-3.920324,-0.198947,0.172707,0.315127,0.262917,0.016802,0.315127,-0.046199,0.285562,-0.280340,1.101456,-3.898606,-0.220884,0.208687,0.333900,0.303875,0.000000,0.333900,-0.046175,0.361102,-0.131176,0.579308,-0.037077
1777417457.661725,0.319925,-0.323269,1.006584,-3.920324,-0.198947,0.172707,0.315127,0.262917,0.016802,0.315127,-0.046199,0.278170,-0.273345,1.112648,-3.900116,-0.221096,0.209521,0.335233,0.304602,0.000000,0.335233,-0.045317,0.305572,-0.112129,0.575722,-0.029608
1777417457.695099,0.312610,-0.316356,1.010442,-3.923077,-0.194343,0.169978,0.301770,0.257679,0.016220,0.301770,-0.046681,0.270806,-0.266356,1.123830,-3.901575,-0.221302,0.210329,0.336527,0.305308,0.000000,0.336527,-0.043770,0.366346,-0.129522,0.600642,-0.035605
1777417457.728332,0.300532,-0.304734,1.035423,-3.925693,-0.197842,0.175221,0.319633,0.263816,0.015653,0.319633,-0.059687,0.263392,-0.259300,1.135121,-3.902998,-0.221503,0.211121,0.337794,0.306000,0.000000,0.337794,-0.042697,0.358160,-0.125006,0.618548,-0.028291
1777417457.761686,0.294497,-0.298888,1.047295,-3.928271,-0.194874,0.173979,0.320629,0.260800,0.015109,0.320629,-0.059521,0.255990,-0.252235,1.146425,-3.904374,-0.221698,0.211890,0.339024,0.306672,0.000000,0.339024,-0.041274,0.306898,-0.106497,0.595148,-0.021972
1777417457.795137,0.294497,-0.298888,1.047295,-3.928271,-0.194874,0.173979,0.320629,0.260800,0.015109,0.320629,-0.059521,0.248624,-0.245185,1.157704,-3.905699,-0.221887,0.212634,0.340214,0.307322,0.000000,0.340214,-0.039745,0.314251,-0.106476,0.596441,-0.015819
1777417457.828330,0.279884,-0.284463,1.054831,-3.930814,-0.198439,0.179463,0.311560,0.267164,0.014440,0.311560,-0.042835,0.241203,-0.238064,1.169097,-3.906989,-0.222071,0.213361,0.341377,0.307958,0.000000,0.341377,-0.038713,0.375941,-0.124081,0.620890,-0.021379
1777417457.861697,0.279884,-0.284463,1.054831,-3.930814,-0.198439,0.179463,0.311560,0.267164,0.014440,0.311560,-0.042835,0.233809,-0.230951,1.180478,-3.908232,-0.222249,0.214063,0.342501,0.308573,0.000000,0.342501,-0.037266,0.298914,-0.096771,0.631401,-0.015039
1777417457.895373,0.272855,-0.277344,1.079021,-3.933045,-0.196422,0.179394,0.328484,0.265664,0.013649,0.328484,-0.052802,0.226423,-0.223829,1.191874,-3.909429,-0.222421,0.214743,0.343589,0.309169,0.000000,0.343589,-0.035936,0.362049,-0.115228,0.656547,-0.020181
1777417457.928387,0.257881,-0.262283,1.096159,-3.935265,-0.200298,0.185306,0.330880,0.272567,0.012857,0.330880,-0.038053,0.218964,-0.216618,1.203410,-3.910596,-0.222589,0.215407,0.344652,0.309752,0.000000,0.344652,-0.034996,0.355277,-0.110243,0.634907,-0.014735
1777417457.961658,0.257881,-0.262283,1.096159,-3.935265,-0.200298,0.185306,0.330880,0.272567,0.012857,0.330880,-0.038053,0.211580,-0.209465,1.214857,-3.911708,-0.222750,0.216043,0.345669,0.310310,0.000000,0.345669,-0.033373,0.275345,-0.081762,0.626144,-0.009538
1777417457.995104,0.250857,-0.254955,1.102948,-3.937211,-0.197598,0.184352,0.323537,0.269970,0.012126,0.323537,-0.040783,0.204048,-0.202151,1.226559,-3.912800,-0.222908,0.216669,0.346671,0.310859,0.000000,0.346671,-0.032755,0.340532,-0.101153,0.650274,-0.014179
1777417458.028361,0.237014,-0.240627,1.134327,-3.939046,-0.201463,0.190477,0.346159,0.277030,0.011109,0.346159,-0.036555,0.196718,-0.195019,1.237969,-3.913821,-0.223056,0.217257,0.347611,0.311375,0.000000,0.347611,-0.030634,0.335779,-0.096461,0.662298,-0.009915
1777417458.061771,0.237014,-0.240627,1.134327,-3.939046,-0.201463,0.190477,0.346159,0.277030,0.011109,0.346159,-0.036555,0.189275,-0.187762,1.249581,-3.914817,-0.223201,0.217831,0.348530,0.311880,0.000000,0.348530,-0.029871,0.264297,-0.069894,0.625528,-0.005516
1777417458.095080,0.229867,-0.232990,1.150683,-3.940676,-0.199427,0.190198,0.350845,0.275391,0.010295,0.350845,-0.036991,0.181825,-0.180484,1.261226,-3.915772,-0.223340,0.218384,0.349415,0.312366,0.000000,0.349415,-0.028662,0.331183,-0.090147,0.649213,-0.009946
1777417458.128329,0.217248,-0.219613,1.155375,-3.942152,-0.205242,0.197830,0.343683,0.284902,0.009561,0.343683,-0.038826,0.174391,-0.173208,1.272867,-3.916685,-0.223473,0.218914,0.350262,0.312832,0.000000,0.350262,-0.027373,0.324160,-0.084548,0.641539,-0.006362
1777417458.161686,0.210238,-0.212146,1.186156,-3.943512,-0.203414,0.197624,0.367571,0.283470,0.008778,0.367571,-0.033505,0.166969,-0.165931,1.284510,-3.917556,-0.223601,0.219421,0.351073,0.313277,0.000000,0.351073,-0.026119,0.264015,-0.061364,0.656392,-0.003405
1777417458.195084,0.195885,-0.196660,1.201516,-3.944750,-0.210203,0.206593,0.371991,0.294627,0.007786,0.371991,-0.030412,0.159491,-0.158587,1.296261,-3.918392,-0.223724,0.219909,0.351854,0.313707,0.000000,0.351854,-0.025099,0.262489,-0.058215,0.620111,-0.000886
1777417458.228361,0.188375,-0.188517,1.209012,-3.945858,-0.209233,0.206987,0.366009,0.294229,0.007140,0.366009,-0.026906,0.152000,-0.151218,1.308051,-3.919190,-0.223841,0.220376,0.352601,0.314118,0.000000,0.352601,-0.023931,0.187572,-0.029500,0.612954,0.001100
1777417458.261738,0.174249,-0.172989,1.241062,-3.946797,-0.216097,0.216193,0.392130,0.305616,0.005986,0.392130,-0.025295,0.144517,-0.143845,1.319848,-3.919947,-0.223952,0.220819,0.353311,0.314509,0.000000,0.353311,-0.022703,0.185265,-0.026034,0.621365,0.002696
1777417458.295144,0.174249,-0.172989,1.241062,-3.946797,-0.216097,0.216193,0.392130,0.305616,0.005986,0.392130,-0.025295,0.137107,-0.136533,1.331548,-3.920657,-0.224057,0.221237,0.353979,0.314877,0.000000,0.353979,-0.021305,0.114849,0.001601,0.580946,0.003719
1777417458.328300,0.164837,-0.162524,1.261603,-3.947613,-0.216580,0.218304,0.400489,0.307469,0.005122,0.400489,-0.019183,0.129641,-0.129156,1.343350,-3.921333,-0.224157,0.221635,0.354616,0.315228,0.000000,0.354616,-0.020286,0.190102,-0.022691,0.602948,0.000736
1777417458.361693,0.151300,-0.147585,1.267732,-3.948255,-0.223331,0.226877,0.393325,0.318327,0.004262,0.393325,-0.017289,0.122158,-0.121752,1.355196,-3.921972,-0.224252,0.222012,0.355219,0.315560,0.000000,0.355219,-0.019157,0.165337,-0.011121,0.584997,0.001725
1777417458.395090,0.143204,-0.138635,1.301599,-3.948800,-0.221781,0.226455,0.417315,0.316947,0.003607,0.417315,-0.012298,0.114631,-0.114296,1.367126,-3.922574,-0.224341,0.222368,0.355789,0.315874,0.000000,0.355789,-0.018085,0.100311,0.013990,0.595514,0.002159
1777417458.428435,0.143204,-0.138635,1.301599,-3.948800,-0.221781,0.226455,0.417315,0.316947,0.003607,0.417315,-0.012298,0.107172,-0.106898,1.378962,-3.923133,-0.224424,0.222699,0.356319,0.316166,0.000000,0.356319,-0.016757,0.094853,0.018038,0.550824,0.002366
1777417458.461685,0.128332,-0.122093,1.321496,-3.949239,-0.227440,0.234052,0.421959,0.326347,0.002585,0.421959,-0.009331,0.099746,-0.099526,1.390759,-3.923651,-0.224501,0.223006,0.356810,0.316437,0.000000,0.356810,-0.015538,0.170571,-0.006934,0.572590,0.000387
1777417458.495012,0.119405,-0.112232,1.328766,-3.949597,-0.224718,0.232186,0.407712,0.323117,0.002024,0.407712,-0.006565,0.092212,-0.092038,1.402740,-3.924138,-0.224574,0.223296,0.357273,0.316693,0.000000,0.357273,-0.014602,0.089176,0.023984,0.555231,0.000748
1777417458.528332,0.119405,-0.112232,1.328766,-3.949597,-0.224718,0.232186,0.407712,0.323117,0.002024,0.407712,-0.006565,0.084718,-0.084583,1.414667,-3.924583,-0.224640,0.223561,0.357697,0.316927,0.000000,0.357697,-0.013367,0.075264,0.030638,0.563418,0.000875
1777417458.561755,0.103536,-0.094586,1.361924,-3.949875,-0.228526,0.237665,0.423868,0.329709,0.001083,0.423868,-0.004652,0.077250,-0.077148,1.426563,-3.924989,-0.224700,0.223803,0.358084,0.317140,0.000000,0.358084,-0.012179,0.151765,0.005136,0.586448,-0.000350
1777417458.595114,0.103536,-0.094586,1.361924,-3.949875,-0.228526,0.237665,0.423868,0.329709,0.001083,0.423868,-0.004652,0.069722,-0.069647,1.438565,-3.925360,-0.224756,0.224024,0.358438,0.317336,0.000000,0.358438,-0.011127,0.061191,0.039090,0.543615,0.000021
1777417458.628359,0.094814,-0.084898,1.380831,-3.950095,-0.225322,0.235208,0.423525,0.325719,0.000535,0.423525,-0.004059,0.062259,-0.062205,1.450472,-3.925690,-0.224805,0.224221,0.358754,0.317510,0.000000,0.358754,-0.009895,0.138144,0.013184,0.566229,-0.000788
1777417458.661676,0.079952,-0.068501,1.386561,-3.950286,-0.229538,0.240726,0.407510,0.332621,-0.000163,0.407510,-0.003557,0.054761,-0.054725,1.462440,-3.925983,-0.224849,0.224396,0.359034,0.317665,0.000000,0.359034,-0.008805,0.121109,0.020911,0.551589,-0.000227
1777417458.695139,0.079952,-0.068501,1.386561,-3.950286,-0.229538,0.240726,0.407510,0.332621,-0.000163,0.407510,-0.003557,0.047250,-0.047227,1.474438,-3.926240,-0.224887,0.224550,0.359280,0.317800,0.000000,0.359280,-0.007683,0.043279,0.049657,0.563372,0.000370
1777417458.728321,0.073070,-0.060778,1.413438,-3.950438,-0.227163,0.238834,0.423028,0.329613,-0.000525,0.423028,-0.003585,0.039812,-0.039798,1.486322,-3.926456,-0.224920,0.224679,0.359487,0.317915,0.000000,0.359487,-0.006488,0.120687,0.023515,0.587072,0.000223
1777417458.761669,0.057399,-0.043647,1.432707,-3.950592,-0.231399,0.244164,0.422296,0.336393,-0.001088,0.422296,-0.002736,0.032272,-0.032265,1.498377,-3.926637,-0.224947,0.224788,0.359661,0.318011,0.000000,0.359661,-0.005443,0.121939,0.024879,0.557385,0.001023
1777417458.795114,0.057399,-0.043647,1.432707,-3.950592,-0.231399,0.244164,0.422296,0.336393,-0.001088,0.422296,-0.002736,0.024780,-0.024776,1.510358,-3.926780,-0.224968,0.224873,0.359798,0.318086,0.000000,0.359798,-0.004278,0.036505,0.055557,0.542191,0.001977
1777417458.828310,0.049992,-0.035425,1.440194,-3.950697,-0.228505,0.241645,0.410982,0.332573,-0.001408,0.410982,-0.002241,0.017273,-0.017272,1.522365,-3.926885,-0.224984,0.224937,0.359899,0.318142,0.000000,0.359899,-0.003158,0.113439,0.029511,0.565182,0.002364
1777417458.861651,0.034794,-0.018897,1.474525,-3.950787,-0.232615,0.246541,0.429993,0.338953,-0.001783,0.429993,-0.001664,0.009770,-0.009770,1.534368,-3.926953,-0.224994,0.224977,0.359963,0.318178,0.000000,0.359963,-0.002029,0.110352,0.032087,0.574152,0.003415
1777417458.895116,0.028890,-0.012424,1.487702,-3.950826,-0.229676,0.243692,0.428329,0.334863,-0.001931,0.428329,-0.000981,0.002275,-0.002275,1.546360,-3.926983,-0.224999,0.224995,0.359992,0.318194,0.000000,0.359992,-0.000903,0.029941,0.060629,0.529219,0.004579
1777417458.928380,0.028890,-0.012424,1.487702,-3.950826,-0.229676,0.243692,0.428329,0.334863,-0.001931,0.428329,-0.000981,-0.005224,0.005224,1.558359,-3.926975,-0.224998,0.224991,0.359985,0.318190,0.000000,0.359985,0.000221,0.047746,0.055483,0.525350,0.005655
1777417458.961718,0.016706,0.000773,1.493706,-3.950828,-0.234965,0.249666,0.419948,0.342836,-0.002225,0.419948,-0.000060,-0.012701,0.012701,1.570321,-3.926931,-0.224991,0.224964,0.359942,0.318166,0.000000,0.359942,0.001340,0.123413,0.030050,0.548106,0.006631
1777417458.995044,0.007763,0.010448,1.526140,-3.950797,-0.233929,0.248641,0.439644,0.341379,-0.002277,0.439644,0.000673,-0.020217,0.020215,1.582343,-3.926848,-0.224979,0.224915,0.359863,0.318122,0.000000,0.359863,0.002475,0.071352,0.048518,0.559624,0.007765
1777417459.028301,-0.006837,0.026082,1.540497,-3.950701,-0.241202,0.256449,0.439938,0.352049,-0.002436,0.439938,0.002547,-0.027769,0.027764,1.594422,-3.926727,-0.224961,0.224842,0.359747,0.318058,0.000000,0.359747,0.003626,0.055629,0.054501,0.518187,0.008916
1777417459.061653,-0.015098,0.034912,1.548169,-3.950554,-0.239982,0.255202,0.429928,0.350304,-0.002509,0.429928,0.003451,-0.035252,0.035242,1.606388,-3.926570,-0.224937,0.224748,0.359596,0.317975,0.000000,0.359596,0.004721,-0.015234,0.078574,0.511937,0.009921
1777417459.094951,-0.029263,0.049948,1.577326,-3.950340,-0.247303,0.262745,0.450033,0.360815,-0.002496,0.450033,0.006152,-0.042702,0.042684,1.618295,-3.926376,-0.224908,0.224632,0.359411,0.317872,0.000000,0.359411,0.005817,-0.019130,0.079933,0.519095,0.010843
1777417459.128296,-0.029263,0.049948,1.577326,-3.950340,-0.247303,0.262745,0.450033,0.360815,-0.002496,0.450033,0.006152,-0.050222,0.050194,1.630310,-3.926143,-0.224873,0.224492,0.359187,0.317749,0.000000,0.359187,0.007004,-0.082115,0.100662,0.482689,0.011605
1777417459.161629,-0.039155,0.060448,1.596597,-3.950062,-0.247683,0.262950,0.453486,0.361225,-0.002464,0.453486,0.006544,-0.057691,0.057648,1.642237,-3.925873,-0.224833,0.224331,0.358929,0.317607,0.000000,0.358929,0.008084,-0.001159,0.073125,0.504635,0.013474
1777417459.195085,-0.052126,0.074051,1.601760,-3.949719,-0.254282,0.269568,0.444328,0.370568,-0.002388,0.444328,0.010585,-0.065233,0.065171,1.654274,-3.925563,-0.224786,0.224145,0.358632,0.317443,0.000000,0.358632,0.009308,-0.023926,0.080581,0.488208,0.014167
1777417459.228296,-0.062750,0.085263,1.637717,-3.948849,-0.250332,0.264564,0.458323,0.364219,-0.002103,0.458323,0.013677,-0.072720,0.072635,1.666216,-3.925217,-0.224734,0.223939,0.358302,0.317260,0.000000,0.358302,0.010380,-0.074849,0.096689,0.500367,0.014797
1777417459.261679,-0.075644,0.098459,1.647848,-3.948280,-0.256646,0.270385,0.454839,0.372789,-0.001780,0.454839,0.017337,-0.080169,0.080055,1.678087,-3.924835,-0.224677,0.223711,0.357937,0.317059,0.000000,0.357937,0.011458,-0.100024,0.104860,0.450105,0.013226
1777417459.295079,-0.092547,0.115597,1.677349,-3.947671,-0.267842,0.280776,0.475673,0.388038,-0.001122,0.475673,0.019282,-0.087670,0.087520,1.690032,-3.924412,-0.224614,0.223459,0.357535,0.316837,0.000000,0.357535,0.012682,-0.144663,0.117712,0.450808,0.013308
1777417459.328285,-0.102319,0.125522,1.693621,-3.947015,-0.269877,0.282001,0.478174,0.390330,-0.000757,0.478174,0.018939,-0.095197,0.095005,1.702009,-3.923949,-0.224545,0.223184,0.357094,0.316594,0.000000,0.357094,0.013886,-0.225004,0.141087,0.412141,0.013469
1777417459.361669,-0.117097,0.140188,1.701299,-3.946330,-0.278435,0.289556,0.471581,0.401707,-0.000096,0.471581,0.021997,-0.102619,0.102378,1.713805,-3.923455,-0.224472,0.222890,0.356624,0.316335,0.000000,0.356624,0.014831,-0.232585,0.141567,0.399581,0.013623
1777417459.395035,-0.125362,0.148397,1.728133,-3.945611,-0.279735,0.289637,0.488732,0.402667,0.000496,0.488732,0.022981,-0.110146,0.109849,1.725758,-3.922915,-0.224392,0.222570,0.356112,0.316052,0.000000,0.356112,0.016205,-0.287737,0.155656,0.404338,0.013730
1777417459.428348,-0.140058,0.162588,1.743087,-3.944859,-0.287441,0.295748,0.489250,0.412416,0.001495,0.489250,0.022329,-0.117619,0.117257,1.737612,-3.922340,-0.224306,0.222229,0.355567,0.315752,0.000000,0.355567,0.017253,-0.277959,0.149962,0.370541,0.014048
1777417459.461629,-0.148600,0.170830,1.751291,-3.944081,-0.287053,0.294117,0.480134,0.410975,0.002028,0.480134,0.021340,-0.125064,0.124628,1.749405,-3.921728,-0.224216,0.221868,0.354989,0.315433,0.000000,0.354989,0.018345,-0.328468,0.161216,0.360118,0.014283
1777417459.494968,-0.148600,0.170830,1.751291,-3.944081,-0.287053,0.294117,0.480134,0.410975,0.002028,0.480134,0.021340,-0.132537,0.132019,1.761230,-3.921075,-0.224119,0.221483,0.354373,0.315094,0.000000,0.354373,0.019587,-0.319863,0.155228,0.363622,0.014597
1777417459.528298,-0.163243,0.184418,1.776699,-3.943272,-0.292480,0.297105,0.489499,0.416898,0.003518,0.489499,0.019281,-0.139996,0.139385,1.773017,-3.920385,-0.224017,0.221077,0.353722,0.314735,0.000000,0.353722,0.020726,-0.234113,0.126615,0.384488,0.018598
1777417459.561740,-0.170398,0.191040,1.789726,-3.942464,-0.291581,0.294703,0.488072,0.414550,0.004207,0.488072,0.024580,-0.147458,0.146744,1.784791,-3.919654,-0.223909,0.220648,0.353036,0.314358,0.000000,0.353036,0.021917,-0.286216,0.136908,0.354170,0.018901
1777417459.595072,-0.183349,0.202536,1.796188,-3.941615,-0.297409,0.298138,0.478924,0.421078,0.005643,0.478924,0.026807,-0.154938,0.154109,1.796574,-3.918882,-0.223796,0.220195,0.352312,0.313959,0.000000,0.352312,0.023163,-0.268095,0.127767,0.348431,0.019419
1777417459.628391,-0.190649,0.208974,1.819329,-3.940709,-0.297060,0.295831,0.490904,0.419186,0.006619,0.490904,0.028574,-0.162380,0.161426,1.808281,-3.918074,-0.223677,0.219723,0.351557,0.313543,0.000000,0.351557,0.024244,-0.300721,0.130873,0.356393,0.019965
1777417459.661676,-0.204467,0.220823,1.832710,-3.939738,-0.302443,0.298179,0.487651,0.424631,0.008429,0.487651,0.026616,-0.169844,0.168752,1.820003,-3.917223,-0.223552,0.219227,0.350763,0.313107,0.000000,0.350763,0.025523,-0.282652,0.120940,0.330440,0.020360
1777417459.695078,-0.214683,0.229742,1.842630,-3.937704,-0.296604,0.289709,0.468124,0.414510,0.009317,0.468124,0.033686,-0.177299,0.176056,1.831690,-3.916333,-0.223422,0.218709,0.349935,0.312652,0.000000,0.349935,0.026706,-0.320673,0.124331,0.323925,0.020736
1777417459.728331,-0.214683,0.229742,1.842630,-3.937704,-0.296604,0.289709,0.468124,0.414510,0.009317,0.468124,0.033686,-0.184763,0.183356,1.843370,-3.915401,-0.223286,0.218169,0.349070,0.312176,0.000000,0.349070,0.027968,-0.326263,0.121112,0.324767,0.016538
1777417459.761784,-0.228559,0.240467,1.867574,-3.936569,-0.302910,0.291611,0.480590,0.420294,0.012016,0.480590,0.033440,-0.192143,0.190560,1.854896,-3.914438,-0.223145,0.217613,0.348180,0.311688,0.000000,0.348180,0.028865,-0.244812,0.095743,0.346155,0.021934
1777417459.795099,-0.243830,0.252698,1.877765,-3.935410,-0.307381,0.292176,0.469581,0.423845,0.014320,0.469581,0.026318,-0.199590,0.197816,1.866505,-3.913426,-0.222998,0.217029,0.347247,0.311175,0.000000,0.347247,0.030369,-0.280616,0.094572,0.316918,0.021943
1777417459.828299,-0.251003,0.258224,1.900084,-3.934271,-0.304568,0.286961,0.477107,0.418172,0.015494,0.477107,0.029658,-0.207068,0.205086,1.878137,-3.912368,-0.222845,0.216421,0.346273,0.310641,0.000000,0.346273,0.031755,-0.327752,0.098249,0.317348,0.022310
1777417459.861626,-0.264067,0.267966,1.911879,-3.933070,-0.306777,0.285183,0.468987,0.418479,0.017813,0.468987,0.028069,-0.214461,0.212258,1.889613,-3.911279,-0.222688,0.215798,0.345276,0.310094,0.000000,0.345276,0.032648,-0.304634,0.085828,0.293132,0.022946
1777417459.895112,-0.269402,0.271688,1.915731,-3.931861,-0.303260,0.279679,0.456963,0.412114,0.018681,0.456963,0.037353,-0.221910,0.219468,1.901149,-3.910140,-0.222523,0.215148,0.344236,0.309524,0.000000,0.344236,0.034167,-0.328799,0.082048,0.289628,0.023287
1777417459.928291,-0.280291,0.279313,1.934733,-3.930588,-0.306348,0.278730,0.463391,0.413640,0.021018,0.463391,0.038866,-0.229281,0.226587,1.912539,-3.908971,-0.222355,0.214482,0.343172,0.308941,0.000000,0.343172,0.035081,-0.289555,0.065498,0.302758,0.024030
1777417459.961655,-0.286852,0.283938,1.945482,-3.929258,-0.302894,0.273059,0.457481,0.407211,0.022020,0.457481,0.035860,-0.236727,0.233760,1.924016,-3.907747,-0.222179,0.213789,0.342062,0.308333,0.000000,0.342062,0.036732,-0.295734,0.057050,0.285158,0.024413
1777417459.995146,-0.286852,0.283938,1.945482,-3.929258,-0.302894,0.273059,0.457481,0.407211,0.022020,0.457481,0.035860,-0.244129,0.240874,1.935398,-3.906486,-0.221999,0.213077,0.340923,0.307710,0.000000,0.340923,0.037821,-0.268752,0.043944,0.284229,0.025032
1777417460.028342,-0.297829,0.291123,1.951268,-3.927884,-0.303028,0.269126,0.443145,0.404552,0.024333,0.443145,0.033016,-0.251547,0.247985,1.946775,-3.905178,-0.221813,0.212341,0.339746,0.307066,0.000000,0.339746,0.039224,-0.195475,0.023739,0.305214,0.031560
1777417460.061702,-0.303580,0.294964,1.968941,-3.926508,-0.299737,0.263727,0.447865,0.398441,0.025270,0.447865,0.040300,-0.258889,0.255004,1.958006,-3.903841,-0.221623,0.211592,0.338547,0.306411,0.000000,0.338547,0.040134,-0.205786,0.015191,0.315371,0.031860
1777417460.095138,-0.314471,0.302009,1.978746,-3.925044,-0.300914,0.260851,0.440633,0.397282,0.027555,0.440633,0.038523,-0.266269,0.262040,1.969264,-3.902451,-0.221426,0.210817,0.337307,0.305734,0.000000,0.337307,0.041676,-0.178817,0.002842,0.301185,0.032166
1777417460.128301,-0.320318,0.305696,1.983429,-3.923496,-0.295984,0.253974,0.427245,0.388981,0.028347,0.427245,0.040016,-0.273671,0.269077,1.980523,-3.901013,-0.221223,0.210017,0.336028,0.305036,0.000000,0.336028,0.043155,-0.189391,-0.004875,0.302758,0.032539
1777417460.161648,-0.329499,0.311215,1.999773,-3.921895,-0.297277,0.251348,0.431812,0.388097,0.030499,0.431812,0.050359,-0.281002,0.276027,1.991644,-3.899543,-0.221016,0.209204,0.334726,0.304326,0.000000,0.334726,0.044104,-0.162072,-0.017518,0.315052,0.032756
1777417460.195128,-0.334464,0.314153,2.008143,-3.920199,-0.293884,0.245982,0.426972,0.381964,0.031278,0.426972,0.054807,-0.288373,0.282994,2.002790,-3.898019,-0.220802,0.208365,0.333384,0.303594,0.000000,0.333384,0.045718,-0.159171,-0.028130,0.303523,0.032741
1777417460.228347,-0.344017,0.319931,2.012823,-3.918415,-0.295034,0.243297,0.416517,0.380957,0.033318,0.416517,0.053876,-0.295766,0.289960,2.013936,-3.896444,-0.220582,0.207501,0.332002,0.302842,0.000000,0.332002,0.047260,-0.126716,-0.041398,0.307987,0.032797
1777417460.261795,-0.349107,0.322913,2.029480,-3.916587,-0.291631,0.237998,0.421848,0.374878,0.034026,0.421848,0.057434,-0.303080,0.296829,2.024926,-3.894838,-0.220358,0.206625,0.330600,0.302079,0.000000,0.330600,0.048155,-0.128340,-0.050280,0.320253,0.032704
1777417460.295179,-0.358504,0.328537,2.038696,-3.914688,-0.292309,0.235055,0.416570,0.373373,0.035895,0.416570,0.055354,-0.310434,0.303713,2.035941,-3.893177,-0.220128,0.205723,0.329156,0.301294,0.000000,0.329156,0.049845,-0.098972,-0.062354,0.307969,0.032386
1777417460.328308,-0.363451,0.331400,2.043080,-3.912763,-0.288246,0.229352,0.406208,0.366553,0.036433,0.406208,0.058325,-0.317811,0.310596,2.046953,-3.891462,-0.219891,0.204796,0.327673,0.300489,0.000000,0.327673,0.051453,-0.101133,-0.070446,0.310533,0.032314
1777417460.361726,-0.372780,0.337004,2.060764,-3.910774,-0.288047,0.225952,0.410447,0.364116,0.038008,0.410447,0.053385,-0.325114,0.317386,2.057817,-3.889715,-0.219651,0.203857,0.326171,0.299673,0.000000,0.326171,0.052394,-0.071542,-0.082015,0.323146,0.032381
1777417460.394989,-0.378856,0.340696,2.071281,-3.908729,-0.280660,0.217633,0.400495,0.353102,0.038125,0.400495,0.042061,-0.332434,0.324167,2.068667,-3.887916,-0.219404,0.202894,0.324631,0.298838,0.000000,0.324631,0.053986,-0.075208,-0.088786,0.308528,0.032121
1777417460.428400,-0.378856,0.340696,2.071281,-3.908729,-0.280660,0.217633,0.400495,0.353102,0.038125,0.400495,0.042061,-0.339740,0.330911,2.079458,-3.886070,-0.219152,0.201912,0.323059,0.297987,0.000000,0.323059,0.055376,-0.055624,-0.097461,0.308101,0.032111
1777417460.461691,-0.385857,0.344594,2.074353,-3.906737,-0.277230,0.212017,0.385965,0.346813,0.039096,0.385965,0.050228,-0.347034,0.337619,2.090190,-3.884177,-0.218895,0.200910,0.321456,0.297119,0.000000,0.321456,0.056792,0.004150,-0.110505,0.328993,0.041423
1777417460.495118,-0.390146,0.347181,2.090179,-3.904732,-0.272553,0.206591,0.390292,0.339760,0.039090,0.390292,0.059715,-0.354355,0.344325,2.100920,-3.882226,-0.218631,0.199883,0.319813,0.296231,0.000000,0.319813,0.058537,0.014185,-0.119320,0.344285,0.041464
1777417460.528334,-0.397851,0.352015,2.098282,-3.902666,-0.272017,0.203894,0.385285,0.337592,0.039971,0.385285,0.062915,-0.361633,0.350966,2.111546,-3.880234,-0.218362,0.198841,0.318146,0.295330,0.000000,0.318146,0.059744,0.040969,-0.127832,0.333751,0.041867
1777417460.561700,-0.402375,0.354831,2.102707,-3.900482,-0.267074,0.198302,0.374719,0.330244,0.039890,0.374719,0.061451,-0.368900,0.357570,2.122112,-3.878194,-0.218089,0.197779,0.316447,0.294413,0.000000,0.316447,0.061216,0.041111,-0.131822,0.338333,0.042026
1777417460.594988,-0.410984,0.360548,2.120951,-3.898189,-0.265015,0.194818,0.378720,0.326446,0.040253,0.378720,0.054853,-0.376141,0.364123,2.132596,-3.876108,-0.217810,0.196700,0.314721,0.293483,0.000000,0.314721,0.062575,0.064238,-0.138945,0.350457,0.042001
1777417460.628307,-0.414808,0.363015,2.129030,-3.895875,-0.259063,0.188834,0.372286,0.318102,0.039782,0.372286,0.062825,-0.383397,0.370661,2.143058,-3.873964,-0.217525,0.195598,0.312957,0.292534,0.000000,0.312957,0.064311,0.055181,-0.139335,0.334335,0.041709
1777417460.661726,-0.423139,0.368903,2.133822,-3.893431,-0.256090,0.185057,0.358511,0.313448,0.039733,0.358511,0.054383,-0.390663,0.377181,2.153490,-3.871763,-0.217234,0.194473,0.311157,0.291566,0.000000,0.311157,0.066043,0.082638,-0.146334,0.338329,0.041764
1777417460.695095,-0.423139,0.368903,2.133822,-3.893431,-0.256090,0.185057,0.358511,0.313448,0.039733,0.358511,0.054383,-0.397907,0.383651,2.163842,-3.869513,-0.216938,0.193331,0.309329,0.290584,0.000000,0.309329,0.067487,0.073502,-0.144429,0.349175,0.041536
1777417460.728327,-0.428123,0.372374,2.152049,-3.890924,-0.246408,0.176613,0.357434,0.300706,0.038534,0.357434,0.045297,-0.405153,0.390094,2.174151,-3.867206,-0.216636,0.192167,0.307467,0.289585,0.000000,0.307467,0.069200,0.127069,-0.155618,0.369827,0.052425
1777417460.761657,-0.434985,0.377650,2.160448,-3.888458,-0.242422,0.172874,0.349122,0.295335,0.037828,0.349122,0.056287,-0.412329,0.396445,2.184312,-3.864866,-0.216331,0.190994,0.305590,0.288579,0.000000,0.305590,0.070215,0.141179,-0.158592,0.353681,0.051773
1777417460.794984,-0.434985,0.377650,2.160448,-3.888458,-0.242422,0.172874,0.349122,0.295335,0.037828,0.349122,0.056287,-0.419550,0.402804,2.194487,-3.862454,-0.216019,0.189792,0.303668,0.287551,0.000000,0.303668,0.072366,0.137337,-0.155138,0.356669,0.051341
1777417460.828322,-0.438557,0.380442,2.164422,-3.885872,-0.233916,0.165704,0.334110,0.284318,0.036577,0.334110,0.054332,-0.426783,0.409144,2.204630,-3.859978,-0.215700,0.188568,0.301709,0.286504,0.000000,0.301709,0.074260,0.187942,-0.165696,0.376732,0.062709
1777417460.861604,-0.445876,0.386463,2.183112,-3.883178,-0.229595,0.162397,0.337688,0.278996,0.035331,0.337688,0.056358,-0.433922,0.415369,2.214591,-3.857477,-0.215379,0.187339,0.299743,0.285454,0.000000,0.299743,0.075054,0.207923,-0.168145,0.389283,0.062039
1777417460.895079,-0.448970,0.389073,2.191253,-3.880371,-0.221807,0.156093,0.329658,0.269091,0.033963,0.329658,0.063659,-0.441090,0.421588,2.224540,-3.854905,-0.215051,0.186085,0.297736,0.284385,0.000000,0.297736,0.077139,0.194899,-0.160366,0.371613,0.060781
1777417460.928303,-0.448970,0.389073,2.191253,-3.880371,-0.221807,0.156093,0.329658,0.269091,0.033963,0.329658,0.063659,-0.448288,0.427800,2.234479,-3.852262,-0.214716,0.184805,0.295687,0.283294,0.000000,0.295687,0.079302,0.218007,-0.162839,0.374685,0.059899
1777417460.961694,-0.453792,0.393755,2.193846,-3.877430,-0.218597,0.154003,0.318750,0.265407,0.032567,0.318750,0.083225,-0.455391,0.433898,2.244236,-3.849592,-0.214379,0.183521,0.293633,0.282203,0.000000,0.293633,0.080104,0.265317,-0.172950,0.394209,0.072042
1777417460.994997,-0.458520,0.397804,2.213280,-3.874209,-0.212467,0.149321,0.324891,0.257822,0.031092,0.324891,0.071252,-0.462560,0.440018,2.254028,-3.846834,-0.214034,0.182205,0.291527,0.281085,0.000000,0.291527,0.082722,0.265566,-0.165909,0.408670,0.070012
1777417461.028488,-0.466696,0.405602,2.223402,-3.870854,-0.208836,0.147675,0.316637,0.254121,0.029035,0.316637,0.063986,-0.469716,0.446092,2.263747,-3.844018,-0.213683,0.180870,0.289393,0.279954,0.000000,0.289393,0.084488,0.271148,-0.163362,0.389110,0.067921
1777417461.061655,-0.466696,0.405602,2.223402,-3.870854,-0.208836,0.147675,0.316637,0.254121,0.029035,0.316637,0.063986,-0.476777,0.452051,2.273282,-3.841175,-0.213331,0.179534,0.287254,0.278823,0.000000,0.287254,0.085288,0.243343,-0.146374,0.387535,0.065446
1777417461.095131,-0.469836,0.409082,2.226731,-3.867401,-0.202078,0.142941,0.303898,0.246023,0.027213,0.303898,0.079763,-0.483851,0.457988,2.282780,-3.838262,-0.212972,0.178175,0.285079,0.277675,0.000000,0.285079,0.087401,0.289287,-0.157401,0.405950,0.078015
1777417461.128356,-0.476186,0.415694,2.244728,-3.863816,-0.200499,0.143110,0.312422,0.245045,0.025160,0.312422,0.098970,-0.490991,0.463943,2.292309,-3.835254,-0.212604,0.176783,0.282852,0.276501,0.000000,0.282852,0.090224,0.302254,-0.154000,0.418103,0.075151
1777417461.161697,-0.479997,0.419609,2.254781,-3.859985,-0.194818,0.139136,0.308325,0.238247,0.023474,0.308325,0.090060,-0.498050,0.469794,2.301671,-3.832214,-0.212234,0.175386,0.280618,0.275325,0.000000,0.280618,0.091221,0.286174,-0.139603,0.400614,0.072623
1777417461.195102,-0.486310,0.426805,2.258383,-3.856110,-0.194744,0.140806,0.300573,0.239375,0.021241,0.300573,0.120206,-0.505126,0.475624,2.310998,-3.829097,-0.211858,0.173967,0.278347,0.274132,0.000000,0.278347,0.093510,0.295287,-0.136341,0.398169,0.068815
1777417461.228410,-0.489767,0.430722,2.277249,-3.852003,-0.191023,0.138650,0.311676,0.235233,0.019465,0.311676,0.127174,-0.512199,0.481413,2.320261,-3.825911,-0.211475,0.172527,0.276044,0.272924,0.000000,0.276044,0.095576,0.276595,-0.118615,0.408614,0.065883
1777417461.261682,-0.497170,0.439237,2.287630,-3.847747,-0.191475,0.141250,0.311101,0.237345,0.016779,0.311101,0.121095,-0.519216,0.487119,2.329390,-3.822680,-0.211090,0.171080,0.273728,0.271712,0.000000,0.273728,0.096929,0.287861,-0.115509,0.388003,0.062408
1777417461.295292,-0.500887,0.443644,2.292519,-3.843510,-0.188585,0.139756,0.304769,0.234243,0.015047,0.304769,0.131838,-0.526248,0.492799,2.338479,-3.819369,-0.210698,0.169610,0.271375,0.270483,0.000000,0.271375,0.099316,0.258297,-0.092803,0.383563,0.058526
1777417461.328300,-0.508569,0.452800,2.313040,-3.839193,-0.189256,0.143071,0.317043,0.236949,0.011926,0.317043,0.124029,-0.533318,0.498470,2.347553,-3.815967,-0.210297,0.168112,0.268979,0.269233,0.000000,0.268979,0.102059,0.266814,-0.088442,0.390102,0.055708
1777417461.361638,-0.513572,0.458588,2.325271,-3.834824,-0.184604,0.140710,0.314372,0.231912,0.009735,0.314372,0.095914,-0.540292,0.504026,2.356441,-3.812537,-0.209897,0.166614,0.266583,0.267987,0.000000,0.266583,0.102909,0.234507,-0.063291,0.364814,0.053272
1777417461.395005,-0.513572,0.458588,2.325271,-3.834824,-0.184604,0.140710,0.314372,0.231912,0.009735,0.314372,0.095914,-0.547260,0.509537,2.365260,-3.809034,-0.209490,0.165099,0.264158,0.266728,0.000000,0.264158,0.105085,0.232114,-0.054456,0.355225,0.050310
1777417461.428333,-0.521297,0.468452,2.331234,-3.830636,-0.183496,0.143195,0.304358,0.232676,0.006141,0.304358,0.092551,-0.554244,0.515021,2.374034,-3.805446,-0.209076,0.163560,0.261696,0.265452,0.000000,0.261696,0.107641,0.278992,-0.070953,0.370169,0.067875
1777417461.461667,-0.525541,0.473608,2.351918,-3.826596,-0.179182,0.141059,0.314463,0.228006,0.004125,0.314463,0.099853,-0.561214,0.520454,2.382726,-3.801787,-0.208658,0.162005,0.259208,0.264166,0.000000,0.259208,0.109784,0.241275,-0.040642,0.373570,0.066084
1777417461.495086,-0.533944,0.484013,2.362456,-3.822565,-0.179492,0.144611,0.311114,0.230498,0.000642,0.311114,0.094628,-0.568161,0.525827,2.391323,-3.798060,-0.208234,0.160436,0.256698,0.262871,0.000000,0.256698,0.111807,0.244418,-0.034263,0.346805,0.065307
1777417461.528319,-0.533944,0.484013,2.362456,-3.822565,-0.179492,0.144611,0.311114,0.230498,0.000642,0.311114,0.094628,-0.575126,0.531172,2.399875,-3.794241,-0.207804,0.158843,0.254149,0.261560,0.000000,0.254149,0.114550,0.203559,-0.003278,0.339698,0.064937
1777417461.561749,-0.538954,0.490581,2.368066,-3.818467,-0.175096,0.142996,0.300055,0.226061,-0.001797,0.300055,0.087424,-0.582014,0.536416,2.408266,-3.790383,-0.207372,0.157249,0.251599,0.260251,0.000000,0.251599,0.115754,0.251548,-0.022007,0.353849,0.083314
1777417461.595139,-0.547767,0.501264,2.390007,-3.814340,-0.174114,0.145386,0.308326,0.226772,-0.005212,0.308326,0.082093,-0.588938,0.541645,2.416633,-3.786420,-0.206931,0.155628,0.249004,0.258922,0.000000,0.249004,0.118878,0.242584,-0.007635,0.356970,0.081915
1777417461.628344,-0.547767,0.501264,2.390007,-3.814340,-0.174114,0.145386,0.308326,0.226772,-0.005212,0.308326,0.082093,-0.595824,0.546803,2.424885,-3.782394,-0.206487,0.153996,0.246394,0.257588,0.000000,0.246394,0.120792,0.198706,0.024304,0.326759,0.081628
1777417461.661729,-0.552567,0.507537,2.402051,-3.810131,-0.167946,0.142078,0.302144,0.219858,-0.007393,0.302144,0.077040,-0.602717,0.551922,2.433075,-3.778276,-0.206037,0.152344,0.243750,0.256242,0.000000,0.243750,0.123528,0.245961,0.005032,0.340101,0.099787
1777417461.695137,-0.561341,0.518181,2.405524,-3.805780,-0.167030,0.144222,0.286775,0.220423,-0.010602,0.286775,0.082137,-0.609556,0.556957,2.441131,-3.774103,-0.205583,0.150686,0.241097,0.254894,0.000000,0.241097,0.125212,0.239706,0.017784,0.329401,0.098718
1777417461.728454,-0.561341,0.518181,2.405524,-3.805780,-0.167030,0.144222,0.286775,0.220423,-0.010602,0.286775,0.082137,-0.616413,0.561960,2.449136,-3.769828,-0.205123,0.149005,0.238407,0.253531,0.000000,0.238407,0.128232,0.195925,0.050067,0.335830,0.097111
1777417461.761678,-0.565714,0.523942,2.424014,-3.801145,-0.161145,0.140679,0.290624,0.213551,-0.012430,0.290624,0.088277,-0.623219,0.566881,2.457010,-3.765494,-0.204660,0.147317,0.235708,0.252167,0.000000,0.235708,0.130019,0.242796,0.030352,0.349458,0.116001
1777417461.795030,-0.567216,0.525768,2.434060,-3.796212,-0.153113,0.133632,0.284984,0.202824,-0.012784,0.284984,0.100758,-0.630047,0.571774,2.464838,-3.761052,-0.204189,0.145606,0.232969,0.250787,0.000000,0.232969,0.133255,0.240291,0.040858,0.325607,0.112992
1777417461.828314,-0.567216,0.525768,2.434060,-3.796212,-0.153113,0.133632,0.284984,0.202824,-0.012784,0.284984,0.100758,-0.636866,0.576613,2.472581,-3.756521,-0.203712,0.143878,0.230205,0.249398,0.000000,0.230205,0.135945,0.269871,0.031055,0.318112,0.109925
1777417461.861696,-0.576255,0.536913,2.438418,-3.790887,-0.154359,0.137454,0.273686,0.206057,-0.016154,0.273686,0.113477,-0.643626,0.581364,2.480183,-3.751933,-0.203234,0.142147,0.227435,0.248011,0.000000,0.227435,0.137642,0.311910,0.013715,0.330732,0.129381
1777417461.895097,-0.576255,0.536913,2.438418,-3.790887,-0.154359,0.137454,0.273686,0.206057,-0.016154,0.273686,0.113477,-0.650394,0.586075,2.487720,-3.747240,-0.202748,0.140395,0.224632,0.246612,0.000000,0.224632,0.140773,0.259793,0.052482,0.334826,0.123964
1777417461.928308,-0.586952,0.549510,2.457928,-3.785156,-0.155751,0.141357,0.278781,0.209416,-0.019622,0.278781,0.104145,-0.657171,0.590744,2.495190,-3.742442,-0.202256,0.138623,0.221797,0.245202,0.000000,0.221797,0.143961,0.301361,0.034618,0.347740,0.143627
1777417461.961645,-0.592675,0.556104,2.468709,-3.779092,-0.150759,0.137806,0.271121,0.203169,-0.021009,0.271121,0.102301,-0.663859,0.595304,2.502486,-3.737604,-0.201764,0.136856,0.218970,0.243800,0.000000,0.218970,0.145121,0.236171,0.079364,0.321182,0.137225
1777417461.994984,-0.592675,0.556104,2.468709,-3.779092,-0.150759,0.137806,0.271121,0.203169,-0.021009,0.271121,0.102301,-0.670591,0.599846,2.509754,-3.732631,-0.201262,0.135059,0.216095,0.242379,0.000000,0.216095,0.149195,0.224190,0.092327,0.311218,0.129456
1777417462.028325,-0.601005,0.565989,2.471738,-3.772801,-0.152724,0.141131,0.260692,0.206581,-0.023812,0.260692,0.151312,-0.677293,0.604319,2.516910,-3.727574,-0.200757,0.133253,0.213204,0.240956,0.000000,0.213204,0.151700,0.267298,0.072942,0.322842,0.150766
1777417462.061653,-0.606854,0.572548,2.492080,-3.765842,-0.149492,0.138499,0.268085,0.202249,-0.025002,0.268085,0.133587,-0.683961,0.608721,2.523953,-3.722436,-0.200248,0.131437,0.210300,0.239531,0.000000,0.210300,0.154166,0.226256,0.104504,0.328645,0.142868
1777417462.095074,-0.616886,0.583687,2.500292,-3.758822,-0.153439,0.142981,0.264123,0.207881,-0.027792,0.264123,0.168706,-0.690667,0.613097,2.530956,-3.717157,-0.199729,0.129594,0.207350,0.238089,0.000000,0.207350,0.158360,0.213963,0.117146,0.299075,0.133042
1777417462.128313,-0.621462,0.588813,2.503515,-3.751514,-0.152656,0.141877,0.256428,0.206399,-0.028854,0.256428,0.212380,-0.697284,0.617366,2.537785,-3.711837,-0.199211,0.127757,0.204411,0.236658,0.000000,0.204411,0.159585,0.163906,0.152236,0.293179,0.124893
1777417462.161626,-0.631606,0.599580,2.521065,-3.743875,-0.158067,0.146713,0.266674,0.213371,-0.031349,0.266674,0.219962,-0.703929,0.621602,2.544563,-3.706382,-0.198685,0.125895,0.201431,0.235213,0.000000,0.201431,0.163675,0.166441,0.155900,0.297143,0.115364
1777417462.194980,-0.636763,0.605073,2.529568,-3.736241,-0.158625,0.146376,0.266646,0.213399,-0.032386,0.266646,0.248056,-0.710538,0.625764,2.551223,-3.700839,-0.198155,0.124025,0.198440,0.233768,0.000000,0.198440,0.166269,0.119933,0.187581,0.271841,0.106601
1777417462.228551,-0.647678,0.616100,2.534411,-3.728443,-0.165113,0.151671,0.261074,0.221474,-0.034866,0.261074,0.227451,-0.717179,0.629895,2.557832,-3.695151,-0.197616,0.122129,0.195406,0.232309,0.000000,0.195406,0.170646,0.120182,0.191529,0.264030,0.098412
1777417462.261711,-0.647678,0.616100,2.534411,-3.728443,-0.165113,0.151671,0.261074,0.221474,-0.034866,0.261074,0.227451,-0.723696,0.633897,2.564235,-3.689451,-0.197080,0.120251,0.192401,0.230870,0.000000,0.192401,0.171012,0.071609,0.223120,0.263574,0.091295
1777417462.295088,-0.656387,0.624887,2.553701,-3.720502,-0.165045,0.150901,0.267347,0.220712,-0.036015,0.267347,0.152277,-0.730255,0.637873,2.570596,-3.683591,-0.196535,0.118343,0.189350,0.229415,0.000000,0.189350,0.175789,0.118356,0.198299,0.272776,0.118214
1777417462.328322,-0.667168,0.635146,2.562435,-3.713209,-0.170010,0.154328,0.264633,0.226473,-0.037820,0.264633,0.183968,-0.736812,0.641795,2.576871,-3.677609,-0.195984,0.116420,0.186271,0.227954,0.000000,0.186271,0.179477,0.087619,0.220200,0.242845,0.110180
1777417462.361737,-0.667168,0.635146,2.562435,-3.713209,-0.170010,0.154328,0.264633,0.226473,-0.037820,0.264633,0.183968,-0.743292,0.645618,2.582988,-3.671571,-0.195432,0.114501,0.183202,0.226505,0.000000,0.183202,0.181135,0.043566,0.247809,0.233463,0.105826
1777417462.395005,-0.674903,0.642496,2.568123,-3.705574,-0.168207,0.151848,0.253139,0.223329,-0.038416,0.253139,0.140276,-0.749834,0.649423,2.589077,-3.665346,-0.194869,0.112548,0.180077,0.225036,0.000000,0.180077,0.186742,0.089811,0.223185,0.241540,0.133880
1777417462.428481,-0.685997,0.652374,2.584785,-3.698261,-0.172541,0.153976,0.259250,0.227846,-0.039565,0.259250,0.167053,-0.756372,0.653172,2.595075,-3.658991,-0.194300,0.110579,0.176926,0.223562,0.000000,0.176926,0.190650,0.069920,0.237884,0.238533,0.128316
1777417462.461673,-0.685997,0.652374,2.584785,-3.698261,-0.172541,0.153976,0.259250,0.227846,-0.039565,0.259250,0.167053,-0.762819,0.656814,2.600902,-3.652591,-0.193732,0.108620,0.173792,0.222104,0.000000,0.173792,0.192006,0.026471,0.263925,0.212852,0.124689
1777417462.495103,-0.692859,0.658450,2.594438,-3.690766,-0.170934,0.151083,0.254737,0.224662,-0.039643,0.254737,0.154557,-0.769243,0.660388,2.606621,-3.646078,-0.193160,0.106651,0.170642,0.220647,0.000000,0.170642,0.195379,0.071797,0.240110,0.220234,0.153263
1777417462.528309,-0.692859,0.658450,2.594438,-3.690766,-0.170934,0.151083,0.254737,0.224662,-0.039643,0.254737,0.154557,-0.775702,0.663927,2.612283,-3.639390,-0.192578,0.104655,0.167449,0.219178,0.000000,0.167449,0.200655,0.060247,0.248921,0.208179,0.147987
1777417462.561711,-0.705671,0.669160,2.598495,-3.683010,-0.172489,0.150816,0.238162,0.225542,-0.040354,0.238162,0.117879,-0.782085,0.667368,2.617788,-3.632640,-0.191996,0.102667,0.164267,0.217722,0.000000,0.164267,0.202480,0.102389,0.227423,0.215488,0.177739
1777417462.595117,-0.705671,0.669160,2.598495,-3.683010,-0.172489,0.150816,0.238162,0.225542,-0.040354,0.238162,0.117879,-0.788497,0.670768,2.623228,-3.625717,-0.191405,0.100653,0.161045,0.216256,0.000000,0.161045,0.207707,0.044519,0.260983,0.214848,0.170611
1777417462.628341,-0.712845,0.675059,2.614261,-3.675119,-0.167305,0.144646,0.236375,0.217616,-0.039456,0.236375,0.117111,-0.794818,0.674064,2.628502,-3.618746,-0.190816,0.098651,0.157842,0.214809,0.000000,0.157842,0.209135,0.086363,0.240047,0.222412,0.200136
1777417462.661736,-0.712845,0.675059,2.614261,-3.675119,-0.167305,0.144646,0.236375,0.217616,-0.039456,0.236375,0.117111,-0.801211,0.677340,2.633745,-3.611545,-0.190213,0.096610,0.154577,0.213342,0.000000,0.154577,0.216011,0.071979,0.250309,0.197809,0.192223
1777417462.695150,-0.724704,0.684127,2.622846,-3.666777,-0.167974,0.142753,0.226152,0.216908,-0.039297,0.226152,0.125992,-0.807534,0.680523,2.638837,-3.604273,-0.189611,0.094576,0.151322,0.211889,0.000000,0.151322,0.218178,0.111482,0.231265,0.204572,0.222350
1777417462.728476,-0.730701,0.688700,2.624971,-3.657813,-0.162293,0.136249,0.209209,0.208396,-0.038387,0.209209,0.138401,-0.813857,0.683648,2.643836,-3.596846,-0.189001,0.092526,0.148041,0.210434,0.000000,0.148041,0.222784,0.063265,0.258052,0.193994,0.213084
1777417462.761649,-0.730701,0.688700,2.624971,-3.657813,-0.162293,0.136249,0.209209,0.208396,-0.038387,0.209209,0.138401,-0.820123,0.686686,2.648698,-3.589330,-0.188391,0.090478,0.144765,0.208992,0.000000,0.144765,0.225482,0.060630,0.261655,0.196384,0.203371
1777417462.795059,-0.743000,0.697322,2.638426,-3.648117,-0.164577,0.134587,0.207888,0.209206,-0.037845,0.207888,0.154923,-0.826400,0.689672,2.653475,-3.581642,-0.187773,0.088411,0.141458,0.207545,0.000000,0.141458,0.230659,0.099652,0.243373,0.202991,0.233402
1777417462.828301,-0.743000,0.697322,2.638426,-3.648117,-0.164577,0.134587,0.207888,0.209206,-0.037845,0.207888,0.154923,-0.832675,0.692596,2.658154,-3.573793,-0.187148,0.086329,0.138126,0.206100,0.000000,0.138126,0.235460,0.052371,0.267903,0.182198,0.221047
1777417462.861771,-0.750543,0.702580,2.646725,-3.637684,-0.160220,0.128452,0.198535,0.202048,-0.036703,0.198535,0.153754,-0.838852,0.695416,2.662666,-3.565905,-0.186526,0.084264,0.134823,0.204677,0.000000,0.134823,0.236646,0.090914,0.250324,0.188045,0.252377
1777417462.894972,-0.750543,0.702580,2.646725,-3.637684,-0.160220,0.128452,0.198535,0.202048,-0.036703,0.198535,0.153754,-0.845127,0.698220,2.667153,-3.557721,-0.185888,0.082151,0.131441,0.203231,0.000000,0.131441,0.245530,0.075993,0.259800,0.177036,0.235813
1777417462.928335,-0.763100,0.710736,2.648604,-3.626570,-0.161897,0.126079,0.182315,0.202004,-0.036066,0.182315,0.164230,-0.851293,0.700915,2.671464,-3.549510,-0.185254,0.080059,0.128094,0.201813,0.000000,0.128094,0.246315,0.112541,0.243783,0.182569,0.269285
1777417462.961694,-0.763100,0.710736,2.648604,-3.626570,-0.161897,0.126079,0.182315,0.202004,-0.036066,0.182315,0.164230,-0.857449,0.703545,2.675673,-3.541139,-0.184614,0.077955,0.124728,0.200398,0.000000,0.124728,0.251130,0.064548,0.268079,0.184421,0.250625
1777417462.995013,-0.770185,0.715214,2.661345,-3.614693,-0.157688,0.119626,0.180816,0.194875,-0.034636,0.180816,0.180771,-0.863580,0.706104,2.679766,-3.532629,-0.183970,0.075845,0.121351,0.198991,0.000000,0.121351,0.255303,0.100424,0.252600,0.189964,0.283030
1777417463.028300,-0.770185,0.715214,2.661345,-3.614693,-0.157688,0.119626,0.180816,0.194875,-0.034636,0.180816,0.180771,-0.869725,0.708606,2.683769,-3.523920,-0.183317,0.073714,0.117943,0.197583,0.000000,0.117943,0.261272,0.089010,0.259810,0.169461,0.263286
1777417463.061718,-0.770185,0.715214,2.661345,-3.614693,-0.157688,0.119626,0.180816,0.194875,-0.034636,0.180816,0.180771,-0.875786,0.711013,2.687620,-3.515150,-0.182667,0.071598,0.114558,0.196198,0.000000,0.114558,0.263085,0.122858,0.245805,0.174106,0.297079
1777417463.095075,-0.782642,0.722594,2.669276,-3.601924,-0.159070,0.116337,0.172265,0.194194,-0.033561,0.172265,0.182380,-0.881865,0.713364,2.691382,-3.506173,-0.182008,0.069462,0.111138,0.194812,0.000000,0.111138,0.269331,0.153432,0.233631,0.178674,0.327536
1777417463.128357,-0.788910,0.726309,2.670567,-3.588491,-0.155165,0.110401,0.158553,0.187638,-0.032501,0.158553,0.220573,-0.887909,0.715639,2.695023,-3.497062,-0.181345,0.067322,0.107716,0.193438,0.000000,0.107716,0.273336,0.105495,0.257482,0.167147,0.305149
1777417463.161751,-0.788910,0.726309,2.670567,-3.588491,-0.155165,0.110401,0.158553,0.187638,-0.032501,0.158553,0.220573,-0.893954,0.717851,2.698562,-3.487760,-0.180676,0.065168,0.104269,0.192069,0.000000,0.104269,0.279048,0.099216,0.262675,0.168756,0.281544
1777417463.194978,-0.801307,0.732936,2.680945,-3.574055,-0.160122,0.108654,0.158923,0.190918,-0.031543,0.158923,0.274343,-0.899982,0.719994,2.701990,-3.478293,-0.180001,0.063006,0.100809,0.190710,0.000000,0.100809,0.284011,0.131048,0.250204,0.172848,0.317510
1777417463.228310,-0.808055,0.736603,2.686844,-3.558717,-0.158873,0.103924,0.154025,0.187354,-0.030649,0.154025,0.301981,-0.905984,0.722062,2.705300,-3.468670,-0.179323,0.060838,0.097340,0.189361,0.000000,0.097340,0.288673,0.087729,0.269907,0.155659,0.291522
1777417463.261645,-0.808055,0.736603,2.686844,-3.558717,-0.158873,0.103924,0.154025,0.187354,-0.030649,0.154025,0.301981,-0.911931,0.724048,2.708477,-3.458943,-0.178643,0.058675,0.093881,0.188032,0.000000,0.093881,0.291837,0.080350,0.274986,0.146882,0.264154
1777417463.295049,-0.819864,0.742333,2.688858,-3.543052,-0.166036,0.103150,0.147623,0.193142,-0.030068,0.147623,0.410070,-0.917869,0.725966,2.711546,-3.449030,-0.177957,0.056502,0.090403,0.186712,0.000000,0.090403,0.297383,0.112054,0.262562,0.149676,0.303253
1777417463.328675,-0.826424,0.745574,2.698804,-3.526844,-0.168239,0.100001,0.152490,0.193488,-0.029449,0.152490,0.499365,-0.923797,0.727815,2.714504,-3.438934,-0.177266,0.054319,0.086910,0.185402,0.000000,0.086910,0.302860,0.074788,0.278180,0.148387,0.275977
1777417463.361659,-0.840780,0.752209,2.704631,-3.509769,-0.177839,0.099701,0.150602,0.201805,-0.029013,0.150602,0.433270,-0.929698,0.729591,2.717345,-3.428681,-0.176570,0.052131,0.083410,0.184105,0.000000,0.083410,0.307601,0.069113,0.281683,0.130600,0.249027
1777417463.395121,-0.849901,0.756371,2.708115,-3.492059,-0.177760,0.095063,0.142395,0.199593,-0.028253,0.142395,0.324065,-0.935580,0.731294,2.720070,-3.418255,-0.175870,0.049937,0.079900,0.182822,0.000000,0.079900,0.312787,0.021084,0.301645,0.120502,0.220566
1777417463.428341,-0.849901,0.756371,2.708115,-3.492059,-0.177760,0.095063,0.142395,0.199593,-0.028253,0.142395,0.324065,-0.941396,0.732913,2.722660,-3.407739,-0.175170,0.047754,0.076406,0.181563,0.000000,0.076406,0.315468,0.005256,0.308670,0.114867,0.191953
1777417463.461765,-0.864929,0.762438,2.718281,-3.474926,-0.184808,0.092836,0.143440,0.205012,-0.027258,0.143440,0.327632,-0.947222,0.734468,2.725148,-3.396997,-0.174462,0.045553,0.072885,0.180311,0.000000,0.072885,0.322269,0.038986,0.295078,0.116049,0.240844
1777417463.495081,-0.871924,0.765206,2.723143,-3.458380,-0.184765,0.088472,0.140135,0.203132,-0.026513,0.140135,0.397013,-0.953040,0.735953,2.727525,-3.386058,-0.173748,0.043342,0.069347,0.179072,0.000000,0.069347,0.328181,-0.008769,0.312158,0.096375,0.215534
1777417463.528368,-0.871924,0.765206,2.723143,-3.458380,-0.184765,0.088472,0.140135,0.203132,-0.026513,0.140135,0.397013,-0.958824,0.737362,2.729779,-3.374968,-0.173030,0.041131,0.065809,0.177852,0.000000,0.065809,0.332679,-0.011086,0.312450,0.086846,0.194870
1777417463.561675,-0.887977,0.771007,2.726254,-3.441228,-0.190924,0.085746,0.131033,0.207727,-0.025570,0.131033,0.288550,-0.964579,0.738696,2.731913,-3.363721,-0.172309,0.038917,0.062267,0.176649,0.000000,0.062267,0.337412,0.022205,0.299923,0.086890,0.246932
1777417463.595097,-0.894443,0.773199,2.734774,-3.425419,-0.190304,0.081190,0.133046,0.205426,-0.024651,0.133046,0.394927,-0.970312,0.739956,2.733930,-3.352298,-0.171583,0.036698,0.058717,0.175464,0.000000,0.058717,0.342696,-0.028670,0.316987,0.080642,0.222863
1777417463.628293,-0.894443,0.773199,2.734774,-3.425419,-0.190304,0.081190,0.133046,0.205426,-0.024651,0.133046,0.394927,-0.976009,0.741141,2.735825,-3.340731,-0.170855,0.034481,0.055169,0.174299,0.000000,0.055169,0.347026,-0.027206,0.315258,0.063013,0.207024
1777417463.661760,-0.909530,0.777853,2.740242,-3.409095,-0.196422,0.078255,0.128469,0.210120,-0.023553,0.128469,0.307768,-0.981704,0.742255,2.737608,-3.328947,-0.170119,0.032251,0.051601,0.173149,0.000000,0.051601,0.353514,0.005609,0.303960,0.062167,0.260494
1777417463.695189,-0.917375,0.780224,2.741783,-3.393316,-0.194365,0.073407,0.119816,0.206523,-0.022682,0.119816,0.307978,-0.987369,0.743294,2.739271,-3.317007,-0.169380,0.030020,0.048032,0.172020,0.000000,0.048032,0.358199,-0.038142,0.316058,0.050142,0.242278
1777417463.728328,-0.917375,0.780224,2.741783,-3.393316,-0.194365,0.073407,0.119816,0.206523,-0.022682,0.119816,0.307978,-0.993035,0.744263,2.740821,-3.304838,-0.168633,0.027776,0.044441,0.170905,0.000000,0.044441,0.365058,-0.043265,0.316943,0.045821,0.227687
1777417463.761786,-0.932507,0.784093,2.749086,-3.377341,-0.199363,0.069741,0.117602,0.210138,-0.021246,0.117602,0.281922,-0.998589,0.745143,2.742229,-3.292693,-0.167893,0.025564,0.040902,0.169829,0.000000,0.040902,0.364345,-0.010520,0.307095,0.044461,0.283300
1777417463.795065,-0.932507,0.784093,2.749086,-3.377341,-0.199363,0.069741,0.117602,0.210138,-0.021246,0.117602,0.281922,-1.004175,0.745959,2.743534,-3.280256,-0.167142,0.023326,0.037322,0.168762,0.000000,0.037322,0.373122,-0.052666,0.315903,0.028087,0.264796
1777417463.828320,-0.941558,0.786282,2.753518,-3.361461,-0.196900,0.064498,0.111784,0.206227,-0.020001,0.111784,0.276825,-1.009779,0.746705,2.744727,-3.267552,-0.166381,0.021069,0.033710,0.167709,0.000000,0.033710,0.381115,-0.020600,0.307371,0.026049,0.319493
1777417463.861724,-0.955988,0.789307,2.754655,-3.345428,-0.201425,0.060713,0.102965,0.209545,-0.018682,0.102965,0.297961,-1.015327,0.747371,2.745794,-3.254753,-0.165619,0.018822,0.030115,0.166685,0.000000,0.030115,0.383974,-0.032970,0.309963,0.014916,0.304754
1777417463.895094,-0.955988,0.789307,2.754655,-3.345428,-0.201425,0.060713,0.102965,0.209545,-0.018682,0.102965,0.297961,-1.020746,0.747952,2.746724,-3.242032,-0.164868,0.016615,0.026584,0.165703,0.000000,0.026584,0.381623,-0.069432,0.315662,0.010225,0.289258
1777417463.928449,-0.963406,0.790574,2.759771,-3.328899,-0.199032,0.055420,0.100500,0.205871,-0.017388,0.100500,0.339909,-1.026261,0.748471,2.747554,-3.228865,-0.164096,0.014358,0.022972,0.164723,0.000000,0.022972,0.395006,-0.037534,0.308532,0.007675,0.340225
1777417463.961684,-0.976669,0.792675,2.762648,-3.311881,-0.204377,0.051410,0.096117,0.210133,-0.016031,0.096117,0.385673,-1.031736,0.748914,2.748262,-3.215569,-0.163322,0.012104,0.019367,0.163770,0.000000,0.019367,0.398882,-0.041052,0.307191,-0.005476,0.325913
1777417463.995098,-0.983534,0.793643,2.763920,-3.294254,-0.201980,0.046330,0.089810,0.206677,-0.015076,0.089810,0.389177,-1.037156,0.749279,2.748847,-3.202186,-0.162548,0.009861,0.015778,0.162846,0.000000,0.015778,0.401491,-0.071250,0.309565,-0.014486,0.308230
1777417464.028332,-0.983534,0.793643,2.763920,-3.294254,-0.201980,0.046330,0.089810,0.206677,-0.015076,0.089810,0.389177,-1.042578,0.749571,2.749314,-3.188578,-0.161765,0.007606,0.012170,0.161944,0.000000,0.012170,0.408253,-0.070096,0.307367,-0.020460,0.289222
1777417464.061646,-0.998366,0.795204,2.768345,-3.275752,-0.206021,0.041205,0.085877,0.209681,-0.013278,0.085877,0.329533,-1.047930,0.749786,2.749658,-3.174928,-0.160985,0.005368,0.008589,0.161075,0.000000,0.008589,0.409506,-0.038636,0.302596,-0.024091,0.347621
1777417464.095045,-1.004941,0.795792,2.770253,-3.257531,-0.203812,0.036157,0.081317,0.206627,-0.012337,0.081317,0.430755,-1.053312,0.749929,2.749886,-3.160983,-0.160193,0.003107,0.004971,0.160223,0.000000,0.004971,0.418337,-0.075919,0.303071,-0.036863,0.323792
1777417464.128359,-1.017633,0.796468,2.770870,-3.238756,-0.210441,0.031420,0.076588,0.212497,-0.010857,0.076588,0.549480,-1.058615,0.749994,2.749991,-3.147029,-0.159404,0.000867,0.001387,0.159407,0.000000,0.001387,0.418608,-0.073336,0.300654,-0.044931,0.306421
1777417464.161626,-1.017633,0.796468,2.770870,-3.238756,-0.210441,0.031420,0.076588,0.212497,-0.010857,0.076588,0.549480,-1.063925,0.749986,2.749977,-3.132847,-0.158607,-0.001387,-0.002219,0.158613,0.000000,-0.002219,0.425473,-0.098546,0.297115,-0.050576,0.285290
1777417464.194951,-1.039344,0.797111,2.773997,-3.199868,-0.219799,0.021061,0.070479,0.220652,-0.008224,0.070479,0.602853,-1.069184,0.749902,2.749844,-3.118588,-0.157809,-0.003631,-0.005810,0.157851,0.000000,-0.005810,0.427772,-0.066518,0.294466,-0.055206,0.347269
1777417464.228318,-1.045848,0.796953,2.774768,-3.180003,-0.218965,0.015718,0.066477,0.219407,-0.007298,0.066477,0.595489,-1.074464,0.749743,2.749588,-3.104066,-0.157000,-0.005894,-0.009431,0.157111,0.000000,-0.009431,0.435656,-0.132648,0.291105,-0.066323,0.241286
1777417464.261754,-1.058892,0.796402,2.775922,-3.160021,-0.225206,0.009753,0.062897,0.225347,-0.005601,0.062897,0.586177,-1.079640,0.749511,2.749217,-3.089626,-0.156199,-0.008125,-0.012999,0.156411,0.000000,-0.012999,0.433215,-0.126940,0.285654,-0.073025,0.224703
1777417464.295118,-1.058892,0.796402,2.775922,-3.160021,-0.225206,0.009753,0.062897,0.225347,-0.005601,0.062897,0.586177,-1.084851,0.749201,2.748722,-3.074888,-0.155385,-0.010380,-0.016609,0.155731,0.000000,-0.016609,0.442129,-0.151403,0.277053,-0.080669,0.204925
1777417464.328327,-1.067940,0.795836,2.776533,-3.140277,-0.225176,0.004103,0.058060,0.225171,-0.004399,0.058060,0.499238,-1.090002,0.748819,2.748111,-3.060124,-0.154572,-0.012621,-0.020193,0.155086,0.000000,-0.020193,0.442929,-0.117135,0.276183,-0.086302,0.277232
1777417464.361748,-1.080749,0.794735,2.776816,-3.121517,-0.229310,-0.001800,0.052900,0.229300,-0.002803,0.052900,0.471883,-1.095138,0.748361,2.747378,-3.045209,-0.153753,-0.014865,-0.023784,0.154470,0.000000,-0.023784,0.447428,-0.125291,0.270452,-0.093315,0.257774
1777417464.395066,-1.087879,0.793993,2.776298,-3.103204,-0.226001,-0.006728,0.046683,0.226093,-0.001951,0.046683,0.427132,-1.100258,0.747827,2.746524,-3.030152,-0.152928,-0.017113,-0.027381,0.153883,0.000000,-0.027381,0.451714,-0.150057,0.261618,-0.099877,0.245543
1777417464.428341,-1.100755,0.792141,2.775886,-3.085089,-0.229318,-0.012820,0.040859,0.229676,-0.000151,0.040859,0.429413,-1.105361,0.747217,2.745548,-3.014961,-0.152098,-0.019364,-0.030983,0.153326,0.000000,-0.030983,0.455743,-0.147799,0.256865,-0.105001,0.236494
1777417464.461663,-1.100755,0.792141,2.775886,-3.085089,-0.229318,-0.012820,0.040859,0.229676,-0.000151,0.040859,0.429413,-1.110402,0.746536,2.744458,-2.999772,-0.151270,-0.021598,-0.034557,0.152804,0.000000,-0.034557,0.455657,-0.172068,0.244808,-0.110504,0.229301
1777417464.495086,-1.110103,0.790649,2.775500,-3.066597,-0.222996,-0.017851,0.033123,0.223707,0.001092,0.033123,0.293641,-1.115437,0.745778,2.743245,-2.984429,-0.150434,-0.023839,-0.038143,0.152311,0.000000,-0.038143,0.460302,-0.137632,0.247611,-0.117068,0.299189
1777417464.528318,-1.110103,0.790649,2.775500,-3.066597,-0.222996,-0.017851,0.033123,0.223707,0.001092,0.033123,0.293641,-1.120455,0.744943,2.741909,-2.968966,-0.149592,-0.026083,-0.041733,0.151849,0.000000,-0.041733,0.463890,-0.147084,0.240367,-0.123046,0.287338
1777417464.561680,-1.120351,0.788448,2.773318,-3.049403,-0.222094,-0.023270,0.025237,0.223293,0.002726,0.025237,0.364225,-1.125410,0.744040,2.740464,-2.953533,-0.148753,-0.028309,-0.045294,0.151423,0.000000,-0.045294,0.462971,-0.114175,0.244677,-0.130100,0.354906
1777417464.595065,-1.126609,0.787141,2.772218,-3.031729,-0.216600,-0.027429,0.019118,0.218301,0.003516,0.019118,0.374497,-1.130364,0.743057,2.738891,-2.937946,-0.147906,-0.030544,-0.048870,0.151026,0.000000,-0.048870,0.467622,-0.130464,0.233539,-0.132861,0.344069
1777417464.628312,-1.138301,0.784201,2.771540,-3.013742,-0.217592,-0.033418,0.013825,0.220077,0.005402,0.013825,0.391505,-1.135289,0.742000,2.737200,-2.922296,-0.147054,-0.032776,-0.052441,0.150663,0.000000,-0.052441,0.469499,-0.126835,0.230164,-0.137949,0.334489
1777417464.661659,-1.138301,0.784201,2.771540,-3.013742,-0.217592,-0.033418,0.013825,0.220077,0.005402,0.013825,0.391505,-1.140146,0.740877,2.735404,-2.906717,-0.146206,-0.034986,-0.055978,0.150334,0.000000,-0.055978,0.467382,-0.149347,0.216354,-0.144090,0.323721
1777417464.695092,-1.145435,0.782190,2.767805,-2.994803,-0.211246,-0.037724,0.004509,0.214492,0.006421,0.004509,0.350386,-1.145020,0.739671,2.733473,-2.890946,-0.145347,-0.037213,-0.059541,0.150035,0.000000,-0.059541,0.473119,-0.116381,0.223464,-0.151861,0.387459
1777417464.728316,-1.155390,0.779126,2.766000,-2.976036,-0.211495,-0.043553,-0.001056,0.215781,0.008103,-0.001056,0.457430,-1.149866,0.738389,2.731422,-2.875128,-0.144484,-0.039438,-0.063100,0.149769,0.000000,-0.063100,0.474541,-0.118581,0.217350,-0.152304,0.371656
1777417464.761687,-1.155390,0.779126,2.766000,-2.976036,-0.211495,-0.043553,-0.001056,0.215781,0.008103,-0.001056,0.457430,-1.154652,0.737042,2.729267,-2.859379,-0.143622,-0.041644,-0.066630,0.149538,0.000000,-0.066630,0.472474,-0.134633,0.205190,-0.156721,0.356614
1777417464.795107,-1.161596,0.777005,2.764742,-2.955888,-0.205895,-0.047910,-0.006025,0.211201,0.009070,-0.006025,0.428407,-1.159412,0.735621,2.726993,-2.843597,-0.142757,-0.043847,-0.070155,0.149339,0.000000,-0.070155,0.473465,-0.102284,0.214115,-0.165035,0.418691
1777417464.828300,-1.171898,0.773357,2.759800,-2.935303,-0.205217,-0.053870,-0.015289,0.211900,0.010693,-0.015289,0.447207,-1.164174,0.734117,2.724587,-2.827695,-0.141882,-0.046059,-0.073695,0.149171,0.000000,-0.073695,0.477044,-0.101847,0.209074,-0.171106,0.395500
1777417464.861642,-1.171898,0.773357,2.759800,-2.935303,-0.205217,-0.053870,-0.015289,0.211900,0.010693,-0.015289,0.447207,-1.168878,0.732548,2.722077,-2.811878,-0.141009,-0.048254,-0.077207,0.149037,0.000000,-0.077207,0.474524,-0.121794,0.195553,-0.169900,0.373459
1777417464.895118,-1.177608,0.771056,2.756648,-2.914090,-0.199063,-0.057916,-0.021832,0.206996,0.011526,-0.021832,0.451047,-1.173559,0.730905,2.719448,-2.796036,-0.140132,-0.050448,-0.080716,0.148936,0.000000,-0.080716,0.475241,-0.089708,0.205967,-0.178790,0.434686
1777417464.928298,-1.188227,0.766750,2.755581,-2.891966,-0.196730,-0.063770,-0.025983,0.206386,0.013193,-0.025983,0.404544,-1.178240,0.729178,2.716684,-2.780105,-0.139245,-0.052649,-0.084238,0.148866,0.000000,-0.084238,0.477956,-0.088110,0.201509,-0.181601,0.407370
1777417464.961682,-1.192101,0.764941,2.749452,-2.870101,-0.190190,-0.067026,-0.035342,0.201198,0.013568,-0.035342,0.538527,-1.182861,0.727388,2.713822,-2.764289,-0.138361,-0.054831,-0.087730,0.148829,0.000000,-0.087730,0.474476,-0.111681,0.186121,-0.188865,0.379122
1777417464.995119,-1.192101,0.764941,2.749452,-2.870101,-0.190190,-0.067026,-0.035342,0.201198,0.013568,-0.035342,0.538527,-1.187464,0.725522,2.710835,-2.748455,-0.137471,-0.057013,-0.091221,0.148825,0.000000,-0.091221,0.475020,-0.098824,0.186078,-0.186000,0.351285
1777417465.028327,-1.201854,0.760289,2.745347,-2.846527,-0.186933,-0.072591,-0.042329,0.199964,0.015093,-0.042329,0.425403,-1.192031,0.723585,2.707736,-2.732668,-0.136579,-0.059187,-0.094699,0.148852,0.000000,-0.094699,0.473606,-0.066343,0.197775,-0.195677,0.416121
1777417465.061681,-1.201854,0.760289,2.745347,-2.846527,-0.186933,-0.072591,-0.042329,0.199964,0.015093,-0.042329,0.425403,-1.196551,0.721585,2.704535,-2.716983,-0.135687,-0.061346,-0.098153,0.148910,0.000000,-0.098153,0.470542,-0.088610,0.181573,-0.197352,0.380255
1777417465.095080,-1.207417,0.757475,2.743986,-2.823302,-0.179631,-0.075736,-0.045495,0.194309,0.015718,-0.045495,0.440642,-1.201069,0.719499,2.701198,-2.701240,-0.134785,-0.063512,-0.101620,0.149000,0.000000,-0.101620,0.472304,-0.056549,0.194077,-0.207528,0.440988
1777417465.128320,-1.216786,0.752583,2.736164,-2.799561,-0.176405,-0.080810,-0.056430,0.193291,0.016962,-0.056430,0.436469,-1.205543,0.717348,2.697756,-2.685600,-0.133884,-0.065666,-0.105065,0.149120,0.000000,-0.105065,0.469200,-0.056527,0.189720,-0.215412,0.406672
1777417465.161672,-1.216786,0.752583,2.736164,-2.799561,-0.176405,-0.080810,-0.056430,0.193291,0.016962,-0.056430,0.436469,-1.210001,0.715118,2.694188,-2.669968,-0.132976,-0.067819,-0.108511,0.149272,0.000000,-0.108511,0.468939,-0.078229,0.174380,-0.210339,0.370276
1777417465.194955,-1.220736,0.750222,2.732080,-2.775736,-0.169546,-0.083520,-0.061940,0.188204,0.017338,-0.061940,0.546290,-1.214411,0.712825,2.690520,-2.654460,-0.132068,-0.069958,-0.111933,0.149453,0.000000,-0.111933,0.465244,-0.045125,0.187882,-0.221160,0.432918
1777417465.228292,-1.230601,0.744524,2.730349,-2.727214,-0.162902,-0.091908,-0.064506,0.186119,0.018542,-0.064506,0.749242,-1.218806,0.710453,2.686725,-2.638974,-0.131154,-0.072096,-0.115354,0.149664,0.000000,-0.115354,0.464580,-0.037005,0.186884,-0.224051,0.394651
1777417465.261759,-1.239003,0.739044,2.722509,-2.701923,-0.163305,-0.098907,-0.074264,0.189872,0.019990,-0.074264,0.785181,-1.223147,0.708023,2.682837,-2.623646,-0.130241,-0.074217,-0.118747,0.149903,0.000000,-0.118747,0.459854,-0.064077,0.169199,-0.231940,0.256649
1777417465.294958,-1.243382,0.736086,2.718587,-2.676824,-0.159330,-0.102662,-0.078894,0.188444,0.020357,-0.078894,0.787554,-1.227490,0.705504,2.678807,-2.608291,-0.129319,-0.076345,-0.122152,0.150173,0.000000,-0.122152,0.460644,-0.083191,0.152673,-0.227594,0.220346
1777417465.328290,-1.251480,0.730425,2.708056,-2.652610,-0.159037,-0.108888,-0.091524,0.191548,0.021423,-0.091524,0.704221,-1.231804,0.702913,2.674660,-2.593018,-0.128393,-0.078467,-0.125547,0.150472,0.000000,-0.125547,0.458183,-0.074921,0.150404,-0.231215,0.188390
1777417465.361752,-1.251480,0.730425,2.708056,-2.652610,-0.159037,-0.108888,-0.091524,0.191548,0.021423,-0.091524,0.704221,-1.236032,0.700285,2.670456,-2.578035,-0.127475,-0.080554,-0.128886,0.150794,0.000000,-0.128886,0.449484,-0.092976,0.135170,-0.221491,0.160266
1777417465.394991,-1.256737,0.726588,2.701011,-2.629784,-0.155218,-0.112202,-0.099270,0.190280,0.021806,-0.099270,0.622919,-1.240269,0.697562,2.666100,-2.563014,-0.126546,-0.082652,-0.132243,0.151146,0.000000,-0.132243,0.450651,-0.055325,0.148992,-0.232932,0.235808
1777417465.428298,-1.265550,0.719929,2.697987,-2.607950,-0.152412,-0.116340,-0.101331,0.190400,0.022636,-0.101331,0.409364,-1.244481,0.694766,2.661626,-2.548077,-0.125612,-0.084745,-0.135592,0.151526,0.000000,-0.135592,0.448102,-0.056113,0.143461,-0.230608,0.210399
1777417465.461663,-1.268784,0.717347,2.687489,-2.588734,-0.146703,-0.116890,-0.112893,0.186230,0.022439,-0.112893,0.503325,-1.248649,0.691909,2.657054,-2.533298,-0.124678,-0.086824,-0.138918,0.151931,0.000000,-0.138918,0.443365,-0.082795,0.125276,-0.236577,0.188782
1777417465.495101,-1.268784,0.717347,2.687489,-2.588734,-0.146703,-0.116890,-0.112893,0.186230,0.022439,-0.112893,0.503325,-1.252787,0.688982,2.652372,-2.518633,-0.123740,-0.088893,-0.142229,0.152361,0.000000,-0.142229,0.439948,-0.067618,0.127175,-0.227509,0.178162
1777417465.528309,-1.276274,0.711173,2.680309,-2.569293,-0.143220,-0.119547,-0.119128,0.185141,0.022935,-0.119128,0.366249,-1.256894,0.685986,2.647578,-2.504086,-0.122800,-0.090955,-0.145528,0.152815,0.000000,-0.145528,0.436426,-0.029493,0.141684,-0.239748,0.251922
1777417465.561767,-1.279656,0.708298,2.678480,-2.551692,-0.137528,-0.119516,-0.119149,0.180769,0.022814,-0.119149,0.422334,-1.260967,0.682923,2.642678,-2.489671,-0.121857,-0.093006,-0.148810,0.153294,0.000000,-0.148810,0.432436,-0.050606,0.126888,-0.237895,0.235255
1777417465.594993,-1.286067,0.702668,2.667629,-2.534612,-0.136047,-0.122867,-0.130421,0.181828,0.023320,-0.130421,0.448027,-1.265007,0.679794,2.637671,-2.475392,-0.120911,-0.095047,-0.152075,0.153796,0.000000,-0.152075,0.428381,-0.038591,0.128206,-0.247072,0.226643
1777417465.628330,-1.286067,0.702668,2.667629,-2.534612,-0.136047,-0.122867,-0.130421,0.181828,0.023320,-0.130421,0.448027,-1.269029,0.676586,2.632538,-2.461195,-0.119959,-0.097085,-0.155336,0.154323,0.000000,-0.155336,0.425912,-0.052112,0.117287,-0.238193,0.219975
1777417465.661661,-1.290068,0.699037,2.660735,-2.517414,-0.131158,-0.123116,-0.135956,0.178380,0.023248,-0.135956,0.402823,-1.273022,0.673307,2.627291,-2.447120,-0.119003,-0.099116,-0.158585,0.154873,0.000000,-0.158585,0.422230,-0.013049,0.132786,-0.251378,0.288169
1777417465.695131,-1.297085,0.692433,2.657966,-2.500365,-0.128112,-0.125221,-0.135503,0.177569,0.023714,-0.135503,0.321006,-1.276962,0.669979,2.621966,-2.433262,-0.118049,-0.101125,-0.161800,0.155441,0.000000,-0.161800,0.415756,-0.008816,0.131310,-0.251090,0.276132
1777417465.728319,-1.297085,0.692433,2.657966,-2.500365,-0.128112,-0.125221,-0.135503,0.177569,0.023714,-0.135503,0.321006,-1.280883,0.666573,2.616517,-2.419498,-0.117090,-0.103130,-0.165009,0.156032,0.000000,-0.165009,0.412908,-0.031031,0.117038,-0.259300,0.263438
1777417465.761787,-1.300776,0.688831,2.645934,-2.483675,-0.121061,-0.122954,-0.146091,0.170975,0.023264,-0.146091,0.293821,-1.284761,0.663110,2.610976,-2.405915,-0.116130,-0.105120,-0.168192,0.156641,0.000000,-0.168192,0.407499,0.008095,0.132933,-0.273621,0.325972
1777417465.795083,-1.306035,0.683523,2.640550,-2.467373,-0.118772,-0.125143,-0.149334,0.170909,0.023613,-0.149334,0.410619,-1.288636,0.659554,2.605286,-2.392371,-0.115160,-0.107115,-0.171384,0.157275,0.000000,-0.171384,0.406309,0.013340,0.132264,-0.263869,0.310780
1777417465.828356,-1.308942,0.680485,2.637606,-2.450171,-0.113027,-0.123838,-0.148881,0.166032,0.023327,-0.148881,0.378573,-1.292458,0.655951,2.599521,-2.379050,-0.114192,-0.109088,-0.174541,0.157924,0.000000,-0.174541,0.399637,0.004047,0.124665,-0.267517,0.299333
1777417465.861743,-1.308942,0.680485,2.637606,-2.450171,-0.113027,-0.123838,-0.148881,0.166032,0.023327,-0.148881,0.378573,-1.296243,0.652287,2.593659,-2.365893,-0.113223,-0.111047,-0.177676,0.158590,0.000000,-0.177676,0.394712,0.016677,0.126963,-0.276342,0.281902
1777417465.894984,-1.314759,0.674211,2.624755,-2.432396,-0.109653,-0.124995,-0.159835,0.164613,0.023448,-0.159835,0.333152,-1.300016,0.648538,2.587660,-2.352813,-0.112245,-0.113007,-0.180811,0.159278,0.000000,-0.180811,0.392389,0.055454,0.142356,-0.291563,0.339513
1777417465.928317,-1.317561,0.671094,2.618385,-2.414799,-0.104266,-0.123628,-0.163046,0.160067,0.023106,-0.163046,0.391008,-1.303732,0.644748,2.581597,-2.339970,-0.111271,-0.114942,-0.183906,0.159978,0.000000,-0.183906,0.385294,0.037092,0.131075,-0.281181,0.317539
1777417465.961673,-1.317561,0.671094,2.618385,-2.414799,-0.104266,-0.123628,-0.163046,0.160067,0.023106,-0.163046,0.391008,-1.307410,0.640900,2.575440,-2.327295,-0.110296,-0.116862,-0.186980,0.160692,0.000000,-0.186980,0.380251,0.048908,0.133203,-0.283596,0.295067
1777417465.995118,-1.322491,0.665448,2.615303,-2.396617,-0.101801,-0.125671,-0.162336,0.160034,0.023365,-0.162336,0.432976,-1.311072,0.636971,2.569153,-2.314716,-0.109313,-0.118780,-0.190048,0.161425,0.000000,-0.190048,0.377381,0.087510,0.148282,-0.299172,0.349462
1777417466.028316,-1.325689,0.661638,2.601353,-2.377724,-0.096807,-0.124549,-0.174321,0.156064,0.022982,-0.174321,0.397343,-1.314711,0.632966,2.562746,-2.302253,-0.108326,-0.120691,-0.193106,0.162175,0.000000,-0.193106,0.373880,0.074668,0.140063,-0.309182,0.322959
1777417466.061673,-1.325689,0.661638,2.601353,-2.377724,-0.096807,-0.124549,-0.174321,0.156064,0.022982,-0.174321,0.397343,-1.318293,0.628926,2.556282,-2.290027,-0.107342,-0.122577,-0.196123,0.162934,0.000000,-0.196123,0.366798,0.080327,0.139479,-0.297382,0.294199
1777417466.095095,-1.331257,0.654805,2.593119,-2.358566,-0.093954,-0.126134,-0.177948,0.155571,0.023124,-0.177948,0.363302,-1.321857,0.624806,2.549689,-2.277899,-0.106351,-0.124459,-0.199135,0.163709,0.000000,-0.199135,0.363827,0.118975,0.154094,-0.313536,0.346132
1777417466.128318,-1.334234,0.650988,2.590430,-2.339183,-0.088140,-0.123848,-0.174424,0.150306,0.022696,-0.174424,0.355292,-1.325388,0.620623,2.542996,-2.265925,-0.105357,-0.126329,-0.202126,0.164497,0.000000,-0.202126,0.359234,0.096165,0.141822,-0.313619,0.313692
1777417466.161756,-1.334234,0.650988,2.590430,-2.339183,-0.088140,-0.123848,-0.174424,0.150306,0.022696,-0.174424,0.355292,-1.328860,0.616409,2.536255,-2.254189,-0.104369,-0.128172,-0.205075,0.165290,0.000000,-0.205075,0.352067,0.102878,0.141411,-0.325096,0.280830
1777417466.195286,-1.339228,0.644427,2.577149,-2.319604,-0.085355,-0.125119,-0.184390,0.149757,0.022654,-0.184390,0.379517,-1.332354,0.612066,2.529306,-2.242419,-0.103362,-0.130031,-0.208050,0.166108,0.000000,-0.208050,0.353113,0.142379,0.155587,-0.342337,0.331532
1777417466.228356,-1.341987,0.640631,2.569498,-2.299788,-0.080044,-0.122888,-0.186651,0.144974,0.022157,-0.186651,0.374766,-1.335787,0.607697,2.522315,-2.230894,-0.102360,-0.131863,-0.210981,0.166929,0.000000,-0.210981,0.345740,0.123431,0.145244,-0.333373,0.297720
1777417466.261808,-1.341987,0.640631,2.569498,-2.299788,-0.080044,-0.122888,-0.186651,0.144974,0.022157,-0.186651,0.374766,-1.339175,0.603280,2.515248,-2.219553,-0.101359,-0.133676,-0.213881,0.167758,0.000000,-0.213881,0.340217,0.131126,0.144950,-0.335384,0.260893
1777417466.295121,-1.346863,0.633761,2.566031,-2.279923,-0.077471,-0.124431,-0.183773,0.144882,0.022231,-0.183773,0.387040,-1.342560,0.598763,2.508020,-2.208262,-0.100346,-0.135491,-0.216786,0.168604,0.000000,-0.216786,0.338755,0.171471,0.158581,-0.352994,0.311766
1777417466.328314,-1.346863,0.633761,2.566031,-2.279923,-0.077471,-0.124431,-0.183773,0.144882,0.022231,-0.183773,0.387040,-1.345894,0.594209,2.500734,-2.197177,-0.099337,-0.137284,-0.219654,0.169454,0.000000,-0.219654,0.332526,0.150477,0.147635,-0.364388,0.274685
1777417466.361763,-1.349972,0.629218,2.550919,-2.259999,-0.072927,-0.122588,-0.194871,0.140984,0.021675,-0.194871,0.365068,-1.349151,0.589656,2.493449,-2.186380,-0.098337,-0.139039,-0.222463,0.170300,0.000000,-0.222463,0.323910,0.190929,0.161208,-0.383044,0.323108
1777417466.395159,-1.351070,0.627392,2.542046,-2.240029,-0.065621,-0.116264,-0.196278,0.131896,0.020661,-0.196278,0.313982,-1.352415,0.584987,2.485979,-2.175594,-0.097323,-0.140803,-0.225285,0.171164,0.000000,-0.225285,0.323593,0.189838,0.158002,-0.371384,0.280666
1777417466.428360,-1.351070,0.627392,2.542046,-2.240029,-0.065621,-0.116264,-0.196278,0.131896,0.020661,-0.196278,0.313982,-1.355657,0.580243,2.478389,-2.164913,-0.096303,-0.142559,-0.228094,0.172039,0.000000,-0.228094,0.320422,0.215171,0.163356,-0.372089,0.242696
1777417466.461664,-1.355711,0.620419,2.539719,-2.221035,-0.064730,-0.119486,-0.193092,0.134290,0.020813,-0.193092,0.482828,-1.358832,0.575489,2.470782,-2.154481,-0.095291,-0.144282,-0.230852,0.172910,0.000000,-0.230852,0.312955,0.254846,0.175300,-0.390834,0.292415
1777417466.495092,-1.355711,0.620419,2.539719,-2.221035,-0.064730,-0.119486,-0.193092,0.134290,0.020813,-0.193092,0.482828,-1.362009,0.570624,2.462998,-2.144074,-0.094265,-0.146011,-0.233618,0.173796,0.000000,-0.233618,0.312229,0.231047,0.164632,-0.405347,0.254087
1777417466.528333,-1.361712,0.610597,2.521733,-2.200708,-0.063483,-0.122358,-0.205460,0.136271,0.020779,-0.205460,0.320900,-1.365136,0.565725,2.455160,-2.133855,-0.093242,-0.147717,-0.236347,0.174683,0.000000,-0.236347,0.306557,0.270906,0.176497,-0.425127,0.302482
1777417466.561690,-1.361712,0.610597,2.521733,-2.200708,-0.063483,-0.122358,-0.205460,0.136271,0.020779,-0.205460,0.320900,-1.368213,0.560795,2.447272,-2.123826,-0.092221,-0.149399,-0.239038,0.175570,0.000000,-0.239038,0.300873,0.223553,0.157101,-0.409081,0.257203
1777417466.595107,-1.364908,0.605241,2.511313,-2.181320,-0.059116,-0.119546,-0.207300,0.131841,0.020099,-0.207300,0.297436,-1.371272,0.555784,2.439254,-2.113880,-0.091193,-0.151075,-0.241720,0.176465,0.000000,-0.241720,0.298385,0.264834,0.169130,-0.428483,0.301975
1777417466.628354,-1.369913,0.596362,2.508539,-2.162158,-0.057129,-0.121131,-0.200086,0.132410,0.020102,-0.200086,0.305396,-1.374311,0.550693,2.431109,-2.104023,-0.090158,-0.152743,-0.244389,0.177367,0.000000,-0.244389,0.295706,0.258435,0.164227,-0.427626,0.260409
1777417466.661666,-1.369913,0.596362,2.508539,-2.162158,-0.057129,-0.121131,-0.200086,0.132410,0.020102,-0.200086,0.305396,-1.377288,0.545593,2.422949,-2.094384,-0.089130,-0.154382,-0.247011,0.178264,0.000000,-0.247011,0.289156,0.223287,0.149169,-0.442212,0.221394
1777417466.695143,-1.372452,0.591794,2.489890,-2.142943,-0.052693,-0.117148,-0.212021,0.127021,0.019128,-0.212021,0.286585,-1.380235,0.540432,2.414691,-2.084862,-0.088099,-0.156007,-0.249611,0.179163,0.000000,-0.249611,0.285677,0.267440,0.160836,-0.462560,0.266341
1777417466.728325,-1.372452,0.591794,2.489890,-2.142943,-0.052693,-0.117148,-0.212021,0.127021,0.019128,-0.212021,0.286585,-1.383162,0.535190,2.406304,-2.075418,-0.087059,-0.157625,-0.252200,0.180069,0.000000,-0.252200,0.283304,0.270385,0.158596,-0.446047,0.224631
1777417466.761728,-1.376854,0.583414,2.479447,-2.124295,-0.050869,-0.118175,-0.213317,0.127271,0.018847,-0.213317,0.294871,-1.386043,0.529916,2.397866,-2.066140,-0.086022,-0.159220,-0.254753,0.180972,0.000000,-0.254753,0.278353,0.313440,0.169566,-0.466302,0.269491
1777417466.795141,-1.376854,0.583414,2.479447,-2.124295,-0.050869,-0.118175,-0.213317,0.127271,0.018847,-0.213317,0.294871,-1.388903,0.524565,2.389303,-2.056942,-0.084978,-0.160807,-0.257292,0.181880,0.000000,-0.257292,0.275938,0.281823,0.156718,-0.466198,0.228205
1777417466.828369,-1.379438,0.578386,2.476577,-2.105847,-0.047089,-0.115244,-0.205652,0.123148,0.018253,-0.205652,0.295439,-1.391707,0.519199,2.380719,-2.047931,-0.083940,-0.162367,-0.259787,0.182781,0.000000,-0.259787,0.270322,0.325550,0.167606,-0.486935,0.271458
1777417466.861703,-1.379438,0.578386,2.476577,-2.105847,-0.047089,-0.115244,-0.205652,0.123148,0.018253,-0.205652,0.295439,-1.394497,0.513743,2.371989,-2.038976,-0.082891,-0.163921,-0.262274,0.183688,0.000000,-0.262274,0.268669,0.323736,0.164064,-0.502477,0.229256
1777417466.895184,-1.383951,0.569160,2.456453,-2.087633,-0.046117,-0.117262,-0.219091,0.124734,0.017850,-0.219091,0.286016,-1.397231,0.508276,2.363242,-2.030203,-0.081849,-0.165448,-0.264717,0.184587,0.000000,-0.264717,0.263172,0.366381,0.174180,-0.524137,0.271376
1777417466.928443,-1.383951,0.569160,2.456453,-2.087633,-0.046117,-0.117262,-0.219091,0.124734,0.017850,-0.219091,0.286016,-1.399955,0.502708,2.354334,-2.021466,-0.080795,-0.166972,-0.267155,0.185492,0.000000,-0.267155,0.262108,0.326955,0.160011,-0.506226,0.228922
1777417466.961735,-1.386506,0.563861,2.444877,-2.069766,-0.043215,-0.115200,-0.221876,0.121833,0.017179,-0.221876,0.302862,-1.402614,0.497152,2.345443,-2.012938,-0.079750,-0.168463,-0.269540,0.186386,0.000000,-0.269540,0.255847,0.370859,0.170163,-0.527542,0.270061
1777417466.995167,-1.386506,0.563861,2.444877,-2.069766,-0.043215,-0.115200,-0.221876,0.121833,0.017179,-0.221876,0.302862,-1.405270,0.491480,2.336368,-2.004421,-0.078691,-0.169954,-0.271926,0.187288,0.000000,-0.271926,0.255499,0.366612,0.166250,-0.526312,0.227648
1777417467.028363,-1.390978,0.554037,2.441355,-2.051941,-0.042350,-0.117976,-0.214163,0.124181,0.017057,-0.214163,0.291120,-1.407865,0.485814,2.327302,-1.996095,-0.077641,-0.171414,-0.274262,0.188177,0.000000,-0.274262,0.249789,0.409535,0.175659,-0.547960,0.267941
1777417467.061674,-1.393065,0.549326,2.418815,-2.034570,-0.040154,-0.116652,-0.232060,0.122292,0.016269,-0.232060,0.340698,-1.410426,0.480096,2.318154,-1.987871,-0.076588,-0.172857,-0.276572,0.189064,0.000000,-0.276572,0.246730,0.365204,0.161140,-0.563119,0.224883
1777417467.095150,-1.397498,0.538974,2.409568,-2.017568,-0.040830,-0.123124,-0.234749,0.128680,0.016375,-0.234749,0.420161,-1.412978,0.474273,2.308836,-1.979669,-0.075522,-0.174298,-0.278877,0.189956,0.000000,-0.278877,0.246052,0.369140,0.158719,-0.541014,0.186444
1777417467.128411,-1.397498,0.538974,2.409568,-2.017568,-0.040830,-0.123124,-0.234749,0.128680,0.016375,-0.234749,0.420161,-1.415457,0.468486,2.299578,-1.971688,-0.074470,-0.175701,-0.281122,0.190831,0.000000,-0.281122,0.239433,0.324823,0.144438,-0.544332,0.152282
1777417467.161673,-1.400309,0.532342,2.404267,-2.000382,-0.039336,-0.124370,-0.231664,0.129453,0.016038,-0.231664,0.383877,-1.417935,0.462575,2.290120,-1.963700,-0.073402,-0.177105,-0.283368,0.191713,0.000000,-0.283368,0.239634,0.372748,0.152848,-0.565628,0.192816
1777417467.195117,-1.404739,0.521065,2.379832,-1.984079,-0.040336,-0.131480,-0.252184,0.136610,0.015865,-0.252184,0.372312,-1.420371,0.456630,2.280609,-1.955830,-0.072334,-0.178488,-0.285581,0.192588,0.000000,-0.285581,0.236111,0.361404,0.147115,-0.577415,0.156295
1777417467.228322,-1.406895,0.515578,2.368571,-1.968759,-0.038942,-0.132404,-0.257366,0.137148,0.015413,-0.257366,0.407884,-1.422758,0.450674,2.271078,-1.948100,-0.071271,-0.179845,-0.287752,0.193452,0.000000,-0.287752,0.231882,0.310865,0.132004,-0.551563,0.123845
1777417467.261726,-1.406895,0.515578,2.368571,-1.968759,-0.038942,-0.132404,-0.257366,0.137148,0.015413,-0.257366,0.407884,-1.425125,0.444633,2.261412,-1.940415,-0.070199,-0.181193,-0.289909,0.194317,0.000000,-0.289909,0.230575,0.314119,0.128822,-0.550494,0.096564
1777417467.295112,-1.411479,0.503370,2.361685,-1.953751,-0.039814,-0.139979,-0.255351,0.144717,0.015375,-0.255351,0.350237,-1.427420,0.438642,2.251828,-1.932940,-0.069142,-0.182503,-0.292004,0.195161,0.000000,-0.292004,0.224236,0.365464,0.136297,-0.571805,0.140176
1777417467.328344,-1.413960,0.496477,2.335184,-1.939913,-0.039001,-0.141602,-0.277794,0.146136,0.014714,-0.277794,0.321544,-1.429729,0.432478,2.241964,-1.925394,-0.068060,-0.183822,-0.294115,0.196017,0.000000,-0.294115,0.226370,0.306571,0.121123,-0.579950,0.110790
1777417467.361752,-1.418741,0.482791,2.321937,-1.927042,-0.040425,-0.150512,-0.282733,0.155160,0.014605,-0.282733,0.298808,-1.431977,0.426337,2.232139,-1.918020,-0.066988,-0.185109,-0.296174,0.196857,0.000000,-0.296174,0.221236,0.299576,0.116123,-0.549797,0.091086
1777417467.395206,-1.418741,0.482791,2.321937,-1.927042,-0.040425,-0.150512,-0.282733,0.155160,0.014605,-0.282733,0.298808,-1.434200,0.420124,2.222198,-1.910697,-0.065910,-0.186383,-0.298212,0.197693,0.000000,-0.298212,0.219694,0.232993,0.100161,-0.544495,0.073448
1777417467.428391,-1.422088,0.473040,2.313176,-1.914411,-0.039240,-0.151187,-0.277308,0.155569,0.013988,-0.277308,0.205763,-1.436372,0.413911,2.212257,-1.903507,-0.064837,-0.187630,-0.300207,0.198516,0.000000,-0.300207,0.215682,0.290680,0.107865,-0.565552,0.115477
1777417467.461859,-1.422088,0.473040,2.313176,-1.914411,-0.039240,-0.151187,-0.277308,0.155569,0.013988,-0.277308,0.205763,-1.438503,0.407671,2.202274,-1.896416,-0.063765,-0.188855,-0.302168,0.199329,0.000000,-0.302168,0.212731,0.259501,0.099445,-0.569992,0.096079
1777417467.495044,-1.426674,0.459125,2.284761,-1.903067,-0.040210,-0.157306,-0.296581,0.161818,0.013301,-0.296581,0.189528,-1.440617,0.401336,2.192137,-1.889343,-0.062682,-0.190072,-0.304116,0.200141,0.000000,-0.304116,0.212187,0.315537,0.106870,-0.591801,0.134429
1777417467.528344,-1.428822,0.452481,2.271248,-1.892547,-0.038737,-0.156213,-0.299291,0.160447,0.012650,-0.299291,0.209223,-1.442708,0.394919,2.181871,-1.882306,-0.061590,-0.191278,-0.306045,0.200949,0.000000,-0.306045,0.211134,0.247024,0.092813,-0.558264,0.119544
1777417467.561796,-1.428822,0.452481,2.271248,-1.892547,-0.038737,-0.156213,-0.299291,0.160447,0.012650,-0.299291,0.209223,-1.444720,0.388595,2.171753,-1.875488,-0.060519,-0.192440,-0.307904,0.201732,0.000000,-0.307904,0.204529,0.247487,0.090498,-0.553111,0.108619
1777417467.595138,-1.433168,0.438748,2.264874,-1.882312,-0.039702,-0.163401,-0.293334,0.167705,0.012291,-0.293334,0.211607,-1.446727,0.382136,2.161417,-1.868641,-0.059431,-0.193601,-0.309761,0.202517,0.000000,-0.309761,0.205419,0.304831,0.097893,-0.574301,0.142833
1777417467.628352,-1.433168,0.438748,2.264874,-1.882312,-0.039702,-0.163401,-0.293334,0.167705,0.012291,-0.293334,0.211607,-1.448697,0.375642,2.151027,-1.861872,-0.058341,-0.194741,-0.311586,0.203293,0.000000,-0.311586,0.203063,0.239113,0.085921,-0.584059,0.131013
1777417467.661700,-1.436213,0.428736,2.234344,-1.872179,-0.038884,-0.163676,-0.313399,0.167841,0.011454,-0.313399,0.160745,-1.450613,0.369167,2.140667,-1.855232,-0.057260,-0.195852,-0.313364,0.204051,0.000000,-0.313364,0.199192,0.297945,0.093778,-0.606636,0.164511
1777417467.695189,-1.440708,0.413494,2.219770,-1.862518,-0.039814,-0.170730,-0.314221,0.174968,0.010970,-0.314221,0.169728,-1.452503,0.362620,2.130193,-1.848627,-0.056171,-0.196950,-0.315120,0.204804,0.000000,-0.315120,0.198165,0.265373,0.087331,-0.569399,0.148924
1777417467.728411,-1.440708,0.413494,2.219770,-1.862518,-0.039814,-0.170730,-0.314221,0.174968,0.010970,-0.314221,0.169728,-1.454354,0.356050,2.119680,-1.842101,-0.055083,-0.198026,-0.316841,0.205544,0.000000,-0.316841,0.195776,0.189322,0.074689,-0.562420,0.136902
1777417467.761801,-1.443055,0.405708,2.213898,-1.852981,-0.038580,-0.170324,-0.306723,0.174330,0.010373,-0.306723,0.193454,-1.456177,0.349413,2.109060,-1.835610,-0.053989,-0.199087,-0.318539,0.206278,0.000000,-0.318539,0.194713,0.251799,0.082747,-0.584222,0.168257
1777417467.795043,-1.443055,0.405708,2.213898,-1.852981,-0.038580,-0.170324,-0.306723,0.174330,0.010373,-0.306723,0.193454,-1.457963,0.342744,2.098390,-1.829188,-0.052894,-0.200128,-0.320204,0.207000,0.000000,-0.320204,0.192684,0.242445,0.080778,-0.595390,0.154793
1777417467.828338,-1.447294,0.390606,2.183344,-1.843126,-0.039384,-0.176776,-0.326344,0.180854,0.009616,-0.326344,0.163327,-1.459707,0.336057,2.087691,-1.822843,-0.051800,-0.201146,-0.321833,0.207708,0.000000,-0.321833,0.190324,0.301994,0.088379,-0.618401,0.184433
1777417467.861650,-1.449423,0.382896,2.168131,-1.833367,-0.037748,-0.174823,-0.327358,0.178629,0.008923,-0.327358,0.172480,-1.461412,0.329348,2.076956,-1.816570,-0.050706,-0.202142,-0.323427,0.208405,0.000000,-0.323427,0.188194,0.225259,0.077389,-0.581765,0.167244
1777417467.895200,-1.449423,0.382896,2.168131,-1.833367,-0.037748,-0.174823,-0.327358,0.178629,0.008923,-0.327358,0.172480,-1.463075,0.322633,2.066213,-1.810382,-0.049616,-0.203114,-0.324983,0.209086,0.000000,-0.324983,0.185662,0.218822,0.075719,-0.573972,0.151122
1777417467.928326,-1.453495,0.368077,2.161912,-1.823576,-0.038464,-0.182250,-0.319166,0.186078,0.008339,-0.319166,0.197457,-1.464730,0.315764,2.055223,-1.804139,-0.048505,-0.204083,-0.326533,0.209768,0.000000,-0.326533,0.187270,0.280148,0.082969,-0.596096,0.179389
1777417467.961694,-1.455643,0.359912,2.130672,-1.813547,-0.037371,-0.182473,-0.342269,0.186106,0.007587,-0.342269,0.205123,-1.466331,0.308934,2.044294,-1.798017,-0.047404,-0.205022,-0.328035,0.210431,0.000000,-0.328035,0.183657,0.208282,0.074357,-0.607221,0.163286
1777417467.995338,-1.455643,0.359912,2.130672,-1.813547,-0.037371,-0.182473,-0.342269,0.186106,0.007587,-0.342269,0.205123,-1.467892,0.302086,2.033338,-1.791962,-0.046304,-0.205938,-0.329501,0.211080,0.000000,-0.329501,0.181668,0.199334,0.072728,-0.568673,0.144790
1777417468.028408,-1.460221,0.342270,2.111804,-1.803246,-0.038211,-0.190633,-0.344605,0.194308,0.006731,-0.344605,0.168587,-1.469412,0.295230,2.022368,-1.785978,-0.045206,-0.206831,-0.330930,0.211714,0.000000,-0.330930,0.179512,0.262530,0.079584,-0.590804,0.172780
1777417468.061703,-1.460221,0.342270,2.111804,-1.803246,-0.038211,-0.190633,-0.344605,0.194308,0.006731,-0.344605,0.168587,-1.470883,0.288406,2.011449,-1.780097,-0.044117,-0.207696,-0.332313,0.212330,0.000000,-0.332313,0.176421,0.166002,0.069374,-0.576256,0.152106
1777417468.095198,-1.462731,0.332473,2.106757,-1.793082,-0.036779,-0.190122,-0.331732,0.193552,0.006040,-0.331732,0.178707,-1.472341,0.281440,2.000304,-1.774169,-0.043009,-0.208554,-0.333686,0.212943,0.000000,-0.333686,0.177837,0.230517,0.076136,-0.598541,0.178309
1777417468.128303,-1.466446,0.317442,2.077415,-1.783048,-0.037564,-0.199067,-0.353660,0.202512,0.005215,-0.353660,0.236495,-1.473763,0.274438,1.989101,-1.768283,-0.041898,-0.209392,-0.335027,0.213543,0.000000,-0.335027,0.176580,0.205909,0.073896,-0.612147,0.158672
1777417468.161663,-1.468340,0.309648,2.063101,-1.772766,-0.036106,-0.199108,-0.356342,0.202304,0.004569,-0.356342,0.239374,-1.475134,0.267484,1.977974,-1.762507,-0.040799,-0.210200,-0.336321,0.214123,0.000000,-0.336321,0.173287,0.136396,0.067621,-0.577889,0.139735
1777417468.195065,-1.471997,0.294289,2.057468,-1.762686,-0.036785,-0.209536,-0.351161,0.212706,0.003851,-0.351161,0.297521,-1.476481,0.260434,1.966694,-1.756719,-0.039687,-0.210996,-0.337593,0.214696,0.000000,-0.337593,0.173660,0.134824,0.067309,-0.571951,0.119600
1777417468.228318,-1.471997,0.294289,2.057468,-1.762686,-0.036785,-0.209536,-0.351161,0.212706,0.003851,-0.351161,0.297521,-1.477795,0.253334,1.955334,-1.750955,-0.038571,-0.211772,-0.338836,0.215256,0.000000,-0.338836,0.172905,0.066265,0.062174,-0.583568,0.102750
1777417468.261715,-1.474506,0.283674,2.029185,-1.752363,-0.036163,-0.213576,-0.372663,0.216596,0.002997,-0.372663,0.267597,-1.479051,0.246325,1.944120,-1.745328,-0.037472,-0.212515,-0.340024,0.215793,0.000000,-0.340024,0.168810,0.138182,0.067762,-0.606875,0.131836
1777417468.295166,-1.478158,0.267279,2.011721,-1.742459,-0.036679,-0.223482,-0.379242,0.226463,0.002036,-0.379242,0.246522,-1.480282,0.239230,1.932768,-1.739692,-0.036362,-0.213243,-0.341189,0.216321,0.000000,-0.341189,0.169068,0.110025,0.066207,-0.574251,0.110764
1777417468.328332,-1.480040,0.258815,2.003646,-1.733057,-0.035417,-0.224784,-0.375583,0.227553,0.001362,-0.375583,0.258610,-1.481484,0.232057,1.921291,-1.734054,-0.035243,-0.213955,-0.342329,0.216839,0.000000,-0.342329,0.169169,0.032412,0.061506,-0.562107,0.094169
1777417468.361686,-1.484254,0.239046,1.966910,-1.723382,-0.036208,-0.234791,-0.400161,0.237566,-0.000100,-0.400161,0.177143,-1.482634,0.224951,1.909922,-1.728524,-0.034138,-0.214637,-0.343420,0.217335,0.000000,-0.343420,0.165887,0.030608,0.061657,-0.568747,0.080671
1777417468.395154,-1.484254,0.239046,1.966910,-1.723382,-0.036208,-0.234791,-0.400161,0.237566,-0.000100,-0.400161,0.177143,-1.483757,0.217766,1.898426,-1.722986,-0.033022,-0.215303,-0.344485,0.217821,0.000000,-0.344485,0.166125,-0.073163,0.056952,-0.517556,0.064926
1777417468.428331,-1.486412,0.229387,1.949907,-1.714707,-0.035251,-0.236072,-0.404829,0.238687,-0.001030,-0.404829,0.214140,-1.484843,0.210553,1.886884,-1.717480,-0.031905,-0.215948,-0.345517,0.218292,0.000000,-0.345517,0.165194,0.005768,0.061170,-0.539077,0.094805
1777417468.461679,-1.489907,0.212181,1.943303,-1.706225,-0.035504,-0.244052,-0.394137,0.246611,-0.002228,-0.394137,0.180223,-1.485881,0.203387,1.875420,-1.712060,-0.030798,-0.216565,-0.346504,0.218744,0.000000,-0.346504,0.162608,-0.006718,0.061889,-0.527326,0.082961
1777417468.495097,-1.491670,0.203459,1.911327,-1.698402,-0.034246,-0.242337,-0.415379,0.244725,-0.003127,-0.415379,0.169308,-1.486888,0.196170,1.863872,-1.706648,-0.029685,-0.217163,-0.347462,0.219183,0.000000,-0.347462,0.162348,-0.086740,0.059687,-0.536329,0.071573
1777417468.528315,-1.491670,0.203459,1.911327,-1.698402,-0.034246,-0.242337,-0.415379,0.244725,-0.003127,-0.415379,0.169308,-1.487861,0.188904,1.852246,-1.701246,-0.028567,-0.217742,-0.348388,0.219608,0.000000,-0.348388,0.162063,-0.085723,0.060536,-0.494420,0.064317
1777417468.561682,-1.495186,0.185977,1.892530,-1.690854,-0.034694,-0.248791,-0.416375,0.251156,-0.004646,-0.416375,0.141648,-1.488791,0.181668,1.840668,-1.695910,-0.027455,-0.218296,-0.349274,0.220016,0.000000,-0.349274,0.160079,-0.007424,0.063801,-0.516195,0.092610
1777417468.595061,-1.496790,0.177774,1.887978,-1.683890,-0.033460,-0.247258,-0.404610,0.249454,-0.005342,-0.404610,0.164868,-1.489692,0.174343,1.828948,-1.690551,-0.026332,-0.218833,-0.350133,0.220411,0.000000,-0.350133,0.160770,-0.090980,0.063452,-0.500793,0.083985
1777417468.628302,-1.499842,0.161953,1.859367,-1.677046,-0.034109,-0.255616,-0.424722,0.257792,-0.006809,-0.424722,0.183346,-1.490551,0.167042,1.817267,-1.685250,-0.025215,-0.219345,-0.350952,0.220789,0.000000,-0.350952,0.159035,-0.085753,0.064922,-0.514363,0.079295
1777417468.661668,-1.499842,0.161953,1.859367,-1.677046,-0.034109,-0.255616,-0.424722,0.257792,-0.006809,-0.424722,0.183346,-1.491368,0.159765,1.805624,-1.680004,-0.024103,-0.219832,-0.351731,0.221150,0.000000,-0.351731,0.157361,-0.149989,0.065806,-0.479445,0.074238
1777417468.695095,-1.501901,0.151268,1.841225,-1.670200,-0.033390,-0.256160,-0.428507,0.258210,-0.007804,-0.428507,0.157807,-1.492155,0.152411,1.793858,-1.674740,-0.022982,-0.220302,-0.352482,0.221497,0.000000,-0.352482,0.157935,-0.070041,0.068360,-0.501508,0.100050
1777417468.728323,-1.504664,0.136049,1.835738,-1.663760,-0.033658,-0.263328,-0.419044,0.265315,-0.009068,-0.419044,0.168850,-1.492905,0.145036,1.782058,-1.669495,-0.021859,-0.220749,-0.353199,0.221829,0.000000,-0.353199,0.157336,-0.090236,0.070274,-0.487935,0.094000
1777417468.761631,-1.506184,0.127539,1.806456,-1.657370,-0.032659,-0.261790,-0.438053,0.263633,-0.009901,-0.438053,0.157465,-1.493614,0.137675,1.770281,-1.664294,-0.020740,-0.221173,-0.353877,0.222143,0.000000,-0.353877,0.156057,-0.150083,0.071914,-0.499928,0.089571
1777417468.794973,-1.509009,0.111441,1.791915,-1.651000,-0.033006,-0.269032,-0.438262,0.270811,-0.011346,-0.438262,0.156924,-1.494286,0.130300,1.758479,-1.659112,-0.019620,-0.221575,-0.354520,0.222442,0.000000,-0.354520,0.155440,-0.146609,0.073778,-0.463843,0.085091
1777417468.828308,-1.509009,0.111441,1.791915,-1.651000,-0.033006,-0.269032,-0.438262,0.270811,-0.011346,-0.438262,0.156924,-1.494922,0.122900,1.746639,-1.653943,-0.018497,-0.221955,-0.355128,0.222724,0.000000,-0.355128,0.155074,-0.211648,0.076287,-0.456700,0.080951
1777417468.861646,-1.510742,0.101822,1.784626,-1.644702,-0.032147,-0.268919,-0.429780,0.270559,-0.012203,-0.429780,0.158481,-1.495517,0.115530,1.734849,-1.648823,-0.017381,-0.222311,-0.355697,0.222989,0.000000,-0.355697,0.153605,-0.129823,0.077915,-0.479252,0.105784
1777417468.895143,-1.513115,0.087341,1.757014,-1.638533,-0.032243,-0.274863,-0.447897,0.276415,-0.013565,-0.447897,0.166628,-1.496078,0.108120,1.722992,-1.643700,-0.016260,-0.222646,-0.356234,0.223239,0.000000,-0.356234,0.153701,-0.139619,0.080619,-0.487919,0.099978
1777417468.928295,-1.514511,0.078553,1.741361,-1.632269,-0.031019,-0.272195,-0.447333,0.273587,-0.014238,-0.447333,0.141799,-1.496602,0.100673,1.711077,-1.638575,-0.015135,-0.222960,-0.356736,0.223473,0.000000,-0.356736,0.153728,-0.192304,0.083522,-0.455543,0.095544
1777417468.961751,-1.517056,0.062296,1.733583,-1.625967,-0.030906,-0.277014,-0.435326,0.278297,-0.015584,-0.435326,0.130461,-1.497088,0.093246,1.699193,-1.633487,-0.014014,-0.223251,-0.357201,0.223690,0.000000,-0.357201,0.152658,-0.190706,0.085686,-0.446637,0.090817
1777417468.995074,-1.517056,0.062296,1.733583,-1.625967,-0.030906,-0.277014,-0.435326,0.278297,-0.015584,-0.435326,0.130461,-1.497536,0.085795,1.687272,-1.628402,-0.012890,-0.223519,-0.357631,0.223891,0.000000,-0.357631,0.152528,-0.256299,0.089535,-0.453800,0.085563
1777417469.028310,-1.518576,0.052671,1.705307,-1.619654,-0.029708,-0.272156,-0.446485,0.273283,-0.016381,-0.446485,0.117160,-1.497948,0.078318,1.675309,-1.623320,-0.011764,-0.223766,-0.358026,0.224075,0.000000,-0.358026,0.152482,-0.174025,0.090133,-0.477250,0.109328
1777417469.061821,-1.518576,0.052671,1.705307,-1.619654,-0.029708,-0.272156,-0.446485,0.273283,-0.016381,-0.446485,0.117160,-1.498321,0.070882,1.663412,-1.618282,-0.010644,-0.223989,-0.358383,0.224242,0.000000,-0.358383,0.151137,-0.182221,0.093150,-0.443962,0.103003
1777417469.095070,-1.520604,0.038925,1.687937,-1.613443,-0.029125,-0.272389,-0.443295,0.273383,-0.017486,-0.443295,0.115052,-1.498656,0.063433,1.651493,-1.613250,-0.009524,-0.224190,-0.358704,0.224392,0.000000,-0.358704,0.150942,-0.105514,0.093686,-0.467073,0.124982
1777417469.128292,-1.521516,0.032561,1.684074,-1.607324,-0.027615,-0.268190,-0.429830,0.269020,-0.017803,-0.429830,0.151486,-1.498956,0.055921,1.639474,-1.608190,-0.008394,-0.224370,-0.358992,0.224527,0.000000,-0.358992,0.151798,-0.155819,0.097883,-0.455795,0.117804
1777417469.161670,-1.523460,0.018115,1.656426,-1.600819,-0.027187,-0.270839,-0.442815,0.271533,-0.019044,-0.442815,0.136462,-1.499215,0.048482,1.627572,-1.603192,-0.007276,-0.224526,-0.359241,0.224644,0.000000,-0.359241,0.149962,-0.136635,0.099861,-0.472060,0.111926
1777417469.195089,-1.523460,0.018115,1.656426,-1.600819,-0.027187,-0.270839,-0.442815,0.271533,-0.019044,-0.442815,0.136462,-1.499441,0.040946,1.615513,-1.598138,-0.006144,-0.224661,-0.359457,0.224745,0.000000,-0.359457,0.151611,-0.191293,0.104340,-0.440058,0.103485
1777417469.228312,-1.524471,0.011072,1.642899,-1.594298,-0.025830,-0.267304,-0.440736,0.267837,-0.019541,-0.440736,0.160177,-1.499626,0.033467,1.603547,-1.593132,-0.005021,-0.224772,-0.359635,0.224828,0.000000,-0.359635,0.150189,-0.114166,0.104135,-0.463655,0.126321
1777417469.261622,-1.525890,-0.000700,1.638694,-1.587683,-0.024966,-0.270934,-0.430087,0.271317,-0.020387,-0.430087,0.189638,-1.499775,0.025985,1.591576,-1.588131,-0.003898,-0.224861,-0.359778,0.224895,0.000000,-0.359778,0.150019,-0.104938,0.106748,-0.460408,0.117111
1777417469.295095,-1.528053,-0.020832,1.607546,-1.573937,-0.022672,-0.275455,-0.440065,0.275525,-0.021807,-0.440065,0.216282,-1.499886,0.018487,1.579580,-1.583125,-0.002773,-0.224928,-0.359885,0.224945,0.000000,-0.359885,0.150169,-0.138558,0.110541,-0.476164,0.108441
1777417469.328318,-1.528053,-0.020832,1.607546,-1.573937,-0.022672,-0.275455,-0.440065,0.275525,-0.021807,-0.440065,0.216282,-1.499961,0.010847,1.567356,-1.578029,-0.001627,-0.224973,-0.359956,0.224979,0.000000,-0.359956,0.152904,-0.243726,0.117895,-0.437502,0.068259
1777417469.361781,-1.528849,-0.027735,1.597338,-1.566766,-0.021152,-0.273235,-0.436531,0.273148,-0.022253,-0.436531,0.204915,-1.499996,0.003484,1.555575,-1.573119,-0.000523,-0.224994,-0.359990,0.224994,0.000000,-0.359990,0.147280,-0.163623,0.116132,-0.461444,0.093806
1777417469.395109,-1.529865,-0.039348,1.571428,-1.559724,-0.020086,-0.276263,-0.452777,0.276023,-0.023144,-0.452777,0.203427,-1.499995,-0.003994,1.543609,-1.568133,0.000599,-0.224993,-0.359989,0.224994,0.000000,-0.359989,0.149578,-0.152287,0.117924,-0.464587,0.081862
1777417469.428322,-1.530576,-0.048447,1.553345,-1.552610,-0.018420,-0.269315,-0.447350,0.268935,-0.023315,-0.447350,0.120692,-1.499956,-0.011514,1.531578,-1.563119,0.001727,-0.224970,-0.359952,0.224976,0.000000,-0.359952,0.150425,-0.182648,0.121362,-0.435985,0.074059
1777417469.461753,-1.530576,-0.048447,1.553345,-1.552610,-0.018420,-0.269315,-0.447350,0.268935,-0.023315,-0.447350,0.120692,-1.499879,-0.019027,1.519557,-1.558107,0.002854,-0.224924,-0.359878,0.224942,0.000000,-0.359878,0.150363,-0.187962,0.123333,-0.422597,0.065906
1777417469.495049,-1.531511,-0.061151,1.545719,-1.545940,-0.017096,-0.266606,-0.428655,0.266099,-0.023717,-0.428655,0.110036,-1.499766,-0.026498,1.507603,-1.553119,0.003975,-0.224856,-0.359769,0.224891,0.000000,-0.359769,0.149651,-0.113342,0.120903,-0.445763,0.090009
1777417469.528318,-1.531511,-0.061151,1.545719,-1.545940,-0.017096,-0.266606,-0.428655,0.266099,-0.023717,-0.428655,0.110036,-1.499613,-0.034055,1.495513,-1.548068,0.005109,-0.224764,-0.359623,0.224822,0.000000,-0.359623,0.151535,-0.155851,0.125397,-0.454350,0.082039
1777417469.561677,-1.531972,-0.067938,1.520690,-1.539581,-0.015689,-0.258071,-0.433912,0.257455,-0.023736,-0.433912,0.112046,-1.499425,-0.041500,1.483599,-1.543083,0.006227,-0.224652,-0.359442,0.224738,0.000000,-0.359442,0.149537,-0.083207,0.123020,-0.478944,0.105776
1777417469.595094,-1.531972,-0.067938,1.520690,-1.539581,-0.015689,-0.258071,-0.433912,0.257455,-0.023736,-0.433912,0.112046,-1.499199,-0.048993,1.471611,-1.538058,0.007353,-0.224516,-0.359225,0.224636,0.000000,-0.359225,0.150750,-0.075497,0.124491,-0.452976,0.097702
1777417469.628336,-1.532500,-0.078542,1.505359,-1.533327,-0.014387,-0.254263,-0.426451,0.253546,-0.023902,-0.426451,0.109503,-1.498935,-0.056474,1.459641,-1.533030,0.008477,-0.224357,-0.358972,0.224518,0.000000,-0.358972,0.150832,-0.008268,0.122301,-0.477062,0.120078
1777417469.661850,-1.532723,-0.083541,1.501833,-1.527164,-0.012834,-0.247546,-0.410056,0.246751,-0.023620,-0.410056,0.135109,-1.498633,-0.063967,1.447653,-1.527982,0.009604,-0.224176,-0.358682,0.224382,0.000000,-0.358682,0.151439,-0.038785,0.125937,-0.470807,0.112425
1777417469.695122,-1.532723,-0.083541,1.501833,-1.527164,-0.012834,-0.247546,-0.410056,0.246751,-0.023620,-0.410056,0.135109,-1.498294,-0.071434,1.435705,-1.522937,0.010727,-0.223973,-0.358357,0.224230,0.000000,-0.358357,0.151347,-0.017018,0.126160,-0.488427,0.105907
1777417469.728325,-1.533103,-0.096594,1.473067,-1.520555,-0.011545,-0.241806,-0.411662,0.240921,-0.023674,-0.411662,0.086080,-1.497919,-0.078885,1.423785,-1.517889,0.011849,-0.223748,-0.357997,0.224062,0.000000,-0.357997,0.151466,0.047050,0.123779,-0.513452,0.127440
1777417469.761667,-1.533103,-0.096594,1.473067,-1.520555,-0.011545,-0.241806,-0.411662,0.240921,-0.023674,-0.411662,0.086080,-1.497506,-0.086325,1.411880,-1.512829,0.012970,-0.223501,-0.357601,0.223877,0.000000,-0.357601,0.151780,-0.007819,0.128828,-0.480869,0.117769
1777417469.795010,-1.533188,-0.100943,1.461651,-1.514220,-0.010067,-0.233317,-0.402613,0.232375,-0.023244,-0.402613,0.122998,-1.497053,-0.093800,1.399920,-1.507727,0.014098,-0.223230,-0.357167,0.223674,0.000000,-0.357167,0.153065,0.056081,0.126348,-0.505141,0.138734
1777417469.828307,-1.533198,-0.110755,1.458367,-1.507569,-0.008409,-0.232770,-0.386664,0.231774,-0.023100,-0.386664,0.146108,-1.496567,-0.101192,1.388093,-1.502661,0.015214,-0.222939,-0.356702,0.223457,0.000000,-0.356702,0.151976,0.078500,0.126343,-0.507211,0.130331
1777417469.861653,-1.533158,-0.114929,1.434924,-1.500749,-0.007046,-0.227700,-0.399064,0.226649,-0.022966,-0.399064,0.177927,-1.496040,-0.108641,1.376174,-1.497533,0.016339,-0.222623,-0.356197,0.223222,0.000000,-0.356197,0.153837,0.050669,0.129041,-0.525472,0.120162
1777417469.895067,-1.532906,-0.124823,1.423355,-1.493522,-0.005208,-0.229327,-0.396483,0.228241,-0.022896,-0.396483,0.189361,-1.495478,-0.116031,1.364350,-1.492422,0.017457,-0.222287,-0.355660,0.222972,0.000000,-0.355660,0.153326,0.075631,0.128148,-0.503472,0.111140
1777417469.928312,-1.532906,-0.124823,1.423355,-1.493522,-0.005208,-0.229327,-0.396483,0.228241,-0.022896,-0.396483,0.189361,-1.494875,-0.123466,1.352454,-1.487255,0.018583,-0.221927,-0.355083,0.222703,0.000000,-0.355083,0.155028,0.047852,0.130258,-0.504308,0.100059
1777417469.961742,-1.532688,-0.130811,1.417174,-1.486113,-0.003431,-0.225954,-0.386432,0.224854,-0.022530,-0.386432,0.184361,-1.494238,-0.130847,1.340645,-1.482097,0.019703,-0.221546,-0.354473,0.222420,0.000000,-0.354473,0.154741,0.109700,0.126893,-0.528495,0.123286
1777417469.995121,-1.532194,-0.140547,1.392376,-1.478826,-0.001595,-0.227993,-0.401325,0.226883,-0.022528,-0.401325,0.200832,-1.493552,-0.138338,1.328659,-1.476832,0.020840,-0.221136,-0.353817,0.222116,0.000000,-0.353817,0.157946,0.114496,0.126928,-0.540786,0.111005
1777417470.028322,-1.531882,-0.145865,1.379403,-1.471496,0.000040,-0.224732,-0.400869,0.223629,-0.022239,-0.400869,0.198435,-1.492853,-0.145560,1.317104,-1.471726,0.021938,-0.220718,-0.353149,0.221806,0.000000,-0.353149,0.153184,0.086834,0.128893,-0.515960,0.101678
1777417470.061658,-1.531016,-0.157199,1.371986,-1.463952,0.002361,-0.226517,-0.390230,0.225477,-0.021808,-0.390230,0.170406,-1.492099,-0.152945,1.305287,-1.466471,0.023063,-0.220268,-0.352429,0.221472,0.000000,-0.352429,0.157632,0.098211,0.127882,-0.513045,0.089517
1777417470.095080,-1.530552,-0.162368,1.345347,-1.456649,0.003844,-0.222910,-0.406175,0.221898,-0.021570,-0.406175,0.189840,-1.491313,-0.160266,1.293574,-1.461228,0.024180,-0.219799,-0.351679,0.221125,0.000000,-0.351679,0.157298,0.057081,0.130209,-0.521800,0.080709
1777417470.128365,-1.530280,-0.164995,1.332173,-1.449450,0.005101,-0.216438,-0.405160,0.215464,-0.021136,-0.405160,0.187996,-1.490486,-0.167602,1.281836,-1.455937,0.025301,-0.219306,-0.350890,0.220761,0.000000,-0.350890,0.158736,0.073058,0.128303,-0.491490,0.071934
1777417470.161669,-1.529315,-0.173413,1.326627,-1.442647,0.007232,-0.218055,-0.397440,0.217191,-0.020695,-0.397440,0.211249,-1.489626,-0.174893,1.270171,-1.450640,0.026417,-0.218793,-0.350069,0.220382,0.000000,-0.350069,0.158897,0.111198,0.124631,-0.487385,0.064903
1777417470.194979,-1.527747,-0.185531,1.300703,-1.436030,0.009783,-0.223869,-0.414802,0.223153,-0.020385,-0.414802,0.202982,-1.488728,-0.182170,1.258528,-1.445314,0.027532,-0.218258,-0.349213,0.219988,0.000000,-0.349213,0.159798,0.095079,0.124616,-0.498599,0.059660
1777417470.228286,-1.526875,-0.191959,1.287523,-1.429801,0.011516,-0.223619,-0.417041,0.223018,-0.020023,-0.417041,0.205469,-1.487787,-0.189465,1.246855,-1.439931,0.028653,-0.217699,-0.348318,0.219576,0.000000,-0.348318,0.161487,0.046749,0.126612,-0.468597,0.055885
1777417470.261654,-1.525177,-0.202922,1.280442,-1.423850,0.014197,-0.228309,-0.411433,0.227927,-0.019384,-0.411433,0.193669,-1.486819,-0.196670,1.235328,-1.434571,0.029762,-0.217123,-0.347396,0.219153,0.000000,-0.347396,0.160787,0.052248,0.124842,-0.463521,0.054525
1777417470.295075,-1.524162,-0.209299,1.254034,-1.418193,0.015665,-0.227463,-0.429259,0.227201,-0.019094,-0.429259,0.175886,-1.485808,-0.203903,1.223756,-1.429145,0.030877,-0.216522,-0.346434,0.218712,0.000000,-0.346434,0.162795,0.015943,0.125610,-0.470605,0.053555
1777417470.328295,-1.522108,-0.220769,1.239089,-1.412786,0.018299,-0.231323,-0.430560,0.231321,-0.018328,-0.430560,0.150389,-1.484758,-0.211125,1.212200,-1.423678,0.031994,-0.215898,-0.345436,0.218255,0.000000,-0.345436,0.164010,0.022986,0.123503,-0.438546,0.055042
1777417470.361651,-1.520970,-0.226837,1.231800,-1.407728,0.019796,-0.229293,-0.423107,0.229465,-0.017691,-0.423107,0.146684,-1.483674,-0.218305,1.200712,-1.418193,0.033106,-0.215254,-0.344407,0.217785,0.000000,-0.344407,0.164558,-0.016165,0.124256,-0.428843,0.057382
1777417470.394961,-1.520970,-0.226837,1.231800,-1.407728,0.019796,-0.229293,-0.423107,0.229465,-0.017691,-0.423107,0.146684,-1.482544,-0.225518,1.189171,-1.412630,0.034226,-0.214584,-0.343334,0.217296,0.000000,-0.343334,0.166890,-0.005078,0.121547,-0.434639,0.060923
1777417470.428312,-1.518644,-0.237805,1.206216,-1.402773,0.022230,-0.231451,-0.435849,0.231909,-0.016789,-0.435849,0.123077,-1.481397,-0.232588,1.177859,-1.407124,0.035326,-0.213904,-0.342246,0.216801,0.000000,-0.342246,0.165177,0.059113,0.115589,-0.455760,0.087940
1777417470.461753,-1.517268,-0.244619,1.190285,-1.398008,0.023413,-0.227771,-0.434261,0.228404,-0.016096,-0.434261,0.108175,-1.480198,-0.239721,1.166446,-1.401512,0.036439,-0.213194,-0.341110,0.216285,0.000000,-0.341110,0.168347,0.020090,0.116072,-0.424984,0.089318
1777417470.495068,-1.514783,-0.255027,1.183879,-1.393406,0.026111,-0.229962,-0.424221,0.230961,-0.014878,-0.424221,0.123314,-1.478960,-0.246841,1.155054,-1.395852,0.037553,-0.212461,-0.339938,0.215754,0.000000,-0.339938,0.169806,0.021561,0.114638,-0.413163,0.093442
1777417470.528332,-1.513444,-0.260480,1.158102,-1.388581,0.027239,-0.226633,-0.438267,0.227817,-0.014280,-0.438267,0.129438,-1.477687,-0.253929,1.143713,-1.390157,0.038664,-0.211708,-0.338733,0.215210,0.000000,-0.338733,0.170860,-0.009582,0.114228,-0.420683,0.097704
1777417470.561704,-1.510703,-0.270896,1.145104,-1.383577,0.030110,-0.228849,-0.436089,0.230455,-0.013011,-0.436089,0.133783,-1.476386,-0.260937,1.132500,-1.384463,0.039766,-0.210940,-0.337504,0.214655,0.000000,-0.337504,0.170812,0.005374,0.111189,-0.388775,0.100722
1777417470.595154,-1.509125,-0.276843,1.138072,-1.378321,0.031478,-0.224769,-0.424418,0.226639,-0.012099,-0.424418,0.125074,-1.475040,-0.267969,1.121250,-1.378685,0.040875,-0.210145,-0.336232,0.214083,0.000000,-0.336232,0.173335,-0.025964,0.110544,-0.381879,0.102403
1777417470.628338,-1.509125,-0.276843,1.138072,-1.378321,0.031478,-0.224769,-0.424418,0.226639,-0.012099,-0.424418,0.125074,-1.473654,-0.274984,1.110026,-1.372853,0.041985,-0.209328,-0.334924,0.213497,0.000000,-0.334924,0.174966,-0.014919,0.107702,-0.387449,0.104036
1777417470.661663,-1.506020,-0.287361,1.113559,-1.372844,0.034202,-0.224769,-0.432421,0.227106,-0.010669,-0.432421,0.116455,-1.472241,-0.281923,1.098923,-1.367014,0.043086,-0.208495,-0.333593,0.212901,0.000000,-0.333593,0.175150,0.047987,0.102150,-0.407718,0.129327
1777417470.695135,-1.504457,-0.292711,1.100879,-1.367310,0.035460,-0.220684,-0.428922,0.223297,-0.009868,-0.428922,0.139727,-1.470786,-0.288860,1.087825,-1.361106,0.044189,-0.207639,-0.332222,0.212289,0.000000,-0.332222,0.177241,0.011979,0.101658,-0.378386,0.127932
1777417470.728373,-1.504457,-0.292711,1.100879,-1.367310,0.035460,-0.220684,-0.428922,0.223297,-0.009868,-0.428922,0.139727,-1.469292,-0.295782,1.076749,-1.355136,0.045294,-0.206760,-0.330816,0.211663,0.000000,-0.330816,0.179123,0.024916,0.098916,-0.372400,0.127367
1777417470.761680,-1.501047,-0.303478,1.092992,-1.361306,0.038429,-0.219942,-0.414018,0.223125,-0.008151,-0.414018,0.116839,-1.467735,-0.302786,1.065543,-1.349016,0.046416,-0.205846,-0.329353,0.211014,0.000000,-0.329353,0.183593,0.084462,0.093866,-0.392262,0.152138
1777417470.795149,-1.499441,-0.308445,1.069760,-1.355186,0.039547,-0.215377,-0.423465,0.218851,-0.007447,-0.423465,0.150261,-1.466203,-0.309486,1.054822,-1.343083,0.047493,-0.204947,-0.327915,0.210378,0.000000,-0.327915,0.177982,0.044419,0.093961,-0.397253,0.149857
1777417470.828303,-1.496000,-0.318603,1.058071,-1.348541,0.042838,-0.216184,-0.417372,0.220310,-0.005870,-0.417372,0.154964,-1.464599,-0.316313,1.043899,-1.336957,0.048594,-0.204007,-0.326411,0.209714,0.000000,-0.326411,0.183770,0.056843,0.091210,-0.370036,0.143288
1777417470.861660,-1.494402,-0.322958,1.053801,-1.341582,0.044418,-0.212471,-0.406338,0.217006,-0.005020,-0.406338,0.202065,-1.462967,-0.323072,1.033085,-1.330809,0.049687,-0.203051,-0.324882,0.209042,0.000000,-0.324882,0.184445,0.022810,0.090800,-0.366025,0.139365
1777417470.895070,-1.490977,-0.332370,1.032054,-1.334087,0.048021,-0.214574,-0.417080,0.219852,-0.003637,-0.417080,0.217851,-1.461288,-0.329842,1.022253,-1.324563,0.050787,-0.202069,-0.323311,0.208354,0.000000,-0.323311,0.187392,0.042672,0.086968,-0.377104,0.132889
1777417470.928304,-1.488891,-0.338100,1.019609,-1.326147,0.049735,-0.210740,-0.412802,0.216511,-0.002790,-0.412802,0.192168,-1.459573,-0.336577,1.011477,-1.318259,0.051885,-0.201067,-0.321708,0.207654,0.000000,-0.321708,0.189108,0.015614,0.085961,-0.352795,0.125689
1777417470.961721,-1.488891,-0.338100,1.019609,-1.326147,0.049735,-0.210740,-0.412802,0.216511,-0.002790,-0.412802,0.192168,-1.457828,-0.343252,1.000797,-1.311919,0.052977,-0.200049,-0.320079,0.206945,0.000000,-0.320079,0.190207,0.023441,0.083146,-0.346726,0.116893
1777417470.995070,-1.485355,-0.346963,1.014271,-1.318288,0.053335,-0.211604,-0.402075,0.218219,-0.001222,-0.402075,0.214067,-1.456049,-0.349885,0.990185,-1.305524,0.054067,-0.199012,-0.318420,0.206226,0.000000,-0.318420,0.191848,0.081489,0.077518,-0.365856,0.144491
1777417471.028307,-1.483065,-0.353111,0.991332,-1.310183,0.054928,-0.208023,-0.410693,0.215152,-0.000529,-0.410693,0.190969,-1.454220,-0.356532,0.979548,-1.299016,0.055163,-0.197948,-0.316716,0.205490,0.000000,-0.316716,0.195238,0.055264,0.076351,-0.374821,0.135474
1777417471.061661,-1.478618,-0.364367,0.978866,-1.302013,0.058501,-0.208292,-0.402224,0.216349,0.001087,-0.402224,0.161148,-1.452367,-0.363099,0.969042,-1.292487,0.056251,-0.196871,-0.314993,0.204749,0.000000,-0.314993,0.195888,0.055945,0.074629,-0.348048,0.127074
1777417471.095094,-1.476875,-0.368329,0.975622,-1.294154,0.059904,-0.204432,-0.390715,0.213021,0.001791,-0.390715,0.234601,-1.450476,-0.369634,0.958585,-1.285885,0.057338,-0.195773,-0.313237,0.203997,0.000000,-0.313237,0.198063,0.009751,0.075874,-0.341679,0.118179
1777417471.128292,-1.476875,-0.368329,0.975622,-1.294154,0.059904,-0.204432,-0.390715,0.213021,0.001791,-0.390715,0.234601,-1.448538,-0.376172,0.948124,-1.279172,0.058430,-0.194649,-0.311438,0.203230,0.000000,-0.311438,0.201376,0.032074,0.071318,-0.354104,0.112133
1777417471.161650,-1.472829,-0.377784,0.955861,-1.285770,0.063262,-0.204704,-0.395656,0.214234,0.003150,-0.395656,0.195022,-1.446578,-0.382621,0.937807,-1.272442,0.059512,-0.193515,-0.309623,0.202459,0.000000,-0.309623,0.201908,0.088565,0.065246,-0.373607,0.142803
1777417471.195093,-1.470864,-0.382347,0.945985,-1.277880,0.064835,-0.202045,-0.393412,0.212159,0.003734,-0.393412,0.251430,-1.444567,-0.389081,0.927470,-1.265585,0.060601,-0.192352,-0.307763,0.201672,0.000000,-0.307763,0.205701,0.055087,0.065595,-0.353039,0.133049
1777417471.228316,-1.465470,-0.395068,0.916129,-1.261485,0.069482,-0.200528,-0.400611,0.212162,0.005143,-0.400611,0.254650,-1.442535,-0.395457,0.917269,-1.258702,0.061681,-0.191178,-0.305885,0.200882,0.000000,-0.305885,0.206476,0.068332,0.062519,-0.351994,0.127849
1777417471.261690,-1.465470,-0.395068,0.916129,-1.261485,0.069482,-0.200528,-0.400611,0.212162,0.005143,-0.400611,0.254650,-1.440462,-0.401806,0.907110,-1.251728,0.062762,-0.189983,-0.303972,0.200081,0.000000,-0.303972,0.209227,0.006712,0.066874,-0.309716,0.083890
1777417471.295074,-1.459161,-0.408880,0.902298,-1.244829,0.074938,-0.200009,-0.387427,0.213474,0.006944,-0.387427,0.255964,-1.438362,-0.408087,0.897060,-1.244707,0.063836,-0.188774,-0.302039,0.199275,0.000000,-0.302039,0.210622,0.063399,0.059665,-0.327105,0.117666
1777417471.328453,-1.457195,-0.412889,0.901140,-1.236732,0.075875,-0.195967,-0.373148,0.210012,0.007425,-0.373148,0.232260,-1.436204,-0.414396,0.886967,-1.237529,0.064920,-0.187533,-0.300053,0.198452,0.000000,-0.300053,0.215358,-0.009157,0.064688,-0.316917,0.074032
1777417471.361704,-1.457195,-0.412889,0.901140,-1.236732,0.075875,-0.195967,-0.373148,0.210012,0.007425,-0.373148,0.232260,-1.434025,-0.420618,0.877010,-1.230318,0.065995,-0.186282,-0.298052,0.197627,0.000000,-0.298052,0.216336,0.012008,0.059691,-0.332669,0.073479
1777417471.395134,-1.451457,-0.425034,0.877061,-1.228653,0.080189,-0.198918,-0.382666,0.214292,0.008802,-0.382666,0.181670,-1.431814,-0.426788,0.867139,-1.223036,0.067067,-0.185015,-0.296024,0.196795,0.000000,-0.296024,0.218466,0.067176,0.052039,-0.351078,0.108393
1777417471.428371,-1.446466,-0.435495,0.870441,-1.221322,0.084115,-0.201715,-0.374247,0.218323,0.009962,-0.374247,0.199246,-1.429549,-0.432964,0.857257,-1.215608,0.068145,-0.183719,-0.293950,0.195950,0.000000,-0.293950,0.222835,0.008005,0.056819,-0.320565,0.105327
1777417471.461632,-1.443416,-0.441813,0.848737,-1.214029,0.084847,-0.198039,-0.381129,0.215201,0.010340,-0.381129,0.163036,-1.427260,-0.439067,0.847493,-1.208128,0.069216,-0.182411,-0.291857,0.195102,0.000000,-0.291857,0.224395,-0.032277,0.059772,-0.324827,0.107201
1777417471.495109,-1.438730,-0.451252,0.839554,-1.207027,0.088112,-0.199644,-0.375726,0.217930,0.011312,-0.375726,0.188140,-1.424933,-0.445128,0.837795,-1.200554,0.070286,-0.181084,-0.289734,0.194246,0.000000,-0.289734,0.227225,-0.032859,0.058292,-0.298102,0.108447
1777417471.528394,-1.438730,-0.451252,0.839554,-1.207027,0.088112,-0.199644,-0.375726,0.217930,0.011312,-0.375726,0.188140,-1.422578,-0.451129,0.828194,-1.192907,0.071352,-0.179742,-0.287588,0.193387,0.000000,-0.287588,0.229397,-0.062502,0.060229,-0.296115,0.111760
1777417471.561671,-1.435610,-0.457379,0.834372,-1.199820,0.088976,-0.196199,-0.363210,0.215108,0.011796,-0.363210,0.169293,-1.420194,-0.457068,0.818692,-1.185189,0.072413,-0.178387,-0.285419,0.192524,0.000000,-0.285419,0.231542,-0.005479,0.052069,-0.312789,0.146588
1777417471.595106,-1.430999,-0.466448,0.815629,-1.192707,0.091587,-0.196631,-0.368657,0.216552,0.012533,-0.368657,0.174877,-1.417757,-0.463003,0.809195,-1.177320,0.073479,-0.177004,-0.283207,0.191650,0.000000,-0.283207,0.236083,-0.008266,0.051187,-0.319482,0.147117
1777417471.628312,-1.428599,-0.471055,0.806589,-1.185467,0.091711,-0.192247,-0.362424,0.212621,0.012727,-0.362424,0.182756,-1.415285,-0.468892,0.799774,-1.169351,0.074543,-0.175604,-0.280966,0.190770,0.000000,-0.280966,0.239058,-0.037692,0.054083,-0.298564,0.149563
1777417471.661679,-1.428599,-0.471055,0.806589,-1.185467,0.091711,-0.192247,-0.362424,0.212621,0.012727,-0.362424,0.182756,-1.412795,-0.474694,0.790489,-1.161335,0.075599,-0.174195,-0.278712,0.189892,0.000000,-0.278712,0.240472,-0.024940,0.051467,-0.296748,0.151326
1777417471.695004,-1.423362,-0.480961,0.800650,-1.177631,0.093598,-0.190461,-0.345733,0.211787,0.013488,-0.345733,0.140835,-1.410244,-0.480507,0.781188,-1.153136,0.076663,-0.172755,-0.276407,0.189001,0.000000,-0.276407,0.245973,0.027779,0.043985,-0.313150,0.185383
1777417471.728294,-1.421071,-0.485211,0.783119,-1.169864,0.093277,-0.185360,-0.349664,0.207064,0.013538,-0.349664,0.184932,-1.407680,-0.486221,0.772047,-1.144905,0.077716,-0.171310,-0.274096,0.188114,0.000000,-0.274096,0.246936,-0.012795,0.049058,-0.318223,0.184287
1777417471.761670,-1.416088,-0.494384,0.774183,-1.161472,0.095671,-0.184848,-0.340978,0.207654,0.014200,-0.340978,0.179722,-1.405058,-0.491938,0.762899,-1.136491,0.078777,-0.169835,-0.271735,0.187215,0.000000,-0.271735,0.252433,0.000196,0.046804,-0.299353,0.182441
1777417471.795079,-1.416088,-0.494384,0.774183,-1.161472,0.095671,-0.184848,-0.340978,0.207654,0.014200,-0.340978,0.179722,-1.402423,-0.497557,0.753909,-1.128039,0.079826,-0.168355,-0.269368,0.186321,0.000000,-0.269368,0.253532,-0.032457,0.051260,-0.297503,0.180321
1777417471.828485,-1.413674,-0.498657,0.771380,-1.152772,0.096007,-0.180734,-0.328798,0.204147,0.014370,-0.328798,0.230335,-1.399754,-0.503123,0.745004,-1.119483,0.080873,-0.166860,-0.266975,0.185425,0.000000,-0.266975,0.256693,0.019341,0.043736,-0.313562,0.214897
1777417471.861680,-1.408908,-0.507212,0.753441,-1.143317,0.098534,-0.180451,-0.333535,0.205063,0.014856,-0.333535,0.220948,-1.397037,-0.508668,0.736131,-1.110767,0.081923,-0.165340,-0.264543,0.184523,0.000000,-0.264543,0.261485,0.028533,0.042190,-0.324394,0.209677
1777417471.895062,-1.406169,-0.512014,0.743966,-1.133369,0.097963,-0.174516,-0.324948,0.199583,0.014812,-0.324948,0.200650,-1.394280,-0.514170,0.727328,-1.101923,0.082973,-0.163801,-0.262081,0.183617,0.000000,-0.262081,0.265307,-0.001906,0.047138,-0.304433,0.202873
1777417471.928312,-1.406169,-0.512014,0.743966,-1.133369,0.097963,-0.174516,-0.324948,0.199583,0.014812,-0.324948,0.200650,-1.391493,-0.519613,0.718619,-1.092974,0.084019,-0.162248,-0.259596,0.182712,0.000000,-0.259596,0.268489,0.003830,0.046315,-0.300986,0.194743
1777417471.961682,-1.401785,-0.519610,0.740534,-1.123072,0.099921,-0.173034,-0.311373,0.199236,0.015163,-0.311373,0.231663,-1.388688,-0.524971,0.710047,-1.083960,0.085057,-0.160688,-0.257101,0.181811,0.000000,-0.257101,0.270419,0.052165,0.038972,-0.316562,0.232024
1777417471.995123,-1.398718,-0.524848,0.721428,-1.112072,0.099186,-0.166959,-0.313803,0.193618,0.015002,-0.313803,0.203847,-1.385831,-0.530309,0.701506,-1.074769,0.086099,-0.159103,-0.254564,0.180905,0.000000,-0.254564,0.275719,0.027568,0.043577,-0.325515,0.221126
1777417472.028372,-1.398718,-0.524848,0.721428,-1.112072,0.099186,-0.166959,-0.313803,0.193618,0.015002,-0.313803,0.203847,-1.382946,-0.535582,0.693069,-1.065476,0.087137,-0.157505,-0.252008,0.180002,0.000000,-0.252008,0.278806,0.026434,0.044310,-0.302546,0.209840
1777417472.061749,-1.393807,-0.533186,0.712081,-1.100684,0.100654,-0.164650,-0.304181,0.192383,0.015150,-0.304181,0.211634,-1.380029,-0.540797,0.684725,-1.056065,0.088171,-0.155893,-0.249429,0.179100,0.000000,-0.249429,0.282318,0.072303,0.037081,-0.317515,0.248193
1777417472.095068,-1.391610,-0.536848,0.710209,-1.089166,0.100575,-0.160027,-0.291523,0.188411,0.015005,-0.291523,0.295208,-1.377065,-0.545979,0.676433,-1.046486,0.089208,-0.154259,-0.246814,0.178196,0.000000,-0.246814,0.287367,0.039147,0.044186,-0.313803,0.234379
1777417472.128420,-1.391610,-0.536848,0.710209,-1.089166,0.100575,-0.160027,-0.291523,0.188411,0.015005,-0.291523,0.295208,-1.374055,-0.551126,0.668199,-1.036742,0.090246,-0.152603,-0.244165,0.177291,0.000000,-0.244165,0.292322,0.050745,0.042824,-0.325180,0.222367
1777417472.161683,-1.386591,-0.545196,0.694151,-1.076664,0.102514,-0.158637,-0.292666,0.188280,0.015015,-0.292666,0.248311,-1.371062,-0.556132,0.660189,-1.027029,0.091264,-0.150960,-0.241535,0.176403,0.000000,-0.241535,0.291391,0.094406,0.035626,-0.340480,0.263101
1777417472.195117,-1.383762,-0.549788,0.684952,-1.063920,0.101839,-0.153082,-0.285192,0.183272,0.014721,-0.285192,0.253389,-1.367986,-0.561163,0.652139,-1.017026,0.092297,-0.149275,-0.238839,0.175504,0.000000,-0.238839,0.300081,0.058528,0.044206,-0.323015,0.244169
1777417472.228374,-1.378951,-0.557670,0.681861,-1.051052,0.104520,-0.153064,-0.273976,0.184762,0.014697,-0.273976,0.314261,-1.364898,-0.566101,0.644239,-1.006962,0.093320,-0.147587,-0.236139,0.174615,0.000000,-0.236139,0.301925,0.059775,0.045101,-0.318923,0.229917
1777417472.261687,-1.376577,-0.561476,0.665187,-1.037646,0.104614,-0.149038,-0.280753,0.181523,0.014347,-0.280753,0.349766,-1.361758,-0.571013,0.636380,-0.996697,0.094347,-0.145874,-0.233399,0.173726,0.000000,-0.233399,0.307945,0.030554,0.053079,-0.326910,0.214339
1777417472.295149,-1.376577,-0.561476,0.665187,-1.037646,0.104614,-0.149038,-0.280753,0.181523,0.014347,-0.280753,0.349766,-1.358612,-0.575822,0.628684,-0.986389,0.095362,-0.144163,-0.230660,0.172849,0.000000,-0.230660,0.309262,0.040140,0.052066,-0.307190,0.199759
1777417472.328336,-1.371643,-0.569386,0.654919,-1.023713,0.107006,-0.148625,-0.277234,0.182597,0.014074,-0.277234,0.316038,-1.355365,-0.580674,0.620921,-0.975720,0.096396,-0.142400,-0.227841,0.171959,0.000000,-0.227841,0.320053,0.082479,0.043615,-0.320413,0.244428
1777417472.361836,-1.368414,-0.574358,0.650967,-1.009731,0.106437,-0.143722,-0.263951,0.178322,0.013646,-0.263951,0.276277,-1.352173,-0.585337,0.613461,-0.965201,0.097399,-0.140672,-0.225075,0.171100,0.000000,-0.225075,0.315577,0.051155,0.053237,-0.313257,0.229336
1777417472.395293,-1.368414,-0.574358,0.650967,-1.009731,0.106437,-0.143722,-0.263951,0.178322,0.013646,-0.263951,0.276277,-1.348894,-0.590018,0.605971,-0.954362,0.098417,-0.138901,-0.222241,0.170233,0.000000,-0.222241,0.325151,0.047105,0.055528,-0.318298,0.209625
1777417472.428383,-1.362423,-0.583688,0.632585,-0.995597,0.107165,-0.141468,-0.263986,0.177002,0.012961,-0.263986,0.215989,-1.345589,-0.594629,0.598594,-0.943406,0.099429,-0.137120,-0.219392,0.169375,0.000000,-0.219392,0.328709,0.088280,0.046824,-0.331486,0.259042
1777417472.461740,-1.362423,-0.583688,0.632585,-0.995597,0.107165,-0.141468,-0.263986,0.177002,0.012961,-0.263986,0.215989,-1.342269,-0.599155,0.591352,-0.932361,0.100434,-0.135335,-0.216536,0.168531,0.000000,-0.216536,0.331320,0.042658,0.061295,-0.307398,0.241633
1777417472.495110,-1.359016,-0.588898,0.621946,-0.981458,0.103861,-0.133458,-0.251725,0.168672,0.012163,-0.251725,0.193280,-1.338901,-0.603641,0.584174,-0.921123,0.101440,-0.133529,-0.213646,0.167691,0.000000,-0.213646,0.337160,0.083072,0.052584,-0.319573,0.287764
1777417472.528422,-1.359016,-0.588898,0.621946,-0.981458,0.103861,-0.133458,-0.251725,0.168672,0.012163,-0.251725,0.193280,-1.335506,-0.608058,0.577108,-0.909759,0.102442,-0.131713,-0.210741,0.166862,0.000000,-0.210741,0.340913,0.074609,0.057427,-0.310498,0.270952
1777417472.561684,-1.359016,-0.588898,0.621946,-0.981458,0.103861,-0.133458,-0.251725,0.168672,0.012163,-0.251725,0.193280,-1.332092,-0.612395,0.570167,-0.898294,0.103438,-0.129892,-0.207827,0.166046,0.000000,-0.207827,0.343959,0.112814,0.049394,-0.322470,0.317038
1777417472.595108,-1.359016,-0.588898,0.621946,-0.981458,0.103861,-0.133458,-0.251725,0.168672,0.012163,-0.251725,0.193280,-1.328598,-0.616731,0.563231,-0.886520,0.104444,-0.128033,-0.204852,0.165230,0.000000,-0.204852,0.353225,0.147813,0.042541,-0.334509,0.360131
1777417472.628345,-1.352985,-0.598000,0.618726,-0.966866,0.100009,-0.125544,-0.221938,0.160130,0.011024,-0.221938,0.140581,-1.325128,-0.620934,0.556506,-0.874788,0.105431,-0.126191,-0.201906,0.164438,0.000000,-0.201906,0.351941,0.180547,0.036738,-0.346768,0.403478
1777417472.661784,-1.351576,-0.600225,0.602791,-0.952654,0.097415,-0.119167,-0.226339,0.153570,0.010329,-0.226339,0.290876,-1.321586,-0.625122,0.549804,-0.862773,0.106427,-0.124316,-0.198906,0.163649,0.000000,-0.198906,0.360453,0.129875,0.054978,-0.352785,0.379046
1777417472.695094,-1.351576,-0.600225,0.602791,-0.952654,0.097415,-0.119167,-0.226339,0.153570,0.010329,-0.226339,0.290876,-1.318026,-0.629231,0.543230,-0.850655,0.107416,-0.122436,-0.195898,0.162876,0.000000,-0.195898,0.363539,0.144998,0.054183,-0.332937,0.362521
1777417472.728326,-1.346707,-0.607542,0.594051,-0.936775,0.098066,-0.117379,-0.219174,0.152660,0.009474,-0.219174,0.278704,-1.314447,-0.633260,0.536784,-0.838437,0.108398,-0.120552,-0.192884,0.162120,0.000000,-0.192884,0.366543,0.178131,0.047729,-0.344235,0.405926
1777417472.761741,-1.344567,-0.610719,0.592488,-0.920153,0.097745,-0.113631,-0.209247,0.149620,0.008949,-0.209247,0.429790,-1.310832,-0.637231,0.530430,-0.826055,0.109378,-0.118654,-0.189847,0.161377,0.000000,-0.189847,0.371466,0.143968,0.062508,-0.337966,0.380862
1777417472.795012,-1.339788,-0.617729,0.577469,-0.902335,0.101601,-0.115403,-0.218499,0.153536,0.008209,-0.218499,0.579297,-1.307148,-0.641177,0.524117,-0.813396,0.110366,-0.116725,-0.186761,0.160641,0.000000,-0.186761,0.379764,0.148845,0.064362,-0.345799,0.355986
1777417472.828361,-1.336427,-0.622424,0.567956,-0.882147,0.102050,-0.112178,-0.216273,0.151465,0.007505,-0.216273,0.443361,-1.303464,-0.645025,0.517960,-0.800695,0.111342,-0.114802,-0.183682,0.159926,0.000000,-0.183682,0.381016,0.119436,0.078142,-0.326326,0.330238
1777417472.861671,-1.336427,-0.622424,0.567956,-0.882147,0.102050,-0.112178,-0.216273,0.151465,0.007505,-0.216273,0.443361,-1.299639,-0.648917,0.511733,-0.787474,0.112343,-0.112811,-0.180497,0.159208,0.000000,-0.180497,0.396639,0.111761,0.083579,-0.316966,0.294144
1777417472.895113,-1.329983,-0.631498,0.562568,-0.861415,0.104787,-0.112474,-0.206073,0.153595,0.006247,-0.206073,0.374629,-1.295974,-0.652551,0.505919,-0.774765,0.113292,-0.110908,-0.177453,0.158542,0.000000,-0.177453,0.381280,0.146510,0.074345,-0.326613,0.353134
1777417472.928354,-1.326905,-0.635710,0.544347,-0.841056,0.104468,-0.108740,-0.214618,0.150695,0.005370,-0.214618,0.431296,-1.292189,-0.656208,0.500067,-0.761605,0.114260,-0.108949,-0.174318,0.157877,0.000000,-0.174318,0.394785,0.097422,0.096265,-0.325105,0.308792
1777417472.961847,-1.326905,-0.635710,0.544347,-0.841056,0.104468,-0.108740,-0.214618,0.150695,0.005370,-0.214618,0.431296,-1.288342,-0.659827,0.494276,-0.748194,0.115234,-0.106963,-0.171141,0.157226,0.000000,-0.171141,0.402351,0.094848,0.100223,-0.297372,0.279861
1777417472.995106,-1.321332,-0.643419,0.534759,-0.820717,0.107488,-0.109489,-0.213261,0.153380,0.004004,-0.213261,0.470917,-1.284498,-0.663348,0.488644,-0.734760,0.116195,-0.104985,-0.167977,0.156599,0.000000,-0.167977,0.403013,0.128972,0.089917,-0.305551,0.338867
1777417473.028323,-1.317772,-0.648031,0.531386,-0.800110,0.107417,-0.106124,-0.203346,0.150966,0.003135,-0.203346,0.436272,-1.280597,-0.666824,0.483081,-0.721093,0.117160,-0.102984,-0.164774,0.155988,0.000000,-0.164774,0.410018,0.093328,0.108721,-0.294343,0.305879
1777417473.061732,-1.311531,-0.656182,0.514366,-0.780030,0.111350,-0.107933,-0.212574,0.155068,0.001584,-0.212574,0.499164,-1.276692,-0.670210,0.477663,-0.707380,0.118115,-0.100987,-0.161578,0.155401,0.000000,-0.161578,0.411377,0.086566,0.114525,-0.295412,0.276813
1777417473.095125,-1.308593,-0.660013,0.506711,-0.759894,0.112141,-0.105623,-0.211878,0.154050,0.000681,-0.211878,0.591336,-1.272736,-0.673545,0.472328,-0.693464,0.119072,-0.098970,-0.158351,0.154833,0.000000,-0.158351,0.417487,0.049205,0.134655,-0.268438,0.250202
1777417473.128306,-1.302230,-0.667918,0.502777,-0.739628,0.116769,-0.107653,-0.206329,0.158819,-0.000821,-0.206329,0.580880,-1.268737,-0.676822,0.467085,-0.679370,0.120028,-0.096937,-0.155099,0.154284,0.000000,-0.155099,0.422828,0.051671,0.136900,-0.259535,0.227358
1777417473.161665,-1.298645,-0.672276,0.485729,-0.719706,0.117703,-0.105737,-0.216725,0.158211,-0.001929,-0.216725,0.545964,-1.264720,-0.680019,0.461969,-0.665189,0.120978,-0.094902,-0.151843,0.153760,0.000000,-0.151843,0.425421,0.018035,0.156183,-0.257976,0.205821
1777417473.195085,-1.298645,-0.672276,0.485729,-0.719706,0.117703,-0.105737,-0.216725,0.158211,-0.001929,-0.216725,0.545964,-1.260647,-0.683167,0.456932,-0.650790,0.121931,-0.092845,-0.148551,0.153256,0.000000,-0.148551,0.431974,0.016699,0.159892,-0.229402,0.186506
1777417473.228308,-1.291815,-0.680398,0.474787,-0.700275,0.121631,-0.107442,-0.217769,0.162245,-0.003775,-0.217769,0.473768,-1.256593,-0.686209,0.452066,-0.636441,0.122869,-0.090804,-0.145286,0.152781,0.000000,-0.145286,0.430453,0.052341,0.145625,-0.234692,0.257784
1777417473.261705,-1.287941,-0.684780,0.471300,-0.682008,0.122126,-0.105276,-0.210452,0.161168,-0.004744,-0.210452,0.470337,-1.252500,-0.689188,0.447300,-0.621945,0.123806,-0.088750,-0.142000,0.152330,0.000000,-0.142000,0.434895,0.015107,0.168267,-0.217757,0.236848
1777417473.295081,-1.280181,-0.693274,0.454163,-0.664037,0.125766,-0.106938,-0.217854,0.164948,-0.006705,-0.217854,0.384130,-1.248330,-0.692131,0.442590,-0.607163,0.124750,-0.086664,-0.138663,0.151899,0.000000,-0.138663,0.443456,0.011758,0.173153,-0.215604,0.224803
1777417473.328311,-1.276405,-0.697404,0.446285,-0.646613,0.124993,-0.104013,-0.214309,0.162427,-0.007710,-0.214309,0.391293,-1.244124,-0.695007,0.437989,-0.592250,0.125692,-0.084568,-0.135308,0.151493,0.000000,-0.135308,0.447398,-0.027375,0.196887,-0.185479,0.217261
1777417473.361732,-1.276405,-0.697404,0.446285,-0.646613,0.124993,-0.104013,-0.214309,0.162427,-0.007710,-0.214309,0.391293,-1.239965,-0.697761,0.433583,-0.577503,0.126613,-0.082501,-0.132002,0.151120,0.000000,-0.132002,0.442415,-0.026102,0.200177,-0.173368,0.211614
1777417473.395089,-1.270389,-0.703846,0.443240,-0.629952,0.128321,-0.105011,-0.207937,0.165553,-0.009261,-0.207937,0.484727,-1.235738,-0.700470,0.429248,-0.562517,0.127539,-0.080409,-0.128654,0.150771,0.000000,-0.128654,0.449562,0.009262,0.185060,-0.176956,0.279010
1777417473.428388,-1.265761,-0.708373,0.427567,-0.612772,0.127974,-0.102587,-0.214028,0.163692,-0.010319,-0.214028,0.374084,-1.231474,-0.703114,0.425018,-0.547407,0.128464,-0.078304,-0.125287,0.150448,0.000000,-0.125287,0.453306,-0.013225,0.202007,-0.174671,0.274232
1777417473.461725,-1.258561,-0.715277,0.420795,-0.596562,0.131974,-0.103902,-0.211530,0.167551,-0.011812,-0.211530,0.437570,-1.227176,-0.705689,0.420897,-0.532190,0.129386,-0.076191,-0.121905,0.150153,0.000000,-0.121905,0.456500,-0.019063,0.208643,-0.146437,0.266997
1777417473.495008,-1.254359,-0.719216,0.417056,-0.579608,0.131489,-0.101095,-0.203629,0.165384,-0.012568,-0.203629,0.392442,-1.222836,-0.708200,0.416879,-0.516846,0.130307,-0.074064,-0.118503,0.149885,0.000000,-0.118503,0.460328,-0.046090,0.227020,-0.135559,0.264792
1777417473.528328,-1.254359,-0.719216,0.417056,-0.579608,0.131489,-0.101095,-0.203629,0.165384,-0.012568,-0.203629,0.392442,-1.218471,-0.710637,0.412980,-0.501436,0.131224,-0.071933,-0.115093,0.149647,0.000000,-0.115093,0.462312,-0.045412,0.230727,-0.130751,0.260263
1777417473.561788,-1.246973,-0.725800,0.404578,-0.562654,0.134398,-0.101349,-0.206608,0.167743,-0.014033,-0.206608,0.383943,-1.214094,-0.712993,0.409211,-0.486014,0.132134,-0.069803,-0.111686,0.149438,0.000000,-0.111686,0.462649,-0.010817,0.216175,-0.133509,0.329354
1777417473.595094,-1.242405,-0.729656,0.396898,-0.545486,0.133119,-0.097934,-0.202057,0.164611,-0.014655,-0.202057,0.348129,-1.209682,-0.715280,0.405552,-0.470504,0.133041,-0.067665,-0.108264,0.149260,0.000000,-0.108264,0.465288,-0.037815,0.235179,-0.110821,0.320235
1777417473.628356,-1.242405,-0.729656,0.396898,-0.545486,0.133119,-0.097934,-0.202057,0.164611,-0.014655,-0.202057,0.348129,-1.205206,-0.717513,0.401980,-0.454812,0.133952,-0.065503,-0.104805,0.149110,0.000000,-0.104805,0.470772,-0.039269,0.239972,-0.097306,0.311993
1777417473.661700,-1.234843,-0.735736,0.393502,-0.528281,0.135461,-0.097173,-0.192743,0.165975,-0.015647,-0.192743,0.355017,-1.200742,-0.719653,0.398556,-0.439210,0.134851,-0.063355,-0.101368,0.148992,0.000000,-0.101368,0.468054,-0.006066,0.226743,-0.099165,0.379565
1777417473.694978,-1.230521,-0.739060,0.381441,-0.510467,0.133736,-0.093391,-0.194147,0.162316,-0.016144,-0.194147,0.359950,-1.196213,-0.721737,0.395221,-0.423436,0.135754,-0.061184,-0.097895,0.148904,0.000000,-0.097895,0.473218,-0.031591,0.244655,-0.094303,0.366596
1777417473.728280,-1.223295,-0.744211,0.376816,-0.492526,0.137361,-0.092817,-0.189609,0.164923,-0.016833,-0.189609,0.475597,-1.191698,-0.723729,0.392033,-0.407771,0.136644,-0.059028,-0.094445,0.148849,0.000000,-0.094445,0.469947,-0.030173,0.248310,-0.071586,0.355298
1777417473.761680,-1.219235,-0.747032,0.374339,-0.473080,0.136619,-0.089073,-0.181395,0.162199,-0.017042,-0.181395,0.460640,-1.187111,-0.725668,0.388931,-0.391922,0.137539,-0.056846,-0.090953,0.148824,0.000000,-0.090953,0.475474,-0.048182,0.260852,-0.063383,0.341274
1777417473.795079,-1.219235,-0.747032,0.374339,-0.473080,0.136619,-0.089073,-0.181395,0.162199,-0.017042,-0.181395,0.460640,-1.182504,-0.727530,0.385953,-0.376080,0.138430,-0.054662,-0.087460,0.148831,0.000000,-0.087460,0.475267,-0.042391,0.261776,-0.059512,0.325457
1777417473.828333,-1.212325,-0.751416,0.366468,-0.453405,0.139916,-0.087732,-0.181529,0.164208,-0.017580,-0.181529,0.529629,-1.177908,-0.729303,0.383115,-0.360354,0.139308,-0.052492,-0.083988,0.148870,0.000000,-0.083988,0.471789,-0.010266,0.249664,-0.060605,0.391517
1777417473.861681,-1.207616,-0.754284,0.360905,-0.432834,0.139616,-0.084074,-0.177266,0.162005,-0.017759,-0.177266,0.479681,-1.173233,-0.731022,0.380365,-0.344449,0.140193,-0.050294,-0.080471,0.148942,0.000000,-0.080471,0.477126,-0.025176,0.260290,-0.045626,0.368884
1777417473.895092,-1.200021,-0.758442,0.358848,-0.412544,0.143948,-0.082583,-0.170896,0.164982,-0.017940,-0.170896,0.580308,-1.168546,-0.732662,0.377741,-0.328595,0.141071,-0.048099,-0.076958,0.149046,0.000000,-0.076958,0.475639,-0.023831,0.263211,-0.034957,0.347602
1777417473.928308,-1.195351,-0.760929,0.350680,-0.390776,0.143341,-0.078560,-0.170158,0.162459,-0.018038,-0.170158,0.502802,-1.163772,-0.734247,0.375205,-0.312551,0.141956,-0.045872,-0.073395,0.149184,0.000000,-0.073395,0.481326,-0.038943,0.272154,-0.031191,0.326606
1777417473.961628,-1.187586,-0.764545,0.347296,-0.369405,0.147485,-0.076395,-0.165409,0.165119,-0.017991,-0.165409,0.592824,-1.159092,-0.735719,0.372850,-0.296931,0.142815,-0.043698,-0.069917,0.149351,0.000000,-0.069917,0.468585,-0.034565,0.272944,-0.014858,0.303715
1777417473.995128,-1.183419,-0.766412,0.345660,-0.347635,0.147340,-0.072363,-0.158622,0.163179,-0.017839,-0.158622,0.600931,-1.154315,-0.737139,0.370577,-0.281099,0.143683,-0.041488,-0.066380,0.149553,0.000000,-0.066380,0.474958,-0.047475,0.278783,-0.007775,0.276266
1777417474.028338,-1.183419,-0.766412,0.345660,-0.347635,0.147340,-0.072363,-0.158622,0.163179,-0.017839,-0.158622,0.600931,-1.149488,-0.738492,0.368413,-0.265227,0.144551,-0.039264,-0.062822,0.149789,0.000000,-0.062822,0.476164,-0.038455,0.276276,-0.004168,0.255690
1777417474.061690,-1.175405,-0.769508,0.340313,-0.325736,0.150531,-0.069407,-0.155476,0.164826,-0.017587,-0.155476,0.527769,-1.144683,-0.739756,0.366390,-0.249554,0.145407,-0.037059,-0.059295,0.150055,0.000000,-0.059295,0.470203,-0.007461,0.265860,-0.003787,0.329048
1777417474.095165,-1.170932,-0.771167,0.337175,-0.304774,0.149996,-0.065359,-0.150382,0.162697,-0.017336,-0.150382,0.545724,-1.139813,-0.740957,0.364469,-0.233802,0.146265,-0.034834,-0.055734,0.150356,0.000000,-0.055734,0.472560,-0.021121,0.270928,0.007514,0.300292
1777417474.128298,-1.162380,-0.773807,0.335604,-0.283889,0.153328,-0.062130,-0.142692,0.164593,-0.016697,-0.142692,0.493028,-1.134915,-0.742083,0.362668,-0.218104,0.147119,-0.032606,-0.052170,0.150689,0.000000,-0.052170,0.470924,-0.014399,0.269322,0.014641,0.280279
1777417474.161882,-1.158579,-0.774864,0.331876,-0.263588,0.152641,-0.058110,-0.139861,0.162509,-0.016333,-0.139861,0.605164,-1.130021,-0.743128,0.360996,-0.202563,0.147965,-0.030389,-0.048622,0.151053,0.000000,-0.048622,0.466252,-0.027751,0.271752,0.018735,0.260220
1777417474.195130,-1.151037,-0.776558,0.330114,-0.243157,0.156546,-0.054829,-0.135197,0.165142,-0.015525,-0.135197,0.650127,-1.125046,-0.744109,0.359426,-0.186920,0.148815,-0.028145,-0.045032,0.151453,0.000000,-0.045032,0.469286,-0.015976,0.267016,0.027376,0.242213
1777417474.228352,-1.146735,-0.777466,0.329194,-0.222759,0.156364,-0.050796,-0.129351,0.163722,-0.014997,-0.129351,0.624144,-1.120076,-0.745009,0.357985,-0.171454,0.149656,-0.025914,-0.041462,0.151883,0.000000,-0.041462,0.463977,-0.022174,0.264695,0.032282,0.227528
1777417474.261747,-1.138660,-0.778716,0.326619,-0.202802,0.160148,-0.047164,-0.125539,0.166365,-0.013941,-0.125539,0.591703,-1.115084,-0.745834,0.356666,-0.156082,0.150493,-0.023682,-0.037891,0.152345,0.000000,-0.037891,0.461139,-0.012263,0.259805,0.035612,0.210312
1777417474.295114,-1.133535,-0.779476,0.325032,-0.183050,0.158720,-0.042820,-0.118825,0.163863,-0.013213,-0.118825,0.463433,-1.110050,-0.746586,0.355462,-0.140756,0.151328,-0.021442,-0.034307,0.152839,0.000000,-0.034307,0.459798,-0.020024,0.255383,0.042446,0.196271
1777417474.328354,-1.125665,-0.780048,0.324716,-0.164876,0.161828,-0.038895,-0.112456,0.166017,-0.011806,-0.112456,0.527595,-1.104967,-0.747267,0.354373,-0.125452,0.152162,-0.019190,-0.030704,0.153368,0.000000,-0.030704,0.459102,-0.013149,0.250304,0.047482,0.183985
1777417474.361861,-1.121053,-0.780353,0.323433,-0.146877,0.160161,-0.034790,-0.106537,0.163528,-0.010976,-0.106537,0.457447,-1.099891,-0.747868,0.353411,-0.110353,0.152988,-0.016952,-0.027122,0.153924,0.000000,-0.027122,0.452978,-0.018350,0.242558,0.050101,0.179319
1777417474.395120,-1.121053,-0.780353,0.323433,-0.146877,0.160161,-0.034790,-0.106537,0.163528,-0.010976,-0.106537,0.457447,-1.094768,-0.748397,0.352565,-0.095303,0.153812,-0.014703,-0.023525,0.154513,0.000000,-0.023525,0.451508,-0.008433,0.235918,0.054795,0.172791
1777417474.428307,-1.113347,-0.780298,0.323161,-0.129848,0.161976,-0.030509,-0.099694,0.164563,-0.009279,-0.099694,0.434805,-1.089650,-0.748848,0.351844,-0.080452,0.154628,-0.012467,-0.019947,0.155129,0.000000,-0.019947,0.445514,0.021237,0.231178,0.057149,0.247674
1777417474.461648,-1.108827,-0.780317,0.322898,-0.113660,0.160352,-0.026724,-0.093329,0.162348,-0.008365,-0.093329,0.431637,-1.084479,-0.749226,0.351238,-0.065645,0.155443,-0.010219,-0.016350,0.155779,0.000000,-0.016350,0.444234,0.015181,0.221915,0.060150,0.239752
1777417474.495142,-1.099123,-0.779881,0.322665,-0.097359,0.161152,-0.021984,-0.084189,0.162525,-0.006215,-0.084189,0.294183,-1.079276,-0.749530,0.350753,-0.050943,0.156256,-0.007967,-0.012747,0.156459,0.000000,-0.012747,0.441041,0.023900,0.216335,0.063288,0.237220
1777417474.528359,-1.099123,-0.779881,0.322665,-0.097359,0.161152,-0.021984,-0.084189,0.162525,-0.006215,-0.084189,0.294183,-1.074045,-0.749758,0.350387,-0.036367,0.157065,-0.005714,-0.009143,0.157169,0.000000,-0.009143,0.437292,0.009856,0.205283,0.066495,0.233000
1777417474.561789,-1.095237,-0.779273,0.323511,-0.082153,0.158660,-0.017994,-0.077093,0.159601,-0.004914,-0.077093,0.405200,-1.068828,-0.749910,0.350143,-0.022031,0.157864,-0.003479,-0.005566,0.157902,0.000000,-0.005566,0.430069,0.038936,0.204060,0.069498,0.300147
1777417474.595004,-1.086887,-0.778369,0.323365,-0.066066,0.159237,-0.013418,-0.069796,0.159775,-0.002877,-0.069796,0.334172,-1.063534,-0.749989,0.350018,-0.007694,0.158666,-0.001221,-0.001953,0.158671,0.000000,-0.001953,0.430108,0.049697,0.196201,0.070917,0.293845
1777417474.628327,-1.086887,-0.778369,0.323365,-0.066066,0.159237,-0.013418,-0.069796,0.159775,-0.002877,-0.069796,0.334172,-1.058223,-0.749992,0.350013,0.006476,0.159463,0.001033,0.001652,0.159466,0.000000,0.001652,0.425096,0.040675,0.185333,0.074505,0.286321
1777417474.661663,-1.082037,-0.777562,0.324763,-0.050051,0.154798,-0.009211,-0.060259,0.155065,-0.001455,-0.060259,0.300411,-1.052929,-0.749921,0.350127,0.020392,0.160250,0.003268,0.005229,0.160283,0.000000,0.005229,0.417487,0.068428,0.186623,0.078096,0.347210
1777417474.695081,-1.074949,-0.776187,0.325491,-0.034127,0.155524,-0.004695,-0.053852,0.155593,0.000614,-0.053852,0.401506,-1.047561,-0.749774,0.350362,0.034284,0.161039,0.005523,0.008837,0.161134,0.000000,0.008837,0.416767,0.073868,0.179536,0.078974,0.332517
1777417474.728310,-1.071046,-0.775374,0.325932,-0.017136,0.151866,-0.000928,-0.047524,0.151859,0.001675,-0.047524,0.389065,-1.042156,-0.749551,0.350718,0.048051,0.161826,0.007782,0.012451,0.162013,0.000000,0.012451,0.413000,0.069675,0.167954,0.081383,0.321312
1777417474.761680,-1.063360,-0.773486,0.328144,0.000439,0.153165,0.004081,-0.039780,0.153167,0.004014,-0.039780,0.441158,-1.036745,-0.749254,0.351193,0.061616,0.162607,0.010032,0.016051,0.162916,0.000000,0.016051,0.406950,0.080299,0.162937,0.084582,0.304685
1777417474.795082,-1.063360,-0.773486,0.328144,0.000439,0.153165,0.004081,-0.039780,0.153167,0.004014,-0.039780,0.441158,-1.031321,-0.748883,0.351787,0.074992,0.163381,0.012275,0.019640,0.163841,0.000000,0.019640,0.401277,0.073583,0.148796,0.084362,0.284945
1777417474.828320,-1.058057,-0.772053,0.329755,0.019190,0.149305,0.008367,-0.031650,0.149439,0.005501,-0.031650,0.356146,-1.025873,-0.748437,0.352500,0.088207,0.164151,0.014517,0.023227,0.164791,0.000000,0.023227,0.396447,0.101203,0.153275,0.088859,0.342345
1777417474.861734,-1.050713,-0.769945,0.330267,0.037368,0.150121,0.013246,-0.026593,0.150511,0.007628,-0.026593,0.454281,-1.020401,-0.747917,0.353332,0.101257,0.164916,0.016756,0.026810,0.165765,0.000000,0.026810,0.391523,0.104162,0.144943,0.090317,0.314216
1777417474.894972,-1.047007,-0.768776,0.333134,0.056078,0.146985,0.016873,-0.018999,0.147700,0.008608,-0.018999,0.482829,-1.014852,-0.747317,0.354293,0.114266,0.165685,0.019015,0.030424,0.166772,0.000000,0.030424,0.390258,0.097874,0.131695,0.094213,0.289558
1777417474.928432,-1.038878,-0.766156,0.334681,0.075425,0.148333,0.022119,-0.013041,0.149578,0.010879,-0.013041,0.468128,-1.009308,-0.746645,0.355369,0.127037,0.166445,0.021259,0.034015,0.167797,0.000000,0.034015,0.383123,0.109184,0.127331,0.093592,0.265017
1777417474.961690,-1.038878,-0.766156,0.334681,0.075425,0.148333,0.022119,-0.013041,0.149578,0.010879,-0.013041,0.468128,-1.003789,-0.745904,0.356553,0.139531,0.167194,0.023481,0.037570,0.168835,0.000000,0.037570,0.374822,0.099324,0.111764,0.095764,0.236127
1777417474.995109,-1.034458,-0.764459,0.335803,0.094399,0.146310,0.026050,-0.008364,0.148114,0.012143,-0.008364,0.524706,-0.998196,-0.745083,0.357866,0.151966,0.167946,0.025720,0.041153,0.169904,0.000000,0.041153,0.373055,0.127469,0.118528,0.101354,0.292477
1777417475.028294,-1.025417,-0.761432,0.339472,0.113991,0.146614,0.031097,0.000667,0.149200,0.014218,0.000667,0.375265,-0.992568,-0.744186,0.359302,0.164257,0.168695,0.027961,0.044738,0.170996,0.000000,0.044738,0.368732,0.133816,0.111440,0.105041,0.263808
1777417475.061690,-1.021474,-0.759922,0.341353,0.132372,0.142475,0.034024,0.006446,0.145719,0.014921,0.006446,0.407595,-0.986938,-0.743218,0.360852,0.176330,0.169436,0.030190,0.048304,0.172105,0.000000,0.048304,0.362184,0.118491,0.095415,0.103749,0.232470
1777417475.095045,-1.021474,-0.759922,0.341353,0.132372,0.142475,0.034024,0.006446,0.145719,0.014921,0.006446,0.407595,-0.981271,-0.742173,0.362524,0.188259,0.170175,0.032421,0.051874,0.173236,0.000000,0.051874,0.357892,0.128587,0.091380,0.106184,0.206477
1777417475.128345,-1.012516,-0.756454,0.342660,0.151117,0.141542,0.038564,0.012262,0.145734,0.016816,0.012262,0.314094,-0.975581,-0.741054,0.364314,0.200014,0.170910,0.034648,0.055436,0.174386,0.000000,0.055436,0.352639,0.157184,0.099487,0.112790,0.263421
1777417475.161741,-1.012516,-0.756454,0.342660,0.151117,0.141542,0.038564,0.012262,0.145734,0.016816,0.012262,0.314094,-0.969916,-0.739871,0.366206,0.211502,0.171634,0.036852,0.058963,0.175546,0.000000,0.058963,0.344637,0.140870,0.082056,0.117078,0.232609
1777417475.195157,-1.007692,-0.754469,0.346930,0.168857,0.136883,0.041136,0.020947,0.141850,0.017547,0.020947,0.327975,-0.964170,-0.738603,0.368235,0.222933,0.172361,0.039074,0.062519,0.176734,0.000000,0.062519,0.342944,0.169196,0.091058,0.124324,0.284280
1777417475.228326,-1.000132,-0.751435,0.348992,0.186015,0.137779,0.045279,0.025781,0.143776,0.019016,0.025781,0.423700,-0.958403,-0.737261,0.370382,0.234191,0.173083,0.041292,0.066067,0.177940,0.000000,0.066067,0.337724,0.173023,0.085455,0.123224,0.256196
1777417475.261919,-0.996497,-0.749890,0.350015,0.203225,0.134913,0.047643,0.028891,0.141752,0.019433,0.028891,0.471400,-0.952640,-0.735853,0.372635,0.245224,0.173797,0.043495,0.069591,0.179157,0.000000,0.069591,0.330987,0.163278,0.073351,0.126714,0.230372
1777417475.295120,-0.987723,-0.746255,0.355025,0.220965,0.136730,0.052173,0.037107,0.144840,0.020937,0.037107,0.417530,-0.946803,-0.734358,0.375027,0.256184,0.174513,0.045712,0.073139,0.180401,0.000000,0.073139,0.328821,0.174035,0.071868,0.132562,0.204259
1777417475.328338,-0.987723,-0.746255,0.355025,0.220965,0.136730,0.052173,0.037107,0.144840,0.020937,0.037107,0.417530,-0.940949,-0.732791,0.377535,0.266962,0.175224,0.047922,0.076675,0.181659,0.000000,0.076675,0.323319,0.158435,0.057352,0.130608,0.178250
1777417475.361726,-0.982611,-0.744009,0.358102,0.238087,0.134639,0.054824,0.042433,0.143771,0.021523,0.042433,0.418586,-0.935145,-0.731170,0.380127,0.277440,0.175922,0.050100,0.080160,0.182917,0.000000,0.080160,0.314332,0.188769,0.067671,0.139010,0.230846
1777417475.395083,-0.973554,-0.740156,0.359233,0.254905,0.136075,0.058833,0.045439,0.146513,0.022620,0.045439,0.357362,-0.929264,-0.729462,0.382860,0.287850,0.176622,0.052293,0.083669,0.184201,0.000000,0.083669,0.312311,0.190876,0.062644,0.141420,0.201334
1777417475.428346,-0.973554,-0.740156,0.359233,0.254905,0.136075,0.058833,0.045439,0.146513,0.022620,0.045439,0.357362,-0.923314,-0.727667,0.385733,0.298172,0.177323,0.054497,0.087196,0.185508,0.000000,0.087196,0.309662,0.172998,0.048713,0.148102,0.176596
1777417475.461735,-0.968108,-0.737733,0.364757,0.271087,0.132680,0.060595,0.053690,0.144061,0.022853,0.053690,0.317285,-0.917375,-0.725809,0.388706,0.308269,0.178015,0.056684,0.090694,0.186821,0.000000,0.090694,0.302924,0.203943,0.059750,0.157555,0.227688
1777417475.495096,-0.959774,-0.734094,0.367522,0.286428,0.134451,0.064245,0.058001,0.147124,0.023641,0.058001,0.378672,-0.911501,-0.723906,0.391750,0.318060,0.178692,0.058832,0.094132,0.188128,0.000000,0.094132,0.293711,0.204747,0.055297,0.156030,0.200900
1777417475.528333,-0.955058,-0.731963,0.369082,0.301861,0.131026,0.065462,0.060631,0.144563,0.023549,0.060631,0.325562,-0.905496,-0.721897,0.394965,0.327867,0.179378,0.061014,0.097623,0.189471,0.000000,0.097623,0.294217,0.189990,0.044262,0.160038,0.177126
1777417475.561647,-0.946338,-0.728104,0.375232,0.316512,0.133864,0.069329,0.068731,0.148794,0.024219,0.068731,0.402566,-0.899548,-0.719842,0.398253,0.337388,0.180050,0.063162,0.101059,0.190807,0.000000,0.101059,0.285623,0.196547,0.042806,0.166935,0.157249
1777417475.595189,-0.946338,-0.728104,0.375232,0.316512,0.133864,0.069329,0.068731,0.148794,0.024219,0.068731,0.402566,-0.893507,-0.717690,0.401696,0.346862,0.180726,0.065328,0.104525,0.192171,0.000000,0.104525,0.284224,0.180828,0.032207,0.164605,0.137660
1777417475.628385,-0.940458,-0.725447,0.379275,0.331322,0.132335,0.071141,0.073824,0.148280,0.024224,0.073824,0.343815,-0.887458,-0.715471,0.405246,0.356156,0.181395,0.067483,0.107972,0.193541,0.000000,0.107972,0.278825,0.213867,0.043945,0.175029,0.186907
1777417475.661675,-0.930982,-0.721146,0.380676,0.345310,0.134921,0.074627,0.075569,0.152217,0.024552,0.075569,0.319443,-0.881439,-0.713201,0.408878,0.365215,0.182054,0.069612,0.111379,0.194909,0.000000,0.111379,0.271777,0.213283,0.040629,0.177613,0.164288
1777417475.695245,-0.926161,-0.718921,0.387850,0.358670,0.132321,0.075498,0.084160,0.150403,0.024245,0.084160,0.312085,-0.875350,-0.710841,0.412654,0.374195,0.182714,0.071751,0.114802,0.196297,0.000000,0.114802,0.269382,0.192806,0.029202,0.185700,0.144886
1777417475.728331,-0.926161,-0.718921,0.387850,0.358670,0.132321,0.075498,0.084160,0.150403,0.024245,0.084160,0.312085,-0.869139,-0.708370,0.416608,0.383166,0.183380,0.073918,0.118269,0.197717,0.000000,0.118269,0.269129,0.200074,0.029345,0.182377,0.130308
1777417475.761715,-0.915762,-0.714186,0.392443,0.372083,0.134519,0.078431,0.089111,0.153828,0.024159,0.089111,0.254336,-0.863134,-0.705919,0.420529,0.391661,0.184017,0.075999,0.121598,0.199093,0.000000,0.121598,0.254871,0.234478,0.041595,0.193909,0.177161
1777417475.795097,-0.911030,-0.711996,0.393598,0.384461,0.132426,0.079170,0.089763,0.152453,0.023723,0.089763,0.308305,-0.856974,-0.703344,0.424649,0.400200,0.184664,0.078118,0.124989,0.200507,0.000000,0.124989,0.256145,0.207930,0.029505,0.196118,0.153861
1777417475.828340,-0.900371,-0.707072,0.401734,0.396771,0.135945,0.082509,0.098889,0.157269,0.023564,0.098889,0.267420,-0.850784,-0.700695,0.428888,0.408601,0.185306,0.080232,0.128371,0.201930,0.000000,0.128371,0.252033,0.215950,0.030897,0.205771,0.141524
1777417475.861654,-0.900371,-0.707072,0.401734,0.396771,0.135945,0.082509,0.098889,0.157269,0.023564,0.098889,0.267420,-0.844610,-0.697992,0.433213,0.416809,0.185941,0.082325,0.131721,0.203351,0.000000,0.131721,0.246251,0.190289,0.020024,0.201515,0.127615
1777417475.895130,-0.894035,-0.704176,0.406421,0.408656,0.134380,0.083192,0.103145,0.156373,0.022943,0.103145,0.252223,-0.838391,-0.695208,0.437667,0.424906,0.186573,0.084419,0.135070,0.204783,0.000000,0.135070,0.242908,0.226388,0.032794,0.213769,0.168426
1777417475.928448,-0.883317,-0.699124,0.408103,0.420200,0.137323,0.085947,0.103514,0.160438,0.022450,0.103514,0.226983,-0.832175,-0.692365,0.442215,0.432832,0.187198,0.086495,0.138393,0.206215,0.000000,0.138393,0.237785,0.225301,0.032070,0.216986,0.153171
1777417475.961702,-0.883317,-0.699124,0.408103,0.420200,0.137323,0.085947,0.103514,0.160438,0.022450,0.103514,0.226983,-0.825829,-0.689403,0.446956,0.440755,0.187829,0.088600,0.141760,0.207677,0.000000,0.141760,0.237691,0.199017,0.021988,0.226490,0.138761
1777417475.995149,-0.877383,-0.696406,0.416365,0.431437,0.135035,0.085991,0.111868,0.158621,0.021643,0.111868,0.231127,-0.819679,-0.686473,0.451643,0.448275,0.188434,0.090624,0.144998,0.209094,0.000000,0.144998,0.225604,0.236670,0.035449,0.240045,0.178679
1777417476.028346,-0.866805,-0.691377,0.421153,0.442526,0.138135,0.088670,0.115608,0.162800,0.020976,0.115608,0.227911,-0.813352,-0.683401,0.456559,0.455852,0.189050,0.092690,0.148304,0.210550,0.000000,0.148304,0.227304,0.237569,0.036209,0.236742,0.159656
1777417476.061755,-0.866805,-0.691377,0.421153,0.442526,0.138135,0.088670,0.115608,0.162800,0.020976,0.115608,0.227911,-0.807067,-0.680290,0.461536,0.463223,0.189655,0.094727,0.151563,0.211996,0.000000,0.151563,0.221113,0.212535,0.027832,0.240730,0.146868
1777417476.095144,-0.860841,-0.688630,0.423494,0.453360,0.136301,0.088749,0.116081,0.161403,0.020086,0.116081,0.231902,-0.800754,-0.677108,0.466628,0.470473,0.190257,0.096757,0.154811,0.213447,0.000000,0.154811,0.217523,0.250040,0.041078,0.254560,0.181283
1777417476.128316,-0.850208,-0.683512,0.433631,0.464141,0.139793,0.091578,0.126236,0.165999,0.019310,0.126236,0.235201,-0.794365,-0.673830,0.471872,0.477657,0.190858,0.098795,0.158072,0.214912,0.000000,0.158072,0.215512,0.251811,0.042876,0.264163,0.164871
1777417476.161638,-0.845007,-0.681018,0.438421,0.474776,0.137677,0.091545,0.129398,0.164298,0.018482,0.129398,0.247296,-0.788010,-0.670512,0.477181,0.484655,0.191450,0.100806,0.161290,0.216368,0.000000,0.161290,0.209928,0.226410,0.035327,0.258240,0.149727
1777417476.195008,-0.834396,-0.675936,0.440418,0.485274,0.142825,0.095227,0.129640,0.170754,0.017612,0.129640,0.291796,-0.781612,-0.667115,0.482617,0.491553,0.192039,0.102815,0.164504,0.217830,0.000000,0.164504,0.206949,0.234732,0.038608,0.262900,0.134008
1777417476.228360,-0.828847,-0.673249,0.451059,0.495794,0.142159,0.096064,0.140360,0.170743,0.016868,0.140360,0.300279,-0.775200,-0.663654,0.488154,0.498322,0.192623,0.104811,0.167698,0.219292,0.000000,0.167698,0.203078,0.211023,0.032716,0.273532,0.120086
1777417476.261667,-0.828847,-0.673249,0.451059,0.495794,0.142159,0.096064,0.140360,0.170743,0.016868,0.140360,0.300279,-0.768778,-0.660131,0.493790,0.504961,0.193201,0.106794,0.170871,0.220753,0.000000,0.170871,0.199159,0.218902,0.035943,0.266849,0.105864
1777417476.295146,-0.817279,-0.667608,0.458148,0.506288,0.147366,0.099703,0.145931,0.177229,0.015733,0.145931,0.255626,-0.762371,-0.656562,0.499500,0.511447,0.193772,0.108756,0.174010,0.222206,0.000000,0.174010,0.194593,0.259214,0.049020,0.281662,0.139229
1777417476.328374,-0.811072,-0.664475,0.460407,0.516139,0.147224,0.100685,0.145589,0.177736,0.014910,0.145589,0.266625,-0.755871,-0.652887,0.505381,0.517890,0.194344,0.110730,0.177168,0.223675,0.000000,0.177168,0.193271,0.228288,0.041768,0.282495,0.122068
1777417476.361687,-0.798231,-0.657968,0.472998,0.525926,0.153094,0.104658,0.157452,0.184945,0.013659,0.157452,0.221317,-0.749390,-0.649167,0.511334,0.524180,0.194908,0.112681,0.180290,0.225136,0.000000,0.180290,0.188712,0.231751,0.043655,0.293420,0.109509
1777417476.395006,-0.792138,-0.654925,0.478690,0.535280,0.152530,0.105251,0.160851,0.184881,0.012726,0.160851,0.250202,-0.742870,-0.645370,0.517407,0.530375,0.195468,0.114627,0.183403,0.226599,0.000000,0.183403,0.185853,0.194546,0.034351,0.283527,0.096051
1777417476.428321,-0.792138,-0.654925,0.478690,0.535280,0.152530,0.105251,0.160851,0.184881,0.012726,0.160851,0.250202,-0.736324,-0.641505,0.523593,0.536465,0.196025,0.116563,0.186501,0.228063,0.000000,0.186501,0.182710,0.201489,0.037812,0.287427,0.085248
1777417476.461789,-0.779887,-0.648718,0.482165,0.544596,0.158066,0.108906,0.160956,0.191621,0.011262,0.160956,0.218412,-0.729805,-0.637601,0.529838,0.542405,0.196573,0.118475,0.189560,0.229515,0.000000,0.189560,0.178188,0.245071,0.051310,0.303182,0.116592
1777417476.495029,-0.773643,-0.645462,0.494632,0.553212,0.157798,0.109679,0.172665,0.191888,0.010409,0.172665,0.242280,-0.723227,-0.633610,0.536223,0.548272,0.197119,0.120387,0.192619,0.230974,0.000000,0.192619,0.176019,0.211128,0.044436,0.312386,0.102571
1777417476.528328,-0.758751,-0.637516,0.502924,0.561999,0.163416,0.113197,0.176351,0.198602,0.008705,0.176351,0.151913,-0.716645,-0.629565,0.542697,0.554020,0.197659,0.122282,0.195651,0.232426,0.000000,0.195651,0.172440,0.216349,0.047263,0.303619,0.092809
1777417476.561698,-0.758751,-0.637516,0.502924,0.561999,0.163416,0.113197,0.176351,0.198602,0.008705,0.176351,0.151913,-0.710061,-0.625466,0.549255,0.559650,0.198193,0.124160,0.198657,0.233872,0.000000,0.198657,0.168903,0.166866,0.035269,0.303036,0.081535
1777417476.595118,-0.751814,-0.634061,0.505780,0.570001,0.162991,0.113399,0.175025,0.198416,0.007516,0.175025,0.195989,-0.703387,-0.621258,0.555986,0.565238,0.198728,0.126047,0.201675,0.235331,0.000000,0.201675,0.167629,0.213764,0.049482,0.319377,0.109945
1777417476.628316,-0.739302,-0.627250,0.520432,0.578050,0.167744,0.116718,0.187639,0.204265,0.006101,0.187639,0.174693,-0.696779,-0.617042,0.562733,0.570655,0.199251,0.127898,0.204636,0.236767,0.000000,0.204636,0.162497,0.216515,0.053616,0.330747,0.100776
1777417476.661663,-0.739302,-0.627250,0.520432,0.578050,0.167744,0.116718,0.187639,0.204265,0.006101,0.187639,0.174693,-0.690167,-0.612772,0.569564,0.575962,0.199768,0.129732,0.207571,0.238197,0.000000,0.207571,0.159224,0.181786,0.046047,0.318220,0.089728
1777417476.695186,-0.731230,-0.622916,0.529459,0.585839,0.165918,0.115973,0.191292,0.202373,0.004898,0.191292,0.142498,-0.683508,-0.608423,0.576523,0.581195,0.200282,0.131561,0.210498,0.239628,0.000000,0.210498,0.156991,0.228627,0.060153,0.335075,0.115682
1777417476.728331,-0.719493,-0.616478,0.531571,0.593157,0.170847,0.119314,0.188353,0.208357,0.003432,0.188353,0.176944,-0.676802,-0.603993,0.583611,0.586356,0.200794,0.133386,0.213417,0.241060,0.000000,0.213417,0.154813,0.222634,0.060978,0.334280,0.104593
1777417476.761661,-0.713060,-0.612911,0.546966,0.600573,0.168595,0.118562,0.200895,0.206095,0.002539,0.200895,0.160750,-0.670107,-0.599521,0.590766,0.591399,0.201299,0.135189,0.216303,0.242482,0.000000,0.216303,0.151319,0.193563,0.055860,0.347672,0.095826
1777417476.795133,-0.700801,-0.606076,0.553529,0.607781,0.174645,0.122738,0.203616,0.213458,0.001027,0.203616,0.193353,-0.663407,-0.594997,0.598004,0.596342,0.201797,0.136976,0.219162,0.243895,0.000000,0.219162,0.148263,0.200507,0.059437,0.334373,0.085996
1777417476.828325,-0.700801,-0.606076,0.553529,0.607781,0.174645,0.122738,0.203616,0.213458,0.001027,0.203616,0.193353,-0.656648,-0.590385,0.605384,0.601223,0.202294,0.138760,0.222017,0.245311,0.000000,0.222017,0.146434,0.169189,0.053965,0.338564,0.077219
1777417476.861779,-0.692721,-0.601595,0.557423,0.615088,0.174973,0.123509,0.202069,0.214173,-0.000092,0.202069,0.174758,-0.649949,-0.585767,0.612773,0.605959,0.202780,0.140511,0.224817,0.246705,0.000000,0.224817,0.142094,0.219462,0.068553,0.356443,0.101510
1777417476.895155,-0.680087,-0.594241,0.573441,0.622085,0.180393,0.127509,0.215639,0.220902,-0.001499,0.215639,0.169496,-0.643093,-0.580991,0.620414,0.610706,0.203272,0.142284,0.227654,0.248121,0.000000,0.227654,0.142392,0.214395,0.069982,0.366912,0.089692
1777417476.928298,-0.673587,-0.590469,0.581330,0.628840,0.179326,0.127562,0.218819,0.220055,-0.002320,0.218819,0.171911,-0.636334,-0.576237,0.628020,0.615285,0.203750,0.144013,0.230421,0.249507,0.000000,0.230421,0.137391,0.179661,0.063171,0.353374,0.081354
1777417476.961661,-0.673587,-0.590469,0.581330,0.628840,0.179326,0.127562,0.218819,0.220055,-0.002320,0.218819,0.171911,-0.629557,-0.571424,0.635722,0.619782,0.204223,0.145729,0.233167,0.250886,0.000000,0.233167,0.134896,0.187357,0.066898,0.355579,0.072004
1777417476.995133,-0.659532,-0.582180,0.586399,0.635749,0.184662,0.131267,0.216617,0.226528,-0.004028,0.216617,0.136596,-0.622794,-0.566576,0.643478,0.624174,0.204689,0.147423,0.235877,0.252252,0.000000,0.235877,0.131774,0.237647,0.081166,0.373976,0.094027
1777417477.028311,-0.652580,-0.578014,0.603606,0.642222,0.182905,0.130870,0.230296,0.224852,-0.004759,0.230296,0.147468,-0.615902,-0.561589,0.651458,0.628557,0.205158,0.149130,0.238609,0.253633,0.000000,0.238609,0.131487,0.191112,0.072033,0.382728,0.082629
1777417477.061668,-0.639973,-0.570373,0.611101,0.648427,0.189371,0.135697,0.233251,0.232887,-0.006212,0.233251,0.175694,-0.609056,-0.556590,0.659457,0.632818,0.205617,0.150808,0.241292,0.254993,0.000000,0.241292,0.127835,0.196153,0.075081,0.367328,0.074578
1777417477.095114,-0.632355,-0.565687,0.615618,0.654853,0.188347,0.135762,0.230585,0.232070,-0.007033,0.230585,0.145217,-0.602208,-0.551545,0.667528,0.636991,0.206070,0.152467,0.243946,0.256341,0.000000,0.243946,0.125168,0.161704,0.068632,0.370953,0.066471
1777417477.128444,-0.619664,-0.557768,0.632494,0.660781,0.194962,0.140952,0.245341,0.240432,-0.008372,0.245341,0.177930,-0.595303,-0.546414,0.675737,0.641109,0.206521,0.154120,0.246592,0.257690,0.000000,0.246592,0.123545,0.163331,0.070545,0.380855,0.057574
1777417477.161704,-0.612624,-0.553338,0.641424,0.666691,0.194911,0.141821,0.249359,0.240876,-0.009078,0.249359,0.168800,-0.588444,-0.541274,0.683962,0.645113,0.206963,0.155744,0.249191,0.259017,0.000000,0.249191,0.120136,0.129642,0.063980,0.366014,0.051397
1777417477.195081,-0.612624,-0.553338,0.641424,0.666691,0.194911,0.141821,0.249359,0.240876,-0.009078,0.249359,0.168800,-0.581477,-0.536009,0.692386,0.649094,0.207406,0.157374,0.251799,0.260353,0.000000,0.251799,0.119428,0.136721,0.067116,0.366702,0.044421
1777417477.228334,-0.594529,-0.541608,0.649518,0.677631,0.198781,0.146083,0.244244,0.246449,-0.010818,0.244244,0.148092,-0.574571,-0.530748,0.700803,0.652956,0.207838,0.158971,0.254354,0.261665,0.000000,0.254354,0.115846,0.193001,0.082478,0.385974,0.065112
1777417477.261675,-0.579676,-0.531869,0.666139,0.682543,0.207735,0.152969,0.258112,0.257684,-0.012333,0.258112,0.149087,-0.567676,-0.525453,0.709275,0.656730,0.208264,0.160546,0.256874,0.262962,0.000000,0.256874,0.113218,0.117786,0.065240,0.389447,0.033567
1777417477.295113,-0.571965,-0.526786,0.674359,0.687329,0.208877,0.154576,0.261401,0.259525,-0.013049,0.261401,0.150422,-0.560698,-0.520053,0.717916,0.660468,0.208689,0.162121,0.259393,0.264262,0.000000,0.259393,0.112142,0.068921,0.054614,0.375536,0.030818
1777417477.328302,-0.567408,-0.523741,0.679070,0.691844,0.205846,0.153190,0.259317,0.256245,-0.013354,0.259317,0.127535,-0.553726,-0.514616,0.726614,0.664122,0.209107,0.163675,0.261880,0.265547,0.000000,0.261880,0.109632,0.074563,0.057404,0.378475,0.028932
1777417477.361738,-0.567408,-0.523741,0.679070,0.691844,0.205846,0.153190,0.259317,0.256245,-0.013354,0.259317,0.127535,-0.546784,-0.509162,0.735340,0.667683,0.209518,0.165203,0.264324,0.266814,0.000000,0.264324,0.106823,0.102453,0.065269,0.388768,0.027322
1777417477.395133,-0.552275,-0.513483,0.702935,0.695971,0.214056,0.159606,0.280294,0.266602,-0.014752,0.280294,0.111848,-0.539748,-0.503594,0.744249,0.671214,0.209928,0.166732,0.266771,0.268084,0.000000,0.266771,0.105941,0.160968,0.080851,0.408929,0.045449
1777417477.428409,-0.536545,-0.502567,0.711356,0.699809,0.222046,0.165816,0.280582,0.276655,-0.016170,0.280582,0.091291,-0.532775,-0.498036,0.753142,0.674638,0.210328,0.168227,0.269164,0.269330,0.000000,0.269164,0.102727,0.106219,0.068895,0.381372,0.044190
1777417477.461676,-0.528712,-0.497145,0.732254,0.703287,0.221912,0.166342,0.297394,0.276835,-0.016645,0.297394,0.094421,-0.525776,-0.492419,0.762130,0.678001,0.210724,0.169709,0.271534,0.270566,0.000000,0.271534,0.100879,0.048174,0.055410,0.384105,0.042876
1777417477.495085,-0.513824,-0.486616,0.743800,0.706783,0.228316,0.171533,0.300551,0.285016,-0.017824,0.300551,0.080745,-0.518747,-0.486738,0.771219,0.681305,0.211116,0.171178,0.273884,0.271793,0.000000,0.273884,0.099124,0.052497,0.058022,0.361501,0.043230
1777417477.528317,-0.506675,-0.481550,0.748864,0.710095,0.226987,0.171133,0.296525,0.283687,-0.018204,0.296525,0.085091,-0.511673,-0.480984,0.780426,0.684557,0.211504,0.172635,0.276216,0.273014,0.000000,0.276216,0.097562,0.003098,0.046699,0.357414,0.043041
1777417477.561690,-0.506675,-0.481550,0.748864,0.710095,0.226987,0.171133,0.296525,0.283687,-0.018204,0.296525,0.085091,-0.504642,-0.475226,0.789638,0.687719,0.211884,0.174064,0.278503,0.274214,0.000000,0.278503,0.094860,0.015098,0.051170,0.366851,0.043344
1777417477.595127,-0.493639,-0.472169,0.767903,0.713387,0.231733,0.175275,0.309356,0.289924,-0.019112,0.309356,0.080240,-0.497583,-0.469408,0.798946,0.690824,0.212259,0.175479,0.280767,0.275403,0.000000,0.280767,0.093146,0.079102,0.068990,0.386994,0.057704
1777417477.628295,-0.485418,-0.466184,0.780139,0.716652,0.229615,0.174338,0.311439,0.287648,-0.019373,0.311439,0.069572,-0.490475,-0.463514,0.808378,0.693881,0.212631,0.176884,0.283014,0.276586,0.000000,0.283014,0.091714,0.040709,0.060603,0.369081,0.056281
1777417477.661652,-0.481526,-0.463345,0.785704,0.719847,0.222761,0.169818,0.305197,0.279451,-0.019172,0.305197,0.068011,-0.483389,-0.457601,0.817838,0.696861,0.212996,0.178264,0.285222,0.277750,0.000000,0.285222,0.089402,0.041532,0.062048,0.364663,0.054779
1777417477.695135,-0.481526,-0.463345,0.785704,0.719847,0.222761,0.169818,0.305197,0.279451,-0.019172,0.305197,0.068011,-0.476259,-0.451616,0.827415,0.699793,0.213357,0.179632,0.287412,0.278907,0.000000,0.287412,0.087947,0.075775,0.071907,0.373906,0.052902
1777417477.728359,-0.468118,-0.453489,0.803274,0.723027,0.228430,0.174798,0.316437,0.286935,-0.020078,0.316437,0.082940,-0.469152,-0.445614,0.837018,0.702650,0.213711,0.180976,0.289562,0.280044,0.000000,0.289562,0.085708,0.137651,0.089144,0.395062,0.065572
1777417477.761757,-0.453440,-0.442509,0.814968,0.726380,0.234549,0.180272,0.318655,0.295076,-0.021011,0.318655,0.078673,-0.462059,-0.439591,0.846655,0.705437,0.214058,0.182297,0.291676,0.281164,0.000000,0.291676,0.083602,0.092602,0.078974,0.381018,0.062472
1777417477.795070,-0.446340,-0.437189,0.819901,0.729701,0.233259,0.180152,0.314052,0.293963,-0.021221,0.314052,0.089705,-0.454898,-0.433475,0.856440,0.708187,0.214403,0.183611,0.293777,0.282279,0.000000,0.293777,0.082500,0.039188,0.066190,0.378451,0.058417
1777417477.828487,-0.446340,-0.437189,0.819901,0.729701,0.233259,0.180152,0.314052,0.293963,-0.021221,0.314052,0.089705,-0.447724,-0.427315,0.866296,0.710878,0.214742,0.184906,0.295849,0.283380,0.000000,0.295849,0.080752,0.048643,0.069978,0.389964,0.054833
1777417477.861675,-0.431916,-0.426178,0.841052,0.733313,0.236803,0.183983,0.325840,0.299081,-0.021808,0.325840,0.071421,-0.440587,-0.421153,0.876156,0.713495,0.215074,0.186174,0.297878,0.284460,0.000000,0.297878,0.078497,0.112417,0.088098,0.411997,0.065971
1777417477.895064,-0.423987,-0.420080,0.852974,0.736896,0.232302,0.181483,0.324434,0.293988,-0.021706,0.324434,0.066587,-0.433371,-0.414890,0.886177,0.716079,0.215404,0.187435,0.299896,0.285536,0.000000,0.299896,0.077533,0.058774,0.075026,0.391496,0.059547
1777417477.928306,-0.411684,-0.410403,0.856859,0.740403,0.235908,0.185492,0.317033,0.299277,-0.022211,0.317033,0.085343,-0.426197,-0.408632,0.896189,0.718588,0.215726,0.188668,0.301869,0.286589,0.000000,0.301869,0.075271,0.060677,0.076440,0.389355,0.053788
1777417477.961790,-0.411684,-0.410403,0.856859,0.740403,0.235908,0.185492,0.317033,0.299277,-0.022211,0.317033,0.085343,-0.419016,-0.402335,0.906263,0.721041,0.216042,0.189882,0.303811,0.287627,0.000000,0.303811,0.073588,0.026117,0.067456,0.403566,0.047904
1777417477.995113,-0.404452,-0.404681,0.875337,0.744052,0.233250,0.184713,0.327631,0.296710,-0.022076,0.327631,0.087226,-0.411813,-0.395989,0.916418,0.723444,0.216354,0.191079,0.305726,0.288652,0.000000,0.305726,0.072070,0.091948,0.086094,0.426185,0.058111
1777417478.028310,-0.391588,-0.394341,0.887386,0.747731,0.235936,0.188242,0.328132,0.300996,-0.022405,0.328132,0.078235,-0.404580,-0.389585,0.926663,0.725798,0.216660,0.192260,0.307616,0.289665,0.000000,0.307616,0.070641,0.096185,0.087752,0.411918,0.051014
1777417478.061684,-0.391588,-0.394341,0.887386,0.747731,0.235936,0.188242,0.328132,0.300996,-0.022405,0.328132,0.078235,-0.397368,-0.383171,0.936926,0.728090,0.216960,0.193416,0.309466,0.290657,0.000000,0.309466,0.068736,0.054242,0.076474,0.410279,0.043944
1777417478.095113,-0.383874,-0.388074,0.893754,0.751367,0.231319,0.185759,0.319574,0.295844,-0.022162,0.319574,0.068283,-0.390152,-0.376723,0.947243,0.730327,0.217255,0.194553,0.311285,0.291634,0.000000,0.311285,0.067116,0.118985,0.094780,0.433023,0.053443
1777417478.128305,-0.371071,-0.377535,0.916545,0.754929,0.232359,0.188126,0.331431,0.298142,-0.022205,0.331431,0.066642,-0.382857,-0.370176,0.957718,0.732533,0.217547,0.195681,0.313089,0.292605,0.000000,0.313089,0.066177,0.117403,0.094413,0.443693,0.045715
1777417478.161801,-0.366366,-0.373599,0.924968,0.758335,0.227935,0.185790,0.329688,0.293247,-0.021874,0.329688,0.088195,-0.375623,-0.363655,0.968152,0.734666,0.217830,0.196778,0.314845,0.293550,0.000000,0.314845,0.064002,0.074461,0.082321,0.421381,0.038755
1777417478.194993,-0.366366,-0.373599,0.924968,0.758335,0.227935,0.185790,0.329688,0.293247,-0.021874,0.329688,0.088195,-0.368395,-0.357112,0.978622,0.736744,0.218108,0.197854,0.316566,0.294478,0.000000,0.316566,0.062354,0.100688,0.089036,0.427285,0.032142
1777417478.228307,-0.354083,-0.363191,0.930511,0.761868,0.229148,0.188321,0.320488,0.295792,-0.021916,0.320488,0.068420,-0.361053,-0.350438,0.989299,0.738802,0.218384,0.198925,0.318280,0.295402,0.000000,0.318280,0.061724,0.164219,0.106581,0.450460,0.041170
1777417478.261684,-0.348037,-0.358043,0.951948,0.765131,0.225167,0.186418,0.333658,0.291530,-0.021496,0.333658,0.076209,-0.353778,-0.343798,0.999924,0.740789,0.218652,0.199965,0.319944,0.296301,0.000000,0.319944,0.059598,0.121785,0.093944,0.463579,0.033858
1777417478.295104,-0.336870,-0.348298,0.961208,0.768290,0.228933,0.191250,0.334036,0.297527,-0.021559,0.334036,0.090309,-0.346486,-0.337116,1.010614,0.742728,0.218914,0.200986,0.321578,0.297185,0.000000,0.321578,0.058184,0.134413,0.096763,0.444438,0.027325
1777417478.328347,-0.336870,-0.348298,0.961208,0.768290,0.228933,0.191250,0.334036,0.297527,-0.021559,0.334036,0.090309,-0.339251,-0.330460,1.021264,0.744602,0.219169,0.201978,0.323166,0.298044,0.000000,0.323166,0.056232,0.101498,0.085978,0.449288,0.021610
1777417478.361775,-0.328445,-0.340922,0.967835,0.771506,0.226064,0.190267,0.326317,0.294714,-0.021220,0.326317,0.064802,-0.331772,-0.323555,1.032312,0.746488,0.219426,0.202982,0.324771,0.298914,0.000000,0.324771,0.056564,0.165846,0.103857,0.472839,0.029960
1777417478.394995,-0.324937,-0.337868,0.970788,0.774446,0.216324,0.182953,0.311885,0.282574,-0.020503,0.311885,0.051468,-0.324560,-0.316871,1.043006,0.748257,0.219669,0.203929,0.326286,0.299736,0.000000,0.326286,0.053068,0.156514,0.100256,0.484543,0.023984
1777417478.428329,-0.324937,-0.337868,0.970788,0.774446,0.216324,0.182953,0.311885,0.282574,-0.020503,0.311885,0.051468,-0.317228,-0.310052,1.053916,0.750007,0.219910,0.204870,0.327792,0.300553,0.000000,0.327792,0.052491,0.189039,0.108376,0.503209,0.017731
1777417478.461801,-0.313605,-0.327508,0.995756,0.777072,0.219271,0.187368,0.330154,0.287715,-0.020164,0.330154,0.066575,-0.309894,-0.303208,1.064867,0.751708,0.220145,0.205790,0.329264,0.301352,0.000000,0.329264,0.051044,0.250604,0.125047,0.528501,0.025897
1777417478.495121,-0.298204,-0.313449,1.005635,0.779730,0.222450,0.191947,0.323359,0.293141,-0.019908,0.323359,0.044696,-0.302556,-0.296338,1.075860,0.753362,0.220375,0.206689,0.330702,0.302134,0.000000,0.330702,0.049628,0.208109,0.110316,0.504079,0.021172
1777417478.528323,-0.298204,-0.313449,1.005635,0.779730,0.222450,0.191947,0.323359,0.293141,-0.019908,0.323359,0.044696,-0.295206,-0.289433,1.086908,0.754972,0.220599,0.207567,0.332108,0.302899,0.000000,0.332108,0.048291,0.132663,0.086197,0.508974,0.016236
1777417478.561774,-0.290032,-0.305845,1.032125,0.782137,0.216288,0.188149,0.336040,0.286044,-0.018965,0.336040,0.038292,-0.287871,-0.282520,1.097969,0.756532,0.220817,0.208423,0.333476,0.303645,0.000000,0.333476,0.046790,0.198410,0.104699,0.533721,0.023360
1777417478.595127,-0.290032,-0.305845,1.032125,0.782137,0.216288,0.188149,0.336040,0.286044,-0.018965,0.336040,0.038292,-0.280506,-0.275557,1.109109,0.758051,0.221030,0.209260,0.334816,0.304375,0.000000,0.334816,0.045587,0.187568,0.099454,0.505742,0.018783
1777417478.628364,-0.278378,-0.294702,1.046662,0.784360,0.215157,0.189026,0.333826,0.285820,-0.018180,0.333826,0.036577,-0.273127,-0.268561,1.120302,0.759527,0.221238,0.210077,0.336123,0.305088,0.000000,0.336123,0.044287,0.250878,0.117181,0.529970,0.025227
1777417478.661763,-0.278378,-0.294702,1.046662,0.784360,0.215157,0.189026,0.333826,0.285820,-0.018180,0.333826,0.036577,-0.265786,-0.261580,1.131471,0.760951,0.221439,0.210868,0.337389,0.305778,0.000000,0.337389,0.042709,0.204533,0.100278,0.525788,0.020913
1777417478.695113,-0.271565,-0.288118,1.050633,0.786471,0.208977,0.184827,0.319160,0.278443,-0.017375,0.319160,0.035353,-0.258352,-0.254491,1.142814,0.762347,0.221637,0.211647,0.338636,0.306459,0.000000,0.338636,0.041886,0.267133,0.118040,0.550314,0.026544
1777417478.728411,-0.271565,-0.288118,1.050633,0.786471,0.208977,0.184827,0.319160,0.278443,-0.017375,0.319160,0.035353,-0.250986,-0.247448,1.154083,0.763686,0.221827,0.212398,0.339836,0.307116,0.000000,0.339836,0.040167,0.265078,0.114990,0.567979,0.022319
1777417478.761691,-0.259749,-0.276491,1.076024,0.788507,0.207386,0.185515,0.330079,0.277774,-0.016329,0.330079,0.031588,-0.243567,-0.240335,1.165465,0.764990,0.222013,0.213131,0.341010,0.307758,0.000000,0.341010,0.039128,0.325098,0.131940,0.593537,0.027332
1777417478.795061,-0.259749,-0.276491,1.076024,0.788507,0.207386,0.185515,0.330079,0.277774,-0.016329,0.330079,0.031588,-0.236194,-0.233247,1.176804,0.766243,0.222192,0.213839,0.342142,0.308377,0.000000,0.342142,0.037578,0.272762,0.112499,0.569402,0.022805
1777417478.828393,-0.253200,-0.269955,1.090374,0.790456,0.200781,0.180997,0.327354,0.269884,-0.015355,0.327354,0.031929,-0.228749,-0.226073,1.188283,0.767464,0.222367,0.214531,0.343250,0.308984,0.000000,0.343250,0.036636,0.333205,0.129806,0.594342,0.027347
1777417478.861673,-0.253200,-0.269955,1.090374,0.790456,0.200781,0.180997,0.327354,0.269884,-0.015355,0.327354,0.031929,-0.221359,-0.218936,1.199703,0.768633,0.222536,0.215196,0.344314,0.309567,0.000000,0.344314,0.035074,0.330244,0.126063,0.591741,0.022777
1777417478.895111,-0.241581,-0.258161,1.094462,0.792374,0.199953,0.182288,0.311999,0.270192,-0.014377,0.311999,0.030327,-0.213950,-0.211763,1.211179,0.769763,0.222699,0.215841,0.345346,0.310133,0.000000,0.345346,0.033894,0.388359,0.142590,0.616921,0.026858
1777417478.928336,-0.236099,-0.252570,1.121687,0.794223,0.193882,0.178261,0.328571,0.263037,-0.013367,0.328571,0.034966,-0.206559,-0.204591,1.222654,0.770848,0.222856,0.216463,0.346341,0.310678,0.000000,0.346341,0.032555,0.333655,0.121615,0.634806,0.021888
1777417478.961657,-0.236099,-0.252570,1.121687,0.794223,0.193882,0.178261,0.328571,0.263037,-0.013367,0.328571,0.034966,-0.199093,-0.197331,1.234270,0.771902,0.223008,0.217069,0.347310,0.311210,0.000000,0.347310,0.031619,0.341381,0.121109,0.607291,0.017204
1777417478.995448,-0.224574,-0.240407,1.135877,0.796058,0.194981,0.181766,0.328355,0.266286,-0.012184,0.328355,0.034251,-0.191647,-0.190077,1.245877,0.772912,0.223155,0.217651,0.348241,0.311721,0.000000,0.348241,0.030278,0.401393,0.138268,0.632299,0.021135
1777417479.028309,-0.219255,-0.234787,1.138931,0.797781,0.192377,0.180692,0.319303,0.263677,-0.011529,0.319303,0.044397,-0.184165,-0.182772,1.257565,0.773884,0.223297,0.218213,0.349141,0.312215,0.000000,0.349141,0.029176,0.345769,0.115628,0.630000,0.016153
1777417479.061760,-0.219255,-0.234787,1.138931,0.797781,0.192377,0.180692,0.319303,0.263677,-0.011529,0.319303,0.044397,-0.176755,-0.175523,1.269163,0.774807,0.223431,0.218748,0.349997,0.312686,0.000000,0.349997,0.027671,0.354975,0.115363,0.649404,0.011844
1777417479.095047,-0.206214,-0.220737,1.167010,0.799541,0.194683,0.185854,0.336823,0.268965,-0.010047,0.336823,0.032609,-0.169307,-0.168225,1.280840,0.775693,0.223561,0.219263,0.350821,0.313139,0.000000,0.350821,0.026592,0.414623,0.132760,0.674758,0.015212
1777417479.128384,-0.200535,-0.214560,1.179982,0.801096,0.192290,0.185167,0.339764,0.266790,-0.009225,0.339764,0.040511,-0.161879,-0.160934,1.292506,0.776537,0.223685,0.219755,0.351609,0.313572,0.000000,0.351609,0.025315,0.342574,0.104151,0.646030,0.010336
1777417479.161645,-0.187377,-0.200029,1.187158,0.802626,0.197147,0.192632,0.333527,0.275519,-0.007940,0.333527,0.033870,-0.154435,-0.153614,1.304217,0.777342,0.223803,0.220226,0.352362,0.313987,0.000000,0.352362,0.024169,0.347737,0.102381,0.645303,0.006374
1777417479.195036,-0.181835,-0.193764,1.215954,0.803993,0.195113,0.192570,0.357708,0.274052,-0.006895,0.357708,0.041026,-0.146972,-0.146265,1.315976,0.778110,0.223916,0.220676,0.353082,0.314383,0.000000,0.353082,0.023033,0.276733,0.073362,0.655875,0.002559
1777417479.228290,-0.169903,-0.180170,1.230481,0.805292,0.201095,0.201296,0.364501,0.284480,-0.005518,0.364501,0.040507,-0.139476,-0.138872,1.327805,0.778841,0.224024,0.221106,0.353769,0.314761,0.000000,0.353769,0.021937,0.286489,0.072708,0.623971,-0.000512
1777417479.261621,-0.163395,-0.172719,1.238002,0.806463,0.201242,0.203111,0.362333,0.285885,-0.004701,0.362333,0.037385,-0.132035,-0.131522,1.339565,0.779528,0.224126,0.221510,0.354415,0.315117,0.000000,0.354415,0.020596,0.229197,0.047622,0.618928,-0.003296
1777417479.295091,-0.150391,-0.157689,1.269632,0.807502,0.207572,0.212544,0.389354,0.297072,-0.003051,0.389354,0.030704,-0.124556,-0.124126,1.351398,0.780179,0.224222,0.221893,0.355030,0.315456,0.000000,0.355030,0.019520,0.230699,0.044284,0.627472,-0.005682
1777417479.328323,-0.143450,-0.149598,1.285904,0.808360,0.207862,0.214560,0.397100,0.298728,-0.002123,0.397100,0.027114,-0.117058,-0.116701,1.363279,0.780792,0.224313,0.222256,0.355609,0.315775,0.000000,0.355609,0.018396,0.163495,0.015524,0.588236,-0.007475
1777417479.361702,-0.129983,-0.133827,1.295056,0.809076,0.215086,0.224624,0.394848,0.310995,-0.000619,0.394848,0.020647,-0.109595,-0.109302,1.375117,0.781363,0.224398,0.222594,0.356151,0.316073,0.000000,0.356151,0.017142,0.163490,0.011703,0.578220,-0.008607
1777417479.395120,-0.122949,-0.125515,1.326828,0.809610,0.215152,0.226372,0.421510,0.312305,0.000373,0.421510,0.016935,-0.102087,-0.101850,1.387040,0.781899,0.224477,0.222912,0.356659,0.316354,0.000000,0.356659,0.016080,0.093048,-0.018262,0.582273,-0.009344
1777417479.428327,-0.117395,-0.119055,1.348129,0.810036,0.209450,0.221497,0.425757,0.304843,0.001009,0.425757,0.008288,-0.094592,-0.094403,1.398955,0.782395,0.224551,0.223207,0.357131,0.316614,0.000000,0.357131,0.014890,0.094779,-0.021215,0.541010,-0.009395
1777417479.461745,-0.117395,-0.119055,1.348129,0.810036,0.209450,0.221497,0.425757,0.304843,0.001009,0.425757,0.008288,-0.087134,-0.086987,1.410821,0.782851,0.224619,0.223478,0.357564,0.316853,0.000000,0.357564,0.013669,0.113155,-0.017595,0.519501,-0.009297
1777417479.494985,-0.101033,-0.099624,1.359272,0.810274,0.214855,0.229886,0.415254,0.314647,0.002803,0.415254,0.004191,-0.079607,-0.079495,1.422809,0.783273,0.224682,0.223729,0.357966,0.317075,0.000000,0.357966,0.012642,0.187822,0.007238,0.540659,-0.007493
1777417479.528303,-0.096984,-0.094751,1.361598,0.810369,0.209728,0.225179,0.399828,0.307702,0.003244,0.399828,0.002215,-0.072174,-0.072090,1.434656,0.783651,0.224738,0.223954,0.358327,0.317274,0.000000,0.358327,0.011350,0.083212,-0.036008,0.540730,-0.007089
1777417479.561690,-0.096984,-0.094751,1.361598,0.810369,0.209728,0.225179,0.399828,0.307702,0.003244,0.399828,0.002215,-0.064672,-0.064612,1.446621,0.783995,0.224790,0.224160,0.358656,0.317456,0.000000,0.358656,0.010316,0.115905,-0.027169,0.558700,-0.006435
1777417479.595069,-0.082212,-0.077182,1.399341,0.810381,0.216469,0.234500,0.428275,0.319102,0.004780,0.428275,0.000293,-0.057111,-0.057069,1.458689,0.784303,0.224836,0.224344,0.358950,0.317618,0.000000,0.358950,0.009244,0.190214,-0.002052,0.582195,-0.005456
1777417479.628309,-0.082212,-0.077182,1.399341,0.810381,0.216469,0.234500,0.428275,0.319102,0.004780,0.428275,0.000293,-0.049641,-0.049614,1.470617,0.784569,0.224876,0.224503,0.359205,0.317759,0.000000,0.359205,0.007997,0.101720,-0.038785,0.530594,-0.004845
1777417479.661773,-0.065123,-0.057121,1.414960,0.810332,0.222359,0.242802,0.421802,0.329177,0.006250,0.421802,-0.000840,-0.042184,-0.042167,1.482533,0.784798,0.224910,0.224640,0.359425,0.317880,0.000000,0.359425,0.006863,0.175499,-0.013277,0.552969,-0.004442
1777417479.694979,-0.058335,-0.049118,1.446966,0.810218,0.220243,0.241233,0.443176,0.326580,0.006740,0.443176,-0.002773,-0.034674,-0.034665,1.494537,0.784991,0.224939,0.224756,0.359609,0.317982,0.000000,0.359609,0.005781,0.062926,-0.057754,0.544871,-0.004083
1777417479.728299,-0.042826,-0.031038,1.465026,0.810084,0.224858,0.247670,0.440472,0.334424,0.007878,0.440472,-0.002420,-0.027143,-0.027138,1.506579,0.785146,0.224962,0.224849,0.359758,0.318065,0.000000,0.359758,0.004660,0.067145,-0.058431,0.503309,-0.003663
1777417479.761642,-0.042826,-0.031038,1.465026,0.810084,0.224858,0.247670,0.440472,0.334424,0.007878,0.440472,-0.002420,-0.019657,-0.019655,1.518552,0.785263,0.224980,0.224919,0.359870,0.318126,0.000000,0.359870,0.003506,-0.020738,-0.093050,0.488822,-0.003448
1777417479.795030,-0.036212,-0.023194,1.470523,0.809914,0.223492,0.246912,0.430496,0.332932,0.008402,0.430496,-0.004575,-0.012155,-0.012155,1.530553,0.785343,0.224992,0.224967,0.359947,0.318169,0.000000,0.359947,0.002387,0.059638,-0.064596,0.510686,-0.004000
1777417479.828319,-0.022657,-0.007532,1.502560,0.809748,0.228131,0.252805,0.449783,0.340397,0.009162,0.449783,-0.003688,-0.004677,-0.004677,1.542517,0.785382,0.182652,0.182646,0.292233,0.258304,0.000000,0.292233,0.001171,0.064157,-0.065158,0.522537,-0.003959
1777417479.861634,-0.015719,0.000549,1.518329,0.809563,0.225209,0.249996,0.447799,0.336347,0.009403,0.447799,-0.004031,-0.004677,-0.004677,1.542517,0.785382,0.182652,0.182646,0.292233,0.258304,0.000000,0.292233,0.001171,-0.224424,-0.086258,0.421769,-0.004210
1777417479.895231,-0.002562,0.015547,1.524645,0.809364,0.230782,0.256679,0.437148,0.345027,0.010046,0.437148,-0.005032,-0.004677,-0.004677,1.542517,0.785382,0.182652,0.182646,0.292233,0.258304,0.000000,0.292233,0.001171,-0.274711,-0.108136,0.385526,-0.004209
1777417479.928329,-0.002562,0.015547,1.524645,0.809364,0.230782,0.256679,0.437148,0.345027,0.010046,0.437148,-0.005032,-0.004677,-0.004677,1.542517,0.785382,0.182652,0.182646,0.292233,0.258304,0.000000,0.292233,0.001171,-0.386333,-0.151162,0.368065,-0.004188
1777417479.961822,0.006485,0.025908,1.555374,0.809155,0.228797,0.254641,0.450552,0.342180,0.010149,0.450552,-0.003957,-0.004677,-0.004677,1.542517,0.785382,0.182652,0.182646,0.292233,0.258304,0.000000,0.292233,0.001171,-0.355171,-0.141797,0.363551,-0.005029
1777417479.994997,0.006485,0.025908,1.555374,0.809155,0.228797,0.254641,0.450552,0.342180,0.010149,0.450552,-0.003957,-0.004677,-0.004677,1.542517,0.785382,0.182652,0.182646,0.292233,0.258304,0.000000,0.292233,0.001171,-0.420540,-0.167734,0.296458,-0.004943
1777417480.028295,0.019165,0.040150,1.574176,0.808931,0.231227,0.257383,0.448251,0.345839,0.010360,0.448251,-0.004301,-0.004677,-0.004677,1.542517,0.785382,0.182652,0.182646,0.292233,0.258304,0.000000,0.292233,0.001171,-0.388699,-0.157824,0.290646,-0.005767
1777417480.061744,0.025305,0.047067,1.578890,0.808693,0.228501,0.254382,0.434107,0.341783,0.010342,0.434107,-0.005724,-0.004677,-0.004677,1.542517,0.785382,0.182652,0.182646,0.292233,0.258304,0.000000,0.292233,0.001171,-0.489593,-0.195170,0.247055,-0.005594
1777417480.095046,0.037921,0.060818,1.604978,0.808441,0.233924,0.259607,0.446575,0.349305,0.010115,0.446575,-0.006204,-0.004677,-0.004677,1.542517,0.785382,0.182652,0.182646,0.292233,0.258304,0.000000,0.292233,0.001171,-0.517475,-0.206435,0.231749,-0.005409
1777417480.128359,0.037921,0.060818,1.604978,0.808441,0.233924,0.259607,0.446575,0.349305,0.010115,0.446575,-0.006204,-0.004677,-0.004677,1.542517,0.785382,0.182652,0.182646,0.292233,0.258304,0.000000,0.292233,0.001171,-0.607822,-0.237863,0.173240,-0.005203
1777417480.161732,0.046678,0.070338,1.621864,0.808167,0.231382,0.256309,0.441349,0.345162,0.009770,0.441349,-0.005117,-0.004677,-0.004677,1.542517,0.785382,0.182652,0.182646,0.292233,0.258304,0.000000,0.292233,0.001171,-0.568161,-0.224529,0.166521,-0.006107
1777417480.195043,0.057893,0.082059,1.625602,0.807881,0.234819,0.259205,0.426540,0.349627,0.009386,0.426540,-0.007248,-0.004677,-0.004677,1.542517,0.785382,0.182652,0.182646,0.292233,0.258304,0.000000,0.292233,0.001171,-0.618218,-0.241971,0.126607,-0.005778
1777417480.228315,0.063530,0.087959,1.647171,0.807584,0.233030,0.256210,0.435124,0.346224,0.008712,0.435124,-0.007820,-0.004677,-0.004677,1.542517,0.785382,0.182652,0.182646,0.292233,0.258304,0.000000,0.292233,0.001171,-0.687089,-0.263746,0.112887,-0.005443
1777417480.261679,0.075402,0.099714,1.658473,0.807272,0.237060,0.258807,0.428679,0.350883,0.007704,0.428679,-0.007573,-0.004677,-0.004677,1.542517,0.785382,0.182652,0.182646,0.292233,0.258304,0.000000,0.292233,0.001171,0.000000,0.000000,0.000000,0.000000
1777417480.295135,0.081040,0.105239,1.663121,0.806951,0.234843,0.255429,0.416928,0.346908,0.007082,0.416928,-0.008764,-0.004677,-0.004677,1.542517,0.785382,0.182652,0.182646,0.292233,0.258304,0.000000,0.292233,0.001171,0.000000,0.000000,0.000000,0.000000
1777417480.328342,0.081040,0.105239,1.663121,0.806951,0.234843,0.255429,0.416928,0.346908,0.007082,0.416928,-0.008764,-0.004677,-0.004677,1.542517,0.785382,0.182652,0.182646,0.292233,0.258304,0.000000,0.292233,0.001171,0.000000,0.000000,0.000000,0.000000
1777417480.361678,0.094693,0.117976,1.684659,0.806627,0.235722,0.253346,0.413042,0.346009,0.005118,0.413042,-0.005016,-0.004677,-0.004677,1.542517,0.785382,0.182652,0.182646,0.292233,0.258304,0.000000,0.292233,0.001171,0.000000,0.000000,0.000000,0.000000
1777417480.395012,0.094693,0.117976,1.684659,0.806627,0.235722,0.253346,0.413042,0.346009,0.005118,0.413042,-0.005016,-0.004677,-0.004677,1.542517,0.785382,0.182652,0.182646,0.292233,0.258304,0.000000,0.292233,0.001171,0.000000,0.000000,0.000000,0.000000
1777417480.428391,0.102188,0.124406,1.694695,0.806350,0.228863,0.244414,0.398213,0.334815,0.003982,0.398213,-0.004543,-0.004677,-0.004677,1.542517,0.785382,0.182652,0.182646,0.292233,0.258304,0.000000,0.292233,0.001171,0.000000,0.000000,0.000000,0.000000
1777417480.461631,0.102188,0.124406,1.694695,0.806350,0.228863,0.244414,0.398213,0.334815,0.003982,0.398213,-0.004543,-0.004677,-0.004677,1.542517,0.785382,0.182652,0.182646,0.292233,0.258304,0.000000,0.292233,0.001171,0.000000,0.000000,0.000000,0.000000
1777417480.495076,0.112273,0.133089,1.696752,0.806114,0.226326,0.239556,0.376132,0.329552,0.002529,0.376132,-0.004154,-0.004677,-0.004677,1.542517,0.785382,0.182652,0.182646,0.292233,0.258304,0.000000,0.292233,0.001171,0.000000,0.000000,0.000000,0.000000
1777417480.528359,0.112273,0.133089,1.696752,0.806114,0.226326,0.239556,0.376132,0.329552,0.002529,0.376132,-0.004154,-0.004677,-0.004677,1.542517,0.785382,0.182652,0.182646,0.292233,0.258304,0.000000,0.292233,0.001171,0.000000,0.000000,0.000000,0.000000
1777417480.561685,0.119045,0.138995,1.709517,0.805910,0.218010,0.229467,0.364362,0.316513,0.001610,0.364362,-0.003080,-0.004677,-0.004677,1.542517,0.785382,0.182652,0.182646,0.292233,0.258304,0.000000,0.292233,0.001171,0.000000,0.000000,0.000000,0.000000
1777417480.595093,0.119045,0.138995,1.709517,0.805910,0.218010,0.229467,0.364362,0.316513,0.001610,0.364362,-0.003080,-0.004677,-0.004677,1.542517,0.785382,0.182652,0.182646,0.292233,0.258304,0.000000,0.292233,0.001171,0.000000,0.000000,0.000000,0.000000
1777417480.628335,0.128544,0.147172,1.715532,0.805735,0.214992,0.224308,0.347681,0.310701,0.000269,0.347681,-0.002983,-0.004677,-0.004677,1.542517,0.785382,0.182652,0.182646,0.292233,0.258304,0.000000,0.292233,0.001171,0.000000,0.000000,0.000000,0.000000
1777417480.661656,0.133155,0.151172,1.716755,0.805585,0.209148,0.217312,0.330364,0.301608,-0.000315,0.330364,-0.003153,-0.004677,-0.004677,1.542517,0.785382,0.182652,0.182646,0.292233,0.258304,0.000000,0.292233,0.001171,0.000000,0.000000,0.000000,0.000000
1777417480.695100,0.133155,0.151172,1.716755,0.805585,0.209148,0.217312,0.330364,0.301608,-0.000315,0.330364,-0.003153,-0.004677,-0.004677,1.542517,0.785382,0.182652,0.182646,0.292233,0.258304,0.000000,0.292233,0.001171,0.000000,0.000000,0.000000,0.000000
1777417480.728330,0.143859,0.160466,1.724669,0.805457,0.207501,0.213574,0.317258,0.297771,-0.001679,0.317258,-0.002129,-0.004677,-0.004677,1.542517,0.785382,0.182652,0.182646,0.292233,0.258304,0.000000,0.292233,0.001171,0.000000,0.000000,0.000000,0.000000
1777417480.761706,0.143859,0.160466,1.724669,0.805457,0.207501,0.213574,0.317258,0.297771,-0.001679,0.317258,-0.002129,-0.004677,-0.004677,1.542517,0.785382,0.182652,0.182646,0.292233,0.258304,0.000000,0.292233,0.001171,0.000000,0.000000,0.000000,0.000000
1777417480.795007,0.149946,0.165714,1.728990,0.805345,0.200879,0.205617,0.300624,0.287445,-0.002383,0.300624,-0.001887,-0.004677,-0.004677,1.542517,0.785382,0.182652,0.182646,0.292233,0.258304,0.000000,0.292233,0.001171,0.000000,0.000000,0.000000,0.000000
1777417480.828348,0.159278,0.173870,1.729580,0.805249,0.201441,0.204587,0.285366,0.287093,-0.003475,0.285366,-0.002165,-0.004677,-0.004677,1.542517,0.785382,0.182652,0.182646,0.292233,0.258304,0.000000,0.292233,0.001171,0.000000,0.000000,0.000000,0.000000
1777417480.861652,0.164001,0.177972,1.734913,0.805168,0.196477,0.198706,0.275967,0.279413,-0.003948,0.275967,-0.001756,-0.004677,-0.004677,1.542517,0.785382,0.182652,0.182646,0.292233,0.258304,0.000000,0.292233,0.001171,0.000000,0.000000,0.000000,0.000000
1777417480.894941,0.165854,0.179508,1.736749,0.805096,0.189663,0.191375,0.264501,0.269406,-0.004097,0.264501,-0.001756,-0.004677,-0.004677,1.542517,0.785382,0.182652,0.182646,0.292233,0.258304,0.000000,0.292233,0.001171,0.000000,0.000000,0.000000,0.000000
1777417480.928319,0.165854,0.179508,1.736749,0.805096,0.189663,0.191375,0.264501,0.269406,-0.004097,0.264501,-0.001756,-0.004677,-0.004677,1.542517,0.785382,0.182652,0.182646,0.292233,0.258304,0.000000,0.292233,0.001171,0.000000,0.000000,0.000000,0.000000
1777417480.961673,0.175990,0.188256,1.736741,0.805035,0.192505,0.192538,0.251629,0.272214,-0.005322,0.251629,-0.001564,-0.004677,-0.004677,1.542517,0.785382,0.182652,0.182646,0.292233,0.258304,0.000000,0.292233,0.001171,0.000000,0.000000,0.000000,0.000000
1777417480.995157,0.187630,0.198581,1.741198,0.804985,0.195784,0.194238,0.242684,0.275713,-0.006495,0.242684,-0.001094,-0.004677,-0.004677,1.542517,0.785382,0.182652,0.182646,0.292233,0.258304,0.000000,0.292233,0.001171,0.000000,0.000000,0.000000,0.000000
1777417481.028346,0.193811,0.204021,1.743071,0.804940,0.192070,0.189653,0.229935,0.269835,-0.006983,0.229935,-0.000925,-0.004677,-0.004677,1.542517,0.785382,0.182652,0.182646,0.292233,0.258304,0.000000,0.292233,0.001171,0.000000,0.000000,0.000000,0.000000
1777417481.061676,0.193811,0.204021,1.743071,0.804940,0.192070,0.189653,0.229935,0.269835,-0.006983,0.229935,-0.000925,-0.004677,-0.004677,1.542517,0.785382,0.182652,0.182646,0.292233,0.258304,0.000000,0.292233,0.001171,0.000000,0.000000,0.000000,0.000000
1777417481.095121,0.204962,0.213771,1.743452,0.804901,0.191882,0.187904,0.212994,0.268444,-0.008049,0.212994,-0.000666,-0.004677,-0.004677,1.542517,0.785382,0.182652,0.182646,0.292233,0.258304,0.000000,0.292233,0.001171,0.000000,0.000000,0.000000,0.000000
1777417481.128463,0.204962,0.213771,1.743452,0.804901,0.191882,0.187904,0.212994,0.268444,-0.008049,0.212994,-0.000666,-0.004677,-0.004677,1.542517,0.785382,0.182652,0.182646,0.292233,0.258304,0.000000,0.292233,0.001171,0.000000,0.000000,0.000000,0.000000
1777417481.161736,0.210000,0.218071,1.744443,0.804862,0.188463,0.183714,0.202438,0.263053,-0.008479,0.202438,-0.000917,-0.004677,-0.004677,1.542517,0.785382,0.182652,0.182646,0.292233,0.258304,0.000000,0.292233,0.001171,0.000000,0.000000,0.000000,0.000000
1777417481.195008,0.219244,0.226246,1.745827,0.804833,0.190163,0.184285,0.192939,0.264644,-0.009302,0.192939,-0.000710,-0.004677,-0.004677,1.542517,0.785382,0.182652,0.182646,0.292233,0.258304,0.000000,0.292233,0.001171,0.000000,0.000000,0.000000,0.000000
1777417481.228328,0.224171,0.230577,1.746263,0.804808,0.186595,0.180164,0.182211,0.259201,-0.009579,0.182211,-0.000596,-0.004677,-0.004677,1.542517,0.785382,0.182652,0.182646,0.292233,0.258304,0.000000,0.292233,0.001171,0.000000,0.000000,0.000000,0.000000
1777417481.261678,0.233437,0.238716,1.747539,0.804784,0.189019,0.181442,0.174119,0.261802,-0.010434,0.174119,-0.000630,-0.004677,-0.004677,1.542517,0.785382,0.182652,0.182646,0.292233,0.258304,0.000000,0.292233,0.001171,0.000000,0.000000,0.000000,0.000000
1777417481.295046,0.233437,0.238716,1.747539,0.804784,0.189019,0.181442,0.174119,0.261802,-0.010434,0.174119,-0.000630,-0.004677,-0.004677,1.542517,0.785382,0.182652,0.182646,0.292233,0.258304,0.000000,0.292233,0.001171,0.000000,0.000000,0.000000,0.000000
1777417481.328344,0.239690,0.244167,1.748025,0.804766,0.186154,0.177885,0.163333,0.257253,-0.010831,0.163333,-0.000395,-0.004677,-0.004677,1.542517,0.785382,0.182652,0.182646,0.292233,0.258304,0.000000,0.292233,0.001171,0.000000,0.000000,0.000000,0.000000
1777417481.361651,0.249995,0.253310,1.748636,0.804750,0.186688,0.177370,0.151664,0.257252,-0.011569,0.151664,-0.000311,-0.004677,-0.004677,1.542517,0.785382,0.182652,0.182646,0.292233,0.258304,0.000000,0.292233,0.001171,0.000000,0.000000,0.000000,0.000000
1777417481.395105,0.249995,0.253310,1.748636,0.804750,0.186688,0.177370,0.151664,0.257252,-0.011569,0.151664,-0.000311,-0.004677,-0.004677,1.542517,0.785382,0.182652,0.182646,0.292233,0.258304,0.000000,0.292233,0.001171,0.000000,0.000000,0.000000,0.000000
1777417481.428310,0.255568,0.258162,1.749073,0.804733,0.181288,0.171491,0.139840,0.249272,-0.011749,0.139840,-0.000299,-0.004677,-0.004677,1.542517,0.785382,0.182652,0.182646,0.292233,0.258304,0.000000,0.292233,0.001171,0.000000,0.000000,0.000000,0.000000
1777417481.461772,0.264077,0.265664,1.749257,0.804717,0.182222,0.171550,0.131074,0.249962,-0.012377,0.131074,-0.000392,-0.004677,-0.004677,1.542517,0.785382,0.182652,0.182646,0.292233,0.258304,0.000000,0.292233,0.001171,0.000000,0.000000,0.000000,0.000000
1777417481.495067,0.268717,0.269748,1.749290,0.804706,0.177832,0.166861,0.121531,0.243540,-0.012462,0.121531,-0.000241,-0.004677,-0.004677,1.542517,0.785382,0.182652,0.182646,0.292233,0.258304,0.000000,0.292233,0.001171,0.000000,0.000000,0.000000,0.000000
1777417481.528306,0.268717,0.269748,1.749290,0.804706,0.177832,0.166861,0.121531,0.243540,-0.012462,0.121531,-0.000241,-0.004677,-0.004677,1.542517,0.785382,0.182652,0.182646,0.292233,0.258304,0.000000,0.292233,0.001171,0.000000,0.000000,0.000000,0.000000
1777417481.561700,0.277739,0.277672,1.749398,0.804695,0.177910,0.166066,0.111920,0.243021,-0.013067,0.111920,-0.000225,-0.004677,-0.004677,1.542517,0.785382,0.182652,0.182646,0.292233,0.258304,0.000000,0.292233,0.001171,0.000000,0.000000,0.000000,0.000000
1777417481.595113,0.282960,0.282296,1.749800,0.804685,0.173463,0.161356,0.102868,0.236544,-0.013125,0.102868,-0.000189,-0.004677,-0.004677,1.542517,0.785382,0.182652,0.182646,0.292233,0.258304,0.000000,0.292233,0.001171,0.000000,0.000000,0.000000,0.000000
1777417481.628321,0.282960,0.282296,1.749800,0.804685,0.173463,0.161356,0.102868,0.236544,-0.013125,0.102868,-0.000189,-0.004677,-0.004677,1.542517,0.785382,0.182652,0.182646,0.292233,0.258304,0.000000,0.292233,0.001171,0.000000,0.000000,0.000000,0.000000
1777417481.661760,0.291286,0.289603,1.749202,0.804674,0.174049,0.161161,0.094246,0.236809,-0.013680,0.094246,-0.000247,-0.004677,-0.004677,1.542517,0.785382,0.182652,0.182646,0.292233,0.258304,0.000000,0.292233,0.001171,0.000000,0.000000,0.000000,0.000000
1777417481.694974,0.296587,0.294304,1.749779,0.804668,0.170423,0.157292,0.086748,0.231508,-0.013748,0.086748,-0.000141,-0.004677,-0.004677,1.542517,0.785382,0.182652,0.182646,0.292233,0.258304,0.000000,0.292233,0.001171,0.000000,0.000000,0.000000,0.000000
1777417481.728305,0.296587,0.294304,1.749779,0.804668,0.170423,0.157292,0.086748,0.231508,-0.013748,0.086748,-0.000141,-0.004677,-0.004677,1.542517,0.785382,0.182652,0.182646,0.292233,0.258304,0.000000,0.292233,0.001171,0.000000,0.000000,0.000000,0.000000
1777417481.761716,0.306608,0.303158,1.749723,0.804661,0.170087,0.156195,0.077095,0.230484,-0.014265,0.077095,-0.000113,-0.004677,-0.004677,1.542517,0.785382,0.182652,0.182646,0.292233,0.258304,0.000000,0.292233,0.001171,0.000000,0.000000,0.000000,0.000000
1777417481.795094,0.310874,0.306919,1.749518,0.804652,0.166118,0.152102,0.069968,0.224783,-0.014241,0.069968,-0.000200,-0.004677,-0.004677,1.542517,0.785382,0.182652,0.182646,0.292233,0.258304,0.000000,0.292233,0.001171,0.000000,0.000000,0.000000,0.000000
1777417481.828336,0.310874,0.306919,1.749518,0.804652,0.166118,0.152102,0.069968,0.224783,-0.014241,0.069968,-0.000200,-0.004677,-0.004677,1.542517,0.785382,0.182652,0.182646,0.292233,0.258304,0.000000,0.292233,0.001171,0.000000,0.000000,0.000000,0.000000
1777417481.861827,0.319101,0.314175,1.749290,0.804646,0.166835,0.152175,0.063196,0.225333,-0.014706,0.063196,-0.000148,-0.004677,-0.004677,1.542517,0.785382,0.182652,0.182646,0.292233,0.258304,0.000000,0.292233,0.001171,0.000000,0.000000,0.000000,0.000000
1777417481.895116,0.324030,0.318544,1.749412,0.804641,0.163802,0.148987,0.057132,0.220932,-0.014730,0.057132,-0.000113,-0.004677,-0.004677,1.542517,0.785382,0.182652,0.182646,0.292233,0.258304,0.000000,0.292233,0.001171,0.000000,0.000000,0.000000,0.000000
1777417481.928359,0.333728,0.327147,1.749350,0.804636,0.165207,0.149704,0.050418,0.222424,-0.015243,0.050418,-0.000087,-0.004677,-0.004677,1.542517,0.785382,0.182652,0.182646,0.292233,0.258304,0.000000,0.292233,0.001171,0.000000,0.000000,0.000000,0.000000
1777417481.961671,0.333728,0.327147,1.749350,0.804636,0.165207,0.149704,0.050418,0.222424,-0.015243,0.050418,-0.000087,-0.004677,-0.004677,1.542517,0.785382,0.182652,0.182646,0.292233,0.258304,0.000000,0.292233,0.001171,0.000000,0.000000,0.000000,0.000000
1777417481.995010,0.339029,0.331820,1.749152,0.804631,0.161583,0.145955,0.043904,0.217209,-0.015231,0.043904,-0.000109,-0.004677,-0.004677,1.542517,0.785382,0.182652,0.182646,0.292233,0.258304,0.000000,0.292233,0.001171,0.000000,0.000000,0.000000,0.000000
1777417482.028352,0.348134,0.339906,1.749192,0.804627,0.161930,0.145772,0.037687,0.217318,-0.015607,0.037687,-0.000077,-0.004677,-0.004677,1.542517,0.785382,0.182652,0.182646,0.292233,0.258304,0.000000,0.292233,0.001171,0.000000,0.000000,0.000000,0.000000
1777417482.061709,0.348134,0.339906,1.749192,0.804627,0.161930,0.145772,0.037687,0.217318,-0.015607,0.037687,-0.000077,-0.004677,-0.004677,1.542517,0.785382,0.182652,0.182646,0.292233,0.258304,0.000000,0.292233,0.001171,0.000000,0.000000,0.000000,0.000000
1777417482.095166,0.352518,0.343771,1.748836,0.804621,0.158246,0.142064,0.032114,0.212092,-0.015522,0.032114,-0.000127,-0.004677,-0.004677,1.542517,0.785382,0.182652,0.182646,0.292233,0.258304,0.000000,0.292233,0.001171,0.000000,0.000000,0.000000,0.000000
1777417482.128427,0.360749,0.351085,1.748892,0.804618,0.159392,0.142717,0.027484,0.213357,-0.015895,0.027484,-0.000084,-0.004677,-0.004677,1.542517,0.785382,0.182652,0.182646,0.292233,0.258304,0.000000,0.292233,0.001171,0.000000,0.000000,0.000000,0.000000
1777417482.161628,0.364605,0.354502,1.748785,0.804613,0.156525,0.139848,0.023383,0.209302,-0.015816,0.023383,-0.000112,-0.004677,-0.004677,1.542517,0.785382,0.182652,0.182646,0.292233,0.258304,0.000000,0.292233,0.001171,0.000000,0.000000,0.000000,0.000000
1777417482.194933,0.373321,0.362250,1.748675,0.804611,0.158423,0.141211,0.019041,0.211600,-0.016239,0.019041,-0.000054,-0.004677,-0.004677,1.542517,0.785382,0.182652,0.182646,0.292233,0.258304,0.000000,0.292233,0.001171,0.000000,0.000000,0.000000,0.000000
1777417482.228296,0.373321,0.362250,1.748675,0.804611,0.158423,0.141211,0.019041,0.211600,-0.016239,0.019041,-0.000054,-0.004677,-0.004677,1.542517,0.785382,0.182652,0.182646,0.292233,0.258304,0.000000,0.292233,0.001171,0.000000,0.000000,0.000000,0.000000
1777417482.261710,0.378567,0.366904,1.748532,0.804608,0.155864,0.138597,0.014648,0.207943,-0.016207,0.014648,-0.000070,-0.004677,-0.004677,1.542517,0.785382,0.182652,0.182646,0.292233,0.258304,0.000000,0.292233,0.001171,0.000000,0.000000,0.000000,0.000000
1777417482.295080,0.385843,0.373379,1.748463,0.804603,0.158053,0.140325,0.011651,0.210705,-0.016586,0.011651,-0.000149,-0.004677,-0.004677,1.542517,0.785382,0.182652,0.182646,0.292233,0.258304,0.000000,0.292233,0.001171,0.000000,0.000000,0.000000,0.000000
1777417482.328370,0.389838,0.376931,1.748377,0.804601,0.156562,0.138784,0.008782,0.208561,-0.016579,0.008782,-0.000073,-0.004677,-0.004677,1.542517,0.785382,0.182652,0.182646,0.292233,0.258304,0.000000,0.292233,0.001171,0.000000,0.000000,0.000000,0.000000
1777417482.361669,0.398436,0.384587,1.748351,0.804600,0.159229,0.140927,0.005619,0.211955,-0.017015,0.005619,-0.000023,-0.004677,-0.004677,1.542517,0.785382,0.182652,0.182646,0.292233,0.258304,0.000000,0.292233,0.001171,0.000000,0.000000,0.000000,0.000000
1777417482.395089,0.403551,0.389136,1.748272,0.804599,0.156528,0.138250,0.001975,0.208153,-0.016925,0.001975,-0.000028,-0.004677,-0.004677,1.542517,0.785382,0.182652,0.182646,0.292233,0.258304,0.000000,0.292233,0.001171,0.000000,0.000000,0.000000,0.000000
1777417482.428353,0.411602,0.396314,1.748169,0.804595,0.158928,0.140195,-0.000838,0.211219,-0.017304,-0.000838,-0.000108,-0.004677,-0.004677,1.542517,0.785382,0.182652,0.182646,0.292233,0.258304,0.000000,0.292233,0.001171,0.000000,0.000000,0.000000,0.000000
1777417482.461639,0.416312,0.400507,1.748100,0.804594,0.156354,0.137677,-0.003917,0.207620,-0.017195,-0.003917,-0.000026,-0.004677,-0.004677,1.542517,0.785382,0.182652,0.182646,0.292233,0.258304,0.000000,0.292233,0.001171,0.000000,0.000000,0.000000,0.000000
1777417482.494975,0.424094,0.407452,1.748026,0.804590,0.158831,0.139727,-0.006305,0.210814,-0.017557,-0.006305,-0.000104,-0.004677,-0.004677,1.542517,0.785382,0.182652,0.182646,0.292233,0.258304,0.000000,0.292233,0.001171,0.000000,0.000000,0.000000,0.000000
1777417482.528363,0.424094,0.407452,1.748026,0.804590,0.158831,0.139727,-0.006305,0.210814,-0.017557,-0.006305,-0.000104,-0.004677,-0.004677,1.542517,0.785382,0.182652,0.182646,0.292233,0.258304,0.000000,0.292233,0.001171,0.000000,0.000000,0.000000,0.000000
1777417482.561785,0.429274,0.412076,1.747934,0.804589,0.157563,0.138426,-0.008855,0.208997,-0.017545,-0.008855,-0.000042,-0.004677,-0.004677,1.542517,0.785382,0.182652,0.182646,0.292233,0.258304,0.000000,0.292233,0.001171,0.000000,0.000000,0.000000,0.000000
1777417482.595112,0.437675,0.419566,1.747843,0.804588,0.158982,0.139502,-0.011612,0.210757,-0.017822,-0.011612,-0.000016,-0.004677,-0.004677,1.542517,0.785382,0.182652,0.182646,0.292233,0.258304,0.000000,0.292233,0.001171,0.000000,0.000000,0.000000,0.000000
1777417482.628319,0.441733,0.423187,1.747770,0.804585,0.156215,0.136873,-0.013969,0.206944,-0.017651,-0.013969,-0.000065,-0.004677,-0.004677,1.542517,0.785382,0.182652,0.182646,0.292233,0.258304,0.000000,0.292233,0.001171,0.000000,0.000000,0.000000,0.000000
1777417482.661685,0.441733,0.423187,1.747770,0.804585,0.156215,0.136873,-0.013969,0.206944,-0.017651,-0.013969,-0.000065,-0.004677,-0.004677,1.542517,0.785382,0.182652,0.182646,0.292233,0.258304,0.000000,0.292233,0.001171,0.000000,0.000000,0.000000,0.000000
1777417482.695131,0.450532,0.431046,1.747643,0.804585,0.156150,0.136619,-0.017062,0.206716,-0.017780,-0.017062,-0.000013,-0.004677,-0.004677,1.542517,0.785382,0.182652,0.182646,0.292233,0.258304,0.000000,0.292233,0.001171,0.000000,0.000000,0.000000,0.000000
1777417482.728392,0.454479,0.434568,1.747575,0.804582,0.152775,0.133457,-0.019287,0.202097,-0.017540,-0.019287,-0.000074,-0.004677,-0.004677,1.542517,0.785382,0.182652,0.182646,0.292233,0.258304,0.000000,0.292233,0.001171,0.000000,0.000000,0.000000,0.000000
1777417482.761653,0.462400,0.441653,1.747503,0.804580,0.154071,0.134493,-0.021365,0.203742,-0.017755,-0.021365,-0.000046,-0.004677,-0.004677,1.542517,0.785382,0.182652,0.182646,0.292233,0.258304,0.000000,0.292233,0.001171,0.000000,0.000000,0.000000,0.000000
1777417482.795153,0.462400,0.441653,1.747503,0.804580,0.154071,0.134493,-0.021365,0.203742,-0.017755,-0.021365,-0.000046,-0.004677,-0.004677,1.542517,0.785382,0.182652,0.182646,0.292233,0.258304,0.000000,0.292233,0.001171,0.000000,0.000000,0.000000,0.000000
1777417482.828370,0.467334,0.446071,1.747442,0.804578,0.150896,0.131526,-0.023562,0.199403,-0.017524,-0.023562,-0.000032,-0.004677,-0.004677,1.542517,0.785382,0.182652,0.182646,0.292233,0.258304,0.000000,0.292233,0.001171,0.000000,0.000000,0.000000,0.000000
1777417482.861681,0.475253,0.453148,1.747322,0.804577,0.151275,0.131740,-0.025663,0.199821,-0.017648,-0.025663,-0.000036,-0.004677,-0.004677,1.542517,0.785382,0.182652,0.182646,0.292233,0.258304,0.000000,0.292233,0.001171,0.000000,0.000000,0.000000,0.000000
1777417482.895063,0.479115,0.456600,1.747242,0.804575,0.147125,0.127916,-0.027569,0.194187,-0.017309,-0.027569,-0.000040,-0.004677,-0.004677,1.542517,0.785382,0.182652,0.182646,0.292233,0.258304,0.000000,0.292233,0.001171,0.000000,0.000000,0.000000,0.000000
1777417482.928406,0.479115,0.456600,1.747242,0.804575,0.147125,0.127916,-0.027569,0.194187,-0.017309,-0.027569,-0.000040,-0.004677,-0.004677,1.542517,0.785382,0.182652,0.182646,0.292233,0.258304,0.000000,0.292233,0.001171,0.000000,0.000000,0.000000,0.000000
1777417482.961678,0.486516,0.463241,1.747226,0.804573,0.146804,0.127548,-0.029338,0.193700,-0.017333,-0.029338,-0.000039,-0.004677,-0.004677,1.542517,0.785382,0.182652,0.182646,0.292233,0.258304,0.000000,0.292233,0.001171,0.000000,0.000000,0.000000,0.000000
1777417482.995116,0.486516,0.463241,1.747226,0.804573,0.146804,0.127548,-0.029338,0.193700,-0.017333,-0.029338,-0.000039,-0.004677,-0.004677,1.542517,0.785382,0.182652,0.182646,0.292233,0.258304,0.000000,0.292233,0.001171,0.000000,0.000000,0.000000,0.000000
1777417483.028352,0.491765,0.467933,1.747097,0.804571,0.142411,0.123503,-0.031381,0.187739,-0.016973,-0.031381,-0.000023,-0.004677,-0.004677,1.542517,0.785382,0.182652,0.182646,0.292233,0.258304,0.000000,0.292233,0.001171,0.000000,0.000000,0.000000,0.000000
1777417483.061669,0.498659,0.474118,1.747070,0.804568,0.143054,0.124026,-0.032627,0.188562,-0.017072,-0.032627,-0.000073,-0.004677,-0.004677,1.542517,0.785382,0.182652,0.182646,0.292233,0.258304,0.000000,0.292233,0.001171,0.000000,0.000000,0.000000,0.000000
1777417483.095052,0.502328,0.477404,1.747006,0.804567,0.139563,0.120839,-0.033909,0.183844,-0.016767,-0.033909,-0.000027,-0.004677,-0.004677,1.542517,0.785382,0.182652,0.182646,0.292233,0.258304,0.000000,0.292233,0.001171,0.000000,0.000000,0.000000,0.000000
1777417483.128344,0.509598,0.483932,1.746996,0.804565,0.140949,0.122049,-0.034928,0.185678,-0.016926,-0.034928,-0.000047,-0.004677,-0.004677,1.542517,0.785382,0.182652,0.182646,0.292233,0.258304,0.000000,0.292233,0.001171,0.000000,0.000000,0.000000,0.000000
1777417483.161641,0.509598,0.483932,1.746996,0.804565,0.140949,0.122049,-0.034928,0.185678,-0.016926,-0.034928,-0.000047,-0.004677,-0.004677,1.542517,0.785382,0.182652,0.182646,0.292233,0.258304,0.000000,0.292233,0.001171,0.000000,0.000000,0.000000,0.000000
1777417483.195080,0.513788,0.487713,1.747086,0.804564,0.139046,0.120330,-0.035726,0.183119,-0.016746,-0.035726,-0.000046,-0.004677,-0.004677,1.542517,0.785382,0.182652,0.182646,0.292233,0.258304,0.000000,0.292233,0.001171,0.000000,0.000000,0.000000,0.000000
1777417483.228345,0.520639,0.493857,1.746992,0.804562,0.140703,0.121787,-0.036612,0.185318,-0.016930,-0.036612,-0.000035,-0.004677,-0.004677,1.542517,0.785382,0.182652,0.182646,0.292233,0.258304,0.000000,0.292233,0.001171,0.000000,0.000000,0.000000,0.000000
1777417483.261691,0.524959,0.497722,1.746861,0.804562,0.137838,0.119174,-0.037665,0.181449,-0.016678,-0.037665,-0.000006,-0.004677,-0.004677,1.542517,0.785382,0.182652,0.182646,0.292233,0.258304,0.000000,0.292233,0.001171,0.000000,0.000000,0.000000,0.000000
1777417483.294953,0.532063,0.504115,1.746885,0.804560,0.139628,0.120780,-0.038302,0.183847,-0.016853,-0.038302,-0.000057,-0.004677,-0.004677,1.542517,0.785382,0.182652,0.182646,0.292233,0.258304,0.000000,0.292233,0.001171,0.000000,0.000000,0.000000,0.000000
1777417483.328317,0.536230,0.507854,1.746804,0.804559,0.136884,0.118298,-0.039122,0.180156,-0.016597,-0.039122,-0.000012,-0.004677,-0.004677,1.542517,0.785382,0.182652,0.182646,0.292233,0.258304,0.000000,0.292233,0.001171,0.000000,0.000000,0.000000,0.000000
1777417483.361668,0.536230,0.507854,1.746804,0.804559,0.136884,0.118298,-0.039122,0.180156,-0.016597,-0.039122,-0.000012,-0.004677,-0.004677,1.542517,0.785382,0.182652,0.182646,0.292233,0.258304,0.000000,0.292233,0.001171,0.000000,0.000000,0.000000,0.000000
1777417483.395164,0.542739,0.513736,1.746961,0.804557,0.137993,0.119325,-0.039498,0.181664,-0.016684,-0.039498,-0.000056,-0.004677,-0.004677,1.542517,0.785382,0.182652,0.182646,0.292233,0.258304,0.000000,0.292233,0.001171,0.000000,0.000000,0.000000,0.000000
1777417483.428303,0.547672,0.518141,1.746703,0.804557,0.134803,0.116425,-0.040498,0.177363,-0.016396,-0.040498,0.000003,-0.004677,-0.004677,1.542517,0.785382,0.182652,0.182646,0.292233,0.258304,0.000000,0.292233,0.001171,0.000000,0.000000,0.000000,0.000000
1777417483.461664,0.554903,0.524658,1.746730,0.804555,0.136146,0.117653,-0.040939,0.179180,-0.016511,-0.040939,-0.000050,-0.004677,-0.004677,1.542517,0.785382,0.182652,0.182646,0.292233,0.258304,0.000000,0.292233,0.001171,0.000000,0.000000,0.000000,0.000000
1777417483.495142,0.554903,0.524658,1.746730,0.804555,0.136146,0.117653,-0.040939,0.179180,-0.016511,-0.040939,-0.000050,-0.004677,-0.004677,1.542517,0.785382,0.182652,0.182646,0.292233,0.258304,0.000000,0.292233,0.001171,0.000000,0.000000,0.000000,0.000000
1777417483.528356,0.559417,0.528736,1.746796,0.804554,0.133484,0.115290,-0.041342,0.175631,-0.016232,-0.041342,-0.000021,-0.004677,-0.004677,1.542517,0.785382,0.182652,0.182646,0.292233,0.258304,0.000000,0.292233,0.001171,0.000000,0.000000,0.000000,0.000000
1777417483.561731,0.566764,0.535338,1.746648,0.804554,0.133786,0.115571,-0.041936,0.176043,-0.016255,-0.041936,-0.000019,-0.004677,-0.004677,1.542517,0.785382,0.182652,0.182646,0.292233,0.258304,0.000000,0.292233,0.001171,0.000000,0.000000,0.000000,0.000000
1777417483.595181,0.566764,0.535338,1.746648,0.804554,0.133786,0.115571,-0.041936,0.176043,-0.016255,-0.041936,-0.000019,-0.004677,-0.004677,1.542517,0.785382,0.182652,0.182646,0.292233,0.258304,0.000000,0.292233,0.001171,0.000000,0.000000,0.000000,0.000000
1777417483.628341,0.571087,0.539240,1.746663,0.804552,0.129558,0.111803,-0.042319,0.170396,-0.015821,-0.042319,-0.000020,-0.004677,-0.004677,1.542517,0.785382,0.182652,0.182646,0.292233,0.258304,0.000000,0.292233,0.001171,0.000000,0.000000,0.000000,0.000000
1777417483.661672,0.577297,0.544844,1.746684,0.804550,0.130225,0.112442,-0.042516,0.171320,-0.015858,-0.042516,-0.000052,-0.004677,-0.004677,1.542517,0.785382,0.182652,0.182646,0.292233,0.258304,0.000000,0.292233,0.001171,0.000000,0.000000,0.000000,0.000000
1777417483.694935,0.580799,0.547996,1.746627,0.804550,0.126919,0.109495,-0.042790,0.166903,-0.015520,-0.042790,-0.000014,-0.004677,-0.004677,1.542517,0.785382,0.182652,0.182646,0.292233,0.258304,0.000000,0.292233,0.001171,0.000000,0.000000,0.000000,0.000000
1777417483.728315,0.582029,0.549118,1.746707,0.804548,0.122716,0.105751,-0.042817,0.161291,-0.015087,-0.042817,-0.000049,-0.004677,-0.004677,1.542517,0.785382,0.182652,0.182646,0.292233,0.258304,0.000000,0.292233,0.001171,0.000000,0.000000,0.000000,0.000000
1777417483.761647,0.582029,0.549118,1.746707,0.804548,0.122716,0.105751,-0.042817,0.161291,-0.015087,-0.042817,-0.000049,-0.004677,-0.004677,1.542517,0.785382,0.182652,0.182646,0.292233,0.258304,0.000000,0.292233,0.001171,0.000000,0.000000,0.000000,0.000000
1777417483.795068,0.589800,0.556137,1.746719,0.804548,0.123981,0.106950,-0.042934,0.163032,-0.015168,-0.042934,-0.000004,-0.004677,-0.004677,1.542517,0.785382,0.182652,0.182646,0.292233,0.258304,0.000000,0.292233,0.001171,0.000000,0.000000,0.000000,0.000000
1777417483.828320,0.597578,0.563149,1.746618,0.804547,0.125738,0.108577,-0.043117,0.165423,-0.015305,-0.043117,-0.000023,-0.004677,-0.004677,1.542517,0.785382,0.182652,0.182646,0.292233,0.258304,0.000000,0.292233,0.001171,0.000000,0.000000,0.000000,0.000000
1777417483.861758,0.601048,0.566292,1.746679,0.804545,0.123893,0.106965,-0.043060,0.162982,-0.015093,-0.043060,-0.000041,-0.004677,-0.004677,1.542517,0.785382,0.182652,0.182646,0.292233,0.258304,0.000000,0.292233,0.001171,0.000000,0.000000,0.000000,0.000000
1777417483.895126,0.601048,0.566292,1.746679,0.804545,0.123893,0.106965,-0.043060,0.162982,-0.015093,-0.043060,-0.000041,-0.004677,-0.004677,1.542517,0.785382,0.182652,0.182646,0.292233,0.258304,0.000000,0.292233,0.001171,0.000000,0.000000,0.000000,0.000000
1777417483.928305,0.608999,0.573471,1.746608,0.804545,0.123964,0.107101,-0.043131,0.163129,-0.015050,-0.043131,0.000001,-0.004677,-0.004677,1.542517,0.785382,0.182652,0.182646,0.292233,0.258304,0.000000,0.292233,0.001171,0.000000,0.000000,0.000000,0.000000
1777417483.961635,0.612381,0.576527,1.746599,0.804544,0.120898,0.104392,-0.043075,0.159051,-0.014719,-0.043075,-0.000035,-0.004677,-0.004677,1.542517,0.785382,0.182652,0.182646,0.292233,0.258304,0.000000,0.292233,0.001171,0.000000,0.000000,0.000000,0.000000
1777417483.995116,0.612381,0.576527,1.746599,0.804544,0.120898,0.104392,-0.043075,0.159051,-0.014719,-0.043075,-0.000035,-0.004677,-0.004677,1.542517,0.785382,0.182652,0.182646,0.292233,0.258304,0.000000,0.292233,0.001171,0.000000,0.000000,0.000000,0.000000
1777417484.028322,0.618607,0.582180,1.746750,0.804543,0.121311,0.104855,-0.042805,0.159671,-0.014695,-0.042805,-0.000025,-0.004677,-0.004677,1.542517,0.785382,0.182652,0.182646,0.292233,0.258304,0.000000,0.292233,0.001171,0.000000,0.000000,0.000000,0.000000
1777417484.061670,0.622260,0.585472,1.746651,0.804542,0.118921,0.102746,-0.042794,0.156495,-0.014436,-0.042794,-0.000018,-0.004677,-0.004677,1.542517,0.785382,0.182652,0.182646,0.292233,0.258304,0.000000,0.292233,0.001171,0.000000,0.000000,0.000000,0.000000
1777417484.095058,0.622260,0.585472,1.746651,0.804542,0.118921,0.102746,-0.042794,0.156495,-0.014436,-0.042794,-0.000018,-0.004677,-0.004677,1.542517,0.785382,0.182652,0.182646,0.292233,0.258304,0.000000,0.292233,0.001171,0.000000,0.000000,0.000000,0.000000
1777417484.128327,0.629340,0.591885,1.746668,0.804541,0.119082,0.102982,-0.042583,0.156777,-0.014388,-0.042583,-0.000011,-0.004677,-0.004677,1.542517,0.785382,0.182652,0.182646,0.292233,0.258304,0.000000,0.292233,0.001171,0.000000,0.000000,0.000000,0.000000
1777417484.161659,0.632600,0.594835,1.746658,0.804540,0.116582,0.100786,-0.042408,0.153460,-0.014109,-0.042408,-0.000032,-0.004677,-0.004677,1.542517,0.785382,0.182652,0.182646,0.292233,0.258304,0.000000,0.292233,0.001171,0.000000,0.000000,0.000000,0.000000
1777417484.195073,0.638575,0.600258,1.746748,0.804539,0.118429,0.102531,-0.042132,0.155998,-0.014230,-0.042132,-0.000038,-0.004677,-0.004677,1.542517,0.785382,0.182652,0.182646,0.292233,0.258304,0.000000,0.292233,0.001171,0.000000,0.000000,0.000000,0.000000
1777417484.228289,0.642567,0.603861,1.746633,0.804539,0.115918,0.100324,-0.042010,0.152667,-0.013951,-0.042010,0.000003,-0.004677,-0.004677,1.542517,0.785382,0.182652,0.182646,0.292233,0.258304,0.000000,0.292233,0.001171,0.000000,0.000000,0.000000,0.000000
1777417484.261632,0.648803,0.609526,1.746721,0.804538,0.117629,0.101954,-0.041683,0.155028,-0.014053,-0.041683,-0.000037,-0.004677,-0.004677,1.542517,0.785382,0.182652,0.182646,0.292233,0.258304,0.000000,0.292233,0.001171,0.000000,0.000000,0.000000,0.000000
1777417484.295080,0.648803,0.609526,1.746721,0.804538,0.117629,0.101954,-0.041683,0.155028,-0.014053,-0.041683,-0.000037,-0.004677,-0.004677,1.542517,0.785382,0.182652,0.182646,0.292233,0.258304,0.000000,0.292233,0.001171,0.000000,0.000000,0.000000,0.000000
1777417484.328384,0.653010,0.613354,1.746811,0.804537,0.115954,0.100531,-0.041303,0.152842,-0.013833,-0.041303,-0.000009,-0.004677,-0.004677,1.542517,0.785382,0.182652,0.182646,0.292233,0.258304,0.000000,0.292233,0.001171,0.000000,0.000000,0.000000,0.000000
1777417484.361718,0.659194,0.618953,1.746738,0.804536,0.117078,0.101618,-0.041110,0.154404,-0.013890,-0.041110,-0.000018,-0.004677,-0.004677,1.542517,0.785382,0.182652,0.182646,0.292233,0.258304,0.000000,0.292233,0.001171,0.000000,0.000000,0.000000,0.000000
1777417484.395042,0.663089,0.622471,1.746606,0.804536,0.113528,0.098484,-0.040862,0.149685,-0.013505,-0.040862,-0.000003,-0.004677,-0.004677,1.542517,0.785382,0.182652,0.182646,0.292233,0.258304,0.000000,0.292233,0.001171,0.000000,0.000000,0.000000,0.000000
1777417484.428308,0.663089,0.622471,1.746606,0.804536,0.113528,0.098484,-0.040862,0.149685,-0.013505,-0.040862,-0.000003,-0.004677,-0.004677,1.542517,0.785382,0.182652,0.182646,0.292233,0.258304,0.000000,0.292233,0.001171,0.000000,0.000000,0.000000,0.000000
1777417484.461756,0.668442,0.627367,1.746880,0.804535,0.114022,0.099049,-0.040235,0.150434,-0.013468,-0.040235,-0.000039,-0.004677,-0.004677,1.542517,0.785382,0.182652,0.182646,0.292233,0.258304,0.000000,0.292233,0.001171,0.000000,0.000000,0.000000,0.000000
1777417484.495041,0.672424,0.630958,1.746686,0.804535,0.111199,0.096561,-0.040047,0.146684,-0.013160,-0.040047,-0.000001,-0.004677,-0.004677,1.542517,0.785382,0.182652,0.182646,0.292233,0.258304,0.000000,0.292233,0.001171,0.000000,0.000000,0.000000,0.000000
1777417484.528402,0.672424,0.630958,1.746686,0.804535,0.111199,0.096561,-0.040047,0.146684,-0.013160,-0.040047,-0.000001,-0.004677,-0.004677,1.542517,0.785382,0.182652,0.182646,0.292233,0.258304,0.000000,0.292233,0.001171,0.000000,0.000000,0.000000,0.000000
1777417484.561683,0.679367,0.637270,1.746709,0.804534,0.110661,0.096198,-0.039509,0.146049,-0.013024,-0.039509,-0.000011,-0.004677,-0.004677,1.542517,0.785382,0.182652,0.182646,0.292233,0.258304,0.000000,0.292233,0.001171,0.000000,0.000000,0.000000,0.000000
1777417484.595129,0.682090,0.639752,1.746773,0.804533,0.108098,0.093960,-0.039064,0.142658,-0.012729,-0.039064,-0.000032,-0.004677,-0.004677,1.542517,0.785382,0.182652,0.182646,0.292233,0.258304,0.000000,0.292233,0.001171,0.000000,0.000000,0.000000,0.000000
1777417484.628436,0.682090,0.639752,1.746773,0.804533,0.108098,0.093960,-0.039064,0.142658,-0.012729,-0.039064,-0.000032,-0.004677,-0.004677,1.542517,0.785382,0.182652,0.182646,0.292233,0.258304,0.000000,0.292233,0.001171,0.000000,0.000000,0.000000,0.000000
1777417484.661676,0.688906,0.645948,1.746748,0.804533,0.107539,0.093575,-0.038542,0.141994,-0.012594,-0.038542,-0.000002,-0.004677,-0.004677,1.542517,0.785382,0.182652,0.182646,0.292233,0.258304,0.000000,0.292233,0.001171,0.000000,0.000000,0.000000,0.000000
1777417484.695086,0.688906,0.645948,1.746748,0.804533,0.107539,0.093575,-0.038542,0.141994,-0.012594,-0.038542,-0.000002,-0.004677,-0.004677,1.542517,0.785382,0.182652,0.182646,0.292233,0.258304,0.000000,0.292233,0.001171,0.000000,0.000000,0.000000,0.000000
1777417484.728324,0.692612,0.649325,1.746795,0.804532,0.103964,0.090447,-0.037942,0.137261,-0.012186,-0.037942,-0.000016,-0.004677,-0.004677,1.542517,0.785382,0.182652,0.182646,0.292233,0.258304,0.000000,0.292233,0.001171,0.000000,0.000000,0.000000,0.000000
1777417484.761714,0.698114,0.654334,1.746824,0.804531,0.104557,0.091079,-0.037484,0.138127,-0.012175,-0.037484,-0.000025,-0.004677,-0.004677,1.542517,0.785382,0.182652,0.182646,0.292233,0.258304,0.000000,0.292233,0.001171,0.000000,0.000000,0.000000,0.000000
1777417484.795027,0.701140,0.657086,1.746799,0.804530,0.101599,0.088484,-0.037026,0.134207,-0.011843,-0.037026,-0.000008,-0.004677,-0.004677,1.542517,0.785382,0.182652,0.182646,0.292233,0.258304,0.000000,0.292233,0.001171,0.000000,0.000000,0.000000,0.000000
1777417484.828348,0.701140,0.657086,1.746799,0.804530,0.101599,0.088484,-0.037026,0.134207,-0.011843,-0.037026,-0.000008,-0.004677,-0.004677,1.542517,0.785382,0.182652,0.182646,0.292233,0.258304,0.000000,0.292233,0.001171,0.000000,0.000000,0.000000,0.000000
1777417484.861817,0.707508,0.662890,1.746841,0.804530,0.101137,0.088194,-0.036377,0.133678,-0.011712,-0.036377,-0.000008,-0.004677,-0.004677,1.542517,0.785382,0.182652,0.182646,0.292233,0.258304,0.000000,0.292233,0.001171,0.000000,0.000000,0.000000,0.000000
1777417484.894967,0.707508,0.662890,1.746841,0.804530,0.101137,0.088194,-0.036377,0.133678,-0.011712,-0.036377,-0.000008,-0.004677,-0.004677,1.542517,0.785382,0.182652,0.182646,0.292233,0.258304,0.000000,0.292233,0.001171,0.000000,0.000000,0.000000,0.000000
1777417484.928427,0.710996,0.666077,1.746913,0.804529,0.098185,0.085625,-0.035738,0.129780,-0.011365,-0.035738,-0.000016,-0.004677,-0.004677,1.542517,0.785382,0.182652,0.182646,0.292233,0.258304,0.000000,0.292233,0.001171,0.000000,0.000000,0.000000,0.000000
1777417484.961852,0.716675,0.671248,1.746884,0.804528,0.098699,0.086187,-0.035273,0.130541,-0.011346,-0.035273,-0.000015,-0.004677,-0.004677,1.542517,0.785382,0.182652,0.182646,0.292233,0.258304,0.000000,0.292233,0.001171,0.000000,0.000000,0.000000,0.000000
1777417484.995106,0.719071,0.673442,1.746975,0.804527,0.096822,0.084564,-0.034771,0.128070,-0.011119,-0.034771,-0.000024,-0.004677,-0.004677,1.542517,0.785382,0.182652,0.182646,0.292233,0.258304,0.000000,0.292233,0.001171,0.000000,0.000000,0.000000,0.000000
1777417485.028329,0.725009,0.678855,1.746957,0.804527,0.098184,0.085894,-0.034329,0.129973,-0.011179,-0.034329,-0.000004,-0.004677,-0.004677,1.542517,0.785382,0.182652,0.182646,0.292233,0.258304,0.000000,0.292233,0.001171,0.000000,0.000000,0.000000,0.000000
1777417485.061682,0.727880,0.681478,1.746999,0.804527,0.096575,0.084513,-0.033856,0.127862,-0.010977,-0.033856,-0.000016,-0.004677,-0.004677,1.542517,0.785382,0.182652,0.182646,0.292233,0.258304,0.000000,0.292233,0.001171,0.000000,0.000000,0.000000,0.000000
1777417485.095095,0.727880,0.681478,1.746999,0.804527,0.096575,0.084513,-0.033856,0.127862,-0.010977,-0.033856,-0.000016,-0.004677,-0.004677,1.542517,0.785382,0.182652,0.182646,0.292233,0.258304,0.000000,0.292233,0.001171,0.000000,0.000000,0.000000,0.000000
1777417485.128300,0.733930,0.687006,1.747051,0.804527,0.097391,0.085367,-0.033267,0.129043,-0.010972,-0.033267,-0.000004,-0.004677,-0.004677,1.542517,0.785382,0.182652,0.182646,0.292233,0.258304,0.000000,0.292233,0.001171,0.000000,0.000000,0.000000,0.000000
1777417485.161648,0.737428,0.690186,1.746945,0.804526,0.094748,0.083051,-0.032804,0.125542,-0.010674,-0.032804,-0.000007,-0.004677,-0.004677,1.542517,0.785382,0.182652,0.182646,0.292233,0.258304,0.000000,0.292233,0.001171,0.000000,0.000000,0.000000,0.000000
1777417485.195094,0.737428,0.690186,1.746945,0.804526,0.094748,0.083051,-0.032804,0.125542,-0.010674,-0.032804,-0.000007,-0.004677,-0.004677,1.542517,0.785382,0.182652,0.182646,0.292233,0.258304,0.000000,0.292233,0.001171,0.000000,0.000000,0.000000,0.000000
1777417485.228286,0.742712,0.695033,1.747126,0.804525,0.095440,0.083798,-0.032111,0.126560,-0.010654,-0.032111,-0.000019,-0.004677,-0.004677,1.542517,0.785382,0.182652,0.182646,0.292233,0.258304,0.000000,0.292233,0.001171,0.000000,0.000000,0.000000,0.000000
1777417485.261614,0.745878,0.697916,1.747058,0.804525,0.093626,0.082223,-0.031701,0.124167,-0.010439,-0.031701,-0.000008,-0.004677,-0.004677,1.542517,0.785382,0.182652,0.182646,0.292233,0.258304,0.000000,0.292233,0.001171,0.000000,0.000000,0.000000,0.000000
1777417485.295164,0.751350,0.702923,1.747111,0.804524,0.095361,0.083892,-0.031226,0.126572,-0.010532,-0.031226,-0.000017,-0.004677,-0.004677,1.542517,0.785382,0.182652,0.182646,0.292233,0.258304,0.000000,0.292233,0.001171,0.000000,0.000000,0.000000,0.000000
1777417485.328365,0.753921,0.705282,1.747193,0.804524,0.094656,0.083320,-0.030795,0.125672,-0.010421,-0.030795,-0.000022,-0.004677,-0.004677,1.542517,0.785382,0.182652,0.182646,0.292233,0.258304,0.000000,0.292233,0.001171,0.000000,0.000000,0.000000,0.000000
1777417485.361638,0.759676,0.710541,1.747164,0.804524,0.096671,0.085237,-0.030417,0.128450,-0.010544,-0.030417,0.000001,-0.004677,-0.004677,1.542517,0.785382,0.182652,0.182646,0.292233,0.258304,0.000000,0.292233,0.001171,0.000000,0.000000,0.000000,0.000000
1777417485.395092,0.763110,0.713676,1.747121,0.804524,0.095195,0.083972,-0.029980,0.126516,-0.010357,-0.029980,-0.000003,-0.004677,-0.004677,1.542517,0.785382,0.182652,0.182646,0.292233,0.258304,0.000000,0.292233,0.001171,0.000000,0.000000,0.000000,0.000000
1777417485.428397,0.768534,0.718647,1.747187,0.804523,0.097072,0.085771,-0.029509,0.129113,-0.010462,-0.029509,-0.000018,-0.004677,-0.004677,1.542517,0.785382,0.182652,0.182646,0.292233,0.258304,0.000000,0.292233,0.001171,0.000000,0.000000,0.000000,0.000000
1777417485.461717,0.771420,0.721293,1.747219,0.804523,0.096125,0.084979,-0.029088,0.127886,-0.010328,-0.029088,-0.000010,-0.004677,-0.004677,1.542517,0.785382,0.182652,0.182646,0.292233,0.258304,0.000000,0.292233,0.001171,0.000000,0.000000,0.000000,0.000000
1777417485.495105,0.776558,0.726004,1.747272,0.804522,0.098288,0.087030,-0.028692,0.130863,-0.010465,-0.028692,-0.000016,-0.004677,-0.004677,1.542517,0.785382,0.182652,0.182646,0.292233,0.258304,0.000000,0.292233,0.001171,0.000000,0.000000,0.000000,0.000000
1777417485.528360,0.779882,0.729044,1.747233,0.804522,0.097334,0.086230,-0.028316,0.129626,-0.010332,-0.028316,0.000001,-0.004677,-0.004677,1.542517,0.785382,0.182652,0.182646,0.292233,0.258304,0.000000,0.292233,0.001171,0.000000,0.000000,0.000000,0.000000
1777417485.561694,0.779882,0.729044,1.747233,0.804522,0.097334,0.086230,-0.028316,0.129626,-0.010332,-0.028316,0.000001,-0.004677,-0.004677,1.542517,0.785382,0.182652,0.182646,0.292233,0.258304,0.000000,0.292233,0.001171,0.000000,0.000000,0.000000,0.000000
1777417485.595115,0.785980,0.734635,1.747256,0.804522,0.098309,0.087229,-0.027759,0.131022,-0.010342,-0.027759,-0.000003,-0.004677,-0.004677,1.542517,0.785382,0.182652,0.182646,0.292233,0.258304,0.000000,0.292233,0.001171,0.000000,0.000000,0.000000,0.000000
1777417485.628380,0.788945,0.737350,1.747237,0.804522,0.096612,0.085755,-0.027329,0.128783,-0.010141,-0.027329,-0.000011,-0.004677,-0.004677,1.542517,0.785382,0.182652,0.182646,0.292233,0.258304,0.000000,0.292233,0.001171,0.000000,0.000000,0.000000,0.000000
1777417485.661717,0.794342,0.742303,1.747260,0.804521,0.097956,0.087072,-0.026873,0.130664,-0.010197,-0.026873,-0.000009,-0.004677,-0.004677,1.542517,0.785382,0.182652,0.182646,0.292233,0.258304,0.000000,0.292233,0.001171,0.000000,0.000000,0.000000,0.000000
1777417485.695151,0.796962,0.744711,1.747308,0.804521,0.096709,0.086005,-0.026439,0.129030,-0.010038,-0.026439,-0.000012,-0.004677,-0.004677,1.542517,0.785382,0.182652,0.182646,0.292233,0.258304,0.000000,0.292233,0.001171,0.000000,0.000000,0.000000,0.000000
1777417485.728350,0.802469,0.749764,1.747298,0.804521,0.098118,0.087379,-0.026023,0.130997,-0.010100,-0.026023,-0.000003,-0.004677,-0.004677,1.542517,0.785382,0.182652,0.182646,0.292233,0.258304,0.000000,0.292233,0.001171,0.000000,0.000000,0.000000,0.000000
1777417485.761648,0.802469,0.749764,1.747298,0.804521,0.098118,0.087379,-0.026023,0.130997,-0.010100,-0.026023,-0.000003,-0.004677,-0.004677,1.542517,0.785382,0.182652,0.182646,0.292233,0.258304,0.000000,0.292233,0.001171,0.000000,0.000000,0.000000,0.000000
1777417485.795101,0.805894,0.752920,1.747387,0.804521,0.096937,0.086391,-0.025477,0.129466,-0.009935,-0.025477,-0.000008,-0.004677,-0.004677,1.542517,0.785382,0.182652,0.182646,0.292233,0.258304,0.000000,0.292233,0.001171,0.000000,0.000000,0.000000,0.000000
1777417485.828343,0.810825,0.757445,1.747359,0.804520,0.098036,0.087472,-0.025116,0.131007,-0.009977,-0.025116,-0.000009,-0.004677,-0.004677,1.542517,0.785382,0.182652,0.182646,0.292233,0.258304,0.000000,0.292233,0.001171,0.000000,0.000000,0.000000,0.000000
1777417485.861659,0.813725,0.760105,1.747332,0.804520,0.096169,0.085839,-0.024698,0.128536,-0.009764,-0.024698,-0.000003,-0.004677,-0.004677,1.542517,0.785382,0.182652,0.182646,0.292233,0.258304,0.000000,0.292233,0.001171,0.000000,0.000000,0.000000,0.000000
1777417485.895068,0.818558,0.764554,1.747391,0.804520,0.097607,0.087236,-0.024273,0.130540,-0.009831,-0.024273,-0.000015,-0.004677,-0.004677,1.542517,0.785382,0.182652,0.182646,0.292233,0.258304,0.000000,0.292233,0.001171,0.000000,0.000000,0.000000,0.000000
1777417485.928298,0.821130,0.766923,1.747424,0.804519,0.096603,0.086383,-0.023895,0.129228,-0.009699,-0.023895,-0.000008,-0.004677,-0.004677,1.542517,0.785382,0.182652,0.182646,0.292233,0.258304,0.000000,0.292233,0.001171,0.000000,0.000000,0.000000,0.000000
1777417485.961631,0.826014,0.771418,1.747449,0.804519,0.098376,0.088080,-0.023541,0.131682,-0.009800,-0.023541,-0.000008,-0.004677,-0.004677,1.542517,0.785382,0.182652,0.182646,0.292233,0.258304,0.000000,0.292233,0.001171,0.000000,0.000000,0.000000,0.000000
1777417485.994956,0.828793,0.773975,1.747460,0.804519,0.097646,0.087474,-0.023198,0.130738,-0.009694,-0.023198,-0.000005,-0.004677,-0.004677,1.542517,0.785382,0.182652,0.182646,0.292233,0.258304,0.000000,0.292233,0.001171,0.000000,0.000000,0.000000,0.000000
1777417486.028420,0.833916,0.778690,1.747462,0.804519,0.099397,0.089154,-0.022853,0.133162,-0.009791,-0.022853,-0.000004,-0.004677,-0.004677,1.542517,0.785382,0.182652,0.182646,0.292233,0.258304,0.000000,0.292233,0.001171,0.000000,0.000000,0.000000,0.000000
1777417486.061632,0.836814,0.781359,1.747465,0.804519,0.098457,0.088358,-0.022496,0.131938,-0.009665,-0.022496,-0.000005,-0.004677,-0.004677,1.542517,0.785382,0.182652,0.182646,0.292233,0.258304,0.000000,0.292233,0.001171,0.000000,0.000000,0.000000,0.000000
1777417486.095054,0.841950,0.786090,1.747473,0.804518,0.100003,0.089854,-0.022132,0.134088,-0.009742,-0.022132,-0.000005,-0.004677,-0.004677,1.542517,0.785382,0.182652,0.182646,0.292233,0.258304,0.000000,0.292233,0.001171,0.000000,0.000000,0.000000,0.000000
1777417486.128408,0.844973,0.788873,1.747459,0.804518,0.098542,0.088586,-0.021749,0.132160,-0.009569,-0.021749,-0.000003,-0.004677,-0.004677,1.542517,0.785382,0.182652,0.182646,0.292233,0.258304,0.000000,0.292233,0.001171,0.000000,0.000000,0.000000,0.000000
1777417486.161705,0.849824,0.793349,1.747499,0.804518,0.099911,0.089920,-0.021364,0.134071,-0.009630,-0.021364,-0.000010,-0.004677,-0.004677,1.542517,0.785382,0.182652,0.182646,0.292233,0.258304,0.000000,0.292233,0.001171,0.000000,0.000000,0.000000,0.000000
1777417486.195049,0.852466,0.795787,1.747518,0.804518,0.098745,0.088915,-0.021007,0.132538,-0.009486,-0.021007,-0.000006,-0.004677,-0.004677,1.542517,0.785382,0.182652,0.182646,0.292233,0.258304,0.000000,0.292233,0.001171,0.000000,0.000000,0.000000,0.000000
1777417486.228295,0.857225,0.800179,1.747542,0.804518,0.100212,0.090336,-0.020664,0.134580,-0.009558,-0.020664,-0.000007,-0.004677,-0.004677,1.542517,0.785382,0.182652,0.182646,0.292233,0.258304,0.000000,0.292233,0.001171,0.000000,0.000000,0.000000,0.000000
1777417486.261640,0.859744,0.802507,1.747570,0.804517,0.099406,0.089655,-0.020341,0.133530,-0.009450,-0.020341,-0.000008,-0.004677,-0.004677,1.542517,0.785382,0.182652,0.182646,0.292233,0.258304,0.000000,0.292233,0.001171,0.000000,0.000000,0.000000,0.000000
1777417486.294947,0.864576,0.806968,1.747572,0.804517,0.100957,0.091151,-0.020030,0.135683,-0.009530,-0.020030,-0.000003,-0.004677,-0.004677,1.542517,0.785382,0.182652,0.182646,0.292233,0.258304,0.000000,0.292233,0.001171,0.000000,0.000000,0.000000,0.000000
1777417486.328333,0.867265,0.809451,1.747583,0.804517,0.100091,0.090415,-0.019715,0.134553,-0.009416,-0.019715,-0.000006,-0.004677,-0.004677,1.542517,0.785382,0.182652,0.182646,0.292233,0.258304,0.000000,0.292233,0.001171,0.000000,0.000000,0.000000,0.000000
1777417486.361670,0.872223,0.814030,1.747579,0.804517,0.101465,0.091753,-0.019393,0.136470,-0.009479,-0.019393,-0.000003,-0.004677,-0.004677,1.542517,0.785382,0.182652,0.182646,0.292233,0.258304,0.000000,0.292233,0.001171,0.000000,0.000000,0.000000,0.000000
1777417486.395097,0.875273,0.816846,1.747554,0.804517,0.099772,0.090267,-0.019033,0.134225,-0.009289,-0.019033,-0.000001,-0.004677,-0.004677,1.542517,0.785382,0.182652,0.182646,0.292233,0.258304,0.000000,0.292233,0.001171,0.000000,0.000000,0.000000,0.000000
1777417486.428327,0.880366,0.821554,1.747560,0.804517,0.100415,0.090944,-0.018640,0.135158,-0.009282,-0.018640,-0.000005,-0.004677,-0.004677,1.542517,0.785382,0.182652,0.182646,0.292233,0.258304,0.000000,0.292233,0.001171,0.000000,0.000000,0.000000,0.000000
1777417486.461656,0.880366,0.821554,1.747560,0.804517,0.100415,0.090944,-0.018640,0.135158,-0.009282,-0.018640,-0.000005,-0.004677,-0.004677,1.542517,0.785382,0.182652,0.182646,0.292233,0.258304,0.000000,0.292233,0.001171,0.000000,0.000000,0.000000,0.000000
1777417486.495124,0.883894,0.824819,1.747571,0.804517,0.097425,0.088291,-0.018116,0.131173,-0.008968,-0.018116,-0.000002,-0.004677,-0.004677,1.542517,0.785382,0.182652,0.182646,0.292233,0.258304,0.000000,0.292233,0.001171,0.000000,0.000000,0.000000,0.000000
1777417486.528305,0.888277,0.828877,1.747589,0.804516,0.097286,0.088246,-0.017714,0.131044,-0.008899,-0.017714,-0.000009,-0.004677,-0.004677,1.542517,0.785382,0.182652,0.182646,0.292233,0.258304,0.000000,0.292233,0.001171,0.000000,0.000000,0.000000,0.000000
1777417486.561679,0.890560,0.830991,1.747598,0.804516,0.094536,0.085787,-0.017311,0.127366,-0.008623,-0.017311,-0.000004,-0.004677,-0.004677,1.542517,0.785382,0.182652,0.182646,0.292233,0.258304,0.000000,0.292233,0.001171,0.000000,0.000000,0.000000,0.000000
1777417486.595080,0.890560,0.830991,1.747598,0.804516,0.094536,0.085787,-0.017311,0.127366,-0.008623,-0.017311,-0.000004,-0.004677,-0.004677,1.542517,0.785382,0.182652,0.182646,0.292233,0.258304,0.000000,0.292233,0.001171,0.000000,0.000000,0.000000,0.000000
1777417486.628361,0.894944,0.835059,1.747660,0.804516,0.093963,0.085354,-0.016832,0.126657,-0.008511,-0.016832,-0.000004,-0.004677,-0.004677,1.542517,0.785382,0.182652,0.182646,0.292233,0.258304,0.000000,0.292233,0.001171,0.000000,0.000000,0.000000,0.000000
1777417486.661801,0.897537,0.837456,1.747627,0.804516,0.091293,0.082964,-0.016462,0.123083,-0.008243,-0.016462,-0.000004,-0.004677,-0.004677,1.542517,0.785382,0.182652,0.182646,0.292233,0.258304,0.000000,0.292233,0.001171,0.000000,0.000000,0.000000,0.000000
1777417486.695090,0.897537,0.837456,1.747627,0.804516,0.091293,0.082964,-0.016462,0.123083,-0.008243,-0.016462,-0.000004,-0.004677,-0.004677,1.542517,0.785382,0.182652,0.182646,0.292233,0.258304,0.000000,0.292233,0.001171,0.000000,0.000000,0.000000,0.000000
1777417486.728314,0.902648,0.842194,1.747636,0.804516,0.089922,0.081809,-0.015931,0.121300,-0.008057,-0.015931,-0.000002,-0.004677,-0.004677,1.542517,0.785382,0.182652,0.182646,0.292233,0.258304,0.000000,0.292233,0.001171,0.000000,0.000000,0.000000,0.000000
1777417486.761723,0.904469,0.843887,1.747682,0.804515,0.087553,0.079688,-0.015553,0.118129,-0.007821,-0.015553,-0.000010,-0.004677,-0.004677,1.542517,0.785382,0.182652,0.182646,0.292233,0.258304,0.000000,0.292233,0.001171,0.000000,0.000000,0.000000,0.000000
1777417486.795087,0.904469,0.843887,1.747682,0.804515,0.087553,0.079688,-0.015553,0.118129,-0.007821,-0.015553,-0.000010,-0.004677,-0.004677,1.542517,0.785382,0.182652,0.182646,0.292233,0.258304,0.000000,0.292233,0.001171,0.000000,0.000000,0.000000,0.000000
1777417486.828446,0.908624,0.847747,1.747737,0.804515,0.087329,0.079566,-0.015133,0.117886,-0.007745,-0.015133,-0.000003,-0.004677,-0.004677,1.542517,0.785382,0.182652,0.182646,0.292233,0.258304,0.000000,0.292233,0.001171,0.000000,0.000000,0.000000,0.000000
1777417486.861653,0.911189,0.850122,1.747701,0.804515,0.085063,0.077539,-0.014805,0.114854,-0.007517,-0.014805,-0.000003,-0.004677,-0.004677,1.542517,0.785382,0.182652,0.182646,0.292233,0.258304,0.000000,0.292233,0.001171,0.000000,0.000000,0.000000,0.000000
1777417486.895128,0.911189,0.850122,1.747701,0.804515,0.085063,0.077539,-0.014805,0.114854,-0.007517,-0.014805,-0.000003,-0.004677,-0.004677,1.542517,0.785382,0.182652,0.182646,0.292233,0.258304,0.000000,0.292233,0.001171,0.000000,0.000000,0.000000,0.000000
1777417486.928367,0.915675,0.854290,1.747744,0.804515,0.084743,0.077332,-0.014368,0.114484,-0.007430,-0.014368,-0.000004,-0.004677,-0.004677,1.542517,0.785382,0.182652,0.182646,0.292233,0.258304,0.000000,0.292233,0.001171,0.000000,0.000000,0.000000,0.000000
1777417486.962056,0.918460,0.856870,1.747694,0.804515,0.081491,0.074406,-0.013976,0.110119,-0.007116,-0.013976,-0.000002,-0.004677,-0.004677,1.542517,0.785382,0.182652,0.182646,0.292233,0.258304,0.000000,0.292233,0.001171,0.000000,0.000000,0.000000,0.000000
1777417486.995088,0.918460,0.856870,1.747694,0.804515,0.081491,0.074406,-0.013976,0.110119,-0.007116,-0.013976,-0.000002,-0.004677,-0.004677,1.542517,0.785382,0.182652,0.182646,0.292233,0.258304,0.000000,0.292233,0.001171,0.000000,0.000000,0.000000,0.000000
1777417487.028361,0.922956,0.861052,1.747746,0.804514,0.080396,0.073491,-0.013480,0.108702,-0.006962,-0.013480,-0.000004,-0.004677,-0.004677,1.542517,0.785382,0.182652,0.182646,0.292233,0.258304,0.000000,0.292233,0.001171,0.000000,0.000000,0.000000,0.000000
1777417487.061776,0.922956,0.861052,1.747746,0.804514,0.080396,0.073491,-0.013480,0.108702,-0.006962,-0.013480,-0.000004,-0.004677,-0.004677,1.542517,0.785382,0.182652,0.182646,0.292233,0.258304,0.000000,0.292233,0.001171,0.000000,0.000000,0.000000,0.000000
1777417487.095259,0.925642,0.863549,1.747760,0.804514,0.077056,0.070486,-0.013022,0.104221,-0.006639,-0.013022,-0.000003,-0.004677,-0.004677,1.542517,0.785382,0.182652,0.182646,0.292233,0.258304,0.000000,0.292233,0.001171,0.000000,0.000000,0.000000,0.000000
1777417487.128409,0.929495,0.867133,1.747786,0.804514,0.077105,0.070600,-0.012689,0.104336,-0.006596,-0.012689,-0.000007,-0.004677,-0.004677,1.542517,0.785382,0.182652,0.182646,0.292233,0.258304,0.000000,0.292233,0.001171,0.000000,0.000000,0.000000,0.000000
1777417487.161660,0.931279,0.868794,1.747815,0.804514,0.075319,0.068999,-0.012392,0.101944,-0.006418,-0.012392,-0.000005,-0.004677,-0.004677,1.542517,0.785382,0.182652,0.182646,0.292233,0.258304,0.000000,0.292233,0.001171,0.000000,0.000000,0.000000,0.000000
1777417487.195059,0.931279,0.868794,1.747815,0.804514,0.075319,0.068999,-0.012392,0.101944,-0.006418,-0.012392,-0.000005,-0.004677,-0.004677,1.542517,0.785382,0.182652,0.182646,0.292233,0.258304,0.000000,0.292233,0.001171,0.000000,0.000000,0.000000,0.000000
1777417487.228312,0.935231,0.872474,1.747860,0.804514,0.075614,0.069342,-0.012053,0.102396,-0.006394,-0.012053,-0.000002,-0.004677,-0.004677,1.542517,0.785382,0.182652,0.182646,0.292233,0.258304,0.000000,0.292233,0.001171,0.000000,0.000000,0.000000,0.000000
1777417487.261728,0.937319,0.874416,1.747860,0.804513,0.074577,0.068427,-0.011823,0.101017,-0.006281,-0.011823,-0.000005,-0.004677,-0.004677,1.542517,0.785382,0.182652,0.182646,0.292233,0.258304,0.000000,0.292233,0.001171,0.000000,0.000000,0.000000,0.000000
1777417487.295115,0.941507,0.878314,1.747862,0.804513,0.075805,0.069622,-0.011584,0.102730,-0.006337,-0.011584,-0.000002,-0.004677,-0.004677,1.542517,0.785382,0.182652,0.182646,0.292233,0.258304,0.000000,0.292233,0.001171,0.000000,0.000000,0.000000,0.000000
1777417487.328312,0.944104,0.880730,1.747845,0.804513,0.074299,0.068283,-0.011312,0.100721,-0.006181,-0.011312,-0.000001,-0.004677,-0.004677,1.542517,0.785382,0.182652,0.182646,0.292233,0.258304,0.000000,0.292233,0.001171,0.000000,0.000000,0.000000,0.000000
1777417487.361655,0.948309,0.884648,1.747867,0.804513,0.075323,0.069292,-0.011042,0.102158,-0.006218,-0.011042,-0.000005,-0.004677,-0.004677,1.542517,0.785382,0.182652,0.182646,0.292233,0.258304,0.000000,0.292233,0.001171,0.000000,0.000000,0.000000,0.000000
1777417487.394984,0.950613,0.886794,1.747872,0.804513,0.073887,0.068013,-0.010778,0.100241,-0.006071,-0.010778,-0.000002,-0.004677,-0.004677,1.542517,0.785382,0.182652,0.182646,0.292233,0.258304,0.000000,0.292233,0.001171,0.000000,0.000000,0.000000,0.000000
1777417487.428309,0.954658,0.890566,1.747894,0.804513,0.074967,0.069071,-0.010531,0.101752,-0.006115,-0.010531,-0.000004,-0.004677,-0.004677,1.542517,0.785382,0.182652,0.182646,0.292233,0.258304,0.000000,0.292233,0.001171,0.000000,0.000000,0.000000,0.000000
1777417487.461656,0.956827,0.892589,1.747905,0.804513,0.073873,0.068102,-0.010299,0.100295,-0.005998,-0.010299,-0.000003,-0.004677,-0.004677,1.542517,0.785382,0.182652,0.182646,0.292233,0.258304,0.000000,0.292233,0.001171,0.000000,0.000000,0.000000,0.000000
1777417487.495062,0.956827,0.892589,1.747905,0.804513,0.073873,0.068102,-0.010299,0.100295,-0.005998,-0.010299,-0.000003,-0.004677,-0.004677,1.542517,0.785382,0.182652,0.182646,0.292233,0.258304,0.000000,0.292233,0.001171,0.000000,0.000000,0.000000,0.000000
1777417487.528316,0.960919,0.896409,1.747938,0.804513,0.074540,0.068784,-0.010019,0.101249,-0.006007,-0.010019,-0.000002,-0.004677,-0.004677,1.542517,0.785382,0.182652,0.182646,0.292233,0.258304,0.000000,0.292233,0.001171,0.000000,0.000000,0.000000,0.000000
1777417487.561634,0.963187,0.898523,1.747925,0.804513,0.073428,0.067796,-0.009813,0.099766,-0.005890,-0.009813,-0.000003,-0.004677,-0.004677,1.542517,0.785382,0.182652,0.182646,0.292233,0.258304,0.000000,0.292233,0.001171,0.000000,0.000000,0.000000,0.000000
1777417487.595092,0.967613,0.902653,1.747915,0.804512,0.074173,0.068549,-0.009572,0.100825,-0.005905,-0.009572,-0.000001,-0.004677,-0.004677,1.542517,0.785382,0.182652,0.182646,0.292233,0.258304,0.000000,0.292233,0.001171,0.000000,0.000000,0.000000,0.000000
1777417487.628320,0.967613,0.902653,1.747915,0.804512,0.074173,0.068549,-0.009572,0.100825,-0.005905,-0.009572,-0.000001,-0.004677,-0.004677,1.542517,0.785382,0.182652,0.182646,0.292233,0.258304,0.000000,0.292233,0.001171,0.000000,0.000000,0.000000,0.000000
1777417487.661748,0.970524,0.905372,1.747928,0.804512,0.072083,0.066672,-0.009248,0.098024,-0.005701,-0.009248,-0.000001,-0.004677,-0.004677,1.542517,0.785382,0.182652,0.182646,0.292233,0.258304,0.000000,0.292233,0.001171,0.000000,0.000000,0.000000,0.000000
1777417487.695071,0.974455,0.909044,1.747929,0.804512,0.072124,0.066770,-0.008993,0.098122,-0.005662,-0.008993,-0.000003,-0.004677,-0.004677,1.542517,0.785382,0.182652,0.182646,0.292233,0.258304,0.000000,0.292233,0.001171,0.000000,0.000000,0.000000,0.000000
1777417487.728395,0.974455,0.909044,1.747929,0.804512,0.072124,0.066770,-0.008993,0.098122,-0.005662,-0.008993,-0.000003,-0.004677,-0.004677,1.542517,0.785382,0.182652,0.182646,0.292233,0.258304,0.000000,0.292233,0.001171,0.000000,0.000000,0.000000,0.000000
1777417487.761741,0.976655,0.911103,1.747967,0.804512,0.070127,0.064967,-0.008698,0.095439,-0.005473,-0.008698,-0.000003,-0.004677,-0.004677,1.542517,0.785382,0.182652,0.182646,0.292233,0.258304,0.000000,0.292233,0.001171,0.000000,0.000000,0.000000,0.000000
1777417487.794954,0.980868,0.915039,1.747939,0.804512,0.069720,0.064653,-0.008443,0.094930,-0.005398,-0.008443,-0.000001,-0.004677,-0.004677,1.542517,0.785382,0.182652,0.182646,0.292233,0.258304,0.000000,0.292233,0.001171,0.000000,0.000000,0.000000,0.000000
1777417487.828331,0.980868,0.915039,1.747939,0.804512,0.069720,0.064653,-0.008443,0.094930,-0.005398,-0.008443,-0.000001,-0.004677,-0.004677,1.542517,0.785382,0.182652,0.182646,0.292233,0.258304,0.000000,0.292233,0.001171,0.000000,0.000000,0.000000,0.000000
1777417487.861840,0.982678,0.916737,1.747996,0.804512,0.067849,0.062961,-0.008161,0.092413,-0.005224,-0.008161,-0.000005,-0.004677,-0.004677,1.542517,0.785382,0.182652,0.182646,0.292233,0.258304,0.000000,0.292233,0.001171,0.000000,0.000000,0.000000,0.000000
1777417487.895126,0.986394,0.920212,1.747982,0.804512,0.068113,0.063259,-0.007963,0.092811,-0.005208,-0.007963,-0.000002,-0.004677,-0.004677,1.542517,0.785382,0.182652,0.182646,0.292233,0.258304,0.000000,0.292233,0.001171,0.000000,0.000000,0.000000,0.000000
1777417487.928332,0.988354,0.922046,1.747982,0.804512,0.066166,0.061491,-0.007740,0.090188,-0.005031,-0.007740,-0.000002,-0.004677,-0.004677,1.542517,0.785382,0.182652,0.182646,0.292233,0.258304,0.000000,0.292233,0.001171,0.000000,0.000000,0.000000,0.000000
1777417487.961683,0.988354,0.922046,1.747982,0.804512,0.066166,0.061491,-0.007740,0.090188,-0.005031,-0.007740,-0.000002,-0.004677,-0.004677,1.542517,0.785382,0.182652,0.182646,0.292233,0.258304,0.000000,0.292233,0.001171,0.000000,0.000000,0.000000,0.000000
1777417487.995124,0.991981,0.925445,1.748017,0.804512,0.066248,0.061622,-0.007485,0.090338,-0.004998,-0.007485,-0.000002,-0.004677,-0.004677,1.542517,0.785382,0.182652,0.182646,0.292233,0.258304,0.000000,0.292233,0.001171,0.000000,0.000000,0.000000,0.000000
1777417488.028327,0.994418,0.927725,1.747986,0.804512,0.063870,0.059459,-0.007254,0.087131,-0.004786,-0.007254,-0.000001,-0.004677,-0.004677,1.542517,0.785382,0.182652,0.182646,0.292233,0.258304,0.000000,0.292233,0.001171,0.000000,0.000000,0.000000,0.000000
1777417488.061692,0.994418,0.927725,1.747986,0.804512,0.063870,0.059459,-0.007254,0.087131,-0.004786,-0.007254,-0.000001,-0.004677,-0.004677,1.542517,0.785382,0.182652,0.182646,0.292233,0.258304,0.000000,0.292233,0.001171,0.000000,0.000000,0.000000,0.000000
1777417488.095346,0.998049,0.931129,1.748027,0.804511,0.063757,0.059409,-0.006988,0.087017,-0.004738,-0.006988,-0.000003,-0.004677,-0.004677,1.542517,0.785382,0.182652,0.182646,0.292233,0.258304,0.000000,0.292233,0.001171,0.000000,0.000000,0.000000,0.000000
