time,x,y,z,yaw,linx,liny,linz,yaw_rate,xd,yd,zd,yawd,vxd,vyd,vzd,wyawd,cmd_linx,cmd_liny,cmd_linz,cmd_angz
1777335841.775167,1.423859,0.406643,1.996914,-1.257615,0.126215,0.001751,0.020995,-0.077433,1.440124,0.402827,1.997632,-1.248251,0.042198,-0.126258,0.020010,-0.142411,0.040523,-0.021476,0.021365,-0.067772
1777335841.808529,1.425642,0.401580,1.997436,-1.262248,0.128314,0.001868,0.020907,-0.085812,1.441514,0.398602,1.998298,-1.252936,0.041718,-0.126795,0.019985,-0.140546,0.040467,-0.021410,0.021300,-0.067469
1777335841.841876,1.426810,0.398223,1.997779,-1.267095,0.127180,0.001945,0.020378,-0.090354,1.442891,0.394349,1.998965,-1.257597,0.041236,-0.127328,0.019960,-0.139833,0.040828,-0.021445,0.021305,-0.067090
1777335841.875202,1.428683,0.392749,1.998898,-1.271701,0.129122,0.002068,0.020932,-0.095249,1.444246,0.390098,1.999628,-1.262203,0.040756,-0.127852,0.019935,-0.138170,0.040600,-0.021333,0.021215,-0.066779
1777335841.908496,1.429723,0.389678,1.999491,-1.276312,0.128002,0.002137,0.020784,-0.099241,1.445594,0.385803,2.000294,-1.266803,0.040273,-0.128374,0.019910,-0.138014,0.040955,-0.021359,0.021145,-0.066463
1777335841.941850,1.431530,0.384244,1.999775,-1.280832,0.130003,0.002259,0.020326,-0.103438,1.446931,0.381471,2.000962,-1.271390,0.039787,-0.128893,0.019884,-0.137603,0.040755,-0.021253,0.021156,-0.066226
1777335841.975177,1.432444,0.381472,2.000825,-1.285262,0.129337,0.002320,0.020913,-0.108876,1.448233,0.377187,2.001620,-1.275877,0.039308,-0.129398,0.019859,-0.134616,0.041297,-0.021321,0.021087,-0.066080
1777335842.008510,1.434351,0.375564,2.001472,-1.289857,0.131383,0.002448,0.020815,-0.111006,1.449520,0.372879,2.002278,-1.280340,0.038828,-0.129898,0.019834,-0.133874,0.041029,-0.021201,0.021024,-0.065806
1777335842.041849,1.435327,0.372514,2.001774,-1.294259,0.130421,0.002511,0.020361,-0.113579,1.450797,0.368536,2.002937,-1.284789,0.038345,-0.130395,0.019809,-0.133480,0.041374,-0.021218,0.021036,-0.065567
1777335842.075157,1.437139,0.366734,2.002916,-1.298707,0.132380,0.002633,0.020911,-0.115133,1.452064,0.364158,2.003599,-1.289228,0.037860,-0.130888,0.019783,-0.133159,0.041022,-0.021080,0.020947,-0.065338
1777335842.108477,1.438122,0.363569,2.003509,-1.303107,0.131187,0.002690,0.020756,-0.116379,1.453308,0.359785,2.004257,-1.293612,0.037377,-0.131373,0.019758,-0.131547,0.041280,-0.021076,0.020876,-0.065134
1777335842.141823,1.439785,0.358105,2.003782,-1.307421,0.133223,0.002806,0.020312,-0.118659,1.454528,0.355423,2.004910,-1.297942,0.036896,-0.131849,0.019732,-0.129893,0.041007,-0.020959,0.020888,-0.064922
1777335842.175127,1.440747,0.354912,2.004896,-1.311803,0.132204,0.002860,0.020849,-0.119976,1.455750,0.350985,2.005570,-1.302302,0.036408,-0.132326,0.019707,-0.130782,0.041306,-0.020961,0.020803,-0.064643
1777335842.208506,1.442905,0.347587,2.005667,-1.320355,0.132887,0.002990,0.020392,-0.123420,1.456940,0.346583,2.006223,-1.306581,0.035925,-0.132791,0.019681,-0.128384,0.040272,-0.020692,0.020699,-0.062520
1777335842.241858,1.444776,0.341067,2.006839,-1.324721,0.135873,0.003125,0.021030,-0.124583,1.458126,0.342124,2.006881,-1.310872,0.035438,-0.133255,0.019655,-0.128739,0.038469,-0.020266,0.020494,-0.060592
1777335842.275162,1.445736,0.337691,2.007414,-1.328926,0.135404,0.003187,0.020959,-0.125999,1.459294,0.337656,2.007536,-1.315130,0.034951,-0.133712,0.019629,-0.127723,0.037471,-0.019997,0.020318,-0.058999
1777335842.308489,1.447483,0.331406,2.007758,-1.333054,0.137608,0.003313,0.020486,-0.125086,1.460443,0.333182,2.008190,-1.319351,0.034464,-0.134163,0.019604,-0.126650,0.035843,-0.019610,0.020217,-0.057665
1777335842.341832,1.448397,0.328085,2.008866,-1.336921,0.136515,0.003360,0.020992,-0.124039,1.461571,0.328716,2.008840,-1.323525,0.033979,-0.134605,0.019578,-0.125195,0.035035,-0.019379,0.020028,-0.056650
1777335842.375139,1.449952,0.322334,2.009426,-1.340634,0.138526,0.003478,0.020860,-0.123217,1.462688,0.324210,2.009492,-1.327694,0.033492,-0.135044,0.019552,-0.125091,0.033812,-0.019075,0.019868,-0.055939
1777335842.408476,1.450815,0.319110,2.009719,-1.344266,0.137456,0.003522,0.020382,-0.122051,1.463795,0.319667,2.010147,-1.331859,0.033001,-0.135479,0.019526,-0.124949,0.033405,-0.018926,0.019792,-0.055560
1777335842.441831,1.452405,0.313066,2.010819,-1.347849,0.139258,0.003640,0.020844,-0.119937,1.464868,0.315182,2.010790,-1.335933,0.032518,-0.135901,0.019500,-0.122201,0.032424,-0.018681,0.019628,-0.055476
1777335842.475182,1.453230,0.309901,2.011368,-1.351322,0.137917,0.003676,0.020652,-0.118241,1.465942,0.310609,2.011444,-1.340049,0.032027,-0.136324,0.019474,-0.123478,0.032242,-0.018581,0.019494,-0.055562
1777335842.508506,1.454515,0.304888,2.011575,-1.354641,0.140097,0.003784,0.020283,-0.119862,1.466990,0.306066,2.012090,-1.344100,0.031540,-0.136736,0.019448,-0.121556,0.031923,-0.018466,0.019459,-0.056006
1777335842.541832,1.455515,0.300938,2.012721,-1.358311,0.138749,0.003825,0.020696,-0.117145,1.468032,0.301463,2.012742,-1.348169,0.031047,-0.137147,0.019421,-0.122046,0.031964,-0.018419,0.019323,-0.056456
1777335842.575157,1.456950,0.295176,2.013240,-1.361749,0.140538,0.003936,0.020500,-0.115875,1.469046,0.296901,2.013385,-1.352166,0.030560,-0.137547,0.019395,-0.119924,0.031507,-0.018297,0.019222,-0.057093
1777335842.608480,1.457819,0.291647,2.013544,-1.365353,0.138794,0.003962,0.019891,-0.113570,1.470044,0.292324,2.014028,-1.356142,0.030073,-0.137941,0.019369,-0.119277,0.031631,-0.018276,0.019197,-0.057692
1777335842.641838,1.459164,0.286075,2.014529,-1.368893,0.140444,0.004062,0.020311,-0.113202,1.471031,0.287709,2.014673,-1.360116,0.029583,-0.138331,0.019342,-0.119224,0.031319,-0.018190,0.019103,-0.058319
1777335842.675189,1.459850,0.283202,2.015015,-1.372535,0.139362,0.004087,0.020172,-0.114316,1.472002,0.283075,2.015318,-1.364074,0.029091,-0.138716,0.019316,-0.118737,0.031880,-0.018249,0.019047,-0.058939
1777335842.708506,1.461225,0.277322,2.015302,-1.376356,0.141209,0.004191,0.019705,-0.114426,1.472954,0.278447,2.015960,-1.367995,0.028601,-0.139093,0.019290,-0.117614,0.031809,-0.018216,0.019067,-0.059447
1777335842.741837,1.461925,0.274295,2.016266,-1.380146,0.140218,0.004216,0.020163,-0.115760,1.473890,0.273802,2.016602,-1.371897,0.028111,-0.139463,0.019263,-0.117086,0.032499,-0.018303,0.019019,-0.059834
1777335842.775157,1.463353,0.267988,2.016858,-1.384150,0.141870,0.004321,0.019965,-0.114891,1.474812,0.269134,2.017244,-1.375789,0.027619,-0.139829,0.019236,-0.116735,0.032340,-0.018267,0.018983,-0.060031
1777335842.808511,1.464055,0.264847,2.017119,-1.388067,0.140392,0.004337,0.019453,-0.115066,1.475715,0.264471,2.017883,-1.379645,0.027128,-0.140187,0.019210,-0.115683,0.032920,-0.018343,0.019027,-0.060105
1777335842.841854,1.465258,0.259340,2.018072,-1.392004,0.142232,0.004433,0.019909,-0.116735,1.476604,0.259780,2.018523,-1.383494,0.026636,-0.140540,0.019183,-0.115489,0.033032,-0.018354,0.019002,-0.060027
1777335842.875217,1.465944,0.256155,2.018594,-1.396047,0.141157,0.004455,0.019781,-0.118057,1.477480,0.255055,2.019165,-1.387343,0.026140,-0.140889,0.019156,-0.115447,0.033819,-0.018460,0.019001,-0.059799
1777335842.908509,1.467234,0.250036,2.018894,-1.400147,0.142898,0.004558,0.019300,-0.117974,1.478331,0.250373,2.019800,-1.391128,0.025651,-0.141227,0.019130,-0.113556,0.033846,-0.018467,0.019070,-0.059422
1777335842.941873,1.467929,0.246690,2.019919,-1.404194,0.141366,0.004571,0.019712,-0.117702,1.479172,0.245638,2.020439,-1.394928,0.025156,-0.141562,0.019103,-0.113998,0.034480,-0.018552,0.019053,-0.058857
1777335842.975164,1.469110,0.240869,2.020429,-1.408191,0.143017,0.004668,0.019537,-0.117990,1.479997,0.240896,2.021076,-1.398707,0.024662,-0.141890,0.019076,-0.113364,0.034513,-0.018561,0.019061,-0.058238
1777335843.008501,1.469718,0.237826,2.020672,-1.412149,0.141779,0.004683,0.019084,-0.119024,1.480803,0.236152,2.021712,-1.402460,0.024168,-0.142212,0.019049,-0.112607,0.035310,-0.018666,0.019149,-0.057550
1777335843.041860,1.470739,0.232589,2.021573,-1.415998,0.143920,0.004781,0.019598,-0.122273,1.481588,0.231424,2.022343,-1.406175,0.023677,-0.142525,0.019022,-0.111461,0.035735,-0.018724,0.019174,-0.056842
1777335843.075223,1.471403,0.229135,2.022129,-1.419986,0.143152,0.004808,0.019536,-0.123065,1.482364,0.226643,2.022978,-1.409907,0.023181,-0.142835,0.018995,-0.111956,0.036650,-0.018839,0.019211,-0.056027
1777335843.108465,1.472575,0.222889,2.022447,-1.423887,0.145104,0.004916,0.019115,-0.122267,1.483115,0.221909,2.023606,-1.413578,0.022691,-0.143135,0.018968,-0.110116,0.036721,-0.018855,0.019310,-0.055224
1777335843.141823,1.473172,0.219653,2.023440,-1.427627,0.144023,0.004931,0.019603,-0.122191,1.483854,0.217128,2.024237,-1.417261,0.022196,-0.143431,0.018940,-0.110499,0.037432,-0.018941,0.019324,-0.054403
1777335843.175279,1.474290,0.213429,2.024006,-1.431392,0.145791,0.005031,0.019470,-0.120841,1.484583,0.212300,2.024872,-1.420957,0.021698,-0.143722,0.018913,-0.110877,0.037337,-0.018937,0.019348,-0.053634
1777335843.208474,1.474848,0.210274,2.024265,-1.434993,0.144561,0.005040,0.019039,-0.120378,1.485286,0.207528,2.025498,-1.424588,0.021206,-0.144004,0.018886,-0.108927,0.037986,-0.019012,0.019447,-0.052990
1777335843.241835,1.475831,0.204546,2.025245,-1.438544,0.146533,0.005132,0.019556,-0.120382,1.485976,0.202722,2.026126,-1.428222,0.020711,-0.144280,0.018859,-0.109029,0.038051,-0.019025,0.019463,-0.052373
1777335843.275131,1.476431,0.200995,2.025814,-1.442116,0.145299,0.005139,0.019439,-0.118939,1.486654,0.197871,2.026758,-1.431869,0.020213,-0.144552,0.018831,-0.109401,0.038637,-0.019087,0.019488,-0.051835
1777335843.308496,1.477445,0.194810,2.026107,-1.445583,0.147037,0.005226,0.018988,-0.117203,1.487308,0.193068,2.027382,-1.435459,0.019719,-0.144815,0.018804,-0.107699,0.038473,-0.019077,0.019579,-0.051427
1777335843.341899,1.479029,0.184820,2.027437,-1.452326,0.148757,0.005320,0.019186,-0.116478,1.487958,0.188166,2.028016,-1.439103,0.019217,-0.145076,0.018776,-0.109310,0.035942,-0.018846,0.019517,-0.049558
1777335843.375188,1.479029,0.184820,2.027437,-1.452326,0.148757,0.005320,0.019186,-0.116478,1.488573,0.183392,2.028632,-1.442631,0.018728,-0.145323,0.018749,-0.105866,0.036028,-0.018856,0.019586,-0.049632
1777335843.408481,1.479590,0.181110,2.027911,-1.455734,0.146968,0.005292,0.018863,-0.113851,1.489186,0.178492,2.029263,-1.446234,0.018227,-0.145570,0.018721,-0.108069,0.036550,-0.018901,0.019678,-0.049595
1777335843.441839,1.480505,0.174920,2.029050,-1.459033,0.147708,0.005335,0.019329,-0.110717,1.489773,0.173667,2.029881,-1.449763,0.017734,-0.145806,0.018693,-0.105866,0.036366,-0.018886,0.019658,-0.049722
1777335843.475230,1.480948,0.171857,2.029602,-1.462173,0.145291,0.005287,0.019102,-0.108065,1.490349,0.168791,2.030504,-1.453311,0.017237,-0.146038,0.018666,-0.106447,0.036990,-0.018936,0.019649,-0.049881
1777335843.508527,1.481696,0.166509,2.029814,-1.465253,0.146799,0.005337,0.018675,-0.107799,1.490908,0.163908,2.031127,-1.456847,0.016739,-0.146264,0.018638,-0.106074,0.037260,-0.018958,0.019724,-0.050190
1777335843.541822,1.482150,0.163226,2.030851,-1.468489,0.145288,0.005310,0.019174,-0.106767,1.491445,0.159065,2.031742,-1.460337,0.016246,-0.146480,0.018610,-0.104699,0.038180,-0.019030,0.019706,-0.050518
1777335843.575177,1.482952,0.157213,2.031393,-1.471711,0.146985,0.005362,0.019069,-0.105920,1.491973,0.154139,2.032366,-1.463870,0.015745,-0.146694,0.018582,-0.106008,0.038371,-0.019045,0.019702,-0.050812
1777335843.608496,1.483424,0.153611,2.031699,-1.475012,0.145224,0.005328,0.018567,-0.104248,1.492482,0.149243,2.032984,-1.467366,0.015248,-0.146900,0.018554,-0.104885,0.039095,-0.019101,0.019761,-0.051143
1777335843.641835,1.484133,0.147958,2.032685,-1.478216,0.147051,0.005372,0.019112,-0.104776,1.492971,0.144362,2.033599,-1.470837,0.014753,-0.147098,0.018527,-0.104124,0.039305,-0.019118,0.019739,-0.051455
1777335843.675215,1.484566,0.144455,2.033254,-1.481598,0.145680,0.005343,0.019012,-0.104321,1.493448,0.139436,2.034218,-1.474324,0.014254,-0.147291,0.018499,-0.104621,0.040060,-0.019171,0.019725,-0.051669
1777335843.708503,1.485338,0.137951,2.033566,-1.485005,0.147245,0.005379,0.018536,-0.103116,1.493905,0.134539,2.034831,-1.477778,0.013758,-0.147476,0.018471,-0.103597,0.039918,-0.019165,0.019773,-0.051833
1777335843.741856,1.485741,0.134460,2.034657,-1.488411,0.145306,0.005329,0.019014,-0.101977,1.494348,0.129607,2.035447,-1.481242,0.013259,-0.147656,0.018442,-0.103916,0.040394,-0.019196,0.019717,-0.051890
1777335843.775202,1.486477,0.127819,2.035238,-1.491877,0.146395,0.005345,0.018776,-0.100252,1.494776,0.124640,2.036066,-1.484716,0.012757,-0.147830,0.018414,-0.104245,0.039963,-0.019171,0.019671,-0.051875
1777335843.808475,1.486851,0.124346,2.035514,-1.495335,0.143711,0.005270,0.018136,-0.098483,1.495182,0.119744,2.036674,-1.488130,0.012262,-0.147995,0.018386,-0.102412,0.040250,-0.019186,0.019696,-0.051806
1777335843.841805,1.486851,0.124346,2.035514,-1.495335,0.143711,0.005270,0.018136,-0.098483,1.495573,0.114824,2.037284,-1.491548,0.011766,-0.148154,0.018358,-0.102535,0.042667,-0.019323,0.019842,-0.053159
1777335843.875173,1.487518,0.117817,2.036593,-1.498844,0.143378,0.005240,0.018346,-0.095700,1.495949,0.109872,2.037896,-1.494976,0.011266,-0.148307,0.018330,-0.102841,0.043887,-0.019395,0.019880,-0.054181
1777335843.908537,1.487713,0.115788,2.036975,-1.501983,0.142162,0.005196,0.018296,-0.100097,1.496309,0.104912,2.038507,-1.498400,0.010766,-0.148454,0.018301,-0.102705,0.046167,-0.019520,0.019961,-0.055103
1777335843.941868,1.488309,0.109587,2.037274,-1.505602,0.144016,0.005225,0.017914,-0.100961,1.496650,0.099967,2.039115,-1.501802,0.010268,-0.148594,0.018273,-0.102061,0.047415,-0.019594,0.020098,-0.055704
1777335843.975173,1.488630,0.106137,2.038319,-1.509206,0.142713,0.005182,0.018459,-0.101731,1.496975,0.095017,2.039722,-1.505197,0.009770,-0.148727,0.018244,-0.101872,0.049047,-0.019682,0.020135,-0.056015
1777335844.008459,1.489259,0.099040,2.038948,-1.512991,0.144091,0.005194,0.018274,-0.100435,1.497284,0.090059,2.040329,-1.508589,0.009272,-0.148854,0.018216,-0.101754,0.049329,-0.019708,0.020161,-0.056008
1777335844.041832,1.489537,0.095739,2.039206,-1.516701,0.142013,0.005128,0.017751,-0.100410,1.497577,0.085093,2.040935,-1.511977,0.008773,-0.148974,0.018187,-0.101631,0.050230,-0.019752,0.020256,-0.055769
1777335844.075142,1.490009,0.089791,2.040228,-1.520428,0.143799,0.005141,0.018320,-0.102118,1.497853,0.080121,2.041541,-1.515361,0.008273,-0.149087,0.018159,-0.101521,0.050431,-0.019766,0.020256,-0.055327
1777335844.108468,1.490249,0.086647,2.040744,-1.524191,0.142676,0.005100,0.018280,-0.104541,1.498112,0.075135,2.042147,-1.518746,0.007773,-0.149194,0.018130,-0.101550,0.051333,-0.019796,0.020272,-0.054701
1777335844.141840,1.490754,0.079738,2.041078,-1.528075,0.144507,0.005120,0.017839,-0.104235,1.498354,0.070177,2.042748,-1.522105,0.007275,-0.149294,0.018101,-0.100765,0.051099,-0.019788,0.020341,-0.053872
1777335844.175171,1.490945,0.076916,2.042047,-1.531648,0.143632,0.005084,0.018460,-0.107693,1.498580,0.065185,2.043352,-1.525480,0.006774,-0.149388,0.018072,-0.101251,0.051773,-0.019796,0.020326,-0.052982
1777335844.208509,1.491422,0.069672,2.042715,-1.535522,0.145499,0.005106,0.018381,-0.106558,1.498790,0.060198,2.043954,-1.528844,0.006274,-0.149475,0.018044,-0.100935,0.051196,-0.019771,0.020297,-0.051954
1777335844.241874,1.491613,0.066556,2.042966,-1.539038,0.144320,0.005065,0.018016,-0.107765,1.498982,0.055224,2.044553,-1.532194,0.005776,-0.149555,0.018015,-0.100504,0.051463,-0.019757,0.020339,-0.050947
1777335844.275211,1.491990,0.060040,2.044052,-1.542620,0.146495,0.005093,0.018633,-0.107890,1.499159,0.050187,2.045159,-1.535581,0.005271,-0.149629,0.017986,-0.101614,0.050870,-0.019723,0.020275,-0.049923
1777335844.308530,1.492175,0.056659,2.044596,-1.546044,0.145577,0.005059,0.018622,-0.108641,1.499317,0.045237,2.045752,-1.538905,0.004776,-0.149696,0.017957,-0.099690,0.051024,-0.019698,0.020225,-0.049025
1777335844.341828,1.492523,0.049863,2.044919,-1.549474,0.147830,0.005092,0.018251,-0.107820,1.499460,0.040250,2.046349,-1.542249,0.004276,-0.149756,0.017928,-0.100331,0.050196,-0.019656,0.020232,-0.048111
1777335844.375175,1.492698,0.046236,2.046001,-1.552748,0.146695,0.005052,0.018847,-0.107101,1.499585,0.035251,2.046947,-1.545596,0.003776,-0.149810,0.017899,-0.100418,0.050022,-0.019617,0.020135,-0.047346
1777335844.408475,1.492999,0.039399,2.046594,-1.555978,0.148829,0.005079,0.018784,-0.105640,1.499695,0.030248,2.047543,-1.548943,0.003275,-0.149857,0.017870,-0.100413,0.048929,-0.019571,0.020043,-0.046712
1777335844.441877,1.493158,0.035575,2.046902,-1.559127,0.147264,0.005028,0.018321,-0.103725,1.499787,0.025271,2.048136,-1.552270,0.002777,-0.149897,0.017841,-0.099800,0.048461,-0.019526,0.020014,-0.046225
1777335844.475186,1.493369,0.029760,2.047870,-1.562058,0.149722,0.005057,0.018948,-0.104807,1.499863,0.020256,2.048731,-1.555619,0.002276,-0.149931,0.017811,-0.100459,0.047585,-0.019479,0.019907,-0.045932
1777335844.508496,1.493508,0.025821,2.048476,-1.565156,0.148807,0.005022,0.018927,-0.103719,1.499922,0.015250,2.049325,-1.558960,0.001775,-0.149958,0.017782,-0.100238,0.047250,-0.019434,0.019802,-0.045780
1777335844.541814,1.493727,0.018701,2.048813,-1.568171,0.150986,0.005044,0.018514,-0.101674,1.499965,0.010278,2.049913,-1.562276,0.001278,-0.149978,0.017753,-0.099499,0.045908,-0.019393,0.019755,-0.045750
1777335844.575170,1.493820,0.015310,2.049838,-1.571053,0.149934,0.005001,0.019093,-0.101174,1.499991,0.005278,2.050504,-1.565611,0.000778,-0.149992,0.017723,-0.100027,0.045422,-0.019348,0.019619,-0.045857
1777335844.608468,1.494033,0.006712,2.050589,-1.576896,0.150792,0.004984,0.018759,-0.101824,1.500000,0.000262,2.051096,-1.568955,0.000276,-0.149999,0.017694,-0.100338,0.043296,-0.019321,0.019456,-0.044789
1777335844.641820,1.494161,-0.000926,2.051713,-1.579907,0.154189,0.005011,0.019420,-0.101112,1.499993,-0.004718,2.051682,-1.572275,-0.000222,-0.149999,0.017665,-0.099598,0.040252,-0.019305,0.019193,-0.044010
1777335844.675162,1.494229,-0.005392,2.052329,-1.582914,0.153212,0.004966,0.019319,-0.099307,1.499968,-0.009764,2.052276,-1.575640,-0.000726,-0.149993,0.017635,-0.100933,0.037896,-0.019280,0.018939,-0.043433
1777335844.708463,1.494295,-0.011806,2.052577,-1.585703,0.155848,0.004984,0.018975,-0.099421,1.499928,-0.014746,2.052860,-1.578962,-0.001225,-0.149980,0.017605,-0.099665,0.035255,-0.019266,0.018771,-0.043214
1777335844.741802,1.494343,-0.016610,2.053749,-1.588661,0.154026,0.004917,0.019396,-0.096326,1.499870,-0.019720,2.053443,-1.582280,-0.001722,-0.149960,0.017576,-0.099544,0.033106,-0.019246,0.018492,-0.043114
1777335844.775182,1.494361,-0.022564,2.054180,-1.591287,0.156308,0.004923,0.019293,-0.096552,1.499796,-0.024718,2.054028,-1.585616,-0.002222,-0.149934,0.017546,-0.100090,0.030841,-0.019233,0.018260,-0.043302
1777335844.808482,1.494370,-0.026368,2.054456,-1.594094,0.155247,0.004874,0.018872,-0.095720,1.499705,-0.029718,2.054613,-1.588956,-0.002722,-0.149901,0.017517,-0.100183,0.029482,-0.019206,0.018107,-0.043677
1777335844.841822,1.494354,-0.032554,2.055366,-1.596800,0.157704,0.004882,0.019364,-0.096164,1.499598,-0.034703,2.055194,-1.592288,-0.003221,-0.149861,0.017487,-0.099969,0.027790,-0.019195,0.017895,-0.044242
1777335844.875176,1.494340,-0.036956,2.055967,-1.599692,0.156324,0.004822,0.019207,-0.094275,1.499474,-0.039716,2.055778,-1.595642,-0.003723,-0.149815,0.017457,-0.100628,0.026640,-0.019176,0.017692,-0.044867
1777335844.908518,1.494284,-0.042950,2.056182,-1.602398,0.158656,0.004821,0.018848,-0.095129,1.499333,-0.044703,2.056359,-1.598983,-0.004222,-0.149762,0.017427,-0.100225,0.025223,-0.019174,0.017577,-0.045661
1777335844.941854,1.494242,-0.047060,2.057171,-1.605351,0.157425,0.004762,0.019259,-0.094195,1.499174,-0.049748,2.056945,-1.602366,-0.004728,-0.149702,0.017397,-0.101495,0.024441,-0.019158,0.017385,-0.046445
1777335844.975168,1.494143,-0.053506,2.057653,-1.608245,0.159540,0.004752,0.019131,-0.094285,1.499001,-0.054693,2.057519,-1.605687,-0.005223,-0.149636,0.017367,-0.099628,0.023144,-0.019170,0.017226,-0.047315
1777335845.008480,1.494072,-0.057749,2.057962,-1.611321,0.157699,0.004677,0.018595,-0.092805,1.498810,-0.059691,2.058098,-1.609049,-0.005724,-0.149563,0.017337,-0.100867,0.022389,-0.019168,0.017131,-0.048044
1777335845.041828,1.493918,-0.064867,2.058954,-1.614414,0.158863,0.004636,0.018879,-0.091185,1.498602,-0.064692,2.058677,-1.612419,-0.006225,-0.149483,0.017307,-0.101089,0.020801,-0.019207,0.016957,-0.048759
1777335845.075141,1.493824,-0.068614,2.059446,-1.617571,0.156006,0.004534,0.018511,-0.089672,1.498379,-0.069647,2.059250,-1.615764,-0.006723,-0.149397,0.017277,-0.100339,0.020077,-0.019216,0.016812,-0.049402
1777335845.108494,1.493824,-0.068614,2.059446,-1.617571,0.156006,0.004534,0.018511,-0.089672,1.498138,-0.074614,2.059824,-1.619123,-0.007221,-0.149304,0.017247,-0.100771,0.021744,-0.019133,0.016793,-0.051366
1777335845.141855,1.493591,-0.076721,2.060688,-1.623994,0.154103,0.004409,0.018520,-0.090467,1.497881,-0.079584,2.060398,-1.622491,-0.007720,-0.149205,0.017217,-0.101046,0.021720,-0.019135,0.016638,-0.051582
1777335845.175193,1.493354,-0.083032,2.060994,-1.627240,0.156712,0.004389,0.018278,-0.093508,1.497607,-0.084555,2.060971,-1.625868,-0.008219,-0.149099,0.017187,-0.101311,0.021094,-0.019169,0.016547,-0.051758
1777335845.208503,1.493201,-0.087002,2.061201,-1.630790,0.155686,0.004332,0.017790,-0.095088,1.497316,-0.089539,2.061544,-1.629261,-0.008720,-0.148986,0.017156,-0.101798,0.021040,-0.019175,0.016538,-0.051770
1777335845.241853,1.492926,-0.093524,2.062039,-1.634386,0.157772,0.004315,0.018133,-0.097095,1.497009,-0.094494,2.062115,-1.632644,-0.009219,-0.148867,0.017126,-0.101474,0.020295,-0.019224,0.016473,-0.051638
1777335845.275184,1.492755,-0.097324,2.062503,-1.638023,0.156390,0.004256,0.017949,-0.098333,1.496685,-0.099453,2.062684,-1.636038,-0.009718,-0.148741,0.017095,-0.101824,0.020208,-0.019236,0.016434,-0.051339
1777335845.308487,1.492405,-0.104534,2.062783,-1.641706,0.157649,0.004227,0.017384,-0.097582,1.496344,-0.104412,2.063254,-1.639442,-0.010217,-0.148608,0.017065,-0.102118,0.019115,-0.019313,0.016457,-0.050907
1777335845.341818,1.492405,-0.104534,2.062783,-1.641706,0.157649,0.004227,0.017384,-0.097582,1.495986,-0.109368,2.063823,-1.642854,-0.010717,-0.148468,0.017034,-0.102366,0.020456,-0.019243,0.016594,-0.052031
1777335845.375139,1.491816,-0.115562,2.063874,-1.648738,0.158200,0.004142,0.017210,-0.097932,1.495608,-0.114361,2.064395,-1.646302,-0.011220,-0.148321,0.017004,-0.103438,0.018807,-0.019379,0.016614,-0.051292
1777335845.408571,1.491646,-0.118173,2.064173,-1.652213,0.155508,0.004055,0.016852,-0.098660,1.495223,-0.119241,2.064954,-1.649683,-0.011713,-0.148170,0.016973,-0.101425,0.018531,-0.019419,0.016688,-0.050634
1777335845.441889,1.491260,-0.124181,2.065095,-1.655757,0.156619,0.004025,0.017270,-0.099371,1.494817,-0.124156,2.065517,-1.653100,-0.012210,-0.148012,0.016943,-0.102518,0.017797,-0.019490,0.016682,-0.049888
1777335845.475185,1.491260,-0.124181,2.065095,-1.655757,0.156619,0.004025,0.017270,-0.099371,1.494394,-0.129083,2.066080,-1.656537,-0.012708,-0.147847,0.016912,-0.103104,0.019417,-0.019389,0.016789,-0.050789
1777335845.508485,1.490998,-0.128007,2.065677,-1.659257,0.154836,0.003952,0.017190,-0.099222,1.493953,-0.134010,2.066643,-1.659987,-0.013206,-0.147674,0.016882,-0.103502,0.021257,-0.019273,0.016884,-0.051490
1777335845.541810,1.490434,-0.136172,2.066923,-1.665933,0.153471,0.003874,0.017350,-0.099945,1.493492,-0.138972,2.067210,-1.663475,-0.013709,-0.147494,0.016851,-0.104641,0.021310,-0.019305,0.016830,-0.050584
1777335845.575160,1.490434,-0.136172,2.066923,-1.665933,0.153471,0.003874,0.017350,-0.099945,1.493022,-0.143841,2.067766,-1.666911,-0.014202,-0.147310,0.016820,-0.103079,0.023587,-0.019156,0.016894,-0.051385
1777335845.608451,1.489911,-0.142794,2.067359,-1.669374,0.154641,0.003840,0.017057,-0.099074,1.492534,-0.148731,2.068324,-1.670376,-0.014699,-0.147119,0.016789,-0.103961,0.024646,-0.019107,0.016975,-0.051960
1777335845.641782,1.489049,-0.153465,2.068556,-1.676078,0.155945,0.003795,0.017170,-0.099706,1.492028,-0.153626,2.068883,-1.673860,-0.015196,-0.146921,0.016758,-0.104510,0.022865,-0.019314,0.016919,-0.050959
1777335845.675129,1.488789,-0.156340,2.068864,-1.679494,0.153932,0.003731,0.016881,-0.100742,1.491501,-0.158545,2.069444,-1.677376,-0.015696,-0.146715,0.016727,-0.105474,0.022277,-0.019404,0.016915,-0.050118
1777335845.708476,1.488203,-0.162783,2.069056,-1.683001,0.155184,0.003713,0.016363,-0.100465,1.490964,-0.163406,2.069998,-1.680866,-0.016191,-0.146504,0.016696,-0.104717,0.021072,-0.019553,0.016986,-0.049401
1777335845.741852,1.488203,-0.162783,2.069056,-1.683001,0.155184,0.003713,0.016363,-0.100465,1.490408,-0.168277,2.070552,-1.684380,-0.016688,-0.146287,0.016665,-0.105410,0.022242,-0.019471,0.017164,-0.050312
1777335845.775146,1.487194,-0.173370,2.070137,-1.689631,0.156050,0.003653,0.016323,-0.100556,1.489833,-0.173164,2.071109,-1.687922,-0.017186,-0.146062,0.016634,-0.106256,0.020591,-0.019677,0.017220,-0.049654
1777335845.808460,1.486915,-0.176022,2.070459,-1.692884,0.153675,0.003585,0.016053,-0.100786,1.489244,-0.178028,2.071663,-1.691465,-0.017683,-0.145830,0.016603,-0.106305,0.020213,-0.019747,0.017319,-0.049220
1777335845.841907,1.486304,-0.181786,2.071402,-1.696186,0.154977,0.003564,0.016578,-0.101359,1.488640,-0.182864,2.072213,-1.695007,-0.018178,-0.145594,0.016572,-0.106241,0.019469,-0.019855,0.017329,-0.048930
1777335845.875266,1.485918,-0.185348,2.071946,-1.699509,0.152876,0.003503,0.016475,-0.100411,1.488017,-0.187710,2.072765,-1.698573,-0.018674,-0.145350,0.016541,-0.107001,0.019415,-0.019886,0.017337,-0.048749
1777335845.908471,1.485233,-0.191429,2.072204,-1.702716,0.154075,0.003482,0.016075,-0.099832,1.487380,-0.192537,2.073314,-1.702145,-0.019169,-0.145100,0.016510,-0.107155,0.018793,-0.019981,0.017403,-0.048750
1777335845.941859,1.484906,-0.194236,2.073055,-1.705824,0.152699,0.003435,0.016564,-0.101389,1.486723,-0.197372,2.073864,-1.705743,-0.019666,-0.144843,0.016478,-0.107933,0.019175,-0.019960,0.017399,-0.048933
1777335845.975216,1.484202,-0.200120,2.073543,-1.709037,0.154420,0.003421,0.016543,-0.102132,1.486049,-0.202209,2.074414,-1.709363,-0.020163,-0.144579,0.016447,-0.108589,0.018992,-0.020007,0.017406,-0.049256
1777335846.008504,1.483740,-0.203904,2.073841,-1.712294,0.152711,0.003367,0.016161,-0.101118,1.485358,-0.207035,2.074963,-1.712995,-0.020660,-0.144309,0.016415,-0.108980,0.019295,-0.019998,0.017461,-0.049681
1777335846.041822,1.482969,-0.209964,2.074770,-1.715465,0.154117,0.003341,0.016633,-0.100739,1.484657,-0.211807,2.075506,-1.716608,-0.021152,-0.144034,0.016384,-0.108396,0.018958,-0.020068,0.017432,-0.050226
1777335846.075198,1.482520,-0.213419,2.075271,-1.718703,0.152240,0.003281,0.016524,-0.100123,1.483932,-0.216622,2.076054,-1.720277,-0.021649,-0.143750,0.016352,-0.110051,0.019250,-0.020060,0.017411,-0.050802
1777335846.108505,1.481668,-0.219747,2.075539,-1.721991,0.153270,0.003243,0.016085,-0.099064,1.483194,-0.221403,2.076598,-1.723942,-0.022144,-0.143462,0.016321,-0.109963,0.018779,-0.020152,0.017446,-0.051475
1777335846.141862,1.481668,-0.219747,2.075539,-1.721991,0.153270,0.003243,0.016085,-0.099064,1.482439,-0.226173,2.077140,-1.727622,-0.022638,-0.143167,0.016289,-0.110400,0.020508,-0.019965,0.017588,-0.053656
1777335846.175207,1.481096,-0.223872,2.076460,-1.725350,0.150839,0.003157,0.016356,-0.097146,1.481667,-0.230944,2.077683,-1.731327,-0.023133,-0.142864,0.016257,-0.111146,0.022195,-0.019786,0.017640,-0.055607
1777335846.208537,1.480296,-0.229485,2.076950,-1.728658,0.151367,0.003111,0.016232,-0.096856,1.480883,-0.235676,2.078222,-1.735026,-0.023625,-0.142558,0.016226,-0.110955,0.023162,-0.019705,0.017696,-0.057402
1777335846.241800,1.479858,-0.232476,2.077193,-1.732076,0.148988,0.003040,0.015812,-0.097072,1.480081,-0.240404,2.078760,-1.738747,-0.024117,-0.142245,0.016194,-0.111641,0.024698,-0.019546,0.017807,-0.058976
1777335846.275171,1.478973,-0.238358,2.078136,-1.735675,0.149864,0.002993,0.016261,-0.097596,1.479258,-0.245153,2.079301,-1.742510,-0.024612,-0.141923,0.016162,-0.112883,0.025389,-0.019503,0.017825,-0.060318
1777335846.308449,1.478462,-0.241679,2.078636,-1.739478,0.147386,0.002919,0.016100,-0.097939,1.478424,-0.249856,2.079837,-1.746263,-0.025104,-0.141597,0.016131,-0.112609,0.026546,-0.019395,0.017846,-0.061404
1777335846.341851,1.477622,-0.246983,2.078828,-1.743297,0.148738,0.002886,0.015760,-0.101508,1.477571,-0.254559,2.080373,-1.750044,-0.025596,-0.141264,0.016099,-0.113422,0.027161,-0.019362,0.017935,-0.062215
1777335846.375230,1.476831,-0.251933,2.080036,-1.751575,0.144187,0.002774,0.015996,-0.104750,1.476694,-0.259298,2.080913,-1.753881,-0.026093,-0.140922,0.016067,-0.115112,0.027507,-0.019367,0.017877,-0.060830
1777335846.408467,1.476831,-0.251933,2.080036,-1.751575,0.144187,0.002774,0.015996,-0.104750,1.475808,-0.263981,2.081447,-1.757702,-0.026585,-0.140576,0.016035,-0.114628,0.029859,-0.019063,0.017930,-0.061392
1777335846.441804,1.474571,-0.265308,2.081590,-1.760140,0.148591,0.002727,0.016582,-0.107224,1.474913,-0.268620,2.081976,-1.761515,-0.027073,-0.140227,0.016003,-0.114393,0.027814,-0.019460,0.017768,-0.059654
1777335846.475164,1.474571,-0.265308,2.081590,-1.760140,0.148591,0.002727,0.016582,-0.107224,1.473991,-0.273296,2.082510,-1.765390,-0.027566,-0.139868,0.015971,-0.116230,0.028115,-0.019471,0.017721,-0.059857
1777335846.508460,1.472692,-0.275905,2.082314,-1.768468,0.149727,0.002673,0.016104,-0.109092,1.473058,-0.277935,2.083040,-1.769263,-0.028056,-0.139504,0.015939,-0.116203,0.025622,-0.019946,0.017636,-0.058034
1777335846.541852,1.472196,-0.278555,2.083239,-1.772495,0.147359,0.002624,0.016566,-0.110556,1.472106,-0.282577,2.083571,-1.773170,-0.028548,-0.139133,0.015907,-0.117213,0.024383,-0.020197,0.017473,-0.056393
1777335846.575190,1.471165,-0.284044,2.083687,-1.776442,0.148688,0.002621,0.016494,-0.112601,1.471138,-0.287200,2.084100,-1.777093,-0.029038,-0.138757,0.015875,-0.117684,0.022912,-0.020483,0.017335,-0.054998
1777335846.608462,1.470564,-0.287191,2.083934,-1.780283,0.147097,0.002592,0.016138,-0.113574,1.470156,-0.291802,2.084627,-1.781031,-0.029527,-0.138375,0.015842,-0.118135,0.022302,-0.020614,0.017262,-0.053856
1777335846.641859,1.469401,-0.293155,2.084872,-1.783985,0.148483,0.002596,0.016613,-0.113365,1.469153,-0.296416,2.085156,-1.785012,-0.030019,-0.137984,0.015810,-0.119443,0.021133,-0.020843,0.017107,-0.053001
1777335846.675179,1.468784,-0.296266,2.085345,-1.787509,0.146964,0.002569,0.016549,-0.113495,1.468135,-0.301003,2.085682,-1.789004,-0.030509,-0.137589,0.015778,-0.119767,0.020793,-0.020921,0.016971,-0.052520
1777335846.708483,1.467541,-0.302393,2.085621,-1.791022,0.148235,0.002571,0.016157,-0.112145,1.467105,-0.305563,2.086205,-1.793008,-0.030997,-0.137189,0.015746,-0.120109,0.019774,-0.021127,0.016893,-0.052334
1777335846.741849,1.466905,-0.305477,2.086515,-1.794380,0.146555,0.002539,0.016607,-0.111566,1.466056,-0.310122,2.086729,-1.797045,-0.031486,-0.136782,0.015713,-0.121117,0.019551,-0.021182,0.016742,-0.052472
1777335846.775262,1.465684,-0.311256,2.086994,-1.797732,0.147913,0.002534,0.016522,-0.110785,1.464988,-0.314675,2.087252,-1.801115,-0.031975,-0.136367,0.015681,-0.122080,0.018776,-0.021346,0.016609,-0.052923
1777335846.808518,1.465054,-0.314193,2.087216,-1.801012,0.146575,0.002506,0.016199,-0.111194,1.463901,-0.319229,2.087776,-1.805221,-0.032466,-0.135946,0.015648,-0.123206,0.018817,-0.021354,0.016544,-0.053682
1777335846.841843,1.463786,-0.319960,2.088098,-1.804385,0.148106,0.002495,0.016646,-0.110874,1.462809,-0.323719,2.088294,-1.809308,-0.032951,-0.135523,0.015616,-0.122609,0.018263,-0.021483,0.016407,-0.054678
1777335846.875190,1.462980,-0.323585,2.088616,-1.807849,0.146166,0.002450,0.016508,-0.109150,1.461685,-0.328259,2.088818,-1.813480,-0.033443,-0.135088,0.015583,-0.125157,0.018153,-0.021525,0.016278,-0.055765
1777335846.908528,1.461696,-0.329196,2.088842,-1.811259,0.147413,0.002427,0.016122,-0.108896,1.460560,-0.332724,2.089333,-1.817621,-0.033927,-0.134652,0.015550,-0.124232,0.017539,-0.021674,0.016217,-0.057086
1777335846.941935,1.460927,-0.332511,2.089737,-1.814841,0.145417,0.002377,0.016501,-0.108142,1.459416,-0.337186,2.089849,-1.821800,-0.034413,-0.134210,0.015518,-0.125364,0.017509,-0.021705,0.016080,-0.058400
1777335846.975257,1.459520,-0.338431,2.090207,-1.818508,0.146294,0.002339,0.016322,-0.107345,1.458250,-0.341654,2.090366,-1.826026,-0.034900,-0.133759,0.015485,-0.126770,0.016796,-0.021882,0.015959,-0.059746
1777335847.008495,1.458818,-0.341336,2.090415,-1.822224,0.144297,0.002288,0.015903,-0.107975,1.457066,-0.346114,2.090883,-1.830286,-0.035388,-0.133302,0.015452,-0.127808,0.016871,-0.021896,0.015909,-0.061124
1777335847.041847,1.457564,-0.346406,2.091198,-1.826017,0.145734,0.002254,0.016314,-0.111026,1.455875,-0.350524,2.091395,-1.834541,-0.035872,-0.132842,0.015420,-0.127641,0.016621,-0.021982,0.015806,-0.062494
1777335847.075176,1.456845,-0.349276,2.091620,-1.829995,0.144656,0.002216,0.016279,-0.114694,1.454655,-0.354966,2.091912,-1.838870,-0.036361,-0.132372,0.015387,-0.129868,0.017064,-0.021920,0.015726,-0.063732
1777335847.108487,1.455350,-0.355129,2.091892,-1.834212,0.146114,0.002178,0.015938,-0.116042,1.453433,-0.359341,2.092421,-1.843178,-0.036843,-0.131901,0.015354,-0.129244,0.016755,-0.022027,0.015700,-0.064859
1777335847.141834,1.454529,-0.358292,2.092728,-1.838437,0.144622,0.002133,0.016329,-0.117836,1.452193,-0.363708,2.092930,-1.847524,-0.037326,-0.131423,0.015321,-0.130371,0.016995,-0.022012,0.015607,-0.065787
1777335847.175176,1.453046,-0.363886,2.093176,-1.842784,0.145957,0.002094,0.016228,-0.119688,1.450923,-0.368103,2.093443,-1.851943,-0.037814,-0.130935,0.015288,-0.132587,0.016600,-0.022142,0.015530,-0.066564
1777335847.208458,1.452203,-0.367020,2.093409,-1.847228,0.144325,0.002049,0.015854,-0.121498,1.449643,-0.372463,2.093953,-1.856375,-0.038298,-0.130443,0.015255,-0.132944,0.016786,-0.022140,0.015514,-0.067238
1777335847.241862,1.450694,-0.372516,2.094228,-1.851739,0.145588,0.002012,0.016227,-0.123552,1.448363,-0.376753,2.094456,-1.860782,-0.038777,-0.129951,0.015222,-0.132236,0.016385,-0.022279,0.015434,-0.067743
1777335847.275162,1.449780,-0.375796,2.094688,-1.856374,0.143653,0.001965,0.016071,-0.124337,1.447043,-0.381106,2.094966,-1.865304,-0.039264,-0.129444,0.015189,-0.135645,0.016457,-0.022303,0.015366,-0.068005
1777335847.308486,1.448233,-0.381244,2.094903,-1.860972,0.144717,0.001931,0.015674,-0.125912,1.445721,-0.385393,2.095470,-1.869806,-0.039745,-0.128937,0.015156,-0.135069,0.015980,-0.022464,0.015361,-0.068263
1777335847.341833,1.447277,-0.384560,2.095769,-1.865711,0.142387,0.001882,0.015975,-0.125734,1.444385,-0.389659,2.095972,-1.874337,-0.040225,-0.128425,0.015123,-0.135929,0.015976,-0.022507,0.015281,-0.068320
1777335847.375166,1.445703,-0.389920,2.096175,-1.870344,0.143222,0.001849,0.015792,-0.126828,1.443018,-0.393954,2.096479,-1.878951,-0.040710,-0.127902,0.015089,-0.138416,0.015445,-0.022685,0.015224,-0.068318
1777335847.408479,1.444937,-0.392484,2.096349,-1.874932,0.141616,0.001817,0.015432,-0.130212,1.441654,-0.398174,2.096978,-1.883537,-0.041189,-0.127380,0.015056,-0.137575,0.015731,-0.022655,0.015237,-0.068377
1777335847.441806,1.443279,-0.397954,2.097160,-1.879692,0.142723,0.001791,0.015778,-0.131512,1.440269,-0.402388,2.097477,-1.888169,-0.041667,-0.126851,0.015023,-0.138956,0.015373,-0.022794,0.015184,-0.068296
1777335847.475174,1.442300,-0.401137,2.097607,-1.884416,0.140656,0.001754,0.015604,-0.131460,1.438849,-0.406643,2.097982,-1.892902,-0.042153,-0.126308,0.014989,-0.141997,0.015494,-0.022807,0.015142,-0.068206
1777335847.508508,1.440612,-0.406527,2.097819,-1.889055,0.141523,0.001732,0.015183,-0.131792,1.437432,-0.410824,2.098479,-1.897607,-0.042631,-0.125768,0.014956,-0.141158,0.015051,-0.022975,0.015162,-0.068248
1777335847.541830,1.439720,-0.409335,2.098609,-1.893671,0.139598,0.001699,0.015516,-0.132735,1.435999,-0.414988,2.098975,-1.902350,-0.043109,-0.125221,0.014923,-0.142293,0.015254,-0.022968,0.015119,-0.068279
1777335847.575203,1.438049,-0.414507,2.099016,-1.898280,0.140658,0.001681,0.015390,-0.133920,1.434542,-0.419154,2.099473,-1.907153,-0.043589,-0.124667,0.014889,-0.144075,0.014938,-0.023106,0.015095,-0.068384
1777335847.608509,1.437110,-0.417376,2.099227,-1.902891,0.138945,0.001655,0.015019,-0.134930,1.433071,-0.423297,2.099969,-1.911988,-0.044068,-0.124107,0.014856,-0.145057,0.015209,-0.023080,0.015129,-0.068602
1777335847.641899,1.435357,-0.422638,2.100023,-1.907505,0.140028,0.001638,0.015371,-0.135579,1.431599,-0.427379,2.100459,-1.916812,-0.044541,-0.123547,0.014822,-0.144702,0.014900,-0.023223,0.015098,-0.068904
1777335847.675178,1.434299,-0.425775,2.100470,-1.912165,0.137934,0.001608,0.015202,-0.134760,1.430089,-0.431504,2.100955,-1.921746,-0.045021,-0.122974,0.014789,-0.148034,0.015025,-0.023240,0.015075,-0.069208
1777335847.708511,1.432637,-0.430613,2.100649,-1.916660,0.139095,0.001596,0.014856,-0.136660,1.428580,-0.435563,2.101444,-1.926663,-0.045496,-0.122402,0.014755,-0.147498,0.014772,-0.023371,0.015117,-0.069756
1777335847.741923,1.431500,-0.433884,2.101500,-1.921410,0.136929,0.001564,0.015170,-0.135401,1.427052,-0.439612,2.101933,-1.931630,-0.045970,-0.121823,0.014722,-0.149031,0.014874,-0.023398,0.015080,-0.070264
1777335847.775154,1.429595,-0.439268,2.101923,-1.926052,0.137533,0.001545,0.014970,-0.134342,1.425501,-0.443661,2.102424,-1.936663,-0.046447,-0.121235,0.014688,-0.150978,0.014339,-0.023619,0.015057,-0.070874
1777335847.808478,1.428638,-0.441934,2.102113,-1.930680,0.135369,0.001517,0.014547,-0.134482,1.423941,-0.447673,2.102911,-1.941713,-0.046921,-0.120645,0.014654,-0.151516,0.014469,-0.023640,0.015095,-0.071618
1777335847.841851,1.426996,-0.446434,2.102831,-1.935252,0.136612,0.001504,0.014931,-0.138145,1.422359,-0.451679,2.103399,-1.946823,-0.047396,-0.120048,0.014620,-0.153286,0.014328,-0.023747,0.015081,-0.072465
1777335847.875217,1.425947,-0.449278,2.103256,-1.940077,0.135200,0.001483,0.014862,-0.139972,1.420759,-0.455672,2.103887,-1.951984,-0.047872,-0.119444,0.014587,-0.154819,0.014683,-0.023701,0.015079,-0.073349
1777335847.908502,1.423893,-0.454750,2.103511,-1.944987,0.136119,0.001467,0.014480,-0.139428,1.419154,-0.459617,2.104370,-1.957150,-0.048343,-0.118839,0.014553,-0.154997,0.014294,-0.023895,0.015122,-0.074240
1777335847.941859,1.422852,-0.457487,2.104309,-1.949817,0.134263,0.001443,0.014841,-0.140107,1.417525,-0.463563,2.104854,-1.962388,-0.048817,-0.118225,0.014519,-0.157122,0.014463,-0.023910,0.015096,-0.075132
1777335847.975455,1.420894,-0.462551,2.104729,-1.954764,0.135172,0.001427,0.014719,-0.140771,1.415872,-0.467505,2.105340,-1.967693,-0.049292,-0.117603,0.014485,-0.159161,0.014079,-0.024109,0.015082,-0.076064
1777335848.008474,1.419881,-0.465136,2.104926,-1.959725,0.133527,0.001407,0.014378,-0.142825,1.414221,-0.471387,2.105820,-1.972988,-0.049762,-0.116983,0.014451,-0.158848,0.014315,-0.024105,0.015126,-0.077052
1777335848.041832,1.417797,-0.470370,2.105756,-1.964889,0.134356,0.001390,0.014733,-0.142943,1.412550,-0.475258,2.106299,-1.978341,-0.050233,-0.116356,0.014417,-0.160600,0.013888,-0.024326,0.015092,-0.077914
1777335848.075173,1.416725,-0.473025,2.106164,-1.970005,0.132472,0.001368,0.014608,-0.144117,1.410857,-0.479121,2.106779,-1.983760,-0.050704,-0.115721,0.014383,-0.162559,0.014028,-0.024354,0.015073,-0.078783
1777335848.108459,1.414770,-0.477793,2.106362,-1.975191,0.133499,0.001357,0.014266,-0.146300,1.409155,-0.482949,2.107257,-1.989203,-0.051173,-0.115084,0.014349,-0.163308,0.013716,-0.024541,0.015111,-0.079663
1777335848.141917,1.411389,-0.485877,2.107383,-1.985798,0.134218,0.001316,0.014424,-0.149493,1.407432,-0.486768,2.107734,-1.994712,-0.051644,-0.114439,0.014315,-0.165246,0.011595,-0.025373,0.015033,-0.078080
1777335848.175163,1.410373,-0.488238,2.107676,-1.991267,0.132248,0.001297,0.014197,-0.151837,1.405694,-0.490563,2.108211,-2.000265,-0.052113,-0.113789,0.014280,-0.166600,0.010445,-0.025856,0.014996,-0.076818
1777335848.208465,1.408386,-0.492800,2.108502,-1.996653,0.133366,0.001283,0.014671,-0.154984,1.403939,-0.494338,2.108686,-2.005868,-0.052582,-0.113135,0.014246,-0.168080,0.009147,-0.026394,0.014886,-0.075872
1777335848.241794,1.407234,-0.495413,2.108952,-2.001954,0.131916,0.001270,0.014646,-0.156924,1.402171,-0.498087,2.109160,-2.011515,-0.053050,-0.112476,0.014212,-0.169416,0.008563,-0.026672,0.014787,-0.075264
1777335848.275164,1.404959,-0.500479,2.109219,-2.007205,0.132762,0.001253,0.014302,-0.156007,1.400390,-0.501808,2.109631,-2.017200,-0.053517,-0.111813,0.014178,-0.170564,0.007509,-0.027129,0.014734,-0.074984
1777335848.308481,1.403801,-0.503028,2.110015,-2.012214,0.130990,0.001233,0.014682,-0.155964,1.398592,-0.505509,2.110102,-2.022941,-0.053983,-0.111144,0.014143,-0.172223,0.007139,-0.027332,0.014616,-0.075102
1777335848.341842,1.401720,-0.507511,2.110418,-2.017157,0.132009,0.001208,0.014608,-0.156821,1.396774,-0.509197,2.110573,-2.028745,-0.054450,-0.110469,0.014109,-0.174132,0.006498,-0.027643,0.014517,-0.075628
1777335848.375264,1.400450,-0.510218,2.110650,-2.022160,0.130286,0.001183,0.014262,-0.156109,1.394943,-0.512858,2.111043,-2.034594,-0.054916,-0.109790,0.014075,-0.175461,0.006390,-0.027753,0.014472,-0.076507
1777335848.408503,1.398112,-0.515100,2.111465,-2.027148,0.130891,0.001138,0.014589,-0.154195,1.393098,-0.516494,2.111511,-2.040492,-0.055381,-0.109106,0.014040,-0.176934,0.005785,-0.028063,0.014356,-0.077688
1777335848.441824,1.396976,-0.517438,2.111846,-2.032032,0.129067,0.001106,0.014469,-0.154334,1.391237,-0.520107,2.111977,-2.046441,-0.055845,-0.108418,0.014006,-0.178476,0.005844,-0.028115,0.014264,-0.079195
1777335848.475164,1.394612,-0.522215,2.112073,-2.037137,0.129557,0.001048,0.014061,-0.152770,1.389362,-0.523694,2.112443,-2.052439,-0.056308,-0.107725,0.013971,-0.179950,0.005405,-0.028371,0.014225,-0.080897
1777335848.508459,1.393462,-0.524507,2.112816,-2.042184,0.127635,0.001007,0.014389,-0.153257,1.387462,-0.527275,2.112909,-2.058520,-0.056773,-0.107024,0.013936,-0.182419,0.005604,-0.028376,0.014130,-0.082805
1777335848.541783,1.391263,-0.528802,2.113201,-2.047397,0.128420,0.000939,0.014281,-0.154588,1.385560,-0.530810,2.113371,-2.064616,-0.057234,-0.106323,0.013902,-0.182863,0.005471,-0.028520,0.014055,-0.084875
1777335848.575164,1.389806,-0.531622,2.113444,-2.052924,0.126038,0.000887,0.013844,-0.152969,1.383632,-0.534338,2.113834,-2.070797,-0.057697,-0.105614,0.013867,-0.185439,0.005678,-0.028529,0.014029,-0.086875
1777335848.608471,1.387749,-0.535507,2.114128,-2.058289,0.126905,0.000812,0.014186,-0.157015,1.381697,-0.537829,2.114295,-2.077008,-0.058157,-0.104903,0.013833,-0.186325,0.005704,-0.028617,0.013957,-0.088994
1777335848.641798,1.386320,-0.538184,2.114560,-2.064216,0.124870,0.000760,0.014041,-0.157394,1.379748,-0.541292,2.114753,-2.083268,-0.058617,-0.104188,0.013798,-0.187802,0.006081,-0.028561,0.013894,-0.090911
1777335848.675133,1.384128,-0.542201,2.114733,-2.070034,0.125735,0.000680,0.013720,-0.161491,1.377778,-0.544743,2.115212,-2.089606,-0.059077,-0.103465,0.013763,-0.190153,0.006164,-0.028632,0.013892,-0.092748
1777335848.708458,1.382758,-0.544686,2.115481,-2.076248,0.123969,0.000629,0.014037,-0.163747,1.375790,-0.548173,2.115671,-2.096009,-0.059537,-0.102738,0.013728,-0.192073,0.006646,-0.028534,0.013829,-0.094399
1777335848.741820,1.380501,-0.548700,2.115841,-2.082441,0.124918,0.000547,0.013952,-0.168616,1.373792,-0.551570,2.116127,-2.102452,-0.059995,-0.102008,0.013693,-0.193289,0.006799,-0.028582,0.013788,-0.095916
1777335848.775162,1.379151,-0.551074,2.116044,-2.088912,0.123426,0.000502,0.013637,-0.172477,1.371766,-0.554964,2.116584,-2.108996,-0.060456,-0.101268,0.013658,-0.196317,0.007354,-0.028452,0.013799,-0.097192
1777335848.808509,1.376643,-0.555409,2.116788,-2.095530,0.124188,0.000418,0.013955,-0.174878,1.369727,-0.558330,2.117041,-2.115592,-0.060915,-0.100525,0.013623,-0.197891,0.007415,-0.028547,0.013749,-0.098300
1777335848.841832,1.375214,-0.557846,2.117186,-2.102233,0.122257,0.000374,0.013811,-0.176469,1.367701,-0.561624,2.117489,-2.122154,-0.061367,-0.099788,0.013589,-0.196859,0.007850,-0.028473,0.013711,-0.099208
1777335848.875158,1.372754,-0.561971,2.117376,-2.108957,0.122866,0.000296,0.013449,-0.178967,1.365627,-0.564945,2.117944,-2.128882,-0.061826,-0.099034,0.013553,-0.201836,0.007859,-0.028594,0.013728,-0.099840
1777335848.908495,1.371346,-0.564298,2.118117,-2.115821,0.120847,0.000256,0.013741,-0.180567,1.363539,-0.568240,2.118397,-2.135667,-0.062283,-0.098277,0.013518,-0.203570,0.008277,-0.028525,0.013682,-0.100443
1777335848.941792,1.369101,-0.567949,2.118446,-2.122510,0.121769,0.000189,0.013660,-0.186933,1.361468,-0.571459,2.118842,-2.142410,-0.062734,-0.097526,0.013484,-0.202268,0.008466,-0.028566,0.013662,-0.101030
1777335848.975171,1.367354,-0.570763,2.118702,-2.129753,0.119351,0.000151,0.013214,-0.185113,1.359361,-0.574686,2.119290,-2.149282,-0.063188,-0.096764,0.013448,-0.206171,0.008790,-0.028542,0.013681,-0.101238
1777335849.008505,1.364676,-0.574997,2.119464,-2.136671,0.119389,0.000084,0.013465,-0.184047,1.357240,-0.577886,2.119738,-2.156214,-0.063641,-0.095998,0.013413,-0.207961,0.008640,-0.028750,0.013632,-0.101498
1777335849.041844,1.363663,-0.576567,2.119755,-2.143293,0.117829,0.000062,0.013368,-0.191191,1.355107,-0.581055,2.120183,-2.163196,-0.064092,-0.095229,0.013378,-0.209450,0.009185,-0.028615,0.013615,-0.101901
1777335849.075171,1.361062,-0.580565,2.119956,-2.150419,0.118485,0.000005,0.013029,-0.193215,1.352952,-0.584209,2.120628,-2.170265,-0.064545,-0.094453,0.013343,-0.212082,0.009291,-0.028701,0.013648,-0.102215
1777335849.108470,1.359670,-0.582676,2.120666,-2.157347,0.116822,-0.000018,0.013353,-0.195483,1.350783,-0.587335,2.121072,-2.177395,-0.064996,-0.093673,0.013308,-0.213882,0.009802,-0.028582,0.013623,-0.102620
1777335849.141838,1.357039,-0.586603,2.121050,-2.164333,0.117492,-0.000069,0.013244,-0.196800,1.348607,-0.590424,2.121514,-2.184561,-0.065446,-0.092892,0.013272,-0.214987,0.009891,-0.028683,0.013608,-0.103081
1777335849.175172,1.355547,-0.588801,2.121251,-2.171331,0.115628,-0.000087,0.012890,-0.197231,1.346397,-0.593511,2.121957,-2.191851,-0.065898,-0.092100,0.013237,-0.218702,0.010322,-0.028604,0.013642,-0.103579
1777335849.208472,1.352887,-0.592662,2.121977,-2.178295,0.116190,-0.000132,0.013205,-0.197866,1.344199,-0.596537,2.122395,-2.199121,-0.066344,-0.091313,0.013202,-0.218116,0.010357,-0.028738,0.013614,-0.104265
1777335849.241845,1.351457,-0.594710,2.122347,-2.185266,0.114384,-0.000145,0.013085,-0.198962,1.341975,-0.599551,2.122833,-2.206492,-0.066791,-0.090519,0.013166,-0.221105,0.010778,-0.028665,0.013598,-0.104961
1777335849.275162,1.348529,-0.598843,2.122566,-2.192424,0.114566,-0.000183,0.012669,-0.196798,1.339737,-0.602538,2.123270,-2.213926,-0.067238,-0.089720,0.013131,-0.223035,0.010669,-0.028882,0.013627,-0.105739
1777335849.308467,1.347302,-0.600549,2.123243,-2.199274,0.112835,-0.000191,0.013000,-0.200013,1.337479,-0.605504,2.123707,-2.221441,-0.067685,-0.088916,0.013095,-0.225450,0.011092,-0.028808,0.013602,-0.106723
1777335849.341825,1.344733,-0.604073,2.123603,-2.206375,0.113642,-0.000223,0.012931,-0.203437,1.335210,-0.608438,2.124142,-2.229010,-0.068130,-0.088110,0.013060,-0.227055,0.011211,-0.028906,0.013592,-0.107819
1777335849.375170,1.343098,-0.606289,2.123822,-2.213697,0.111831,-0.000229,0.012588,-0.203361,1.332917,-0.611357,2.124578,-2.236676,-0.068577,-0.087296,0.013024,-0.229988,0.011594,-0.028857,0.013624,-0.108908
1777335849.408473,1.340576,-0.609652,2.124496,-2.220769,0.112773,-0.000256,0.012953,-0.208090,1.330601,-0.614258,2.125013,-2.244434,-0.069024,-0.086476,0.012988,-0.232736,0.011725,-0.028954,0.013603,-0.110190
1777335849.441840,1.338872,-0.611897,2.124912,-2.228302,0.111053,-0.000258,0.012853,-0.208085,1.328305,-0.617090,2.125442,-2.252145,-0.069464,-0.085663,0.012953,-0.231345,0.012088,-0.028921,0.013584,-0.111463
1777335849.475169,1.335912,-0.615735,2.125125,-2.235780,0.111491,-0.000278,0.012487,-0.207183,1.325969,-0.619924,2.125873,-2.260005,-0.069908,-0.084839,0.012917,-0.235805,0.011983,-0.029161,0.013609,-0.112597
1777335849.508479,1.334502,-0.617539,2.125831,-2.243176,0.109772,-0.000275,0.012827,-0.209522,1.323622,-0.622728,2.126303,-2.267925,-0.070350,-0.084011,0.012882,-0.237584,0.012301,-0.029154,0.013573,-0.113904
1777335849.541837,1.332040,-0.620643,2.126156,-2.250562,0.110860,-0.000291,0.012804,-0.217545,1.321273,-0.625488,2.126729,-2.275866,-0.070789,-0.083185,0.012846,-0.238232,0.012437,-0.029259,0.013558,-0.115305
1777335849.575182,1.330392,-0.622694,2.126368,-2.258425,0.109649,-0.000284,0.012540,-0.220913,1.318879,-0.628256,2.127160,-2.283977,-0.071233,-0.082344,0.012810,-0.243330,0.012822,-0.029212,0.013585,-0.116545
1777335849.608467,1.327471,-0.626274,2.127095,-2.266252,0.110581,-0.000293,0.012906,-0.223026,1.316492,-0.630970,2.127585,-2.292081,-0.071673,-0.081507,0.012774,-0.243137,0.012812,-0.029412,0.013547,-0.117882
1777335849.641843,1.327471,-0.626274,2.127095,-2.266252,0.110581,-0.000293,0.012906,-0.223026,1.314103,-0.633643,2.128007,-2.300213,-0.072109,-0.080671,0.012739,-0.243947,0.013848,-0.028969,0.013596,-0.122646
1777335849.675143,1.325091,-0.629153,2.127646,-2.274461,0.108317,-0.000285,0.012763,-0.217624,1.311679,-0.636310,2.128432,-2.308481,-0.072548,-0.079824,0.012703,-0.248031,0.014613,-0.028699,0.013611,-0.126635
1777335849.708461,1.321513,-0.633393,2.128609,-2.290200,0.106472,-0.000282,0.012918,-0.221273,1.309256,-0.638931,2.128852,-2.316760,-0.072983,-0.078979,0.012667,-0.248373,0.014633,-0.028912,0.013513,-0.126744
1777335849.741851,1.318345,-0.637053,2.128892,-2.298834,0.107388,-0.000277,0.012689,-0.223806,1.306807,-0.641538,2.129274,-2.325150,-0.073420,-0.078126,0.012631,-0.251701,0.014240,-0.029392,0.013446,-0.126669
1777335849.775179,1.316928,-0.638670,2.129002,-2.307383,0.106258,-0.000254,0.012374,-0.232688,1.304335,-0.644124,2.129695,-2.333634,-0.073857,-0.077267,0.012595,-0.254534,0.014291,-0.029578,0.013445,-0.126630
1777335849.808470,1.313903,-0.642069,2.129696,-2.316293,0.107260,-0.000233,0.012714,-0.237294,1.301857,-0.646672,2.130114,-2.342155,-0.074292,-0.076408,0.012559,-0.255629,0.014016,-0.029985,0.013386,-0.126492
1777335849.841862,1.311891,-0.644295,2.130123,-2.325283,0.105245,-0.000196,0.012549,-0.235152,1.299333,-0.649224,2.130537,-2.350857,-0.074732,-0.075534,0.012522,-0.261060,0.013915,-0.030275,0.013326,-0.126200
1777335849.875154,1.309037,-0.647411,2.130277,-2.333729,0.106010,-0.000158,0.012231,-0.238689,1.296851,-0.651690,2.130949,-2.359427,-0.075161,-0.074677,0.012487,-0.257080,0.013619,-0.030707,0.013324,-0.126250
1777335849.908490,1.307439,-0.649131,2.130969,-2.342351,0.104590,-0.000120,0.012573,-0.242085,1.294351,-0.654131,2.131361,-2.368076,-0.075590,-0.073815,0.012451,-0.259494,0.013666,-0.030900,0.013261,-0.126156
1777335849.941948,1.304214,-0.652538,2.131366,-2.351081,0.105193,-0.000074,0.012462,-0.241597,1.291776,-0.656601,2.131782,-2.377004,-0.076029,-0.072928,0.012414,-0.267819,0.013350,-0.031351,0.013203,-0.126134
1777335849.975193,1.302945,-0.653870,2.131499,-2.359202,0.104255,-0.000035,0.012241,-0.251892,1.289235,-0.658996,2.132193,-2.385827,-0.076458,-0.072056,0.012378,-0.264683,0.013527,-0.031460,0.013205,-0.126768
1777335850.008508,1.299309,-0.657584,2.132300,-2.368285,0.104656,0.000014,0.012538,-0.247810,1.286693,-0.661349,2.132601,-2.394669,-0.076884,-0.071184,0.012342,-0.265285,0.013192,-0.031942,0.013125,-0.127109
1777335850.041835,1.299309,-0.657584,2.132300,-2.368285,0.104656,0.000014,0.012538,-0.247810,1.284125,-0.663684,2.133010,-2.403619,-0.077312,-0.070306,0.012306,-0.268501,0.013804,-0.031740,0.013131,-0.131416
1777335850.075166,1.296853,-0.660063,2.132815,-2.377059,0.101502,0.000062,0.012258,-0.238758,1.281538,-0.665994,2.133418,-2.412648,-0.077739,-0.069422,0.012270,-0.270861,0.014278,-0.031651,0.013112,-0.135231
1777335850.108495,1.294602,-0.662294,2.132859,-2.384906,0.102068,0.000101,0.011927,-0.247361,1.278933,-0.668278,2.133826,-2.421755,-0.078166,-0.068534,0.012233,-0.273199,0.014713,-0.031597,0.013167,-0.139050
1777335850.141836,1.293001,-0.663853,2.133514,-2.393775,0.100580,0.000132,0.012227,-0.250261,1.276313,-0.670533,2.134232,-2.430928,-0.078592,-0.067643,0.012197,-0.275196,0.015357,-0.031393,0.013165,-0.142437
1777335850.175190,1.289919,-0.666802,2.133866,-2.402838,0.101374,0.000177,0.012144,-0.253116,1.273660,-0.672775,2.134641,-2.440231,-0.079021,-0.066743,0.012160,-0.279088,0.015646,-0.031465,0.013172,-0.145386
1777335850.208475,1.288091,-0.668526,2.134061,-2.412305,0.099771,0.000219,0.011817,-0.254278,1.271014,-0.674967,2.135044,-2.449517,-0.079445,-0.065846,0.012124,-0.278586,0.016089,-0.031424,0.013219,-0.147899
1777335850.241817,1.284923,-0.671467,2.134754,-2.421931,0.100534,0.000276,0.012152,-0.257577,1.268364,-0.677123,2.135445,-2.458833,-0.079867,-0.064951,0.012088,-0.279479,0.016195,-0.031651,0.013202,-0.149823
1777335850.275261,1.283153,-0.673085,2.135119,-2.431902,0.099003,0.000324,0.012056,-0.260817,1.265666,-0.679274,2.135850,-2.468325,-0.080293,-0.064041,0.012051,-0.284762,0.016496,-0.031726,0.013190,-0.151153
1777335850.308519,1.280112,-0.675822,2.135283,-2.441907,0.099991,0.000395,0.011793,-0.268359,1.262983,-0.681373,2.136250,-2.477777,-0.080714,-0.063137,0.012014,-0.283551,0.016549,-0.032008,0.013225,-0.152190
1777335850.341843,1.278445,-0.677301,2.135943,-2.452166,0.099019,0.000448,0.012166,-0.277626,1.260294,-0.683436,2.136647,-2.487257,-0.081132,-0.062234,0.011978,-0.284401,0.016835,-0.032101,0.013202,-0.152649
1777335850.375171,1.275003,-0.680294,2.136342,-2.462842,0.099971,0.000541,0.012116,-0.280841,1.257549,-0.685500,2.137049,-2.496943,-0.081556,-0.061314,0.011941,-0.290579,0.016756,-0.032498,0.013177,-0.152515
1777335850.408542,1.273126,-0.681904,2.136542,-2.473363,0.098615,0.000610,0.011828,-0.283802,1.254837,-0.687498,2.137443,-2.506521,-0.081973,-0.060407,0.011905,-0.287337,0.016876,-0.032735,0.013193,-0.152222
1777335850.441861,1.269809,-0.684696,2.137245,-2.483874,0.099517,0.000717,0.012187,-0.287348,1.252098,-0.689476,2.137837,-2.516196,-0.082390,-0.059492,0.011868,-0.290271,0.016719,-0.033211,0.013141,-0.151461
1777335850.475190,1.268029,-0.686173,2.137604,-2.494341,0.098292,0.000791,0.012132,-0.291857,1.249336,-0.691429,2.138232,-2.525958,-0.082807,-0.058573,0.011832,-0.292862,0.016795,-0.033489,0.013096,-0.150574
1777335850.508456,1.264446,-0.689080,2.137818,-2.504990,0.099002,0.000918,0.011812,-0.291268,1.246550,-0.693359,2.138626,-2.535811,-0.083225,-0.057647,0.011795,-0.295569,0.016553,-0.034051,0.013089,-0.149535
1777335850.541825,1.262392,-0.690719,2.138578,-2.515497,0.096974,0.000997,0.012108,-0.287602,1.243778,-0.695239,2.139016,-2.545617,-0.083639,-0.056727,0.011758,-0.294194,0.016495,-0.034461,0.013004,-0.148483
1777335850.575162,1.259313,-0.693137,2.138888,-2.525428,0.097824,0.001122,0.012025,-0.292127,1.240963,-0.697108,2.139409,-2.555575,-0.084055,-0.055796,0.011721,-0.298724,0.016302,-0.034999,0.012939,-0.147540
1777335850.608523,1.257649,-0.694426,2.139046,-2.535487,0.096784,0.001197,0.011774,-0.298271,1.238145,-0.698939,2.139799,-2.565543,-0.084469,-0.054866,0.011684,-0.299040,0.016389,-0.035292,0.012923,-0.146895
1777335850.641860,1.254210,-0.697015,2.139734,-2.545664,0.097810,0.001327,0.012130,-0.300079,1.235326,-0.700730,2.140185,-2.575512,-0.084880,-0.053937,0.011648,-0.299093,0.016244,-0.035807,0.012845,-0.146327
1777335850.675216,1.252161,-0.698534,2.140121,-2.555714,0.096451,0.001409,0.012050,-0.298487,1.232472,-0.702503,2.140574,-2.585601,-0.085294,-0.053000,0.011611,-0.302660,0.016270,-0.036170,0.012769,-0.145878
1777335850.708456,1.248583,-0.701124,2.140315,-2.565566,0.097226,0.001543,0.011738,-0.296406,1.229628,-0.704231,2.140958,-2.595654,-0.085703,-0.052067,0.011574,-0.301584,0.016065,-0.036762,0.012735,-0.145786
1777335850.741820,1.246677,-0.702484,2.141007,-2.575316,0.095739,0.001616,0.012058,-0.294875,1.226738,-0.705947,2.141345,-2.605861,-0.086115,-0.051122,0.011537,-0.306205,0.016080,-0.037154,0.012638,-0.145882
1777335850.775201,1.243507,-0.704688,2.141322,-2.584780,0.096832,0.001732,0.012018,-0.299573,1.223866,-0.707612,2.141727,-2.615997,-0.086523,-0.050184,0.011500,-0.304105,0.015985,-0.037662,0.012559,-0.146516
1777335850.808498,1.241625,-0.705977,2.141501,-2.594508,0.095923,0.001801,0.011781,-0.302748,1.220964,-0.709256,2.142109,-2.626230,-0.086931,-0.049240,0.011463,-0.306976,0.016097,-0.037979,0.012524,-0.147244
1777335850.841838,1.237884,-0.708458,2.142201,-2.604400,0.096873,0.001916,0.012110,-0.300779,1.218042,-0.710872,2.142492,-2.636522,-0.087340,-0.048290,0.011426,-0.308771,0.015968,-0.038538,0.012424,-0.148174
1777335850.875161,1.235902,-0.709756,2.142555,-2.614079,0.095623,0.001977,0.012030,-0.299907,1.215110,-0.712453,2.142872,-2.646836,-0.087747,-0.047340,0.011388,-0.309421,0.016037,-0.038914,0.012334,-0.149363
1777335850.908461,1.232393,-0.711980,2.142730,-2.623797,0.096607,0.002075,0.011757,-0.300693,1.212193,-0.713989,2.143248,-2.657086,-0.088149,-0.046397,0.011352,-0.307487,0.015944,-0.039457,0.012289,-0.150724
1777335850.941799,1.226313,-0.715691,2.143601,-2.643581,0.097106,0.002175,0.011857,-0.301581,1.209252,-0.715499,2.143624,-2.667405,-0.088551,-0.045449,0.011314,-0.309569,0.015215,-0.040647,0.012143,-0.147588
1777335850.975150,1.224721,-0.716637,2.143817,-2.653517,0.095823,0.002214,0.011685,-0.306151,1.206279,-0.716985,2.144001,-2.677813,-0.088955,-0.044492,0.011277,-0.312250,0.014882,-0.041439,0.012038,-0.145267
1777335851.008475,1.221207,-0.718646,2.144496,-2.663643,0.096831,0.002268,0.012061,-0.308893,1.203299,-0.718437,2.144375,-2.688232,-0.089358,-0.043536,0.011240,-0.312549,0.014512,-0.042269,0.011875,-0.143621
1777335851.041827,1.219044,-0.719860,2.144887,-2.673632,0.095496,0.002298,0.011996,-0.306427,1.200321,-0.719850,2.144747,-2.698618,-0.089757,-0.042582,0.011203,-0.311579,0.014376,-0.042865,0.011717,-0.142538
1777335851.075172,1.215266,-0.721897,2.145084,-2.683241,0.096242,0.002334,0.011697,-0.303128,1.197302,-0.721244,2.145121,-2.709126,-0.090159,-0.041618,0.011166,-0.315246,0.014142,-0.043561,0.011604,-0.142052
1777335851.108501,1.213638,-0.722760,2.145651,-2.692295,0.095392,0.002346,0.012016,-0.309021,1.194279,-0.722601,2.145492,-2.719622,-0.090559,-0.040655,0.011128,-0.314889,0.014222,-0.043941,0.011456,-0.142523
1777335851.141839,1.209556,-0.724835,2.146045,-2.702074,0.096123,0.002353,0.011914,-0.303748,1.191241,-0.723927,2.145863,-2.730145,-0.090958,-0.039690,0.011091,-0.315691,0.014139,-0.044489,0.011311,-0.143338
1777335851.175197,1.207502,-0.725858,2.146222,-2.711310,0.094663,0.002345,0.011599,-0.299990,1.188191,-0.725219,2.146232,-2.740677,-0.091355,-0.038723,0.011053,-0.315955,0.014273,-0.044820,0.011214,-0.144731
1777335851.208484,1.206255,-0.726460,2.146324,-2.720729,0.091618,0.002313,0.011120,-0.293561,1.185104,-0.726489,2.146603,-2.751307,-0.091755,-0.037747,0.011016,-0.318910,0.014725,-0.044833,0.011176,-0.146507
1777335851.241788,1.203548,-0.727723,2.146821,-2.729647,0.092081,0.002297,0.011357,-0.298915,1.182075,-0.727699,2.146963,-2.761705,-0.092145,-0.036792,0.010979,-0.311928,0.015207,-0.044824,0.011114,-0.148955
1777335851.275167,1.198755,-0.729875,2.147162,-2.739532,0.093628,0.002248,0.011207,-0.294588,1.179003,-0.728888,2.147327,-2.772214,-0.092537,-0.035825,0.010941,-0.315281,0.015379,-0.045124,0.011058,-0.151104
1777335851.308495,1.196396,-0.730910,2.147818,-2.749103,0.092714,0.002212,0.011524,-0.293779,1.175902,-0.730051,2.147691,-2.782789,-0.092930,-0.034852,0.010904,-0.317233,0.015677,-0.045297,0.010943,-0.153512
1777335851.341829,1.192601,-0.732486,2.148141,-2.758903,0.093896,0.002132,0.011472,-0.296615,1.172789,-0.731181,2.148053,-2.793360,-0.093323,-0.033879,0.010866,-0.317152,0.015875,-0.045567,0.010842,-0.156013
1777335851.375193,1.190233,-0.733453,2.148336,-2.769226,0.092658,0.002079,0.011175,-0.295565,1.169644,-0.732285,2.148416,-2.804003,-0.093716,-0.032897,0.010829,-0.319287,0.016199,-0.045712,0.010781,-0.158283
1777335851.408511,1.189000,-0.733935,2.148426,-2.779610,0.090088,0.002031,0.010758,-0.294943,1.166529,-0.733342,2.148774,-2.814499,-0.094103,-0.031927,0.010791,-0.314859,0.016794,-0.045590,0.010778,-0.160426
1777335851.441885,1.189000,-0.733935,2.148426,-2.779610,0.090088,0.002031,0.010758,-0.294943,1.163376,-0.734375,2.149132,-2.825080,-0.094493,-0.030949,0.010754,-0.317451,0.017767,-0.045100,0.010847,-0.166833
1777335851.475183,1.184327,-0.735700,2.149175,-2.790543,0.090159,0.001898,0.010966,-0.287508,1.160209,-0.735375,2.149490,-2.835659,-0.094881,-0.029968,0.010716,-0.317370,0.018413,-0.044945,0.010829,-0.172170
1777335851.508496,1.180253,-0.737148,2.149360,-2.801063,0.090891,0.001767,0.010660,-0.286948,1.157040,-0.736339,2.149845,-2.846197,-0.095267,-0.028990,0.010678,-0.316140,0.018879,-0.044966,0.010846,-0.176684
1777335851.541849,1.178093,-0.737893,2.149956,-2.812092,0.089322,0.001687,0.010867,-0.287902,1.153853,-0.737272,2.150200,-2.856742,-0.095652,-0.028008,0.010641,-0.316327,0.019447,-0.044892,0.010810,-0.180209
1777335851.575160,1.174416,-0.739090,2.150226,-2.823466,0.090211,0.001551,0.010757,-0.295229,1.150657,-0.738172,2.150553,-2.867266,-0.096036,-0.027027,0.010603,-0.315732,0.019911,-0.044912,0.010791,-0.182788
1777335851.608458,1.172371,-0.739735,2.150368,-2.835479,0.089110,0.001479,0.010481,-0.303507,1.147440,-0.739041,2.150905,-2.877803,-0.096420,-0.026042,0.010565,-0.316096,0.020490,-0.044822,0.010815,-0.184249
1777335851.641874,1.168652,-0.740852,2.150909,-2.847749,0.090245,0.001345,0.010742,-0.314683,1.144215,-0.739875,2.151256,-2.888309,-0.096803,-0.025057,0.010527,-0.315178,0.020968,-0.044821,0.010796,-0.184691
1777335851.675205,1.166523,-0.741470,2.151203,-2.860358,0.089427,0.001280,0.010681,-0.325260,1.140967,-0.740680,2.151606,-2.898828,-0.097185,-0.024068,0.010490,-0.315590,0.021548,-0.044724,0.010787,-0.184077
1777335851.708520,1.162224,-0.742660,2.151389,-2.873392,0.090341,0.001150,0.010388,-0.327507,1.137714,-0.741449,2.151955,-2.909306,-0.097565,-0.023080,0.010452,-0.314320,0.021971,-0.044765,0.010810,-0.182438
1777335851.741837,1.160273,-0.743171,2.151926,-2.885817,0.089434,0.001092,0.010654,-0.337913,1.134454,-0.742185,2.152302,-2.919740,-0.097944,-0.022093,0.010414,-0.313022,0.022525,-0.044683,0.010791,-0.180152
1777335851.775178,1.156172,-0.744197,2.152243,-2.898750,0.090464,0.000975,0.010573,-0.342041,1.131173,-0.742889,2.152648,-2.930179,-0.098323,-0.021102,0.010376,-0.313168,0.022958,-0.044697,0.010776,-0.177085
1777335851.808485,1.154053,-0.744703,2.152390,-2.911224,0.089513,0.000927,0.010325,-0.348229,1.127892,-0.743557,2.152991,-2.940550,-0.098699,-0.020114,0.010338,-0.311143,0.023502,-0.044611,0.010800,-0.173633
1777335851.841918,1.150050,-0.745603,2.152958,-2.923639,0.090644,0.000822,0.010593,-0.352280,1.124591,-0.744195,2.153335,-2.950919,-0.099074,-0.019123,0.010300,-0.311058,0.023946,-0.044595,0.010774,-0.169803
1777335851.875282,1.147842,-0.746078,2.153255,-2.935731,0.089733,0.000781,0.010524,-0.355609,1.121267,-0.744801,2.153678,-2.961286,-0.099450,-0.018128,0.010262,-0.311025,0.024490,-0.044494,0.010756,-0.165877
1777335851.908504,1.143807,-0.746888,2.153412,-2.947539,0.090910,0.000688,0.010285,-0.357335,1.117926,-0.745374,2.154020,-2.971635,-0.099826,-0.017131,0.010224,-0.310462,0.024938,-0.044456,0.010775,-0.162017
1777335851.941842,1.141482,-0.747335,2.153989,-2.959058,0.089915,0.000652,0.010545,-0.356272,1.114595,-0.745910,2.154358,-2.981881,-0.100197,-0.016140,0.010186,-0.307389,0.025476,-0.044348,0.010741,-0.158334
1777335851.975193,1.137322,-0.748072,2.154294,-2.970177,0.090994,0.000563,0.010462,-0.353652,1.111224,-0.746418,2.154699,-2.992175,-0.100571,-0.015140,0.010148,-0.308824,0.025913,-0.044301,0.010714,-0.154868
1777335852.008482,1.135143,-0.748438,2.154439,-2.980831,0.090041,0.000532,0.010213,-0.352349,1.107882,-0.746886,2.155033,-3.002300,-0.100939,-0.014152,0.010110,-0.303757,0.026455,-0.044179,0.010725,-0.151970
1777335852.041859,1.131018,-0.749073,2.155008,-2.991286,0.091186,0.000443,0.010481,-0.349190,1.104477,-0.747329,2.155372,-3.012542,-0.101311,-0.013147,0.010072,-0.307232,0.026902,-0.044105,0.010685,-0.149367
1777335852.075183,1.128645,-0.749419,2.155318,-3.001472,0.090087,0.000410,0.010389,-0.343760,1.101107,-0.747731,2.155704,-3.022597,-0.101677,-0.012157,0.010034,-0.301662,0.027437,-0.043979,0.010651,-0.147463
1777335852.108536,1.124340,-0.749983,2.155478,-3.011368,0.091058,0.000317,0.010105,-0.336907,1.097710,-0.748103,2.156037,-3.032651,-0.102044,-0.011161,0.009995,-0.301632,0.027867,-0.043901,0.010651,-0.145909
1777335852.141883,1.122031,-0.750267,2.156059,-3.020993,0.089754,0.000279,0.010342,-0.330113,1.094306,-0.748441,2.156368,-3.042645,-0.102409,-0.010166,0.009957,-0.299799,0.028390,-0.043772,0.010598,-0.144947
1777335852.175187,1.118101,-0.750688,2.156328,-3.030266,0.090916,0.000178,0.010271,-0.327717,1.090863,-0.748748,2.156700,-3.052668,-0.102775,-0.009163,0.009919,-0.300712,0.028849,-0.043663,0.010558,-0.144558
1777335852.208493,1.115747,-0.750926,2.156483,-3.039713,0.089877,0.000138,0.010007,-0.322841,1.087440,-0.749019,2.157028,-3.062549,-0.103137,-0.008169,0.009881,-0.296415,0.029395,-0.043518,0.010554,-0.144670
1777335852.241843,1.111355,-0.751305,2.157066,-3.049070,0.090893,0.000020,0.010251,-0.316278,1.083991,-0.749258,2.157356,-3.072419,-0.103500,-0.007171,0.009843,-0.296106,0.029835,-0.043406,0.010496,-0.145006
1777335852.275199,1.109298,-0.751463,2.157330,-3.058101,0.090007,-0.000023,0.010183,-0.315392,1.080488,-0.749466,2.157687,-3.082354,-0.103865,-0.006160,0.009804,-0.298036,0.030388,-0.043254,0.010451,-0.145797
1777335852.308467,1.104902,-0.751746,2.157493,-3.067557,0.091136,-0.000150,0.009920,-0.310595,1.077030,-0.749637,2.158011,-3.092072,-0.104224,-0.005165,0.009766,-0.291546,0.030844,-0.043130,0.010442,-0.146869
1777335852.341803,1.102590,-0.751876,2.158051,-3.076863,0.090082,-0.000201,0.010169,-0.307302,1.073570,-0.749775,2.158333,-3.101707,-0.104580,-0.004173,0.009728,-0.289070,0.031387,-0.042983,0.010382,-0.147873
1777335852.375177,1.098415,-0.752051,2.158334,-3.086231,0.091337,-0.000337,0.010101,-0.305966,1.070075,-0.749881,2.158656,-3.111350,-0.104938,-0.003175,0.009689,-0.289277,0.031846,-0.042841,0.010331,-0.148874
1777335852.408452,1.096090,-0.752132,2.158480,-3.095774,0.090456,-0.000389,0.009860,-0.305147,1.066558,-0.749953,2.158978,-3.120960,-0.105295,-0.002173,0.009651,-0.288299,0.032393,-0.042686,0.010318,-0.149876
1777335852.441834,1.090470,-0.752261,2.159178,-3.115101,0.090496,-0.000547,0.009971,-0.307944,1.063036,-0.749992,2.159298,-3.130492,-0.105650,-0.001173,0.009612,-0.285966,0.032752,-0.042540,0.010226,-0.146409
1777335852.475249,1.085521,-0.752255,2.159391,-3.125155,0.092465,-0.000737,0.009814,-0.307495,1.059480,-0.749998,2.159619,-3.140023,-0.106007,-0.000166,0.009573,-0.285922,0.033007,-0.042357,0.010159,-0.143289
1777335852.508475,1.082846,-0.752236,2.159986,-3.135104,0.091740,-0.000798,0.010108,-0.305965,1.055945,-0.749970,2.159936,-3.149403,-0.106359,0.000831,0.009535,-0.281405,0.033367,-0.042157,0.010038,-0.140588
1777335852.541831,1.078334,-0.752144,2.160289,-3.144694,0.093196,-0.000951,0.010053,-0.304264,1.052402,-0.749910,2.160252,-3.158711,-0.106710,0.001827,0.009497,-0.279225,0.033661,-0.041921,0.009925,-0.138200
1777335852.575150,1.075897,-0.752076,2.160440,-3.154004,0.092370,-0.001001,0.009817,-0.302560,1.048807,-0.749815,2.160569,-3.168055,-0.107063,0.002834,0.009458,-0.280343,0.034070,-0.041682,0.009851,-0.136246
1777335852.608470,1.071689,-0.751904,2.160953,-3.162995,0.093916,-0.001148,0.010081,-0.303094,1.045237,-0.749687,2.160882,-3.177243,-0.107412,0.003831,0.009419,-0.275634,0.034434,-0.041413,0.009739,-0.134930
1777335852.641822,1.069030,-0.751782,2.161257,-3.172093,0.093051,-0.001199,0.010001,-0.298850,1.041665,-0.749527,2.161193,-3.186336,-0.107758,0.004825,0.009381,-0.272789,0.034885,-0.041153,0.009633,-0.133844
1777335852.675170,1.064623,-0.751518,2.161399,-3.180803,0.094504,-0.001347,0.009769,-0.296152,1.038035,-0.749332,2.161507,-3.195481,-0.108108,0.005831,0.009342,-0.274359,0.035262,-0.040854,0.009567,-0.133142
1777335852.708492,1.062154,-0.751354,2.161915,-3.189503,0.093676,-0.001396,0.009990,-0.293267,1.034420,-0.749104,2.161817,-3.204492,-0.108454,0.006831,0.009303,-0.270310,0.035746,-0.040585,0.009462,-0.132930
1777335852.741875,1.057695,-0.751003,2.162187,-3.198123,0.095136,-0.001547,0.009913,-0.290494,1.030788,-0.748843,2.162126,-3.213444,-0.108799,0.007831,0.009265,-0.268556,0.036147,-0.040275,0.009368,-0.132922
1777335852.775189,1.055232,-0.750792,2.162325,-3.206692,0.094325,-0.001593,0.009669,-0.287990,1.027171,-0.748550,2.162432,-3.222262,-0.109141,0.008823,0.009226,-0.264560,0.036649,-0.040003,0.009314,-0.133150
1777335852.808518,1.050620,-0.750345,2.162836,-3.215321,0.095732,-0.001747,0.009873,-0.284242,1.023524,-0.748223,2.162738,-3.231056,-0.109483,0.009821,0.009187,-0.263804,0.037050,-0.039679,0.009219,-0.133411
1777335852.841855,1.048513,-0.750122,2.163061,-3.223616,0.095222,-0.001792,0.009819,-0.287832,1.019869,-0.747863,2.163043,-3.239770,-0.109824,0.010817,0.009149,-0.261426,0.037582,-0.039418,0.009145,-0.133939
1777335852.875180,1.043671,-0.749567,2.163223,-3.232575,0.096698,-0.001948,0.009569,-0.283871,1.016196,-0.747469,2.163346,-3.248427,-0.110164,0.011814,0.009110,-0.259718,0.037987,-0.039090,0.009102,-0.134296
1777335852.908489,1.041281,-0.749274,2.163697,-3.241142,0.095953,-0.001991,0.009770,-0.283346,1.012519,-0.747043,2.163648,-3.256997,-0.110502,0.012809,0.009071,-0.257107,0.038501,-0.038824,0.009025,-0.134677
1777335852.941845,1.036912,-0.748690,2.163942,-3.249835,0.097626,-0.002141,0.009710,-0.284491,1.008824,-0.746582,2.163949,-3.265508,-0.110840,0.013805,0.009032,-0.255317,0.038930,-0.038508,0.008962,-0.134948
1777335852.975218,1.034440,-0.748344,2.164072,-3.258637,0.097119,-0.002184,0.009501,-0.286022,1.005105,-0.746087,2.164250,-3.273974,-0.111177,0.014804,0.008993,-0.253992,0.039456,-0.038258,0.008936,-0.135074
1777335853.008523,1.029681,-0.747628,2.164561,-3.267650,0.098766,-0.002333,0.009700,-0.284289,1.001399,-0.745562,2.164548,-3.282313,-0.111511,0.015796,0.008955,-0.250161,0.039862,-0.037933,0.008871,-0.134972
1777335853.041853,1.026807,-0.747177,2.164839,-3.276721,0.097649,-0.002362,0.009558,-0.279349,0.997677,-0.745004,2.164845,-3.290588,-0.111844,0.016789,0.008916,-0.248238,0.040335,-0.037658,0.008811,-0.134508
1777335853.075161,1.022040,-0.746374,2.164966,-3.285632,0.098964,-0.002494,0.009272,-0.275774,0.993930,-0.744410,2.165141,-3.298818,-0.112177,0.017784,0.008877,-0.246901,0.040693,-0.037301,0.008788,-0.133838
1777335853.108496,1.019581,-0.745941,2.165434,-3.294542,0.097816,-0.002511,0.009425,-0.273815,0.990179,-0.743784,2.165436,-3.306960,-0.112509,0.018777,0.008838,-0.244280,0.041172,-0.037034,0.008729,-0.132993
1777335853.141831,1.015287,-0.745142,2.165650,-3.303309,0.099426,-0.002633,0.009343,-0.276356,0.986419,-0.743125,2.165729,-3.315022,-0.112839,0.019768,0.008799,-0.241854,0.041577,-0.036713,0.008688,-0.131986
1777335853.175185,1.012930,-0.744689,2.165761,-3.312156,0.098912,-0.002653,0.009138,-0.280116,0.982612,-0.742426,2.166024,-3.323085,-0.113171,0.020768,0.008759,-0.241887,0.042107,-0.036491,0.008684,-0.130777
1777335853.208477,1.008076,-0.743711,2.166234,-3.321212,0.100615,-0.002769,0.009324,-0.278664,0.978837,-0.741703,2.166314,-3.330980,-0.113497,0.021756,0.008720,-0.236844,0.042504,-0.036169,0.008642,-0.129385
1777335853.241864,1.005556,-0.743187,2.166467,-3.329907,0.099971,-0.002778,0.009239,-0.279034,0.975063,-0.740949,2.166601,-3.338778,-0.113822,0.022740,0.008682,-0.233957,0.043013,-0.035941,0.008612,-0.127766
1777335853.275191,1.000698,-0.742130,2.166600,-3.338697,0.101650,-0.002875,0.009003,-0.276771,0.971267,-0.740160,2.166889,-3.346523,-0.114146,0.023725,0.008643,-0.232353,0.043381,-0.035601,0.008612,-0.125939
1777335853.308543,0.997683,-0.741454,2.167103,-3.347473,0.100279,-0.002861,0.009127,-0.270031,0.967430,-0.739331,2.167177,-3.354254,-0.114472,0.024718,0.008603,-0.231923,0.043823,-0.035325,0.008567,-0.123957
1777335853.341831,0.993285,-0.740426,2.167304,-3.355645,0.101897,-0.002938,0.009027,-0.270043,0.963624,-0.738479,2.167461,-3.361827,-0.114793,0.025698,0.008564,-0.227177,0.044188,-0.034987,0.008539,-0.122152
1777335853.375189,0.990776,-0.739823,2.167414,-3.363983,0.101128,-0.002926,0.008790,-0.269322,0.959753,-0.737582,2.167748,-3.369430,-0.115117,0.026691,0.008525,-0.228105,0.044680,-0.034763,0.008547,-0.120217
1777335853.408524,0.986205,-0.738685,2.167845,-3.372101,0.102973,-0.002999,0.008986,-0.269415,0.955923,-0.736664,2.168029,-3.376857,-0.115435,0.027670,0.008486,-0.222789,0.045069,-0.034455,0.008522,-0.118468
1777335853.441872,0.983386,-0.737966,2.168096,-3.380250,0.102195,-0.002980,0.008890,-0.265929,0.952075,-0.735711,2.168310,-3.384225,-0.115753,0.028650,0.008447,-0.221037,0.045552,-0.034237,0.008502,-0.116584
1777335853.475226,0.978667,-0.736721,2.168212,-3.388043,0.104029,-0.003037,0.008678,-0.264001,0.948188,-0.734719,2.168592,-3.391571,-0.116072,0.029635,0.008407,-0.220391,0.045909,-0.033910,0.008515,-0.114837
1777335853.508502,0.975975,-0.735994,2.168661,-3.395793,0.103305,-0.003011,0.008858,-0.261167,0.944295,-0.733695,2.168872,-3.398833,-0.116389,0.030618,0.008368,-0.217854,0.046389,-0.033704,0.008489,-0.113249
1777335853.541837,0.971180,-0.734658,2.168894,-3.403360,0.105166,-0.003057,0.008788,-0.258647,0.940439,-0.732651,2.169147,-3.405933,-0.116701,0.031588,0.008329,-0.213005,0.046735,-0.033384,0.008473,-0.111780
1777335853.575227,0.968392,-0.733864,2.169021,-3.410874,0.104346,-0.003022,0.008549,-0.254537,0.936515,-0.731559,2.169425,-3.413065,-0.117016,0.032571,0.008290,-0.213954,0.047192,-0.033173,0.008485,-0.110287
1777335853.608497,0.963466,-0.732418,2.169473,-3.418195,0.106120,-0.003057,0.008737,-0.250570,0.932599,-0.730439,2.169700,-3.420089,-0.117329,0.033547,0.008250,-0.210724,0.047504,-0.032835,0.008458,-0.109058
1777335853.641866,0.960757,-0.731607,2.169708,-3.425421,0.105204,-0.003015,0.008635,-0.246495,0.928687,-0.729291,2.169973,-3.427012,-0.117639,0.034519,0.008211,-0.207687,0.047953,-0.032635,0.008438,-0.107911
1777335853.675204,0.956038,-0.730154,2.169816,-3.432455,0.107086,-0.003044,0.008431,-0.244449,0.924747,-0.728105,2.170246,-3.433895,-0.117949,0.035494,0.008171,-0.206505,0.048274,-0.032323,0.008450,-0.106876
1777335853.708487,0.953154,-0.729248,2.170280,-3.439599,0.106154,-0.002999,0.008601,-0.239735,0.920832,-0.726898,2.170515,-3.440643,-0.118255,0.036458,0.008132,-0.202424,0.048716,-0.032135,0.008420,-0.105925
1777335853.741841,0.948451,-0.727734,2.170495,-3.446420,0.108092,-0.003022,0.008539,-0.238144,0.916889,-0.725654,2.170785,-3.447349,-0.118562,0.037425,0.008093,-0.201193,0.049030,-0.031832,0.008400,-0.105034
1777335853.775156,0.945076,-0.726622,2.170651,-3.453608,0.106542,-0.002958,0.008218,-0.229923,0.912907,-0.724367,2.171054,-3.454033,-0.118869,0.038397,0.008053,-0.200519,0.049407,-0.031596,0.008402,-0.104090
1777335853.808553,0.940216,-0.724988,2.171093,-3.460266,0.108114,-0.002963,0.008393,-0.225862,0.908940,-0.723057,2.171321,-3.460600,-0.119173,0.039361,0.008014,-0.197019,0.049658,-0.031246,0.008366,-0.103344
1777335853.841831,0.940216,-0.724988,2.171093,-3.460266,0.108114,-0.002963,0.008393,-0.225862,0.904966,-0.721716,2.171586,-3.467094,-0.119475,0.040323,0.007975,-0.194798,0.050408,-0.031404,0.008384,-0.105630
1777335853.875198,0.931588,-0.721992,2.171458,-3.473790,0.109548,-0.002967,0.008062,-0.221789,0.900936,-0.720327,2.171853,-3.473588,-0.119779,0.041295,0.007935,-0.194843,0.050477,-0.030913,0.008377,-0.104351
1777335853.908517,0.931588,-0.721992,2.171458,-3.473790,0.109548,-0.002967,0.008062,-0.221789,0.896940,-0.718921,2.172116,-3.479942,-0.120079,0.042254,0.007895,-0.190608,0.051100,-0.030981,0.008423,-0.106247
1777335853.941804,0.928898,-0.721032,2.171865,-3.480534,0.107786,-0.002896,0.008130,-0.216126,0.892963,-0.717493,2.172376,-3.486181,-0.120376,0.043204,0.007856,-0.187172,0.051834,-0.031173,0.008434,-0.107562
1777335853.975173,0.924178,-0.719299,2.172107,-3.487257,0.108824,-0.002888,0.008028,-0.212014,0.888898,-0.716006,2.172639,-3.492470,-0.120676,0.044170,0.007816,-0.188675,0.052385,-0.031196,0.008445,-0.108356
1777335854.008490,0.916791,-0.716517,2.172715,-3.500722,0.110795,-0.002897,0.008191,-0.214455,0.884892,-0.714511,2.172896,-3.498585,-0.120971,0.045119,0.007777,-0.183436,0.052432,-0.030723,0.008381,-0.105841
1777335854.041804,0.916791,-0.716517,2.172715,-3.500722,0.110795,-0.002897,0.008191,-0.214455,0.880863,-0.712981,2.173153,-3.504651,-0.121265,0.046068,0.007737,-0.182001,0.053056,-0.030829,0.008371,-0.106330
1777335854.075146,0.913829,-0.715386,2.172952,-3.507958,0.110037,-0.002835,0.008108,-0.213637,0.876801,-0.711409,2.173411,-3.510685,-0.121559,0.047021,0.007698,-0.180998,0.053764,-0.031029,0.008363,-0.106179
1777335854.108479,0.907487,-0.712868,2.173553,-3.521936,0.110103,-0.002781,0.008201,-0.214701,0.872736,-0.709809,2.173666,-3.516640,-0.121852,0.047971,0.007658,-0.178662,0.054068,-0.030823,0.008281,-0.102442
1777335854.141816,0.901909,-0.710604,2.173729,-3.528983,0.112780,-0.002771,0.008084,-0.214292,0.868678,-0.708184,2.173919,-3.522504,-0.122141,0.048914,0.007618,-0.175907,0.054136,-0.030377,0.008219,-0.098740
1777335854.175164,0.899220,-0.709500,2.173805,-3.535769,0.112507,-0.002709,0.007883,-0.216641,0.864585,-0.706517,2.174173,-3.528338,-0.122432,0.049861,0.007578,-0.175033,0.054430,-0.030146,0.008194,-0.095144
1777335854.208458,0.893756,-0.707197,2.174246,-3.542523,0.114849,-0.002685,0.008086,-0.214315,0.860514,-0.704832,2.174423,-3.534061,-0.122719,0.050799,0.007539,-0.171690,0.054500,-0.029689,0.008129,-0.091706
1777335854.241908,0.890935,-0.705998,2.174464,-3.548738,0.114304,-0.002612,0.008023,-0.212476,0.856406,-0.703104,2.174673,-3.539755,-0.123006,0.051740,0.007499,-0.170832,0.054782,-0.029434,0.008073,-0.088525
1777335854.275130,0.886009,-0.703863,2.174568,-3.554621,0.116764,-0.002582,0.007871,-0.211771,0.852295,-0.701347,2.174922,-3.545378,-0.123292,0.052678,0.007459,-0.168672,0.054920,-0.029040,0.008047,-0.085783
1777335854.308471,0.882719,-0.702416,2.175025,-3.560492,0.116034,-0.002500,0.008053,-0.206276,0.848172,-0.699559,2.175169,-3.550938,-0.123576,0.053614,0.007420,-0.166797,0.055196,-0.028778,0.007977,-0.083345
1777335854.341811,0.877726,-0.700193,2.175232,-3.565802,0.118414,-0.002456,0.008016,-0.203479,0.844034,-0.697736,2.175416,-3.556441,-0.123859,0.054549,0.007380,-0.165100,0.055317,-0.028372,0.007918,-0.081399
1777335854.375124,0.874694,-0.698827,2.175353,-3.571117,0.117786,-0.002376,0.007816,-0.198802,0.839901,-0.695889,2.175660,-3.561862,-0.124140,0.055478,0.007340,-0.162618,0.055627,-0.028154,0.007885,-0.079845
1777335854.408568,0.869561,-0.696478,2.175764,-3.576138,0.120179,-0.002329,0.008027,-0.195159,0.835754,-0.694009,2.175904,-3.567227,-0.124420,0.056406,0.007300,-0.160957,0.055750,-0.027763,0.007818,-0.078692
1777335854.441837,0.866645,-0.695131,2.175985,-3.581082,0.119667,-0.002254,0.007976,-0.191255,0.831608,-0.692103,2.176145,-3.572516,-0.124698,0.057329,0.007260,-0.158678,0.056085,-0.027585,0.007756,-0.077908
1777335854.475173,0.861084,-0.692515,2.176112,-3.585993,0.121938,-0.002200,0.007783,-0.185839,0.827449,-0.690165,2.176385,-3.577748,-0.124975,0.058250,0.007220,-0.156953,0.056153,-0.027160,0.007720,-0.077390
1777335854.508484,0.857971,-0.691038,2.176548,-3.590799,0.120854,-0.002116,0.007940,-0.180023,0.823243,-0.688178,2.176626,-3.582966,-0.125253,0.059177,0.007180,-0.156547,0.056416,-0.026932,0.007643,-0.077128
1777335854.541826,0.853129,-0.688709,2.176734,-3.595374,0.123225,-0.002074,0.007902,-0.178283,0.819084,-0.686186,2.176863,-3.588055,-0.125526,0.060089,0.007141,-0.152672,0.056556,-0.026597,0.007579,-0.077217
1777335854.575168,0.850523,-0.687447,2.176827,-3.600043,0.123037,-0.002015,0.007757,-0.178449,0.814885,-0.684150,2.177100,-3.593121,-0.125799,0.061005,0.007101,-0.151986,0.056965,-0.026533,0.007546,-0.077387
1777335854.608472,0.844607,-0.684519,2.177266,-3.605032,0.125417,-0.001968,0.007937,-0.173703,0.810690,-0.682090,2.177335,-3.598112,-0.126070,0.061916,0.007061,-0.149715,0.057029,-0.026149,0.007471,-0.077561
1777335854.641816,0.841443,-0.682943,2.177488,-3.609840,0.124340,-0.001890,0.007831,-0.169144,0.806470,-0.679991,2.177570,-3.603063,-0.126341,0.062827,0.007021,-0.148546,0.057290,-0.025964,0.007401,-0.077728
1777335854.675227,0.835915,-0.680149,2.177594,-3.614681,0.126401,-0.001838,0.007612,-0.165427,0.802229,-0.677857,2.177803,-3.607970,-0.126611,0.063738,0.006980,-0.147194,0.057301,-0.025548,0.007360,-0.077882
1777335854.708478,0.832814,-0.678566,2.178012,-3.619634,0.124927,-0.001759,0.007733,-0.161336,0.798021,-0.675713,2.178034,-3.612771,-0.126877,0.064637,0.006941,-0.144029,0.057546,-0.025363,0.007280,-0.077940
1777335854.741835,0.827521,-0.675830,2.178203,-3.624529,0.126935,-0.001707,0.007640,-0.159224,0.793782,-0.673527,2.178264,-3.617540,-0.127143,0.065539,0.006901,-0.143077,0.057580,-0.024984,0.007212,-0.077832
1777335854.775174,0.824965,-0.674500,2.178284,-3.629431,0.126151,-0.001643,0.007450,-0.159870,0.789529,-0.671310,2.178493,-3.622258,-0.127408,0.066438,0.006860,-0.141536,0.057948,-0.024930,0.007176,-0.077635
1777335854.808490,0.819789,-0.671766,2.178651,-3.634477,0.128646,-0.001600,0.007632,-0.160578,0.785273,-0.669066,2.178720,-3.626913,-0.127671,0.067333,0.006820,-0.139657,0.058108,-0.024686,0.007112,-0.077253
1777335854.841853,0.819789,-0.671766,2.178651,-3.634477,0.128646,-0.001600,0.007632,-0.160578,0.780982,-0.666777,2.178947,-3.631542,-0.127935,0.068231,0.006780,-0.138868,0.059056,-0.025205,0.007095,-0.078955
1777335854.875177,0.815671,-0.669575,2.178926,-3.639754,0.128008,-0.001519,0.007556,-0.156932,0.776716,-0.664477,2.179172,-3.636080,-0.128195,0.069118,0.006740,-0.136132,0.059904,-0.025646,0.007067,-0.080044
1777335854.908479,0.810173,-0.666600,2.179015,-3.644798,0.129572,-0.001452,0.007295,-0.153881,0.772460,-0.662158,2.179394,-3.640544,-0.128452,0.069999,0.006700,-0.133913,0.060394,-0.025761,0.007066,-0.080606
1777335854.941837,0.807575,-0.665186,2.179371,-3.649805,0.128173,-0.001380,0.007410,-0.153178,0.768181,-0.659801,2.179615,-3.644970,-0.128709,0.070879,0.006660,-0.132789,0.061141,-0.026122,0.007036,-0.080718
1777335854.975182,0.802625,-0.662456,2.179537,-3.654944,0.130510,-0.001327,0.007359,-0.155387,0.763873,-0.657404,2.179836,-3.649363,-0.128965,0.071761,0.006620,-0.131799,0.061647,-0.026263,0.007015,-0.080409
1777335855.008494,0.794241,-0.657736,2.180041,-3.665624,0.133979,-0.001266,0.007518,-0.160120,0.759554,-0.654976,2.180056,-3.653707,-0.129221,0.072640,0.006580,-0.130303,0.061263,-0.025580,0.006935,-0.077237
1777335855.041923,0.791164,-0.655987,2.180216,-3.671180,0.133303,-0.001187,0.007425,-0.161052,0.755208,-0.652509,2.180276,-3.658016,-0.129476,0.073519,0.006539,-0.129288,0.061205,-0.025187,0.006867,-0.073932
1777335855.075157,0.784935,-0.652377,2.180324,-3.676716,0.135559,-0.001118,0.007196,-0.158386,0.750887,-0.650031,2.180492,-3.662241,-0.129727,0.074389,0.006499,-0.126746,0.060779,-0.024446,0.006824,-0.070532
1777335855.108578,0.782148,-0.650752,2.180680,-3.681758,0.134459,-0.001044,0.007329,-0.157849,0.746573,-0.647533,2.180706,-3.666400,-0.129976,0.075252,0.006459,-0.124774,0.060755,-0.024062,0.006752,-0.067198
1777335855.141834,0.776599,-0.647473,2.180868,-3.686628,0.136838,-0.000974,0.007263,-0.156338,0.742254,-0.645009,2.180919,-3.670507,-0.130224,0.076111,0.006419,-0.123193,0.060484,-0.023448,0.006688,-0.063993
1777335855.175180,0.773564,-0.645666,2.180963,-3.691189,0.135841,-0.000898,0.007061,-0.153987,0.737880,-0.642428,2.181133,-3.674608,-0.130473,0.076976,0.006378,-0.123026,0.060543,-0.023126,0.006649,-0.061034
1777335855.208475,0.768516,-0.642639,2.181289,-3.695321,0.138578,-0.000826,0.007239,-0.153881,0.733527,-0.639836,2.181344,-3.678631,-0.130719,0.077831,0.006338,-0.120717,0.060461,-0.022677,0.006588,-0.058524
1777335855.241838,0.765235,-0.640654,2.181488,-3.699424,0.138024,-0.000749,0.007180,-0.150830,0.729166,-0.637216,2.181554,-3.682606,-0.130963,0.078683,0.006298,-0.119234,0.060637,-0.022459,0.006530,-0.056308
1777335855.275127,0.759544,-0.637183,2.181589,-3.703185,0.140751,-0.000658,0.007025,-0.147227,0.724790,-0.634563,2.181763,-3.686539,-0.131206,0.079534,0.006257,-0.118004,0.060505,-0.021970,0.006496,-0.054499
1777335855.308440,0.756726,-0.635460,2.181913,-3.706645,0.140425,-0.000586,0.007183,-0.145198,0.720431,-0.631898,2.181969,-3.690403,-0.131446,0.080375,0.006217,-0.115896,0.060750,-0.021824,0.006437,-0.053161
1777335855.341825,0.751378,-0.632151,2.182090,-3.710018,0.143483,-0.000502,0.007176,-0.143051,0.716048,-0.629195,2.182174,-3.694233,-0.131686,0.081217,0.006177,-0.114902,0.060742,-0.021463,0.006386,-0.052200
1777335855.375224,0.748076,-0.630098,2.182195,-3.713318,0.143322,-0.000426,0.007035,-0.139698,0.711630,-0.626447,2.182380,-3.698040,-0.131926,0.082059,0.006136,-0.114221,0.060984,-0.021333,0.006356,-0.051609
1777335855.408520,0.742370,-0.626516,2.182532,-3.716490,0.146374,-0.000337,0.007205,-0.136233,0.707235,-0.623690,2.182583,-3.701775,-0.132163,0.082893,0.006096,-0.112036,0.060902,-0.020930,0.006297,-0.051381
1777335855.441875,0.738856,-0.624297,2.182728,-3.719662,0.145786,-0.000259,0.007137,-0.131833,0.702827,-0.620903,2.182784,-3.705468,-0.132398,0.083723,0.006056,-0.110798,0.061041,-0.020732,0.006242,-0.051374
1777335855.475168,0.732532,-0.620265,2.182838,-3.722805,0.148216,-0.000161,0.006941,-0.126631,0.698394,-0.618077,2.182985,-3.709130,-0.132633,0.084553,0.006015,-0.109866,0.060725,-0.020147,0.006206,-0.051569
1777335855.508585,0.729397,-0.618260,2.183178,-3.725864,0.146860,-0.000091,0.007042,-0.122508,0.693969,-0.615233,2.183184,-3.712735,-0.132866,0.085377,0.005975,-0.108137,0.060775,-0.019893,0.006141,-0.051958
1777335855.541829,0.723797,-0.614639,2.183342,-3.728950,0.149278,-0.000011,0.006972,-0.119584,0.689526,-0.612356,2.183382,-3.716303,-0.133097,0.086198,0.005934,-0.107041,0.060554,-0.019414,0.006085,-0.052441
1777335855.575160,0.720777,-0.612678,2.183424,-3.732103,0.148295,0.000049,0.006788,-0.117380,0.685062,-0.609443,2.183580,-3.719838,-0.133328,0.087018,0.005893,-0.106069,0.060718,-0.019279,0.006054,-0.052970
1777335855.608492,0.715415,-0.609162,2.183729,-3.735273,0.151078,0.000119,0.006938,-0.116722,0.680602,-0.606510,2.183775,-3.723321,-0.133557,0.087832,0.005853,-0.104469,0.060654,-0.018957,0.006000,-0.053513
1777335855.641848,0.712160,-0.607017,2.183903,-3.738606,0.150471,0.000177,0.006877,-0.115562,0.676165,-0.603570,2.183968,-3.726737,-0.133783,0.088637,0.005813,-0.102488,0.060899,-0.018913,0.005951,-0.053947
1777335855.675192,0.706444,-0.603220,2.183992,-3.741964,0.153348,0.000252,0.006740,-0.114870,0.671682,-0.600577,2.184161,-3.730141,-0.134009,0.089445,0.005772,-0.102115,0.060805,-0.018586,0.005924,-0.054229
1777335855.708520,0.696946,-0.596841,2.184400,-3.748894,0.156872,0.000362,0.006777,-0.115232,0.667233,-0.597586,2.184351,-3.733471,-0.134231,0.090241,0.005732,-0.099910,0.059521,-0.017245,0.005852,-0.052813
1777335855.741824,0.693862,-0.594759,2.184521,-3.752471,0.155755,0.000426,0.006646,-0.114650,0.662754,-0.594554,2.184541,-3.736777,-0.134454,0.091037,0.005691,-0.099180,0.058802,-0.016387,0.005797,-0.051387
1777335855.775210,0.693862,-0.594759,2.184521,-3.752471,0.155755,0.000426,0.006646,-0.114650,0.658235,-0.591473,2.184730,-3.740065,-0.134676,0.091835,0.005650,-0.098648,0.059313,-0.016591,0.005781,-0.051606
1777335855.808514,0.687872,-0.590677,2.184855,-3.756140,0.157560,0.000523,0.006746,-0.112491,0.653757,-0.588398,2.184916,-3.743279,-0.134895,0.092621,0.005610,-0.096410,0.059394,-0.016438,0.005734,-0.051553
1777335855.841851,0.684712,-0.588508,2.185030,-3.759574,0.156464,0.000580,0.006678,-0.111624,0.649254,-0.585285,2.185102,-3.746465,-0.135112,0.093405,0.005569,-0.095572,0.059805,-0.016570,0.005689,-0.051286
1777335855.875161,0.678081,-0.583935,2.185142,-3.763086,0.158378,0.000694,0.006461,-0.108453,0.644763,-0.582159,2.185285,-3.749598,-0.135328,0.094182,0.005529,-0.093994,0.059634,-0.016218,0.005660,-0.050829
1777335855.908479,0.675441,-0.582113,2.185429,-3.766370,0.156925,0.000755,0.006559,-0.108271,0.640231,-0.578984,2.185469,-3.752715,-0.135543,0.094961,0.005488,-0.093527,0.059981,-0.016305,0.005609,-0.050267
1777335855.941827,0.669117,-0.577706,2.185605,-3.769880,0.158911,0.000874,0.006457,-0.106021,0.635701,-0.575790,2.185651,-3.755787,-0.135757,0.095733,0.005447,-0.092150,0.059839,-0.015988,0.005560,-0.049542
1777335855.975291,0.665753,-0.575350,2.185689,-3.773283,0.156502,0.000944,0.006207,-0.103405,0.631177,-0.572579,2.185831,-3.758812,-0.135969,0.096500,0.005407,-0.090754,0.060049,-0.015963,0.005532,-0.048673
1777335856.008505,0.660447,-0.571619,2.185967,-3.776501,0.158741,0.001058,0.006323,-0.103465,0.626618,-0.569323,2.186010,-3.761818,-0.136180,0.097266,0.005366,-0.090171,0.060053,-0.015771,0.005483,-0.047747
1777335856.041930,0.657434,-0.569488,2.186115,-3.779789,0.157529,0.001125,0.006243,-0.103253,0.622099,-0.566075,2.186187,-3.764755,-0.136388,0.098021,0.005325,-0.088119,0.060487,-0.015934,0.005441,-0.046760
1777335856.075155,0.651876,-0.565534,2.186186,-3.782973,0.160286,0.001248,0.006115,-0.103565,0.617548,-0.562784,2.186363,-3.767672,-0.136595,0.098775,0.005285,-0.087506,0.060603,-0.015839,0.005421,-0.045693
1777335856.108521,0.648785,-0.563327,2.186463,-3.786104,0.159675,0.001320,0.006230,-0.103909,0.612968,-0.559452,2.186538,-3.770565,-0.136802,0.099529,0.005244,-0.086802,0.061107,-0.016065,0.005379,-0.044623
1777335856.141835,0.642970,-0.559145,2.186616,-3.789183,0.162717,0.001454,0.006204,-0.103704,0.608418,-0.556122,2.186711,-3.773400,-0.137005,0.100272,0.005203,-0.085035,0.061221,-0.015977,0.005341,-0.043562
1777335856.175207,0.639459,-0.556608,2.186702,-3.792207,0.161952,0.001534,0.006051,-0.102402,0.603832,-0.552746,2.186884,-3.776216,-0.137208,0.101016,0.005162,-0.084482,0.061611,-0.016117,0.005321,-0.042474
1777335856.208505,0.632810,-0.551769,2.187015,-3.795173,0.164397,0.001683,0.006149,-0.099506,0.599258,-0.549358,2.187054,-3.778985,-0.137409,0.101752,0.005122,-0.083085,0.061402,-0.015775,0.005271,-0.041419
1777335856.241824,0.629678,-0.549485,2.187155,-3.797936,0.162879,0.001753,0.006052,-0.097577,0.594675,-0.545945,2.187223,-3.781721,-0.137609,0.102484,0.005081,-0.082074,0.061640,-0.015795,0.005228,-0.040435
1777335856.275162,0.623627,-0.545033,2.187228,-3.800671,0.165269,0.001890,0.005891,-0.095469,0.590080,-0.542504,2.187391,-3.784425,-0.137807,0.103212,0.005040,-0.081111,0.061459,-0.015481,0.005205,-0.039522
1777335856.308455,0.620447,-0.542685,2.187506,-3.803301,0.163786,0.001953,0.005971,-0.093539,0.585491,-0.539048,2.187558,-3.787087,-0.138004,0.103933,0.004999,-0.079872,0.061719,-0.015521,0.005158,-0.038702
1777335856.341845,0.614745,-0.538449,2.187641,-3.805831,0.166454,0.002083,0.005923,-0.092285,0.580877,-0.535554,2.187723,-3.789726,-0.138199,0.104653,0.004958,-0.079169,0.061649,-0.015302,0.005117,-0.037979
1777335856.375147,0.611858,-0.536299,2.187702,-3.808273,0.165837,0.002145,0.005797,-0.092111,0.576242,-0.532025,2.187888,-3.792339,-0.138394,0.105371,0.004917,-0.078389,0.062087,-0.015491,0.005098,-0.037385
1777335856.408485,0.605924,-0.531841,2.187968,-3.810748,0.168939,0.002275,0.005925,-0.091015,0.571642,-0.528504,2.188050,-3.794895,-0.138585,0.106077,0.004877,-0.076686,0.062105,-0.015351,0.005057,-0.036870
1777335856.441842,0.602448,-0.529221,2.188115,-3.813154,0.168232,0.002340,0.005870,-0.089439,0.567023,-0.524949,2.188211,-3.797426,-0.138775,0.106781,0.004836,-0.075923,0.062447,-0.015473,0.005018,-0.036399
1777335856.475193,0.596356,-0.524598,2.188191,-3.815504,0.171238,0.002469,0.005751,-0.087813,0.562374,-0.521354,2.188371,-3.799937,-0.138965,0.107483,0.004795,-0.075309,0.062326,-0.015233,0.004997,-0.036005
1777335856.508517,0.592768,-0.521865,2.188466,-3.817846,0.170107,0.002527,0.005836,-0.085725,0.557733,-0.517746,2.188530,-3.802407,-0.139152,0.108179,0.004754,-0.074119,0.062537,-0.015260,0.004951,-0.035675
1777335856.541866,0.586357,-0.516946,2.188613,-3.820155,0.172642,0.002649,0.005769,-0.083365,0.553104,-0.514129,2.188686,-3.804836,-0.139338,0.108867,0.004713,-0.072861,0.062219,-0.014874,0.004907,-0.035374
1777335856.575180,0.583464,-0.514724,2.188669,-3.822350,0.171588,0.002692,0.005629,-0.082637,0.548451,-0.510476,2.188842,-3.807242,-0.139522,0.109552,0.004672,-0.072187,0.062461,-0.014932,0.004884,-0.035126
1777335856.608496,0.576591,-0.509393,2.188960,-3.824704,0.173829,0.002806,0.005708,-0.079931,0.543790,-0.506798,2.188997,-3.809618,-0.139705,0.110234,0.004631,-0.071281,0.062035,-0.014467,0.004832,-0.034856
1777335856.641814,0.573316,-0.506846,2.189091,-3.826922,0.171707,0.002835,0.005595,-0.077816,0.539127,-0.503101,2.189150,-3.811961,-0.139886,0.110909,0.004590,-0.070279,0.062099,-0.014387,0.004785,-0.034606
1777335856.675166,0.567584,-0.502356,2.189146,-3.829108,0.174153,0.002930,0.005458,-0.076823,0.534454,-0.499378,2.189301,-3.814275,-0.140066,0.111581,0.004549,-0.069418,0.061854,-0.014067,0.004759,-0.034367
1777335856.708457,0.564309,-0.499782,2.189401,-3.831342,0.172665,0.002958,0.005531,-0.075678,0.529796,-0.495650,2.189451,-3.816547,-0.140244,0.112244,0.004508,-0.068179,0.062077,-0.014111,0.004711,-0.034106
1777335856.741863,0.558644,-0.495304,2.189522,-3.833510,0.175531,0.003054,0.005497,-0.075508,0.525101,-0.491875,2.189600,-3.818806,-0.140421,0.112907,0.004467,-0.067752,0.061977,-0.013907,0.004669,-0.033825
1777335856.775184,0.555417,-0.492746,2.189586,-3.835713,0.174761,0.003087,0.005371,-0.075382,0.520388,-0.488068,2.189749,-3.821039,-0.140597,0.113567,0.004426,-0.067000,0.062341,-0.014065,0.004645,-0.033531
1777335856.808495,0.548956,-0.487593,2.189844,-3.837956,0.177634,0.003188,0.005472,-0.074177,0.515725,-0.484285,2.189894,-3.823217,-0.140769,0.114213,0.004385,-0.065327,0.062134,-0.013784,0.004597,-0.033185
1777335856.841854,0.545563,-0.484879,2.189972,-3.840123,0.176376,0.003215,0.005401,-0.073251,0.511031,-0.480459,2.190039,-3.825377,-0.140941,0.114859,0.004344,-0.064821,0.062351,-0.013831,0.004552,-0.032775
1777335856.875177,0.539228,-0.479779,2.190041,-3.842302,0.179036,0.003309,0.005268,-0.072072,0.506297,-0.476584,2.190183,-3.827524,-0.141113,0.115503,0.004303,-0.064400,0.062046,-0.013480,0.004524,-0.032334
1777335856.908465,0.535796,-0.477008,2.190287,-3.844449,0.177409,0.003327,0.005333,-0.070913,0.501602,-0.472725,2.190325,-3.829621,-0.141281,0.116137,0.004262,-0.062925,0.062199,-0.013480,0.004474,-0.031877
1777335856.941818,0.529283,-0.471716,2.190420,-3.846588,0.179693,0.003413,0.005258,-0.069334,0.496904,-0.468847,2.190465,-3.831690,-0.141447,0.116765,0.004221,-0.062061,0.061784,-0.013046,0.004426,-0.031352
1777335856.975191,0.526289,-0.469276,2.190473,-3.848622,0.178092,0.003423,0.005108,-0.068778,0.492185,-0.464935,2.190604,-3.833737,-0.141613,0.117390,0.004180,-0.061410,0.061971,-0.013071,0.004396,-0.030826
1777335857.008450,0.520477,-0.464514,2.190697,-3.850652,0.180920,0.003506,0.005212,-0.068578,0.487464,-0.461006,2.190742,-3.835755,-0.141777,0.118009,0.004139,-0.060523,0.061801,-0.012825,0.004348,-0.030299
1777335857.041849,0.517335,-0.461932,2.190814,-3.852641,0.180108,0.003526,0.005167,-0.068655,0.482723,-0.457043,2.190879,-3.837751,-0.141940,0.118625,0.004098,-0.059883,0.062153,-0.012977,0.004305,-0.029769
1777335857.075186,0.511116,-0.456797,2.190881,-3.854636,0.183216,0.003616,0.005069,-0.068038,0.477973,-0.453057,2.191015,-3.839721,-0.142101,0.119236,0.004057,-0.059100,0.061992,-0.012745,0.004276,-0.029233
1777335857.108484,0.507301,-0.453638,2.191123,-3.856601,0.181808,0.003631,0.005131,-0.066580,0.473218,-0.449052,2.191149,-3.841663,-0.142261,0.119842,0.004015,-0.058265,0.062157,-0.012760,0.004224,-0.028690
1777335857.141805,0.501077,-0.448455,2.191240,-3.858471,0.184568,0.003714,0.005085,-0.065479,0.468469,-0.445036,2.191281,-3.843574,-0.142419,0.120441,0.003974,-0.057336,0.061839,-0.012412,0.004177,-0.028168
1777335857.175310,0.497491,-0.445461,2.191302,-3.860341,0.182849,0.003720,0.004928,-0.064062,0.463721,-0.441006,2.191412,-3.845455,-0.142575,0.121033,0.003933,-0.056441,0.061947,-0.012387,0.004144,-0.027648
1777335857.208482,0.491289,-0.440253,2.191525,-3.862145,0.185444,0.003793,0.005013,-0.062916,0.458981,-0.436966,2.191541,-3.847306,-0.142729,0.121619,0.003892,-0.055515,0.061583,-0.012007,0.004092,-0.027147
1777335857.241821,0.487895,-0.437395,2.191640,-3.863926,0.183767,0.003791,0.004933,-0.061763,0.454239,-0.432911,2.191669,-3.849129,-0.142881,0.122199,0.003851,-0.054683,0.061712,-0.011998,0.004043,-0.026656
1777335857.275161,0.481707,-0.432157,2.191697,-3.865665,0.186413,0.003861,0.004816,-0.060720,0.449443,-0.428794,2.191797,-3.850944,-0.143033,0.122780,0.003810,-0.054470,0.061364,-0.011633,0.004010,-0.026185
1777335857.308483,0.478495,-0.429432,2.191906,-3.867357,0.185074,0.003860,0.004879,-0.060035,0.444671,-0.424682,2.191923,-3.852723,-0.143183,0.123352,0.003769,-0.053373,0.061588,-0.011696,0.003959,-0.025768
1777335857.341818,0.472098,-0.423979,2.192022,-3.869054,0.187812,0.003931,0.004833,-0.058893,0.439900,-0.420558,2.192047,-3.854474,-0.143331,0.123917,0.003727,-0.052524,0.061257,-0.011347,0.003911,-0.025349
1777335857.375157,0.468806,-0.421166,2.192076,-3.870681,0.186432,0.003928,0.004702,-0.058080,0.435092,-0.416387,2.192170,-3.856212,-0.143478,0.124481,0.003686,-0.052125,0.061463,-0.011399,0.003877,-0.024956
1777335857.408488,0.462419,-0.415685,2.192287,-3.872313,0.189180,0.003996,0.004781,-0.056979,0.430312,-0.412225,2.192292,-3.857912,-0.143623,0.125035,0.003645,-0.051013,0.061128,-0.011052,0.003825,-0.024590
1777335857.441835,0.459076,-0.412808,2.192393,-3.873891,0.187733,0.003990,0.004714,-0.056121,0.425519,-0.408039,2.192412,-3.859591,-0.143767,0.125585,0.003604,-0.050354,0.061320,-0.011097,0.003777,-0.024233
1777335857.475197,0.452852,-0.407430,2.192446,-3.875457,0.190580,0.004055,0.004611,-0.055280,0.420737,-0.403847,2.192530,-3.861239,-0.143908,0.126127,0.003562,-0.049463,0.061015,-0.010778,0.003743,-0.023892
1777335857.508507,0.449568,-0.404585,2.192640,-3.876987,0.189402,0.004050,0.004671,-0.054745,0.415937,-0.399627,2.192647,-3.862868,-0.144048,0.126665,0.003521,-0.048853,0.061253,-0.010861,0.003693,-0.023561
1777335857.541847,0.443282,-0.399117,2.192747,-3.878522,0.192402,0.004116,0.004639,-0.054012,0.411130,-0.395386,2.192763,-3.864473,-0.144187,0.127198,0.003480,-0.048157,0.060960,-0.010557,0.003646,-0.023236
1777335857.575168,0.439506,-0.395826,2.192807,-3.880052,0.190756,0.004104,0.004498,-0.052808,0.406299,-0.391110,2.192878,-3.866061,-0.144325,0.127728,0.003439,-0.047627,0.061058,-0.010543,0.003610,-0.022904
1777335857.608490,0.433064,-0.390185,2.193006,-3.881536,0.193360,0.004160,0.004565,-0.051716,0.401505,-0.386854,2.192991,-3.867611,-0.144459,0.128247,0.003397,-0.046502,0.060608,-0.010128,0.003557,-0.022584
1777335857.641865,0.429921,-0.387426,2.193098,-3.882977,0.191932,0.004145,0.004503,-0.051261,0.396692,-0.382569,2.193103,-3.869142,-0.144593,0.128762,0.003356,-0.045928,0.060780,-0.010172,0.003509,-0.022259
1777335857.675192,0.423607,-0.381862,2.193150,-3.884440,0.194785,0.004201,0.004404,-0.050552,0.391854,-0.378247,2.193214,-3.870656,-0.144726,0.129274,0.003315,-0.045428,0.060421,-0.009829,0.003473,-0.021927
1777335857.708512,0.420164,-0.378819,2.193336,-3.885868,0.193370,0.004186,0.004451,-0.049886,0.387057,-0.373950,2.193322,-3.872133,-0.144855,0.129775,0.003274,-0.044305,0.060587,-0.009872,0.003422,-0.021601
1777335857.741833,0.414257,-0.373582,2.193427,-3.887255,0.196516,0.004244,0.004428,-0.049754,0.382192,-0.369577,2.193431,-3.873606,-0.144985,0.130277,0.003232,-0.044205,0.060345,-0.009621,0.003374,-0.021263
1777335857.775168,0.410742,-0.370459,2.193478,-3.888659,0.195584,0.004236,0.004323,-0.049385,0.377344,-0.365209,2.193537,-3.875050,-0.145113,0.130770,0.003191,-0.043307,0.060594,-0.009730,0.003339,-0.020939
1777335857.808490,0.404179,-0.364610,2.193662,-3.890052,0.198644,0.004294,0.004392,-0.048589,0.372515,-0.360845,2.193642,-3.876464,-0.145238,0.131256,0.003150,-0.042421,0.060212,-0.009385,0.003288,-0.020592
1777335857.841841,0.400091,-0.360958,2.193768,-3.891438,0.196464,0.004266,0.004298,-0.047151,0.367668,-0.356452,2.193746,-3.877859,-0.145363,0.131737,0.003108,-0.041871,0.060142,-0.009269,0.003236,-0.020216
1777335857.875281,0.400091,-0.360958,2.193768,-3.891438,0.196464,0.004266,0.004298,-0.047151,0.362822,-0.352048,2.193848,-3.879231,-0.145485,0.132212,0.003067,-0.041158,0.061710,-0.010347,0.003207,-0.020445
1777335857.908507,0.393532,-0.355074,2.193824,-3.892778,0.197579,0.004288,0.004149,-0.045539,0.357968,-0.347625,2.193949,-3.880582,-0.145606,0.132682,0.003026,-0.040515,0.062418,-0.010806,0.003186,-0.020562
1777335857.941824,0.389307,-0.351281,2.194019,-3.894101,0.193653,0.004227,0.004112,-0.043623,0.353097,-0.343175,2.194048,-3.881914,-0.145726,0.133147,0.002984,-0.039964,0.063216,-0.011329,0.003145,-0.020580
1777335857.975167,0.382825,-0.345433,2.194097,-3.895370,0.194739,0.004245,0.004004,-0.042210,0.348205,-0.338693,2.194147,-3.883229,-0.145844,0.133607,0.002942,-0.039442,0.063321,-0.011349,0.003108,-0.020531
1777335858.008473,0.382825,-0.345433,2.194097,-3.895370,0.194739,0.004245,0.004004,-0.042210,0.343370,-0.334252,2.194243,-3.884505,-0.145960,0.134056,0.002901,-0.038295,0.065059,-0.012553,0.003091,-0.020993
1777335858.041807,0.379597,-0.342508,2.194122,-3.896651,0.192091,0.004194,0.003847,-0.041461,0.338523,-0.329789,2.194338,-3.885763,-0.146073,0.134499,0.002860,-0.037725,0.067032,-0.013925,0.003087,-0.021268
1777335858.075170,0.373616,-0.337071,2.194283,-3.897971,0.193808,0.004211,0.003892,-0.040930,0.333637,-0.325279,2.194432,-3.887008,-0.146187,0.134940,0.002819,-0.037353,0.068247,-0.014750,0.003067,-0.021378
1777335858.108478,0.363685,-0.327986,2.194392,-3.900668,0.196319,0.004207,0.003762,-0.041196,0.328787,-0.320791,2.194524,-3.888222,-0.146297,0.135372,0.002777,-0.036416,0.067468,-0.014137,0.003042,-0.020722
1777335858.141836,0.361086,-0.325580,2.194548,-3.902041,0.194467,0.004153,0.003822,-0.041913,0.323902,-0.316260,2.194616,-3.889422,-0.146407,0.135800,0.002736,-0.036017,0.067557,-0.014137,0.003004,-0.019991
1777335858.175171,0.354813,-0.319749,2.194634,-3.903467,0.197424,0.004136,0.003811,-0.042092,0.319010,-0.311712,2.194706,-3.890603,-0.146515,0.136222,0.002694,-0.035407,0.067086,-0.013726,0.002966,-0.019187
1777335858.208463,0.351162,-0.316350,2.194685,-3.904829,0.195677,0.004073,0.003701,-0.041715,0.314118,-0.307153,2.194794,-3.891761,-0.146621,0.136638,0.002653,-0.034753,0.067081,-0.013642,0.002935,-0.018335
1777335858.241824,0.344850,-0.310431,2.194844,-3.906094,0.198623,0.004042,0.003774,-0.041381,0.309249,-0.302606,2.194881,-3.892893,-0.146726,0.137046,0.002612,-0.033951,0.066511,-0.013145,0.002890,-0.017479
1777335858.275184,0.341417,-0.307204,2.194927,-3.907296,0.197150,0.003976,0.003721,-0.040941,0.304340,-0.298010,2.194967,-3.894012,-0.146829,0.137451,0.002570,-0.033587,0.066491,-0.013034,0.002845,-0.016635
1777335858.308472,0.335698,-0.301796,2.194962,-3.908390,0.200653,0.003949,0.003675,-0.041077,0.299424,-0.293398,2.195051,-3.895112,-0.146931,0.137849,0.002529,-0.032992,0.066113,-0.012665,0.002810,-0.015860
1777335858.341847,0.331333,-0.297678,2.195131,-3.909515,0.198982,0.003874,0.003698,-0.039781,0.294542,-0.288807,2.195134,-3.896183,-0.147030,0.138239,0.002487,-0.032137,0.065940,-0.012438,0.002758,-0.015116
1777335858.375146,0.324766,-0.291437,2.195210,-3.910502,0.201850,0.003824,0.003660,-0.038618,0.289626,-0.284176,2.195216,-3.897241,-0.147129,0.138625,0.002446,-0.031727,0.065122,-0.011748,0.002707,-0.014439
1777335858.408501,0.321426,-0.288254,2.195245,-3.911430,0.200256,0.003750,0.003557,-0.037654,0.284722,-0.279546,2.195296,-3.898275,-0.147225,0.139004,0.002404,-0.031029,0.064949,-0.011515,0.002666,-0.013855
1777335858.441855,0.315906,-0.282969,2.195373,-3.912279,0.203838,0.003713,0.003637,-0.037437,0.279824,-0.274912,2.195374,-3.899287,-0.147320,0.139375,0.002363,-0.030371,0.064507,-0.011091,0.002616,-0.013369
1777335858.475174,0.312037,-0.279270,2.195455,-3.913156,0.203096,0.003648,0.003599,-0.036463,0.274885,-0.270230,2.195452,-3.900288,-0.147414,0.139744,0.002321,-0.030015,0.064446,-0.010940,0.002564,-0.012945
1777335858.508467,0.305008,-0.272527,2.195503,-3.913975,0.206280,0.003592,0.003522,-0.035059,0.269984,-0.265575,2.195528,-3.901260,-0.147505,0.140103,0.002280,-0.029167,0.063563,-0.010207,0.002520,-0.012602
1777335858.541799,0.301561,-0.269207,2.195640,-3.914727,0.204863,0.003516,0.003552,-0.033939,0.265070,-0.260898,2.195602,-3.902215,-0.147595,0.140457,0.002238,-0.028647,0.063291,-0.009910,0.002463,-0.012330
1777335858.575150,0.295552,-0.263404,2.195707,-3.915453,0.208312,0.003465,0.003541,-0.033160,0.260143,-0.256201,2.195676,-3.903152,-0.147683,0.140805,0.002197,-0.028118,0.062587,-0.009311,0.002408,-0.012133
1777335858.608528,0.291959,-0.259931,2.195744,-3.916184,0.207483,0.003397,0.003460,-0.032311,0.255203,-0.251482,2.195748,-3.904072,-0.147770,0.141148,0.002155,-0.027592,0.062420,-0.009097,0.002361,-0.011989
1777335858.641833,0.285287,-0.253471,2.195878,-3.916906,0.210882,0.003340,0.003512,-0.031300,0.250290,-0.246781,2.195818,-3.904967,-0.147855,0.141482,0.002114,-0.026843,0.061569,-0.008404,0.002302,-0.011884
1777335858.675192,0.281368,-0.249672,2.195952,-3.917621,0.209276,0.003259,0.003448,-0.030201,0.245344,-0.242040,2.195887,-3.905848,-0.147939,0.141812,0.002072,-0.026440,0.061160,-0.008029,0.002244,-0.011797
1777335858.708585,0.274220,-0.242728,2.195992,-3.918336,0.211724,0.003184,0.003350,-0.028968,0.240407,-0.237300,2.195955,-3.906708,-0.148021,0.142135,0.002031,-0.025796,0.059941,-0.007085,0.002192,-0.011727
1777335858.741831,0.271203,-0.239781,2.196106,-3.919012,0.209923,0.003106,0.003363,-0.028352,0.235460,-0.232541,2.196021,-3.907550,-0.148101,0.142452,0.001989,-0.025268,0.059574,-0.006746,0.002131,-0.011672
1777335858.775191,0.265071,-0.233797,2.196168,-3.919717,0.213048,0.003051,0.003338,-0.027893,0.230529,-0.227790,2.196086,-3.908371,-0.148179,0.142761,0.001948,-0.024607,0.058765,-0.006099,0.002073,-0.011612
1777335858.808553,0.261427,-0.230239,2.196202,-3.920436,0.211667,0.002980,0.003245,-0.027354,0.225589,-0.223023,2.196150,-3.909173,-0.148256,0.143065,0.001906,-0.024076,0.058513,-0.005849,0.002022,-0.011528
1777335858.841851,0.254968,-0.223924,2.196316,-3.921150,0.214837,0.002929,0.003277,-0.026879,0.220659,-0.218259,2.196212,-3.909955,-0.148331,0.143361,0.001865,-0.023457,0.057676,-0.005193,0.001961,-0.011419
1777335858.875186,0.251162,-0.220200,2.196377,-3.921877,0.213145,0.002857,0.003211,-0.026314,0.215694,-0.213452,2.196273,-3.910723,-0.148405,0.143653,0.001823,-0.023054,0.057345,-0.004898,0.001902,-0.011273
1777335858.908491,0.244284,-0.213465,2.196409,-3.922606,0.215782,0.002804,0.003125,-0.025665,0.210764,-0.208673,2.196332,-3.911468,-0.148477,0.143937,0.001782,-0.022327,0.056304,-0.004107,0.001850,-0.011095
1777335858.941855,0.240655,-0.209903,2.196517,-3.923324,0.213383,0.002730,0.003108,-0.025095,0.205820,-0.203874,2.196390,-3.912195,-0.148547,0.144215,0.001740,-0.021825,0.055879,-0.003752,0.001788,-0.010873
1777335858.975245,0.234487,-0.203848,2.196566,-3.924025,0.216147,0.002692,0.003066,-0.024837,0.200853,-0.199044,2.196446,-3.912908,-0.148615,0.144487,0.001698,-0.021369,0.055023,-0.003098,0.001730,-0.010621
1777335859.008470,0.231055,-0.200475,2.196591,-3.924732,0.214502,0.002635,0.002972,-0.024617,0.195910,-0.194231,2.196502,-3.913598,-0.148682,0.144752,0.001657,-0.020711,0.054845,-0.002922,0.001679,-0.010337
1777335859.041829,0.224598,-0.194133,2.196686,-3.925430,0.217491,0.002612,0.002986,-0.024335,0.190952,-0.189398,2.196555,-3.914272,-0.148748,0.145011,0.001615,-0.020217,0.054089,-0.002347,0.001622,-0.010015
1777335859.075188,0.213856,-0.183592,2.196755,-3.926773,0.220815,0.002577,0.002873,-0.024151,0.185990,-0.184555,2.196608,-3.914928,-0.148811,0.145264,0.001574,-0.019680,0.051265,-0.000333,0.001562,-0.009366
1777335859.108497,0.213856,-0.183592,2.196755,-3.926773,0.220815,0.002577,0.002873,-0.024151,0.181003,-0.179681,2.196659,-3.915569,-0.148873,0.145511,0.001532,-0.019228,0.050743,0.000066,0.001514,-0.009042
1777335859.141870,0.209863,-0.179648,2.196837,-3.927421,0.218925,0.002518,0.002840,-0.023563,0.176060,-0.174843,2.196709,-3.916186,-0.148934,0.145749,0.001491,-0.018517,0.050654,0.000159,0.001460,-0.008697
1777335859.175265,0.203167,-0.173068,2.196890,-3.928050,0.220513,0.002507,0.002779,-0.022812,0.171071,-0.169955,2.196757,-3.916791,-0.148993,0.145984,0.001449,-0.018138,0.049904,0.000708,0.001407,-0.008324
1777335859.208539,0.199752,-0.169707,2.196916,-3.928620,0.217252,0.002456,0.002662,-0.022052,0.166104,-0.165082,2.196804,-3.917375,-0.149050,0.146210,0.001407,-0.017519,0.049862,0.000762,0.001359,-0.007958
1777335859.241847,0.192156,-0.162259,2.197013,-3.929180,0.217612,0.002458,0.002597,-0.020948,0.161161,-0.160228,2.196849,-3.917938,-0.149105,0.146429,0.001366,-0.016898,0.048847,0.001490,0.001301,-0.007585
1777335859.275299,0.192156,-0.162259,2.197013,-3.929180,0.217612,0.002458,0.002597,-0.020948,0.156169,-0.155321,2.196894,-3.918489,-0.149159,0.146644,0.001324,-0.016528,0.049851,0.000812,0.001254,-0.007452
1777335859.308519,0.188573,-0.158743,2.197048,-3.929682,0.213016,0.002405,0.002475,-0.019975,0.151217,-0.150447,2.196936,-3.919018,-0.149210,0.146850,0.001283,-0.015865,0.051219,-0.000120,0.001210,-0.007298
1777335859.341810,0.182283,-0.152588,2.197061,-3.930158,0.213505,0.002429,0.002358,-0.019121,0.146230,-0.145534,2.196978,-3.919532,-0.149261,0.147051,0.001241,-0.015443,0.051862,-0.000551,0.001172,-0.007115
1777335859.375176,0.179185,-0.149555,2.197127,-3.930611,0.209345,0.002392,0.002297,-0.018343,0.141232,-0.140605,2.197018,-3.920030,-0.149310,0.147246,0.001199,-0.014944,0.053117,-0.001402,0.001129,-0.006921
1777335859.408478,0.172706,-0.143221,2.197154,-3.931058,0.210520,0.002436,0.002223,-0.017617,0.136244,-0.135681,2.197056,-3.920510,-0.149357,0.147433,0.001157,-0.014383,0.053615,-0.001729,0.001089,-0.006708
1777335859.441851,0.169796,-0.140376,2.197162,-3.931482,0.207556,0.002418,0.002128,-0.017116,0.131296,-0.130792,2.197093,-3.920968,-0.149402,0.147613,0.001116,-0.013745,0.054817,-0.002539,0.001056,-0.006480
1777335859.475133,0.168061,-0.138677,2.197166,-3.931910,0.202084,0.002363,0.002007,-0.016564,0.126313,-0.125864,2.197129,-3.921412,-0.149446,0.147788,0.001074,-0.013320,0.057036,-0.004044,0.001029,-0.006226
1777335859.508544,0.163091,-0.133805,2.197214,-3.932304,0.203564,0.002403,0.002006,-0.016262,0.121315,-0.120918,2.197164,-3.921840,-0.149488,0.147956,0.001033,-0.012835,0.058882,-0.005287,0.000999,-0.005967
1777335859.541840,0.156094,-0.126923,2.197239,-3.932692,0.208703,0.002480,0.002003,-0.016071,0.116358,-0.116008,2.197197,-3.922247,-0.149528,0.148116,0.000991,-0.012213,0.059632,-0.005775,0.000970,-0.005697
1777335859.575148,0.151590,-0.122491,2.197298,-3.933082,0.208553,0.002489,0.002002,-0.015665,0.111380,-0.111073,2.197228,-3.922639,-0.149567,0.148271,0.000950,-0.011748,0.060387,-0.006268,0.000935,-0.005406
1777335859.608505,0.144506,-0.115481,2.197327,-3.933444,0.212405,0.002526,0.001996,-0.015197,0.106379,-0.106111,2.197259,-3.923015,-0.149604,0.148419,0.000908,-0.011284,0.060160,-0.006085,0.000901,-0.005106
1777335859.641840,0.140756,-0.111769,2.197341,-3.933782,0.211409,0.002510,0.001944,-0.014784,0.101392,-0.101160,2.197287,-3.923372,-0.149640,0.148561,0.000866,-0.010734,0.060387,-0.006218,0.000869,-0.004804
1777335859.675171,0.133594,-0.104630,2.197394,-3.934114,0.214526,0.002505,0.001955,-0.014214,0.096393,-0.096194,2.197315,-3.923714,-0.149674,0.148696,0.000825,-0.010245,0.059674,-0.005701,0.000831,-0.004493
1777335859.708503,0.129642,-0.100688,2.197422,-3.934418,0.212139,0.002455,0.001891,-0.013594,0.091404,-0.091235,2.197341,-3.924038,-0.149706,0.148824,0.000783,-0.009709,0.059416,-0.005498,0.000793,-0.004182
1777335859.741824,0.123179,-0.094204,2.197435,-3.934692,0.214898,0.002423,0.001853,-0.013059,0.086405,-0.086262,2.197366,-3.924345,-0.149736,0.148946,0.000741,-0.009218,0.058560,-0.004879,0.000757,-0.003875
1777335859.775182,0.119730,-0.090740,2.197479,-3.934948,0.213025,0.002368,0.001826,-0.012547,0.081369,-0.081249,2.197389,-3.924637,-0.149765,0.149062,0.000699,-0.008768,0.058373,-0.004721,0.000717,-0.003574
1777335859.808480,0.112520,-0.083487,2.197506,-3.935192,0.215368,0.002319,0.001785,-0.011900,0.076413,-0.076314,2.197411,-3.924908,-0.149792,0.149169,0.000658,-0.008122,0.057309,-0.003955,0.000676,-0.003279
1777335859.841846,0.109346,-0.080287,2.197515,-3.935395,0.213206,0.002258,0.001716,-0.011355,0.071440,-0.071359,2.197432,-3.925163,-0.149818,0.149271,0.000616,-0.007647,0.057042,-0.003737,0.000638,-0.002991
1777335859.875145,0.102697,-0.073582,2.197555,-3.935589,0.215875,0.002213,0.001705,-0.010776,0.066430,-0.066365,2.197451,-3.925403,-0.149841,0.149366,0.000575,-0.007194,0.056105,-0.003056,0.000595,-0.002713
1777335859.908531,0.099203,-0.070055,2.197573,-3.935756,0.213801,0.002151,0.001647,-0.010203,0.061422,-0.061370,2.197469,-3.925625,-0.149864,0.149455,0.000533,-0.006684,0.055846,-0.002842,0.000552,-0.002448
1777335859.941847,0.092893,-0.063682,2.197582,-3.935903,0.216825,0.002113,0.001610,-0.009656,0.056445,-0.056405,2.197485,-3.925830,-0.149884,0.149536,0.000491,-0.006138,0.055059,-0.002264,0.000512,-0.002196
1777335859.975156,0.092893,-0.063682,2.197582,-3.935903,0.216825,0.002113,0.001610,-0.009656,0.051434,-0.051404,2.197500,-3.926019,-0.149903,0.149612,0.000450,-0.005675,0.056243,-0.003056,0.000474,-0.002014
1777335860.008464,0.086647,-0.057383,2.197620,-3.936049,0.211573,0.002000,0.001501,-0.008913,0.046466,-0.046444,2.197513,-3.926190,-0.149920,0.149680,0.000408,-0.005126,0.056694,-0.003338,0.000432,-0.001819
1777335860.041850,0.081204,-0.051876,2.197631,-3.936142,0.212742,0.001951,0.001459,-0.008304,0.041459,-0.041443,2.197526,-3.926345,-0.149936,0.149742,0.000366,-0.004663,0.056816,-0.003391,0.000390,-0.001624
1777335860.075146,0.078453,-0.049092,2.197635,-3.936233,0.210204,0.001894,0.001396,-0.007772,0.036470,-0.036459,2.197536,-3.926484,-0.149949,0.149797,0.000325,-0.004144,0.057721,-0.003983,0.000349,-0.001429
1777335860.108449,0.072336,-0.042903,2.197654,-3.936316,0.212989,0.001857,0.001388,-0.007264,0.031472,-0.031465,2.197546,-3.926605,-0.149961,0.149846,0.000283,-0.003650,0.057959,-0.004113,0.000307,-0.001226
1777335860.141790,0.069492,-0.040020,2.197663,-3.936379,0.212189,0.001816,0.001358,-0.006810,0.026478,-0.026474,2.197554,-3.926710,-0.149972,0.149888,0.000241,-0.003147,0.058903,-0.004733,0.000265,-0.001020
1777335860.175152,0.062893,-0.033327,2.197669,-3.936444,0.215840,0.001773,0.001340,-0.006342,0.021445,-0.021443,2.197561,-3.926799,-0.149981,0.149923,0.000200,-0.002665,0.058964,-0.004746,0.000224,-0.000804
1777335860.208452,0.058825,-0.029200,2.197685,-3.936490,0.214461,0.001713,0.001302,-0.005844,0.016474,-0.016473,2.197566,-3.926870,-0.149988,0.149952,0.000158,-0.002135,0.059289,-0.004944,0.000180,-0.000581
1777335860.241817,0.051459,-0.021701,2.197694,-3.936522,0.217167,0.001635,0.001275,-0.005341,0.011475,-0.011475,2.197570,-3.926925,-0.149993,0.149974,0.000116,-0.001648,0.058517,-0.004384,0.000136,-0.000349
1777335860.275203,0.048024,-0.018196,2.197696,-3.936536,0.214965,0.001564,0.001220,-0.004846,0.006462,-0.006462,2.197572,-3.926963,-0.149997,0.149989,0.000075,-0.001150,0.058377,-0.004261,0.000092,-0.000113
1777335860.308467,0.042237,-0.012267,2.197705,-3.936534,0.218408,0.001488,0.001220,-0.004354,0.001440,-0.001440,2.197573,-3.926985,-0.149999,0.149998,0.000033,-0.000648,0.057835,-0.003860,0.000047,0.000128
1777335860.341825,0.038101,-0.008039,2.197711,-3.936525,0.216780,0.001409,0.001170,-0.003893,-0.003531,0.003531,2.197573,-3.926990,-0.150000,0.150000,-0.000009,-0.000145,0.057617,-0.003684,0.000001,0.000377
1777335860.375165,0.031356,-0.001121,2.197715,-3.936494,0.219879,0.001311,0.001146,-0.003412,-0.008541,0.008541,2.197571,-3.926978,-0.149999,0.149995,-0.000050,0.000354,0.056618,-0.002968,-0.000046,0.000630
1777335860.408477,0.028014,0.002313,2.197717,-3.936447,0.218545,0.001237,0.001104,-0.002906,-0.013545,0.013544,2.197568,-3.926949,-0.149996,0.149983,-0.000092,0.000855,0.056319,-0.002739,-0.000093,0.000885
1777335860.441824,0.021302,0.009207,2.197719,-3.936386,0.221845,0.001139,0.001083,-0.002426,-0.018548,0.018547,2.197564,-3.926904,-0.149991,0.149965,-0.000134,0.001356,0.055276,-0.001995,-0.000141,0.001144
1777335860.475191,0.010161,0.020637,2.197713,-3.936218,0.225259,0.000976,0.001020,-0.001909,-0.023571,0.023568,2.197558,-3.926842,-0.149985,0.149941,-0.000176,0.001865,0.051893,0.000374,-0.000188,0.001366
1777335860.508484,0.010161,0.020637,2.197713,-3.936218,0.225259,0.000976,0.001020,-0.001909,-0.028556,0.028550,2.197551,-3.926764,-0.149977,0.149909,-0.000217,0.002351,0.050931,0.001053,-0.000237,0.001638
1777335860.541900,0.005944,0.025001,2.197710,-3.936095,0.223052,0.000865,0.000960,-0.001390,-0.033534,0.033525,2.197542,-3.926669,-0.149968,0.149871,-0.000259,0.002845,0.050319,0.001490,-0.000285,0.001904
1777335860.575137,-0.000534,0.031654,2.197712,-3.935964,0.224878,0.000769,0.000922,-0.000888,-0.038528,0.038516,2.197532,-3.926557,-0.149957,0.149827,-0.000300,0.003354,0.049121,0.002331,-0.000336,0.002168
1777335860.608495,-0.003423,0.034630,2.197705,-3.935818,0.222862,0.000703,0.000861,-0.000274,-0.043517,0.043498,2.197521,-3.926429,-0.149944,0.149775,-0.000342,0.003849,0.048852,0.002525,-0.000386,0.002432
1777335860.641879,-0.012289,0.043692,2.197697,-3.935478,0.222723,0.000595,0.000770,0.000318,-0.048614,0.048589,2.197508,-3.926280,-0.149929,0.149716,-0.000384,0.004451,0.047043,0.003790,-0.000437,0.002615
1777335860.675162,-0.019468,0.051029,2.197673,-3.935268,0.226849,0.000530,0.000720,0.000962,-0.053526,0.053492,2.197494,-3.926121,-0.149913,0.149653,-0.000425,0.004783,0.044651,0.005457,-0.000484,0.002803
1777335860.708486,-0.023798,0.055450,2.197658,-3.935047,0.224877,0.000472,0.000656,0.001465,-0.058523,0.058479,2.197478,-3.925942,-0.149895,0.149581,-0.000467,0.005366,0.042830,0.006725,-0.000531,0.002985
1777335860.741815,-0.030017,0.061781,2.197651,-3.934820,0.228202,0.000432,0.000634,0.002141,-0.063517,0.063460,2.197461,-3.925747,-0.149876,0.149503,-0.000509,0.005866,0.040788,0.008141,-0.000580,0.003176
1777335860.775171,-0.034052,0.065887,2.197626,-3.934578,0.226415,0.000390,0.000554,0.002639,-0.068515,0.068443,2.197443,-3.925534,-0.149855,0.149419,-0.000550,0.006376,0.039420,0.009084,-0.000625,0.003372
1777335860.808487,-0.041056,0.072974,2.197613,-3.934328,0.229037,0.000373,0.000502,0.003081,-0.073509,0.073421,2.197423,-3.925305,-0.149832,0.149327,-0.000592,0.006878,0.037478,0.010419,-0.000672,0.003578
1777335860.841857,-0.044650,0.076609,2.197606,-3.934071,0.226764,0.000348,0.000446,0.003558,-0.078502,0.078394,2.197402,-3.925059,-0.149807,0.149229,-0.000634,0.007383,0.036384,0.011160,-0.000721,0.003796
1777335860.875163,-0.051651,0.083639,2.197570,-3.933800,0.228948,0.000368,0.000363,0.003935,-0.083481,0.083351,2.197380,-3.924797,-0.149781,0.149125,-0.000675,0.007867,0.034700,0.012303,-0.000766,0.004024
1777335860.908497,-0.054383,0.086376,2.197553,-3.933528,0.227480,0.000369,0.000312,0.004686,-0.088481,0.088327,2.197356,-3.924516,-0.149753,0.149014,-0.000717,0.008410,0.034161,0.012644,-0.000812,0.004267
1777335860.941817,-0.061291,0.093258,2.197542,-3.933230,0.230242,0.000429,0.000268,0.005103,-0.093465,0.093283,2.197330,-3.924220,-0.149724,0.148896,-0.000758,0.008892,0.032993,0.013409,-0.000860,0.004520
1777335860.975168,-0.064940,0.096887,2.197499,-3.932923,0.228308,0.000448,0.000180,0.005570,-0.098478,0.098265,2.197304,-3.923904,-0.149693,0.148771,-0.000800,0.009458,0.032543,0.013669,-0.000904,0.004783
1777335861.008498,-0.071718,0.103578,2.197475,-3.932600,0.230837,0.000547,0.000124,0.005980,-0.103450,0.103204,2.197276,-3.923575,-0.149660,0.148641,-0.000842,0.009894,0.031524,0.014310,-0.000948,0.005057
1777335861.041842,-0.075973,0.107780,2.197459,-3.932255,0.227498,0.000581,0.000065,0.006226,-0.108432,0.108149,2.197246,-3.923227,-0.149625,0.148503,-0.000883,0.010424,0.030980,0.014617,-0.000994,0.005334
1777335861.075168,-0.082242,0.113904,2.197409,-3.931905,0.229590,0.000713,-0.000016,0.006707,-0.113444,0.113119,2.197215,-3.922860,-0.149589,0.148358,-0.000925,0.011004,0.030090,0.015151,-0.001036,0.005619
1777335861.108467,-0.086034,0.117611,2.197380,-3.931527,0.226584,0.000764,-0.000082,0.007074,-0.118406,0.118037,2.197183,-3.922480,-0.149551,0.148208,-0.000967,0.011412,0.029857,0.015226,-0.001077,0.005911
1777335861.141827,-0.092520,0.123902,2.197366,-3.931134,0.228572,0.000924,-0.000115,0.007539,-0.123386,0.122968,2.197150,-3.922081,-0.149512,0.148051,-0.001008,0.011967,0.029155,0.015614,-0.001123,0.006201
1777335861.175166,-0.095796,0.127069,2.197311,-3.930724,0.226322,0.000989,-0.000205,0.008153,-0.128367,0.127896,2.197115,-3.921665,-0.149471,0.147887,-0.001050,0.012488,0.029267,0.015435,-0.001163,0.006494
1777335861.208487,-0.102183,0.133217,2.197281,-3.930290,0.228811,0.001175,-0.000252,0.008753,-0.133349,0.132821,2.197078,-3.921231,-0.149428,0.147717,-0.001092,0.013016,0.028901,0.015573,-0.001204,0.006785
1777335861.241830,-0.105695,0.136589,2.197263,-3.929835,0.226982,0.001256,-0.000289,0.009409,-0.138323,0.137733,2.197041,-3.920781,-0.149384,0.147540,-0.001133,0.013514,0.029203,0.015245,-0.001249,0.007072
1777335861.275160,-0.112106,0.142713,2.197201,-3.929359,0.229706,0.001468,-0.000370,0.010076,-0.143323,0.142667,2.197001,-3.920310,-0.149337,0.147355,-0.001175,0.014115,0.028987,0.015261,-0.001289,0.007353
1777335861.308474,-0.115938,0.146372,2.197164,-3.928857,0.227766,0.001562,-0.000426,0.010639,-0.148289,0.147563,2.196961,-3.919825,-0.149290,0.147165,-0.001216,0.014545,0.029295,0.014910,-0.001329,0.007629
1777335861.341824,-0.123047,0.153126,2.197143,-3.928332,0.229773,0.001799,-0.000454,0.011005,-0.153257,0.152455,2.196919,-3.919323,-0.149240,0.146969,-0.001258,0.015076,0.028831,0.015081,-0.001372,0.007891
1777335861.375172,-0.126227,0.156121,2.197075,-3.927807,0.227679,0.001893,-0.000544,0.011760,-0.158243,0.157360,2.196875,-3.918800,-0.149189,0.146765,-0.001300,0.015667,0.029164,0.014695,-0.001411,0.008152
1777335861.408525,-0.133803,0.163285,2.197030,-3.927233,0.228968,0.002142,-0.000596,0.011937,-0.163208,0.162239,2.196831,-3.918263,-0.149136,0.146556,-0.001341,0.016130,0.028566,0.014944,-0.001449,0.008401
1777335861.441819,-0.137222,0.166491,2.197009,-3.926666,0.225457,0.002229,-0.000627,0.012340,-0.168174,0.167114,2.196785,-3.917707,-0.149082,0.146339,-0.001383,0.016672,0.028707,0.014682,-0.001492,0.008645
1777335861.475203,-0.143630,0.172487,2.196933,-3.926079,0.226982,0.002474,-0.000714,0.012826,-0.173166,0.172009,2.196737,-3.917130,-0.149026,0.146115,-0.001425,0.017298,0.028386,0.014732,-0.001528,0.008888
1777335861.508472,-0.147096,0.175722,2.196892,-3.925473,0.223949,0.002564,-0.000765,0.013325,-0.178115,0.176855,2.196688,-3.916541,-0.148968,0.145887,-0.001466,0.017688,0.028752,0.014308,-0.001566,0.009132
1777335861.541807,-0.153417,0.181604,2.196873,-3.924853,0.225817,0.002816,-0.000778,0.013917,-0.183071,0.181702,2.196638,-3.915932,-0.148909,0.145651,-0.001508,0.018252,0.028646,0.014205,-0.001611,0.009369
1777335861.575169,-0.156867,0.184805,2.196791,-3.924217,0.223348,0.002911,-0.000876,0.014538,-0.188030,0.186546,2.196586,-3.915306,-0.148848,0.145409,-0.001549,0.018806,0.029178,0.013661,-0.001648,0.009606
1777335861.608495,-0.163511,0.190963,2.196745,-3.923559,0.225252,0.003174,-0.000915,0.015016,-0.192989,0.191385,2.196533,-3.914660,-0.148785,0.145161,-0.001591,0.019357,0.029096,0.013536,-0.001687,0.009843
1777335861.641824,-0.166972,0.194156,2.196722,-3.922894,0.222769,0.003268,-0.000936,0.015610,-0.197962,0.196230,2.196479,-3.913995,-0.148721,0.144905,-0.001633,0.019961,0.029641,0.012980,-0.001732,0.010083
1777335861.675202,-0.173577,0.200245,2.196631,-3.922207,0.224685,0.003533,-0.001025,0.016089,-0.202903,0.201038,2.196423,-3.913315,-0.148655,0.144644,-0.001674,0.020386,0.029589,0.012831,-0.001769,0.010327
1777335861.708479,-0.177205,0.203580,2.196582,-3.921507,0.221956,0.003623,-0.001071,0.016552,-0.207871,0.205865,2.196366,-3.912614,-0.148587,0.144375,-0.001716,0.021052,0.030086,0.012305,-0.001808,0.010569
1777335861.741796,-0.183632,0.209472,2.196558,-3.920796,0.223868,0.003883,-0.001074,0.017084,-0.212811,0.210658,2.196307,-3.911897,-0.148518,0.144101,-0.001757,0.021492,0.030056,0.012139,-0.001854,0.010822
1777335861.775174,-0.186585,0.212159,2.196472,-3.920087,0.222234,0.003974,-0.001167,0.018206,-0.217765,0.215458,2.196247,-3.911160,-0.148447,0.143820,-0.001799,0.022118,0.030802,0.011436,-0.001894,0.011084
1777335861.808463,-0.193438,0.218436,2.196416,-3.919320,0.224444,0.004236,-0.001202,0.018646,-0.222715,0.220246,2.196186,-3.910405,-0.148374,0.143532,-0.001840,0.022661,0.030809,0.011242,-0.001935,0.011342
1777335861.841839,-0.196958,0.221642,2.196388,-3.918562,0.222339,0.004322,-0.001216,0.019275,-0.227650,0.225013,2.196123,-3.909633,-0.148300,0.143239,-0.001882,0.023160,0.031375,0.010662,-0.001982,0.011607
1777335861.875136,-0.203558,0.227658,2.196285,-3.917775,0.224460,0.004574,-0.001307,0.019763,-0.232614,0.229800,2.196059,-3.908837,-0.148224,0.142938,-0.001924,0.023873,0.031311,0.010515,-0.002021,0.011869
1777335861.908638,-0.207370,0.231126,2.196227,-3.916970,0.221775,0.004645,-0.001351,0.020115,-0.237542,0.234544,2.195994,-3.908028,-0.148147,0.142632,-0.001965,0.024270,0.031712,0.010047,-0.002061,0.012140
1777335861.941836,-0.214242,0.237376,2.196195,-3.916147,0.223198,0.004878,-0.001345,0.020321,-0.242469,0.239280,2.195927,-3.907200,-0.148067,0.142320,-0.002006,0.024846,0.031413,0.010066,-0.002108,0.012405
1777335861.975226,-0.217624,0.240436,2.196087,-3.915320,0.220191,0.004926,-0.001451,0.020772,-0.247422,0.244033,2.195858,-3.906348,-0.147986,0.141999,-0.002048,0.025555,0.031756,0.009643,-0.002146,0.012677
1777335862.008453,-0.223837,0.246064,2.196033,-3.914475,0.222008,0.005141,-0.001475,0.021384,-0.252327,0.248731,2.195789,-3.905485,-0.147904,0.141676,-0.002089,0.025893,0.031647,0.009535,-0.002188,0.012962
1777335862.041844,-0.227724,0.249584,2.195998,-3.913591,0.218806,0.005179,-0.001482,0.021612,-0.257247,0.253435,2.195718,-3.904600,-0.147820,0.141344,-0.002131,0.026554,0.031958,0.009141,-0.002236,0.013233
1777335862.075207,-0.234242,0.255477,2.195882,-3.912706,0.220194,0.005379,-0.001578,0.021962,-0.262176,0.258140,2.195646,-3.903693,-0.147734,0.141006,-0.002172,0.027195,0.031705,0.009142,-0.002275,0.013512
1777335862.108495,-0.237347,0.258269,2.195827,-3.911815,0.217683,0.005410,-0.001614,0.022765,-0.267108,0.262839,2.195572,-3.902766,-0.147647,0.140661,-0.002214,0.027812,0.032173,0.008646,-0.002317,0.013803
1777335862.141858,-0.244033,0.264303,2.195793,-3.910873,0.219281,0.005602,-0.001603,0.023144,-0.272020,0.267509,2.195496,-3.901823,-0.147558,0.140311,-0.002256,0.028296,0.031992,0.008607,-0.002368,0.014091
1777335862.175247,-0.247458,0.267382,2.195671,-3.909933,0.216515,0.005622,-0.001715,0.023692,-0.276971,0.272208,2.195419,-3.900852,-0.147467,0.139952,-0.002297,0.029132,0.032394,0.008165,-0.002408,0.014379
1777335862.208524,-0.253673,0.272973,2.195609,-3.908974,0.218417,0.005800,-0.001739,0.024384,-0.281884,0.276862,2.195341,-3.899868,-0.147374,0.139589,-0.002339,0.029519,0.032324,0.008057,-0.002452,0.014682
1777335862.241871,-0.257292,0.276222,2.195573,-3.907984,0.215834,0.005815,-0.001739,0.024912,-0.286752,0.281463,2.195263,-3.898873,-0.147281,0.139223,-0.002380,0.029851,0.032742,0.007612,-0.002504,0.014975
1777335862.275194,-0.263524,0.281817,2.195448,-3.906988,0.217836,0.005981,-0.001839,0.025633,-0.291683,0.286115,2.195182,-3.897844,-0.147185,0.138846,-0.002422,0.030859,0.032644,0.007532,-0.002545,0.015260
1777335862.308533,-0.267213,0.285123,2.195376,-3.905957,0.215274,0.005986,-0.001879,0.026125,-0.296576,0.290722,2.195100,-3.896803,-0.147088,0.138465,-0.002463,0.031238,0.033011,0.007130,-0.002589,0.015560
1777335862.341849,-0.273423,0.290688,2.195342,-3.904923,0.217302,0.006136,-0.001861,0.026872,-0.301467,0.295316,2.195016,-3.895741,-0.146989,0.138078,-0.002504,0.031845,0.032879,0.007083,-0.002642,0.015854
1777335862.375186,-0.276984,0.293874,2.195207,-3.903857,0.214997,0.006134,-0.001979,0.027526,-0.306407,0.299946,2.194931,-3.894648,-0.146888,0.137681,-0.002546,0.032807,0.033237,0.006694,-0.002684,0.016147
1777335862.408528,-0.283635,0.299828,2.195131,-3.902764,0.216743,0.006263,-0.002003,0.027917,-0.311267,0.304491,2.194845,-3.893551,-0.146786,0.137284,-0.002587,0.032904,0.032956,0.006761,-0.002727,0.016453
1777335862.441830,-0.283635,0.299828,2.195131,-3.902764,0.216743,0.006263,-0.002003,0.027917,-0.316138,0.309037,2.194758,-3.892431,-0.146683,0.136879,-0.002629,0.033611,0.034364,0.005632,-0.002788,0.017233
1777335862.475155,-0.289368,0.304949,2.195066,-3.901606,0.210823,0.006187,-0.001986,0.027038,-0.321057,0.313616,2.194668,-3.891278,-0.146577,0.136464,-0.002670,0.034591,0.035244,0.004887,-0.002853,0.017919
1777335862.508457,-0.295124,0.310092,2.194927,-3.900519,0.210434,0.006233,-0.002086,0.027160,-0.325912,0.318126,2.194578,-3.890118,-0.146471,0.136049,-0.002712,0.034788,0.035685,0.004463,-0.002906,0.018580
1777335862.541842,-0.304305,0.318299,2.194841,-3.898193,0.211167,0.006320,-0.002080,0.028621,-0.330781,0.322638,2.194487,-3.888933,-0.146362,0.135625,-0.002753,0.035540,0.034579,0.005154,-0.002958,0.018639
1777335862.575160,-0.306927,0.320632,2.194690,-3.896908,0.208303,0.006261,-0.002213,0.030204,-0.335676,0.327163,2.194393,-3.887720,-0.146251,0.135193,-0.002795,0.036393,0.034422,0.005173,-0.002998,0.018691
1777335862.608498,-0.313284,0.326316,2.194604,-3.895567,0.209972,0.006314,-0.002236,0.031141,-0.340544,0.331652,2.194299,-3.886492,-0.146140,0.134757,-0.002836,0.036850,0.033786,0.005545,-0.003039,0.018728
1777335862.641831,-0.316666,0.329332,2.194564,-3.894252,0.207365,0.006247,-0.002227,0.032042,-0.345405,0.336123,2.194203,-3.885243,-0.146026,0.134316,-0.002877,0.037468,0.033755,0.005489,-0.003092,0.018760
1777335862.675192,-0.322946,0.334941,2.194403,-3.892941,0.209211,0.006283,-0.002349,0.032846,-0.350299,0.340613,2.194105,-3.883963,-0.145910,0.133865,-0.002919,0.038406,0.033236,0.005792,-0.003130,0.018805
1777335862.708534,-0.326543,0.338145,2.194316,-3.891627,0.206509,0.006202,-0.002389,0.033361,-0.355148,0.345050,2.194007,-3.882672,-0.145794,0.133412,-0.002960,0.038730,0.033232,0.005730,-0.003171,0.018884
1777335862.741858,-0.333263,0.344130,2.194267,-3.890312,0.207818,0.006209,-0.002359,0.033492,-0.359986,0.349466,2.193907,-3.881361,-0.145676,0.132953,-0.003001,0.039330,0.032585,0.006140,-0.003222,0.018979
1777335862.775183,-0.336596,0.347095,2.194096,-3.889025,0.204728,0.006109,-0.002498,0.033852,-0.364868,0.353909,2.193805,-3.880015,-0.145555,0.132484,-0.003043,0.040376,0.032545,0.006117,-0.003257,0.019116
1777335862.808499,-0.342447,0.352302,2.194016,-3.887749,0.206638,0.006117,-0.002520,0.034737,-0.369681,0.358278,2.193703,-3.878665,-0.145435,0.132016,-0.003084,0.040500,0.032165,0.006347,-0.003297,0.019326
1777335862.841851,-0.346116,0.355556,2.193966,-3.886429,0.203970,0.006022,-0.002503,0.035017,-0.374562,0.362697,2.193598,-3.877272,-0.145310,0.131535,-0.003126,0.041789,0.032219,0.006267,-0.003348,0.019549
1777335862.875207,-0.351776,0.360583,2.193805,-3.885162,0.206295,0.006029,-0.002629,0.036231,-0.379373,0.367039,2.193493,-3.875876,-0.145186,0.131054,-0.003167,0.041889,0.031974,0.006409,-0.003387,0.019863
1777335862.908507,-0.355655,0.364014,2.193703,-3.883814,0.203974,0.005935,-0.002672,0.036456,-0.384207,0.371389,2.193386,-3.874449,-0.145060,0.130565,-0.003208,0.042797,0.032059,0.006314,-0.003427,0.020182
1777335862.941844,-0.362132,0.369743,2.193652,-3.882484,0.205782,0.005916,-0.002639,0.036680,-0.389030,0.375719,2.193278,-3.873001,-0.144932,0.130070,-0.003249,0.043436,0.031550,0.006658,-0.003478,0.020550
1777335862.975278,-0.365340,0.372581,2.193476,-3.881157,0.203635,0.005821,-0.002783,0.037435,-0.393866,0.380045,2.193168,-3.871526,-0.144802,0.129568,-0.003291,0.044269,0.031631,0.006571,-0.003514,0.020963
1777335863.008539,-0.371748,0.378234,2.193376,-3.879772,0.205544,0.005795,-0.002808,0.037828,-0.398686,0.384346,2.193057,-3.870030,-0.144671,0.129062,-0.003332,0.044866,0.031137,0.006910,-0.003553,0.021405
1777335863.041826,-0.374798,0.380927,2.193332,-3.878406,0.203824,0.005706,-0.002791,0.039076,-0.403500,0.388627,2.192944,-3.868512,-0.144538,0.128550,-0.003373,0.045552,0.031270,0.006788,-0.003606,0.021881
1777335863.075196,-0.380907,0.386303,2.193150,-3.876972,0.206238,0.005684,-0.002927,0.040061,-0.408337,0.392915,2.192830,-3.866961,-0.144403,0.128029,-0.003415,0.046518,0.030901,0.007038,-0.003643,0.022368
1777335863.108517,-0.384475,0.389436,2.193048,-3.875506,0.204539,0.005590,-0.002970,0.040897,-0.413137,0.397158,2.192715,-3.865397,-0.144267,0.127506,-0.003456,0.046920,0.030960,0.006970,-0.003683,0.022871
1777335863.141905,-0.390974,0.395135,2.192990,-3.873996,0.206660,0.005548,-0.002938,0.041387,-0.417924,0.401375,2.192599,-3.863812,-0.144130,0.126979,-0.003497,0.047553,0.030391,0.007369,-0.003735,0.023357
1777335863.175134,-0.394734,0.398425,2.192786,-3.872452,0.204100,0.005426,-0.003092,0.041643,-0.422750,0.405613,2.192480,-3.862188,-0.143990,0.126440,-0.003539,0.048719,0.030202,0.007486,-0.003768,0.023827
1777335863.208498,-0.401160,0.404043,2.192681,-3.870882,0.205677,0.005359,-0.003109,0.041987,-0.427533,0.409799,2.192361,-3.860553,-0.143849,0.125901,-0.003580,0.049058,0.029460,0.008018,-0.003805,0.024307
1777335863.241802,-0.404439,0.406908,2.192631,-3.869288,0.203145,0.005236,-0.003078,0.042764,-0.432312,0.413968,2.192241,-3.858893,-0.143707,0.125356,-0.003621,0.049799,0.029277,0.008133,-0.003856,0.024763
1777335863.275137,-0.412353,0.413783,2.192386,-3.866016,0.202634,0.005099,-0.003217,0.044599,-0.437129,0.418156,2.192118,-3.857193,-0.143562,0.124800,-0.003662,0.050998,0.028066,0.009028,-0.003881,0.024467
1777335863.308523,-0.419397,0.419909,2.192305,-3.864259,0.205660,0.005029,-0.003207,0.045539,-0.441893,0.422283,2.191995,-3.855485,-0.143417,0.124245,-0.003703,0.051233,0.026284,0.010359,-0.003915,0.024255
1777335863.341842,-0.419397,0.419909,2.192305,-3.864259,0.205660,0.005029,-0.003207,0.045539,-0.446677,0.426413,2.191870,-3.853743,-0.143269,0.123681,-0.003745,0.052258,0.026281,0.010339,-0.003975,0.024880
1777335863.375133,-0.424094,0.423991,2.192087,-3.862488,0.204153,0.004890,-0.003362,0.045834,-0.451435,0.430505,2.191744,-3.851984,-0.143121,0.123114,-0.003786,0.052785,0.026242,0.010348,-0.004015,0.025451
1777335863.408489,-0.430658,0.429641,2.191955,-3.860752,0.204967,0.004796,-0.003394,0.045731,-0.456206,0.434595,2.191616,-3.850192,-0.142970,0.122539,-0.003827,0.053756,0.025576,0.010834,-0.004053,0.025984
1777335863.441910,-0.434052,0.432560,2.191894,-3.859044,0.201294,0.004645,-0.003357,0.045694,-0.460950,0.438646,2.191488,-3.848383,-0.142818,0.121962,-0.003868,0.054277,0.025411,0.010940,-0.004105,0.026524
1777335863.475189,-0.439927,0.437597,2.191680,-3.857316,0.202450,0.004562,-0.003508,0.046351,-0.465714,0.442699,2.191357,-3.846537,-0.142665,0.121376,-0.003909,0.055356,0.024862,0.011343,-0.004139,0.027054
1777335863.508504,-0.443056,0.440272,2.191570,-3.855532,0.199748,0.004439,-0.003538,0.047298,-0.470464,0.446725,2.191226,-3.844669,-0.142509,0.120785,-0.003950,0.056042,0.024873,0.011320,-0.004178,0.027584
1777335863.541842,-0.449456,0.445717,2.191507,-3.853675,0.200938,0.004356,-0.003487,0.047671,-0.475203,0.450726,2.191093,-3.842777,-0.142353,0.120191,-0.003991,0.056762,0.024311,0.011739,-0.004230,0.028077
1777335863.575177,-0.452702,0.448475,2.191285,-3.851815,0.198029,0.004229,-0.003649,0.048415,-0.479946,0.454715,2.190958,-3.840854,-0.142194,0.119589,-0.004033,0.057683,0.024267,0.011764,-0.004264,0.028550
1777335863.608463,-0.458069,0.453020,2.191186,-3.849965,0.200084,0.004173,-0.003674,0.050695,-0.484680,0.458681,2.190823,-3.838906,-0.142034,0.118983,-0.004074,0.058451,0.023977,0.011979,-0.004306,0.029031
1777335863.641841,-0.461463,0.455883,2.191124,-3.847998,0.198335,0.004073,-0.003646,0.052265,-0.489398,0.462617,2.190686,-3.836935,-0.141873,0.118373,-0.004115,0.059133,0.024099,0.011876,-0.004362,0.029471
1777335863.675190,-0.470112,0.463121,2.190824,-3.844005,0.197127,0.003917,-0.003795,0.053527,-0.494129,0.466548,2.190547,-3.834929,-0.141710,0.117755,-0.004156,0.060189,0.022947,0.012768,-0.004384,0.028974
1777335863.708478,-0.477151,0.469008,2.190733,-3.841925,0.199544,0.003834,-0.003770,0.054101,-0.498852,0.470457,2.190407,-3.832895,-0.141545,0.117132,-0.004197,0.061002,0.021233,0.014099,-0.004417,0.028579
1777335863.741829,-0.480481,0.471788,2.190492,-3.839909,0.197660,0.003723,-0.003958,0.055446,-0.503565,0.474341,2.190266,-3.830836,-0.141378,0.116505,-0.004238,0.061782,0.020198,0.014902,-0.004429,0.028308
1777335863.775164,-0.487053,0.477227,2.190355,-3.837878,0.199296,0.003646,-0.003991,0.055651,-0.508293,0.478220,2.190122,-3.828739,-0.141210,0.115870,-0.004279,0.062902,0.018740,0.016035,-0.004445,0.028147
1777335863.808493,-0.490661,0.480205,2.190285,-3.835919,0.196369,0.003522,-0.003947,0.055504,-0.512974,0.482045,2.189979,-3.826632,-0.141041,0.115235,-0.004320,0.063224,0.017846,0.016728,-0.004477,0.028140
1777335863.841858,-0.490661,0.480205,2.190285,-3.835919,0.196369,0.003522,-0.003947,0.055504,-0.517668,0.485863,2.189834,-3.824488,-0.140870,0.114592,-0.004361,0.064319,0.018488,0.016212,-0.004539,0.029126
1777335863.875188,-0.496522,0.485013,2.190061,-3.833998,0.196623,0.003433,-0.004089,0.055138,-0.522379,0.489678,2.189686,-3.822303,-0.140697,0.113942,-0.004402,0.065527,0.018631,0.016091,-0.004584,0.030120
1777335863.908523,-0.500027,0.487867,2.189925,-3.832116,0.193914,0.003335,-0.004124,0.055052,-0.527050,0.493444,2.189539,-3.820106,-0.140523,0.113291,-0.004443,0.065933,0.019076,0.015731,-0.004630,0.031156
1777335863.941884,-0.506831,0.493361,2.189843,-3.830165,0.194287,0.003281,-0.004057,0.054128,-0.531731,0.497201,2.189389,-3.817871,-0.140347,0.112632,-0.004484,0.067040,0.018782,0.015954,-0.004690,0.032176
1777335863.975180,-0.509895,0.495831,2.189593,-3.828195,0.190668,0.003178,-0.004221,0.054167,-0.536386,0.500919,2.189239,-3.815616,-0.140171,0.111972,-0.004525,0.067654,0.018989,0.015785,-0.004728,0.033207
1777335864.008496,-0.515874,0.500617,2.189466,-3.826111,0.191406,0.003144,-0.004223,0.054560,-0.541063,0.504638,2.189086,-3.813317,-0.139992,0.111302,-0.004566,0.068979,0.018743,0.015976,-0.004771,0.034189
1777335864.041877,-0.519202,0.503271,2.189399,-3.823921,0.187808,0.003047,-0.004149,0.054857,-0.545712,0.508317,2.188933,-3.810998,-0.139812,0.110631,-0.004607,0.069567,0.018910,0.015843,-0.004831,0.035121
1777335864.075196,-0.524941,0.507827,2.189155,-3.821686,0.188838,0.003022,-0.004309,0.056103,-0.550393,0.512002,2.188777,-3.808629,-0.139629,0.109950,-0.004648,0.071057,0.018703,0.016011,-0.004872,0.035975
1777335864.108490,-0.528142,0.510359,2.189024,-3.819334,0.185938,0.002939,-0.004326,0.057344,-0.555034,0.515639,2.188621,-3.806246,-0.139446,0.109268,-0.004689,0.071501,0.018933,0.015834,-0.004917,0.036760
1777335864.141810,-0.534149,0.515085,2.188958,-3.816907,0.187077,0.002915,-0.004255,0.058629,-0.559655,0.519242,2.188464,-3.803839,-0.139262,0.108584,-0.004730,0.072213,0.018700,0.016029,-0.004981,0.037425
1777335864.175352,-0.537606,0.517793,2.188687,-3.814389,0.183839,0.002825,-0.004430,0.059438,-0.564323,0.522863,2.188304,-3.801371,-0.139074,0.107886,-0.004771,0.074021,0.018815,0.015948,-0.005020,0.037967
1777335864.208493,-0.543336,0.522262,2.188561,-3.811870,0.185082,0.002800,-0.004436,0.061269,-0.568934,0.526422,2.188144,-3.798898,-0.138886,0.107192,-0.004812,0.074184,0.018575,0.016155,-0.005066,0.038468
1777335864.241876,-0.546553,0.524761,2.188494,-3.809260,0.182466,0.002722,-0.004372,0.062940,-0.573553,0.529968,2.187983,-3.796386,-0.138697,0.106491,-0.004853,0.075370,0.018742,0.016036,-0.005130,0.038843
1777335864.275162,-0.552175,0.529106,2.188240,-3.806651,0.184128,0.002703,-0.004549,0.065409,-0.578187,0.533508,2.187819,-3.793829,-0.138505,0.105782,-0.004894,0.076726,0.018561,0.016199,-0.005174,0.039164
1777335864.308464,-0.555462,0.531635,2.188099,-3.803963,0.182056,0.002632,-0.004581,0.067416,-0.582776,0.536994,2.187655,-3.791260,-0.138313,0.105074,-0.004934,0.077070,0.018751,0.016060,-0.005223,0.039432
1777335864.341846,-0.561438,0.536210,2.188024,-3.801253,0.183717,0.002607,-0.004521,0.069121,-0.587375,0.540469,2.187490,-3.788648,-0.138119,0.104358,-0.004975,0.078360,0.018480,0.016297,-0.005289,0.039619
1777335864.375144,-0.564645,0.538656,2.187754,-3.798549,0.181753,0.002536,-0.004715,0.071100,-0.591975,0.543925,2.187322,-3.785998,-0.137923,0.103637,-0.005016,0.079491,0.018598,0.016214,-0.005332,0.039791
1777335864.408495,-0.570373,0.543001,2.187613,-3.795834,0.183671,0.002512,-0.004746,0.073302,-0.596564,0.547355,2.187154,-3.783316,-0.137726,0.102912,-0.005057,0.080467,0.018333,0.016442,-0.005380,0.039961
1777335864.441824,-0.574079,0.545800,2.187523,-3.793039,0.181338,0.002430,-0.004687,0.073870,-0.601147,0.550760,2.186984,-3.780599,-0.137527,0.102183,-0.005098,0.081499,0.018307,0.016472,-0.005443,0.040103
1777335864.475190,-0.580001,0.550250,2.187240,-3.790321,0.182873,0.002391,-0.004878,0.074930,-0.605737,0.554150,2.186812,-3.777839,-0.137326,0.101446,-0.005138,0.082788,0.017868,0.016843,-0.005482,0.040275
1777335864.508507,-0.583322,0.552736,2.187088,-3.787573,0.180551,0.002310,-0.004905,0.075801,-0.610305,0.557505,2.186640,-3.775053,-0.137124,0.100708,-0.005179,0.083598,0.017795,0.016909,-0.005525,0.040488
1777335864.541869,-0.589298,0.557182,2.187009,-3.784823,0.181946,0.002266,-0.004833,0.076512,-0.614864,0.560834,2.186466,-3.772232,-0.136921,0.099965,-0.005220,0.084614,0.017300,0.017325,-0.005587,0.040733
1777335864.575191,-0.592484,0.559543,2.186721,-3.782086,0.179683,0.002187,-0.005034,0.077485,-0.619440,0.564154,2.186290,-3.769361,-0.136715,0.099215,-0.005261,0.086142,0.017205,0.017408,-0.005623,0.041033
1777335864.608491,-0.598317,0.563838,2.186568,-3.779331,0.181192,0.002146,-0.005057,0.078435,-0.623963,0.567417,2.186114,-3.766481,-0.136510,0.098467,-0.005301,0.086384,0.016734,0.017805,-0.005665,0.041411
1777335864.641823,-0.601697,0.566316,2.186483,-3.776545,0.178816,0.002064,-0.004991,0.078888,-0.628574,0.570722,2.185933,-3.763505,-0.136299,0.097699,-0.005343,0.089304,0.016593,0.017925,-0.005725,0.041804
1777335864.675185,-0.608154,0.571016,2.186160,-3.773713,0.179562,0.002007,-0.005186,0.078183,-0.633093,0.573941,2.185755,-3.760545,-0.136090,0.096941,-0.005383,0.088783,0.015936,0.018481,-0.005754,0.042318
1777335864.708489,-0.611883,0.573716,2.185983,-3.770864,0.175171,0.001895,-0.005167,0.076592,-0.637634,0.577156,2.185573,-3.757528,-0.135879,0.096174,-0.005424,0.090509,0.015557,0.018808,-0.005785,0.042807
1777335864.741821,-0.616997,0.577399,2.185932,-3.768151,0.176178,0.001856,-0.005074,0.078123,-0.642103,0.580298,2.185393,-3.754518,-0.135669,0.095413,-0.005464,0.090307,0.015049,0.019249,-0.005843,0.043434
1777335864.775176,-0.620447,0.579868,2.185888,-3.765207,0.172889,0.001768,-0.004929,0.077856,-0.646629,0.583461,2.185209,-3.751425,-0.135454,0.094638,-0.005505,0.092789,0.014857,0.019428,-0.005927,0.044008
1777335864.808477,-0.625835,0.583696,2.185618,-3.762364,0.174105,0.001738,-0.005105,0.079395,-0.651173,0.586614,2.185023,-3.748276,-0.135237,0.093854,-0.005546,0.094460,0.014437,0.019804,-0.005992,0.044705
1777335864.841840,-0.625835,0.583696,2.185618,-3.762364,0.174105,0.001738,-0.005105,0.079395,-0.655626,0.589684,2.184839,-3.745146,-0.135022,0.093080,-0.005586,0.093914,0.015187,0.019182,-0.006093,0.046783
1777335864.875174,-0.631410,0.587632,2.185369,-3.756365,0.167556,0.001599,-0.005052,0.080084,-0.660120,0.592760,2.184651,-3.741943,-0.134804,0.092293,-0.005627,0.096090,0.015494,0.018953,-0.006177,0.047240
1777335864.908469,-0.635781,0.590683,2.185076,-3.753322,0.167730,0.001561,-0.005258,0.082516,-0.664597,0.595805,2.184463,-3.738706,-0.134584,0.091505,-0.005667,0.097116,0.015740,0.018780,-0.006236,0.047781
1777335864.941842,-0.642348,0.595233,2.184918,-3.750075,0.170598,0.001553,-0.005278,0.084855,-0.669079,0.598830,2.184272,-3.735419,-0.134362,0.090710,-0.005708,0.098587,0.015378,0.019133,-0.006300,0.048282
1777335864.975194,-0.646280,0.597943,2.184539,-3.746753,0.169049,0.001491,-0.005555,0.086054,-0.673565,0.601837,2.184080,-3.732084,-0.134139,0.089909,-0.005748,0.100074,0.015165,0.019357,-0.006323,0.048752
1777335865.008482,-0.652549,0.602236,2.184339,-3.743430,0.170655,0.001458,-0.005597,0.087034,-0.678009,0.604794,2.183888,-3.728732,-0.133915,0.089110,-0.005789,0.100549,0.014500,0.019975,-0.006346,0.049218
1777335865.041834,-0.655804,0.604454,2.184243,-3.740110,0.168562,0.001391,-0.005531,0.088598,-0.682469,0.607740,2.183693,-3.725320,-0.133689,0.088303,-0.005829,0.102364,0.014189,0.020284,-0.006389,0.049658
1777335865.075176,-0.661241,0.608129,2.183920,-3.736796,0.170346,0.001367,-0.005766,0.091548,-0.686957,0.610682,2.183496,-3.721838,-0.133459,0.087485,-0.005870,0.104443,0.013643,0.020797,-0.006406,0.050149
1777335865.108535,-0.664780,0.610506,2.183725,-3.733324,0.168253,0.001300,-0.005807,0.092536,-0.691373,0.613555,2.183300,-3.718363,-0.133232,0.086675,-0.005911,0.104264,0.013364,0.021075,-0.006424,0.050654
1777335865.141835,-0.670792,0.614507,2.183623,-3.729884,0.169468,0.001268,-0.005724,0.093199,-0.695802,0.616414,2.183102,-3.714829,-0.133001,0.085858,-0.005951,0.106012,0.012709,0.021685,-0.006463,0.051110
1777335865.175173,-0.674140,0.616722,2.183264,-3.726419,0.166778,0.001198,-0.005955,0.093512,-0.700235,0.619253,2.182902,-3.711242,-0.132769,0.085035,-0.005991,0.107629,0.012375,0.022011,-0.006468,0.051600
1777335865.208482,-0.679666,0.620342,2.183094,-3.722987,0.168010,0.001175,-0.005973,0.095109,-0.704644,0.622055,2.182701,-3.707622,-0.132536,0.084211,-0.006032,0.108578,0.011799,0.022551,-0.006482,0.052156
1777335865.241817,-0.682890,0.622441,2.182998,-3.719454,0.165619,0.001115,-0.005885,0.096064,-0.709059,0.624837,2.182499,-3.703948,-0.132301,0.083381,-0.006072,0.110237,0.011555,0.022797,-0.006520,0.052715
1777335865.275152,-0.688510,0.626062,2.182656,-3.715935,0.166869,0.001100,-0.006113,0.097492,-0.713474,0.627597,2.182294,-3.700220,-0.132064,0.082545,-0.006113,0.111825,0.011037,0.023288,-0.006528,0.053331
1777335865.308486,-0.691746,0.628134,2.182469,-3.712347,0.164521,0.001045,-0.006134,0.098387,-0.717865,0.630318,2.182089,-3.696461,-0.131826,0.081709,-0.006153,0.112792,0.010835,0.023497,-0.006542,0.053984
1777335865.341828,-0.691746,0.628134,2.182469,-3.712347,0.164521,0.001045,-0.006134,0.098387,-0.722238,0.633006,2.181884,-3.692663,-0.131588,0.080871,-0.006193,0.113920,0.011607,0.022834,-0.006600,0.056278
1777335865.375183,-0.699916,0.633304,2.181934,-3.705058,0.161261,0.000966,-0.006336,0.098595,-0.726633,0.635683,2.181675,-3.688793,-0.131346,0.080024,-0.006234,0.116108,0.011364,0.023095,-0.006589,0.056689
1777335865.408477,-0.705476,0.636754,2.181811,-3.701428,0.163356,0.000989,-0.006307,0.102056,-0.731000,0.638321,2.181466,-3.684892,-0.131104,0.079177,-0.006274,0.117020,0.010868,0.023582,-0.006599,0.057229
1777335865.441857,-0.709007,0.638934,2.181726,-3.697457,0.161445,0.000950,-0.006191,0.103588,-0.735358,0.640929,2.181256,-3.680945,-0.130861,0.078327,-0.006315,0.118418,0.010603,0.023860,-0.006637,0.057699
1777335865.475161,-0.715171,0.642701,2.181366,-3.693485,0.162486,0.000949,-0.006396,0.104040,-0.739727,0.643521,2.181043,-3.676931,-0.130615,0.077469,-0.006355,0.120419,0.009957,0.024482,-0.006644,0.058145
1777335865.508468,-0.718060,0.644453,2.181201,-3.689601,0.160399,0.000909,-0.006399,0.106408,-0.744052,0.646062,2.180831,-3.672903,-0.130369,0.076615,-0.006395,0.120852,0.009704,0.024747,-0.006663,0.058662
1777335865.541818,-0.724250,0.648165,2.181094,-3.685518,0.161059,0.000910,-0.006274,0.106264,-0.748377,0.648581,2.180617,-3.668816,-0.130122,0.075756,-0.006435,0.122607,0.009070,0.025360,-0.006706,0.059106
1777335865.575175,-0.726877,0.649726,2.180766,-3.681631,0.158968,0.000875,-0.006493,0.109160,-0.752735,0.651094,2.180400,-3.664640,-0.129871,0.074885,-0.006476,0.125273,0.008872,0.025573,-0.006724,0.059646
1777335865.608502,-0.732247,0.652880,2.180586,-3.677597,0.160337,0.000895,-0.006514,0.111858,-0.757028,0.653545,2.180184,-3.660469,-0.129621,0.074023,-0.006516,0.125144,0.008468,0.025974,-0.006753,0.060272
1777335865.641821,-0.735522,0.654790,2.180481,-3.673482,0.158263,0.000863,-0.006422,0.113106,-0.761346,0.655986,2.179965,-3.656214,-0.129369,0.073151,-0.006556,0.127635,0.008316,0.026145,-0.006804,0.060844
1777335865.675171,-0.741128,0.658014,2.180125,-3.669404,0.159472,0.000888,-0.006647,0.114533,-0.765660,0.658401,2.179745,-3.651902,-0.129114,0.072274,-0.006596,0.129370,0.007901,0.026555,-0.006827,0.061506
1777335865.708467,-0.744358,0.659858,2.179929,-3.665259,0.157206,0.000858,-0.006656,0.115332,-0.769944,0.660775,2.179524,-3.647559,-0.128860,0.071398,-0.006636,0.130267,0.007750,0.026724,-0.006856,0.062218
1777335865.741866,-0.750170,0.663127,2.179825,-3.661075,0.158025,0.000889,-0.006539,0.115599,-0.774222,0.663121,2.179302,-3.643162,-0.128604,0.070519,-0.006676,0.131913,0.007299,0.027168,-0.006910,0.062940
1777335865.775223,-0.753113,0.664768,2.179467,-3.656914,0.155682,0.000864,-0.006760,0.116873,-0.778527,0.665457,2.179077,-3.638675,-0.128344,0.069629,-0.006717,0.134630,0.007168,0.027318,-0.006935,0.063730
1777335865.808529,-0.758418,0.667681,2.179286,-3.652710,0.156851,0.000910,-0.006770,0.119123,-0.782815,0.667758,2.178850,-3.634142,-0.128083,0.068738,-0.006757,0.135990,0.006843,0.027645,-0.006971,0.064632
1777335865.841856,-0.761143,0.669165,2.179200,-3.648491,0.155365,0.000901,-0.006690,0.123163,-0.787051,0.670006,2.178625,-3.629600,-0.127824,0.067853,-0.006797,0.136259,0.006851,0.027662,-0.007035,0.065600
1777335865.875215,-0.766819,0.672215,2.178830,-3.644059,0.156685,0.000957,-0.006925,0.124778,-0.791301,0.672237,2.178397,-3.624979,-0.127562,0.066960,-0.006837,0.138627,0.006563,0.027953,-0.007068,0.066496
1777335865.908494,-0.770131,0.673980,2.178623,-3.639615,0.154579,0.000943,-0.006937,0.125482,-0.795542,0.674438,2.178168,-3.620302,-0.127298,0.066064,-0.006877,0.140297,0.006479,0.028053,-0.007106,0.067428
1777335865.941848,-0.776092,0.677104,2.178508,-3.635090,0.155209,0.001001,-0.006808,0.125038,-0.799761,0.676602,2.177939,-3.615586,-0.127034,0.065168,-0.006917,0.141502,0.006072,0.028455,-0.007167,0.068355
1777335865.975184,-0.779239,0.678736,2.178117,-3.630547,0.152295,0.000983,-0.007026,0.124787,-0.804009,0.678756,2.177705,-3.610768,-0.126766,0.064261,-0.006957,0.144511,0.005917,0.028623,-0.007194,0.069271
1777335866.008493,-0.784385,0.681358,2.177939,-3.626034,0.153151,0.001051,-0.007018,0.127001,-0.808225,0.680867,2.177472,-3.605920,-0.126498,0.063356,-0.006997,0.145457,0.005613,0.028930,-0.007233,0.070295
1777335866.041857,-0.787625,0.682997,2.177830,-3.621278,0.150440,0.001040,-0.006884,0.127197,-0.812429,0.682947,2.177238,-3.601017,-0.126229,0.062449,-0.007037,0.147078,0.005526,0.029038,-0.007298,0.071248
1777335866.075189,-0.793332,0.685834,2.177432,-3.616521,0.150772,0.001110,-0.007100,0.127138,-0.816627,0.684998,2.177002,-3.596052,-0.125958,0.061539,-0.007077,0.148963,0.005181,0.029388,-0.007328,0.072185
1777335866.108504,-0.796125,0.687204,2.177243,-3.611765,0.148107,0.001102,-0.007082,0.128473,-0.820800,0.687011,2.176766,-3.591047,-0.125687,0.060629,-0.007117,0.150144,0.005137,0.029460,-0.007368,0.073145
1777335866.141832,-0.801357,0.689731,2.177152,-3.606922,0.148863,0.001184,-0.006957,0.130695,-0.824983,0.689003,2.176527,-3.585961,-0.125413,0.059713,-0.007157,0.152596,0.004917,0.029699,-0.007438,0.074081
1777335866.175157,-0.804134,0.691056,2.176778,-3.602013,0.146833,0.001187,-0.007193,0.133761,-0.829166,0.690968,2.176286,-3.580802,-0.125137,0.058791,-0.007197,0.154762,0.004970,0.029682,-0.007478,0.075044
1777335866.208486,-0.809611,0.693630,2.176568,-3.596958,0.147710,0.001276,-0.007201,0.135600,-0.833321,0.692894,2.176046,-3.575605,-0.124861,0.057872,-0.007237,0.155897,0.004794,0.029884,-0.007524,0.075988
1777335866.241827,-0.813177,0.695291,2.176436,-3.591743,0.144482,0.001267,-0.007041,0.134240,-0.837485,0.694797,2.175802,-3.570325,-0.124583,0.056945,-0.007277,0.158397,0.004747,0.029970,-0.007593,0.076827
1777335866.275146,-0.818001,0.697484,2.176069,-3.586790,0.145359,0.001361,-0.007276,0.138007,-0.841618,0.696660,2.175559,-3.565010,-0.124304,0.056021,-0.007317,0.159455,0.004601,0.030148,-0.007634,0.077776
1777335866.308504,-0.820963,0.698818,2.175858,-3.581515,0.143185,0.001364,-0.007283,0.140234,-0.845744,0.698493,2.175314,-3.559630,-0.124024,0.055094,-0.007356,0.161418,0.004672,0.030126,-0.007681,0.078645
1777335866.341873,-0.826085,0.701083,2.175758,-3.576283,0.144241,0.001464,-0.007176,0.143675,-0.849872,0.700299,2.175068,-3.554172,-0.123742,0.054162,-0.007396,0.163728,0.004574,0.030263,-0.007758,0.079524
1777335866.375180,-0.829087,0.702396,2.175355,-3.570917,0.142333,0.001471,-0.007430,0.146193,-0.854025,0.702090,2.174817,-3.548604,-0.123456,0.053220,-0.007436,0.167049,0.004669,0.030221,-0.007801,0.080398
1777335866.408493,-0.834769,0.704837,2.175124,-3.565440,0.142997,0.001569,-0.007430,0.146725,-0.858113,0.703825,2.174569,-3.543046,-0.123173,0.052288,-0.007476,0.166736,0.004509,0.030422,-0.007847,0.081299
1777335866.441839,-0.837742,0.706095,2.175012,-3.560000,0.140562,0.001569,-0.007294,0.147712,-0.862200,0.705533,2.174319,-3.537412,-0.122888,0.051351,-0.007516,0.169018,0.004551,0.030436,-0.007920,0.082121
1777335866.475199,-0.843037,0.708292,2.174598,-3.554512,0.141211,0.001666,-0.007542,0.149259,-0.866302,0.707220,2.174067,-3.531678,-0.122599,0.050407,-0.007555,0.172006,0.004407,0.030626,-0.007958,0.082971
1777335866.508488,-0.845637,0.709354,2.174399,-3.549043,0.139360,0.001673,-0.007556,0.153215,-0.870363,0.708862,2.173814,-3.525924,-0.122311,0.049468,-0.007595,0.172640,0.004513,0.030583,-0.008006,0.083921
1777335866.541854,-0.851123,0.711560,2.174275,-3.543317,0.140096,0.001773,-0.007430,0.154458,-0.874433,0.710480,2.173560,-3.520075,-0.122021,0.048522,-0.007635,0.175456,0.004393,0.030754,-0.008080,0.084777
1777335866.575169,-0.854023,0.712708,2.173852,-3.537657,0.137935,0.001773,-0.007689,0.156162,-0.878488,0.712065,2.173304,-3.514168,-0.121730,0.047576,-0.007674,0.177208,0.004467,0.030747,-0.008118,0.085693
1777335866.608478,-0.859392,0.714791,2.173624,-3.531899,0.138577,0.001872,-0.007688,0.157292,-0.882527,0.713616,2.173048,-3.508203,-0.121438,0.046628,-0.007714,0.178953,0.004343,0.030927,-0.008161,0.086609
1777335866.641816,-0.862468,0.715967,2.173500,-3.526049,0.135954,0.001865,-0.007536,0.157291,-0.886564,0.715138,2.172789,-3.502157,-0.121144,0.045677,-0.007754,0.181375,0.004382,0.030961,-0.008231,0.087509
1777335866.675154,-0.867469,0.717834,2.173082,-3.520278,0.136651,0.001963,-0.007794,0.159818,-0.890607,0.716634,2.172528,-3.496020,-0.120847,0.044720,-0.007793,0.184104,0.004286,0.031122,-0.008266,0.088491
1777335866.708486,-0.870318,0.718883,2.172856,-3.514325,0.134490,0.001960,-0.007798,0.161814,-0.894610,0.718088,2.172268,-3.489861,-0.120551,0.043768,-0.007833,0.184797,0.004375,0.031117,-0.008308,0.089509
1777335866.741854,-0.875597,0.720784,2.172737,-3.508305,0.135115,0.002058,-0.007660,0.163246,-0.898630,0.719519,2.172005,-3.483589,-0.120252,0.042808,-0.007872,0.188155,0.004283,0.031282,-0.008379,0.090475
1777335866.775174,-0.878184,0.721697,2.172319,-3.502351,0.133301,0.002058,-0.007933,0.167204,-0.902632,0.720915,2.171741,-3.477260,-0.119952,0.041848,-0.007912,0.189871,0.004402,0.031256,-0.008416,0.091561
1777335866.808457,-0.883473,0.723530,2.172077,-3.496151,0.134070,0.002157,-0.007946,0.169004,-0.906606,0.722273,2.171477,-3.470890,-0.119653,0.040890,-0.007951,0.191099,0.004337,0.031404,-0.008458,0.092612
1777335866.841845,-0.886455,0.724545,2.171949,-3.489927,0.131853,0.002150,-0.007808,0.170003,-0.910590,0.723606,2.171210,-3.464415,-0.119350,0.039925,-0.007991,0.194245,0.004418,0.031423,-0.008527,0.093626
1777335866.875164,-0.891548,0.726235,2.171504,-3.483714,0.132567,0.002245,-0.008082,0.172109,-0.914560,0.724905,2.170943,-3.457876,-0.119046,0.038960,-0.008030,0.196159,0.004348,0.031582,-0.008558,0.094721
1777335866.908498,-0.894454,0.727183,2.171262,-3.477352,0.130369,0.002236,-0.008082,0.173424,-0.918528,0.726175,2.170673,-3.451253,-0.118741,0.037991,-0.008070,0.198694,0.004432,0.031608,-0.008594,0.095808
1777335866.941846,-0.899480,0.728779,2.171146,-3.470997,0.131099,0.002330,-0.007946,0.175896,-0.922457,0.727403,2.170404,-3.444604,-0.118436,0.037028,-0.008109,0.199461,0.004375,0.031765,-0.008663,0.096948
1777335866.975153,-0.902920,0.729855,2.171059,-3.464318,0.127947,0.002302,-0.007675,0.173362,-0.926412,0.728610,2.170131,-3.437823,-0.118127,0.036054,-0.008149,0.203458,0.004400,0.031857,-0.008766,0.097941
1777335867.008461,-0.907257,0.731163,2.170682,-3.458108,0.128834,0.002394,-0.007918,0.179627,-0.930320,0.729774,2.169860,-3.431032,-0.117820,0.035087,-0.008188,0.203721,0.004383,0.031989,-0.008845,0.099185
1777335867.041836,-0.910025,0.731986,2.170458,-3.451384,0.127070,0.002388,-0.007926,0.183204,-0.934238,0.730911,2.169585,-3.424131,-0.117510,0.034114,-0.008227,0.207022,0.004515,0.031996,-0.008930,0.100295
1777335867.075197,-0.914986,0.733420,2.169949,-3.444672,0.128024,0.002481,-0.008289,0.186840,-0.938160,0.732020,2.169309,-3.417132,-0.117197,0.033135,-0.008267,0.209977,0.004510,0.032126,-0.008964,0.101444
1777335867.108496,-0.917958,0.734263,2.169660,-3.437790,0.126128,0.002469,-0.008345,0.188606,-0.942053,0.733091,2.169032,-3.410091,-0.116884,0.032160,-0.008306,0.211217,0.004623,0.032161,-0.008996,0.102583
1777335867.141861,-0.923240,0.735714,2.169504,-3.430855,0.126697,0.002553,-0.008216,0.189308,-0.945931,0.734129,2.168754,-3.402986,-0.116571,0.031184,-0.008345,0.213171,0.004567,0.032346,-0.009052,0.103654
1777335867.175203,-0.926023,0.736460,2.169009,-3.423915,0.124517,0.002530,-0.008521,0.190623,-0.949820,0.735139,2.168474,-3.395768,-0.116255,0.030202,-0.008385,0.216540,0.004655,0.032416,-0.009063,0.104718
1777335867.208481,-0.931165,0.737796,2.168747,-3.416857,0.124953,0.002607,-0.008517,0.191452,-0.953682,0.736113,2.168193,-3.388502,-0.115938,0.029223,-0.008424,0.217962,0.004599,0.032612,-0.009079,0.105817
1777335867.241854,-0.933701,0.738437,2.168628,-3.409845,0.122986,0.002585,-0.008375,0.194653,-0.957523,0.737051,2.167912,-3.381185,-0.115622,0.028245,-0.008463,0.219513,0.004709,0.032676,-0.009129,0.106928
1777335867.275162,-0.938339,0.739571,2.168168,-3.402762,0.123941,0.002667,-0.008681,0.199971,-0.961369,0.737960,2.167628,-3.373760,-0.115302,0.027261,-0.008502,0.222739,0.004726,0.032820,-0.009142,0.108046
1777335867.308530,-0.941351,0.740292,2.167889,-3.395364,0.121995,0.002643,-0.008697,0.201138,-0.965217,0.738839,2.167343,-3.366237,-0.114980,0.026273,-0.008542,0.225691,0.004839,0.032893,-0.009157,0.109129
1777335867.341888,-0.946160,0.741398,2.167762,-3.388142,0.122855,0.002721,-0.008565,0.204643,-0.969035,0.739682,2.167057,-3.358676,-0.114659,0.025289,-0.008581,0.226833,0.004842,0.033059,-0.009207,0.110299
1777335867.375181,-0.948742,0.741976,2.167294,-3.380822,0.121396,0.002703,-0.008875,0.209619,-0.972898,0.740502,2.166766,-3.350928,-0.114332,0.024290,-0.008620,0.232440,0.004983,0.033124,-0.009218,0.111459
1777335867.408542,-0.953784,0.743061,2.167021,-3.373269,0.122261,0.002777,-0.008899,0.211995,-0.976669,0.741273,2.166479,-3.343267,-0.114010,0.023310,-0.008659,0.229833,0.004986,0.033301,-0.009234,0.112733
1777335867.441876,-0.956550,0.743639,2.166881,-3.365745,0.120582,0.002751,-0.008766,0.214547,-0.980433,0.742012,2.166191,-3.335525,-0.113686,0.022328,-0.008698,0.232258,0.005101,0.033399,-0.009282,0.113816
1777335867.475152,-0.961410,0.744610,2.166394,-3.358155,0.121450,0.002820,-0.009070,0.217533,-0.984249,0.742731,2.165897,-3.327576,-0.113356,0.021329,-0.008737,0.238478,0.005099,0.033586,-0.009288,0.114905
1777335867.508546,-0.964298,0.745169,2.166119,-3.350388,0.119574,0.002787,-0.009075,0.218592,-0.987989,0.743404,2.165607,-3.319687,-0.113031,0.020346,-0.008776,0.236659,0.005197,0.033709,-0.009301,0.116134
1777335867.541865,-0.969467,0.746122,2.165970,-3.342547,0.119984,0.002843,-0.008898,0.218172,-0.991731,0.744046,2.165314,-3.311700,-0.112703,0.019359,-0.008815,0.239632,0.005154,0.033934,-0.009344,0.117165
1777335867.575198,-0.971673,0.746511,2.165518,-3.334982,0.118503,0.002814,-0.009198,0.224874,-0.995506,0.744663,2.165017,-3.303539,-0.112369,0.018359,-0.008854,0.244829,0.005278,0.034050,-0.009354,0.118351
1777335867.608474,-0.976921,0.747396,2.165221,-3.326794,0.118953,0.002868,-0.009193,0.224464,-0.999247,0.745243,2.164720,-3.295356,-0.112037,0.017364,-0.008893,0.245494,0.005254,0.034269,-0.009366,0.119537
1777335867.641926,-0.979554,0.747820,2.165085,-3.318847,0.116904,0.002825,-0.009024,0.225559,-1.002928,0.745783,2.164425,-3.287203,-0.111708,0.016382,-0.008932,0.244581,0.005354,0.034418,-0.009413,0.120696
1777335867.675177,-0.984289,0.748539,2.164590,-3.310820,0.117490,0.002878,-0.009313,0.227696,-1.006657,0.746298,2.164125,-3.278847,-0.111372,0.015383,-0.008971,0.250668,0.005358,0.034625,-0.009418,0.121734
1777335867.708531,-0.986852,0.748911,2.164332,-3.302700,0.115697,0.002839,-0.009309,0.230480,-1.010389,0.746781,2.163822,-3.270382,-0.111034,0.014379,-0.009010,0.253966,0.005484,0.034768,-0.009434,0.122943
1777335867.741983,-0.991546,0.749548,2.164199,-3.294487,0.116426,0.002894,-0.009153,0.233561,-1.014041,0.747223,2.163524,-3.262002,-0.110700,0.013394,-0.009048,0.251381,0.005519,0.034967,-0.009487,0.124215
1777335867.775186,-0.994407,0.749917,2.163674,-3.286062,0.114377,0.002846,-0.009438,0.233578,-1.017736,0.747638,2.163219,-3.253424,-0.110361,0.012394,-0.009087,0.257339,0.005640,0.035125,-0.009492,0.125219
1777335867.808537,-0.999397,0.750511,2.163400,-3.277652,0.114657,0.002887,-0.009394,0.232911,-1.021395,0.748017,2.162916,-3.244829,-0.110022,0.011399,-0.009126,0.257847,0.005648,0.035342,-0.009506,0.126365
1777335867.841976,-1.001766,0.750775,2.163283,-3.269336,0.112741,0.002840,-0.009214,0.235861,-1.025059,0.748365,2.162610,-3.236124,-0.109681,0.010399,-0.009165,0.261156,0.005792,0.035502,-0.009560,0.127508
1777335867.875230,-1.006297,0.751237,2.162794,-3.260841,0.113432,0.002890,-0.009501,0.239748,-1.028745,0.748681,2.162299,-3.227267,-0.109336,0.009390,-0.009204,0.265714,0.005859,0.035697,-0.009576,0.128707
1777335867.908493,-1.009005,0.751494,2.162518,-3.252139,0.111553,0.002842,-0.009485,0.241104,-1.032329,0.748957,2.161995,-3.218557,-0.108997,0.008405,-0.009242,0.261314,0.006023,0.035862,-0.009600,0.129969
1777335867.941817,-1.013665,0.751890,2.162383,-3.243494,0.112168,0.002889,-0.009310,0.243415,-1.035940,0.749204,2.161687,-3.209683,-0.108654,0.007410,-0.009281,0.266205,0.006095,0.036057,-0.009660,0.130961
1777335867.975212,-1.016228,0.752089,2.161875,-3.234739,0.110389,0.002841,-0.009599,0.245772,-1.039582,0.749419,2.161374,-3.200636,-0.108306,0.006402,-0.009320,0.271404,0.006272,0.036221,-0.009678,0.132043
1777335868.008503,-1.021037,0.752414,2.161597,-3.225832,0.110864,0.002882,-0.009571,0.246526,-1.043173,0.749599,2.161062,-3.191615,-0.107960,0.005405,-0.009359,0.270637,0.006349,0.036419,-0.009704,0.133221
1777335868.041829,-1.023197,0.752545,2.161487,-3.217180,0.109504,0.002844,-0.009423,0.254057,-1.046741,0.749745,2.160751,-3.182557,-0.107614,0.004411,-0.009397,0.271737,0.006561,0.036585,-0.009773,0.134397
1777335868.075171,-1.028060,0.752788,2.160954,-3.207953,0.110109,0.002887,-0.009715,0.255086,-1.050329,0.749859,2.160435,-3.173353,-0.107264,0.003408,-0.009436,0.276135,0.006660,0.036774,-0.009795,0.135389
1777335868.108464,-1.031313,0.752927,2.160621,-3.198586,0.107061,0.002804,-0.009613,0.249085,-1.053907,0.749940,2.160118,-3.164073,-0.106912,0.002404,-0.009474,0.278394,0.006805,0.036960,-0.009814,0.136329
1777335868.141836,-1.035773,0.753066,2.160511,-3.189675,0.107158,0.002831,-0.009369,0.249048,-1.057421,0.749986,2.159804,-3.154867,-0.106565,0.001415,-0.009513,0.276180,0.006890,0.037153,-0.009878,0.137396
1777335868.175129,-1.038323,0.753125,2.159964,-3.180378,0.104499,0.002757,-0.009621,0.247186,-1.060976,0.750000,2.159485,-3.145459,-0.106211,0.000411,-0.009551,0.282252,0.007082,0.037332,-0.009892,0.138222
1777335868.208470,-1.042256,0.753173,2.159749,-3.171468,0.105180,0.002802,-0.009590,0.254602,-1.064489,0.749980,2.159166,-3.136067,-0.105859,-0.000585,-0.009590,0.281756,0.007251,0.037511,-0.009929,0.139374
1777335868.241827,-1.045080,0.753189,2.159588,-3.161779,0.102927,0.002740,-0.009361,0.253271,-1.068003,0.749928,2.158846,-3.126580,-0.105504,-0.001584,-0.009628,0.284606,0.007493,0.037689,-0.009999,0.140235
1777335868.275174,-1.048801,0.753167,2.159140,-3.152914,0.104004,0.002795,-0.009667,0.265938,-1.071508,0.749841,2.158524,-3.117023,-0.105148,-0.002584,-0.009666,0.286695,0.007719,0.037862,-0.010042,0.141374
1777335868.308496,-1.051472,0.753134,2.158843,-3.143111,0.102649,0.002755,-0.009684,0.269492,-1.075009,0.749722,2.158199,-3.107384,-0.104790,-0.003586,-0.009705,0.289193,0.008017,0.038044,-0.010089,0.142335
1777335868.341869,-1.055982,0.753027,2.158691,-3.133557,0.103540,0.002804,-0.009528,0.272827,-1.078490,0.749569,2.157875,-3.097711,-0.104432,-0.004586,-0.009743,0.290182,0.008224,0.038213,-0.010171,0.143309
1777335868.375175,-1.058802,0.752940,2.158117,-3.123747,0.101681,0.002745,-0.009832,0.271514,-1.081995,0.749381,2.157545,-3.087878,-0.104069,-0.005595,-0.009782,0.294977,0.008496,0.038394,-0.010200,0.144147
1777335868.408443,-1.063157,0.752752,2.157852,-3.114217,0.102400,0.002786,-0.009808,0.274308,-1.085416,0.749163,2.157221,-3.078192,-0.103712,-0.006584,-0.009820,0.290580,0.008694,0.038560,-0.010242,0.145190
1777335868.441797,-1.065558,0.752631,2.157714,-3.104486,0.100891,0.002738,-0.009630,0.277367,-1.088860,0.748911,2.156893,-3.068355,-0.103350,-0.007583,-0.009858,0.295127,0.008990,0.038746,-0.010322,0.145960
1777335868.475184,-1.069660,0.752374,2.157209,-3.094855,0.101920,0.002789,-0.009952,0.284570,-1.092302,0.748624,2.156562,-3.058433,-0.102986,-0.008584,-0.009897,0.297666,0.009225,0.038910,-0.010363,0.146900
1777335868.508507,-1.072345,0.752187,2.156898,-3.084759,0.100470,0.002741,-0.009956,0.285704,-1.095722,0.748304,2.156231,-3.048490,-0.102622,-0.009582,-0.009935,0.298270,0.009530,0.039098,-0.010408,0.147749
1777335868.541825,-1.076824,0.751818,2.156743,-3.074846,0.101238,0.002784,-0.009778,0.287138,-1.099128,0.747952,2.155899,-3.038506,-0.102257,-0.010579,-0.009973,0.299527,0.009739,0.039246,-0.010489,0.148554
1777335868.575281,-1.079259,0.751599,2.156191,-3.064886,0.099747,0.002733,-0.010101,0.289031,-1.102530,0.747565,2.155564,-3.028448,-0.101890,-0.011578,-0.010011,0.301733,0.010043,0.039430,-0.010522,0.149341
1777335868.608562,-1.083862,0.751126,2.155882,-3.054736,0.100285,0.002769,-0.010071,0.288147,-1.105913,0.747146,2.155229,-3.018363,-0.101523,-0.012574,-0.010050,0.302549,0.010241,0.039560,-0.010560,0.150091
1777335868.641830,-1.086075,0.750881,2.155748,-3.044821,0.098810,0.002720,-0.009889,0.291519,-1.109275,0.746695,2.154894,-3.008262,-0.101155,-0.013568,-0.010088,0.303028,0.010557,0.039744,-0.010639,0.150886
1777335868.675279,-1.090361,0.750352,2.155194,-3.034667,0.099580,0.002765,-0.010213,0.294080,-1.112639,0.746209,2.154556,-2.998075,-0.100785,-0.014565,-0.010126,0.305627,0.010787,0.039874,-0.010671,0.151609
1777335868.708504,-1.092626,0.750055,2.154911,-3.024574,0.098324,0.002722,-0.010221,0.298520,-1.115988,0.745690,2.154217,-2.987858,-0.100414,-0.015560,-0.010164,0.306506,0.011127,0.040063,-0.010714,0.152408
1777335868.741847,-1.097674,0.749326,2.154706,-3.013933,0.098440,0.002749,-0.009965,0.292699,-1.119320,0.745139,2.153877,-2.977614,-0.100042,-0.016553,-0.010202,0.307316,0.011310,0.040147,-0.010785,0.152981
1777335868.775212,-1.099889,0.748987,2.154129,-3.003835,0.096380,0.002681,-0.010269,0.291384,-1.122672,0.744549,2.153533,-2.967234,-0.099666,-0.017556,-0.010240,0.311410,0.011619,0.040305,-0.010804,0.153617
1777335868.808504,-1.104242,0.748262,2.153831,-2.993501,0.096635,0.002713,-0.010200,0.289690,-1.125951,0.743936,2.153194,-2.957010,-0.099295,-0.018539,-0.010278,0.306726,0.011840,0.040395,-0.010834,0.154365
1777335868.841868,-1.104242,0.748262,2.153831,-2.993501,0.096635,0.002713,-0.010200,0.289690,-1.129252,0.743285,2.152849,-2.946645,-0.098920,-0.019532,-0.010316,0.310946,0.012377,0.040713,-0.010935,0.159485
1777335868.875185,-1.107242,0.747735,2.153642,-2.982896,0.094032,0.002645,-0.009882,0.282750,-1.132535,0.742601,2.152504,-2.936267,-0.098543,-0.020523,-0.010354,0.311335,0.012909,0.041040,-0.011063,0.163865
1777335868.908502,-1.111414,0.746943,2.153047,-2.972611,0.093602,0.002659,-0.010136,0.278709,-1.135810,0.741883,2.152158,-2.925844,-0.098165,-0.021514,-0.010392,0.312686,0.013324,0.041282,-0.011134,0.167634
1777335868.941838,-1.112898,0.746646,2.152829,-2.962605,0.092043,0.002613,-0.010100,0.288360,-1.139063,0.741135,2.151811,-2.915428,-0.097788,-0.022501,-0.010430,0.312488,0.013900,0.041654,-0.011230,0.171056
1777335868.975183,-1.116945,0.745790,2.152681,-2.951436,0.092675,0.002665,-0.009897,0.293069,-1.142328,0.740347,2.151460,-2.904910,-0.097406,-0.023495,-0.010468,0.315518,0.014359,0.041929,-0.011362,0.173608
1777335869.008494,-1.119249,0.745283,2.152087,-2.940005,0.091061,0.002615,-0.010230,0.296196,-1.145568,0.739530,2.151109,-2.894409,-0.097024,-0.024483,-0.010506,0.315034,0.014896,0.042272,-0.011439,0.175453
1777335869.041935,-1.123174,0.744363,2.151804,-2.928546,0.091977,0.002673,-0.010223,0.304437,-1.148841,0.738667,2.150752,-2.883737,-0.096636,-0.025486,-0.010544,0.320167,0.015331,0.042522,-0.011526,0.176573
1777335869.075275,-1.125552,0.743785,2.151637,-2.916493,0.090573,0.002627,-0.010027,0.308844,-1.151988,0.737802,2.150406,-2.873424,-0.096261,-0.026451,-0.010581,0.309405,0.015847,0.042844,-0.011649,0.177074
1777335869.108486,-1.129627,0.742734,2.151043,-2.904504,0.091497,0.002679,-0.010387,0.315330,-1.155182,0.736888,2.150052,-2.862895,-0.095877,-0.027435,-0.010619,0.315866,0.016236,0.043031,-0.011715,0.176424
1777335869.141856,-1.131962,0.742111,2.150718,-2.892258,0.090140,0.002629,-0.010384,0.319662,-1.158383,0.735935,2.149695,-2.852291,-0.095490,-0.028423,-0.010657,0.318125,0.016717,0.043290,-0.011785,0.175340
1777335869.175279,-1.136256,0.740897,2.150544,-2.879959,0.090861,0.002670,-0.010165,0.321472,-1.161562,0.734952,2.149338,-2.841709,-0.095103,-0.029407,-0.010694,0.317449,0.017055,0.043403,-0.011890,0.173777
1777335869.208498,-1.138151,0.740344,2.149975,-2.868189,0.089878,0.002626,-0.010551,0.332867,-1.164679,0.733952,2.148984,-2.831282,-0.094720,-0.030374,-0.010732,0.312817,0.017547,0.043646,-0.011947,0.171958
1777335869.241828,-1.142437,0.739025,2.149618,-2.855797,0.090756,0.002667,-0.010562,0.334498,-1.167825,0.732907,2.148625,-2.820710,-0.094332,-0.031353,-0.010769,0.317154,0.017880,0.043714,-0.012001,0.169462
1777335869.275180,-1.144954,0.738226,2.149418,-2.843702,0.088965,0.002595,-0.010323,0.330999,-1.170968,0.731825,2.148264,-2.810098,-0.093941,-0.032334,-0.010807,0.318363,0.018300,0.043847,-0.012087,0.166888
1777335869.308488,-1.148723,0.736969,2.148814,-2.832338,0.089931,0.002632,-0.010706,0.335639,-1.174088,0.730714,2.147902,-2.799522,-0.093551,-0.033310,-0.010844,0.317266,0.018636,0.043881,-0.012119,0.164511
1777335869.341810,-1.151015,0.736183,2.148467,-2.820673,0.088552,0.002572,-0.010707,0.335303,-1.177183,0.729575,2.147541,-2.788990,-0.093161,-0.034281,-0.010882,0.315968,0.019088,0.044012,-0.012154,0.162086
1777335869.375283,-1.154796,0.734827,2.148315,-2.809623,0.089669,0.002616,-0.010531,0.339316,-1.180306,0.728388,2.147173,-2.778319,-0.092764,-0.035264,-0.010920,0.320137,0.019439,0.044023,-0.012232,0.159885
1777335869.408496,-1.156915,0.734049,2.147695,-2.798630,0.088786,0.002570,-0.010941,0.342781,-1.183358,0.727191,2.146811,-2.767856,-0.092374,-0.036226,-0.010957,0.313891,0.019933,0.044165,-0.012255,0.158144
1777335869.441873,-1.161206,0.732400,2.147315,-2.787555,0.089721,0.002606,-0.010947,0.338662,-1.186423,0.725952,2.146445,-2.757310,-0.091980,-0.037196,-0.010994,0.316385,0.020237,0.044099,-0.012275,0.156337
1777335869.475442,-1.163899,0.731340,2.147086,-2.776677,0.087483,0.002519,-0.010641,0.327727,-1.189492,0.724672,2.146075,-2.746712,-0.091582,-0.038169,-0.011032,0.317925,0.020614,0.044090,-0.012325,0.154875
1777335869.508512,-1.163899,0.731340,2.147086,-2.776677,0.087483,0.002519,-0.010641,0.327727,-1.192513,0.723376,2.145708,-2.736251,-0.091188,-0.039129,-0.011069,0.313816,0.021429,0.044531,-0.012449,0.158588
1777335869.541857,-1.168124,0.729602,2.146403,-2.766204,0.086950,0.002501,-0.010873,0.315907,-1.195569,0.722026,2.145334,-2.725638,-0.090787,-0.040103,-0.011107,0.318404,0.022001,0.044727,-0.012503,0.161695
1777335869.575207,-1.170378,0.728650,2.146033,-2.755974,0.084203,0.002412,-0.010728,0.305347,-1.198559,0.720668,2.144966,-2.715229,-0.090391,-0.041058,-0.011144,0.312281,0.022672,0.045025,-0.012556,0.164724
1777335869.608528,-1.170378,0.728650,2.146033,-2.755974,0.084203,0.002412,-0.010728,0.305347,-1.201558,0.719268,2.144593,-2.704758,-0.089992,-0.042019,-0.011181,0.314127,0.023744,0.045746,-0.012683,0.171815
1777335869.641830,-1.174265,0.726940,2.145862,-2.745703,0.083459,0.002406,-0.010323,0.295334,-1.204543,0.717836,2.144219,-2.694311,-0.089592,-0.042978,-0.011218,0.313389,0.024572,0.046228,-0.012846,0.177986
1777335869.675172,-1.175877,0.726214,2.145265,-2.735586,0.081945,0.002359,-0.010677,0.297608,-1.207526,0.716366,2.143843,-2.683851,-0.089189,-0.043938,-0.011256,0.313813,0.025547,0.046866,-0.012955,0.183337
1777335869.708451,-1.179631,0.724458,2.144934,-2.724533,0.082799,0.002424,-0.010646,0.299393,-1.210462,0.714882,2.143469,-2.673533,-0.088789,-0.044886,-0.011293,0.309553,0.026302,0.047283,-0.013069,0.187606
1777335869.741819,-1.185490,0.721589,2.144011,-2.701013,0.084005,0.002561,-0.011075,0.311349,-1.213410,0.713353,2.143092,-2.663155,-0.088386,-0.045839,-0.011330,0.311333,0.026503,0.047119,-0.013064,0.185173
1777335869.775251,-1.187322,0.720651,2.143729,-2.688350,0.083214,0.002544,-0.011062,0.324964,-1.216353,0.711788,2.142711,-2.652775,-0.087980,-0.046794,-0.011367,0.311403,0.026930,0.047153,-0.013081,0.182179
1777335869.808493,-1.191160,0.718612,2.143562,-2.675288,0.084620,0.002658,-0.010854,0.333390,-1.219267,0.710199,2.142332,-2.642486,-0.087575,-0.047741,-0.011404,0.308657,0.027183,0.046983,-0.013143,0.178496
1777335869.841806,-1.193376,0.717410,2.142856,-2.662519,0.083656,0.002630,-0.011289,0.336968,-1.222175,0.708575,2.141950,-2.632202,-0.087168,-0.048689,-0.011441,0.308528,0.027588,0.046934,-0.013136,0.174254
1777335869.875186,-1.197193,0.715263,2.142497,-2.650281,0.084994,0.002725,-0.011297,0.340422,-1.225066,0.706921,2.141568,-2.621963,-0.086761,-0.049633,-0.011478,0.307155,0.027809,0.046676,-0.013136,0.169879
1777335869.908493,-1.199385,0.714007,2.142299,-2.638260,0.083916,0.002690,-0.011077,0.340064,-1.227936,0.705240,2.141185,-2.611793,-0.086354,-0.050573,-0.011515,0.305100,0.028196,0.046555,-0.013177,0.165447
1777335869.941862,-1.202845,0.711955,2.141649,-2.627028,0.085464,0.002781,-0.011520,0.347047,-1.230809,0.703518,2.140799,-2.601602,-0.085943,-0.051516,-0.011552,0.305748,0.028455,0.046286,-0.013162,0.161291
1777335869.975172,-1.204936,0.710696,2.141275,-2.615704,0.084848,0.002758,-0.011577,0.349349,-1.233671,0.701763,2.140411,-2.591440,-0.085532,-0.052458,-0.011589,0.304843,0.028897,0.046175,-0.013152,0.157438
1777335870.008455,-1.209068,0.708122,2.141037,-2.604576,0.086078,0.002833,-0.011346,0.342997,-1.236496,0.699991,2.140025,-2.581408,-0.085122,-0.053389,-0.011626,0.300971,0.029049,0.045772,-0.013176,0.153875
1777335870.041837,-1.211230,0.706753,2.140290,-2.594116,0.084765,0.002782,-0.011767,0.336127,-1.239318,0.698182,2.139637,-2.571382,-0.084710,-0.054322,-0.011663,0.300782,0.029385,0.045526,-0.013127,0.150715
1777335870.075201,-1.214599,0.704547,2.139972,-2.584340,0.086252,0.002866,-0.011774,0.337433,-1.242132,0.696337,2.139246,-2.561377,-0.084297,-0.055254,-0.011700,0.300146,0.029597,0.045151,-0.013098,0.148327
1777335870.108500,-1.216551,0.703252,2.139793,-2.574462,0.085639,0.002845,-0.011595,0.337097,-1.244930,0.694463,2.138855,-2.551430,-0.083882,-0.056184,-0.011736,0.298399,0.030035,0.044979,-0.013116,0.146526
1777335870.141848,-1.220160,0.700782,2.139106,-2.564827,0.087271,0.002938,-0.012031,0.335298,-1.247717,0.692556,2.138462,-2.541526,-0.083467,-0.057111,-0.011773,0.297129,0.030259,0.044605,-0.013075,0.145271
1777335870.175177,-1.222281,0.699311,2.138720,-2.555343,0.086612,0.002917,-0.012061,0.331118,-1.250478,0.690626,2.138069,-2.531710,-0.083052,-0.058032,-0.011810,0.294489,0.030666,0.044395,-0.013040,0.144539
1777335870.208544,-1.225871,0.696744,2.138528,-2.546137,0.088260,0.003017,-0.011871,0.328372,-1.253237,0.688659,2.137673,-2.521908,-0.082634,-0.058954,-0.011847,0.294049,0.030847,0.043980,-0.013052,0.144288
1777335870.241874,-1.227942,0.695245,2.137828,-2.536891,0.087624,0.002998,-0.012300,0.324698,-1.255971,0.686667,2.137278,-2.512193,-0.082217,-0.059870,-0.011883,0.291447,0.031230,0.043747,-0.013002,0.144484
1777335870.275157,-1.231403,0.692661,2.137476,-2.527823,0.089364,0.003108,-0.012328,0.324165,-1.258717,0.684627,2.136878,-2.502445,-0.081796,-0.060792,-0.011920,0.292445,0.031405,0.043332,-0.012967,0.145023
1777335870.308492,-1.233720,0.690912,2.137239,-2.518320,0.088450,0.003086,-0.012090,0.317063,-1.261415,0.682581,2.136482,-2.492872,-0.081379,-0.061700,-0.011957,0.287179,0.031720,0.043045,-0.012971,0.145776
1777335870.341842,-1.237252,0.688163,2.136555,-2.509215,0.090007,0.003193,-0.012488,0.314249,-1.264112,0.680495,2.136082,-2.483310,-0.080958,-0.062610,-0.011993,0.286867,0.031799,0.042554,-0.012917,0.146601
1777335870.375164,-1.239127,0.686685,2.136206,-2.499974,0.089399,0.003183,-0.012496,0.314135,-1.266799,0.678376,2.135681,-2.473790,-0.080537,-0.063518,-0.012030,0.285597,0.032147,0.042300,-0.012880,0.147572
1777335870.408444,-1.242835,0.683682,2.135992,-2.490366,0.090901,0.003296,-0.012253,0.310275,-1.269467,0.676230,2.135279,-2.464345,-0.080115,-0.064422,-0.012066,0.283358,0.032187,0.041788,-0.012887,0.148442
1777335870.441805,-1.248542,0.678928,2.135102,-2.471328,0.092487,0.003462,-0.012485,0.310784,-1.272129,0.674048,2.134875,-2.454933,-0.079691,-0.065325,-0.012103,0.282361,0.031355,0.040544,-0.012795,0.144906
1777335870.475178,-1.248542,0.678928,2.135102,-2.471328,0.092487,0.003462,-0.012485,0.310784,-1.274780,0.671833,2.134469,-2.445570,-0.079265,-0.066227,-0.012139,0.280881,0.031516,0.040137,-0.012796,0.146272
1777335870.508522,-1.254481,0.673781,2.133967,-2.451698,0.093777,0.003631,-0.012911,0.309237,-1.277409,0.669596,2.134063,-2.436299,-0.078840,-0.067123,-0.012176,0.278153,0.030665,0.038904,-0.012650,0.142873
1777335870.541832,-1.256042,0.672377,2.133655,-2.442110,0.092346,0.003588,-0.012809,0.307021,-1.280005,0.667344,2.133658,-2.427153,-0.078417,-0.068010,-0.012212,0.274379,0.030351,0.038095,-0.012535,0.139912
1777335870.575170,-1.259258,0.669454,2.133503,-2.432592,0.093684,0.003681,-0.012531,0.306537,-1.282609,0.665043,2.133249,-2.417990,-0.077990,-0.068901,-0.012248,0.274884,0.029934,0.037200,-0.012483,0.137269
1777335870.608508,-1.261048,0.667805,2.132841,-2.423254,0.092752,0.003644,-0.012882,0.304750,-1.285191,0.662720,2.132840,-2.408920,-0.077563,-0.069787,-0.012285,0.272101,0.029921,0.036624,-0.012385,0.135124
1777335870.641795,-1.264376,0.664698,2.132493,-2.414197,0.094259,0.003713,-0.012832,0.302479,-1.287762,0.660364,2.132430,-2.399902,-0.077134,-0.070670,-0.012321,0.270524,0.029713,0.035903,-0.012310,0.133382
1777335870.675324,-1.266161,0.663013,2.132320,-2.405401,0.093543,0.003671,-0.012596,0.301011,-1.290327,0.657972,2.132017,-2.390922,-0.076704,-0.071553,-0.012357,0.269397,0.029882,0.035480,-0.012292,0.132113
1777335870.708488,-1.269406,0.659901,2.131684,-2.396751,0.095243,0.003723,-0.012941,0.299958,-1.292868,0.655559,2.131604,-2.382038,-0.076274,-0.072430,-0.012393,0.266542,0.029845,0.034914,-0.012232,0.131307
1777335870.741824,-1.271377,0.657988,2.131315,-2.388071,0.094478,0.003667,-0.012896,0.295708,-1.295392,0.653119,2.131190,-2.373228,-0.075844,-0.073303,-0.012429,0.264275,0.030093,0.034573,-0.012188,0.130774
1777335870.775188,-1.274942,0.654472,2.131109,-2.379502,0.095859,0.003684,-0.012588,0.289000,-1.297906,0.650646,2.130774,-2.364471,-0.075412,-0.074174,-0.012466,0.262737,0.029986,0.033983,-0.012194,0.130500
1777335870.808472,-1.276547,0.652875,2.130505,-2.371342,0.095128,0.003619,-0.012915,0.288618,-1.300426,0.648124,2.130354,-2.355709,-0.074976,-0.075048,-0.012502,0.262837,0.030316,0.033727,-0.012164,0.130624
1777335870.841828,-1.279969,0.649401,2.130138,-2.362760,0.096586,0.003627,-0.012834,0.283989,-1.302890,0.645616,2.129940,-2.347160,-0.074546,-0.075905,-0.012538,0.256472,0.030320,0.033253,-0.012149,0.130940
1777335870.875219,-1.281801,0.647522,2.129958,-2.354362,0.095549,0.003545,-0.012543,0.279803,-1.305370,0.643047,2.129519,-2.338570,-0.074110,-0.076769,-0.012574,0.257699,0.030652,0.033023,-0.012188,0.131189
1777335870.908481,-1.285118,0.644058,2.129303,-2.345906,0.096923,0.003536,-0.012827,0.275772,-1.307821,0.640464,2.129100,-2.330097,-0.073676,-0.077625,-0.012610,0.254186,0.030674,0.032592,-0.012179,0.131608
1777335870.941885,-1.286741,0.642348,2.128997,-2.337554,0.096086,0.003458,-0.012755,0.275745,-1.310251,0.637860,2.128680,-2.321712,-0.073242,-0.078475,-0.012646,0.251559,0.031113,0.032462,-0.012197,0.132008
1777335870.975211,-1.289738,0.639131,2.128846,-2.329090,0.097820,0.003458,-0.012516,0.278211,-1.312688,0.635205,2.128255,-2.313322,-0.072803,-0.079329,-0.012682,0.251709,0.031326,0.032190,-0.012272,0.132325
1777335871.008467,-1.291462,0.637261,2.128236,-2.320468,0.097366,0.003387,-0.012848,0.280453,-1.315100,0.632532,2.127832,-2.305035,-0.072365,-0.080176,-0.012718,0.248603,0.031887,0.032166,-0.012307,0.132588
1777335871.041855,-1.294679,0.633707,2.127883,-2.311695,0.099156,0.003370,-0.012806,0.280356,-1.317512,0.629815,2.127404,-2.296767,-0.071925,-0.081025,-0.012754,0.248029,0.032088,0.031916,-0.012357,0.132583
1777335871.075153,-1.296664,0.631486,2.127672,-2.302797,0.098218,0.003269,-0.012516,0.276488,-1.319893,0.627089,2.126978,-2.288623,-0.071486,-0.081864,-0.012789,0.244326,0.032525,0.031832,-0.012452,0.132360
1777335871.108512,-1.299974,0.627721,2.126997,-2.294017,0.099615,0.003215,-0.012801,0.272744,-1.322246,0.624350,2.126553,-2.280590,-0.071049,-0.082694,-0.012825,0.241011,0.032560,0.031496,-0.012492,0.131847
1777335871.141843,-1.301822,0.625592,2.126638,-2.285149,0.098142,0.003090,-0.012649,0.267737,-1.324595,0.621571,2.126125,-2.272589,-0.070609,-0.083525,-0.012861,0.240024,0.032906,0.031363,-0.012546,0.131006
1777335871.175156,-1.304800,0.622109,2.126499,-2.276534,0.099522,0.003032,-0.012329,0.267299,-1.326952,0.618737,2.125692,-2.264577,-0.070164,-0.084361,-0.012897,0.240361,0.032993,0.031075,-0.012659,0.130061
1777335871.208535,-1.306412,0.620200,2.125859,-2.267794,0.098531,0.002924,-0.012642,0.267342,-1.329258,0.615920,2.125264,-2.256757,-0.069725,-0.085179,-0.012932,0.234591,0.033509,0.031058,-0.012725,0.129019
1777335871.241882,-1.309291,0.616735,2.125544,-2.259194,0.100215,0.002867,-0.012587,0.269938,-1.331573,0.613047,2.124831,-2.248924,-0.069281,-0.086002,-0.012968,0.234986,0.033753,0.030880,-0.012812,0.127681
1777335871.275203,-1.310970,0.614690,2.125367,-2.250498,0.099547,0.002763,-0.012343,0.270849,-1.333866,0.610154,2.124398,-2.241180,-0.068837,-0.086819,-0.013003,0.232310,0.034358,0.030923,-0.012948,0.126253
1777335871.308495,-1.313966,0.610980,2.124712,-2.241934,0.101320,0.002687,-0.012688,0.271412,-1.336150,0.607227,2.123962,-2.233484,-0.068392,-0.087634,-0.013039,0.230879,0.034600,0.030757,-0.013033,0.124673
1777335871.341887,-1.315734,0.608764,2.124342,-2.233372,0.100524,0.002567,-0.012637,0.269548,-1.338407,0.604290,2.123528,-2.225898,-0.067948,-0.088441,-0.013074,0.227601,0.035153,0.030775,-0.013128,0.122985
1777335871.375189,-1.318945,0.604668,2.124137,-2.224909,0.101984,0.002458,-0.012320,0.265100,-1.340662,0.601308,2.123090,-2.218332,-0.067501,-0.089249,-0.013110,0.226978,0.035212,0.030512,-0.013266,0.121143
1777335871.408494,-1.320600,0.602538,2.123435,-2.216707,0.100781,0.002322,-0.012658,0.261421,-1.342894,0.598312,2.122653,-2.210862,-0.067055,-0.090049,-0.013145,0.224106,0.035671,0.030477,-0.013344,0.119363
1777335871.441849,-1.323615,0.598583,2.123078,-2.208611,0.102152,0.002205,-0.012550,0.257705,-1.345113,0.595285,2.122214,-2.203449,-0.066607,-0.090846,-0.013181,0.222387,0.035730,0.030222,-0.013435,0.117570
1777335871.475154,-1.325095,0.596627,2.122920,-2.200796,0.101168,0.002083,-0.012273,0.256589,-1.347320,0.592227,2.121773,-2.196090,-0.066158,-0.091641,-0.013216,0.220759,0.036278,0.030237,-0.013580,0.115904
1777335871.508503,-1.327990,0.592721,2.122222,-2.192988,0.102758,0.001968,-0.012638,0.254492,-1.349509,0.589149,2.121331,-2.188810,-0.065710,-0.092430,-0.013252,0.218404,0.036450,0.030051,-0.013665,0.114329
1777335871.541853,-1.329563,0.590578,2.121858,-2.185363,0.101873,0.001844,-0.012597,0.252351,-1.351691,0.586032,2.120887,-2.181565,-0.065258,-0.093218,-0.013287,0.217353,0.037035,0.030087,-0.013763,0.112854
1777335871.575163,-1.332353,0.586713,2.121680,-2.177918,0.103631,0.001731,-0.012347,0.251392,-1.353842,0.582911,2.120445,-2.174436,-0.064810,-0.093996,-0.013322,0.213854,0.037273,0.029944,-0.013911,0.111570
1777335871.608445,-1.333966,0.584455,2.120959,-2.170479,0.102879,0.001606,-0.012755,0.249105,-1.355992,0.579746,2.119999,-2.167328,-0.064357,-0.094775,-0.013357,0.213250,0.037879,0.029993,-0.013994,0.110321
1777335871.641822,-1.336832,0.580369,2.120576,-2.163187,0.104636,0.001483,-0.012722,0.246539,-1.358117,0.576568,2.119553,-2.160313,-0.063906,-0.095546,-0.013393,0.210447,0.038055,0.029827,-0.014086,0.109246
1777335871.675191,-1.338305,0.578256,2.120396,-2.156098,0.104056,0.001368,-0.012503,0.246308,-1.360245,0.573339,2.119103,-2.153305,-0.063451,-0.096319,-0.013428,0.210252,0.038690,0.029893,-0.014229,0.108299
1777335871.708500,-1.341038,0.574249,2.119682,-2.148990,0.106022,0.001254,-0.012934,0.245879,-1.362335,0.570118,2.118656,-2.146431,-0.063000,-0.097080,-0.013463,0.206199,0.038940,0.029772,-0.014310,0.107529
1777335871.741944,-1.342759,0.571694,2.119254,-2.141797,0.105253,0.001128,-0.012923,0.241810,-1.364419,0.566858,2.118206,-2.139590,-0.062546,-0.097840,-0.013498,0.205257,0.039467,0.029788,-0.014391,0.106683
1777335871.775178,-1.345625,0.567366,2.119041,-2.134821,0.106980,0.000999,-0.012648,0.237976,-1.366494,0.563563,2.117754,-2.132791,-0.062090,-0.098598,-0.013533,0.203960,0.039501,0.029569,-0.014517,0.105950
1777335871.808467,-1.347132,0.565072,2.118286,-2.127934,0.106122,0.000880,-0.013085,0.235375,-1.368550,0.560249,2.117302,-2.126063,-0.061634,-0.099350,-0.013568,0.201835,0.039988,0.029568,-0.014575,0.105319
1777335871.841861,-1.349738,0.561025,2.117912,-2.121136,0.108020,0.000768,-0.013082,0.235119,-1.370585,0.556919,2.116849,-2.119415,-0.061179,-0.100095,-0.013603,0.199429,0.040123,0.029403,-0.014646,0.104754
1777335871.875218,-1.351390,0.558427,2.117677,-2.114128,0.107136,0.000651,-0.012818,0.231320,-1.372615,0.553548,2.116393,-2.112795,-0.060721,-0.100840,-0.013638,0.198618,0.040578,0.029389,-0.014759,0.104099
1777335871.908503,-1.353922,0.554381,2.116950,-2.107486,0.109098,0.000542,-0.013272,0.231796,-1.374631,0.550150,2.115936,-2.106230,-0.060261,-0.101580,-0.013673,0.196957,0.040705,0.029227,-0.014811,0.103571
1777335871.941867,-1.355702,0.551494,2.116471,-2.100419,0.107932,0.000418,-0.013227,0.226071,-1.376619,0.546749,2.115480,-2.099765,-0.059805,-0.102312,-0.013708,0.193949,0.041062,0.029170,-0.014857,0.102898
1777335871.975176,-1.358803,0.546372,2.116213,-2.093530,0.108896,0.000268,-0.012796,0.218046,-1.378593,0.543321,2.115023,-2.093351,-0.059347,-0.103040,-0.013743,0.192400,0.040673,0.028780,-0.014942,0.102086
1777335872.008505,-1.358803,0.546372,2.116213,-2.093530,0.108896,0.000268,-0.012796,0.218046,-1.380557,0.539861,2.114564,-2.086981,-0.058887,-0.103764,-0.013777,0.191106,0.041818,0.029080,-0.015118,0.104290
1777335872.041860,-1.360471,0.543610,2.115439,-2.086822,0.106956,0.000137,-0.013064,0.211071,-1.382500,0.536387,2.114104,-2.080685,-0.058428,-0.104482,-0.013812,0.188895,0.043096,0.029445,-0.015219,0.105979
1777335872.075182,-1.363044,0.539222,2.115005,-2.080176,0.107548,0.000017,-0.012934,0.205684,-1.384431,0.532881,2.113643,-2.074431,-0.057967,-0.105197,-0.013847,0.187599,0.043802,0.029563,-0.015321,0.107185
1777335872.108477,-1.364210,0.537218,2.114830,-2.073588,0.105769,-0.000073,-0.012596,0.203400,-1.386346,0.529355,2.113181,-2.068239,-0.057506,-0.105907,-0.013881,0.185764,0.045054,0.029914,-0.015477,0.108008
1777335872.141849,-1.366565,0.533097,2.114062,-2.066792,0.107274,-0.000176,-0.013043,0.204374,-1.388248,0.525799,2.112716,-2.062092,-0.057044,-0.106613,-0.013916,0.184404,0.045864,0.030077,-0.015562,0.108365
1777335872.175198,-1.367932,0.530676,2.113637,-2.059658,0.106135,-0.000267,-0.013017,0.204268,-1.390135,0.522221,2.112251,-2.056001,-0.056581,-0.107314,-0.013951,0.182740,0.047039,0.030388,-0.015651,0.108166
1777335872.208484,-1.370443,0.526136,2.113429,-2.052496,0.107880,-0.000371,-0.012728,0.204942,-1.392007,0.518618,2.111785,-2.049961,-0.056117,-0.108011,-0.013985,0.181198,0.047620,0.030451,-0.015789,0.107449
1777335872.241824,-1.371743,0.523764,2.112627,-2.045312,0.107083,-0.000457,-0.013228,0.207259,-1.393861,0.514997,2.111318,-2.043982,-0.055653,-0.108702,-0.014020,0.179373,0.048638,0.030684,-0.015851,0.106268
1777335872.275182,-1.373952,0.519645,2.112253,-2.038277,0.109352,-0.000541,-0.013280,0.214992,-1.395705,0.511343,2.110848,-2.038040,-0.055188,-0.109390,-0.014054,0.178262,0.049272,0.030758,-0.015930,0.104734
1777335872.308508,-1.375427,0.516858,2.112001,-2.030835,0.109013,-0.000627,-0.013083,0.217066,-1.397525,0.507681,2.110380,-2.032174,-0.054724,-0.110071,-0.014089,0.175974,0.050168,0.030926,-0.016049,0.102729
1777335872.341839,-1.378243,0.511417,2.111069,-2.023451,0.110927,-0.000748,-0.013573,0.213550,-1.399340,0.503976,2.109907,-2.026328,-0.054256,-0.110750,-0.014123,0.175373,0.050143,0.030735,-0.016067,0.100283
1777335872.375274,-1.379568,0.508836,2.110643,-2.016529,0.109944,-0.000835,-0.013543,0.212455,-1.401139,0.500249,2.109434,-2.020533,-0.053788,-0.111425,-0.014158,0.173872,0.050602,0.030716,-0.016095,0.097724
1777335872.408502,-1.382353,0.503267,2.110372,-2.009452,0.111327,-0.000955,-0.013125,0.206769,-1.402915,0.496517,2.108961,-2.014814,-0.053321,-0.112091,-0.014192,0.171546,0.050188,0.030367,-0.016165,0.094951
1777335872.441815,-1.383399,0.501160,2.109579,-2.003062,0.110293,-0.001027,-0.013633,0.207704,-1.404666,0.492781,2.108490,-2.009174,-0.052857,-0.112749,-0.014226,0.169211,0.050546,0.030289,-0.016166,0.092254
1777335872.475175,-1.385926,0.495936,2.109096,-1.996408,0.111990,-0.001131,-0.013576,0.203983,-1.406411,0.489003,2.108015,-2.003551,-0.052389,-0.113405,-0.014260,0.168692,0.050199,0.029951,-0.016167,0.089470
1777335872.508547,-1.386907,0.493895,2.108941,-1.990505,0.111493,-0.001191,-0.013371,0.207862,-1.408147,0.485189,2.107537,-1.997955,-0.051918,-0.114060,-0.014295,0.167871,0.050661,0.029892,-0.016235,0.087012
1777335872.541883,-1.389218,0.488966,2.108096,-1.984333,0.113803,-0.001283,-0.013903,0.207196,-1.409861,0.481369,2.107059,-1.992430,-0.051449,-0.114706,-0.014329,0.165755,0.050557,0.029632,-0.016225,0.084691
1777335872.575171,-1.390525,0.486154,2.107636,-1.978515,0.113407,-0.001354,-0.013959,0.205432,-1.411564,0.477516,2.106580,-1.986935,-0.050978,-0.115349,-0.014363,0.164856,0.050903,0.029523,-0.016221,0.082576
1777335872.608510,-1.392872,0.480998,2.107385,-1.972904,0.115780,-0.001449,-0.013723,0.202541,-1.413245,0.473655,2.106100,-1.981506,-0.050509,-0.115985,-0.014397,0.162872,0.050613,0.029199,-0.016266,0.080756
1777335872.641844,-1.394188,0.478080,2.106515,-1.967498,0.115273,-0.001520,-0.014266,0.199134,-1.414908,0.469779,2.105621,-1.976131,-0.050039,-0.116615,-0.014431,0.161238,0.050774,0.029023,-0.016230,0.079213
1777335872.675153,-1.396663,0.472473,2.106011,-1.962172,0.117380,-0.001618,-0.014234,0.193406,-1.416563,0.465864,2.105138,-1.970776,-0.049566,-0.117242,-0.014465,0.160665,0.050142,0.028588,-0.016193,0.077923
1777335872.708463,-1.398119,0.469143,2.105730,-1.956995,0.115750,-0.001685,-0.013836,0.185771,-1.418210,0.461911,2.104651,-1.965443,-0.049091,-0.117867,-0.014499,0.159977,0.049873,0.028272,-0.016202,0.076933
1777335872.741815,-1.400295,0.464056,2.104875,-1.952160,0.117597,-0.001764,-0.014306,0.181343,-1.419819,0.457990,2.104170,-1.960224,-0.048622,-0.118479,-0.014533,0.156570,0.049154,0.027816,-0.016138,0.076331
1777335872.775177,-1.401504,0.461202,2.104423,-1.947256,0.116366,-0.001812,-0.014245,0.176675,-1.421433,0.453996,2.103682,-1.954979,-0.048146,-0.119093,-0.014567,0.157348,0.049028,0.027547,-0.016085,0.075882
1777335872.808485,-1.403530,0.456318,2.104239,-1.942560,0.118560,-0.001875,-0.013964,0.175079,-1.423013,0.450031,2.103198,-1.949840,-0.047675,-0.119695,-0.014601,0.154165,0.048538,0.027171,-0.016101,0.075798
1777335872.841851,-1.404802,0.453225,2.103355,-1.937671,0.117711,-0.001920,-0.014461,0.171394,-1.424587,0.446018,2.102710,-1.944709,-0.047200,-0.120295,-0.014634,0.153945,0.048521,0.026943,-0.016037,0.075754
1777335872.875171,-1.406852,0.448139,2.102940,-1.932992,0.120068,-0.001980,-0.014454,0.170144,-1.426148,0.441980,2.102220,-1.939611,-0.046724,-0.120891,-0.014668,0.152924,0.048037,0.026581,-0.015993,0.075924
1777335872.908486,-1.408122,0.444962,2.102687,-1.928119,0.119350,-0.002020,-0.014169,0.167177,-1.427692,0.437925,2.101729,-1.934558,-0.046248,-0.121481,-0.014702,0.151601,0.048021,0.026364,-0.016004,0.076140
1777335872.941819,-1.410391,0.439172,2.101786,-1.923255,0.121445,-0.002085,-0.014631,0.163449,-1.429221,0.433848,2.101237,-1.929543,-0.045771,-0.122066,-0.014736,0.150452,0.047251,0.025932,-0.015933,0.076363
1777335872.975129,-1.411526,0.436246,2.101350,-1.918446,0.120444,-0.002117,-0.014575,0.161195,-1.430718,0.429793,2.100749,-1.924618,-0.045299,-0.122640,-0.014769,0.147760,0.047128,0.025695,-0.015880,0.076596
1777335873.008459,-1.413541,0.430948,2.101145,-1.913595,0.122683,-0.002170,-0.014271,0.160535,-1.432214,0.425680,2.100255,-1.919685,-0.044821,-0.123214,-0.014803,0.147985,0.046484,0.025314,-0.015891,0.076726
1777335873.041861,-1.414579,0.428192,2.100352,-1.908719,0.122241,-0.002200,-0.014769,0.161843,-1.433691,0.421557,2.099761,-1.914801,-0.044344,-0.123781,-0.014836,0.146528,0.046557,0.025141,-0.015843,0.076852
1777335873.075169,-1.416634,0.422640,2.099891,-1.903660,0.124712,-0.002258,-0.014771,0.161725,-1.435155,0.417409,2.099265,-1.909947,-0.043866,-0.124343,-0.014870,0.145600,0.045990,0.024799,-0.015808,0.076812
1777335873.108459,-1.417837,0.419358,2.099634,-1.898585,0.124048,-0.002292,-0.014493,0.160516,-1.436606,0.413231,2.098766,-1.905118,-0.043386,-0.124902,-0.014903,0.144875,0.045908,0.024596,-0.015826,0.076625
1777335873.141835,-1.419921,0.413567,2.098766,-1.893520,0.126308,-0.002357,-0.014952,0.159091,-1.438030,0.409068,2.098270,-1.900363,-0.042909,-0.125450,-0.014937,0.142653,0.045132,0.024215,-0.015770,0.076311
1777335873.175172,-1.421107,0.410235,2.098294,-1.888408,0.125153,-0.002389,-0.014870,0.156803,-1.439445,0.404867,2.097771,-1.895623,-0.042430,-0.125996,-0.014970,0.142184,0.044868,0.023973,-0.015725,0.075784
1777335873.208498,-1.422859,0.405217,2.098126,-1.883563,0.127556,-0.002447,-0.014598,0.159498,-1.440844,0.400646,2.097271,-1.890916,-0.041950,-0.126536,-0.015004,0.141237,0.044291,0.023657,-0.015754,0.075248
1777335873.241849,-1.424018,0.401866,2.097270,-1.878378,0.126884,-0.002484,-0.015063,0.158881,-1.442227,0.396410,2.096769,-1.886247,-0.041469,-0.127070,-0.015037,0.140050,0.044209,0.023473,-0.015710,0.074520
1777335873.275165,-1.426090,0.395766,2.096794,-1.873285,0.129013,-0.002560,-0.014973,0.156646,-1.443596,0.392148,2.096266,-1.881604,-0.040987,-0.127600,-0.015070,0.139293,0.043322,0.023095,-0.015677,0.073647
1777335873.308463,-1.427224,0.392390,2.096550,-1.868275,0.127575,-0.002592,-0.014581,0.153783,-1.444949,0.387866,2.095761,-1.876993,-0.040505,-0.128124,-0.015103,0.138331,0.042996,0.022859,-0.015703,0.072687
1777335873.341839,-1.428969,0.387102,2.095767,-1.863510,0.129744,-0.002665,-0.015015,0.154446,-1.446278,0.383597,2.095259,-1.872447,-0.040026,-0.128639,-0.015136,0.136384,0.042292,0.022539,-0.015672,0.071746
1777335873.375161,-1.430063,0.383751,2.095302,-1.858553,0.128649,-0.002701,-0.014943,0.152696,-1.447601,0.379273,2.094751,-1.867894,-0.039541,-0.129153,-0.015170,0.136583,0.042135,0.022353,-0.015654,0.070675
1777335873.408497,-1.431876,0.378101,2.095093,-1.853834,0.130821,-0.002783,-0.014613,0.151981,-1.448897,0.374972,2.094247,-1.863416,-0.039061,-0.129656,-0.015203,0.134355,0.041431,0.022047,-0.015701,0.069673
1777335873.441839,-1.432867,0.374977,2.094270,-1.849152,0.129942,-0.002821,-0.015060,0.151216,-1.450184,0.370631,2.093739,-1.858944,-0.038578,-0.130156,-0.015236,0.134165,0.041390,0.021897,-0.015682,0.068636
1777335873.475170,-1.434583,0.369484,2.093861,-1.844616,0.132334,-0.002911,-0.015030,0.151632,-1.451464,0.366240,2.093225,-1.854470,-0.038091,-0.130655,-0.015269,0.134199,0.040856,0.021644,-0.015688,0.067701
1777335873.508485,-1.435701,0.365863,2.093596,-1.839972,0.131329,-0.002954,-0.014696,0.149002,-1.452714,0.361883,2.092717,-1.850078,-0.037608,-0.131141,-0.015302,0.131773,0.040777,0.021498,-0.015747,0.066808
1777335873.541837,-1.437534,0.359833,2.092740,-1.835544,0.133384,-0.003056,-0.015113,0.146524,-1.453945,0.357517,2.092208,-1.845723,-0.037126,-0.131621,-0.015335,0.130637,0.039979,0.021203,-0.015733,0.065934
1777335873.575159,-1.438399,0.356956,2.092346,-1.831281,0.132548,-0.003093,-0.015068,0.146341,-1.455176,0.353079,2.091692,-1.841343,-0.036638,-0.132102,-0.015368,0.131411,0.040001,0.021087,-0.015746,0.065174
1777335873.608456,-1.440158,0.351006,2.092112,-1.826915,0.134750,-0.003198,-0.014743,0.144708,-1.456370,0.348700,2.091183,-1.837064,-0.036157,-0.132568,-0.015400,0.128364,0.039358,0.020840,-0.015819,0.064536
1777335873.641908,-1.441112,0.347743,2.091275,-1.822669,0.133789,-0.003239,-0.015188,0.143041,-1.457560,0.344263,2.090669,-1.832773,-0.035672,-0.133034,-0.015433,0.128727,0.039343,0.020727,-0.015823,0.063888
1777335873.675289,-1.442751,0.342041,2.090856,-1.818517,0.136070,-0.003344,-0.015140,0.142280,-1.458734,0.339807,2.090152,-1.828507,-0.035185,-0.133493,-0.015466,0.127991,0.038776,0.020510,-0.015848,0.063386
1777335873.708510,-1.443665,0.338829,2.090634,-1.814370,0.135350,-0.003386,-0.014858,0.141536,-1.459897,0.335319,2.089633,-1.824252,-0.034696,-0.133949,-0.015499,0.127640,0.038879,0.020432,-0.015934,0.062964
1777335873.741816,-1.445334,0.332852,2.089794,-1.810230,0.137654,-0.003498,-0.015306,0.140185,-1.461032,0.330859,2.089118,-1.820066,-0.034212,-0.134394,-0.015531,0.125592,0.038306,0.020232,-0.015951,0.062617
1777335873.775154,-1.446317,0.329295,2.089322,-1.806098,0.136549,-0.003539,-0.015237,0.137712,-1.462165,0.326329,2.088595,-1.815855,-0.033721,-0.134838,-0.015564,0.126338,0.038250,0.020134,-0.015978,0.062250
1777335873.808467,-1.448047,0.322913,2.089072,-1.802003,0.138355,-0.003650,-0.014836,0.134559,-1.463268,0.321841,2.088077,-1.811721,-0.033236,-0.135272,-0.015597,0.124010,0.037385,0.019894,-0.016062,0.061979
1777335873.841832,-1.448916,0.319674,2.088209,-1.797987,0.136769,-0.003677,-0.015254,0.132161,-1.464354,0.317339,2.087559,-1.807614,-0.032750,-0.135699,-0.015629,0.123194,0.037249,0.019792,-0.016072,0.061689
1777335873.875169,-1.450314,0.314368,2.087837,-1.794101,0.138913,-0.003780,-0.015203,0.133055,-1.465431,0.312797,2.087036,-1.803509,-0.032262,-0.136122,-0.015662,0.123165,0.036788,0.019636,-0.016114,0.061477
1777335873.908445,-1.451190,0.311002,2.087604,-1.790010,0.137995,-0.003816,-0.014901,0.132306,-1.466487,0.308260,2.086515,-1.799444,-0.031775,-0.136538,-0.015694,0.121941,0.036952,0.019597,-0.016214,0.061262
1777335873.941782,-1.452684,0.305163,2.086775,-1.786023,0.140246,-0.003930,-0.015364,0.132038,-1.467535,0.303673,2.085988,-1.795372,-0.031284,-0.136951,-0.015727,0.122157,0.036513,0.019459,-0.016247,0.061034
1777335873.975166,-1.453492,0.301970,2.086341,-1.782050,0.139559,-0.003969,-0.015360,0.132355,-1.468556,0.299115,2.085465,-1.791362,-0.030797,-0.137354,-0.015759,0.120309,0.036789,0.019449,-0.016299,0.060849
1777335874.008506,-1.454984,0.295962,2.086097,-1.778029,0.141883,-0.004088,-0.015077,0.131999,-1.469566,0.294526,2.084939,-1.787359,-0.030307,-0.137753,-0.015791,0.120080,0.036368,0.019327,-0.016407,0.060586
1777335874.041824,-1.455841,0.292470,2.085226,-1.774019,0.140989,-0.004127,-0.015558,0.131054,-1.470562,0.289913,2.084411,-1.783370,-0.029817,-0.138146,-0.015823,0.119679,0.036520,0.019304,-0.016439,0.060307
1777335874.075174,-1.457342,0.286231,2.084753,-1.770017,0.143060,-0.004247,-0.015495,0.129614,-1.471540,0.285293,2.083882,-1.779409,-0.029326,-0.138533,-0.015856,0.118843,0.035915,0.019166,-0.016482,0.060007
1777335874.108502,-1.458177,0.282715,2.084504,-1.766031,0.141681,-0.004275,-0.015141,0.127781,-1.472506,0.280636,2.083349,-1.775449,-0.028833,-0.138915,-0.015888,0.118797,0.035918,0.019126,-0.016582,0.059667
1777335874.141883,-1.459494,0.277061,2.083678,-1.762174,0.143776,-0.004389,-0.015613,0.128112,-1.473447,0.276012,2.082821,-1.771548,-0.028344,-0.139288,-0.015920,0.117007,0.035472,0.019024,-0.016617,0.059376
1777335874.175177,-1.460237,0.273834,2.083230,-1.758239,0.142922,-0.004422,-0.015607,0.128429,-1.474375,0.271360,2.082289,-1.767656,-0.027853,-0.139656,-0.015952,0.116781,0.035736,0.019030,-0.016668,0.059010
1777335874.208515,-1.461604,0.267768,2.082982,-1.754294,0.145106,-0.004542,-0.015313,0.128042,-1.475292,0.266669,2.081754,-1.763762,-0.027359,-0.140019,-0.015984,0.116823,0.035312,0.018940,-0.016776,0.058622
1777335874.241870,-1.462392,0.264226,2.082081,-1.750364,0.144003,-0.004573,-0.015805,0.126908,-1.476183,0.262014,2.081223,-1.759928,-0.026870,-0.140373,-0.016016,0.115012,0.035481,0.018939,-0.016803,0.058232
1777335874.275179,-1.463756,0.257969,2.081602,-1.746473,0.145923,-0.004692,-0.015737,0.125489,-1.477064,0.257311,2.080686,-1.756084,-0.026377,-0.140723,-0.016048,0.115321,0.034891,0.018834,-0.016841,0.057769
1777335874.308497,-1.464523,0.254397,2.081345,-1.742590,0.144311,-0.004710,-0.015363,0.123450,-1.477925,0.252618,2.080151,-1.752276,-0.025885,-0.141066,-0.016080,0.114229,0.034916,0.018816,-0.016936,0.057319
1777335874.341855,-1.465597,0.249296,2.080572,-1.738981,0.146549,-0.004821,-0.015869,0.126354,-1.478781,0.247855,2.079609,-1.748440,-0.025388,-0.141406,-0.016112,0.115080,0.034745,0.018775,-0.016978,0.056947
1777335874.375198,-1.466378,0.245530,2.080049,-1.735023,0.145580,-0.004853,-0.015869,0.125347,-1.479606,0.243158,2.079074,-1.744685,-0.024897,-0.141735,-0.016144,0.112659,0.035053,0.018801,-0.017022,0.056556
1777335874.408498,-1.467650,0.239263,2.079786,-1.731249,0.147591,-0.004972,-0.015551,0.124075,-1.480419,0.238423,2.078535,-1.740927,-0.024404,-0.142059,-0.016176,0.112753,0.034586,0.018730,-0.017122,0.056091
1777335874.441833,-1.468385,0.235591,2.078835,-1.727475,0.146048,-0.004989,-0.016038,0.121932,-1.481211,0.233706,2.077998,-1.737208,-0.023914,-0.142375,-0.016207,0.111570,0.034676,0.018729,-0.017132,0.055644
1777335874.475190,-1.469643,0.229149,2.078341,-1.723753,0.147553,-0.005098,-0.015915,0.119581,-1.481996,0.228924,2.077453,-1.733463,-0.023417,-0.142688,-0.016239,0.112341,0.033963,0.018633,-0.017152,0.055177
1777335874.508497,-1.470256,0.225969,2.078121,-1.720115,0.145830,-0.005100,-0.015539,0.118248,-1.482759,0.224165,2.076912,-1.729761,-0.022924,-0.142993,-0.016271,0.111058,0.034099,0.018640,-0.017239,0.054802
1777335874.541971,-1.471431,0.219718,2.077188,-1.716447,0.147332,-0.005204,-0.015999,0.116509,-1.483504,0.219404,2.076370,-1.726082,-0.022432,-0.143291,-0.016302,0.110370,0.033534,0.018568,-0.017243,0.054407
1777335874.575180,-1.471979,0.216756,2.076758,-1.712906,0.145932,-0.005207,-0.015949,0.116457,-1.484237,0.214612,2.075825,-1.722403,-0.021936,-0.143584,-0.016334,0.110379,0.033883,0.018598,-0.017270,0.054062
1777335874.608495,-1.473058,0.210780,2.076523,-1.709310,0.147811,-0.005313,-0.015624,0.116113,-1.484951,0.209816,2.075279,-1.718743,-0.021442,-0.143870,-0.016366,0.109794,0.033630,0.018567,-0.017362,0.053755
1777335874.641859,-1.473648,0.207464,2.075622,-1.705751,0.146626,-0.005324,-0.016142,0.115764,-1.485647,0.205028,2.074735,-1.715111,-0.020948,-0.144149,-0.016397,0.108950,0.034090,0.018611,-0.017377,0.053470
1777335874.675215,-1.474714,0.201323,2.075136,-1.702204,0.148566,-0.005432,-0.016109,0.115128,-1.486331,0.200198,2.074185,-1.711470,-0.020452,-0.144423,-0.016428,0.109218,0.033848,0.018585,-0.017405,0.053189
1777335874.708515,-1.475382,0.197415,2.074838,-1.698604,0.146718,-0.005427,-0.015711,0.112644,-1.486996,0.195376,2.073637,-1.707856,-0.019956,-0.144690,-0.016460,0.108443,0.034063,0.018607,-0.017484,0.052923
1777335874.741847,-1.476344,0.191623,2.073952,-1.695205,0.148494,-0.005524,-0.016211,0.112409,-1.487644,0.190548,2.073088,-1.704258,-0.019461,-0.144950,-0.016491,0.107924,0.033792,0.018583,-0.017491,0.052716
1777335874.775182,-1.476974,0.187768,2.073408,-1.691625,0.146493,-0.005511,-0.016101,0.110030,-1.488280,0.185679,2.072534,-1.700650,-0.018962,-0.145206,-0.016523,0.108259,0.034006,0.018606,-0.017501,0.052474
1777335874.808475,-1.477974,0.181469,2.073169,-1.688184,0.147823,-0.005595,-0.015672,0.108268,-1.488894,0.180846,2.071983,-1.697087,-0.018468,-0.145452,-0.016554,0.106877,0.033530,0.018568,-0.017577,0.052298
1777335874.841849,-1.478456,0.178377,2.072253,-1.684778,0.146050,-0.005576,-0.016167,0.107604,-1.489490,0.176014,2.071433,-1.693544,-0.017974,-0.145692,-0.016585,0.106288,0.033927,0.018606,-0.017575,0.052116
1777335874.875131,-1.479318,0.172678,2.071812,-1.681396,0.147895,-0.005663,-0.016129,0.108266,-1.490073,0.171143,2.070879,-1.689991,-0.017477,-0.145927,-0.016616,0.106586,0.033854,0.018605,-0.017597,0.051957
1777335874.908461,-1.479777,0.169588,2.071587,-1.677999,0.146979,-0.005664,-0.015866,0.109583,-1.490638,0.166280,2.070325,-1.686462,-0.016981,-0.146155,-0.016647,0.105885,0.034594,0.018672,-0.017688,0.051844
1777335874.941841,-1.480603,0.163862,2.070720,-1.674606,0.149315,-0.005762,-0.016418,0.111404,-1.491188,0.161395,2.069768,-1.682933,-0.016483,-0.146377,-0.016678,0.105870,0.034794,0.018696,-0.017711,0.051732
1777335874.975180,-1.481140,0.160089,2.070184,-1.671109,0.148482,-0.005769,-0.016448,0.111166,-1.491727,0.156452,2.069205,-1.679379,-0.015981,-0.146595,-0.016709,0.106603,0.035444,0.018756,-0.017737,0.051594
1777335875.008534,-1.482027,0.153632,2.069896,-1.667679,0.150539,-0.005862,-0.016139,0.110374,-1.492239,0.151599,2.068651,-1.675906,-0.015487,-0.146802,-0.016740,0.104188,0.035264,0.018757,-0.017821,0.051500
1777335875.041910,-1.482511,0.150044,2.068935,-1.664272,0.149245,-0.005852,-0.016675,0.109541,-1.492738,0.146707,2.068093,-1.672421,-0.014991,-0.147003,-0.016771,0.104561,0.035660,0.018798,-0.017817,0.051315
1777335875.075216,-1.483366,0.143459,2.068407,-1.660840,0.150904,-0.005929,-0.016591,0.108020,-1.493224,0.141772,2.067530,-1.668920,-0.014490,-0.147200,-0.016802,0.105021,0.035185,0.018779,-0.017821,0.051136
1777335875.108525,-1.483778,0.140214,2.068171,-1.657495,0.149408,-0.005905,-0.016246,0.107638,-1.493690,0.136868,2.066970,-1.665456,-0.013994,-0.147389,-0.016833,0.103942,0.035531,0.018814,-0.017894,0.051011
1777335875.141842,-1.484519,0.134152,2.067244,-1.654122,0.151259,-0.005977,-0.016763,0.107618,-1.494137,0.131978,2.066411,-1.662015,-0.013499,-0.147570,-0.016864,0.103226,0.035255,0.018810,-0.017889,0.050854
1777335875.175183,-1.484929,0.130722,2.066746,-1.650739,0.149960,-0.005956,-0.016737,0.107411,-1.494574,0.127008,2.065843,-1.658531,-0.012996,-0.147748,-0.016895,0.104506,0.035657,0.018845,-0.017898,0.050667
1777335875.208548,-1.485638,0.124552,2.066491,-1.647378,0.151880,-0.006026,-0.016411,0.107315,-1.494989,0.122097,2.065281,-1.655101,-0.012500,-0.147916,-0.016925,0.102897,0.035403,0.018844,-0.017973,0.050547
1777335875.241855,-1.486053,0.120871,2.065509,-1.643980,0.150390,-0.005998,-0.016933,0.106335,-1.495389,0.117168,2.064717,-1.651672,-0.012002,-0.148079,-0.016956,0.102887,0.035718,0.018873,-0.017959,0.050350
1777335875.275158,-1.486767,0.114245,2.064982,-1.640605,0.151902,-0.006053,-0.016825,0.104795,-1.495775,0.112189,2.064146,-1.648219,-0.011500,-0.148236,-0.016987,0.103578,0.035165,0.018856,-0.017955,0.050150
1777335875.308471,-1.487232,0.109845,2.064644,-1.637157,0.148472,-0.005964,-0.016211,0.100969,-1.496138,0.107289,2.063584,-1.644832,-0.011006,-0.148385,-0.017017,0.101600,0.034950,0.018857,-0.018002,0.049940
1777335875.341852,-1.487806,0.104063,2.063725,-1.633965,0.149499,-0.005992,-0.016659,0.100146,-1.496488,0.102340,2.063016,-1.641422,-0.010507,-0.148528,-0.017047,0.102302,0.034345,0.018837,-0.017975,0.049724
1777335875.375163,-1.488097,0.101052,2.063271,-1.630685,0.147552,-0.005936,-0.016559,0.099992,-1.496823,0.097372,2.062445,-1.638010,-0.010007,-0.148664,-0.017078,0.102380,0.034711,0.018858,-0.017975,0.049559
1777335875.408449,-1.488618,0.095427,2.063070,-1.627461,0.149387,-0.005984,-0.016235,0.101365,-1.497139,0.092419,2.061876,-1.634617,-0.009509,-0.148794,-0.017108,0.101781,0.034690,0.018864,-0.018054,0.049445
1777335875.441871,-1.488922,0.092058,2.062144,-1.624158,0.148257,-0.005954,-0.016776,0.102008,-1.497439,0.087466,2.061306,-1.631234,-0.009011,-0.148917,-0.017138,0.101493,0.035370,0.018896,-0.018056,0.049309
1777335875.475164,-1.489469,0.085721,2.061628,-1.620864,0.150219,-0.006007,-0.016748,0.101956,-1.497723,0.082489,2.060732,-1.627842,-0.008511,-0.149034,-0.017169,0.101752,0.035270,0.018900,-0.018071,0.049165
1777335875.508492,-1.489785,0.081961,2.061338,-1.617562,0.148672,-0.005963,-0.016387,0.100991,-1.497990,0.077524,2.060160,-1.624468,-0.008012,-0.149144,-0.017199,0.101230,0.035712,0.018922,-0.018147,0.049032
1777335875.541896,-1.490274,0.075765,2.060388,-1.614345,0.150494,-0.006007,-0.016909,0.100883,-1.498240,0.072549,2.059586,-1.621094,-0.007513,-0.149247,-0.017229,0.101209,0.035480,0.018923,-0.018141,0.048913
1777335875.575233,-1.490570,0.071917,2.059836,-1.611036,0.148607,-0.005950,-0.016812,0.099413,-1.498475,0.067547,2.059008,-1.617709,-0.007011,-0.149344,-0.017260,0.101542,0.035769,0.018938,-0.018143,0.048780
1777335875.608522,-1.490570,0.071917,2.059836,-1.611036,0.148607,-0.005950,-0.016812,0.099413,-1.498692,0.062569,2.058432,-1.614347,-0.006512,-0.149434,-0.017290,0.100871,0.038242,0.019017,-0.018265,0.050148
1777335875.641918,-1.491088,0.064699,2.059482,-1.607701,0.148587,-0.005934,-0.016217,0.096021,-1.498893,0.057576,2.057853,-1.610982,-0.006012,-0.149518,-0.017320,0.100957,0.039224,0.019060,-0.018427,0.051224
1777335875.675191,-1.491279,0.061893,2.058589,-1.604619,0.146527,-0.005864,-0.016680,0.095921,-1.499076,0.052600,2.057276,-1.607633,-0.005513,-0.149594,-0.017350,0.100462,0.040982,0.019121,-0.018515,0.052191
1777335875.708486,-1.491639,0.056269,2.058154,-1.601431,0.148304,-0.005894,-0.016625,0.097449,-1.499243,0.047632,2.056699,-1.604296,-0.005016,-0.149664,-0.017380,0.100126,0.042077,0.019167,-0.018629,0.052989
1777335875.741860,-1.491870,0.052566,2.057871,-1.597978,0.146716,-0.005838,-0.016249,0.097353,-1.499393,0.042640,2.056119,-1.600946,-0.004516,-0.149728,-0.017410,0.100496,0.043490,0.019216,-0.018798,0.053522
1777335875.775194,-1.492230,0.046267,2.056902,-1.594528,0.148525,-0.005866,-0.016766,0.098020,-1.499528,0.037601,2.055532,-1.597569,-0.004011,-0.149785,-0.017440,0.101288,0.043983,0.019249,-0.018878,0.053862
1777335875.808535,-1.492412,0.042900,2.056406,-1.590993,0.147185,-0.005815,-0.016728,0.099322,-1.499645,0.032635,2.054953,-1.594246,-0.003514,-0.149835,-0.017469,0.099709,0.045069,0.019287,-0.018973,0.054025
1777335875.841869,-1.492752,0.036120,2.056115,-1.587316,0.148907,-0.005837,-0.016317,0.099345,-1.499745,0.027633,2.054369,-1.590902,-0.003014,-0.149879,-0.017499,0.100325,0.045050,0.019311,-0.019122,0.053875
